Version,Model,Ansatz,Data,Learning Rate,Number Qubits,Hidden Size,Sequence Length,Prediction Step,Batch Size,Num Parameters,MSE Testing Mean,MSE Testing Std,MSE Testing Min,MSE Testing Max,MSE Testing Median,MSE Testing Mad,MSE Validation Mean,MSE Validation Std,MSE Validation Min,MSE Validation Max,MSE Validation Median,MSE Validation Mad,MAE Testing Mean,MAE Testing Std,MAE Testing Min,MAE Testing Max,MAE Testing Median,MAE Testing Mad,MAE Validation Mean,MAE Validation Std,MAE Validation Min,MAE Validation Max,MAE Validation Median,MAE Validation Mad,Correlation Testing Mean,Correlation Testing Std,Correlation Testing Min,Correlation Testing Max,Correlation Testing Median,Correlation Testing Mad,Correlation Validation Mean,Correlation Validation Std,Correlation Validation Min,Correlation Validation Max,Correlation Validation Median,Correlation Validation Mad,Epochs to Convergance Mean,Epochs to Convergance Std,Epochs to Convergance Min,Epochs to Convergance Max,Epochs to Convergance Median,Epochs to Convergance Mad,Total Training Time Mean,Total Training Time Std,Total Training Time Min,Total Training Time Max,Total Training Time Median,Total Training Time Mad,Training Loss after 100 epochs Mean,Training Loss after 100 epochs Std,Training Loss after 100 epochs Min,Training Loss after 100 epochs Max,Training Loss after 100 epochs Median,Training Loss after 100 epochs Mad,Validation Loss after 100 epochs Mean,Validation Loss after 100 epochs Std,Validation Loss after 100 epochs Min,Validation Loss after 100 epochs Max,Validation Loss after 100 epochs Median,Validation Loss after 100 epochs Mad,Testing Loss after 100 epochs Mean,Testing Loss after 100 epochs Std,Testing Loss after 100 epochs Min,Testing Loss after 100 epochs Max,Testing Loss after 100 epochs Median,Testing Loss after 100 epochs Mad
1,lstm,layers_1,henon_1000,0.001,,8,4,1,64,402,3.665293763788213e-06,1.5405614989616105e-06,8.24742983240867e-07,5.619856437988346e-06,3.8005898659321247e-06,1.1730567166523542e-06,3.5184409796329417e-06,1.4269953050211348e-06,7.684008664909925e-07,5.535221134778112e-06,3.6392804076967877e-06,7.526833769588848e-07,0.00138541730702849,0.0003452146764860007,0.0006469642394222,0.0018797250231727,0.0014143369044176501,0.00021732738241554987,0.0013742663199081601,0.0003213780106686387,0.0006560534238815,0.0017817965708673,0.00148234586231405,0.00016873847926034992,0.9999774694442749,9.609962070447995e-06,0.999965250492096,0.9999952912330629,0.9999764859676362,6.973743438720703e-06,0.9999781548976898,8.914043514386787e-06,0.9999655485153198,0.9999953508377076,0.9999774098396301,4.649162292591491e-06,2315.2,317.445050363051,1767,2819,2227.5,218.5,50.264,6.884163275228152,38.45,61.45,50.03,5.540000000000003,0.035483612492680505,0.009523193116316253,0.0240543238818645,0.0564558841288089,0.03437528945505615,0.005154408235102898,0.03399448860436673,0.009397778565296007,0.0231642108410596,0.0551419220864772,0.032008197158575,0.00497454963624475,0.03543563950806852,0.00907524666565065,0.0254932977259159,0.0559788048267364,0.0334680471569299,0.004698095843195901
1,lstm,layers_1,henon_1000,0.001,,16,4,1,64,1314,4.1656073790363735e-06,2.1748158290495815e-06,1.4759668829356087e-06,8.31956640467979e-06,4.107346171622339e-06,1.8512870383347038e-06,3.684779835566587e-06,1.8254663884798433e-06,1.2459366871553357e-06,6.646169367741095e-06,3.818595928350987e-06,1.7804667322707246e-06,0.0014012998784891698,0.00034148349278143817,0.0008574547246098,0.0018596719019114,0.00144166289828715,0.0003327514277771499,0.0013769882207270202,0.0003362439661543223,0.0008099709521047,0.0018484272295609,0.00143654539715495,0.0003105708165094499,0.9999744653701782,1.359292255138049e-05,0.9999486804008484,0.9999910593032836,0.9999750256538391,1.1712312698419769e-05,0.9999772369861603,1.1484577728930197e-05,0.9999586939811708,0.9999920725822448,0.9999769032001495,1.0848045349176605e-05,1791.0,205.26373279271718,1542,2166,1744.0,184.0,39.849000000000004,4.411304682290718,34.49,47.7,38.565,3.5150000000000006,0.02513540649786588,0.0027036101490719514,0.0192365576513111,0.0281267846003174,0.0261309830471873,0.0018457165919244008,0.023942920379340586,0.0023305107003893885,0.0184998027980327,0.0266538113355636,0.0247829211875796,0.0012681176885962504,0.025928830355405757,0.0024359224497812913,0.0201449878513813,0.0286625698208808,0.0268227560445666,0.0012578722089529003
1,lstm,layers_1,henon_1000,0.001,,32,4,1,64,4674,4.864058951170591e-06,1.4436437843680145e-06,2.8935189675394213e-06,7.774722689646296e-06,4.656254304791219e-06,7.384810487565119e-07,4.107226345695381e-06,9.565356722616594e-07,2.378478711762e-06,5.578790023719193e-06,4.141335693930159e-06,5.896899892832153e-07,0.00149948669131841,0.00019717787582963745,0.0010814014822244,0.0017544094007462,0.00152040075045075,0.00011553848162289997,0.00145962814567605,0.00020193317376367303,0.0010089835850521,0.0017809139098972,0.0014821497607044,6.117537850514998e-05,0.9999706983566284,9.245570012077729e-06,0.999951958656311,0.9999823570251464,0.9999715983867645,5.751848220769684e-06,0.999975198507309,5.934566621489835e-06,0.9999658465385436,0.9999852776527404,0.9999748170375824,4.678964614923675e-06,1311.6,128.23743603176104,1070,1564,1300.0,67.0,33.773999999999994,5.131688221238699,26.47,45.56,32.21,2.5550000000000015,0.02121691917069253,0.003944089672143452,0.0141223602928221,0.0256843635812401,0.0217072562780231,0.0038292407523840503,0.020439909398555712,0.0035816622322039273,0.014015482738614,0.0249494165182113,0.020811654627323102,0.0031006122007966007,0.02235998958349224,0.0036924134635949297,0.0157312788069248,0.0271106921136379,0.02270551584661005,0.0030138641595840506
1,lstm,layers_1,henon_1000,0.001,,8,8,1,64,402,5.557936503919336e-06,2.375187575761564e-06,1.6864443068698165e-06,9.559990758134518e-06,5.636137530018459e-06,1.3876758657715982e-06,5.429510622434464e-06,2.334416814005035e-06,1.6308491694871918e-06,9.226778274751268e-06,5.5789737416489515e-06,1.6559903315283009e-06,0.0017020752071402502,0.0003766657234398443,0.0010094462195411,0.0022711663041263,0.0017827760893851,0.00031810440123080004,0.00168852385831991,0.00036865856254243435,0.0009997203014791,0.0022280002012848,0.0017579025588929,0.00031596590997650005,0.9999660134315491,1.4420106760002634e-05,0.9999426007270812,0.9999896287918092,0.9999653697013855,8.612871169988434e-06,0.999966275691986,1.4455884895303552e-05,0.9999433159828186,0.9999897480010986,0.9999656975269318,1.0490417480413239e-05,2239.0,351.16292515013595,1714,2875,2237.5,245.5,50.658,7.9174564097316,38.96,64.28,49.705,5.32,0.036550281820818736,0.007895106761978844,0.0243344784714281,0.0548869684338569,0.036463398952037054,0.0035743257962166965,0.03478218279778951,0.0074525181816103,0.0245926305651664,0.0528534837067127,0.03468699939548965,0.002755571156740199,0.03603464774787422,0.007360255882705849,0.0261876732110977,0.0538509786128997,0.03572288714349265,0.0030939448624849528
1,lstm,layers_1,henon_1000,0.001,,16,8,1,64,1314,4.2546155555101e-06,2.1440073694049708e-06,2.0279871932871174e-06,7.375700988632161e-06,3.194615032953152e-06,1.0410427648821496e-06,4.331213085606578e-06,2.0911523157356218e-06,2.172570702896337e-06,8.37438437883975e-06,3.4160923405579524e-06,1.2134643156969105e-06,0.00144111142726611,0.00038045827342888513,0.0010387827642261,0.0021146582439541,0.0012708787107839998,0.00022660259855914985,0.00144787054741751,0.0003465559657073822,0.0010518674971535,0.0020449359435588,0.00133815157460045,0.00028373883105815,0.9999742805957794,1.3087210665579811e-05,0.9999550580978394,0.9999879598617554,0.9999807775020599,6.377696990966797e-06,0.9999733626842499,1.3142370034502977e-05,0.9999474883079528,0.999987244606018,0.9999789595603943,7.867813110296051e-06,1606.8,193.13094003809954,1336,1993,1550.5,132.5,39.864,5.1629414097004815,32.39,48.98,39.05,5.070000000000004,0.02654980137012893,0.002565450730061259,0.0204311308450996,0.0299457507207989,0.026920309755951152,0.0016139826737343998,0.02565253209322686,0.0023249019644499855,0.0205861013382673,0.0288449823856353,0.0258696246892213,0.0016091177240014007,0.027110147476196222,0.00229972059741073,0.02203263156116,0.0304723531007766,0.0273705553263425,0.0015081092715263505
1,lstm,layers_1,henon_1000,0.001,,32,8,1,64,4674,6.483075526375614e-06,2.704112212305577e-06,3.666107431854471e-06,1.2958271327079274e-05,6.369015864038374e-06,2.2369322323356755e-06,6.3818307580731926e-06,3.216989104683127e-06,3.522867928040796e-06,1.4790482964599503e-05,6.263523800953408e-06,1.9550284378055945e-06,0.0017700158641673202,0.0003430733263550968,0.0012671734439209,0.0025097732432186,0.00173627230105915,0.00025687913876024993,0.0017785338801331297,0.00039529782293533513,0.0012250978033989,0.0026961762923747,0.0017509750905446,0.0002655813004820999,0.9999610424041748,1.6312871155444185e-05,0.9999229907989502,0.9999790191650392,0.999962329864502,1.2338161468450348e-05,0.9999613106250763,1.9464589206149554e-05,0.9999112486839294,0.9999799728393556,0.9999621510505676,1.2695789337102692e-05,1227.0,184.9502635845648,884,1586,1220.5,136.0,37.767,7.510451451144598,26.66,53.97,35.585,3.335000000000001,0.02411085427738722,0.0028904195383210023,0.0188764367252588,0.0272009916603565,0.024357910733669948,0.002194386161863803,0.02344025056809182,0.0024976942123018583,0.0189030691981315,0.0263791065663099,0.023742279969155698,0.0017559416592121523,0.024748397618532127,0.0025002358221751656,0.0200902316719293,0.0276404581964015,0.025055645965039702,0.0019435910508036475
1,lstm,layers_1,henon_1000,0.001,,8,16,1,64,402,5.380867878557183e-06,2.284758041694342e-06,9.332602530776056e-07,8.17627278593136e-06,5.858961458216072e-06,1.5803416317794472e-06,4.952397074475812e-06,2.0055343777930886e-06,8.958492685451347e-07,7.481964075850556e-06,5.241594408289529e-06,1.5244213500409387e-06,0.00168594002607273,0.00041169746336742276,0.0007688777404837,0.0021913757082074,0.0018032895168289,0.0002763278898783,0.00164634669781656,0.0003828719463017391,0.0007513706223107,0.0020924331620335,0.00173687352798875,0.0002550813369453,0.9999672174453735,1.3875546522948914e-05,0.9999502301216124,0.9999942183494568,0.9999645352363586,9.92417335515805e-06,0.9999695658683777,1.2276537043895497e-05,0.999954640865326,0.9999946355819702,0.9999677836894989,9.775161743108551e-06,2241.9,352.58515283545336,1730,2966,2154.0,223.0,58.334999999999994,10.886535031863902,44.64,86.52,54.54,3.365000000000002,0.036856169067323155,0.0074077678350777795,0.0270198503509163,0.0539705995470285,0.0361297915689647,0.00459048505872485,0.03563108686357733,0.007489348584334391,0.0262631885707378,0.0539356470108032,0.035183768719434697,0.0032652933150529515,0.03674849271774288,0.007396383732181797,0.0276316963136196,0.0548332296311855,0.03572606109082695,0.003478411585092548
1,lstm,layers_1,henon_1000,0.001,,16,16,1,64,1314,6.522336252601235e-06,4.984813244343594e-06,1.931609176608617e-06,1.7186408513225615e-05,4.602656190400012e-06,1.92800496279233e-06,6.25637778739474e-06,4.674170786042516e-06,2.1539397039305186e-06,1.6010639228625223e-05,4.448258550837636e-06,2.2419550305130542e-06,0.00173708871589036,0.0005743237826617523,0.0009620410273782,0.0028348544146865,0.0016771280788816,0.00038900546496735,0.00171704903477797,0.0005927797567407164,0.0010130327427759,0.002803660929203,0.0016304815653710998,0.00045451684854925004,0.9999604225158691,3.0732492403612564e-05,0.999893844127655,0.9999890327453612,0.9999718964099884,1.2397766113170228e-05,0.9999617516994477,2.908266986481756e-05,0.9999006986618042,0.9999870657920836,0.9999728798866272,1.4096498489324372e-05,1576.7,97.51722924693873,1391,1707,1607.0,48.5,44.792,2.772485527464481,39.62,48.48,45.71,1.4349999999999987,0.027447207672521422,0.002092581186215603,0.023844414576888,0.0299246374517679,0.0279159173369407,0.0015472486615181,0.027090098336338943,0.0016282513093365712,0.0237265788018703,0.0288227312266826,0.0274102101102471,0.0009704632684587999,0.02811484225094312,0.0015026538261346707,0.0247671492397785,0.0296260714530944,0.028605942614376448,0.0007817512378096494
1,lstm,layers_1,henon_1000,0.001,,32,16,1,64,4674,5.586690576819819e-06,2.037220425885452e-06,3.502195795590524e-06,1.0119409125763925e-05,4.6185084556782385e-06,9.78940761342528e-07,6.047144893273071e-06,2.548803921043392e-06,3.561865241863416e-06,1.2175336451036856e-05,5.100835323901265e-06,1.2907951258966936e-06,0.00166437644511457,0.00029881357640506174,0.0013268461916595,0.0022167360875755,0.0014849210856482,0.0001029777922668001,0.00172175058396529,0.0003311435889680502,0.0013671538326889,0.0023968124296516,0.0015586563386022498,0.00017736951122059984,0.9999666035175323,1.2275259318204268e-05,0.9999399781227112,0.9999790787696838,0.9999721050262451,6.854534149225433e-06,0.9999632954597473,1.5760933328906367e-05,0.9999250173568726,0.9999783635139464,0.9999691247940063,8.285045623779297e-06,1194.2,177.73001997411694,880,1440,1245.5,86.0,46.297999999999995,6.845557391476606,33.39,54.78,48.36,3.650000000000002,0.024950589574873387,0.0020362589056549317,0.0222367472946643,0.0285277683287858,0.02448638277128335,0.0015094534959644006,0.024752963893115473,0.0020595300902751285,0.0216586478054523,0.0285752397030591,0.02404748369008295,0.0013616001233458502,0.02559022381901735,0.0020160211196803535,0.0229121651500463,0.0294431820511817,0.0248004207387566,0.0012379800900816501
1,lstm,layers_2,henon_1000,0.001,,8,4,1,64,978,2.828150491041015e-06,1.569273578616332e-06,1.8537566575105304e-06,7.179308340710122e-06,2.2140179680718575e-06,2.4043947632890195e-07,2.645527047206997e-06,1.1799354903733805e-06,1.7164281871373532e-06,5.740228971262695e-06,2.1863876327188336e-06,1.3547924027079716e-07,0.00119057240081014,0.00027224923626510184,0.000943140767049,0.0018676832551136,0.0010808804072439501,6.0191261582049987e-05,0.00119631770066912,0.000244376126767104,0.000972453970462,0.0018046068726107,0.0010915243183262499,3.2629061024650016e-05,0.9999829173088074,9.62304760626968e-06,0.9999562501907348,0.999988853931427,0.9999868869781494,1.2218952178955078e-06,0.9999837398529052,7.357096701328254e-06,0.9999644160270692,0.9999891519546508,0.9999866783618926,8.046627044677734e-07,1485.4,181.47958562879737,1222,1767,1461.5,185.5,46.224000000000004,5.297377086823251,38.51,54.66,45.695,5.289999999999999,0.025402394398115542,0.015896428786829526,0.0085718841757625,0.0618275143206119,0.020834612706676102,0.006165849324315749,0.024356986209750128,0.015530140921052578,0.0080540105700492,0.0603009313344955,0.01997681148350235,0.00554984202608465,0.025720903556793868,0.015570013063712104,0.0087847746908664,0.0613427944481372,0.02161649707704775,0.00548353977501395
1,lstm,layers_2,henon_1000,0.001,,16,4,1,64,3490,3.13616579887821e-06,1.129995218421308e-06,1.824661580940301e-06,5.386145403463161e-06,2.9424597869365243e-06,6.660500275756927e-07,3.062811265408527e-06,1.2363443251512745e-06,1.7249959682885674e-06,5.730454176955391e-06,2.8645474685617955e-06,6.336583737720503e-07,0.00133487005950879,0.0002504989445859706,0.0010379387531429,0.0018221704522147,0.001340712653473,0.0002062857383862501,0.0013228710158727501,0.00027671336907184654,0.0010125298285856,0.0019306215690448,0.001298000162933,0.0001716637634672501,0.9999814331531525,6.847287057974417e-06,0.9999682307243348,0.999989092350006,0.9999835193157196,3.5166740416925357e-06,0.9999817430973053,7.516712897909423e-06,0.9999658465385436,0.9999893307685852,0.9999838769435883,2.8014183043878482e-06,931.9,115.71555643041259,813,1171,878.5,32.0,30.802,3.8265200901079823,26.55,38.12,29.314999999999998,2.394999999999998,0.008851783795398608,0.005158371778232983,0.0011244914087001,0.0196093530394136,0.00733445356599985,0.0025940204039216,0.008646647620480449,0.005001425841538721,0.0010603972477838,0.0192759204655885,0.0072324508801102,0.0027530819643289003,0.00967738339677448,0.005517601097117151,0.0011762967333197,0.0214222129434347,0.0081588649190962,0.0028605507686734004
1,lstm,layers_2,henon_1000,0.001,,32,4,1,64,13122,3.1451468316845423e-06,9.275532507934341e-07,1.7672984995442675e-06,4.745436399389291e-06,3.3712004778863047e-06,7.396588443953078e-07,2.9913043363194446e-06,9.137317289026997e-07,1.840522031670844e-06,4.807066943612881e-06,3.0171645448717754e-06,6.480056526925184e-07,0.00130412371945563,0.00020672665786462734,0.0009651913424022,0.0017184029566124,0.00133484299294645,0.00011510675540195,0.00130490654846648,0.00021305593929584163,0.0010065725073218,0.0017555331578478,0.0013158441870472501,0.0001407183590345,0.9999816417694092,5.57136064276743e-06,0.9999725222587584,0.9999903440475464,0.9999801814556122,4.023313522283356e-06,0.9999824523925781,5.520381282381673e-06,0.9999725222587584,0.9999901056289672,0.9999821782112122,4.410743713378906e-06,680.7,61.055794155837496,609,781,668.5,50.0,26.597,2.220540699919729,23.47,29.97,26.295,1.820000000000002,0.0017072198144159698,0.0018111294140670013,0.0005155891296453,0.0065672892145812,0.0009213924815412,0.00039523405284849994,0.0016271180502371398,0.0017643220308404233,0.0004415252769831,0.0062543740496039,0.0007731758523732,0.00025056218146344997,0.0018595846893730901,0.0020229732331791517,0.0004955360782332,0.007133001461625,0.00091543266898945,0.0003568068495951
1,lstm,layers_2,henon_1000,0.001,,8,8,1,64,978,4.0363787206842975e-06,1.6751324777087538e-06,1.4925557252354338e-06,7.463202564395033e-06,3.865011763082293e-06,1.2374142670523725e-06,3.783727515838109e-06,1.505229381724884e-06,1.4112586086412191e-06,6.7801529439748265e-06,3.749419079213112e-06,1.0420466196592315e-06,0.00146966235479334,0.00030121122982682214,0.0009173020953312,0.0019940647762268,0.0014989752671681,0.0002170782536268,0.00142917212797324,0.00028290168033923504,0.0009209184208884,0.0019186092540621,0.00146759406197815,0.00016285391757259985,0.9999753057956695,1.040540905502507e-05,0.9999539256095886,0.9999911785125732,0.999976634979248,7.5995922088067935e-06,0.9999766051769257,9.39594015885158e-06,0.9999577403068542,0.999991238117218,0.99997678399086,6.318092346191406e-06,1501.1,149.40913626682942,1229,1737,1502.0,116.5,50.108000000000004,4.726167157433178,41.48,57.93,49.715,4.139999999999997,0.028710012403316748,0.012409888394051747,0.0086479944642633,0.0514116372913122,0.02832037890329955,0.007168470276519699,0.027313743997365192,0.011734206220137726,0.0084085250273346,0.0484666600823402,0.02645988482981915,0.005241627804934951,0.0284919390454888,0.011799897391784034,0.0088845249265432,0.049889899790287,0.02746190316975115,0.0049613881856203496
1,lstm,layers_2,henon_1000,0.001,,16,8,1,64,3490,3.824111115591222e-06,1.3590733491535195e-06,1.7990656715483055e-06,6.931627012818353e-06,3.64945549335971e-06,8.655858891870594e-07,3.632478956205887e-06,1.3339952123188531e-06,1.4950335298635764e-06,6.656372534052935e-06,3.510024384922872e-06,6.876765610286384e-07,0.0014328565390314403,0.0002816435987849117,0.0009465967887081,0.0020804579835385,0.0014290682738646,0.00013222696725274995,0.00139921402442265,0.00026534630608127243,0.0008768737898208,0.0019887574017047,0.0014106788439676,0.00011937064118684997,0.9999771118164062,8.283587540115002e-06,0.9999579191207886,0.999989092350006,0.9999778866767883,4.708766937200348e-06,0.9999780654907227,8.266972994782589e-06,0.9999593496322632,0.9999910593032836,0.9999788105487823,4.2617321013849185e-06,1040.5,140.8305719650389,842,1313,1037.0,69.5,40.034,6.361729639021138,30.63,50.01,39.37,5.585000000000001,0.012976113166660011,0.007027395095865289,0.0035125791095197,0.0235494770109653,0.0112141899066045,0.006787243834696699,0.01273178583942349,0.006971854455718565,0.0033602798357605,0.0230555273592472,0.01066981954500075,0.00663754623383285,0.013621307909488631,0.007337458700954722,0.0037235911004245,0.0243873782455921,0.01139858784154055,0.007070371182635451
1,lstm,layers_2,henon_1000,0.001,,32,8,1,64,13122,5.457124393615231e-06,1.8941752825110075e-06,3.181448164468748e-06,9.27236305869883e-06,4.548856850306038e-06,9.617654086468974e-07,5.3465120117834886e-06,1.643340942856988e-06,3.271722789577325e-06,7.823528903827537e-06,4.442724502951023e-06,7.738934755252558e-07,0.0016917538479901302,0.0002674031868376586,0.0013172668404877,0.0022250961046665,0.0016118885832837999,0.00019989110296590002,0.0016841612174175202,0.0002414641756191441,0.0013173272600397,0.0020228191278874,0.0015936700510792,0.00017555808881299995,0.9999675393104553,1.192001100823426e-05,0.9999445676803588,0.9999836087226868,0.9999726116657257,5.7220458984375e-06,0.9999680101871491,1.0411552972281936e-05,0.9999515414237976,0.9999828338623048,0.999973475933075,5.632638931329925e-06,651.9,54.10073936648186,513,731,665.5,11.5,33.923,3.5367726814145124,26.12,40.03,34.675,1.3650000000000055,0.0016475370297848201,0.002387233842240481,0.000382484246802,0.0086213015485554,0.00064439942216265,0.00025149411158055003,0.00152134348172689,0.002279880001699388,0.0003106756776105,0.0081845829263329,0.0005910792970098,0.00025966070825235,0.0016222078702412101,0.002344909847528624,0.0003064375778194,0.0084445308893918,0.0006436865369322999,0.00028935179579999993
1,lstm,layers_2,henon_1000,0.001,,8,16,1,64,978,4.698248073964351e-06,1.7824985546917872e-06,1.4117894124865416e-06,8.552347935619764e-06,4.486741318032728e-06,9.582849997968879e-07,4.392140999698313e-06,1.650943877375264e-06,1.3548933566198684e-06,7.820327482477296e-06,4.187816102785291e-06,8.686221235620906e-07,0.0015887442103120898,0.00030718026245189935,0.0008930775220505,0.0021103355102241,0.0015742176910862,0.0001347076031379999,0.00153250440489495,0.00029530089569531194,0.0008988592308014,0.0020380453206598,0.0015290155424736,0.00015410990454260004,0.9999715387821198,1.0852310172854617e-05,0.9999486804008484,0.9999917149543762,0.9999724328517914,5.900859832708161e-06,0.9999732196331024,1.034579541162155e-05,0.9999516606330872,0.9999921321868896,0.9999743700027466,5.8710575103759766e-06,1500.8,147.58712680989493,1284,1727,1478.0,118.0,58.790000000000006,6.966956293820137,48.99,72.4,57.17,6.335000000000001,0.029659237656742287,0.012559461445996333,0.0063120950944721,0.0566904585808515,0.0303644712083041,0.006509875692427197,0.02850332586094732,0.012425738811025473,0.0061076851561665,0.0563720799982547,0.02822128217667335,0.006983053870499148,0.029550625849515167,0.012482821351046372,0.0068306652829051,0.0572924204170703,0.02935367263853545,0.007107013836502999
1,lstm,layers_2,henon_1000,0.001,,16,16,1,64,3490,4.295561097933387e-06,1.4855310527232192e-06,2.493268311809516e-06,7.3962919486803e-06,3.876798132296244e-06,1.0888963970501213e-06,4.064471181663976e-06,1.558822684725457e-06,2.230480504294974e-06,7.25487598174368e-06,3.708223630383145e-06,1.0174346698477164e-06,0.00152289895340795,0.0002865326394960235,0.0011626299237832,0.002127316314727,0.0014457966317421998,0.00025622174143789995,0.0014847857411950198,0.000286947108039765,0.0011367362458258,0.0020841651130467,0.0014228115906007,0.00020980340195819996,0.9999744176864624,9.27034472059541e-06,0.9999545812606812,0.9999855756759644,0.9999774694442749,6.735324859619141e-06,0.9999756157398224,9.868536753227215e-06,0.9999548196792604,0.9999869465827942,0.9999785125255585,5.930662155151367e-06,943.3,134.82065865437684,768,1153,926.0,122.5,45.722,6.333867380992438,36.4,56.18,44.1,5.98,0.013350504543632211,0.007321178990750334,0.0033986889757215,0.0268575953319668,0.0125383550766855,0.0057855612598359495,0.013230019691400202,0.00736678671563482,0.0031528754625469,0.0265512280166149,0.0119645767845213,0.0052178509067744,0.014091431559063441,0.007679337062150497,0.0035613796208053,0.0278970897197723,0.0125858057290315,0.005141213070601201
1,lstm,layers_2,henon_1000,0.001,,32,16,1,64,13122,4.056075579228491e-06,1.2528166449951266e-06,1.8667632275537471e-06,5.922774107602891e-06,3.737820293281402e-06,1.0233566172246356e-06,3.764987809518061e-06,1.2361222355846e-06,1.6473422874696553e-06,5.942934876657091e-06,3.4929663570437697e-06,5.592671641352354e-07,0.0014104666304773999,0.0002280845853792444,0.0009844811866059,0.0018026150064542,0.0013787196367046999,0.00014332588762044993,0.0013765579438767702,0.0002286207487691655,0.0009249383583664,0.0017744958167895,0.00135086377849795,0.00012125191278750005,0.999975860118866,7.790899383385075e-06,0.9999633431434632,0.9999890327453612,0.9999769926071167,6.407499313410003e-06,0.9999773621559143,7.957289281150182e-06,0.9999630451202391,0.9999903440475464,0.9999799430370331,3.1590461732067254e-06,636.2,61.69408399514494,541,745,623.0,36.0,48.06,5.774114650749499,40.94,59.85,48.144999999999996,4.030000000000005,0.0015803867844806098,0.002214482008290343,0.0002891345808166,0.0080017792526632,0.0007946240366436,0.00037615079927489996,0.00160237248346671,0.0022344798497644118,0.0002815858460962,0.0080826822668313,0.00077395964763125,0.00041456412873229996,0.0017661975434748098,0.002479727140796752,0.0003010295040439,0.0089201871305704,0.00083776397514155,0.0004674044612328999
1,lstm,layers_3,henon_1000,0.001,,8,4,1,64,1554,4.4313876742307915e-06,2.188600087109741e-06,1.55039469973417e-06,9.58401506068185e-06,4.2487358768994454e-06,1.2202565358165884e-06,4.0950884908852455e-06,2.013000651831086e-06,1.2456770264179795e-06,8.58062230690848e-06,3.7593729302898282e-06,1.1504902204251266e-06,0.00155983829172324,0.00039443122957337197,0.000937649863772,0.0024622974451631,0.00150846777250985,0.00019848952069879998,0.00150654504541302,0.00038197287476422786,0.0008447340223938,0.0023380361963063,0.0014460509992204,0.00016700301785019993,0.9999738693237304,1.3142930947322876e-05,0.9999426007270812,0.9999906420707704,0.9999759197235107,6.5267086029052734e-06,0.9999753594398498,1.2444479217533577e-05,0.9999471306800842,0.9999921917915344,0.999977707862854,6.467103958240905e-06,1187.0,135.19171572252495,1045,1420,1140.5,90.0,49.513,8.087207243542112,41.36,67.78,47.945,6.149999999999999,0.04953489454463118,0.023414161694987976,0.0182633443735539,0.0759643122553825,0.0497496311552822,0.024300874304026353,0.04872523900121446,0.02384140286028044,0.0173924975097179,0.0751676633954048,0.04885579273104665,0.025038953870534897,0.050194245204329455,0.023668238208408795,0.0191952474415302,0.0765509381890297,0.04979763738811015,0.025345060043036903
1,lstm,layers_3,henon_1000,0.001,,16,4,1,64,5666,3.1803577940081595e-06,4.4298375449816514e-07,2.620339728309773e-06,4.102246748516336e-06,3.176817358507833e-06,2.963969336633454e-07,3.060117410313978e-06,4.1188563774801434e-07,2.5394685962965013e-06,4.020563665108057e-06,3.0986342380856513e-06,1.6053627405199222e-07,0.00132934680441388,0.00010213932468882221,0.0011843845713883,0.0014886397402733,0.00132329587358975,8.823710959405e-05,0.0013167225872166,8.792169290263787e-05,0.0011978130787611,0.0014851255109533,0.0012916680425405,8.03054426797e-05,0.9999811530113221,2.6548901729088775e-06,0.9999757409095764,0.9999855160713196,0.99998140335083,1.519918441827972e-06,0.9999815702438355,2.5074789251653106e-06,0.999975860118866,0.9999851584434508,0.9999814033508301,1.0132789612371518e-06,732.0,52.190037363466224,656,821,744.0,45.5,31.240000000000002,2.122460835916649,28.3,34.17,31.665,1.9399999999999995,0.00563237203052264,0.004139527186144375,0.0004405545420013,0.012735684774816,0.005323724576737699,0.0038003850611857994,0.005332980377715969,0.003928885105484214,0.000374669820303,0.0118111418560147,0.0050912940641864995,0.00378075015032665,0.00601317852560894,0.004369790285362516,0.0003957812732551,0.0131967943161726,0.00582467205822465,0.0042894939542748
1,lstm,layers_3,henon_1000,0.001,,32,4,1,64,21570,3.115394042652042e-06,6.560066790344833e-07,2.1878329334867885e-06,4.340143732406432e-06,3.000431775035395e-06,5.129243163537465e-07,3.0044657023609035e-06,6.742530018138119e-07,2.1596101760223974e-06,4.401331807457609e-06,2.832086920534494e-06,4.99622160532454e-07,0.0012915109167806302,0.0001558523699669164,0.0010349594522267,0.0015111595857888,0.0012638529296964,0.00011836481280625007,0.00128826090367506,0.0001626200684119468,0.0010196357034146,0.0015188774559646,0.00124679389409715,0.00010484567610545006,0.999981552362442,3.853637348395016e-06,0.9999730587005616,0.9999865889549256,0.9999816417694092,2.682209014892578e-06,0.9999819219112396,4.105894844730417e-06,0.9999725818634032,0.9999869465827942,0.9999823868274689,2.5331974028985904e-06,523.2,21.39532659250613,485,562,521.5,12.0,27.978999999999996,1.5017086934555584,25.65,30.55,27.57,1.08,0.00037730876720156,0.00020544783415488578,0.0001605866709724,0.000898924662033,0.00031873944171814997,9.272447641704996e-05,0.00031297786917997,0.0001876961100723347,0.0001598902017576,0.0008413007599301,0.0002470591134624,6.077119178369998e-05,0.00035303503391328,0.00022337257206088665,0.0001777903089532,0.0009845385793596,0.00029666400223500003,8.21777139208e-05
1,lstm,layers_3,henon_1000,0.001,,8,8,1,64,1554,7.2222711196445745e-06,5.3301264066173586e-06,2.3176471586339176e-06,2.2503843865706585e-05,6.377646741384524e-06,5.0704716159089e-07,6.638245054091385e-06,4.126441859915124e-06,2.385483185207704e-06,1.814811912481673e-05,6.1815601384296315e-06,6.705229225190124e-07,0.0019208731595426198,0.0006376287232134704,0.001132569159381,0.0036192114930599,0.0018613890279084002,0.0001164241111837501,0.0018763109692371902,0.0005407131047454908,0.0011939433170482,0.0032800950575619,0.0018361833062954,0.0001177744125016,0.9999564349651336,3.199406607648442e-05,0.9998647570610046,0.9999863505363464,0.9999610781669616,2.2947788237415168e-06,0.9999592661857605,2.546659210868385e-05,0.9998881816864014,0.999986171722412,0.9999620616436005,3.725290298461914e-06,1371.6,222.78294369183652,987,1628,1416.0,195.0,60.156000000000006,10.060658228962954,43.23,73.19,61.11,8.954999999999998,0.06859614145942029,0.019190781391830045,0.0146513325162231,0.0805282399058342,0.07522978670895095,0.004746203869581196,0.06743464358150954,0.019043605316243425,0.0149224549531936,0.0795343220233917,0.07453068345785135,0.0046223998069762975,0.06811115276068444,0.018893639461733256,0.0159508008509874,0.08006601780653,0.07514472678303716,0.004602424800395945
1,lstm,layers_3,henon_1000,0.001,,16,8,1,64,5666,4.805883122571686e-06,1.530494236981832e-06,2.940067588497186e-06,8.509344297635835e-06,4.452718940228806e-06,7.323270665438031e-07,4.550422863758285e-06,1.324349027981963e-06,3.047072596018552e-06,7.802501386322547e-06,4.106076175958151e-06,6.217151167220436e-07,0.0016051323618739399,0.0002076031164413975,0.0013456088490784,0.0021036041434854,0.0015411555068567,6.696814671160005e-05,0.0015534645179285898,0.00018378392136209456,0.001323009841144,0.0019920554477721,0.00147793843643735,7.914443267510003e-05,0.9999711453914643,9.854811051831456e-06,0.9999476075172424,0.9999841451644896,0.9999740421772003,3.814697265680511e-06,0.9999720454216003,8.553048456742353e-06,0.9999513030052184,0.999982476234436,0.9999752342700958,4.172325134332855e-06,776.7,80.52086686070885,667,880,773.5,82.5,39.288,4.719143566368794,33.25,46.12,38.735,4.609999999999999,0.01749722478038162,0.018832486634568286,0.000804984458955,0.0660807121545076,0.0109176606405526,0.0093216138804564,0.017025025776820198,0.0186666314018173,0.000739641545806,0.0655071660876274,0.0105084269307553,0.00906921699061055,0.01765623608953314,0.018958245648484136,0.0007618632516823,0.0660631582140922,0.0111370389349758,0.009717203938635049
1,lstm,layers_3,henon_1000,0.001,,32,8,1,64,21570,5.846146109433903e-06,1.8469720786131513e-06,3.7990928376530064e-06,1.0254634617012924e-05,5.562471415032633e-06,1.2449272617232054e-06,5.34241150944581e-06,1.5910558371737822e-06,3.3933176837308565e-06,8.946374691731762e-06,4.871162900599302e-06,8.642623470223043e-07,0.0017365190782583702,0.0002844849688221672,0.0013641311088576,0.0023955404758453,0.0017539513064548,0.00019300455460325003,0.0016875812900252099,0.00025103391724974096,0.0013564919354394,0.0022145889233797,0.0016580916126258,0.00012176431482660002,0.9999646723270417,1.1478129137900991e-05,0.9999370574951172,0.9999777674674988,0.9999663829803467,7.659196853582184e-06,0.9999672830104828,9.994383772612611e-06,0.999944269657135,0.9999797940254213,0.9999702274799347,5.662441253606598e-06,579.3,77.91155241682712,508,769,561.0,48.0,46.854,7.913326986798917,41.26,68.68,43.935,2.325000000000003,0.00054638735069598,0.00037178578725800615,0.0001274293659662,0.0011394930479582,0.0003737091334187,0.00017358922850689996,0.00054692004196107,0.00039365650293082534,0.0001222150458488,0.0012931566452607,0.0004210398619761,0.00021297408238749998,0.0005633024164125599,0.00039335009643574903,0.0001297827693633,0.0013351184315979,0.0004364962660474,0.0002035926518147
1,lstm,layers_3,henon_1000,0.001,,8,16,1,64,1554,6.761879399164173e-06,3.8246716088437e-06,2.1370924514485523e-06,1.5680197975598276e-05,5.915246902077342e-06,2.3668807216381538e-06,6.56256970614777e-06,3.7318906503584876e-06,1.9802412225544685e-06,1.5529012671322562e-05,5.239023266767617e-06,2.307052113792451e-06,0.00185795143479475,0.0005077304931380718,0.001146322931163,0.0029103804845362,0.0017980099655687,0.000374143186491,0.00183738680789243,0.0005051600679530565,0.0011091519845649,0.0029527901206165,0.00170056323986495,0.00034513615537435,0.9999587893486023,2.3650356946539054e-05,0.9999030232429504,0.999987006187439,0.99996417760849,1.4007091522216797e-05,0.9999597489833831,2.2924523667452293e-05,0.9999048113822936,0.999988317489624,0.9999677240848541,1.4543533325195312e-05,1273.2,138.0042028345514,1073,1549,1281.0,98.0,65.95,7.763215828508184,55.44,82.42,67.4,2.789999999999992,0.06750647274777291,0.02297570078736075,0.0132559940218925,0.0805652055889368,0.07873219959437844,0.0017769759520888662,0.06683553634211416,0.023215560839948038,0.0128844836726784,0.0802180618047714,0.0779514200985431,0.001954771578311948,0.06740005714818832,0.023068496215570593,0.0136047406122088,0.0807577297091484,0.0784118436276912,0.001993507146835348
1,lstm,layers_3,henon_1000,0.001,,16,16,1,64,5666,5.95271712882095e-06,3.4390143965826136e-06,2.339829052289133e-06,1.1222009561606685e-05,3.865692747240246e-06,1.3355451073948643e-06,6.011030995978217e-06,3.349719844872255e-06,2.74563331004174e-06,1.1008043657056987e-05,3.7333405771278194e-06,9.274178864870917e-07,0.0017127562081440898,0.00045125530282348435,0.0011742934584617,0.0024569856468588,0.00149665877688675,0.0002739361370914,0.0017216296051628297,0.0004552471446147573,0.0012469901703298,0.002479821210727,0.00145378848537795,0.00018623203504824994,0.9999651908874512,2.0024286642904887e-05,0.999935269355774,0.9999860525131226,0.9999777972698212,6.914138793889801e-06,0.9999642252922059,2.0189718301244666e-05,0.9999331831932068,0.9999831914901732,0.9999780356884002,5.006790161243835e-06,738.8,86.80760335362335,605,844,756.5,80.0,53.49400000000001,6.652148825755479,43.63,61.43,55.095,6.035,0.014594934977940233,0.01077532199621416,0.0010848353325854,0.0307752292603254,0.0137493571732193,0.0112020476837643,0.013788491836748958,0.009932883310073738,0.001029597595334,0.0281822830438613,0.0133532979525625,0.01083837018813935,0.01431165615795175,0.010202468676519742,0.0010658508399501,0.0287156458944082,0.01415341207757585,0.011598088662140049
1,lstm,layers_3,henon_1000,0.001,,32,16,1,64,21570,4.351080178821576e-06,1.2464485924710872e-06,2.192692818425712e-06,6.490235591627425e-06,4.206798621453345e-06,6.625173227803316e-07,4.170087015609169e-06,1.2891990044926908e-06,1.888253450488264e-06,6.148495685920352e-06,3.8178648082976e-06,5.752842753281584e-07,0.0015026471228338201,0.0002180447117968728,0.0010434438008815,0.0018270526779815,0.0014966612798161,0.0001414360012859001,0.00149270686088125,0.00023697941153998323,0.0009959060698747,0.0018183924257755,0.00146175321424375,0.00014758709585295006,0.9999741911888123,7.874402985564087e-06,0.9999597668647766,0.999987542629242,0.9999752640724182,2.3543834685724185e-06,0.9999752998352051,7.944751375074356e-06,0.9999625086784364,0.9999896287918092,0.9999765157699584,4.142522812000671e-06,552.9,50.41517628651119,483,621,553.5,54.5,64.556,4.660208579023047,58.55,74.02,63.489999999999995,3.2099999999999973,0.00055669524714171,0.0007031473654631683,0.0001602854768862,0.0025964469532482,0.0002552049620135,9.250925177184998e-05,0.00058672825980459,0.0007678991752389717,0.000204462558031,0.002803687704727,0.000265109934844,4.0744213038099993e-05,0.00062857751618136,0.0008084628994910433,0.0002306755341123,0.0029879796784371,0.00029798387549815003,4.6685207053099985e-05
1,lstm,layers_1,henon_1000,0.001,,8,4,2,64,402,5.2342779963510114e-05,2.5361605848376807e-05,2.117259646183811e-05,9.370392945129424e-05,4.389793684822507e-05,1.4152794392430224e-05,4.708356100309174e-05,2.294155578323453e-05,2.0076886357855983e-05,8.76301564858295e-05,4.0069524402497336e-05,1.3648580534209032e-05,0.005134169454686281,0.0011121845730257677,0.0035564720164984,0.0074566835537552,0.005044785095378699,0.0005904347635805498,0.00494040984194723,0.0010771956681639937,0.0034243476111441,0.0071743531152606,0.004791907966136899,0.00044252653606234984,0.9996804654598236,0.00015431840856378125,0.9994296431541444,0.9998688101768494,0.9997315108776093,8.940696716314145e-05,0.9997081756591797,0.00014247133050828667,0.9994513392448424,0.9998763799667358,0.9997509717941284,8.538365364069156e-05,3240.9,635.862949070002,2409,4842,3249.5,320.5,69.14099999999999,13.75792604283073,51.04,104.14,69.75999999999999,7.184999999999999,0.06620764899998902,0.005420488733218953,0.0567686140537262,0.0779650159180164,0.0665407512336969,0.002714413031935689,0.0642713882029056,0.005886428682508887,0.0543107278645038,0.075891688466072,0.06463935226202006,0.0034810863435268506,0.06642298623919483,0.0052801691494082795,0.0575100965797901,0.0768982470035553,0.06695679947733875,0.0029383897781372
1,lstm,layers_1,henon_1000,0.001,,16,4,2,64,1314,4.023423989565345e-05,2.2880981754730437e-05,1.6118923667818308e-05,9.653378219809385e-05,3.449861105764285e-05,8.152082045853604e-06,4.2305474562452495e-05,2.4659006622468513e-05,1.8001632270170376e-05,0.000104962826299,3.423365342314355e-05,1.1399015420465734e-05,0.00421897349879141,0.0010705570379302936,0.0030497938860207,0.0066169779747724,0.00398650206625455,0.00051986915059385,0.0043450953206047,0.001113363196091194,0.0030905148014426,0.0067808758467435,0.0039699379121884495,0.0005373226013034998,0.9997552573680878,0.00014015324803068354,0.9994125366210938,0.9998999834060668,0.9997918009757996,4.7564506530650696e-05,0.9997403144836425,0.0001506413784429493,0.9993546605110168,0.9998894929885864,0.9997912347316742,7.218122482299805e-05,2709.2,641.0603403736656,1513,3732,2755.5,596.0,59.689,13.948676245436339,33.4,81.75,60.465,12.975000000000001,0.05830714710056778,0.005490374063572866,0.0451660308986902,0.0632983550429344,0.060686281137168396,0.0019194200634956478,0.05668431185185905,0.00518851269932412,0.0444531887769699,0.0615668334066867,0.058827608823776203,0.001995824277400998,0.0597185522317886,0.005037777872274052,0.047604389488697,0.0641050860285759,0.0618505552411079,0.0018037259578704973
1,lstm,layers_1,henon_1000,0.001,,32,4,2,64,4674,8.527688587491261e-05,7.694708717940983e-05,3.3955486287595704e-05,0.0002470394829288,5.032409171690233e-05,6.654910976067185e-06,8.504577308484645e-05,5.971913067333756e-05,3.4212935133837163e-05,0.0002159934520022,5.7728726460481994e-05,6.52251037536189e-06,0.00528583247214551,0.0018814720117565653,0.0037824215833097,0.0097008477896451,0.0045749484561382996,0.00040355348028245017,0.00548412725329394,0.0016037742848150599,0.0036934027448296,0.0091619584709405,0.0049197433982044,0.0004658102989197003,0.9994779884815216,0.0004692336207521382,0.9984784722328186,0.999793291091919,0.9996897876262665,4.06801700592041e-05,0.999472564458847,0.0003734955489519209,0.9986499547958374,0.999787449836731,0.999639630317688,4.011392593383789e-05,2129.6,279.477798760474,1515,2591,2148.5,171.0,53.763,7.380295454790412,37.96,63.65,55.215,4.794999999999998,0.05301306799054143,0.004325741051147456,0.0466960784047842,0.0604167852550745,0.05353200212121005,0.0035632191225886505,0.05160562619566911,0.004210616787510615,0.0453736186027526,0.0588570646941661,0.0518419183790683,0.0033011566847563,0.05478095114231104,0.004130329945141091,0.048820573836565,0.0618204101920127,0.054999453946947996,0.0034091174602508476
1,lstm,layers_1,henon_1000,0.001,,8,8,2,64,402,4.936925943184178e-05,2.0402281013410782e-05,2.3189890271169133e-05,8.939905819715932e-05,4.608765630109701e-05,1.4744120562681928e-05,4.7800058018765414e-05,1.7020878958290784e-05,2.927771674876567e-05,8.052368502831087e-05,4.6723016566829756e-05,1.4749330148333684e-05,0.00503268886823203,0.0010809044956739137,0.0034026466310024,0.0068802158348262,0.00506000686436885,0.0009932641405612504,0.0050289607373997,0.0009477604421656884,0.0038777280133217,0.0065289717167615,0.00516654201783235,0.0009589092805982,0.9996959805488587,0.0001251679437370338,0.9994468688964844,0.9998577237129213,0.9997152090072632,9.140372276311703e-05,0.9997033894062042,0.00010449028815617494,0.9994997978210448,0.9998168349266052,0.9997080862522125,9.384751319885254e-05,3096.1,620.1071600941244,2311,4529,3027.0,368.0,69.929,13.467804906516875,53.54,100.86,67.655,8.815000000000001,0.06609146155416962,0.005160408046332142,0.0590497951954603,0.0758286841213703,0.0660086784511804,0.004096876084804496,0.06370869539678091,0.005576667089661569,0.0570347048342227,0.075087197124958,0.06358696892857546,0.004617605358362191,0.06592340171337124,0.004998512009652442,0.0600098632276058,0.0762404054403305,0.06577388942241666,0.004053045064210892
1,lstm,layers_1,henon_1000,0.001,,16,8,2,64,1314,4.7618302596674765e-05,1.8061916656221965e-05,1.5842757420614362e-05,7.282037404365838e-05,5.1370701839914545e-05,1.5347266526077874e-05,4.605261674441863e-05,1.7691956013289854e-05,1.554813024995383e-05,8.003818220458925e-05,4.820998583454639e-05,1.347050056210719e-05,0.004766170005314011,0.0009089289000303478,0.0028268557507544,0.0058768675662577,0.005145074101164901,0.0005147194024175501,0.0047884989064186315,0.0009096859873347588,0.0028799884021282,0.0064789322204887,0.0049143463838845,0.00047309556975959994,0.9997090995311737,0.0001099891222123277,0.9995582103729248,0.9999038577079772,0.9996843934059142,9.1552734375e-05,0.9997155010700226,0.00010915510235832906,0.9995129704475404,0.999903917312622,0.9996986091136932,8.422136306762695e-05,2186.6,216.9051405568803,1672,2451,2237.0,105.5,53.221000000000004,5.158946500982541,41.29,59.24,54.475,3.019999999999996,0.059062724113464325,0.00428883686674671,0.0479020848870277,0.0636444721370935,0.0601947862654924,0.0019167713820934518,0.05696191564202302,0.004135305818007369,0.0469758100807666,0.0617063157260417,0.057845914736390044,0.002658583223819757,0.05944118760526175,0.004053357770413154,0.0495310127735137,0.0642482116818428,0.0600982159376144,0.002476030960679051
1,lstm,layers_1,henon_1000,0.001,,32,8,2,64,4674,7.70843402278791e-05,3.941863936316962e-05,2.9475229894160293e-05,0.000160299037816,7.769012518110685e-05,3.063445910811424e-05,7.377077690761285e-05,2.977922547798916e-05,2.6565987354842943e-05,0.0001127091163652,8.340764543390833e-05,1.8997088773176074e-05,0.00586790877860034,0.0015088283468668833,0.0037225403357297,0.0084257908165454,0.0059419777244329,0.00117973727174105,0.0059354857541620305,0.0013463505685628032,0.0037613143213093,0.0076752179302275,0.00618881569243965,0.00108837545849385,0.9995287895202637,0.00024010415171054968,0.999016284942627,0.9998214840888976,0.9995284080505371,0.0001807212829590954,0.9995459914207458,0.0001820710820827219,0.9993282556533812,0.9998382329940796,0.9994894564151764,0.00011643767356872559,1895.3,247.20641172914588,1354,2228,1944.0,137.0,55.854,7.607371688040488,39.43,67.77,57.32,3.969999999999999,0.056974482983350706,0.0038808993608698207,0.0515649881213903,0.0633011244237422,0.0572356812655925,0.0033483855426311056,0.05501985028386112,0.0034558432742337226,0.0504406355321407,0.0601879507303237,0.05543181300163265,0.003131672739982598,0.05719957426190371,0.0036718293872993802,0.0512857139110565,0.0624243430793285,0.057839130982756545,0.0029921811074018548
1,lstm,layers_1,henon_1000,0.001,,8,16,2,64,402,4.5324468283064555e-05,3.367708419729775e-05,1.3335146832105238e-05,0.0001398457679897,3.833116534224246e-05,1.023013010126306e-05,4.977302905898851e-05,4.070922240248254e-05,1.7029742593877017e-05,0.0001645933953113,3.622629083110951e-05,8.807630365481604e-06,0.004685696121305161,0.0017417296158916027,0.0026917166542261,0.0094530712813138,0.00458038412034505,0.00024844985455275016,0.00490498498547815,0.0018793416906625364,0.0027239751070737,0.0100396638736128,0.0046058222651481,0.0003515877760947002,0.9997229993343353,0.0002087684043319601,0.999134600162506,0.9999175667762756,0.9997652769088745,6.210803985590152e-05,0.9996922254562378,0.0002541170366481515,0.9989750385284424,0.99989515542984,0.9997796714305878,5.498528480535336e-05,3008.5,595.7986656581231,2346,4164,2854.0,399.5,75.651,14.856884902293615,59.69,104.8,71.035,8.769999999999996,0.06566921705380077,0.004766058569732988,0.0591077495366334,0.0750361431390047,0.0651734976097941,0.0030878718942403474,0.06434185951948161,0.005308136945065806,0.0571570731699466,0.0751621052622795,0.06397437304258341,0.004355225712060953,0.06625211760401724,0.004809628623270531,0.0598037503659725,0.076117530465126,0.06592860817909241,0.003939613699912997
1,lstm,layers_1,henon_1000,0.001,,16,16,2,64,1314,0.0001444504607206708,0.00016521433438711393,2.12399972951971e-05,0.0005970023339614,8.040077591431327e-05,5.660052011080552e-05,9.309807392125912e-05,5.8749617118958734e-05,3.774410288315266e-05,0.0002339329075766,7.448665928677656e-05,3.0060664357733913e-05,0.006008569383993691,0.0021215599228091566,0.0034603355452418,0.0097531862556934,0.0059435337316244,0.0018070829100906502,0.00602766540832812,0.001800163011822168,0.0043812915682792,0.0105344504117965,0.00558113749139005,0.00091764237731695,0.9991125226020813,0.001017466797442286,0.9963239431381226,0.9998685717582704,0.9995036721229553,0.00034973025321966,0.9994296491146087,0.00035997237613883103,0.9985612034797668,0.9997658133506776,0.9995453059673308,0.000185012817382868,2253.2,540.349294438329,1415,3373,2053.5,221.5,65.54299999999999,14.500811046282893,47.24,96.4,59.075,7.744999999999997,0.05952882274985309,0.002946809474596743,0.0542780000716447,0.063914543017745,0.0596658756956458,0.0018349314108490992,0.05866369754075999,0.0028173881938052827,0.053697120398283,0.0629452913999557,0.05825047381222245,0.0021569896489382,0.06086142063140865,0.002691791068914785,0.0557552948594093,0.0647322386503219,0.06069112196564665,0.002022752538323347
1,lstm,layers_1,henon_1000,0.001,,32,16,2,64,4674,0.00013836978559991555,8.264765920808953e-05,2.051066439889837e-05,0.0003174370795022,0.00011604655082918193,4.110290319658083e-05,0.00014442158117160974,7.650800647712628e-05,2.685899926291313e-05,0.0002783104719128,0.0001281808581552,5.916356167290178e-05,0.00689075435511762,0.001943567430150508,0.0032686539925634,0.0101393507793545,0.0069084693677723,0.0013191138859838,0.00713414328638457,0.0019120346252138806,0.0033440690021961,0.010714154690504,0.007237080484628599,0.0010777472052722992,0.999158787727356,0.0005115305867503992,0.9980458617210388,0.9998735785484314,0.9993034601211548,0.00025337934494018555,0.999107950925827,0.00047413194104976766,0.9982757568359376,0.9998331665992736,0.9992029070854187,0.000376284122467041,1825.5,347.38429728472187,1284,2433,1887.0,250.5,70.40299999999999,12.69506364694561,51.17,93.85,72.195,9.089999999999993,0.05666416876018042,0.003763292018508987,0.0502009950578212,0.0620080314576625,0.057648876123130244,0.003050911426544199,0.055754733830690316,0.00332411782131363,0.0502198040485382,0.0606798641383647,0.05679480731487265,0.00264355354011055,0.05742911919951432,0.0035808167866626093,0.0519404783844947,0.062552273273468,0.058607492595911,0.002848668023943901
1,lstm,layers_2,henon_1000,0.001,,8,4,2,64,978,3.060402768824133e-05,1.1939917767093695e-05,1.2349121789156923e-05,5.058406532043591e-05,2.868974752345821e-05,8.127684850478545e-06,2.8887334974569966e-05,1.0901244199479337e-05,1.216341752297012e-05,4.7628771426388994e-05,2.8313846996752545e-05,8.134853487717916e-06,0.0040199965704232,0.0007670045185097695,0.0027874782681465,0.0051967534236609,0.00403607683256265,0.0005963976727799,0.0039885648060589704,0.0007242463433489413,0.0027514726389199,0.0049983183853328,0.00413730298168955,0.0005954115185886504,0.9998122155666351,7.350399384411035e-05,0.9996870756149292,0.999923586845398,0.9998244345188141,4.813075065612793e-05,0.9998210728168487,6.774065885781199e-05,0.9997025728225708,0.99992436170578,0.999826043844223,5.042552948003598e-05,1797.4,203.77301097054044,1384,2085,1801.5,142.0,55.772000000000006,6.226976473377751,43.8,64.2,56.325,5.015000000000001,0.06989276032894844,0.008753201776774227,0.0464627277106046,0.0769718997180461,0.07364653144031755,0.0015052815899253003,0.06944601312279698,0.00919437257694268,0.0452084094285965,0.0762474313378334,0.07358332723379135,0.0010653883218764426,0.07100416123867032,0.008539321997024289,0.0482220277190208,0.0771524757146835,0.07476565241813654,0.0009078718721866608
1,lstm,layers_2,henon_1000,0.001,,16,4,2,64,3490,2.6444524974059717e-05,2.818267740683184e-05,8.304246875923127e-06,0.0001096538253477,1.8071002159558702e-05,3.658016794361174e-06,2.7448242781247223e-05,3.137033146038216e-05,1.0749589819170067e-05,0.000120773591334,1.58572429427295e-05,3.866295173793334e-06,0.0032248278846963804,0.0012698934547262768,0.0021324423141777,0.0068529439158737,0.002912804367952,0.00018114561680704962,0.00328744419384741,0.0012528354594083977,0.0023528006859123,0.006952900905162,0.0029365213122218,0.00020749901887029995,0.9998379528522492,0.0001745591889664086,0.9993222951889038,0.9999489784240724,0.9998899400234222,2.3752450942993164e-05,0.999830162525177,0.00019548904226409305,0.999248504638672,0.9999330639839172,0.9999028146266937,2.187490463256836e-05,1427.0,256.60787205384014,1141,2061,1308.5,116.5,46.691,7.878548660762335,37.61,66.82,43.595,3.8550000000000004,0.05640031183138485,0.01205097050241097,0.036738827638328,0.0745049390941858,0.059087826497852755,0.007766129449009895,0.055117993056774076,0.011847280671628543,0.0365713313221931,0.0736472010612487,0.057203050702810246,0.008558083325624459,0.0578478049486875,0.011320482882290086,0.0390492528676986,0.0749055743217468,0.06038730777800075,0.007394568994641353
1,lstm,layers_2,henon_1000,0.001,,32,4,2,64,13122,2.7120841150463092e-05,1.2267427273514563e-05,1.8786802684189752e-05,6.261637463467196e-05,2.2488950889965054e-05,3.63321669283323e-06,2.7750393564929253e-05,1.4846893412081237e-05,1.80051847564755e-05,6.839608249720186e-05,2.1042453226982616e-05,2.527981450839434e-06,0.0034841490909456605,0.0006981126269242598,0.0028879183810204,0.0053919875063002,0.00338655721861865,0.0003109518438578003,0.00355818811804052,0.0007495022127722544,0.0028458973392844,0.005591856315732,0.0033486926695331497,0.0003450734075158997,0.9998348295688629,7.605617345969202e-05,0.9996147751808168,0.9998874068260192,0.9998632967472076,2.0951032638605316e-05,0.9998298048973083,9.350572263582436e-05,0.9995737671852112,0.9998906254768372,0.9998742043972015,1.2844800948985657e-05,1041.1,137.2125723102661,841,1242,1041.0,130.5,41.236000000000004,6.285497911860284,32.08,52.41,40.480000000000004,5.040000000000003,0.03359743017703291,0.01188472486569653,0.0166692219674587,0.0626571331173181,0.03416958814486855,0.005026747472584249,0.03309904653578991,0.011156721529110831,0.0171413458883762,0.0602228753268718,0.0339282695204019,0.005198232829570751,0.03562181107699867,0.011605801424060834,0.018409077078104,0.063187338411808,0.036809457466006196,0.0053076893091201505
1,lstm,layers_2,henon_1000,0.001,,8,8,2,64,978,3.0058180618652842e-05,1.0657916019493442e-05,1.2474988579924684e-05,5.499128019437194e-05,2.8369438950903714e-05,5.641668394673614e-06,3.1211809255182746e-05,1.0526974943133595e-05,1.639697075006552e-05,5.652262552757748e-05,2.8440773348847863e-05,3.662624294520349e-06,0.003946924931369679,0.0006827368986153429,0.0025530981365591,0.0053159324452281,0.0038532894104718503,0.00022252567578105015,0.004061202867887869,0.0007000326166102098,0.0027031549252569,0.0053670536726713,0.0039189578965306,0.00021137576550249947,0.9998168706893921,6.440778848383508e-05,0.9996678233146667,0.9999232292175292,0.9998288750648499,3.126263618463687e-05,0.9998065173625946,6.52595435644374e-05,0.9996501207351683,0.999898076057434,0.999822199344635,2.5600194931085785e-05,1784.6,433.2567829821017,1338,2861,1665.0,258.5,59.577999999999996,13.57821696689223,46.57,93.89,55.3,7.224999999999994,0.07064272567629809,0.009115716223939344,0.0500045724213123,0.0803393550217151,0.07306331191211934,0.005189103819429844,0.0692102417349815,0.00934897337961649,0.0484556928277015,0.0784391611814498,0.0726722255349159,0.005335737019777305,0.07064720243215557,0.008628727792848364,0.0512037985026836,0.0793036743998527,0.07362294197082514,0.005074050277471508
1,lstm,layers_2,henon_1000,0.001,,16,8,2,64,3490,5.0760699377851485e-05,2.8049467729707486e-05,2.477209454809781e-05,0.0001053753294399,4.055474892084021e-05,1.577980219735764e-05,4.8525512829650606e-05,2.7434404921665878e-05,2.2024316422175616e-05,0.0001007380051305,3.8137617593747564e-05,1.4774514056625776e-05,0.004825446754693921,0.0012645732238480316,0.0035100567620247,0.0068637374788522,0.004449558909982349,0.0009365628939121491,0.00481956980656826,0.001286928060288796,0.0033925680909305,0.007192269898951,0.0044731739908456004,0.0009810822084546005,0.9996918141841888,0.00017200476861540918,0.9993517398834229,0.9998480677604676,0.9997564256191254,9.164214134227411e-05,0.9997034788131713,0.00016427005236965313,0.9993925094604492,0.9998629689216614,0.9997647106647491,9.08970832824707e-05,1271.8,191.639140052339,1022,1665,1193.5,107.5,47.345,7.322594144154107,37.71,62.11,44.129999999999995,4.135000000000002,0.05767861787229772,0.01073928529123542,0.0379995141178369,0.0746358923614025,0.06073499396443365,0.005198426544666242,0.05621670521795745,0.011061772697332025,0.0366811752319335,0.0734331458806991,0.0585832297801971,0.006822329014539746,0.05829192660748954,0.010588188051323883,0.0400667712092399,0.0741979479789733,0.060983784496784155,0.006127420812845244
1,lstm,layers_2,henon_1000,0.001,,32,8,2,64,13122,3.568964330042945e-05,6.898893433171831e-06,2.70320142590208e-05,4.842567796004005e-05,3.352230851305649e-05,6.314541678875681e-06,3.404499675525585e-05,7.307993746744368e-06,2.70896744041238e-05,4.851563789998181e-05,2.942902847280493e-05,2.3060019884724153e-06,0.004155797860585101,0.0004489422479489474,0.0036068372428417,0.0050774682313203,0.00404865294694895,0.0003088902449234997,0.00422462252899999,0.0004448889605334409,0.003717795247212,0.0051128808408975,0.00397672341205175,0.00019134674221280012,0.9997832417488098,4.5347754320298205e-05,0.9997003078460692,0.9998398423194884,0.9998007416725159,3.61502170562189e-05,0.9997907042503357,4.822903635072314e-05,0.9996970891952516,0.9998404383659364,0.9998201727867126,1.621246337896176e-05,857.7,125.14955053854568,714,1185,834.5,37.5,45.111999999999995,5.923341624454898,39.05,61.8,43.055,0.8350000000000009,0.04114843538030976,0.013097749350290197,0.0235793245956301,0.0700680345296859,0.04278391972184176,0.004117598384618795,0.040632103197276545,0.013463271530896345,0.0233441442251205,0.0710428953170776,0.04275756329298015,0.003385225310921648,0.0426506487652659,0.013146526954002287,0.0250164158642292,0.0719174072146415,0.04448983073234555,0.0037726853042840958
1,lstm,layers_2,henon_1000,0.001,,8,16,2,64,978,3.912309512088541e-05,2.3623700279872095e-05,1.1284129868727176e-05,8.678583981236443e-05,2.7970353585260455e-05,1.1644042388070375e-05,3.768676242543734e-05,1.6214463774539755e-05,1.520424757472938e-05,6.045799455023371e-05,3.5849092455464415e-05,1.4239982192520984e-05,0.00417004940100009,0.0011312402163480733,0.0024647614918649,0.0060190604999661,0.004042980726808251,0.00078191515058275,0.00428579142317172,0.0009725959875265635,0.0028085939120501,0.0059396349824965,0.00426066573709245,0.00056358193978665,0.9997611999511719,0.00014593332803813233,0.9994656443595886,0.9999310970306396,0.9998278617858887,7.632374763477667e-05,0.9997682869434357,9.933060759792275e-05,0.9996311068534852,0.9999088048934937,0.9997774362564087,8.988380432128906e-05,1867.7,339.46901184055076,1290,2500,1756.0,234.5,72.48499999999999,12.6642332969667,48.69,94.25,70.905,9.595000000000002,0.06991795521229502,0.008442557800244195,0.0525739204138517,0.079321726411581,0.073759383149445,0.004963788576424155,0.06945468597114082,0.009399908562477747,0.0507626272737979,0.0790957659482956,0.07384042441844935,0.0051057748496532995,0.07071229703724377,0.008624272408857598,0.0534341633319854,0.0796799063682556,0.0742723979055881,0.005268558859825155
1,lstm,layers_2,henon_1000,0.001,,16,16,2,64,3490,7.142781842047678e-05,6.192730752841347e-05,1.3096830116410274e-05,0.0002159237192245,4.822869232157245e-05,3.1939891414367594e-05,6.0403002498782334e-05,4.571219314030575e-05,1.596195033926051e-05,0.0001777365978341,5.144404167367611e-05,3.096755335718626e-05,0.00505755362100895,0.0020416146099081025,0.0026790278498083,0.0090930266305804,0.0044455167371779,0.0015178300673142002,0.004942743945866781,0.001650880548470027,0.0028608730062842,0.0079726614058017,0.004636330762878,0.0015751544851809495,0.9995669066905976,0.00037897945069837347,0.998681664466858,0.9999209642410278,0.9997077882289886,0.00018829107284545898,0.9996326327323913,0.0002790233576554383,0.9989144802093506,0.999902069568634,0.9996875524520874,0.0001850724220275879,1387.3,117.07266973978172,1210,1581,1372.5,110.0,67.185,7.007293700138449,56.31,77.58,65.875,7.095000000000006,0.059936838522553396,0.008295464395129916,0.0434541452676057,0.0719078738242387,0.060453390888869696,0.0011272955685854014,0.05942006260156627,0.008769521456228824,0.0433559231460094,0.0738023817539215,0.05938216671347615,0.0017361603677272484,0.06100866161286826,0.008361524700095286,0.0454504489898681,0.0748680010437965,0.06102959439158435,0.0015682335942983523
1,lstm,layers_2,henon_1000,0.001,,32,16,2,64,13122,4.235956203046953e-05,1.7786126595980032e-05,1.790393616829533e-05,7.918546180007979e-05,3.820202073256951e-05,1.1378730050637387e-05,4.6959792598499916e-05,1.9196990709251494e-05,1.823144339141436e-05,8.64244721014984e-05,4.271781290299259e-05,6.670721631962806e-06,0.00410624935757364,0.0007901372503703856,0.0028230615425854,0.0058372532948851,0.0039569163927808,0.00035277474671605025,0.00441088613588358,0.0008831527554778299,0.0029528280720114,0.006158813368529,0.00418029050342735,0.00027212884742765014,0.9997445046901703,0.00010722312086126,0.999518096446991,0.9998894929885864,0.9997709393501282,6.628036499023438e-05,0.9997136235237122,0.0001207294726892439,0.9994624853134156,0.9998889565467834,0.9997493028640746,3.752112388621942e-05,925.1,109.47278200539164,762,1053,964.0,86.5,66.44500000000001,8.249605142065892,52.86,75.08,71.28999999999999,3.5250000000000057,0.03985904224216934,0.013805983028561761,0.0151716833934187,0.0640044253319502,0.04427555454894895,0.0097533258609474,0.040171371400356266,0.013374724241978934,0.0156292878091335,0.0638160109519958,0.044704617932438795,0.0079705286771059,0.04185724649578329,0.013416484294467432,0.0163364466279745,0.065093845129013,0.0464825481176376,0.007425365969538699
1,lstm,layers_3,henon_1000,0.001,,8,4,2,64,1554,7.747586460026587e-05,8.426735911562696e-05,8.839058864396065e-06,0.0002416056377114,3.4285010769963264e-05,1.1075677321059633e-05,6.640791043536149e-05,6.947994011891553e-05,1.084686391550349e-05,0.0002340407518204,2.9446784537867643e-05,1.0592017133603804e-05,0.004959414782933849,0.0021553128123572448,0.0022092005237936,0.0095151830464601,0.0041633818764238995,0.0006729431916027999,0.00488721935544157,0.0020309536927259307,0.0024704402312636,0.0095010697841644,0.00412931572645895,0.0007067142287269,0.9995217561721802,0.0005216534173832405,0.99850732088089,0.9999454021453856,0.9997889697551727,6.794929504400082e-05,0.9995885610580444,0.00042937505136186465,0.9985589385032654,0.999932587146759,0.9998169839382172,6.505846977239438e-05,1998.9,921.2090370811611,1218,4336,1630.5,396.5,83.287,38.38478866686646,50.5,171.71,65.1,12.289999999999996,0.0752463653683662,0.00243261421415262,0.0730436168611049,0.0799084462225437,0.07413680069148534,0.0008938089013099532,0.07511618956923481,0.00211673436398669,0.0733680203557014,0.0794176384806633,0.07419029995799059,0.0005131252110004425,0.07625615820288653,0.0018775292384328914,0.0747383534908294,0.0800865367054939,0.0753407292068004,0.00032198056578635476
1,lstm,layers_3,henon_1000,0.001,,16,4,2,64,5666,4.747527245853319e-05,3.326719208331185e-05,1.025640722218668e-05,0.0001153616976807,3.7134845115360804e-05,1.9838020307361148e-05,4.632029722414667e-05,3.1473436588423984e-05,8.516413799952716e-06,0.000107292413304,3.84991926694056e-05,1.8235360585094895e-05,0.0040723513346164805,0.0012022109470845583,0.0022355031687766,0.0062170592136681,0.0040491283871232995,0.0007398361340164997,0.00418065099511291,0.0013079414506709927,0.0022033296991139,0.0069292727857828,0.0040833009406924005,0.0007884063525125501,0.9997135400772095,0.00020501406569646324,0.999300479888916,0.9999373555183412,0.9997852444648743,0.00012218952178949527,0.9997170746326447,0.00019799101235474788,0.999328911304474,0.9999475479125975,0.9997777938842773,0.0001119077205657959,926.9,88.39281645020708,777,1082,935.5,67.0,39.921,3.5504885579311467,33.7,45.61,40.36,2.625,0.0723829280212521,0.004532847856882023,0.0589105520397424,0.074908672273159,0.07366206310689445,0.0005569610744715001,0.07225346118211742,0.005426331164567312,0.0559891760349273,0.0745293572545051,0.07402184978127474,0.00017416104674340682,0.07366507500410077,0.0049338193030499175,0.0588739663362503,0.075590580701828,0.0753761790692806,0.00011288374662399986
1,lstm,layers_3,henon_1000,0.001,,32,4,2,64,21570,2.7923383640882093e-05,8.939999783355309e-06,1.9260223780293018e-05,4.963047467754223e-05,2.460855193930911e-05,4.963393621437717e-06,2.827986936608795e-05,9.08507754870089e-06,1.763608270266559e-05,4.350562085164711e-05,2.4472961740684696e-05,4.74427633889718e-06,0.0034238232066854204,0.0004275033125830861,0.0029821493662893,0.0044206250458955,0.0032856937032192503,0.00029964768327775024,0.0034734139917417797,0.0004789093319472325,0.0028267516754567,0.0043546776287257,0.0033678137697279002,0.00031896296422930025,0.9998336017131806,5.1361457977918953e-05,0.9997100234031676,0.99988454580307,0.9998529851436614,2.7775764465387542e-05,0.9998293936252594,5.5181798898082974e-05,0.999740481376648,0.9998948574066162,0.9998493790626526,3.129243850713559e-05,706.2,87.03999080882303,604,878,677.5,56.5,37.730000000000004,4.822814530955964,32.22,48.01,36.055,3.75,0.05258789709769185,0.025821607460710633,0.0086089183576405,0.0736028663814067,0.07030451893806455,0.0032753273844718447,0.05184095781296487,0.025574394681167185,0.0094275111332535,0.0732938796281814,0.06924048438668245,0.003948301076889045,0.053603122103959254,0.025628546979749835,0.0101160677149891,0.0745771080255508,0.0714315101504325,0.0031074509024620472
1,lstm,layers_3,henon_1000,0.001,,8,8,2,64,1554,5.412542068370034e-05,3.867571045998584e-05,1.0548704267421272e-05,0.000139401978231,4.079674545209855e-05,2.8782924346160144e-05,5.460199399748715e-05,4.1310498421194483e-05,1.0007378477894235e-05,0.0001387381053064,3.770624698518077e-05,2.473855920470669e-05,0.0048816947266458795,0.001796907953999056,0.0024634401779621,0.0083321221172809,0.0044821389019489,0.00142675428651275,0.005005078273825301,0.0019360587595569848,0.0024151937104761,0.0083162682130932,0.00449895125348115,0.0013515297323465501,0.9996692299842834,0.00023631695820688206,0.999148726463318,0.999937117099762,0.9997491538524628,0.00017783045768743344,0.9996601521968842,0.000258234229982335,0.9991340041160583,0.9999387860298156,0.9997648298740387,0.0001550614833830677,1545.3,202.23602547518578,1234,1952,1519.5,123.0,69.545,10.81716621856205,53.98,86.84,67.12,7.690000000000001,0.07742805723100896,0.0030658818149051515,0.0717041417956352,0.0809875108301639,0.0792795550078153,0.0012880273163318884,0.07736390605568881,0.002594666367437208,0.0735043734312057,0.0798365175724029,0.0790290869772434,0.0007340796291828017,0.07806165888905522,0.0026277576816936083,0.0740198642015457,0.0806073769927024,0.0796721652150154,0.0008846819400787007
1,lstm,layers_3,henon_1000,0.001,,16,8,2,64,5666,3.707486011989732e-05,2.4593177048038468e-05,1.343463736702688e-05,0.000105131221062,2.8244798158993945e-05,8.937530765251724e-06,3.5422602013561717e-05,2.3880089168985836e-05,1.1591677321121097e-05,0.0001028346086968,2.895501529565081e-05,6.14420605415944e-06,0.00419572198297823,0.0012177054714647571,0.0026655383408069,0.0073118573054671,0.0038678391138091,0.0005232760449871499,0.004234487214125631,0.0012291810375423056,0.0025504592340439,0.007453931029886,0.0040721037657931,0.0004462058423087001,0.9997758388519287,0.00014705101957349282,0.9993705153465272,0.9999194145202636,0.9998265504837036,5.5730342864990234e-05,0.9997844219207763,0.0001489535905410824,0.9993627667427064,0.9999346733093262,0.9998215734958649,3.927946090692691e-05,1197.3,218.01561870655044,850,1622,1232.5,126.5,60.361000000000004,11.498412455639258,42.86,83.65,62.349999999999994,6.809999999999999,0.07270850673317905,0.002648670735220025,0.0661255653947591,0.0767980135977268,0.07266736049205061,0.0006875006482005078,0.0731534786522388,0.0024995394162890543,0.0658530220389366,0.0751238241791725,0.07375296577811236,0.0003477036952972551,0.0738615676760673,0.002192690449328223,0.0675236955285072,0.0760271772742271,0.074469655752182,0.00027183070778845353
1,lstm,layers_3,henon_1000,0.001,,32,8,2,64,21570,2.879050516639836e-05,1.1368448909877406e-05,1.3282528016134164e-05,5.347400292521343e-05,2.5182103854604065e-05,7.208560418803245e-06,2.8516246129584032e-05,1.0579740291303859e-05,1.356221764581278e-05,5.087029785499908e-05,2.586428126960527e-05,5.844053703185638e-06,0.003640290489420231,0.0007117118853821452,0.0026479910593479,0.0049532344564795,0.00350599072407925,0.0004573243204504503,0.0037023159442468997,0.0006514859473970858,0.0026796325109899,0.0048178709112107,0.0035597783280536498,0.0003912261454388499,0.9998264193534852,6.675522132896927e-05,0.9996881484985352,0.9999181032180786,0.9998451471328735,4.568696022022589e-05,0.9998264074325561,6.48537660481389e-05,0.9996946454048156,0.9999152421951294,0.9998427033424377,3.874301910405942e-05,744.5,71.90305974018074,608,842,770.5,60.5,56.90500000000001,6.148920636989878,47.12,69.06,56.08,4.819999999999997,0.07131617505103344,0.004235133608033241,0.0592187732458114,0.0747876457870006,0.07246972341090435,0.0013955960050225022,0.07152343802154058,0.005565070401782166,0.055261056870222,0.075562797486782,0.0732907950878143,0.0007454119622707506,0.07280327118933198,0.005174408037030205,0.0577970333397388,0.0774944499135017,0.07430310547351834,0.0005211085081100533
1,lstm,layers_3,henon_1000,0.001,,8,16,2,64,1554,7.42693939173422e-05,5.892025227839771e-05,1.5302764950320125e-05,0.0002186316705774,5.4089585319161415e-05,3.603404911700637e-05,6.878654257888066e-05,5.71736229384306e-05,1.5990515748853795e-05,0.0002107474865624,4.8824624172993936e-05,2.6790070478455164e-05,0.005617335368879111,0.0022003486646548017,0.0029835214372724,0.0102102868258953,0.00514853000640865,0.0018025946337729497,0.00563417705707245,0.002291144601366944,0.0030750462319701,0.0109548037871718,0.0051291480194776504,0.0016176573699340005,0.999547255039215,0.0003539248931776478,0.9986900687217712,0.9999053478240968,0.9996671378612518,0.00022011995315540656,0.9995770871639251,0.00035061236406533645,0.9987043738365172,0.9999013543128968,0.9996974468231201,0.00016692280769348145,1378.4,203.0656051624696,1060,1782,1393.5,97.5,72.24600000000001,11.372698184687748,53.42,94.27,73.74000000000001,5.230000000000004,0.0784357965365052,0.002415550639941172,0.073559109121561,0.0818146660923957,0.07895058915019029,0.0018339093774557558,0.07891458570957179,0.0018883526594098967,0.074962593615055,0.0802704766392707,0.0800092704594135,0.0002549104392527979,0.07946634292602536,0.001855340450407076,0.0754495412111282,0.0807831585407257,0.0805578343570232,0.00022521987557414663
1,lstm,layers_3,henon_1000,0.001,,16,16,2,64,5666,3.835006937151775e-05,1.3777212631600461e-05,2.3020189473754726e-05,6.408849003491923e-05,3.5703700632438995e-05,7.963440111780073e-06,3.922596952179447e-05,1.4663789074674316e-05,2.3873682948760688e-05,7.169000309659168e-05,3.386465323274024e-05,6.987693268456496e-06,0.004134155530482469,0.0007586073869416783,0.0033108564093708,0.0055897682905197,0.0039042950375005,0.00040687667205929995,0.00422657036688173,0.0007764355586916945,0.0033764708787202,0.0060242912732064,0.00392546888906505,0.0003713682526722494,0.9997674226760864,8.544086637399672e-05,0.9996105432510376,0.999858856201172,0.9997826516628265,5.701184272766113e-05,0.9997613728046417,9.056109041366255e-05,0.9995622038841248,0.99985271692276,0.9997915625572205,5.0514936447143555e-05,1081.0,180.4743749123404,780,1352,1078.0,159.0,80.25699999999999,13.450997026243074,59.29,98.06,84.57499999999999,10.265,0.07317227434366938,0.00202018668341929,0.0692650489509105,0.0767486952245235,0.07316262088716025,0.0012041250243783053,0.07470588684082027,0.0014553024024775648,0.0726366713643074,0.0780685022473335,0.07461627572774884,0.0008968338370323459,0.07483348250389092,0.0016490273762940217,0.0728872567415237,0.0788630545139312,0.07446895539760584,0.0009185560047626495
1,lstm,layers_3,henon_1000,0.001,,32,16,2,64,21570,4.5284629595698786e-05,2.1240247982839812e-05,1.815747600630857e-05,8.830743172438815e-05,4.3083509808639064e-05,1.1842119420180097e-05,3.7441625318024306e-05,1.4003155314517235e-05,2.310686613782309e-05,6.44574683974497e-05,3.324352474010084e-05,7.27776478015585e-06,0.0041262155631556705,0.0007975556738952705,0.0030327280983328,0.0058224806562066,0.00402081257198,0.0004626453155651498,0.00395550522953268,0.0005975074394922847,0.0034135917667299,0.0053636943921446,0.0037183403037488,0.0002592363161966001,0.9997267723083496,0.00012994501550584676,0.9994567036628724,0.999892234802246,0.9997371435165405,7.024407386774234e-05,0.9997720837593078,8.802250720345562e-05,0.9995996356010436,0.9998647570610046,0.9997987151145935,4.366040229791812e-05,796.1,96.39030034189125,641,984,790.0,65.0,92.31,9.603814867020292,75.14,103.31,95.53999999999999,5.215000000000003,0.06995010795071717,0.0066011474314204895,0.0506257334724068,0.0740578539669513,0.07226438801735635,0.0007816195487976019,0.07172182016074652,0.006705467929890363,0.05227767303586,0.0756433606147766,0.07442606985569,0.0005980618298053464,0.07188614234328265,0.006257367619408374,0.0536866262555122,0.0761078894138336,0.07438588514924045,0.0007263496518135001
1,lstm,layers_1,henon_1000,0.001,,8,4,4,64,402,0.020376418298110318,0.010421474616716447,0.0027907048352062,0.0363480970263481,0.020433905534446198,0.00812657875940205,0.016054868744686195,0.009159281087665649,0.0029367925599217,0.0307916905730962,0.01416184753179545,0.00658155512064695,0.09541055001318449,0.03127787313857175,0.0386427976191043,0.1425675004720688,0.09489775449037545,0.0236870534718037,0.08638849370181557,0.029114517109402688,0.0379922501742839,0.1308855265378952,0.08202520012855524,0.020859889686107656,0.8618657350540161,0.07534224111926159,0.7409263849258423,0.9825135469436646,0.8654510378837585,0.059061408042907715,0.891661775112152,0.06532042694540703,0.783778965473175,0.9814462661743164,0.9069927632808685,0.04582655429840088,12772.9,3589.4216929750673,7559,19601,12196.5,2616.5,273.86,71.37020316630743,160.84,412.23,259.835,37.719999999999985,0.07513676766306158,0.0016384942900660806,0.0725595213472843,0.0777429588139057,0.07493103928863995,0.0011638659983873034,0.07418342828750607,0.0017769345274615527,0.0718947201967239,0.0771047249436378,0.07358501851558685,0.0016041472554206501,0.07560178637504572,0.0016900434374574186,0.0734702721238136,0.078706257045269,0.07500899955630294,0.0014771856367587419
1,lstm,layers_1,henon_1000,0.001,,16,4,4,64,1314,0.005747994396369861,0.0035090877481489427,0.0015140782343223,0.0125734638422727,0.00574757880531245,0.00325738091487435,0.00460691658081481,0.0025722990499761544,0.0014036975335329,0.0100293448194861,0.00407920312136405,0.0022723157890141,0.045124742947518774,0.013359951408991074,0.0272957347333431,0.0711214542388916,0.0461157318204641,0.01096150279045105,0.04222151301801201,0.010614760737617874,0.0270296446979045,0.0633216053247451,0.041783109307289096,0.00803017988801005,0.963649046421051,0.022613322579171043,0.9187343120574952,0.9905642867088318,0.9638167023658752,0.020737379789352473,0.9706455290317535,0.016684822038058638,0.9350325465202332,0.991183876991272,0.9742414057254791,0.014831453561782781,10183.5,2092.9272920959297,7184,13278,9921.5,1824.0,225.173,45.1942713294506,158.96,291.42,220.515,38.21499999999999,0.07212397929280993,0.0011714304224067903,0.0702540080994367,0.074015137925744,0.07198140099644659,0.0008404795080423424,0.07116523906588552,0.0006545032804974034,0.0703054741024971,0.0722419694066047,0.07116574421525,0.0005548819899559021,0.07278172373771662,0.0006039136184811504,0.0720422267913818,0.0737263038754463,0.0727471709251403,0.0006267987191677024
1,lstm,layers_1,henon_1000,0.001,,32,4,4,64,4674,0.00195617569843302,0.0009515575010756637,0.0009840005077421,0.0038298568688333,0.0014629599754698002,0.00027753348695115003,0.00177083843154828,0.0007791622373730588,0.0008692065021023,0.0034114839509129,0.0014507108717225,0.00028812524396924994,0.02715980000793929,0.0071220148306258,0.018355568870902,0.0404014214873313,0.02434768620878455,0.0034970128908752996,0.026210447587072788,0.006142219789478012,0.0173649564385414,0.0372945219278335,0.0237389244139194,0.0038163689896464487,0.9879188776016236,0.005941028468516491,0.9763010144233704,0.9938899874687196,0.9909272491931915,0.0016691386699675959,0.988869059085846,0.0049688244730826435,0.9783864617347716,0.9945535063743592,0.9909038543701172,0.0018616020679473877,6457.2,1288.5874281553424,4430,8400,6311.5,1112.0,161.541,32.19451457935031,111.36,214.96,156.65,24.159999999999997,0.0711205173283815,0.0012244857684557625,0.0696363247931003,0.0735578455030918,0.0712600527331233,0.0011765835806727548,0.07029465883970255,0.0005760682900662875,0.0694206282496452,0.0713606849312782,0.07046116143465034,0.00040037184953689575,0.07229834794998165,0.00048337213038431525,0.0714030563831329,0.0730392336845398,0.07245527580380434,0.0003502480685711046
1,lstm,layers_1,henon_1000,0.001,,8,8,4,64,402,0.04867219775915142,0.011805019534562068,0.0316692665219306,0.0671831741929054,0.04901580139994615,0.010877002030611052,0.04153984207659954,0.01284418584458851,0.0209578424692153,0.0614091455936431,0.041045282036066,0.011799378320574752,0.16972594261169432,0.028402740136374546,0.1284806877374649,0.2110885083675384,0.1698036715388298,0.02799712866544725,0.15560882389545436,0.03130120603540325,0.1065743938088417,0.2018511295318603,0.15403094887733454,0.0311937443912029,0.6288969695568085,0.12379360287446359,0.421484112739563,0.7909820079803467,0.6422155201435089,0.10797309875488281,0.6835642725229263,0.11962558853614111,0.4826541244983673,0.8589490056037903,0.6986303627490997,0.1075720489025116,4718.8,1860.0407414892825,1253,7080,5497.0,666.0,106.774,41.077713470932146,28.04,160.21,122.17500000000001,16.910000000000004,0.07520748641341922,0.001653041257134187,0.07294487580657,0.0782268363982439,0.07531869262456889,0.0012071520090102955,0.07459632009267803,0.0016268579682136234,0.0726353824138641,0.0769456252455711,0.07405884936451909,0.0014230981469154427,0.0757850438356399,0.0014621813499359267,0.0740907192230224,0.0778765603899955,0.0752955339848995,0.0011674314737320432
1,lstm,layers_1,henon_1000,0.001,,16,8,4,64,1314,0.05688388459384436,0.010365026752998122,0.0298941880464553,0.0669657066464424,0.05835766904056065,0.006339173763990402,0.049618656933307595,0.008998632242730153,0.0266641117632389,0.0595143586397171,0.0521275587379932,0.0037312917411327015,0.1891786530613899,0.027175121739053367,0.1183801740407943,0.2128007262945175,0.19829642027616495,0.012166015803813934,0.17576013505458826,0.024258874624407737,0.1160957068204879,0.2024364471435547,0.1821265742182731,0.010582052171230288,0.5520650953054428,0.10789179836655287,0.4221013784408569,0.8093826770782471,0.5356583595275879,0.07573418319225311,0.6133622348308563,0.0868619787958767,0.5049446821212769,0.8221716284751892,0.5926225483417511,0.04191845655441284,2361.7,1519.3750721925117,1029,6471,1921.0,717.0,57.342999999999996,37.326565352306396,24.81,158.52,46.33,16.975,0.07284928970038887,0.0011847068297346347,0.0716110847890377,0.0747684642672538,0.07218249104917045,0.0005495544523000453,0.07191990539431568,0.0005297303668064814,0.0711856484413147,0.0729010850191116,0.07183647155761716,0.00033807754516600175,0.07341341376304622,0.0004743760836570939,0.0727545171976089,0.0743205845355987,0.07322620227932924,0.00025627017021175036
1,lstm,layers_1,henon_1000,0.001,,32,8,4,64,4674,0.06176407970488067,0.004139782122761354,0.0515555292367935,0.0659851655364036,0.06302920728921885,0.0022580511868000516,0.05355967134237284,0.0051097395173988,0.0417529195547103,0.0597377121448516,0.05495256185531615,0.002344422042369801,0.19919391423463817,0.01329172632633813,0.1629405617713928,0.2109213322401046,0.20389840751886365,0.0041527450084686,0.1837085038423538,0.014078667435679823,0.147836372256279,0.1971094012260437,0.18677280843257899,0.00849742442369461,0.5141703426837921,0.05086374759597288,0.4700245261192322,0.6447872519493103,0.4991833567619324,0.024153366684913635,0.577561742067337,0.05303015723671212,0.5154171586036682,0.7011173367500305,0.5633139610290527,0.026886940002441406,1190.5,397.09501381911105,840,2315,1111.0,129.5,35.187,11.577248420933186,24.5,67.71,33.285,3.5350000000000037,0.0717494579032063,0.001097204740320552,0.0701619528234005,0.0734028805047273,0.07175143025815481,0.0010084364563226547,0.07113566324114798,0.0006074824607255842,0.0700918436050415,0.0724341869354248,0.071047481149435,0.0002544522285461495,0.07270318120717999,0.0006195921898951996,0.0720549896359443,0.0740273967385292,0.0724665336310863,0.0003611631691455494
1,lstm,layers_1,henon_1000,0.001,,8,16,4,64,402,0.056351763755083016,0.009893113565206358,0.0386838987469673,0.0657829865813255,0.06259808316826815,0.002640720456838601,0.05183172263205047,0.008733543063798015,0.0353467427194118,0.0631232783198356,0.05581120587885375,0.0055816676467656985,0.19328780174255367,0.020646028714182696,0.158676192164421,0.2119075655937194,0.20722912251949305,0.004115737974643707,0.18498277515172953,0.01966483816639742,0.1479707509279251,0.2098913937807083,0.193650834262371,0.01299413293600081,0.5398670703172683,0.10690820355156325,0.4261671006679535,0.7202749848365784,0.47746703028678894,0.04030802845954895,0.586562579870224,0.0899754582564726,0.4585601687431335,0.7470633387565613,0.5501915216445923,0.062563955783844,2118.9,784.4865135870725,1262,3352,1749.0,425.0,53.323,19.90085427814595,31.23,85.43,44.685,12.010000000000003,0.07537258595228191,0.002096154425723394,0.0707760944962501,0.0788746193051338,0.0755458569154143,0.0009759509935974922,0.07485302835702894,0.0017094317478624267,0.0727825164794921,0.0776209905743599,0.07420128211379051,0.0012299716472626565,0.0755145318806171,0.0016426260437217887,0.073544256389141,0.078184962272644,0.07488527148962021,0.0012024641036988068
1,lstm,layers_1,henon_1000,0.001,,16,16,4,64,1314,0.06565044671297068,0.0015040549138234138,0.0639714151620864,0.0681696012616157,0.0656056851148605,0.0013433508574962408,0.06125335060060018,0.003983293186193903,0.0553116016089916,0.0664914324879646,0.06102868355810635,0.003475561738014204,0.21197303682565685,0.004295781940691849,0.2029488384723663,0.2204649597406387,0.21202819794416422,0.0018620193004608432,0.20564042627811432,0.00925103615934534,0.1930704563856125,0.2165827006101608,0.20488629490137095,0.010314486920833615,0.4349014610052109,0.025144267177776056,0.3938704431056976,0.4724250137805938,0.4361519515514374,0.02283233404159546,0.4830777645111084,0.051970249725454984,0.4150047600269317,0.554796576499939,0.48700931668281555,0.046638667583465576,850.8,171.7945284344062,569,1117,824.5,154.0,24.814,4.366486459385853,17.81,31.8,24.435,3.375,0.07282970219850537,0.0014765209840296356,0.0702449660748243,0.0748610138893127,0.0730763858184218,0.0013083534315228504,0.07211429029703138,0.0005119329464809307,0.071485586464405,0.0730790495872497,0.0720255300402641,0.00031130015850065057,0.07297015115618702,0.0004931514122930347,0.0723495185375213,0.0738992616534233,0.0729008987545967,0.00031563639640804636
1,lstm,layers_1,henon_1000,0.001,,32,16,4,64,4674,0.06640236005187031,0.0024759339695380814,0.0626188442111015,0.0705769881606102,0.0661710016429424,0.0015562251210212985,0.062286764383316005,0.0029576804699031744,0.0573925822973251,0.0677249953150749,0.061874685809016144,0.0014799609780311515,0.2130059972405433,0.005333244703994318,0.2045313119888305,0.2229630351066589,0.21140744537115094,0.0036271438002586504,0.2073655635118484,0.0062463647947482185,0.1957249790430069,0.2197230458259582,0.2062320783734321,0.0018446370959281921,0.4235451310873032,0.03278062219656568,0.3592624366283417,0.4719522297382355,0.42688807845115656,0.02380773425102231,0.47030646204948423,0.04082987393001574,0.3915640413761139,0.5320519208908081,0.47706662118434906,0.01854664087295535,556.6,102.78540752460925,431,775,554.0,88.5,21.331,4.017495364029683,16.85,29.87,21.05,3.2349999999999994,0.07182363599538799,0.0014009459937876353,0.0689897879958152,0.0739334978163242,0.07190416939556596,0.0010380154475570016,0.07118445932865136,0.00046442265466181725,0.0702064335346221,0.0719411149621009,0.0712492354214191,0.0002895928919314922,0.0718589827418327,0.0005413968401977991,0.0709637254476547,0.0728424340486526,0.07181388512253756,0.0004409961402416507
1,lstm,layers_2,henon_1000,0.001,,8,4,4,64,978,0.0040387040760833295,0.005252947099513541,0.0006968838279135,0.0182463135570287,0.0014446476125158,0.0005440384557005001,0.00297133973217565,0.0031518630392278887,0.0008181923767551,0.011251307092607,0.00138651125598695,0.0004996372445020999,0.03457572087645527,0.018970978236990135,0.0180628839880228,0.0784174725413322,0.0246204156428575,0.005157969892024949,0.03234737608581778,0.01440791068566451,0.0190229974687099,0.0638231486082077,0.02483748923987145,0.0048254122957587,0.9740713000297546,0.03461916249091847,0.879826545715332,0.9957417845726012,0.9910024404525757,0.0034672915935515247,0.9810223639011383,0.020516992917688295,0.92684143781662,0.9948818683624268,0.991287887096405,0.003174751996993963,8104.7,2404.269246569527,4661,14205,7679.0,910.0,247.717,70.50279924229959,147.66,427.65,235.32,26.99500000000002,0.07726711452007289,0.002321017062388262,0.0736665550619363,0.0805549465119838,0.07709076628088946,0.0018837459385395022,0.07665284499526018,0.002389057929969155,0.0717822685837745,0.0793173387646675,0.07715551927685729,0.001695018261671094,0.07767484709620473,0.002186358263155333,0.0733843594789505,0.0803190916776657,0.07792510464787475,0.0015784725546836506
1,lstm,layers_2,henon_1000,0.001,,16,4,4,64,3490,0.0008117299963486902,0.00030829568739472,0.0003106048970948,0.0015470728976652,0.0007513900927733,0.00015011397772470003,0.00078587066964242,0.00029740876833627105,0.0003148927935399,0.0014567663893103,0.00074582433444445,0.0001809150562622,0.017866028845310158,0.0031179497425351333,0.0120198838412761,0.0242999028414487,0.017482490278780398,0.0016005039215087474,0.01824510972946877,0.003417213095228447,0.012006583623588,0.0251810383051633,0.0178566854447126,0.0014955997467040998,0.9949695646762848,0.0019237829670143232,0.990357220172882,0.9980766177177428,0.9953250288963318,0.0009050965309143622,0.9950779438018799,0.0018713752964897128,0.99083811044693,0.9980280995368958,0.995324045419693,0.0011149644851684015,3566.4,666.7247108064917,2361,4742,3595.0,563.5,117.01700000000001,22.875882955636925,77.92,154.78,116.16,20.119999999999997,0.073115420974791,0.0021592021011733412,0.0704701770097017,0.0765259712934494,0.07326931506395334,0.0022734349593519915,0.07246586382389061,0.001816899018679096,0.0699831023812294,0.0761371776461601,0.07223647832870475,0.001402210444211953,0.0740014865994453,0.0015443992158993398,0.0717755705118179,0.0770709663629531,0.0737049803137779,0.0011131167411804477
1,lstm,layers_2,henon_1000,0.001,,32,4,4,64,13122,0.00045308723492778005,0.00020425436043570378,0.0002294704754604,0.0008986493339762,0.00036599161103365,9.694852633404999e-05,0.00036840968241444997,0.00016167108453070338,0.0001717236882541,0.0007688859477639,0.00032851885771375,6.197011680340002e-05,0.012929633166640938,0.0021039535058010534,0.0102596711367368,0.0180869083851575,0.012408403679728449,0.0010342206805944495,0.0128478306345641,0.002106045261507289,0.0094948569312691,0.0175995994359254,0.01246675662696355,0.0006823642179370005,0.9972037076950073,0.00126886161051771,0.9944159388542176,0.9985779523849488,0.9977328181266785,0.0005949735641478937,0.9977087140083313,0.00100719926984849,0.9951913952827454,0.9989237785339355,0.9979406297206879,0.0003666579723357599,2378.0,383.809588207486,1945,3067,2256.0,240.0,93.005,13.883733827756854,79.39,118.19,88.2,8.320000000000007,0.07047126971185202,0.0009004467215454011,0.0695506710559129,0.0723919346928596,0.07007855661213395,0.0005235880613327568,0.07013811692595476,0.0012814767950501207,0.0691596344113349,0.0735251531004905,0.06956296041607851,0.0003891885280609131,0.0723245874047279,0.0010281891067689384,0.0713986083865165,0.0751004368066787,0.07212958857417104,0.0004855878651142398
1,lstm,layers_2,henon_1000,0.001,,8,8,4,64,978,0.012878787820227389,0.009959071271216305,0.0010546201374381,0.0315973721444606,0.013483068905770751,0.00943407113663855,0.00926018668105822,0.006839451384194534,0.0007733049569651,0.0217972286045551,0.00953272869810455,0.00621503288857635,0.06667559277266258,0.03328001748769438,0.0213790517300367,0.1200399473309516,0.0743535086512565,0.02901152148842815,0.059266659617423986,0.027189604732617837,0.01915243268013,0.098820261657238,0.06761020608246325,0.0220333989709616,0.917990219593048,0.06576552540839813,0.7870545983314514,0.9934963583946228,0.9172278642654419,0.05784732103347778,0.9393601596355439,0.04584187231321444,0.8529815673828125,0.9951539635658264,0.9388927817344666,0.041378557682037465,4920.0,1437.531634434526,2732,8487,4770.5,612.5,164.543,46.09037449403075,91.22,276.24,161.54500000000002,21.114999999999995,0.07765654616057868,0.0026341331430869124,0.073477217555046,0.0822970181703567,0.07837431654334065,0.0012579195201396498,0.07721439823508258,0.00271115737823257,0.0709780305624008,0.0795633047819137,0.07824562862515445,0.0011678747832774908,0.07813792973756785,0.0025544629299510866,0.0722648352384567,0.080377496778965,0.0790113806724548,0.0012170746922492426
1,lstm,layers_2,henon_1000,0.001,,16,8,4,64,3490,0.01975183379836376,0.008538831208079963,0.0046488824300467,0.0314273983240127,0.02039878908544775,0.005229610018432151,0.012535630585625698,0.004350304405243925,0.0039568883366882,0.0174938589334487,0.013651492539793201,0.002548994962126001,0.0795308124274015,0.02204630730629665,0.0365406423807144,0.1092360019683837,0.08407204225659365,0.01420440897345545,0.06667947731912131,0.016921601599858827,0.0346108451485633,0.0884445086121559,0.06734847649931905,0.012751929461956048,0.8793605148792267,0.05177795463200689,0.8149169683456421,0.9713636636734008,0.8773751258850098,0.036726951599121094,0.9193023085594177,0.02879181131625521,0.8845656514167786,0.9749590158462524,0.9132941961288452,0.017674148082733154,2792.7,790.9575273047219,1714,4503,2711.5,507.0,103.326,29.07662194960068,63.58,164.17,99.76,20.800000000000004,0.07434693880379196,0.0023633405257877174,0.0712357081472873,0.0777978412806987,0.07383913137018674,0.0020090695470570963,0.07384021878242487,0.0023210746378755655,0.070379614830017,0.0779862105846405,0.07342741265892974,0.0013805963099003046,0.0749532915651798,0.0021173081956224597,0.0717297866940498,0.0787426754832267,0.07456774264574051,0.0011850818991661002
1,lstm,layers_2,henon_1000,0.001,,32,8,4,64,13122,0.020632810052484234,0.007172105665970603,0.008747381158173,0.033926572650671,0.02231300529092545,0.0028038751333952,0.013870165869593571,0.007168588314840164,0.0052165342494845,0.0327618531882762,0.013185782358050301,0.0017067827284335995,0.07777429409325119,0.017886459733181995,0.0497276857495307,0.1115693300962448,0.08189978078007695,0.006068907678127296,0.06552956923842425,0.018972475842026697,0.0376350507140159,0.1111590936779975,0.0655746571719646,0.006664257496595348,0.875786817073822,0.042748366381335716,0.7941632866859436,0.9455341100692748,0.8654188513755798,0.012359082698822021,0.9107259094715119,0.04731236889440749,0.7853371500968933,0.9670998454093932,0.9149297177791595,0.01079106330871582,1951.5,638.3991306385058,1257,3290,1794.5,431.5,99.62899999999999,31.2674896497944,64.72,157.44,94.175,25.64,0.0709940062463283,0.002345341156171508,0.0656185317784547,0.0745052803307771,0.07094572633504864,0.00124285332858564,0.07075171619653696,0.0017634012687170809,0.0671818405389785,0.0746743753552436,0.0706998817622661,0.0007334984838962555,0.07233230844140048,0.0014762217056150917,0.0695342943072319,0.0756953135132789,0.0721866078674793,0.00041405856609345176
1,lstm,layers_2,henon_1000,0.001,,8,16,4,64,978,0.01957794667687263,0.0071411791660144575,0.003592382883653,0.0278379991650581,0.022473254241049248,0.0035699037835001998,0.016841502918396083,0.007173024823424963,0.0016009995015338,0.0252193827182054,0.0186764318495988,0.0035688001662492978,0.09883407466113565,0.026648974693419432,0.0369964428246021,0.123154416680336,0.11060646176338196,0.008722525089979151,0.09215487372130152,0.027291206222961027,0.0281344410032033,0.1178974136710167,0.10167343169450754,0.012085769325494808,0.8693960964679718,0.04937596179792559,0.8126405477523804,0.9774628281593324,0.8489048779010773,0.027065306901931763,0.8875930488109589,0.04923108659369232,0.82869553565979,0.9901031851768494,0.8755805790424347,0.025818228721618652,2269.6,803.4769691783331,1359,3780,2148.5,701.0,87.44500000000001,32.22692050134483,52.59,151.35,81.57499999999999,26.89499999999999,0.07794156044721598,0.0030431901186258148,0.0719139371067285,0.0811810746788978,0.0781546965241432,0.0026068501174449574,0.07741352543234821,0.002177579445882831,0.0732847228646278,0.0797008499503135,0.0781505666673183,0.0013441070914268424,0.07787517905235283,0.002134353549339201,0.0739189535379409,0.0801195874810218,0.07862321287393564,0.0012887455523014
1,lstm,layers_2,henon_1000,0.001,,16,16,4,64,3490,0.05154303619638081,0.01669133636047593,0.0131144998595118,0.0677625238895416,0.056670736521482454,0.007531858980655649,0.04558795578777785,0.017523943426916138,0.0107715278863906,0.0658841207623481,0.0508916806429624,0.010307675227522847,0.17255964353680606,0.04292326940524933,0.07542584836483,0.2134905010461807,0.19024629890918726,0.017524287104606642,0.16327322870492936,0.04368986907066554,0.0707585662603378,0.2114420086145401,0.17657887935638425,0.025862328708171803,0.5984611570835113,0.15488085107602637,0.3974441885948181,0.9165729880332948,0.5671887993812561,0.10306903719902041,0.6433632165193558,0.15869645527591814,0.4220964610576629,0.9301952123641968,0.6051433980464935,0.11274680495262146,934.1,429.2000582478991,483,2043,814.5,229.0,45.852,20.77925446208309,22.94,99.06,39.535,11.544999999999998,0.07464439433068033,0.0029456052141531982,0.0710764396935701,0.0801131151616573,0.07400710284709924,0.0008196908980608042,0.07399326860904688,0.0025811905284109453,0.0703609883785247,0.0787584856152534,0.0729996114969253,0.0014529153704643458,0.07453264817595479,0.0025403014548101123,0.0707166567444801,0.0791713669896125,0.073527205735445,0.001371726393699646
1,lstm,layers_2,henon_1000,0.001,,32,16,4,64,13122,0.06099826879799362,0.0033969837411049458,0.0554214790463447,0.0661767572164535,0.06105737574398515,0.002758014947175952,0.055502519384026484,0.004839360406448112,0.0475109554827213,0.0631419196724891,0.05480275675654405,0.004352904856204997,0.20151712894439694,0.00936764249713116,0.1886845827102661,0.2164896577596664,0.2004652991890907,0.00916357338428496,0.19141428172588343,0.012111950719574145,0.173327550292015,0.208541914820671,0.1911883652210235,0.01137106865644455,0.5059149384498596,0.0509560882784377,0.4295496642589569,0.5774554014205933,0.5094589293003082,0.04323139786720279,0.5542638957500458,0.05753648565650921,0.4583787620067596,0.6439089179039001,0.567319244146347,0.05242675542831421,469.9,56.49504403042801,400,550,472.0,54.5,32.774,4.515190361435495,26.7,39.18,31.965000000000003,4.189999999999998,0.0716029398888349,0.0015649130603390005,0.0682581473141908,0.0730576105415821,0.071989955753088,0.0006380317732690918,0.07108640894293783,0.0015145215554740507,0.0695924684405326,0.0753936842083931,0.07064580172300336,0.00031887739896771516,0.07152163535356518,0.0014767056917430088,0.0698089525103569,0.075616106390953,0.07114300504326815,0.0003321915864944458
1,lstm,layers_3,henon_1000,0.001,,8,4,4,64,1554,0.00476165956060861,0.005955995667821645,0.0002570380165707,0.0167975611984729,0.00191117421491065,0.0012736565840895998,0.00328756318776863,0.0038138546110228965,0.0003429148637223,0.0117107471451163,0.0011659773008432,0.0007565270643682001,0.03397842301055784,0.022416525140990632,0.0108463624492287,0.0775407701730728,0.025377487763762398,0.00980294682085515,0.031096120737492995,0.01717164923095054,0.0119271716102957,0.0642841830849647,0.023792109452187953,0.011350015178322802,0.9693310141563416,0.03903065875455275,0.8902955055236816,0.9984009861946106,0.9880749881267548,0.007786273956298773,0.9789746284484864,0.02462007341100908,0.9246423840522766,0.99784916639328,0.9926748871803284,0.0047573149204254706,3851.2,549.905046348913,3026,4696,3749.0,564.0,155.603,23.286208386081235,122.57,187.16,152.51999999999998,23.115000000000023,0.07886209331452843,0.0016420370992424576,0.0770440727472305,0.0811892718076705,0.07843923084437845,0.0013599883764982487,0.07845373004674906,0.0008046482974422249,0.0771959498524665,0.0794045627117157,0.0784503705799579,0.0007029473781585555,0.07929911985993382,0.0008454787439824278,0.0779478326439857,0.0802701413631439,0.0793834216892719,0.0007813014090061535
1,lstm,layers_3,henon_1000,0.001,,16,4,4,64,5666,0.00045839464582962994,0.0001832232112886979,0.000214053390664,0.0007102439412847,0.00044573655759444996,0.00019410157983655005,0.00039809236186552,0.00017361840619897846,0.0001569244486745,0.0007651450578123,0.00034645080449985,8.554055239074997e-05,0.012857552245259238,0.0023635673228887886,0.0096256248652935,0.0166855249553918,0.0128035740926861,0.0022115465253591503,0.012597826775163351,0.0024718029013181316,0.0091346036642789,0.0163649357855319,0.0128358951769769,0.0021916651166975507,0.997180700302124,0.0011130839445779922,0.9956437349319458,0.9986722469329834,0.9972276985645294,0.0011383593082428534,0.9975148737430573,0.001083635573896289,0.9952197670936584,0.999021291732788,0.9978427588939668,0.0005239844322204035,2673.6,510.1219854113328,1987,3730,2571.5,359.5,118.06800000000001,21.347640993796013,86.04,158.35,114.785,14.559999999999995,0.07484945002943273,0.002861415410784437,0.0699853669852018,0.0789735071361064,0.0750824034214019,0.0012445939704775963,0.07454956248402592,0.002546463769528863,0.069397784769535,0.0787862092256546,0.07474860176444051,0.0015499480068683485,0.07603822275996205,0.002237933520662679,0.0716714784502983,0.0796669200062751,0.07621092349290845,0.0014425329864024977
1,lstm,layers_3,henon_1000,0.001,,32,4,4,64,21570,0.00015746991557531327,6.190070465093487e-05,6.155799928819761e-05,0.0002537323744036,0.00015534531848965,5.3530628065349997e-05,0.0001602064374310106,5.7689202804953965e-05,6.089610542403534e-05,0.0002518446999602,0.00015374692156904998,4.935474862580001e-05,0.00812414465472097,0.0013138172888808428,0.005548033863306,0.0103749940171837,0.00823715562000865,0.0006816042587161003,0.008506193943321649,0.0013420004236515354,0.0056867212988436,0.0102557614445686,0.008926368318498051,0.0007779262959957001,0.999030613899231,0.00038359782701764215,0.9984302520751952,0.9996218085289,0.9990459084510803,0.0003349781036376953,0.999007248878479,0.00035683831657279137,0.9984717965126038,0.9996195435523988,0.9990510046482086,0.0003200173377991278,1700.8,243.8457709290854,1323,2105,1601.5,82.5,89.752,13.0187186773507,71.43,111.17,82.965,4.519999999999996,0.07117066215723747,0.0014746715720814897,0.0680927529931068,0.0736878968775272,0.0712761109694838,0.001032321341335747,0.07054913267493243,0.0006600083436551226,0.0694888606667518,0.0714761763811111,0.0707059614360332,0.00044200941920280457,0.07261171340942378,0.0007242574290935576,0.0715425312519073,0.073540985584259,0.07272434607148165,0.0006065778434276511
1,lstm,layers_3,henon_1000,0.001,,8,8,4,64,1554,0.01161544031929222,0.010517729249270975,0.0014227028004825,0.032472088932991,0.0074445274658501,0.00598318374250085,0.007412273599766149,0.007405519313268464,0.0010137418285012,0.0277168415486812,0.0055182073265313495,0.0033791452297009497,0.05808937828987833,0.0314127101025977,0.0232871789485216,0.1256790608167648,0.0481795091181993,0.0245510526001453,0.050054453127086104,0.0260485697875599,0.0210839360952377,0.1132061332464218,0.04529703781008715,0.017587061971426003,0.9280574321746826,0.06543619507201337,0.7877280116081238,0.9912644028663636,0.9543353021144867,0.03670030832290655,0.9519630432128906,0.04944261914770348,0.8154892921447754,0.9936372637748718,0.9648717045783997,0.021536439657211304,3867.8,1267.6491470434553,2187,6437,3812.0,949.0,170.387,54.452795162415676,95.71,278.12,171.565,37.849999999999994,0.07976200513541694,0.0013044297522233404,0.0782148629426956,0.0826057076454162,0.07923149652779095,0.0005795404314994992,0.07960582748055456,0.0004042578412216454,0.0785333439707756,0.0798897519707679,0.0797760859131813,8.396059274669299e-05,0.08038834482431408,0.00044480976529512724,0.0793317556381225,0.0807183757424354,0.08058269694447515,0.00010288134217260186
1,lstm,layers_3,henon_1000,0.001,,16,8,4,64,5666,0.0068776082276599,0.006078540326248348,0.0003101671172771,0.0195038635283708,0.0047114139888434995,0.00408386792696545,0.00564909055829045,0.004812896839558408,0.0003567482926882,0.016058636829257,0.0042110568610951,0.00368178781354805,0.044776528235524846,0.024595972504701503,0.0114090042188763,0.0888124704360961,0.0407690536230802,0.021171885542571548,0.040628674905747134,0.02101458930876631,0.0120683414861559,0.0801388919353485,0.03918031044304365,0.017764806747436503,0.9566022038459778,0.039308785849516574,0.8725081086158752,0.9980849623680116,0.9714881777763367,0.024638772010803334,0.9636690437793731,0.03146537944954257,0.8948132395744324,0.9977747201919556,0.9734494686126708,0.023285597562789973,1679.9,376.8990448382696,1276,2360,1548.0,210.5,84.707,19.76484001959034,65.12,120.99,77.5,10.950000000000003,0.075898518115282,0.004175156832396833,0.0665065109729766,0.081531348451972,0.07684565111994734,0.002655347064137503,0.07558439448475836,0.0038983178741012468,0.0665753036737442,0.0797186493873596,0.07634189352393145,0.0027192570269108027,0.0765694342553615,0.003600918267588102,0.0681991204619407,0.0804904028773307,0.0772412829101085,0.0023821666836739003
1,lstm,layers_3,henon_1000,0.001,,32,8,4,64,21570,0.00527676208293993,0.005476875987512665,0.0003859492135234,0.0171195454895496,0.002046869136393,0.00157656590454275,0.00304092585283792,0.0034720831354589205,0.0003650666039902,0.0120239537209272,0.0015497962594962999,0.0011087682505604,0.03203856414183969,0.01805924582122299,0.0121008772403001,0.0668908730149269,0.02508376818150275,0.01212776312604545,0.02585522634908552,0.0138652209330457,0.0113822184503078,0.0549343675374984,0.02070455439388745,0.0083072897978127,0.9673367321491242,0.03400493517574512,0.8931303024291992,0.9976174235343932,0.9874516725540162,0.00964933633804299,0.980914044380188,0.021740697765901276,0.9249473810195924,0.9977272152900696,0.9902742505073547,0.00701412558555603,1670.9,352.42430392922677,1367,2576,1563.5,154.5,126.68499999999999,27.230161310576182,102.66,195.78,117.71000000000001,10.199999999999996,0.07243436817079776,0.0012340471965361726,0.0696929894387722,0.0738118104636669,0.07275872938334935,0.0007741367444396019,0.07180851250886913,0.001326370351728164,0.0698723718523979,0.0735558718442916,0.07133840397000304,0.0010882131755351396,0.07320423498749727,0.0012629742765632049,0.0715920552611351,0.0752336904406547,0.07253840565681455,0.000759843736886999
1,lstm,layers_3,henon_1000,0.001,,8,16,4,64,1554,0.01117835054174061,0.01868098341127441,0.00050973292673,0.0630887821316719,0.00297178863547735,0.0022815845441073,0.01013119833514789,0.017944043426511853,0.0001360385067528,0.0617521479725837,0.0034834159305319,0.0017310619587078502,0.0547950470820069,0.05597358161830422,0.0114509174600243,0.2017789185047149,0.03291284106671805,0.0133600775152445,0.05427385484799739,0.05427399724761965,0.0082487566396594,0.1992167979478836,0.0369333494454622,0.011148733086884001,0.9192847013473511,0.1455752531030679,0.505451500415802,0.9968574047088624,0.9814245104789734,0.014310836791992243,0.9259111523628235,0.1418395052665211,0.5125263333320618,0.9991588592529296,0.978173017501831,0.011117964982986395,2475.9,987.0388492860856,1183,4297,2359.5,241.5,129.3,52.218103565717506,63.13,223.84,122.84,13.170000000000002,0.08009800158441062,0.0019142244117770141,0.0764748334884643,0.0826073251664638,0.08076179921627041,0.000857492536306341,0.07982885167002673,0.0001000766330896769,0.0795465856790542,0.0798889249563217,0.07987640425562856,1.0509043931940243e-05,0.08023179322481153,9.447395454683482e-05,0.0799692720174789,0.0802970677614212,0.0802731439471244,2.0761042833404575e-05
1,lstm,layers_3,henon_1000,0.001,,16,16,4,64,5666,0.01580746831750725,0.020472838905915385,0.0002007357688853,0.0558290742337703,0.0028929837280884,0.00224141164653705,0.014166580999153619,0.01844835918938312,0.0001501923834439,0.0498684868216514,0.00236792402574785,0.0017869742150651,0.06788109317421909,0.06031751765599017,0.0091072469949722,0.1698986291885376,0.0326182590797543,0.018656319938600046,0.0641020380891859,0.05758075194415546,0.0088002039119601,0.1699399203062057,0.0304574398323893,0.0158160771243274,0.8900375664234161,0.1451923277607507,0.6207389831542969,0.9987520575523376,0.9818655550479889,0.014081388711929321,0.8989387452602386,0.13574320376762541,0.626609742641449,0.999073565006256,0.9851466417312622,0.011219143867492565,1326.5,455.285240261531,583,2060,1308.5,379.0,101.807,34.62567719193373,39.99,152.91,102.985,28.295,0.07820092052221292,0.0025918754097476876,0.0735423129051923,0.0820678696036338,0.0777206370607018,0.0021120443940162506,0.07769706770777698,0.002607503357144159,0.0712397322058677,0.0797702446579933,0.07888462021946904,0.0007362179458141119,0.07808052450418468,0.002544636309991848,0.0718580111861229,0.080164834856987,0.07922219857573504,0.0008000135421752652
1,lstm,layers_3,henon_1000,0.001,,32,16,4,64,21570,0.02147646266967053,0.022669890316702336,0.0006099020829424,0.056590735912323,0.007890312699601,0.00721164722926915,0.02103817163442722,0.022405675337698744,0.0003058712172787,0.0544999614357948,0.0094789788126945,0.0088519121200079,0.08664471218362445,0.07018762167506894,0.0139566054567694,0.1848906278610229,0.055328806862235055,0.04046430578455336,0.08643829599022859,0.07016017688303972,0.0111550260335206,0.1875706762075424,0.061927277594804694,0.04753197077661754,0.842377883195877,0.17251412236519592,0.5794740319252014,0.9962600469589232,0.9503359198570251,0.04548445343971247,0.8428517699241638,0.1746324591315205,0.5731792449951172,0.998107612133026,0.9396405220031738,0.05647763609886158,1193.2,658.7103764174359,476,2276,1147.5,615.5,134.36599999999999,74.36974723635949,51.64,256.96,130.3,73.95,0.07380215808749194,0.0033300632036411446,0.0650308389216661,0.077469778060913,0.07445615660399195,0.0015799570828676501,0.07327217534184452,0.002620686836499571,0.0673257559537887,0.0769639238715171,0.0733210891485214,0.0015090443193912506,0.07361009046435352,0.0025009184565081646,0.0680105611681938,0.0770875886082649,0.0736267045140266,0.0014949627220630507
1,lstm,layers_1,lorenz_1000,0.001,,8,4,1,64,443,9.298594818574202e-07,4.4459264673366527e-07,4.4266852228247444e-07,1.8315355418963009e-06,8.432646154687973e-07,2.783847037335363e-07,1.113175221689744e-06,5.892037864892376e-07,5.503726470124093e-07,2.5190597625623923e-06,9.867085566384048e-07,3.47601996963931e-07,0.00071272015338759,0.0001756809044341342,0.000496030668728,0.0010415259748697,0.0007180733664426499,0.00015101063763719996,0.00075604829471553,0.00018795252611818932,0.0005462547997012,0.0011763862567022,0.00074324870365665,0.00014627305790780007,0.9999902367591857,4.5344054777119714e-06,0.9999813437461852,0.9999954104423524,0.9999910295009613,2.771615982000153e-06,0.9999881863594056,6.126638474208947e-06,0.9999735951423644,0.9999940991401672,0.9999896585941315,3.4868717194158627e-06,1770.9,158.36568441426948,1508,2017,1805.0,126.0,38.351,3.726860474984273,32.76,44.99,38.565,3.049999999999997,0.0036899981621535904,0.0021787750381556206,0.0005658660636981,0.0063080781605094,0.00321157105499875,0.0025350501178764,0.00416582900797944,0.002603492170801038,0.0005078096874058,0.0075915181078016,0.00346976355649525,0.0028833008254877997,0.00391653221449809,0.0022946749990580273,0.0005871745524927,0.0068343821913003,0.00357816857285795,0.0026585704181343
1,lstm,layers_1,lorenz_1000,0.001,,16,4,1,64,1395,7.612520704469717e-07,2.7841076139013805e-07,4.6860841962370614e-07,1.4147997262625722e-06,6.698364813928492e-07,1.577369914684823e-07,8.088983548759643e-07,2.8618655270451667e-07,4.189155049516558e-07,1.3998790109326364e-06,7.863568214361294e-07,2.0204356587782968e-07,0.00064532100514039,0.00012122586171392284,0.0004877845349255,0.0009220482897944,0.00062769933720115,8.848065044730002e-05,0.0006533918931381199,0.0001248304866605015,0.0004670846683438,0.0009079346782527,0.00064207499963225,8.523193537254999e-05,0.999992173910141,2.9848837315538587e-06,0.9999855756759644,0.9999951720237732,0.9999928176403046,2.294778823852539e-06,0.9999914348125458,3.0802455547837787e-06,0.9999852776527404,0.9999955296516418,0.9999914765357971,2.6226043700616763e-06,1222.2,119.26340595505395,1014,1401,1231.5,96.0,27.046999999999997,2.347880107671599,22.64,30.91,27.16,1.4100000000000001,0.0005620862473733301,0.00030997832678221493,0.0002211624581832,0.0012381838285364,0.00048372665187339996,0.00021009816991864996,0.0005551497888518001,0.0003632790023706035,0.000164455952472,0.0013941747602075,0.00044454789895090004,0.00020136735838600006,0.0005451465913210499,0.0003297245504302816,0.0001636916858842,0.0012645864626392,0.00047033403825475,0.00023258486180565
1,lstm,layers_1,lorenz_1000,0.001,,32,4,1,64,4835,1.0548626221407176e-06,4.2172540544904357e-07,5.32209583070653e-07,1.7867158703666064e-06,9.849131288319768e-07,2.5121502744696045e-07,1.1070020093484346e-06,4.070742973357502e-07,5.426640541372763e-07,1.8505630805520925e-06,1.003284722855824e-06,2.2809405209045497e-07,0.0007873166759963501,0.00016944590425758513,0.0005544853629544,0.0010711252689361,0.00077333016088225,0.00010975994518955002,0.0007778257364406702,0.0001630498148865191,0.0005131868529133,0.0010574894258752,0.0007523399544879,0.00010433551506135007,0.9999890804290772,4.341804603395923e-06,0.99998140335083,0.999994456768036,0.9999898970127106,2.4139881134033203e-06,0.9999883711338043,4.26891195602687e-06,0.9999802112579346,0.9999939799308776,0.9999893009662628,2.7120113373912957e-06,761.9,81.20892808059962,676,931,740.5,35.5,19.472,2.2586181616200642,17.11,23.43,18.29,0.625,0.00018173984706660226,8.043068682079092e-05,7.298068157979287e-05,0.0003108678720309,0.00017600666760695,7.783815417495001e-05,0.0001748453385516439,8.372246714419518e-05,5.7776651374297217e-05,0.0003421622095629,0.00017016525089270002,5.819030411655603e-05,0.00016521538927915597,8.141178778720958e-05,6.247454439289868e-05,0.0003191382566001,0.00016343357128785,6.929615847182593e-05
1,lstm,layers_1,lorenz_1000,0.001,,8,8,1,64,443,8.621352833415586e-07,4.0377259701218316e-07,4.012883323412098e-07,1.8380902702119783e-06,7.214480888251273e-07,1.9622169133981515e-07,9.646216767578153e-07,3.5818615444827067e-07,5.394564368543797e-07,1.8383282167633297e-06,9.513845498076989e-07,1.8533310708335193e-07,0.00068903771461913,0.0001523261911729568,0.0004894217127002,0.0010147008579224,0.0006615341699216001,0.00010835056309585001,0.0007198734034318,0.0001249341483322319,0.0005453691119328,0.0009861417347565,0.0007277791446539999,8.907218580134994e-05,0.99999098777771,4.29772222317058e-06,0.9999805092811584,0.9999961853027344,0.9999923706054688,1.9669532775878906e-06,0.9999898493289947,3.950133416042526e-06,0.9999802112579346,0.9999945759773254,0.9999901950359344,2.1457672119140625e-06,1712.2,226.9488047996728,1381,2063,1706.0,191.0,41.449,7.324495136185155,31.17,54.29,40.730000000000004,6.020000000000003,0.0025016124811372297,0.001680310218555166,0.0003565778897609,0.0061587717849761,0.0021282054658513,0.00128176822909155,0.00281854998029297,0.002061313000595121,0.0003445745678618,0.0071475971490144,0.0023052435135468502,0.0016078383923741001,0.00262005774129642,0.0018559273320234524,0.0003232281887903,0.0066745127551257,0.0022933905711397,0.0013273500953801002
1,lstm,layers_1,lorenz_1000,0.001,,16,8,1,64,1395,7.099834164137064e-07,2.0033170178351662e-07,4.3408255123722483e-07,1.1216703796890215e-06,6.708534954213974e-07,1.4428661643250962e-07,8.323014810684981e-07,2.2930517831552966e-07,4.749217055177725e-07,1.22472033581289e-06,8.105149333914596e-07,1.7187591083711595e-07,0.0006397386780008201,9.206709226024636e-05,0.0005089616752229,0.000791025464423,0.0006251310405786499,8.129165507855004e-05,0.00067902313894588,0.00010638232149985616,0.0005363204400055,0.0008453743066638,0.0006620663625653499,9.79293836280999e-05,0.9999926269054413,2.0651181629915414e-06,0.9999879002571106,0.9999955892562866,0.9999929070472717,1.1026859282892154e-06,0.9999913930892944,2.329344637177366e-06,0.9999871253967284,0.9999949932098388,0.9999918937683105,1.549720764104645e-06,1037.2,151.76350022320915,846,1297,985.0,76.0,25.097,3.553224028962992,20.53,31.17,24.01,2.025000000000002,0.0002860008927381733,0.0001712581784010876,7.713428494753316e-05,0.0006172143184812,0.0002696576506423,0.00014201359335854998,0.00027400568433218257,0.0001760265798935875,6.853705417597666e-05,0.00058679736685,0.00024661954375910003,0.00014919675595590002,0.0002615466102724448,0.00016579914643192323,6.841230060672387e-05,0.0005837896605953,0.0002440900425426,0.0001381581823807
1,lstm,layers_1,lorenz_1000,0.001,,32,8,1,64,4835,1.370631702002356e-06,5.414217998557238e-07,6.693258001178037e-07,2.3049183255352546e-06,1.1986726349277887e-06,2.71992831812895e-07,1.468736394372172e-06,4.306789127468667e-07,7.309063789762149e-07,2.139284333679825e-06,1.356861503154505e-06,2.3449422315024993e-07,0.0008821633469778699,0.00017356176858917622,0.0006087931105867,0.0011715546716004,0.0008428927103523,0.0001047017867677,0.00090005320962513,0.00012509651231045824,0.0006490242667496,0.001087870565243,0.0008861236856318501,7.803965127095005e-05,0.9999862015247345,5.307173605685556e-06,0.9999759793281556,0.9999934434890748,0.9999875128269196,2.771615982055664e-06,0.9999850213527679,4.362966355433081e-06,0.9999774694442748,0.9999925494194032,0.9999857544898987,2.4139881134033203e-06,612.0,68.12635319756959,522,722,603.5,59.5,18.606,2.389666085460477,15.26,22.08,17.845,2.1599999999999993,5.3518823242479013e-05,2.0206398197079913e-05,3.17211448418675e-05,0.000101283317781,4.6140603080857546e-05,1.0855512209673181e-05,5.37977764906759e-05,2.577736084391732e-05,3.000807191710919e-05,0.0001082813178072,4.3963493226328865e-05,1.1532520147738978e-05,5.049372648500139e-05,2.3291027998623295e-05,2.756179128482472e-05,9.548199886921792e-05,4.026784881716594e-05,1.0606424439174589e-05
1,lstm,layers_1,lorenz_1000,0.001,,8,16,1,64,443,1.0912884420122282e-06,5.824462102032069e-07,4.201939987069636e-07,2.618672397147748e-06,1.0187746966039413e-06,2.72307488557999e-07,1.232598833666998e-06,5.39591474049484e-07,5.608194442174863e-07,2.5454562546656234e-06,1.2474673098950007e-06,1.8742844076768971e-07,0.00078660664148623,0.0002009053643508843,0.000499747635331,0.0012742319377139,0.0007903409423306,7.794389966875e-05,0.00081553774652998,0.0001833861910119813,0.0005541759892366,0.0012467463966459,0.00082023686263705,7.205264410004996e-05,0.9999888896942138,5.598028128424305e-06,0.9999743103981018,0.9999956488609314,0.9999890625476838,1.8179416657049252e-06,0.9999872803688049,5.6108331430963595e-06,0.9999735951423644,0.9999942183494568,0.9999872446060181,2.1457672119695737e-06,1572.6,155.60668366108186,1420,1926,1526.5,69.5,40.727,6.310028605323434,35.41,57.94,38.885000000000005,1.8000000000000043,0.0024131781916366503,0.0018605160419165457,0.0003628028760431,0.0071002136915922,0.0019491069659125,0.0010181936071604002,0.00270193452015513,0.00208134467288968,0.0003673846367746,0.0077145183458924,0.0021916324039920497,0.0012269952567293997,0.00248954366543325,0.0019606012955881275,0.000361674465239,0.0074049551039934,0.00205260387156155,0.00116515732952395
1,lstm,layers_1,lorenz_1000,0.001,,16,16,1,64,1395,1.0704978535613917e-06,2.7498860545323756e-07,7.195986313490721e-07,1.6468806052216678e-06,9.952386221812048e-07,2.1034065866842866e-07,1.2460575703698852e-06,3.3899835407551306e-07,8.278668701677816e-07,1.8419547131998115e-06,1.1750582302738621e-06,2.8071318070033163e-07,0.0008042392204515201,0.00010683127446130531,0.000665871950332,0.0010232585482299,0.0007808953814674,7.967880810605003e-05,0.0008552632352802599,0.0001266136924058276,0.0007187016890384,0.0011067654704675,0.0008281870686914501,0.00010010536061599997,0.9999892830848693,2.5883518591812736e-06,0.999984860420227,0.999992311000824,0.9999897480010986,2.115964889526367e-06,0.9999873757362365,3.3200161673102354e-06,0.9999828934669496,0.9999914169311525,0.999987930059433,2.682209014837067e-06,861.3,120.90330847416872,678,1103,878.0,86.5,24.973999999999997,3.076339383098036,21.45,31.75,24.79,2.3900000000000006,0.0002099593867023521,0.00014105998417449789,8.79316074133385e-05,0.000558346096659,0.0001549723772768,5.2777236123758736e-05,0.00020564069636744135,0.00014638721238782615,7.267605542438105e-05,0.0005541415303014,0.00014907478907834999,5.9466452512333915e-05,0.0001865673955762414,0.00013009703720370686,6.333072087727487e-05,0.0005141028086654,0.00015948891086735,7.94868683442304e-05
1,lstm,layers_1,lorenz_1000,0.001,,32,16,1,64,4835,1.5183006667029986e-06,4.492459289595437e-07,1.1397864909667987e-06,2.3908278308226727e-06,1.2808858969037829e-06,1.3404377341430518e-07,1.6835819451443968e-06,5.327008391676859e-07,1.1122001524199732e-06,2.848129497579066e-06,1.3937524840912374e-06,2.0903343056488666e-07,0.0009298849385231099,0.00013654224870964502,0.0007762647001072,0.0011714701540768,0.0008653502154629,8.267199154945e-05,0.00096460036002095,0.00015002379716996342,0.0008125735912472,0.0012391832424327,0.0008825206023175,6.422630394810005e-05,0.9999844968318939,4.593538595164115e-06,0.9999744296073914,0.9999883770942688,0.9999864399433136,1.817941665593903e-06,0.9999827027320862,5.464273486334691e-06,0.9999701976776124,0.9999884963035583,0.9999852478504181,2.14576721180304e-06,575.9,43.92823693252439,512,667,580.5,25.5,22.701,2.045392138441918,19.2,26.85,22.91,0.5999999999999996,5.5033538119459996e-05,2.1907580401072105e-05,2.235531028418336e-05,9.562392806401476e-05,5.5500075086456496e-05,1.5330771111621283e-05,5.185168029129272e-05,2.1290630839499603e-05,2.296796992595773e-05,9.404675074620172e-05,5.593360947386827e-05,1.814784263842739e-05,4.839183729927754e-05,2.2683033470585203e-05,1.845302176661789e-05,9.735576895764098e-05,5.059834256826434e-05,1.7728683815221302e-05
1,lstm,layers_2,lorenz_1000,0.001,,8,4,1,64,1019,1.5987861786470602e-06,8.443844133700378e-07,6.513308790090377e-07,3.6773403735423926e-06,1.2604905350599438e-06,4.6591449631705473e-07,1.678691182860348e-06,8.469523351364283e-07,7.353487490036059e-07,3.7289287320163567e-06,1.2886096101283329e-06,4.229490286888904e-07,0.0009403857344295202,0.0002505966950335294,0.0006042003515176,0.0014873055042698,0.0008403141982853001,0.00014010624727235003,0.00095859157736406,0.0002393041431068622,0.0006486297352239,0.0014587399782612,0.0008596513362135001,0.00015393143985420005,0.999983137845993,9.030347606772127e-06,0.9999607801437378,0.9999930262565612,0.9999866783618927,5.155801773071289e-06,0.9999822735786438,9.129174727972481e-06,0.9999598264694214,0.9999919533729552,0.9999861419200896,4.619359970203796e-06,1359.0,161.22654868228122,1060,1649,1346.5,91.5,41.93,5.419053422877469,32.3,51.79,41.30500000000001,3.590000000000007,0.0012367479004023602,0.0008772925580127749,0.0003949719670345,0.0036603695945814,0.0010162310645682,0.00027559535519685,0.00127017050690479,0.000980127338298301,0.0003123686474282,0.0038966333959251,0.00096729700453575,0.00036790221929550003,0.00125757573987351,0.0009606032914684882,0.0003035633126273,0.0039060025010257,0.0010064915404654502,0.00024403829593215007
1,lstm,layers_2,lorenz_1000,0.001,,16,4,1,64,3571,1.524034371414018e-06,4.584235617421895e-07,8.080926932052535e-07,2.3975976546353195e-06,1.4664119589724578e-06,2.3973285578904314e-07,1.5876255417879292e-06,4.395460319608588e-07,7.926013836367929e-07,2.242953996756114e-06,1.557234270421759e-06,2.453325578244403e-07,0.0009367340302559899,0.0001390022321340876,0.0006927726790308,0.0011407145066186,0.00096426162053825,6.334207137115007e-05,0.00093530877493316,0.00012863689915812052,0.0006730146706104,0.00113486580085,0.0009663116652517999,3.931205719709987e-05,0.9999845206737519,4.743350214226225e-06,0.9999751448631288,0.9999917149543762,0.9999851286411285,3.2782554626464844e-06,0.9999837458133698,4.208193452103536e-06,0.9999770522117616,0.9999913573265076,0.9999834895133972,2.5033950806219174e-06,884.6,80.30466985175894,753,1005,863.0,78.0,28.769,2.5988784119308086,24.66,32.31,27.895,2.455,0.00020693887781811997,9.536597929668233e-05,0.0001229801317094,0.0004748118313727,0.00017837278319345,2.790368562275e-05,0.00018077870481642,0.00010957325939905865,0.0001073778548743,0.0004910022835247,0.00013168268196745,1.67452526512e-05,0.00018083483737423,0.00010697534074277536,0.0001068049459718,0.0004822202026844,0.00013704568846144999,1.8559047020999998e-05
1,lstm,layers_2,lorenz_1000,0.001,,32,4,1,64,13283,2.1197288788243894e-06,9.201059520975205e-07,1.16484670797945e-06,4.123139660805464e-06,1.6256086041721574e-06,2.2968100665821112e-07,2.073901475796447e-06,8.067464442079874e-07,1.0118487807631027e-06,3.702645699377172e-06,1.7589089793546009e-06,2.123938998011e-07,0.00113936156849373,0.00024287449360108247,0.0008331732242368,0.0016219835961237,0.00102490565041075,6.852860678919993e-05,0.0011093999259173298,0.0002209924062195146,0.0007677965913899,0.0015170545084401,0.0010486731771379,9.653312736189999e-05,0.999979168176651,9.329117091694762e-06,0.9999578595161438,0.9999884366989136,0.9999834597110748,1.5497207642156674e-06,0.9999789416790008,8.88625297433718e-06,0.9999601244926452,0.9999895691871644,0.9999823570251464,1.5199184419389944e-06,621.7,94.3207824395027,499,832,575.0,46.5,24.813,3.422940402636307,19.74,31.66,23.86,2.49,7.618587225805076e-05,3.903718773107288e-05,3.5181761813873893e-05,0.0001637918685446,6.547162647621007e-05,2.455863268551183e-05,7.514097160309307e-05,4.693319342630832e-05,2.859411688405089e-05,0.0001798967714421,5.944921576883644e-05,2.5917099264916033e-05,7.311712161025467e-05,4.530165573828884e-05,2.744383345998358e-05,0.0001814953429857,6.016066799929831e-05,2.8619500881177373e-05
1,lstm,layers_2,lorenz_1000,0.001,,8,8,1,64,1019,1.722831416373083e-06,7.373336310983844e-07,7.308233307412593e-07,3.2777975320641417e-06,1.7166972838822403e-06,5.652879622175533e-07,1.8548284913322276e-06,7.608942314343639e-07,7.804855499671248e-07,3.493016265565529e-06,1.8586658256936062e-06,6.136167485237821e-07,0.00099724678439084,0.00021469477811987434,0.0006414516246877,0.0014028279110789,0.0010336517880204501,0.00017166970064865,0.00102388630039054,0.00021140918144770156,0.0006596008315682,0.0014173437375575,0.00106746994424605,0.00015987441292965,0.9999822795391082,7.278117646592947e-06,0.9999673366546632,0.9999921321868896,0.9999832510948181,6.020069122314453e-06,0.9999809443950654,7.378373727030142e-06,0.999966323375702,0.9999917149543762,0.9999815821647644,5.27501106262207e-06,1145.6,169.43092987999566,851,1391,1143.5,133.5,38.579,6.1749565990377615,28.51,47.49,38.44,4.75,0.00082945958580233,0.0005965208630553295,0.0002027456488576,0.001746732299216,0.00050353879632885,0.00024162172849169998,0.0008886206225724299,0.0007443218508724811,0.0001876172318588,0.0021485972683876,0.0004199753311695,0.00020670003141279997,0.0007810918672475401,0.000623448110440125,0.0001783165498636,0.0018108274089172,0.00044363859342405,0.00022641917166765
1,lstm,layers_2,lorenz_1000,0.001,,16,8,1,64,3571,2.270420964123332e-06,7.720743984238334e-07,1.1296248203507275e-06,3.545825393302948e-06,2.1014534468122292e-06,4.696097448686487e-07,2.3925801997393137e-06,7.743002578180534e-07,1.1936868986595073e-06,3.776713356273831e-06,2.3674031126574846e-06,6.773869927201304e-07,0.0011443366296588699,0.00019013615193564165,0.000814456725493,0.0014049087185412,0.0011008461005985,0.00013385643251240004,0.00115662009920919,0.0002023079644968334,0.000805877847597,0.0014903401024639,0.00115983828436575,0.00016356643754989993,0.9999771296977997,8.296146520146432e-06,0.9999629855155944,0.9999878406524658,0.9999794661998749,4.589557647649567e-06,0.9999755442142486,8.288263221002179e-06,0.9999598264694214,0.9999873042106628,0.9999761879444122,6.973743438665192e-06,662.9,79.7301072368525,524,785,663.0,78.0,24.983999999999998,2.846489768117918,19.03,29.14,25.67,1.6899999999999977,0.00011642708330326091,5.7348643171991733e-05,5.490946932695806e-05,0.0002783310905215,0.0001010211370157744,1.3485922681862972e-05,0.00010410259092166647,6.0908376426276766e-05,4.184097997494973e-05,0.000275436497759,9.426084579899907e-05,1.7788603145135622e-05,0.00010148903784281554,6.099176194348905e-05,4.9066406063502654e-05,0.0002749903069343,8.471064938930795e-05,1.7283440683920775e-05
1,lstm,layers_2,lorenz_1000,0.001,,32,8,1,64,13283,1.528920995497174e-06,3.357406754703304e-07,1.079335675058246e-06,2.2061692561692325e-06,1.4298786936706165e-06,1.6244712242041714e-07,1.7543228864269623e-06,3.886826172197749e-07,1.235430090673617e-06,2.4429716631857445e-06,1.6649700000925804e-06,2.4334616455234936e-07,0.00095765338046472,0.00011033777662979457,0.0008076693047769,0.0012086437782272,0.0009323339618276,6.276892963790002e-05,0.00100046936422582,0.00010959956195284444,0.0008408533176407,0.0012246358674019,0.0009755625796969501,5.8844714658350084e-05,0.9999850809574127,2.519387581487854e-06,0.9999809861183168,0.9999887347221376,0.9999857246875764,1.6987323760431217e-06,0.9999829769134522,3.007430895617495e-06,0.9999783635139464,0.9999868273735046,0.9999838769435883,2.235174178966126e-06,491.9,33.95423390388893,436,551,480.0,23.5,25.9,1.862262065338818,23.45,28.59,26.23,1.7400000000000002,3.484792543531512e-05,1.1239651575428901e-05,2.192514302805648e-05,5.756871978519484e-05,3.124095655948622e-05,5.485300562213526e-06,3.11826197503251e-05,1.2745083679712838e-05,1.7499567547929473e-05,6.261983799049631e-05,2.7177692572877277e-05,8.176346455002204e-06,2.8753119477187283e-05,1.0457727821819653e-05,1.6630128811812028e-05,5.328522456693463e-05,2.6792135031428188e-05,6.920548912603408e-06
1,lstm,layers_2,lorenz_1000,0.001,,8,16,1,64,1019,1.9773450048887755e-06,8.954438236917225e-07,9.859843430604087e-07,4.124162842344958e-06,1.6474748463224387e-06,6.306336786110478e-07,2.1397758075636376e-06,9.369333041093419e-07,9.47772775816702e-07,4.417630407260731e-06,1.890354269562522e-06,5.982324182696181e-07,0.0010449191264341998,0.00022554855908994917,0.000771366932895,0.0015402880962938,0.0009699308429844,0.0001872535503935,0.0010781991411931298,0.00023612615399281445,0.0007190820178948,0.0015950250672176,0.0010220251861028,0.00016931371646934998,0.9999794602394104,9.544570512084178e-06,0.9999573230743408,0.9999899864196776,0.9999833405017853,6.228685378917298e-06,0.9999779284000396,1.0113348613018142e-05,0.9999535083770752,0.9999901056289672,0.9999810457229614,7.212162017822266e-06,1054.7,189.61595397012354,823,1449,1026.0,98.5,40.759,7.998816724991266,31.53,58.24,38.989999999999995,4.434999999999999,0.00088308170190425,0.0005895778461076325,0.0002644957057782,0.0021252437960356,0.00068231621989975,0.00029053699690845,0.0008808124752249099,0.0006944417740840791,0.0002493628126103,0.0023225960321724,0.0006319790554697999,0.00032039859797804995,0.0008274095074738801,0.0006099878335945239,0.0002179007860831,0.0021451639477163,0.0006640117644565,0.00032397432369179997
1,lstm,layers_2,lorenz_1000,0.001,,16,16,1,64,3571,2.7724208280233142e-06,1.7638379910288877e-06,1.371004941574938e-06,7.740878572803922e-06,2.14859255720512e-06,6.253926585486627e-07,3.0115585559542523e-06,1.7222039747127134e-06,1.534271405034815e-06,7.705907592026051e-06,2.4434201577605563e-06,7.771871537443076e-07,0.0012389149167574397,0.00033704372181558775,0.0008878300432115,0.0021376032382249,0.00115143298171455,0.00015633419388904983,0.00128032305510709,0.0003195381072202449,0.0009477492421865,0.0020983640570193,0.00119669665582475,0.00016513536684215004,0.9999719440937043,1.76247225648836e-05,0.9999226927757264,0.9999864101409912,0.9999776184558868,7.718801498357575e-06,0.9999692142009735,1.7797756297843578e-05,0.9999209642410278,0.9999844431877136,0.99997478723526,8.761882781982422e-06,602.4,69.81146037721886,496,770,586.0,21.5,29.433000000000003,3.484250421539761,24.66,37.24,29.1,2.4399999999999995,0.00011126870736915828,0.00010418257927504509,6.299219530774281e-05,0.0004222248186124,7.776523816573899e-05,1.2296828936086966e-05,0.00010178192897000355,0.00010767066377606404,4.69031510874629e-05,0.0004219847614876,6.460751319536939e-05,1.0918931366177272e-05,9.832444302446061e-05,0.00011217640986045038,4.44884535681922e-05,0.0004327230562921,6.011320147081278e-05,1.3187947843107395e-05
1,lstm,layers_2,lorenz_1000,0.001,,32,16,1,64,13283,1.3823726078499022e-06,4.100964897519034e-07,8.089589869086922e-07,2.0110292098252103e-06,1.2778841096405813e-06,3.946048252601031e-07,1.563698265272251e-06,4.5972725168104676e-07,9.042347528520622e-07,2.323657554370584e-06,1.4414396218853653e-06,3.251525413361378e-07,0.0008935624035074901,0.00013434202393402254,0.0006551386322826,0.0010993919568136,0.00086728300084355,0.00011337111936880002,0.0009376403642817902,0.00014550117208090332,0.00067589210812,0.0011848758440464,0.0009095483983401,7.622918928975003e-05,0.9999861121177673,4.144301992944887e-06,0.9999801516532898,0.9999915957450868,0.9999875426292419,3.337860107421875e-06,0.9999845206737519,4.227566316426545e-06,0.9999781847000122,0.999990940093994,0.99998539686203,3.6656856537420346e-06,459.3,22.307173734025564,427,497,456.5,15.5,35.19199999999999,3.28047191727044,30.12,41.58,34.735,2.1099999999999994,2.414070303530025e-05,1.2251224654151764e-05,1.1276488794464968e-05,5.107144461362623e-05,2.0535602652671513e-05,3.0265864552347904e-06,2.5627430113672743e-05,1.666096522534603e-05,1.0011855920311064e-05,5.800984217785299e-05,1.8930934857053217e-05,5.276543561194556e-06,2.2885893031343585e-05,1.3787850645217072e-05,1.10487299025408e-05,5.055123983765952e-05,1.6248761312454008e-05,3.893538632837589e-06
1,lstm,layers_3,lorenz_1000,0.001,,8,4,1,64,1595,2.5166348564198416e-06,7.858771543666557e-07,1.2919318805870716e-06,3.76651723854593e-06,2.6106785071533523e-06,6.057539394532796e-07,2.6336834480389372e-06,7.46093408642479e-07,1.4566046502295649e-06,3.716316314239521e-06,2.8221838874742393e-06,5.706699539587132e-07,0.00122599040041673,0.00019768497436278295,0.000887875969056,0.0015208648983389,0.00123259692918505,0.0001808876404539,0.00124162057763892,0.00017989975521898101,0.0009577917517162,0.0014805742539465,0.0012744144769385,0.00014357018517330007,0.9999739646911621,7.68422932495788e-06,0.9999641180038452,0.999986171722412,0.9999732971191406,7.0631504059393e-06,0.9999722242355347,7.857963147219595e-06,0.9999613761901855,0.9999845027923584,0.9999697506427765,5.930662155206878e-06,1028.1,154.40365928306232,768,1261,1051.5,106.0,41.55,6.254926058715643,30.99,51.31,42.195,3.8200000000000003,0.0005657414169399499,0.000196864782415574,0.0001984655653359,0.0008913031779229,0.00053467411198645,0.00012702668173005002,0.00050750951049844,0.00019604070996671275,0.0001633160281926,0.0008866321877576,0.00052097949082955,0.00013789930380880003,0.0005220015838858,0.00019204006963159453,0.0001538865180918,0.0008064762805588,0.0005102070863358,0.0001524758263258
1,lstm,layers_3,lorenz_1000,0.001,,16,4,1,64,5747,2.341267691008397e-06,3.353562236251386e-07,1.9116232579108328e-06,2.8416279747034423e-06,2.2617458625973086e-06,3.051454768865369e-07,2.529744733692496e-06,3.455952880805267e-07,1.918917632792727e-06,3.212594492651988e-06,2.5208340730387144e-06,1.9654896732390625e-07,0.0011888674111105,9.69786018566117e-05,0.00106691790279,0.0013351965462788,0.00117517780745395,9.010446956375e-05,0.00122084640897805,9.322436905874837e-05,0.0010558081557974,0.0013922272482886,0.0012028950150124499,4.656595410784984e-05,0.9999757647514343,3.678258601590542e-06,0.999970316886902,0.9999799728393556,0.9999766051769257,3.0696392059881283e-06,0.9999737024307251,3.886826152434488e-06,0.9999659061431884,0.9999801516532898,0.9999737739562988,2.652406692504883e-06,708.9,75.87812596526089,574,867,706.0,33.0,30.454,3.5122619492287304,23.71,36.99,30.32,1.8199999999999985,0.00021129333668792232,7.452317915604535e-05,7.863868231652304e-05,0.0003719116575666,0.00021145024147695,3.87173051422e-05,0.0001825883882701991,6.480426919291785e-05,6.625433161389083e-05,0.0002904551802203,0.00018677701154955,5.444614362204999e-05,0.00019487223253232333,7.2968507918064e-05,6.552789272973314e-05,0.0003275386698078,0.00019987439736720002,5.382625386119999e-05
1,lstm,layers_3,lorenz_1000,0.001,,32,4,1,64,21731,2.0617038785530896e-06,2.470976397304443e-07,1.7442856687921449e-06,2.505740440028603e-06,2.008014689636184e-06,1.7745639979693806e-07,2.1571256979768806e-06,1.8026416626237875e-07,1.811213337532536e-06,2.4081923584162723e-06,2.1726104932895396e-06,7.826452019799035e-08,0.00110472394153471,7.400254376971993e-05,0.0010080361971631,0.0012302034301683,0.0010849976097233,5.2457791753099934e-05,0.0011088750441558101,4.991584297474386e-05,0.0010114727774634,0.001165815279819,0.0011182753369211999,3.423931775614999e-05,0.9999800443649292,2.819217787518267e-06,0.9999731779098512,0.9999825954437256,0.9999811947345734,9.5367431640625e-07,0.9999786972999573,2.2670460330990432e-06,0.9999740719795228,0.9999811053276062,0.9999797344207764,1.1026859284002377e-06,581.3,56.473090937188836,515,686,578.5,48.0,31.784,3.7307457699500257,26.47,36.84,33.03,3.400000000000002,8.171700397723718e-05,2.5569785924854478e-05,3.492042578727706e-05,0.0001216263794049,8.26841624075314e-05,1.7659394870844344e-05,7.680068811167537e-05,2.827354833283424e-05,3.456510239630006e-05,0.0001251721841981,6.749451495124958e-05,1.860942757048179e-05,7.64300601076509e-05,2.8817903589860584e-05,2.920652514148969e-05,0.0001207431851071,6.805212251492776e-05,2.1556115825660527e-05
1,lstm,layers_3,lorenz_1000,0.001,,8,8,1,64,1595,3.5123830002703473e-06,1.7762773555802546e-06,2.0317356757004745e-06,7.129403911676491e-06,2.4669195681781275e-06,3.4276206406502773e-07,3.8512340779561786e-06,1.8645749626771693e-06,2.363359044466052e-06,8.292365237139165e-06,2.8586186999746133e-06,4.520819629760804e-07,0.0014157830737530602,0.0003089641554142998,0.0011513278586789,0.0020344026852399,0.00123998080380255,8.626311318950003e-05,0.0014668118557892198,0.0003057472968595523,0.0011707182275131,0.0021635121665894,0.00132378877606235,9.648397099229998e-05,0.9999634742736816,1.85541475763231e-05,0.9999241828918456,0.9999791383743286,0.9999746084213258,4.023313522227845e-06,0.9999601721763611,1.9660188883071003e-05,0.99991375207901,0.9999776482582092,0.999970555305481,5.304813385009766e-06,831.1,166.33487307236567,582,1109,853.0,149.5,37.50500000000001,8.323231644019046,25.91,51.58,37.625,7.559999999999999,0.00037970792516711985,0.000154298708871796,9.908130450639874e-05,0.0006952326453756,0.000351246522041,6.403276929635001e-05,0.00035012668449777126,0.00017800830562423516,8.822775998851284e-05,0.0006606905371882,0.00032669908250675,7.838558667569997e-05,0.0003376798798853442,0.0001644913240325179,7.923559314804152e-05,0.0006744645070284,0.00031661499815524997,9.954368579205001e-05
1,lstm,layers_3,lorenz_1000,0.001,,16,8,1,64,5747,2.9005174383200937e-06,5.579393114547842e-07,1.944153154909145e-06,3.894139808835462e-06,2.8043046995662735e-06,3.480143959677662e-07,3.2593070272923797e-06,5.017927437296219e-07,2.658101948327385e-06,4.205018285574624e-06,3.099733703493257e-06,4.0496433939551935e-07,0.00129560292698438,0.00011330863151292826,0.0011082000564783,0.0014612573431804,0.00129179737996305,8.455803617835001e-05,0.0013536466169170498,9.418930468792612e-05,0.0012375614605844,0.0014880339149385,0.0013345504412427,8.812552550805004e-05,0.9999706447124481,6.189778064786521e-06,0.999958038330078,0.9999797940254213,0.9999723434448242,2.9206275939941406e-06,0.9999662935733795,5.530800389896994e-06,0.999954879283905,0.9999722838401794,0.9999681115150452,3.9637088775634766e-06,565.3,57.948339061615904,475,700,551.5,20.0,28.781,3.493234747336629,24.02,34.9,27.61,1.2699999999999996,9.366456994028957e-05,3.4583918169952894e-05,3.866320475935936e-05,0.0001654151914408,9.532743479212513e-05,2.1014730918977875e-05,8.30167835374501e-05,3.1405232776220054e-05,5.2278592193033546e-05,0.0001574059278937,7.534807809861377e-05,1.9270482880529016e-05,8.053738492889166e-05,3.355390041209097e-05,4.404619539855048e-05,0.0001565936254337,7.31529034965206e-05,2.423231489956379e-05
1,lstm,layers_3,lorenz_1000,0.001,,32,8,1,64,21731,2.2957528017286676e-06,5.388538141191776e-07,1.6242659057752462e-06,3.524456133163767e-06,2.171409732909524e-06,3.162905386489001e-07,2.532681367028999e-06,5.854859520011603e-07,1.81202096882771e-06,4.085261934960727e-06,2.3357396230494487e-06,1.270244638362783e-07,0.00118099052924658,0.0001292083974205093,0.0010185590945184,0.0014842889504507,0.0011342116631567001,7.605785503980006e-05,0.0012128948932513101,0.00014628997434431025,0.0010313049424439,0.0016001356998458,0.0011658282601274,2.443842822684992e-05,0.9999767065048217,5.535843755499965e-06,0.9999638199806212,0.9999836683273317,0.9999780058860779,3.5464763641912533e-06,0.9999747157096863,5.9082485910654056e-06,0.9999592900276184,0.9999821186065674,0.9999754130840302,2.473592758178711e-06,451.6,19.340113753543438,424,490,449.0,14.0,34.800999999999995,1.7587976006351616,32.34,38.34,34.68,1.3150000000000013,3.761658528674161e-05,1.2131039129354048e-05,1.874032495834399e-05,6.040473090251908e-05,3.490359968054691e-05,8.053427154663946e-06,3.483692826193874e-05,1.7909247894329366e-05,9.760436114447655e-06,7.751114026177675e-05,3.2112975532072596e-05,7.358221409958787e-06,3.171457774442388e-05,1.2851537753980525e-05,9.50371213548351e-06,5.155152757652104e-05,3.0480222449114077e-05,9.182349458569657e-06
1,lstm,layers_3,lorenz_1000,0.001,,8,16,1,64,1595,5.166673668099975e-06,3.6391469613275875e-06,1.914320591822616e-06,1.4869297956465743e-05,4.464421635930194e-06,1.9247152067691786e-06,6.120396369624359e-06,4.892167991480483e-06,2.183081960538402e-06,1.977391366381198e-05,5.110228130433825e-06,2.0574024119923706e-06,0.00168552757240826,0.0005727028646596654,0.0010683051077648,0.0031144926324486,0.0016321116127073,0.0003849387867375999,0.0017886342480778303,0.0006707204534861823,0.0011433388572186,0.0035430216230452,0.0017079508397728,0.00040120800258595013,0.9999465703964233,3.889161919050587e-05,0.9998412132263184,0.999979555606842,0.9999542236328124,1.9520521164106963e-05,0.9999359846115112,5.234011434956611e-05,0.999789297580719,0.9999771118164062,0.9999466240406036,2.232193946838379e-05,705.2,146.1196769774694,508,957,699.5,131.0,37.056999999999995,7.736004201136397,27.46,50.85,36.58,6.159999999999998,0.00050899930065493,0.00022949886430967566,0.0001061416580341,0.0009396565263159,0.000565920578083,0.00014053907361815,0.00048259779796349473,0.00024616563516093373,8.342887304024771e-05,0.0008736802265048,0.00048437205259685,0.00019001639157069998,0.00043525532382768424,0.00020237695406781484,8.591351797804236e-05,0.0007594438502565,0.00045682518975805,0.0001597446098458
1,lstm,layers_3,lorenz_1000,0.001,,16,16,1,64,5747,2.781529940421024e-06,9.640231703540818e-07,1.5747349380035305e-06,4.819021796720335e-06,2.497937089174229e-06,8.281399459519891e-07,2.961753659747046e-06,7.616707583715246e-07,1.827985443014768e-06,3.959900368499802e-06,3.005562120961258e-06,8.334296808243382e-07,0.00126642850227647,0.00020861118460726693,0.0009801785927265,0.0016509657725691,0.0012537057627923002,0.00018164369976150004,0.0013069494511000301,0.00017666734403049228,0.0010281609138473,0.0015369290485978,0.0013282028376124,0.00017116375965995007,0.9999719500541687,9.711285102414263e-06,0.9999499917030334,0.9999833703041076,0.9999741315841675,7.599592208917816e-06,0.9999699771404267,7.507963930601726e-06,0.9999590516090392,0.9999815225601196,0.9999688863754272,6.586313247680664e-06,531.5,46.08958667638494,438,606,540.5,28.5,39.528000000000006,4.740088184833696,30.81,46.52,40.33,3.1849999999999987,0.00010096298245115226,5.657159098153079e-05,3.878073148371186e-05,0.0002192536878283,9.032331035996322e-05,4.514320980888442e-05,9.738023672978253e-05,5.8327443392081805e-05,3.003262281708885e-05,0.0002327543043065,8.57494851516094e-05,2.4099499569274485e-05,9.090153707801599e-05,6.237123795348915e-05,2.955370473500807e-05,0.0002601070445962,7.856162483221851e-05,1.9216531654819846e-05
1,lstm,layers_3,lorenz_1000,0.001,,32,16,1,64,21731,1.8775586852370906e-06,4.516521686932155e-07,8.722797133486893e-07,2.367693696214701e-06,2.1074565665912814e-06,2.04817979465588e-07,1.999411932729345e-06,4.913412350448561e-07,8.890853564480494e-07,2.8550693969009444e-06,2.0846910047112033e-06,2.59019941495353e-07,0.00103035494685168,0.000149822440254013,0.000669244909659,0.0011884075356647,0.0010721147991716502,9.037301060745018e-05,0.0010561063827480802,0.00014941059785665564,0.0006960101309232,0.0013015674194321,0.0010679577826522,7.352587999775008e-05,0.9999836385250092,3.0781918421248174e-06,0.9999800324440002,0.9999911189079284,0.9999827444553375,2.0563602448064877e-06,0.9999816000461579,4.697742261678535e-06,0.9999713897705078,0.9999911785125732,0.9999814331531525,1.996755600031097e-06,444.7,16.309812997088592,424,481,440.5,8.5,51.70899999999999,2.191321290911034,48.31,56.7,51.41,1.2699999999999996,2.2036528530406937e-05,8.257076357099269e-06,8.473782327200751e-06,3.706557308760239e-05,2.231521725661878e-05,5.697212736777147e-06,2.2517043180414476e-05,1.1654220246094568e-05,9.19078775041271e-06,4.735703259939328e-05,1.9867632545356173e-05,7.731466212135274e-06,2.0659901383623947e-05,1.06355628193393e-05,9.39719484449597e-06,4.396209624246694e-05,1.7898903024615717e-05,5.866959781997139e-06
1,lstm,layers_1,lorenz_1000,0.001,,8,4,13,64,443,0.00423912941478188,0.011474959992721783,0.0002530131896492,0.0386619456112384,0.00040929501119529995,0.00011692792759279995,0.00448383256152732,0.012078616456590372,0.0002763829252216,0.0407172329723835,0.00042124578612849997,0.00013651816698259997,0.028534399066120337,0.04205615943340952,0.0119841704145073,0.154593288898468,0.014823962934315149,0.0013137725181877492,0.02945632170885798,0.04246181153999713,0.0123490961268544,0.1567116528749466,0.015576399862766249,0.002080274745821951,0.9370806127786636,0.17553622338897049,0.410486489534378,0.9972806572914124,0.995663583278656,0.0011975467205047607,0.9405248194932938,0.16379785961106058,0.4491517245769501,0.9970632195472716,0.9955160915851593,0.001450568437576294,2426.8,765.9141988499755,416,3440,2539.0,271.5,52.661,16.627706666885846,8.63,72.43,55.91,6.450000000000003,0.0383922222629189,0.0017738452592045437,0.0361394204199314,0.0419446375221014,0.0381521637551486,0.0011569329537451482,0.044859592616558024,0.0026473223482212415,0.0419874638319015,0.0512045174837112,0.04397278465330595,0.0012583378702402462,0.040918455645441956,0.002045607176059599,0.038765326142311,0.0455102175474166,0.040263043716549846,0.0008609183132648503
1,lstm,layers_1,lorenz_1000,0.001,,16,4,13,64,1395,0.00025446858417122007,0.00012533452710412373,0.000113403184514,0.0005629825172945,0.00021180062321945,5.6880569900399995e-05,0.00028878388402513,0.00014521671889299682,0.0001287868071813,0.0006603757501579,0.0002541164285503,4.577883373714999e-05,0.01094763930886978,0.0023357005051327082,0.0078866528347134,0.016466112807393,0.010352965444326349,0.0011170483194291514,0.011636828258633559,0.0024777510322078473,0.0083728218451142,0.0174934230744838,0.01114321546629065,0.0007993238978088006,0.9973125219345093,0.001341783247216506,0.9940250515937804,0.9988229274749756,0.9977298080921173,0.000619053840637318,0.9969317793846131,0.0015574256490370098,0.9929437637329102,0.9986468553543092,0.9972931444644928,0.0004930198192596436,1891.3,345.9586825041395,1379,2366,1952.0,314.5,41.595,7.605925650438611,30.26,51.77,43.29,6.329999999999998,0.03738852975890035,0.0009455163681834038,0.0360298607498407,0.0386563872918486,0.03764200229197735,0.0009406095370650472,0.043598508462309796,0.0008798864685075511,0.0423391573131084,0.0453061498701572,0.0432477425783872,0.0006039869040250986,0.039506173878908084,0.00036356809615924125,0.0385759845376014,0.0399035811424255,0.03955468349158755,0.00017539598047735042
1,lstm,layers_1,lorenz_1000,0.001,,32,4,13,64,4835,0.00021966419299127,7.097085080601869e-05,0.000135024296469,0.0003545987710822,0.0002080392514471,5.4238662414700015e-05,0.00024338635412273998,6.571695854860149e-05,0.000158117065439,0.0003592874563764,0.0002139864736818,4.4768239604250004e-05,0.010019452217966261,0.0014603542398304353,0.0081679625436663,0.0123046478256583,0.0101586966775357,0.0014108810573815987,0.01080782301723953,0.0013267348009804874,0.0089112715795636,0.0130964731797575,0.0105079254135489,0.0011152783408760998,0.9976744472980499,0.0007773313952186354,0.9961873292922974,0.9986246824264526,0.9978296756744385,0.0005678832530974787,0.9974247634410858,0.0007074537730371536,0.9961674213409424,0.9983163475990297,0.9977360367774963,0.00047853589057927914,1274.7,132.80440504742302,1015,1465,1264.0,86.5,31.881,3.4863948428139926,24.77,36.34,31.955,2.505000000000001,0.03660978766158217,0.002570668803054901,0.0291863521561026,0.0383703941479325,0.0375091143883764,0.000591449905186902,0.04303423725068565,0.002908367303710338,0.034743133932352,0.0459716692566871,0.04352764226496215,0.0006802044808864524,0.0386080082505941,0.0023956718396659837,0.0314759761095047,0.0398514047265052,0.0392996575683355,0.0003175903111696486
1,lstm,layers_1,lorenz_1000,0.001,,8,8,13,64,443,0.0010368934861616599,0.0006637220336977723,0.0003707133291754,0.0027485392056405,0.00084968822193325,0.00024083250900730003,0.0011934239941183001,0.0007454963364648153,0.0004120013909414,0.0031494898721575,0.0009262122330255,0.00023615651298315005,0.02345119658857579,0.00701176759723702,0.0143053159117698,0.0409527048468589,0.02237623743712895,0.002766987308859851,0.024977576825767712,0.007419405604574212,0.0151657117530703,0.0439448058605194,0.0228610867634415,0.0031721340492368005,0.9890733242034913,0.007216892785647649,0.9703397750854492,0.9960891008377076,0.990960568189621,0.0025294721126556396,0.9873326659202576,0.008049340696353574,0.9660072326660156,0.9956576824188232,0.9901449382305145,0.0025523602962493896,2023.3,659.9856134795666,1371,3670,1804.5,408.0,46.161,14.236842662613084,30.88,81.75,40.675,8.575000000000003,0.03797111855819816,0.0014456381316487214,0.0360421482473611,0.0401209529489278,0.03750350456684825,0.0009688652120531001,0.04489512182772156,0.0023134004603704668,0.0421178676187992,0.0502983331680297,0.04432407766580575,0.001159630715846998,0.04118649363517757,0.002152621960431032,0.0380841344594955,0.0461588501930236,0.04073317721486085,0.0008710753172635997
1,lstm,layers_1,lorenz_1000,0.001,,16,8,13,64,1395,0.00057780458300835,0.0005555217697499064,0.0001442805078113,0.0021507295314222,0.00044402357889335,0.0002024357454502,0.00075576971721597,0.0007565080686138067,0.0001394867285853,0.0029105127323418,0.0006343463319353,0.0002195942943217,0.015247138403356028,0.005293552737943084,0.0090860277414321,0.0285974163562059,0.01498530944809315,0.002466322388499951,0.01720249447971576,0.006567178443424539,0.0088945366442203,0.0338075459003448,0.017428435385227148,0.002730319276452049,0.9939960300922394,0.005671663073898586,0.9779465794563292,0.9984545111656188,0.9953561127185822,0.0020549595355986994,0.9921237587928772,0.007810527913613574,0.9699234366416932,0.998520016670227,0.9933126270771027,0.0023512244224548895,1115.8,201.83498210171595,850,1567,1096.5,119.5,27.887999999999998,5.560465448143708,20.68,38.42,27.045,3.174999999999999,0.035794445294886776,0.0017364056541313792,0.031833360157907,0.0383228287100791,0.03553738258779045,0.0012637425214051985,0.043090801686048466,0.001880759294486449,0.0390358380973339,0.0448919162154197,0.043924756348133004,0.000521834939718295,0.039171471074223446,0.0016420598030989285,0.0353209376335144,0.0406150817871093,0.039654916152358,0.0006626397371291975
1,lstm,layers_1,lorenz_1000,0.001,,32,8,13,64,4835,0.00027025876916009006,0.0001250610691384782,0.0001537062926217,0.0005441019311547,0.0002104102677549,5.022656114310001e-05,0.00035405549715502,0.0001447388384072477,0.0002046213194262,0.0006317819352261,0.00030586442153429996,5.401896487454999e-05,0.011253925785422279,0.0022347224047135432,0.0087272841483354,0.0160004403442144,0.0104755004867911,0.0011970833875239,0.012810394354164539,0.0021991176038650903,0.01000786293298,0.0172126926481723,0.01232614787295455,0.0011439621448516993,0.9971655964851379,0.001315557471246856,0.994308352470398,0.9984042644500732,0.9977740943431854,0.0005450546741486151,0.9962979555130005,0.0014949224159610751,0.9934210777282716,0.9978321194648744,0.9967836439609528,0.0005901157855986994,751.5,100.99133626207745,556,918,728.0,34.0,22.369,2.844315207567544,17.57,26.86,21.875,1.7699999999999996,0.030792653383687106,0.005175398942170575,0.0201396900229156,0.0370548404753208,0.03185677966102955,0.004457941744476552,0.03762537725269791,0.006190921481784695,0.0222994945943355,0.0437049344182014,0.03976057097315785,0.003073906525969502,0.03461094237864013,0.006282201285356916,0.0199104398488998,0.0401030704379081,0.038042008876800495,0.0018054582178592578
1,lstm,layers_1,lorenz_1000,0.001,,8,16,13,64,443,0.01011068441439415,0.010049298044132435,0.0027559911832213,0.0387453697621822,0.0064692250452935505,0.00312213378492745,0.01137751115020359,0.00990306946462704,0.0032989925239235,0.0395062752068042,0.0087350355461239,0.002885578898713,0.06582785397768014,0.03183800009880958,0.0403078198432922,0.1552482992410659,0.054602451622486045,0.012928506359457945,0.07069001644849773,0.030211364308219246,0.0438579283654689,0.1542538553476333,0.06484792567789549,0.012559698894619942,0.8747505396604538,0.15662051812835287,0.4166030585765838,0.9708265662193298,0.932377278804779,0.03255614638328547,0.8640741914510727,0.13936896207688615,0.4609971940517425,0.9643023610115052,0.9036080539226532,0.03346243500709528,1187.5,461.2897679333458,546,2339,1162.5,240.5,29.506,11.176554209594297,13.4,57.58,28.795,5.120000000000001,0.038322688415646525,0.00228174667166612,0.0335410416126251,0.0421067249029874,0.0382087451405823,0.0011632277630269534,0.044059947878122285,0.0031201056268654517,0.0404782630503177,0.0507603920996189,0.0431526228785514,0.0017876401543617006,0.041385748982429464,0.0027536182728613804,0.0361780375242233,0.0469172932207584,0.041309481486678096,0.001515675336122499
1,lstm,layers_1,lorenz_1000,0.001,,16,16,13,64,1395,0.00217179828323419,0.0005337783981851614,0.0012370828771963,0.0027879220433533,0.0022676899097859504,0.0004234551452099995,0.00309459149138997,0.0007586538918950658,0.0013956573093309,0.0038255965337157,0.0034924499923363,0.00028205139096825014,0.03229349609464404,0.0032586071137153945,0.0261813160032033,0.0355727821588516,0.03369235806167125,0.0011826511472463504,0.038417638093233064,0.004442108277386269,0.0272380784153938,0.0423641130328178,0.0405275486409664,0.00153839774429795,0.9777366816997528,0.00534694281038136,0.9710431098937988,0.987093448638916,0.9762063920497894,0.0034574568271638073,0.9676038801670075,0.00789166129198108,0.9598402976989746,0.9851670265197754,0.9636949300765991,0.0030510425567626953,839.0,87.01264275954385,713,1040,850.5,53.0,24.203,2.4033769991410003,20.62,29.66,24.61,1.6400000000000006,0.032274971483275246,0.0027713272140951184,0.0265899404883384,0.0371575990691781,0.032821339834481406,0.0009463725145906002,0.04056589528918261,0.0036472611542832855,0.0315246433019638,0.0435841754078865,0.0421481598168611,0.001219969242811203,0.03822659887373442,0.0023225912808380123,0.0324773602187633,0.0408438928425312,0.03893149271607395,0.0010901857167482515
1,lstm,layers_1,lorenz_1000,0.001,,32,16,13,64,4835,0.0012222354416734902,0.00117965525089394,0.0002833113248925,0.0043804831802845,0.0009339785028714,0.0005762887012679,0.0015482123504625199,0.001135269153032918,0.0003576203307602,0.0042287511751055,0.0013458887115120502,0.0007640783733222501,0.02216055663302536,0.008799799439684328,0.0125888623297214,0.0406703278422355,0.020905892364680698,0.006930955685675149,0.02527892747893925,0.00866912353791824,0.0137118780985474,0.0416949540376663,0.02455533854663365,0.007256300188601001,0.9869760394096374,0.012849323080488941,0.9523476362228394,0.9969832301139832,0.9904089272022247,0.005811750888824518,0.9835138559341431,0.012249849824450796,0.9543543457984924,0.9962248206138612,0.9858118891716003,0.008031040430069025,662.0,105.45141061171255,471,792,649.0,93.5,26.064,4.631671836389103,18.37,34.1,26.855,3.49,0.02472160737495863,0.0038727522368028106,0.0185542855411767,0.0307197127491235,0.02626544183585785,0.0014825779478997003,0.030391319468617378,0.005920619122335796,0.0219501219689846,0.0415970608592033,0.03018160909414285,0.005276709794998148,0.028630238212645015,0.00535370113888776,0.0203991755843162,0.0390112772583961,0.02997996844351285,0.0015529673546553005
1,lstm,layers_2,lorenz_1000,0.001,,8,4,13,64,1019,0.00019850716344076998,7.84484409247375e-05,0.0001032963336911,0.0003305446880403,0.00018683015514395,6.0296675655950005e-05,0.00021411939087552,7.249403587656278e-05,0.0001279226562473,0.0003443499153945,0.00021273714082775,6.800629489595001e-05,0.009614533558487851,0.00202089770576719,0.0072012688033282,0.0130920568481087,0.009175484534353,0.0017895109485834494,0.010270408634096341,0.00178024030991687,0.0079629551619291,0.0135502386838197,0.0100169875659048,0.0015722056850790995,0.9978934347629547,0.0008363279125419201,0.9964946508407592,0.998940646648407,0.9979940056800842,0.0006422400474547785,0.9977472722530365,0.0007561019192651782,0.9964110255241394,0.9986571669578552,0.9977545142173767,0.0006973445415496826,1906.2,414.29863625167775,1014,2562,1895.5,230.5,58.732000000000006,12.64051090739611,31.21,78.33,58.150000000000006,8.479999999999997,0.03526946906000372,0.004259070491479514,0.0256099155172705,0.0396897584199905,0.036847926676273304,0.001781312376260797,0.04017456620931622,0.005688181062465072,0.0304981619119644,0.047002874314785,0.04249920323491095,0.0019644312560558007,0.03757779244333501,0.003863067455226387,0.0292517635971307,0.041428405791521,0.03922482952475545,0.0010751560330390514
1,lstm,layers_2,lorenz_1000,0.001,,16,4,13,64,3571,0.0001437805331078825,2.6929441917834834e-05,9.309926826972514e-05,0.0001838212047005,0.0001478179765399,2.421403769405001e-05,0.00016241699559028813,3.9584250278525016e-05,9.904345643008128e-05,0.0002431845787214,0.00015873432857910002,2.1243416995250016e-05,0.00844617369584734,0.0008021540416599127,0.0067624347284436,0.0095270713791251,0.00862036040052765,0.0006041508167982006,0.00897341156378383,0.0010791190498524693,0.0068539241328835,0.010983470827341,0.0089845489710569,0.0005614827387034997,0.9984916746616364,0.0002833792638135379,0.9980472922325134,0.9990153312683104,0.998467206954956,0.00022983551025396176,0.9982882261276245,0.00042383703715665415,0.9974159002304076,0.9989442229270936,0.9983583688735962,0.00019088387489318848,1075.3,132.9534128933891,839,1339,1069.5,70.5,35.226000000000006,3.948154505588655,28.62,42.35,34.595,2.5,0.035103670097887466,0.004450792668823819,0.0248080244287848,0.0385790158063173,0.03727858187630765,0.0011787748895585488,0.040944966860115485,0.005576784263701008,0.0292649734765291,0.0455927923321723,0.0437856018543243,0.0007029492408036978,0.03748550266027447,0.0043549690812532274,0.0281570479273796,0.0406928360462188,0.039753181859850856,0.0007216166704893008
1,lstm,layers_2,lorenz_1000,0.001,,32,4,13,64,13283,0.00011454746199884367,3.633473523078332e-05,6.405264866771176e-05,0.0002008142182603,0.00011238836668775001,2.0231047528746404e-05,0.0001216548705996984,3.809381170810211e-05,7.786678906995803e-05,0.0002183019387302,0.00010752541857065,1.4379922504267717e-05,0.00734145320020612,0.001045751581537278,0.0055238823406398,0.0096573820337653,0.0073527365457266,0.0005954622756689496,0.007708043931052009,0.001096153554576801,0.0061800591647624,0.0103135369718074,0.00746713764965525,0.0005663423798978502,0.9988003492355346,0.00039910120741699033,0.997860550880432,0.9993587732315063,0.9988560676574707,0.00021827220916748047,0.9987323641777038,0.0004082450310848092,0.9977248907089232,0.999239146709442,0.9988828003406525,0.00015553832054138184,763.8,80.94664909679709,603,903,765.0,35.0,29.988,2.9247454590100666,25.47,34.56,30.465,2.4250000000000007,0.03244231698103242,0.005005619937291644,0.0232827300205826,0.0382120862603187,0.03361921552568665,0.003695604903623447,0.0369096670299768,0.006725673451567026,0.0243541989475488,0.0448115281760692,0.0382430106401443,0.004716128110885599,0.03510031551122663,0.005178107739391783,0.024939926341176,0.0402185246348381,0.0365310814231634,0.0027012266218662505
1,lstm,layers_2,lorenz_1000,0.001,,8,8,13,64,1019,0.00035704897891259,0.00025309936869603487,0.0001413993741152,0.0010590667370706,0.0002979756245622,9.16515928111e-05,0.0004244144889525701,0.00026213170747363336,0.000185828510439,0.0010882965289056,0.00035668534110294995,0.0001236911411979,0.013330711983144238,0.004212321890023936,0.0090406909584999,0.0244118496775627,0.01240429142490025,0.0019304621964693,0.0146418984048068,0.004154787598371395,0.0103238644078373,0.0240556634962558,0.013887618668377351,0.002931172028183949,0.996238774061203,0.0027608354745715874,0.9885947108268738,0.9985382556915284,0.9968876838684082,0.0010480880737305243,0.9955274105072022,0.0028132195966546992,0.9884439706802368,0.9980313777923584,0.9962150156497955,0.001403748989105169,1194.4,197.8348806454514,870,1507,1158.0,172.5,40.059,6.713448368759532,29.13,51.09,38.765,6.004999999999999,0.034262079158797816,0.004807552903497336,0.0212111501954495,0.0386269185692071,0.03544351542368525,0.001862860284745648,0.04053164049983019,0.005681938919719913,0.0265151634812355,0.0468711592257022,0.04160434938967225,0.003061037510633448,0.03799809161573643,0.005814339987093513,0.0214963797479867,0.0430860891938209,0.039593830704689,0.0012010503560304503
1,lstm,layers_2,lorenz_1000,0.001,,16,8,13,64,3571,0.00023586405804958003,0.00024898923855132943,0.0001190757102449,0.0009790506446734,0.0001586616708664,2.947837492685e-05,0.00027061456639781,0.00024041053112738636,0.0001471571595175,0.0009837076067924,0.0001974847691599,3.264348197264999e-05,0.010071220993995619,0.002989674564509231,0.0081296451389789,0.018802860751748,0.00908158719539635,0.0005938364192843498,0.011027187388390258,0.00319760060284574,0.008967756293714,0.0202647428959608,0.01024265820160505,0.0009634047746658507,0.9975096166133881,0.002647076095774605,0.9896103143692015,0.9987465739250184,0.9983153939247131,0.0003215670585632324,0.9971676528453827,0.00249229600438802,0.9897776246070862,0.9985178709030152,0.9979231357574462,0.00033932924270629883,766.9,96.77546176588362,611,927,754.0,86.5,28.885,4.098541813865023,22.69,35.24,28.42,2.8499999999999996,0.03190088873729104,0.004082104185791129,0.0257673703134059,0.038503018207848,0.03209409378468985,0.002906696870923051,0.037046332098543584,0.005601456604773174,0.0271369256079196,0.0428661182522773,0.0396301187574863,0.0029274132102727474,0.035204333625733795,0.004616746538965405,0.0264518205076456,0.0409639254212379,0.035969024524092646,0.0034551396965980044
1,lstm,layers_2,lorenz_1000,0.001,,32,8,13,64,13283,0.000126690938486679,2.4770884336991353e-05,7.870882836868986e-05,0.0001815883151721,0.0001264743987121,9.637424227549996e-06,0.0001612907784874091,4.924184895297684e-05,8.175989933079109e-05,0.0002697098534554,0.00015192123100855,2.53032994806e-05,0.00783049631863828,0.001068563731840904,0.0060864239931106,0.0097354529425501,0.0081365723162889,0.0002956343814731,0.008704791590571349,0.001418553102069569,0.0063910013996064,0.0113350935280323,0.00844701053574675,0.0008648207876831506,0.9986751973628998,0.00026434631633905645,0.998072624206543,0.9991604089736938,0.9986732602119446,0.0001239776611328125,0.9983246505260468,0.0005101310538020571,0.9971866011619568,0.9991320967674256,0.9984682500362396,0.0002791583538055975,601.2,74.79144336085513,524,798,586.5,30.0,30.892000000000003,3.4399238363661495,27.95,40.45,29.91,1.4300000000000015,0.025355403497815083,0.004245878486116141,0.0182162362150847,0.0324288627132773,0.02433265633881085,0.0019576815888285477,0.02848578263074154,0.006746463441513393,0.0201779324561357,0.0406413450837135,0.0267992811277508,0.005005258135497551,0.027523425593972174,0.006381565875777391,0.0174190048128366,0.0368522964417934,0.0268568815663456,0.0058295046910643005
1,lstm,layers_2,lorenz_1000,0.001,,8,16,13,64,1019,0.00234426347305994,0.001229163936329648,0.0004592765471898,0.0043106377124786,0.0023833219893275998,0.001073710503988,0.00314164251903997,0.0017512553354434863,0.0005335143650881,0.0063664535991847,0.00306660705246025,0.0015242632944136498,0.033741306606680115,0.009542809620623744,0.0149506041780114,0.0469676703214645,0.0351393185555934,0.007159721106290798,0.0383750388398766,0.011329184236343486,0.0173645913600921,0.0560614205896854,0.0393769182264804,0.009871644899249049,0.9755766868591309,0.012610138154269035,0.955980658531189,0.9951218366622924,0.9750500619411469,0.01123180985450739,0.9666439592838287,0.01868489279086406,0.93128502368927,0.9942981004714966,0.9676800072193146,0.016096532344818226,867.4,246.8372743327069,572,1326,847.5,159.5,34.241,10.07030431516347,21.79,51.32,33.47,8.48,0.03199773642234499,0.006867181799549481,0.0179727063514292,0.0413121372461319,0.031979639083147,0.004753562249243249,0.03846773318946356,0.00749908278662416,0.0220975801348686,0.0486244596540927,0.0394275374710559,0.004969147965312049,0.03648891244083639,0.0073774428199944505,0.0201454032212495,0.0456169322133064,0.03848691470921035,0.004492281004786498
1,lstm,layers_2,lorenz_1000,0.001,,16,16,13,64,3571,0.00079472973884545,0.0006754857748445573,0.0001983756956178,0.0021743585821241,0.00042641305481080005,0.00022224504209590005,0.00099533023894761,0.0008413336967942126,0.0002691766421776,0.0026334130670875,0.0004775003180839,0.0002031181502389,0.01826172647997733,0.008236064207858043,0.0101470835506916,0.0332823060452938,0.014564094599336351,0.004294778220355501,0.02060608267784113,0.008965217039843,0.0117163965478539,0.0357696041464805,0.01616917923092835,0.004090680740773652,0.9917525112628937,0.006982235134218804,0.978056252002716,0.997903287410736,0.9955248534679413,0.002324253320693914,0.9895352780818939,0.00886827052684703,0.9723310470581056,0.9971757531166076,0.9949494302272797,0.002153009176254217,699.5,121.32703738244003,553,898,674.0,99.5,34.711,6.218839843572111,27.29,45.51,32.715,5.190000000000003,0.02585658377967771,0.003665859046864625,0.0176501779817044,0.0320280460640788,0.025821685558184898,0.00148543091490865,0.031522976420819734,0.004948574014421667,0.0187879968434572,0.0385331436991691,0.0315718539059162,0.0010187700390815995,0.031430045887827836,0.0050105650001213845,0.0196982771158218,0.0380402579903602,0.0318833207711577,0.0024254946038127015
1,lstm,layers_2,lorenz_1000,0.001,,32,16,13,64,13283,0.00018067635392067,7.360539512128329e-05,0.0001095950501621,0.0003102361224591,0.0001418635511072,3.146553353874999e-05,0.0002019886822381051,7.921785103772614e-05,9.64729188126512e-05,0.0003791095805354,0.00018978425941890001,4.741033626485e-05,0.00867140474729235,0.0015456789528081145,0.0072916089557111,0.0114755304530262,0.0078218888957053,0.0005204242188483507,0.009939987538382359,0.0016143785012763473,0.0076285046525299,0.0130045423284173,0.009640075732022451,0.0012310710735619493,0.9981000185012817,0.0007841110012009589,0.9967221021652222,0.99885356426239,0.998519629240036,0.00032433867454517706,0.9978680670261383,0.0008369913523250601,0.9959967732429504,0.9989737272262572,0.9979964792728424,0.0004994869232177179,678.7,45.61151170483171,587,738,678.0,34.5,51.321000000000005,6.696039799762245,44.8,64.38,48.665,3.6400000000000006,0.018994902826379927,0.00348918544759569,0.0142221223330125,0.0269447885453701,0.0180998665746301,0.0019563678186386487,0.0225653370842337,0.004622245690407763,0.016702739521861,0.0326316468417644,0.022104752250015652,0.003005892969667901,0.02221170216798778,0.004578590977916118,0.0156050119549036,0.0316590666770935,0.0213930988684296,0.002512143924832351
1,lstm,layers_3,lorenz_1000,0.001,,8,4,13,64,1595,0.00014865082775935998,4.1726251617758164e-05,0.0001008412145893,0.0002315362798981,0.00012918756692665,2.3036875063549997e-05,0.00016993241297310002,5.424827104135548e-05,0.000106879408122,0.00029560434632,0.0001581955802976,3.1190393201550005e-05,0.00846887179650363,0.0009397601236346859,0.0074230968020856,0.0099773434922099,0.00829410413280125,0.0007807819638400992,0.00903660110197958,0.0010307331382085208,0.0072655226103961,0.0108529860153794,0.00889986706897615,0.0005841059610248002,0.9984353661537171,0.00044872288661278794,0.9975541830062866,0.998971700668335,0.9986259937286376,0.00018909573554998227,0.9982100188732147,0.0005700658789516912,0.9969038367271424,0.9988721013069152,0.9983271658420563,0.00032392144203186035,1308.3,254.8850917570504,998,1880,1225.0,185.5,52.867999999999995,9.92279678316552,40.17,74.35,50.115,7.43,0.03568465238437053,0.004801792444207205,0.0217958869412541,0.0397729948163032,0.0366176811046898,0.0008497246541083019,0.04143573325127358,0.006489547426199731,0.022819573059678,0.046768270432949,0.04339667409658425,0.0017116852104664473,0.0382359310984611,0.004594041332288359,0.0247337408363819,0.0415814667940139,0.039815794676542254,0.0004551801830529993
1,lstm,layers_3,lorenz_1000,0.001,,16,4,13,64,5747,0.0001411159078997524,6.540816774780811e-05,8.16423271317035e-05,0.0002827994467224,0.0001183118147309,2.6877754862566145e-05,0.0001463239939766555,6.531652791395723e-05,8.491399057675153e-05,0.000295329693472,0.0001300040239584,2.9135353543071092e-05,0.007866383995860739,0.001436075491503594,0.0060606896877288,0.0109320441260933,0.00747645739465945,0.0006914841942488995,0.008212358690798218,0.0015723183237271573,0.0065521490760147,0.0115751456469297,0.007888840511441151,0.0006692023016512008,0.9985265851020813,0.0006965719638281999,0.9969748258590698,0.9991573691368104,0.9987430274486542,0.00027886033058166504,0.9984788417816162,0.0007026297941406597,0.9968551993370056,0.9991631507873536,0.9986626505851746,0.0002827942371368408,833.0,126.37325666453326,650,1030,807.5,118.0,35.797000000000004,5.240875976399365,28.14,43.63,34.91,5.190000000000001,0.02784952607937153,0.009044150450501356,0.0118857804685831,0.0390943866223096,0.02854485535062845,0.00821107481606305,0.030881813447922436,0.011253914732247388,0.0115627190098166,0.0450617261230945,0.0314342342317104,0.01110343355685475,0.029439520370215133,0.009322890109782763,0.0124437911435961,0.0405617617070674,0.0308716921135783,0.009020511992275701
1,lstm,layers_3,lorenz_1000,0.001,,32,4,13,64,21731,0.00010064818052340015,2.4199581201005908e-05,7.016675954218954e-05,0.0001332079846179,0.00010417842349849276,2.58774125540941e-05,0.00011243275293962253,2.9714684213261217e-05,6.798307003919035e-05,0.0001606058940524,0.0001121151544793732,2.3212505766417104e-05,0.00676199966110283,0.0006908117958715541,0.0056728147901594,0.0078716315329074,0.00676322495564815,0.0006207395344971999,0.0072457986418157285,0.0009538462179851621,0.0058276150375604,0.0085727348923683,0.00731713511049745,0.0008775107562542504,0.998954576253891,0.0002761919444558047,0.9985724091529846,0.9993562698364258,0.9988856315612792,0.0002746880054472767,0.9988433122634888,0.0003289377948812355,0.998293161392212,0.9994089603424072,0.9988182783126831,0.00024631619453430176,628.5,73.52856587748737,545,759,620.5,54.5,34.787000000000006,5.363638783512552,29.84,47.04,32.6,2.700000000000001,0.01375430053565648,0.006312573111189447,0.0078448012471199,0.0270057396963238,0.0116131427232176,0.002599454135634051,0.01534407027065748,0.00745137616844784,0.0080867847427725,0.0307361353188753,0.012863920535892151,0.003596100490540299,0.015381473256274997,0.00801040202802972,0.0074483263306319,0.0301882158964872,0.0133389416150748,0.0043514496646821
1,lstm,layers_3,lorenz_1000,0.001,,8,8,13,64,1595,0.00025583206297592005,3.786413767228609e-05,0.0001866745151346,0.0003373796935193,0.00025977521727325,1.4202028978549971e-05,0.00033840774703998,0.00013567669862498655,0.000206378288567,0.0007040844066068,0.00030869265901854997,4.950127913619999e-05,0.011546385195106222,0.000781793220869293,0.0101136872544884,0.0123705230653285,0.01178456610068675,0.0004881359636783496,0.012787570618092959,0.0016332660710837504,0.0103101870045065,0.0162287596613168,0.012653186917304951,0.0008826027624308994,0.9973585426807403,0.0003663339523604956,0.9967139959335328,0.99804025888443,0.9973106980323792,0.00018596649169921875,0.9964733481407165,0.0013524869126502232,0.9929033517837524,0.9979051947593688,0.9967508614063263,0.0004928708076475941,798.9,133.38474425510586,592,981,782.5,130.5,35.648999999999994,6.227187888605899,25.66,44.83,34.17,5.559999999999999,0.033001326415687746,0.0029040813658498164,0.0264254726469516,0.0368750818073749,0.03324423711746925,0.0016784473322331503,0.04096403867006297,0.0037541996675905798,0.0317528471350669,0.046826533973217,0.04113706015050405,0.0013446528464555983,0.03824332430958743,0.0026447865907890215,0.0322169661521911,0.0427751392126083,0.03834387101233,0.0011233408004045521
1,lstm,layers_3,lorenz_1000,0.001,,16,8,13,64,5747,0.00020526186999626997,9.577608205386304e-05,0.0001057968474924,0.0004063222731929,0.0001718698331387,3.16012228723e-05,0.00023879786604077998,9.340439987773653e-05,0.0001523254031781,0.0004243020084686,0.00020310666150175,2.7159047021999997e-05,0.00958828027360136,0.0019985195236521774,0.0071938573382794,0.0134549383074045,0.009094645269215051,0.0007173893973231498,0.010477424692362482,0.0020181652754774704,0.0083281844854354,0.0145476656034588,0.00990590313449495,0.00044917175546289965,0.9978549897670745,0.0009795364040032643,0.995915710926056,0.9988666772842408,0.9981862008571625,0.00038036704063409976,0.9975326657295227,0.0009182234190104915,0.9957312941551208,0.9984017610549928,0.9978691041469574,0.000304639339446966,662.6,75.03225972873268,539,843,643.5,18.0,34.08,4.372033851653026,27.19,43.71,33.185,1.945000000000002,0.02785512016154821,0.00704054640135063,0.0132784318178892,0.0367525523528456,0.0299440496601164,0.002538167964667099,0.03399400357156987,0.008436152882425644,0.01701645180583,0.043962575495243,0.035617193207144696,0.004661459475755702,0.033353680931031665,0.006828542121994705,0.0175836235284805,0.0404865853488445,0.03486581891775125,0.0034578926861286476
1,lstm,layers_3,lorenz_1000,0.001,,32,8,13,64,21731,8.69517931277943e-05,3.2783718302547875e-05,4.891717617283575e-05,0.0001678805274423,7.92669779912103e-05,1.869566403911449e-05,0.00011566313914953409,5.5409210555216164e-05,6.378254329320043e-05,0.0002598174032755,9.354269786853507e-05,2.1191739506303118e-05,0.00605968711897727,0.0011054390597102673,0.0048399227671325,0.0086242109537124,0.0057241949252784,0.0007752175442874002,0.00698890457861122,0.0012964867341006213,0.005687543656677,0.0100718699395656,0.0065639093518257,0.0006802186835557001,0.9990887701511383,0.00033878969214611666,0.9982483386993408,0.9994808435440063,0.9991733729839326,0.00019153952598560675,0.9987923443317414,0.0005848096163986588,0.9972599148750304,0.9993323683738708,0.9990161657333374,0.0002288818359375,553.9,36.6781951573411,491,618,558.5,27.5,42.50600000000001,4.184629493754495,35.85,49.61,42.54,2.965,0.014453080839011766,0.006042024437784785,0.0049550105351954,0.0263331513851881,0.0156212202273309,0.0034831666853279005,0.01475333927664901,0.00637534099600104,0.0032577554229646,0.0258071422576904,0.01581874582916495,0.00538334855809805,0.015119002480059821,0.00816775460651188,0.0027412227354943,0.031044727191329,0.0145234954543411,0.005739237647503651
1,lstm,layers_3,lorenz_1000,0.001,,8,16,13,64,1595,0.00142735577246634,0.0009758583598250052,0.000447875005193,0.0033079828135669,0.00108894211007275,0.0005356778128771001,0.00203235039953138,0.0015307850237645574,0.0005943848518654,0.0054117608815431,0.00153307191794735,0.0007919805357233001,0.02513841390609737,0.008242208775502068,0.0161616597324609,0.0418405309319496,0.02424396015703675,0.0063154706731439,0.0293826594948768,0.010431782788290786,0.0181728154420852,0.0514257736504077,0.02824195660650725,0.0088098319247365,0.9849901556968689,0.01022267659895328,0.965636909008026,0.9954118728637696,0.9886192083358765,0.005724221467971802,0.9782315909862518,0.016665603947088423,0.9410544037818908,0.993736207485199,0.9838601052761078,0.00829160213470459,826.1,211.9077393584293,578,1266,732.5,93.0,42.338,10.70373374108306,29.79,64.07,37.34,4.614999999999998,0.027337899431586217,0.006318650528314331,0.0170269770547747,0.0366167588159441,0.02762437923811375,0.005443510040640852,0.03522586114704604,0.0094281733665562,0.0215039551258087,0.0488246940076351,0.0367567837238311,0.00998638942837715,0.03352835234254593,0.007790252428926648,0.0203769579529762,0.044557400047779,0.035740718245506245,0.008340200409293154
1,lstm,layers_3,lorenz_1000,0.001,,16,16,13,64,5747,0.000958237487793628,0.000710598333072135,8.317223546328023e-05,0.0021230916026979,0.0009683539392426499,0.0007042225624900001,0.00122753508185264,0.0008975330718120084,0.0001371990365441,0.0028427869547158,0.0014148076297715,0.00076815515058115,0.01884724274277682,0.008428433655469685,0.0064264666289091,0.0295641869306564,0.02140334062278265,0.008124034851789497,0.02154180249199266,0.009267803405776265,0.0083350902423262,0.0338504128158092,0.0263332817703485,0.005476467311382301,0.9899685323238373,0.007443524175449094,0.9780147671699524,0.9991248846054076,0.9897283911705017,0.007561653852462824,0.9871989369392395,0.009375819024684274,0.97035413980484,0.9985455870628356,0.9852230846881866,0.007823348045349121,627.9,79.7702325432238,539,767,616.0,72.5,47.33800000000001,6.15225454609934,40.34,58.28,46.465,5.315000000000005,0.023032096289098213,0.004122951819331693,0.0159842218272387,0.0291410943493247,0.0230818407144397,0.001956949057057499,0.02791859768331046,0.006001969342200249,0.0173408165574073,0.0354811735451221,0.0301342941820621,0.004582857713103298,0.02795021310448641,0.0067194220665312,0.0188924111425876,0.0384061560034751,0.02744771353900425,0.0067399907857179486
1,lstm,layers_3,lorenz_1000,0.001,,32,16,13,64,21731,0.0004072039839229,0.00026656344347424717,0.0001832339621614,0.0009204220841638,0.0002847007272066,9.16985954973e-05,0.00053848708485015,0.0004194548612466387,0.0001740678417263,0.0013056909665465,0.00035323263728055,0.00016266760940199997,0.01165259121917182,0.004207642600550706,0.0076126032508909,0.0193589348345994,0.0101843792945146,0.0019397018477321,0.0140965837053954,0.005798736520195489,0.007777820341289,0.023830322548747,0.01169469300657505,0.002619138453155751,0.9957603394985199,0.0027479601708431094,0.9905662536621094,0.9980946183204652,0.997014731168747,0.0009835064411163885,0.9945093035697937,0.004158036265798121,0.9860247373580932,0.998148798942566,0.9962458312511444,0.0017513930797576904,651.9,144.13150245522317,454,964,644.5,102.5,74.39099999999999,18.192624027335913,46.19,112.03,73.57,11.189999999999998,0.015551704412791833,0.002550959897939748,0.0109612118452787,0.0201974199153482,0.0157838121289387,0.0020594924921170012,0.018991683796048105,0.004867267619858543,0.0108094047755002,0.0289365276694297,0.01868592947721475,0.0036683855578303007,0.01814486160874362,0.005939142907870029,0.0106718745082616,0.0322663970291614,0.0164047768339514,0.0032767960801720506
1,lstm,layers_1,lorenz_1000,0.001,,8,4,25,64,443,0.02240977212786669,0.011122901740655331,0.0124924229457974,0.0436846986413002,0.0176055775955319,0.004634205717593449,0.02377218566834921,0.01132720072743379,0.0143653275445103,0.0454248562455177,0.01866443455219265,0.00415568053722385,0.10411690697073932,0.029529171712650213,0.0785854160785675,0.159442737698555,0.09188137203454966,0.013155713677406256,0.10988506153225894,0.028682979844991612,0.0848824903368949,0.1640018969774246,0.09823616594076154,0.013208061456680333,0.6974513441324234,0.21013403768557692,0.2825932502746582,0.85978102684021,0.799261063337326,0.05421125888824463,0.6870716750621796,0.19162907092106735,0.3103689849376678,0.8365611433982849,0.7785069048404694,0.05518239736557007,2830.7,1703.0904291904174,414,5231,2628.0,1845.0,60.31700000000001,36.09263749021399,8.62,111.89,56.75,37.52,0.039173794044181656,0.0017538001448536527,0.0363523916341364,0.0430774498730897,0.03891426520422095,0.0006974581629037996,0.048066668584942775,0.0014324831140069645,0.0454149320721626,0.0501417480409145,0.04792837984859935,0.0009086430072784007,0.04427122697234152,0.0014167775044326846,0.0425217449665069,0.0470200814306736,0.0437751356512308,0.0011125262826680998
1,lstm,layers_1,lorenz_1000,0.001,,16,4,25,64,1395,0.01220888737589117,0.010471574065827383,0.0063170036301016,0.043240200728178,0.00906203268095845,0.0012989889364689497,0.013474808633327432,0.010481080896365461,0.0068683698773384,0.044279608875513,0.01054465537890785,0.0019293399527669005,0.06641826927661891,0.031345387421426264,0.0465402789413929,0.1586252301931381,0.05581707134842865,0.0049522463232279,0.0716949105262756,0.031058536517954937,0.0493107214570045,0.1616647988557815,0.061763107776641804,0.0076003484427928925,0.8439111322164535,0.18313249276825436,0.2969581186771393,0.931425154209137,0.9004015028476715,0.014964640140533503,0.8323060035705566,0.16861164782531107,0.3315228819847107,0.925018846988678,0.8813186883926392,0.022377818822860718,3413.1,1146.93133621852,462,4594,3725.0,548.0,76.51700000000001,26.32079711938831,10.31,102.63,84.215,14.464999999999996,0.03888558447360989,0.0017335311476610418,0.0362217871472239,0.0429655997082591,0.03857257282361384,0.0009789838455617414,0.047927264869213046,0.0009579584961651033,0.045846153050661,0.0492956526577472,0.048075037077069255,0.0005916096270084485,0.04393346086144442,0.0003889103246920546,0.0431414954364299,0.0445850193500518,0.043925628066062844,0.00024096667766575208
1,lstm,layers_1,lorenz_1000,0.001,,32,4,25,64,4835,0.00726708075962956,0.0008297551751492443,0.0064508956857025,0.0090905083343386,0.00713064614683385,0.0006214885506778999,0.008775765541940869,0.0015906681333367546,0.0073991664685308,0.0127711230888962,0.008120489306747851,0.0005996096879244002,0.05008475519716736,0.0028649242322427563,0.0472066365182399,0.0568966418504715,0.048979975283145905,0.0008158944547175945,0.056321022287011094,0.004678311852013242,0.0507415011525154,0.0671990737318992,0.0547970682382583,0.0019275322556495493,0.9209187984466553,0.00903152031468943,0.9004607796669006,0.9300526976585388,0.921886384487152,0.0074273645877838135,0.9021240890026092,0.019166187667586505,0.8530479073524475,0.917982280254364,0.9100667834281921,0.007043302059173584,2229.3,238.66631517664993,1880,2571,2299.5,262.0,54.992999999999995,5.96250626834052,45.79,63.9,56.365,6.360000000000003,0.03867321701720353,0.0016784247496496212,0.0361953057348728,0.0428036807104945,0.0384632905945181,0.0004850109107792516,0.047340023890137625,0.0011540726587566813,0.0455815717577934,0.0493214428424835,0.04711936786770815,0.0007594786584377497,0.04341921843588349,0.0006472936285975568,0.042196337133646,0.0446691997349262,0.0434207487851381,0.0003143027424812525
1,lstm,layers_1,lorenz_1000,0.001,,8,8,25,64,443,0.012768288049846829,0.003963120244226775,0.0075360517948865,0.0204503592103719,0.0128069436177611,0.003118751570582401,0.01343094371259206,0.0037659961994265328,0.0082904696464538,0.0197611209005117,0.013483686838299001,0.0029177214019000496,0.07921719290316101,0.012664664667022504,0.0595636926591396,0.1001469865441322,0.07880211248993871,0.009381353855133112,0.08303258940577503,0.012534006352007257,0.0655991435050964,0.1012156754732132,0.0815442949533462,0.010829925537109403,0.8552597105503082,0.04941267877919486,0.7564408183097839,0.9179792404174804,0.8554611504077911,0.03884458541870117,0.8447414815425873,0.04845512853105258,0.7613500356674194,0.912720501422882,0.8459406495094299,0.03612792491912842,2330.2,955.3156337043794,850,3900,2125.0,649.5,52.107000000000006,20.64200138068012,19.74,86.68,47.8,13.375000000000004,0.03861372929066413,0.0012788963241271388,0.0366351015865802,0.0406908754259347,0.038550632353872,0.001097219251096248,0.04816239289939397,0.0013783865372190137,0.0459941625595092,0.0503998510539531,0.04806032031774515,0.0010424889624119013,0.044897051900625186,0.0017048481353414732,0.0428765192627906,0.0474867075681686,0.04474286921322345,0.001449314877390851
1,lstm,layers_1,lorenz_1000,0.001,,16,8,25,64,1395,0.007700072927400431,0.0016520962627680214,0.0057045477442443,0.01073192153126,0.0071183734107762,0.0008128120098263004,0.00883392393589014,0.0016151161565204014,0.0067829368636012,0.0114600155502557,0.008298525586724202,0.0007706882897764514,0.05859205126762386,0.006433850496340666,0.0489436946809291,0.0704337060451507,0.05895252525806425,0.004915710538625748,0.06376565061509602,0.006317536072449156,0.0536964647471904,0.0748848542571067,0.0634839423000812,0.005684223026037199,0.9166134238243103,0.019729936254890727,0.8796910047531128,0.9379319548606871,0.9253095388412476,0.008126825094223078,0.9018456220626831,0.01921163784956384,0.8700075745582581,0.9255886673927308,0.9089230895042419,0.008270859718322754,1664.7,285.93077833629593,1218,2346,1691.0,134.0,41.586999999999996,7.219874029371979,29.37,57.25,41.394999999999996,3.4349999999999987,0.03788791052997107,0.0012783689873254022,0.0362930979579687,0.0405426174402236,0.03735824422910805,0.0006775581277906999,0.047766095027327496,0.0009911612980880848,0.0464504286646842,0.0496011786162853,0.04764846526086325,0.0008752830326556986,0.044214671477675396,0.000703049856249292,0.0431121252477169,0.0457866676151752,0.04427815973758695,0.0003766529262065506
1,lstm,layers_1,lorenz_1000,0.001,,32,8,25,64,4835,0.0059264747891574505,0.0017569605996905233,0.0039477855898439,0.0103519018739461,0.00522077153436835,0.0005682141054422002,0.006455464521422941,0.0017952121189691323,0.0046854093670845,0.0111456280574202,0.0060308987740426995,0.00085271731950345,0.047803516313433596,0.00733040484382467,0.0387206636369228,0.0657237619161605,0.046869844198226845,0.003683352842927,0.051156526431441265,0.008030119283729787,0.0418530069291591,0.0699936747550964,0.05042262934148305,0.005143903195857946,0.9361699104309082,0.01971270563437706,0.8870528936386108,0.9576755166053772,0.9439896941184998,0.0070747435092926025,0.9294489026069641,0.020633791575094103,0.8755479454994202,0.9489502906799316,0.934773325920105,0.009455889463424683,982.5,118.86231530640819,770,1101,1024.5,66.0,29.629999999999995,4.03082125627024,21.95,33.44,32.185,0.8599999999999959,0.035239568017423104,0.0037479235534253795,0.0266275571659207,0.0395110592246055,0.0368934232741594,0.0020245807245374003,0.043069504201412145,0.005251639543568334,0.0323267169296741,0.0486046709120273,0.044961564242839744,0.0027558635920286005,0.04087901413440699,0.004324264465691388,0.0319632999598979,0.0446796268224716,0.04305705241858955,0.0012607071548700471
1,lstm,layers_1,lorenz_1000,0.001,,8,16,25,64,443,0.009023918677121361,0.002150483426981818,0.0054875407367944,0.012624341994524,0.00852383347228165,0.0014106943272053996,0.009338309941813321,0.0021063512430240343,0.0064163175411522,0.0128096612170338,0.0092142703942954,0.00104805035516615,0.07205111309885974,0.00939031322234166,0.0566335767507553,0.0870211571455001,0.0714405514299869,0.0085587278008461,0.07467587664723392,0.008855811644465184,0.0626643523573875,0.0896751955151557,0.07405079156160349,0.006849884986877448,0.9013165235519409,0.024582540017969563,0.8604443073272705,0.9416615962982178,0.9067865014076232,0.01654192805290222,0.8953239679336548,0.02413099209092796,0.8554957509040833,0.9291691780090332,0.8961577415466309,0.013771444559097235,1294.5,413.26293083217615,677,2021,1217.5,323.5,30.058000000000003,9.730893895218466,15.73,48.27,27.915,7.145,0.039121364408896984,0.0021517472804320334,0.0329938491599427,0.0407315252555741,0.039594093958536705,0.0007497268832392448,0.04540065266191955,0.0033205574178528457,0.0368992500007152,0.0491340346634388,0.04618543758988375,0.0016902331262827024,0.04505010843276973,0.0029004103780075285,0.0382183045148849,0.0477633215487003,0.04576376825571055,0.001921422779560096
1,lstm,layers_1,lorenz_1000,0.001,,16,16,25,64,1395,0.00566423670388753,0.0015985218347999563,0.0037908314261585,0.0089372172951698,0.005095012485980949,0.0012865380849689492,0.00604086627718056,0.0015848364062896224,0.0038964690174907,0.0096825063228607,0.0058734235353767004,0.0010108835995197001,0.05359946154057975,0.00645674352850473,0.0413406193256378,0.0610214546322822,0.0531954243779182,0.00656102038919925,0.05645896382629867,0.0070272367980416875,0.0429703779518604,0.0668463036417961,0.0577484015375375,0.004235673695802699,0.9410172879695893,0.01690676978902849,0.909939467906952,0.9620690941810608,0.94675612449646,0.014887511730194036,0.934766435623169,0.017000179251313502,0.8971703052520752,0.9578030705451964,0.937696397304535,0.011612862348556463,1018.5,249.42664252240579,695,1474,919.0,194.5,27.331,6.779111224932071,18.56,39.73,24.735,5.52,0.03290124591439958,0.00527909269012153,0.0210158278544743,0.0395734765463405,0.0337343753005067,0.0031630832494960997,0.037353775277733765,0.006354687013249213,0.0252141878008842,0.0463555790483951,0.038330465555191,0.004588948562741248,0.037848294340074015,0.00622342666558177,0.0251438934355974,0.0446407459676265,0.0399770978838205,0.0039054807275533503
1,lstm,layers_1,lorenz_1000,0.001,,32,16,25,64,4835,0.0026731596444733003,0.0008003043608388115,0.001385478535667,0.0037955029401928,0.0027466197498142,0.0007867551175878,0.00323801136109972,0.0010197364872915457,0.0016128122806549,0.0050415568985044,0.0031103431247174003,0.0008866413263604498,0.034846227429807156,0.005789213193380407,0.0266593918204307,0.0447916202247142,0.032961154356598854,0.00436490494757895,0.03907703887671227,0.006567769463943855,0.029355214908719,0.0491394959390163,0.03678037039935585,0.005633914843201651,0.9723871052265167,0.008450690353929381,0.9595009684562684,0.9854112267494202,0.9716165363788605,0.008353620767593384,0.9650232017040252,0.011205083398978893,0.944956600666046,0.9822948575019836,0.9660150706768036,0.009169459342956598,789.8,135.9608767256228,617,1058,748.0,88.5,28.858000000000004,5.311152040753493,21.99,38.71,26.865000000000002,3.5150000000000006,0.0236099875842531,0.0030482613248620557,0.0200237441394064,0.029163054914938,0.0228315906392203,0.0020658660473095013,0.024661638960242212,0.0038085433995446614,0.019996877759695,0.0306155942380428,0.0228227172046899,0.0021939342841505484,0.024492196552455367,0.0040992463032772574,0.019543744623661,0.0308721028268337,0.0228040516376495,0.00227124989032745
1,lstm,layers_2,lorenz_1000,0.001,,8,4,25,64,1019,0.010225575370714021,0.0017173336538619545,0.007480455096811,0.0135204838588833,0.0104335397481918,0.0009052311070263499,0.01136173428967591,0.0017196840672295411,0.0078437980264425,0.0141308382153511,0.011961189564317399,0.0004017953760922007,0.06370874010026449,0.00895392822688125,0.0494543127715587,0.0806240066885948,0.06360544264316556,0.0076081659644841974,0.06924338676035399,0.008989417992250831,0.0520558431744575,0.08472391217947,0.07041750103235239,0.006968595087528243,0.8867292821407318,0.01946419340723811,0.8466309309005737,0.9172143936157228,0.8840944766998291,0.00806686282157898,0.8714266300201416,0.0208393936733901,0.8364731669425964,0.9129074215888976,0.8655593395233154,0.005215048789978027,2520.4,768.7059515835689,1427,3784,2365.0,609.5,78.287,23.732042073955625,44.84,118.5,73.36,17.51,0.03817672992590809,0.0015320920478489805,0.0348767871037125,0.0402928119525313,0.038484208285808494,0.000970398634672149,0.04780171513557429,0.0007610472131486626,0.0466550029814243,0.0495853722095489,0.04787014238536355,0.0004260130226611987,0.044036399200558615,0.0008056766480759393,0.0428462773561477,0.0459276400506496,0.0440791845321655,0.0003938507288694486
1,lstm,layers_2,lorenz_1000,0.001,,16,4,25,64,3571,0.0067262430675327405,0.001162883044986934,0.0050764577463269,0.008894108235836,0.0068178612273186,0.0009773143101483505,0.00736501947976643,0.0012851889213514568,0.0053304391913115,0.0100677898153662,0.00720256380736825,0.00085316924378275,0.04706876575946802,0.004286659924509102,0.0401978828012943,0.0538032613694667,0.04704228229820725,0.0031108371913433006,0.05060703679919239,0.004832526941163134,0.0432626269757747,0.059368684887886,0.050515389069914804,0.0021969005465508062,0.9264719247817993,0.01306629356890027,0.901575207710266,0.944770574569702,0.9254981577396393,0.010970890522003174,0.9191086649894714,0.014590528384137264,0.8880049586296082,0.9418907761573792,0.9209729433059692,0.009015977382660023,1708.8,223.25223403137537,1345,2031,1761.5,187.5,57.492000000000004,9.157255920853146,44.11,71.72,57.42,8.154999999999998,0.03853453030809755,0.001965962821506543,0.0356929432600736,0.0430919364094734,0.03838176624849435,0.0007945979945361489,0.04757037274539466,0.0012399690656036864,0.0458663813769817,0.0497591868042945,0.04707404412329195,0.0010211132466793026,0.04400000646710392,0.0007070899163828527,0.0428336225450038,0.0451941899955272,0.04397380910813805,0.0004990082234144488
1,lstm,layers_2,lorenz_1000,0.001,,32,4,25,64,13283,0.00613517970778043,0.0007767546911868506,0.0049926154315471,0.0075038443319499,0.0060797610785812,0.0006517742294818002,0.00682597360573704,0.0005521066970740768,0.0059735300019383,0.0078716799616813,0.00681715691462155,0.0004571320023387497,0.043840928003191906,0.0026230771699531875,0.0399960689246654,0.0488531962037086,0.0427074152976274,0.0010371450334787473,0.04794486165046686,0.00201423011514778,0.0438320003449916,0.0509337559342384,0.04805882461369035,0.0011472273617982968,0.9335492193698883,0.008428413240942303,0.919158697128296,0.9469116926193236,0.9336974918842316,0.007638454437255915,0.9256498575210571,0.006008946234619678,0.914824366569519,0.9346012473106384,0.925309032201767,0.005362510681152455,1047.6,114.61779966479902,813,1216,1063.0,81.0,41.36999999999999,4.739527402600389,31.51,49.29,41.925,2.604999999999997,0.03815747309476132,0.0021281606053531912,0.0351202310994267,0.0426930759102106,0.0382357826456427,0.0011476409621536503,0.04705288335680956,0.0016545860276637864,0.0432284623384475,0.049239695072174,0.0470741298049688,0.0009148605167865996,0.042929686978459315,0.0018395258410527295,0.0376786366105079,0.0445216707885265,0.0434706453233957,0.0004936624318361005
1,lstm,layers_2,lorenz_1000,0.001,,8,8,25,64,1019,0.00778074250556525,0.0020124232441718014,0.0041508148424327,0.010178011842072,0.0081377360038459,0.0015791100449859992,0.00862491768784816,0.0020615707961117308,0.0048638340085744,0.0110288122668862,0.00895915366709225,0.0015228183474392002,0.05922070816159245,0.008688356659019214,0.041424848139286,0.0706192255020141,0.0626066848635673,0.003638276830315597,0.06419777870178217,0.009331414555060273,0.0447156280279159,0.0725151449441909,0.06723169609904284,0.004617009311914458,0.9161284625530243,0.022979475990427968,0.889524519443512,0.95598703622818,0.9129621088504791,0.019704848527908325,0.905293607711792,0.023744483661419118,0.877021074295044,0.946422278881073,0.9026113748550415,0.018769085407257136,1654.0,476.9295545465808,682,2578,1703.0,279.0,55.541,15.638438828732234,22.25,85.85,57.5,7.125,0.03732737684622401,0.002302258436229707,0.0336048142984509,0.041097404807806,0.0373108423314988,0.00149589590728285,0.0476892631500959,0.002590915222458385,0.0429165102541446,0.0518496632575988,0.0481174942106008,0.0013982094824314013,0.04436300918459889,0.0026911232617838183,0.039839930832386,0.0486888140439987,0.04489331319928165,0.001552663743495948
1,lstm,layers_2,lorenz_1000,0.001,,16,8,25,64,3571,0.00647197384387249,0.0017747863334138685,0.0041367611847817,0.0101577639579772,0.00599683262407775,0.0010362362954765502,0.007236502785235591,0.0014969749377927077,0.0051398403011262,0.0106007736176252,0.0067799007520079006,0.0009274096228182502,0.051688596606254536,0.008761876486198864,0.041867759078741,0.0726659968495369,0.04890281707048415,0.003988748416304647,0.05520393960177894,0.008054262041793664,0.0456122420728206,0.0747783407568931,0.052945462986826855,0.004072476178407707,0.9301421761512756,0.019084217168917016,0.8900448083877563,0.9556069374084472,0.9349249601364136,0.011575698852539062,0.9211745262145996,0.016201671801063074,0.8859683871269226,0.944798469543457,0.9254637956619263,0.01066833734512318,940.7,252.53239396164605,617,1391,866.0,159.5,34.938,9.364934383112356,23.27,50.56,31.93,6.244999999999999,0.035455880612134894,0.0031712044802892003,0.0278759820386767,0.0396745759993791,0.0363715769257396,0.001077794795855902,0.044865465909242584,0.0037491724669552642,0.0359319187700748,0.0495240874588489,0.045982884243130656,0.001982379704713849,0.042237105965614266,0.0029045384135164267,0.0355220362544059,0.0456747524440288,0.04300771281123155,0.001400100067257902
1,lstm,layers_2,lorenz_1000,0.001,,32,8,25,64,13283,0.00508195543661708,0.001061465032246386,0.0029548099264502,0.0071009891107678,0.0052153861615806,0.00045253941789265024,0.00610746250022198,0.0011813360294382457,0.0036921550054103,0.008573031052947,0.0061738062649965,0.0005069701001048001,0.044097776710987024,0.0059307072197487655,0.0321364924311637,0.0536038465797901,0.0449073370546102,0.004288040101528154,0.04906847253441805,0.006286237522697923,0.0363896451890468,0.0611336417496204,0.0498325545340776,0.003514992073178295,0.9458034336566925,0.011489899132266536,0.92204087972641,0.9682694673538208,0.9443051517009735,0.005296975374221802,0.9335582673549652,0.013135279912907973,0.9045467972755432,0.9597116708755492,0.932757705450058,0.0037320554256438654,702.7,48.693017979993805,611,783,711.0,29.0,36.739,1.9860687299285487,33.01,39.91,36.239999999999995,1.6600000000000001,0.03388537500053638,0.0038086568490134777,0.0262850502505898,0.0378781018778681,0.0351601605303585,0.0022730332799256008,0.04183456785976881,0.004808955217489276,0.0309053994715213,0.0467571541666984,0.0435446053743362,0.0022693164646625484,0.03982145916670556,0.004252218915967996,0.0288871880620718,0.0439032539725303,0.04136128537356845,0.00230459868907925
1,lstm,layers_2,lorenz_1000,0.001,,8,16,25,64,1019,0.00483769159764047,0.0020039379033525363,0.0027090264484286,0.0092171588912606,0.00427211914211505,0.0006377570098265999,0.00538286119699473,0.0018279850887835776,0.0037524986546486,0.0091091329231858,0.0046622385270893,0.0007841404294595001,0.049974251538515056,0.008664950135638692,0.038627590984106,0.0657171830534935,0.04926115833222865,0.0041876863688230515,0.05460639372467989,0.00725502855697224,0.0460696145892143,0.0705193802714347,0.05292697995901105,0.0036965720355511024,0.9496536910533905,0.021581368600879378,0.9030720591545104,0.9719815850257874,0.9565238058567046,0.007821410894393921,0.9415962219238281,0.020377390104830282,0.8989571928977966,0.9593856930732728,0.9505736231803894,0.008342981338500977,1017.3,253.55593071352124,738,1648,1008.0,126.5,36.444,8.763748284837943,26.63,57.51,36.325,4.529999999999998,0.03333561248663395,0.0055100113595389095,0.0229433065073357,0.0416529782944255,0.0334618161949846,0.004665353542400703,0.03897470701485868,0.00804386399900189,0.0228492673486471,0.0489392392337322,0.03902824781835075,0.006106467917561548,0.03893439322710031,0.007780549632927364,0.0239791311323642,0.0493179261684417,0.0402614958584308,0.00656804069876675
1,lstm,layers_2,lorenz_1000,0.001,,16,16,25,64,3571,0.00264067787211384,0.000847074409351835,0.0010131415911018,0.0038361623883247,0.0030782910762354497,0.00046741380356250025,0.00320833029691125,0.0008425579324670288,0.0016275588423013,0.0045089730992913,0.0035649101482704,0.00018024479504674998,0.03458944670855996,0.006451090286770749,0.0230157449841499,0.0430376380681991,0.036141542717814404,0.0051029305905103475,0.03960346765816209,0.006195142711548424,0.0296860076487064,0.0480530709028244,0.04130423255264755,0.004277886822819703,0.9734298944473266,0.008487814616921132,0.9615775942802428,0.9896354675292968,0.9690403938293457,0.004528284072876088,0.9661395251750946,0.008947080525377382,0.9518104791641236,0.982481062412262,0.9636220037937164,0.0032856166362761896,764.9,102.9606235412354,573,938,769.5,69.5,35.232,4.446341867198248,26.85,42.56,34.475,2.865000000000002,0.02423692478073963,0.0048913478093869,0.019636086291737,0.0371182844456699,0.0230034068226814,0.0017992580412990507,0.026011651940643747,0.005181469365371299,0.0194571781903505,0.0387431941926479,0.02394331526011225,0.0017635989934205992,0.026209327764809075,0.007114424437667907,0.0184026006609201,0.0415475666522979,0.02304205484688275,0.0039405338466167
1,lstm,layers_2,lorenz_1000,0.001,,32,16,25,64,13283,0.00136678090784694,0.00036656198424221925,0.0007103579118847,0.0019458095775917,0.0013942171353846,0.0002660394529811499,0.00178518734173845,0.0003777168740640336,0.0010401356266811,0.0023979754187166,0.0018270534928887501,0.0002082833088934002,0.025327263399958548,0.0034690457691827262,0.0188162885606288,0.0315349996089935,0.02459077630192035,0.001199757680296903,0.029678286984562808,0.0032449559767829617,0.0227836389094591,0.0351405330002307,0.0301659610122442,0.001503274776041499,0.9865043580532074,0.0038176974723982023,0.9799941182136536,0.9928863048553468,0.9858774840831757,0.0034632980823516846,0.9811323285102844,0.00412479181589126,0.9738590121269226,0.98879212141037,0.980889230966568,0.002686053514480591,581.6,60.25811148716826,506,698,567.0,59.0,45.108000000000004,5.4551971550073235,33.31,52.24,46.685,3.7600000000000016,0.015111446359919132,0.0027572393647650605,0.0110593770320216,0.0204998939815494,0.01467458867571415,0.0018186444002720997,0.01631414052098984,0.003205460889267173,0.0105884773656725,0.0226195268332958,0.0164658678695559,0.0020239083096384985,0.01491767046973105,0.00288932492784933,0.0108698904514312,0.0191180072724819,0.01458887429907915,0.0026236646808684002
1,lstm,layers_3,lorenz_1000,0.001,,8,4,25,64,1595,0.0082832529675215,0.0017445521539926846,0.0043791439384222,0.0115559892728924,0.00832312041893595,0.0008659474551678003,0.00947327748872335,0.0018781022180661235,0.0052898903377354,0.013040673919022,0.009735160507261701,0.0005978792905807486,0.05348714105784889,0.00690287837734618,0.0388599410653114,0.0641180425882339,0.05523273348808285,0.003946382552385351,0.06006562709808344,0.0068060771561101,0.0462403409183025,0.071832574903965,0.06225428543984885,0.004753669723868353,0.9091289222240448,0.019641610124830493,0.8719518780708313,0.9526572823524476,0.909229964017868,0.008827358484268188,0.8943440735340118,0.02196423271859344,0.8523974418640137,0.9424738883972168,0.8909446895122528,0.006717890501022339,1699.6,426.57407328622304,1213,2574,1611.0,238.0,68.46099999999998,18.47833404287302,48.08,109.58,63.739999999999995,8.86,0.03787561015225942,0.002325361407410141,0.0333267252892255,0.0423780748620629,0.037965415604412495,0.0011808617971837548,0.04765278846025461,0.0021707754111046263,0.0445908270776271,0.0526261404156684,0.047186348587274496,0.0010851994156837498,0.04353257864713664,0.002287457254615519,0.0402177274227142,0.0483963973820209,0.04373518563807005,0.0016893185675144508
1,lstm,layers_3,lorenz_1000,0.001,,16,4,25,64,5747,0.006973753077909289,0.0007659926558709899,0.0054838201031088,0.008332161232829,0.00706790806725615,0.0004741449374705501,0.00764777990989382,0.0007772466306417651,0.0061858654953539,0.0088423611596226,0.00781407929025585,0.0004595906939357502,0.048407451063394516,0.00315851987382884,0.0435703508555889,0.0525370724499225,0.0491408314555883,0.00252850353717805,0.052783631160855236,0.0036251414801917224,0.0464360788464546,0.0564682632684707,0.05428537167608735,0.0021241698414086983,0.9239703238010406,0.008741588085928731,0.9083082675933838,0.941110908985138,0.9237078130245209,0.0050960481166839044,0.9162577271461487,0.009155211239834152,0.9016950726509094,0.9333006143569946,0.9138549864292145,0.005898594856262207,1101.0,223.7422624360449,752,1477,1097.5,140.0,46.242000000000004,9.268241257110219,31.99,61.6,46.075,5.594999999999999,0.03647735633421685,0.00220739245909571,0.0324114222079515,0.0407690357416868,0.036362492945045205,0.0008416457800194989,0.04713663272559636,0.001136706666781453,0.0457088388502597,0.0496005490422248,0.0469224471598863,0.0007459446787833994,0.04355912655591961,0.001090579712810388,0.0411398410797119,0.0451567098498344,0.0435127858072519,0.0005215257406235019
1,lstm,layers_3,lorenz_1000,0.001,,32,4,25,64,21731,0.0061252399347722,0.0007672501342408214,0.0045309429988265,0.0071984105743467,0.006159524898976,0.0005027942825108498,0.006908345036208591,0.0006689196837559001,0.006203269585967,0.0085522914305329,0.00684883678331965,0.0004224600270390502,0.0447493195533752,0.004834504266795792,0.036258041858673,0.0551383458077907,0.044179854914546,0.0029320064932107995,0.0497398346662521,0.0034588545516515763,0.0460517480969429,0.0573157742619514,0.04873726516962045,0.0021547283977269537,0.9337843954563141,0.008364398101633747,0.923096239566803,0.9512298107147216,0.9334568083286285,0.005516707897186224,0.9249901294708252,0.008103152531436989,0.9058655500411988,0.9365461468696594,0.9253628551959991,0.004891246557235718,740.0,64.61733513539536,648,868,739.0,43.5,39.319,3.6035439500580537,32.8,45.33,39.114999999999995,2.2349999999999994,0.034124454082921085,0.0011465601237386303,0.0322533311322331,0.0360813826322555,0.0340663766488432,0.0006922342814504982,0.045166753232479054,0.0014273046247822612,0.0418380983173847,0.0468268804252147,0.04543454758822915,0.0010195598006248509,0.04046746194362636,0.0025859776826407757,0.0348613411188125,0.0430901907384395,0.041141664609313,0.0012479908764362058
1,lstm,layers_3,lorenz_1000,0.001,,8,8,25,64,1595,0.0080848708748817,0.0016934403341087344,0.0054665482603013,0.0117776421830058,0.00826792651787395,0.0006969794631004498,0.0089285591617226,0.0018159918850947467,0.006421941332519,0.0132655408233404,0.0088510382920503,0.0008580409921705506,0.057387671992182684,0.005525986471789243,0.0499658100306987,0.0691596344113349,0.05760371498763555,0.004713855683803499,0.06231946721673006,0.006938430390689869,0.0509523078799247,0.0776139870285987,0.06348020210862154,0.0028502773493528505,0.912964928150177,0.018626306590943324,0.8717365264892578,0.9416620135307312,0.9105202555656434,0.0071184635162353516,0.9021122395992279,0.02085551068943695,0.8524997234344482,0.9319320321083068,0.9026747047901154,0.009602367877960205,997.8,200.59800597214323,806,1504,934.5,91.0,43.649,9.06384074220195,34.88,65.97,40.584999999999994,4.024999999999995,0.03590082456357773,0.0029601944410578055,0.0309444909915328,0.0403470089659094,0.0355821177363395,0.0020193777047097516,0.04759944006800647,0.004818420258979073,0.0368697084486484,0.0529724359512329,0.0476023573428392,0.003774896264076198,0.0435789488255977,0.004582834600812499,0.0337782092392444,0.0486062094569206,0.0424065459519624,0.0037168879061936985
1,lstm,layers_3,lorenz_1000,0.001,,16,8,25,64,5747,0.00688067558221514,0.001592314562835294,0.0041342405602335,0.0092142783105373,0.00687642977572975,0.0015174227301031004,0.007292852178215919,0.0015771162542748938,0.0049565816298127,0.0096755549311637,0.00758574786595995,0.0012058096472173504,0.05071228742599482,0.008239667532243295,0.0367287769913673,0.0644399747252464,0.0517125111073255,0.006609965115785599,0.05357962921261781,0.00883597256109903,0.040796224027872,0.0697523429989814,0.05367033742368215,0.007442379370331747,0.9261695384979248,0.017812594312708856,0.9003118276596069,0.9552109241485596,0.9277458786964417,0.016558229923248347,0.9203783869743347,0.01775061124057908,0.8917609453201294,0.945608377456665,0.9176764190196992,0.014424890279770064,648.0,87.64017343661524,508,822,648.0,58.0,32.376000000000005,4.531282820570794,24.84,40.95,31.79,3.245000000000001,0.03277230557054277,0.005263709112671275,0.0223707769066095,0.0394102536141872,0.0355915538035333,0.0018988018855452503,0.04218968916684386,0.006430799271082872,0.0289985109120607,0.0481228083372116,0.0444046631455421,0.003045044839382196,0.039102789200842335,0.005993351190213959,0.0260790940374135,0.0448300316929817,0.0422774832695722,0.0020120088011026487
1,lstm,layers_3,lorenz_1000,0.001,,32,8,25,64,21731,0.00536618917249138,0.0009396430176002289,0.0038949223235249,0.0064167589880526,0.00569846457801755,0.0005441231187432501,0.0059192624408751305,0.0007695030278390572,0.0045695309527218,0.007010746281594,0.006049762479960851,0.0005881737452000501,0.04284593686461445,0.0044020435536539565,0.0358204916119575,0.0521090738475322,0.04319405183196065,0.0025934278964996477,0.04593172110617156,0.004625262207791099,0.0415871553122997,0.0565638579428195,0.04583200998604295,0.0039277952164412,0.9422935247421265,0.010896821119611502,0.9295392632484436,0.9595289826393129,0.9392798244953156,0.007465064525604248,0.9355311453342438,0.00850638173854263,0.922672152519226,0.9503960013389589,0.9342176914215088,0.006473988294601496,577.0,64.41273166075166,468,699,584.5,39.0,44.973,5.879724568379032,36.28,56.95,45.315,3.655000000000001,0.02612581981811667,0.005241602544330911,0.0170141018927097,0.0349687613546848,0.02457876177504655,0.004044948867522149,0.03219050839543337,0.007671743448429714,0.0195834394544363,0.0449442081153392,0.0297798598185181,0.0043734023347497,0.029759692028164815,0.006581459684722246,0.0193180367350578,0.040473960340023,0.0279770847409963,0.004509847611188901
1,lstm,layers_3,lorenz_1000,0.001,,8,16,25,64,1595,0.0036664490588008995,0.001092240866830205,0.0020632520318031,0.0055160466581583,0.00354470766615115,0.0005573887610808,0.00403841177467252,0.0009214543988377458,0.0027367933653295,0.0057408870197832,0.0039078188128769,0.0008036686340347002,0.042705859988927786,0.0059135236578834694,0.0320661813020706,0.0506568253040313,0.04361486248672005,0.003514809533953698,0.04586908705532546,0.005194518539984766,0.0379381626844406,0.0526316575706005,0.04654750227928155,0.004228949546814003,0.9621274828910827,0.01192166059186587,0.940473735332489,0.9794026017189026,0.9647639989852905,0.005666553974151722,0.9564876616001129,0.010238747935488185,0.9378072023391724,0.96999853849411,0.9593377113342284,0.009459972381591797,968.9,81.08816189802306,817,1076,950.5,51.5,48.585,5.404694718483181,40.06,60.41,47.91,3.479999999999997,0.02953889653500578,0.0043816031640616735,0.0245102497024668,0.037082471160425,0.027754020152820448,0.0016352029310332979,0.0368896627798676,0.00576355369411524,0.029711565002799,0.0467873811721801,0.03618814609944815,0.005170164629816997,0.034884889982640686,0.006186077570714711,0.0280559360980987,0.0453530400991439,0.0323391519486904,0.003265460953116398
1,lstm,layers_3,lorenz_1000,0.001,,16,16,25,64,5747,0.00207306024967687,0.0008877790456456673,0.0007984391995705,0.0035518615040928,0.0020783441141247003,0.0006977887242101004,0.0025126417982391605,0.0009162764019787448,0.001095927786082,0.0040931962430477,0.00261130195576695,0.0006046995986253001,0.03143891002982852,0.006998154739219753,0.0205475315451622,0.0413573160767555,0.03327986411750315,0.007483765482902549,0.03541009295731778,0.006723935308731629,0.0247874353080987,0.0458431094884872,0.03670574910938735,0.005150966346263899,0.9793041348457336,0.008840387035119074,0.9658681750297546,0.99183189868927,0.9794677495956422,0.0063676238059997,0.9734601140022278,0.00958930716594957,0.9570996165275574,0.9889214038848876,0.9722214341163634,0.0059008002281187855,668.3,121.70295805772348,504,938,653.0,82.5,46.68,8.762784945438293,36.35,67.36,45.22,4.939999999999998,0.021372132779409428,0.004879301647323125,0.0151263501288162,0.0296330218099885,0.02062586689781805,0.005056638115396099,0.023313816078007192,0.004915123174584101,0.0149255860596895,0.0302352141588926,0.02230515424162145,0.0036837030202150484,0.021673267055302797,0.005885342384613261,0.0135772414505481,0.0331176742911338,0.021359485574066597,0.0053475759923457995
1,lstm,layers_3,lorenz_1000,0.001,,32,16,25,64,21731,0.00114287447649982,0.00039312556911579196,0.0004596766084432,0.0019778776913881,0.0011871423339471,0.0001610305625945,0.0014659344276878599,0.00046053789789225996,0.0006064642802812,0.0023914710618555,0.00154821859905495,0.00019712490029634997,0.02272531362250443,0.0034549476098344562,0.0147127555683255,0.0275021288543939,0.023489305749535547,0.0018402636051177545,0.02611904293298715,0.0037097570143119762,0.0174724366515874,0.0312043596059083,0.027248797938227598,0.0016216710209846497,0.9883319914340973,0.004042399810378874,0.9796692728996276,0.9953146576881408,0.9881201386451722,0.0017727017402648926,0.9843035161495208,0.004938786546079752,0.9742861390113832,0.9934083819389344,0.9830868244171143,0.0020633935928344727,594.1,104.84126096151266,475,818,556.5,44.0,66.41,11.265412553475349,54.67,89.07,62.265,6.070000000000004,0.01288144777839377,0.002887185336411268,0.0081252371892333,0.0173100288957357,0.01275677001103755,0.0023065344430506004,0.014319691527634801,0.005554256184636284,0.0072924932464957,0.0267101898789405,0.01314132055267685,0.0036260974593460508,0.01233046590350564,0.003367597490343396,0.0066192713566124,0.0174599904567003,0.01239969301968805,0.00253520160913465
1,lstm,layers_1,mackey_1000,0.001,,8,4,1,64,361,7.754605258014636e-06,2.5540805406687193e-06,5.46246246813098e-06,1.3265977941046003e-05,6.592423005713499e-06,8.974989214038942e-07,8.727402700969833e-06,2.9238691364928647e-06,5.849366971233394e-06,1.441288350179093e-05,7.812140211171936e-06,1.0611863672238542e-06,0.0021353334072045397,0.00037586022048427737,0.0017911938484758,0.002943007973954,0.0019595909980125,0.00015507265925405014,0.00228247173363336,0.00037047335178112356,0.0018712629098445,0.0029836550820618,0.00219287350773805,0.00015703681856395007,0.9999297559261322,2.4291393818197374e-05,0.9998781681060792,0.9999497532844543,0.999939888715744,9.804964065551758e-06,0.9999337017536163,2.1995536149538688e-05,0.9998916387557985,0.999955952167511,0.9999409019947052,7.897615432794769e-06,1839.1,222.9845061882103,1485,2327,1848.0,123.0,38.524,4.238790393496711,31.33,47.91,38.730000000000004,2.009999999999998,0.0054056786093860405,0.0007171369941360815,0.0045510477386415,0.0067071557044982,0.0052492012502625,0.00043142945505680007,0.0054103760514408,0.0007426515366969086,0.0044332216493785,0.0067225540988147,0.0052972801495343,0.00035564065910874973,0.0046086081070825,0.0006436612703763378,0.0037454897537827,0.0057594482786953,0.004531058017164399,0.00031345849856735013
1,lstm,layers_1,mackey_1000,0.001,,16,4,1,64,1233,9.879472645479837e-06,2.6808108254100885e-06,5.553261416935129e-06,1.3603940715256613e-05,9.705370757728815e-06,2.41710176851484e-06,1.0506745775273885e-05,2.849730739210518e-06,5.560154932027217e-06,1.4257825569075068e-05,1.0464491879247362e-05,2.4458017833239865e-06,0.0024468910065479203,0.00038787739603875356,0.0017862315289676,0.0028998106718063,0.00249898678157475,0.00034785270690919985,0.0025291710160672103,0.00037619862317239076,0.0018287478014826,0.0029946530703455,0.0025522902142256,0.00028616271447390014,0.9999113202095031,2.4914767183150577e-05,0.9998828768730164,0.9999524354934692,0.9999100267887115,2.282857894897461e-05,0.9999199390411377,2.1590556505756813e-05,0.9998905658721924,0.9999570846557616,0.9999208748340607,1.883506774907895e-05,1555.0,206.82891480641675,1334,2045,1522.5,116.0,33.503,4.445834117463224,29.43,43.95,32.65,2.509999999999998,0.0045406172081129,0.0015612842855564683,0.0012080598447937,0.0062246539164334,0.0049113794462755,0.0010883478098549,0.00449288133531804,0.0015625540580634077,0.001163677079603,0.0063102203421294,0.0048202218022197,0.0010417076991871002,0.0038380876532755396,0.0013354493252397896,0.0009804886067286,0.0053878375329077,0.004128826316446,0.0008672020630911001
1,lstm,layers_1,mackey_1000,0.001,,32,4,1,64,4513,1.0373892155257636e-05,2.2819795532641224e-06,7.213050139398547e-06,1.4845936675556004e-05,1.0186731287831208e-05,2.1407468011602768e-06,1.0674979603209066e-05,2.023191224468961e-06,8.090012670436408e-06,1.427947063348256e-05,1.0483927781024248e-05,1.8403607100481167e-06,0.00251074021216477,0.00029824555152404333,0.002095760544762,0.0030729915015399,0.00250197690911585,0.0002706628292798998,0.00257059575524174,0.00024464541177521753,0.0022363371681421,0.0029771069530397,0.0025506617967038497,0.0002144488971679995,0.9999060094356537,1.857773513604483e-05,0.9998724460601808,0.9999313950538636,0.9999077618122101,1.7493963241521637e-05,0.9999188244342804,1.556803149862328e-05,0.9998910427093506,0.9999393224716188,0.9999202787876128,1.3381242752019684e-05,1362.9,124.23884255739026,1141,1510,1368.5,92.0,33.283,3.034554497780523,27.82,36.25,34.245000000000005,1.769999999999996,0.0007515904487808801,0.0004913486391467819,0.0003556339506758,0.0020056793116964,0.0005250070636975,0.00014784544764550003,0.0007285064581082699,0.00047597041150561895,0.0003505482454784,0.0019021927146241,0.0004997189971618,0.00013619253877549998,0.0006231747305718699,0.0003946807905815157,0.0003024579491466,0.0016097271582111,0.00045218288141765,0.00011880922829729998
1,lstm,layers_1,mackey_1000,0.001,,8,8,1,64,361,4.529579609879875e-06,1.830637208357402e-06,3.3356011499563465e-06,9.824790140555706e-06,4.0560075831308495e-06,5.03546630170604e-07,5.400363397711771e-06,2.3816010052523984e-06,3.892596851073904e-06,1.226301355927717e-05,4.4685316424875055e-06,5.615049758489477e-07,0.0016706034191883601,0.00032719227529015994,0.0014148926129564,0.0025973902083933,0.0015722132520749501,7.244915468619998e-05,0.00185205533634865,0.0003698774604864252,0.0015772117767482,0.0028921170160174,0.00172398996073745,0.00014127849135550001,0.9999587714672089,1.7848223478460353e-05,0.9999066591262816,0.999968647956848,0.9999658465385437,2.682209014837067e-06,0.999959009885788,1.7889478961487202e-05,0.9999074339866638,0.9999702572822572,0.99996617436409,4.0233135224498895e-06,1940.8,277.21212094711876,1628,2566,1855.0,124.5,42.955,6.235413779373427,35.46,55.68,41.29,2.9250000000000007,0.00171493605361315,0.0007459008308198528,0.0007337961986195,0.0036173673113808,0.0015940449666231,0.00042038851534014995,0.00185819526668632,0.0007271032944259094,0.0008336601313203,0.0036062188446521,0.00177969055948775,0.0004545833216980501,0.00146047568996431,0.0005980771063425603,0.0006759088137187,0.0029574611689895,0.00135257479269055,0.00033017230452969996
1,lstm,layers_1,mackey_1000,0.001,,16,8,1,64,1233,6.530951395689044e-06,2.5686543320630442e-06,3.768661827052711e-06,1.1167947377543896e-05,5.722033847632702e-06,1.93905339074263e-06,8.045711592785664e-06,3.4572404813918407e-06,4.354762040748028e-06,1.430217525921762e-05,7.031061613815837e-06,2.6600166620482923e-06,0.00200430146651338,0.00043852678242377774,0.0014899456873536,0.0027129084337502,0.001911238534376,0.00040463980985805013,0.00224419274600218,0.0005046268023854413,0.0016667007002979,0.003061823779717,0.0021409772452898003,0.00046755181392655026,0.9999393045902252,2.4435128222972217e-05,0.999897837638855,0.9999672174453736,0.9999455809593201,2.035498619085141e-05,0.9999392449855804,2.6238179243909454e-05,0.9998902082443236,0.9999667406082152,0.9999473094940186,1.931190490717105e-05,1454.3,227.33237780835356,1067,1746,1457.0,195.0,34.60799999999999,5.741980146256167,25.26,42.65,34.575,4.555,0.00149049203493628,0.00016662822784492128,0.0011892314068973,0.0017854310339316,0.0015459717949852,9.687442798165006e-05,0.00155695430003102,0.00017917052042316,0.0012660190695896,0.0018581327749416,0.0015847433824092,0.0001412173733115,0.00130911835003638,0.0001831499455850617,0.0010874700965359,0.0016690801130607,0.001293949666433,0.0001861430355347501
1,lstm,layers_1,mackey_1000,0.001,,32,8,1,64,4513,7.958677656461077e-06,2.3683892935452064e-06,3.4877500638685888e-06,1.048681133397622e-05,9.057741408469155e-06,1.2153573152318131e-06,9.316137516179879e-06,3.332876529963634e-06,3.421743031140068e-06,1.3340706573217176e-05,1.0543805728957523e-05,2.0805041458515916e-06,0.00223158189328382,0.0003997136567929765,0.001458752900362,0.002661605598405,0.0024082527961581503,0.0002302187494933499,0.00243286604527378,0.0004907316106620777,0.0015008129412308,0.0030336307827383,0.0026287725195288,0.00025192846078424995,0.9999290764331817,2.4024538440075555e-05,0.9999000430107116,0.9999690055847168,0.9999200701713562,1.6987323760986328e-05,0.9999299764633178,2.5385530741048727e-05,0.9998990297317504,0.9999740719795228,0.9999212920665741,1.5914440154973786e-05,1237.3,221.18230037686106,994,1621,1159.0,136.5,35.714999999999996,5.997441537855956,29.66,46.2,33.864999999999995,3.8599999999999994,0.00112382094230265,0.0002424668458418992,0.0007730662968242,0.001569955877494,0.0011710179387590999,0.00022490680566990002,0.00123562074732031,0.0002930463096256444,0.0007900964701548,0.001687935902737,0.0012435423559509,0.00031055300496515007,0.0010804711200761998,0.00024462370777821296,0.0006798678077757,0.0014537749812006,0.0011216680286452,0.00023244993644764997
1,lstm,layers_1,mackey_1000,0.001,,8,16,1,64,361,3.332794210564316e-06,1.5743558959173292e-06,1.2472717116907006e-06,6.354800461849663e-06,2.961516770483286e-06,1.4860255532767037e-06,3.563652103366621e-06,1.5767359527982657e-06,1.336541686214332e-06,6.573689006472705e-06,3.368610350662493e-06,1.3073278068986838e-06,0.00138783810543822,0.00035184613241605637,0.0008489495376124,0.0019372417591512,0.00137009221361945,0.00030321790836755006,0.00143985585309561,0.0003440005305491571,0.000885056797415,0.002011806005612,0.00144569948315615,0.0003029248327947999,0.9999687194824218,1.5270654155595948e-05,0.999938428401947,0.9999881982803344,0.9999732673168182,1.4334917068425934e-05,0.9999729573726654,1.2192611972119352e-05,0.9999493360519408,0.9999901056289672,0.9999746680259706,9.506940841730316e-06,1925.7,249.43498150820787,1494,2439,1976.0,102.5,48.557,7.757573138553063,35.94,59.99,48.41,5.685000000000002,0.0019419531378661696,0.0006697057582358046,0.0006908342125825,0.0029325121780857,0.0018796746269798999,0.0006061783671612,0.0021350184339098298,0.0007480762377543377,0.0008121912833303,0.003308325773105,0.0020363826770335002,0.00059953035088255,0.0017539036343805002,0.000590068696234625,0.0006121512269601,0.0026129952166229,0.00173551414627575,0.0005288246320561
1,lstm,layers_1,mackey_1000,0.001,,16,16,1,64,1233,4.539313340501394e-06,1.8143119130224958e-06,2.1164371446502628e-06,8.24118160380749e-06,3.9849112454248825e-06,1.2274159644221072e-06,4.615828879650508e-06,1.6762493021794353e-06,2.262323960167123e-06,8.178254574886523e-06,4.255739668224123e-06,8.733398999538622e-07,0.0016408427618443296,0.00030709769307004996,0.0011307297972962,0.0021412055939435,0.00159336789511135,0.00023100839462129993,0.0016494801500811702,0.0002689409425036185,0.0011817497434094,0.0021232706494629,0.00162163830827915,0.00018170359544449999,0.9999590396881104,1.60265972624725e-05,0.9999232292175292,0.9999801516532898,0.9999646544456482,8.91089439397641e-06,0.999965512752533,1.2633153488879254e-05,0.9999383687973022,0.9999828338623048,0.9999685883522034,6.079673767089844e-06,1355.7,173.63239905040763,1106,1557,1432.5,106.5,37.8,4.972482277494812,30.72,43.81,39.675,3.6600000000000037,0.00187265325628681,0.0003596882705912591,0.0013527204631827,0.002550310397055,0.0018487421271856,0.00027616141305764996,0.00202549895038822,0.00038372426686796994,0.0013570724986493,0.0026115751825273,0.0020568035542964,0.00035105249844490007,0.00169603326357897,0.000326281715685223,0.0011698753805831,0.0022575426846742,0.00165555125568055,0.00024064577883104994
1,lstm,layers_1,mackey_1000,0.001,,32,16,1,64,4513,2.551800548644678e-06,6.06824154177398e-07,1.6927783690334763e-06,3.720981112564914e-06,2.417977725599485e-06,3.639237320385291e-07,2.8916605060658186e-06,5.213520642015307e-07,2.049151134997373e-06,3.784028649533866e-06,2.8541713845697814e-06,3.9415328956238227e-07,0.0012588055338710101,0.0001623483228000263,0.0010079228086397,0.0015822163550183,0.0012291739112697,0.00010112585732710002,0.00134685952216382,0.0001310393612148412,0.0011379328789189,0.0015944837359711,0.0013238382525741499,9.68741951509999e-05,0.999977034330368,5.188895008892486e-06,0.9999669194221495,0.9999841451644896,0.9999785423278809,3.6656856536310123e-06,0.99997878074646,3.7204949987024987e-06,0.9999733567237854,0.9999849200248718,0.9999792873859406,2.8312206268310547e-06,1204.7,115.96038116529283,1017,1432,1209.5,88.0,45.73,3.9899323302532346,40.41,53.77,45.845,3.3949999999999996,0.00065597720211368,0.0003518347530679014,0.0002664567698957,0.0013413587876129,0.0005105738338897501,0.00021854456426810006,0.00069864167599003,0.00035564215848015227,0.0002868821029551,0.001448247465305,0.0005648377118632,0.00024011240748225,0.00059806284116343,0.0003249307033326392,0.00020987483731,0.0012365530710667,0.0004957163764629,0.0002594250618131
1,lstm,layers_2,mackey_1000,0.001,,8,4,1,64,937,6.125127083578264e-06,1.3721177667534623e-06,4.125808573007816e-06,8.732480637263507e-06,6.187704457261134e-06,1.139747155320947e-06,7.330252537940396e-06,1.5899071583282506e-06,5.555752068175934e-06,1.0280370588588994e-05,7.308817203011131e-06,1.6131455140566686e-06,0.00186069717165078,0.00022662552981496484,0.0015183733776211,0.0022639455273747,0.0018735518096946,0.00019552040612329995,0.0020729514304548002,0.0002221888634223051,0.0018166134832426,0.0024704989045858,0.0020682577742263,0.00022253615316005036,0.9999482572078705,1.276002921126237e-05,0.999923825263977,0.999963879585266,0.9999478757381439,1.1622905731256683e-05,0.9999441862106323,1.2073764960446738e-05,0.999921441078186,0.9999574422836304,0.9999445378780366,1.212954521168097e-05,1239.3,143.8263188710606,949,1405,1270.0,84.5,37.534,4.233887575266968,28.74,42.37,38.644999999999996,1.9599999999999973,0.0038128412052173604,0.002151883344922508,0.0003340163064422,0.0070583150722086,0.0038350641727447,0.0019381023244931998,0.00383618287742132,0.0021288515398090618,0.0004210346378386,0.0069301300682127,0.0037706152070313,0.00202375068329275,0.0031751085538416594,0.0017970626733028767,0.0003197492915205,0.0057364618405699,0.0031589620048179997,0.00167399656493215
1,lstm,layers_2,mackey_1000,0.001,,16,4,1,64,3409,6.392026671164786e-06,1.1958753648370958e-06,4.7961943892005365e-06,8.535967936040834e-06,6.375851171469549e-06,8.543049716536188e-07,6.848952580185141e-06,1.3073638694687456e-06,5.189262537896866e-06,9.18128716875799e-06,6.525086519104661e-06,1.1263834949204465e-06,0.0019067375455051202,0.00016939851710359263,0.0016440231120213,0.0022155060432851,0.0018945541232824,0.00011898338561880004,0.0019963286700657996,0.00018582302070533496,0.0017478773370385,0.0023762318305671,0.0019312078948132,0.00013518839841710005,0.999949711561203,8.90817489081791e-06,0.999934732913971,0.9999622702598572,0.9999505281448364,7.957220077514648e-06,0.9999480962753295,9.921364558615153e-06,0.9999310374259948,0.9999608397483826,0.9999507069587708,8.52346420288086e-06,1118.1,127.93392825986389,911,1367,1143.0,86.0,35.795,3.8671391234347907,30.41,43.64,36.265,2.375,0.0011015973401662898,0.0009173065423261428,0.0002779686328722,0.0033136507961899,0.00084127715381325,0.00050414694560455,0.0011354382673743702,0.0009868403102583866,0.0002789288701023,0.0036432421766221,0.0009066434868145,0.00050179417303295,0.0009172126723569201,0.0008305208195648088,0.0002159785362891,0.0030480290297418,0.0006640008359681,0.00040309967880604997
1,lstm,layers_2,mackey_1000,0.001,,32,4,1,64,12961,5.419043372967281e-06,9.258963834268644e-07,4.528310000750935e-06,7.57624366087839e-06,5.042538759880699e-06,3.7005725062044803e-07,5.728302994612022e-06,9.965361226565772e-07,4.662107130570803e-06,7.611967703269329e-06,5.386450766309281e-06,5.207739377510734e-07,0.0017710241838357998,0.00015680208498588177,0.0016164109110832,0.0020996674429625,0.0017184354946948,9.448645869265001e-05,0.0018681949703022397,0.00014521176121803293,0.0016921608475968,0.0021408253815025,0.00183957512490445,9.86173399724501e-05,0.9999536216259003,7.18063812672607e-06,0.9999393224716188,0.9999613165855408,0.9999556243419646,4.231929779163757e-06,0.9999563753604889,7.579660457084532e-06,0.9999426007270812,0.9999641180038452,0.9999585747718811,4.410743713434417e-06,990.2,105.54127154814842,831,1160,977.0,86.5,38.431,4.899096753484258,31.55,47.24,36.835,3.740000000000002,0.00034668410051377,6.475885252793176e-05,0.0002316316604265,0.0004665660671889,0.00034761999559114996,3.825129970215006e-05,0.00037530318368221994,7.247565089823052e-05,0.0002466072619426,0.0005070789484307,0.00040128822729455,4.111838643439998e-05,0.00031924347276795,5.607053715188897e-05,0.0002244816569145,0.0004027542017865,0.0003253615141147,4.3053558329100004e-05
1,lstm,layers_2,mackey_1000,0.001,,8,8,1,64,937,3.4627126069608493e-06,5.917360677360675e-07,2.9035522857157048e-06,4.772373358719051e-06,3.237647774767538e-06,2.528433924453566e-07,4.542471037893847e-06,7.395887584621216e-07,3.659972435343661e-06,6.024147751304554e-06,4.376173365017166e-06,5.360643626772799e-07,0.00145593732595439,0.00011071010165984638,0.0013415124267339,0.0016687301686033,0.0014179536374285002,5.708297248925023e-05,0.0017238945467397103,0.00012040643045113468,0.0015684998361393,0.0019954303279519,0.0016941748326644,7.206288864840011e-05,0.9999711155891419,4.174640557997121e-06,0.9999625086784364,0.9999754428863524,0.9999726712703706,1.6689300535999152e-06,0.999965351819992,5.680547801874739e-06,0.9999541640281676,0.9999725818634032,0.9999663829803468,4.261732101495941e-06,1349.6,128.0103120846129,1184,1631,1321.0,65.0,44.141000000000005,4.220245135060285,38.36,52.55,42.845,1.995000000000001,0.00134699461486884,0.00044502828484395494,0.000669070155709,0.0019775462686084,0.0014180961530655001,0.00036039499682374984,0.0014756462944205202,0.0004632219121398925,0.0007530304719693,0.0020282652694731,0.0015688438434153002,0.00037273979978639995,0.00109569805790665,0.0003243260439725073,0.0005737157189287,0.0015732963802292,0.00110298197250805,0.0003018284623977
1,lstm,layers_2,mackey_1000,0.001,,16,8,1,64,3409,4.442424483386276e-06,1.364859345891963e-06,2.8587501219590195e-06,6.742345249222126e-06,3.997116209575324e-06,1.0646150485627004e-06,5.71851503536891e-06,1.8862132467573637e-06,3.497690386211616e-06,8.860665730026085e-06,5.15519445798418e-06,1.3304149888426766e-06,0.0016513766255229398,0.0002797673602149847,0.0013318300480023,0.0020673230756074,0.0015440610586664998,0.00020991446217519976,0.0019271957222371599,0.0003370999108962938,0.0015188053948804,0.0024387596640735,0.001828204083722,0.0002543235314079,0.9999625146389007,1.2175244862014804e-05,0.9999439120292664,0.999976634979248,0.9999683797359467,6.586313247680664e-06,0.99995658993721,1.4723361951403106e-05,0.9999325275421144,0.9999734163284302,0.9999616146087646,1.0550022125299652e-05,1032.8,96.04249059661042,899,1212,1015.0,60.0,37.558,3.181517876737455,32.57,43.63,36.965,1.740000000000002,0.00099724176514423,0.00024758650603323544,0.0005185535817872,0.0012754657305777,0.00100488209282045,0.0002231089631095,0.00113483968889336,0.0002986744076503814,0.0005522381979972,0.0015437537804245,0.0011602246086112999,0.0002012808981817,0.0009337043768027199,0.0002585669720207612,0.0004694426606874,0.0013633680064231,0.0009394169901497001,0.00017207962810060002
1,lstm,layers_2,mackey_1000,0.001,,32,8,1,64,12961,4.340520922596624e-06,1.128388839091282e-06,2.6003663151641376e-06,6.873141501273494e-06,4.226486680636299e-06,7.493979410355678e-07,5.434227136902336e-06,1.6658896179727027e-06,3.0333237646118505e-06,9.211256838170812e-06,5.42061548003403e-06,1.207633431477007e-06,0.0016333894454873498,0.00022238264833473277,0.0012593436986207,0.0021148321684449,0.0016272719367407,0.00013528694398705007,0.0018947040662169001,0.00028807950601795074,0.0014289264800027,0.0024880531709641,0.0018974606064147501,0.0002180585288442501,0.999961394071579,9.58923889521852e-06,0.999941110610962,0.9999762773513794,0.9999631941318512,5.513429641779144e-06,0.9999591410160065,1.256683755309984e-05,0.999930202960968,0.9999769926071168,0.9999591112136841,9.030103683416169e-06,851.7,80.35552252334621,746,992,818.0,55.0,43.748,4.665537053759191,38.75,53.07,42.019999999999996,3.234999999999996,0.00076385141510395,0.00024342621569980614,0.0003179943087161,0.0010811220388859,0.0007956634741276,0.00023662392050029994,0.0008335092919877999,0.00025065163992796257,0.0003668660647235,0.0011151245562359,0.00090570838074195,0.00015985101344995005,0.00072828797565303,0.00024168176767728542,0.0002988613850902,0.0010246607707813,0.00079660804476585,0.00017817426123659997
1,lstm,layers_2,mackey_1000,0.001,,8,16,1,64,937,2.553631475166185e-06,1.1198322031917792e-06,1.1608456134126754e-06,5.463411980599631e-06,2.361556539653975e-06,3.3900823837029726e-07,3.177840062562609e-06,1.2422499715609965e-06,1.6949695691437228e-06,6.435882369260071e-06,2.809475859066879e-06,3.284286549387616e-07,0.00123037068406116,0.0002511259819208261,0.0008613300742581,0.0018478111596778,0.0012081987224519001,4.3048581574099925e-05,0.00136248786002391,0.00026111580955226173,0.0010050227865576,0.0020465836860239,0.0013110870495438,7.546291453765003e-05,0.9999764680862426,1.0978903751554339e-05,0.9999476075172424,0.9999895095825196,0.9999783337116241,4.44054603571109e-06,0.9999764263629913,8.872457201242236e-06,0.9999539852142334,0.9999869465827942,0.999979168176651,2.8312206268310547e-06,1411.2,119.58076768443995,1240,1633,1408.5,102.0,52.747,4.550288012862482,45.96,61.11,53.05,3.8200000000000003,0.00141520190489241,0.0007412088342372102,0.0004391923343064,0.0030901221325621,0.00126662449329155,0.0005240252474323,0.00161130354972551,0.0008788300480502539,0.000476898800116,0.0036278364714235,0.00140662997728205,0.00053983301040715,0.00126108248368833,0.0006664813894590229,0.0003401009598746,0.0026729891542345,0.00110013555968175,0.0004785550700035
1,lstm,layers_2,mackey_1000,0.001,,16,16,1,64,3409,2.79129735645256e-06,1.5791187081512222e-06,1.044670739247522e-06,6.786968242522562e-06,2.3373401063508936e-06,7.794629368618188e-07,3.3674737551336873e-06,1.5420122630901702e-06,1.5185590882538236e-06,6.534679414471611e-06,3.112613626399252e-06,6.150204399091308e-07,0.0012668685754760598,0.00031951572608745896,0.0007839641766622,0.002025123219937,0.0012298984220250999,0.00016378873260690006,0.00136686433106656,0.0003014100802102527,0.0009405474411323,0.0020082693081349,0.0013274472439661002,0.0001297480775975,0.9999744653701782,1.2702760886651814e-05,0.9999438524246216,0.9999898076057434,0.9999775290489198,7.569789886419098e-06,0.99997518658638,1.084074132123433e-05,0.9999529719352722,0.9999887943267822,0.9999770522117615,5.245208740178864e-06,1044.7,122.91139084722784,914,1321,996.5,48.0,50.20700000000001,5.085436166151335,45.21,62.72,48.64,2.6099999999999994,0.0007157215519691299,0.0003339020461455379,0.0002439895280986,0.0012011061713565,0.0008568254474083999,0.00023616516991749998,0.0008020225650397399,0.00037345840500327626,0.0002658574085216,0.0013156908098608,0.00093398563330985,0.00027037190739064997,0.0006600438777240499,0.0003262797049260123,0.0001872991560958,0.0010627526789903,0.0007973169267643,0.00024722403031770005
1,lstm,layers_2,mackey_1000,0.001,,32,16,1,64,12961,2.1605919300782263e-06,5.793179821206834e-07,1.089675947696378e-06,3.0195576528058155e-06,2.0302267103033955e-06,2.8190362399982394e-07,2.793492217278981e-06,6.976598945638126e-07,1.4859616612739046e-06,3.7003628676757216e-06,2.8142862902313937e-06,5.639684559355376e-07,0.00112358333426522,0.00014888160119524724,0.0008379506762139,0.0013171407626941,0.0010982871754094499,0.00010272063082084992,0.00126216810313048,0.00016430339968595372,0.0009556577424518,0.0014671290991827,0.00127886974951245,0.00014099926920604997,0.9999804377555848,5.647539306163055e-06,0.9999715089797974,0.9999896287918092,0.9999816715717316,3.6954879760742188e-06,0.999979293346405,5.5251415968122635e-06,0.9999717473983764,0.9999891519546508,0.9999792873859406,4.380941391046722e-06,862.3,69.26333806567511,750,1009,860.0,48.0,62.54100000000001,4.151706757467342,53.34,68.31,64.07499999999999,2.8550000000000004,0.00027836302127973,0.00010391780040078677,0.000144872846431,0.0005485943693201,0.0002800563524942,3.362870120324999e-05,0.00031320483685697996,0.00012429852039697945,0.0001419357286067,0.0006119608879089,0.00031447121000375,3.9864142308949994e-05,0.00023165206439440398,0.00010509607678313878,9.326569852419198e-05,0.0004799498710781,0.0002178105642087,3.7523801438499996e-05
1,lstm,layers_3,mackey_1000,0.001,,8,4,1,64,1513,6.88360682943312e-06,1.7148948152724372e-06,4.178083599981619e-06,9.315866009274032e-06,7.054526804495254e-06,1.6598667116340944e-06,8.080516818154137e-06,2.2009685204019357e-06,4.5146848606236745e-06,1.1735338375729045e-05,8.193980647774879e-06,1.912017523864052e-06,0.00197216343367468,0.000279549341239835,0.0014803062658756,0.0023669258225709,0.0019962746882811,0.0002478087553754002,0.00216322697233405,0.00031549410674523715,0.0016209348104894,0.0026754750870168,0.0021848088363185,0.00026322714984419987,0.9999443888664246,1.498409082950327e-05,0.99992173910141,0.9999654293060304,0.9999457597732544,1.543760299677066e-05,0.9999388039112092,1.657701616041732e-05,0.9999119639396667,0.9999657273292542,0.9999388158321382,1.5527009963989258e-05,1153.3,148.50323228805493,876,1462,1140.5,54.5,45.647,5.940782860869432,34.52,58.38,45.019999999999996,2.5550000000000033,0.0037113874088390204,0.002370489870519197,0.0004346833797171,0.0072156609036028,0.0038944614003412004,0.0020049865008331495,0.00379114961833688,0.0023821282908573177,0.000533006968908,0.0074481586925685,0.0039340575458481,0.0019817688735202506,0.0030528746399794996,0.002000591170870787,0.0003546241496223,0.0061171287670731,0.0031204184051602498,0.0017322797793895002
1,lstm,layers_3,mackey_1000,0.001,,16,4,1,64,5585,6.2027220792515434e-06,1.0631699706418716e-06,4.419791366672143e-06,7.77671994001139e-06,6.042742825229652e-06,6.777327143936418e-07,6.942179743418819e-06,9.523982599963235e-07,4.754275778395822e-06,8.356340003956575e-06,6.990950168983545e-06,5.869367214472732e-07,0.00188973192125554,0.0001385036597866853,0.0016509410925209,0.0020939155947417,0.0018789137830026,0.00010391860269010013,0.00200283366721117,0.00012213502534861714,0.001761978608556,0.0022335406392812,0.0019883950008079,8.038419764484989e-05,0.9999517977237702,5.04087937203251e-06,0.9999420046806335,0.9999628067016602,0.9999519884586334,1.5795230866033627e-06,0.9999470889568329,6.972879882104889e-06,0.9999377131462096,0.999963402748108,0.9999469816684723,4.6193599700927734e-06,950.9,119.22872975923211,808,1196,911.5,55.0,40.808,5.198593655980432,35.13,49.97,39.375,3.8049999999999997,0.00043589332010010004,0.00010505833458454884,0.000284231439582,0.000584108219482,0.0004270505465683,9.690840379335004e-05,0.00048525093297936,0.00013449613562365693,0.0002971485373564,0.0007003718055784,0.00049212104931935,0.00011573477240745,0.00036548806820059,9.667277940011296e-05,0.0002213255793321,0.0005085463635623,0.00035993994970335,9.64109640336e-05
1,lstm,layers_3,mackey_1000,0.001,,32,4,1,64,21409,5.49393739674997e-06,1.1024328394307262e-06,4.562487447401509e-06,8.494215762766544e-06,5.21160518474062e-06,4.5347269406192936e-07,6.440320566980517e-06,1.1549113421829523e-06,5.528709152713418e-06,9.66907373367576e-06,6.2942394833953585e-06,5.008707830711501e-07,0.0017876344849355,0.00015575827915501414,0.0016541148070245,0.0021944248583167,0.0017486570286564,7.975444896150005e-05,0.00195139764109621,0.00013994780764972286,0.0018103714101016,0.0023067030124366,0.0019517338951117501,9.188387775794994e-05,0.999953818321228,7.260364441957328e-06,0.9999347925186156,0.9999614953994752,0.9999557137489319,3.516674041748047e-06,0.9999511241912842,9.106138498194174e-06,0.9999253153800964,0.9999581575393676,0.9999536573886871,3.2782554625909732e-06,877.8,70.20227916528066,726,1012,875.0,31.5,45.842,3.765763667571293,37.57,52.71,45.71,2.224999999999998,0.00033541250944831,6.291510703047894e-05,0.0002718687639571,0.0004849380959058,0.00032514171107320003,3.303300982230003e-05,0.00040758196555539,0.00013143272022602906,0.0003004573227372,0.0007119303918443,0.0003489194932626,3.3821983379349996e-05,0.00033011431369225994,0.000123263823282072,0.0002334526361664,0.0006173696601763,0.00026218505809075,2.724655496419999e-05
1,lstm,layers_3,mackey_1000,0.001,,8,8,1,64,1513,3.5074030392934217e-06,4.3515701382137924e-07,2.938176976385876e-06,4.444037131179357e-06,3.471583340797224e-06,2.922231487900717e-07,4.695675124821719e-06,6.401636896868424e-07,4.007466031907825e-06,6.197778930072673e-06,4.553656481220969e-06,4.115736373933028e-07,0.00143056417582552,0.00010680666570391463,0.0012977865990251,0.0016965799732133,0.00142057222547005,6.358401151375012e-05,0.00174084741156543,0.000150814994147804,0.0015586253721266,0.0020804889500141,0.0017155597452073999,0.00011268473463135005,0.9999716877937317,3.781678680528526e-06,0.9999619722366332,0.9999755024909972,0.9999722242355347,2.1457672119140625e-06,0.9999644160270691,5.163840410784117e-06,0.9999522566795348,0.9999695420265198,0.999965637922287,3.6656856537420346e-06,1147.0,88.54151568614579,1031,1257,1127.0,91.5,49.574,4.078090729741064,44.06,55.6,48.144999999999996,3.654999999999994,0.0016199844167567202,0.00045325537176734175,0.0008084104745648,0.0025477863149717,0.00160125932889055,0.0002969247696455999,0.00188735124538647,0.0005133107446507432,0.0008925443398766,0.002964065875858,0.00186243240023025,0.00027774914633484993,0.00136954183690246,0.00040386180199540947,0.0006695494521409,0.002243950497359,0.00138934951974075,0.00025607959832995
1,lstm,layers_3,mackey_1000,0.001,,16,8,1,64,5585,3.594862027966883e-06,5.535552325152731e-07,2.964384520964813e-06,4.568989425024483e-06,3.352516500854108e-06,3.24693928632769e-07,4.945903037878452e-06,1.094221797919039e-06,3.676047981571173e-06,7.0110713750182185e-06,4.562153662845958e-06,4.3651743908412755e-07,0.00149285529041658,0.00012745209643933177,0.0013486370444297,0.0017483599949628,0.0014478715602308,8.892972255125002e-05,0.00177835472859438,0.0001975963885884574,0.0015398022951558,0.002213712548837,0.0017106833984143499,5.727203097195019e-05,0.9999706268310546,4.781451762569486e-06,0.999962031841278,0.999978005886078,0.9999722540378571,3.516674041803558e-06,0.9999637424945831,8.091494631421463e-06,0.9999479651451112,0.9999724626541138,0.999967098236084,2.02655792230777e-06,794.1,64.42429665894693,700,935,787.5,44.5,38.776,3.5865058204330302,33.92,47.2,38.394999999999996,2.5549999999999997,0.0009388144049443801,0.000380205006727416,0.0003709443059051,0.001600392058026,0.00093292495148485,0.00025045890943145,0.00103587922931178,0.00042203058206515405,0.0004475868190638,0.0016657151281833,0.00104513554833825,0.00037837351555935,0.00083265023131384,0.0003203013267167126,0.0003479479637462,0.0012973624980077,0.0008659856102894499,0.00028788618510585003
1,lstm,layers_3,mackey_1000,0.001,,32,8,1,64,21409,3.6706843047795703e-06,8.048423016738602e-07,2.858045263565145e-06,5.833543582411949e-06,3.4562145856398274e-06,3.7920449358352947e-07,4.725001303995668e-06,1.1220834007882405e-06,3.6266362712922273e-06,7.64230662753107e-06,4.471270131034544e-06,5.60816715733381e-07,0.00152212104294445,0.00016728020734789475,0.0013552497839555,0.0019947446417063,0.00146325555397195,4.2914471123399966e-05,0.00176117977825919,0.00021807194512903086,0.001544956350699,0.0023327709641307,0.0016823923797346,0.00010430533438919999,0.9999675869941711,7.846824147486684e-06,0.9999447464942932,0.9999737739562988,0.9999699294567108,1.8775463104248047e-06,0.9999653577804566,7.65806265796181e-06,0.9999442100524902,0.9999730587005616,0.9999665021896362,3.1590461732067254e-06,717.0,41.87361938022554,636,778,728.5,34.0,53.62800000000001,5.038545028081023,43.49,61.58,55.525,3.4250000000000007,0.0007015805560512799,0.00022439835509635692,0.0004637194972019,0.0012631668592803,0.00065437441517125,9.134045540120002e-05,0.0007707284908974,0.00023681427107681116,0.0004734295944217,0.0012287758290767,0.00069994374644005,0.0001290026120841,0.0006268006603931499,0.00022104367187068854,0.0003442640590947,0.0010347454808652,0.00055771987535985,0.00012119408347644996
1,lstm,layers_3,mackey_1000,0.001,,8,16,1,64,1513,2.9480627176781125e-06,1.6144808534383523e-06,1.133878754444595e-06,6.40317875877372e-06,2.5336771614092868e-06,6.891077646287158e-07,3.569910222722683e-06,1.8804815863590386e-06,1.7811119050747948e-06,8.059133506321814e-06,2.9584102776425425e-06,4.788071237271652e-07,0.0013075017777736699,0.0003407178508635824,0.0008377449703402,0.0019431898836046,0.00129111594287675,0.00015919632278385,0.00141674660844724,0.0003514823970412132,0.0010174385970458,0.002177509246394,0.0013273091171867998,0.00012722256360574993,0.9999739706516266,1.4702064088388856e-05,0.9999394416809082,0.9999911785125732,0.999978095293045,6.258487701416016e-06,0.9999736368656158,1.4510812896871966e-05,0.9999381303787231,0.9999867081642152,0.9999788105487823,4.1425228118896484e-06,1319.1,144.20780145331946,1030,1546,1347.0,92.0,66.799,7.122053706621425,53.6,79.46,68.59,3.539999999999999,0.00207708289031866,0.001031777452529579,0.0005097773275338,0.003535918937996,0.0021302997716702004,0.0010487045423360503,0.0025457701238337403,0.0013144308971544444,0.0005688386154361,0.0042984671890735,0.0026420188369229002,0.0013249542680569002,0.0019198189838788803,0.0009585527257528927,0.0004494517343118,0.0032223102170974,0.0020784540101885,0.0010156827047467002
1,lstm,layers_3,mackey_1000,0.001,,16,16,1,64,5585,3.447974438586243e-06,2.020268694428758e-06,1.0163277011088212e-06,7.571302830911009e-06,2.719953840824019e-06,1.47066367617299e-06,4.247672586643603e-06,2.1352814294034752e-06,1.4158549674903045e-06,8.5034271251061e-06,3.432170274209057e-06,1.5324878859246382e-06,0.00136354983551423,0.0004161810501634707,0.0007732076337561,0.0021376127842813,0.00130306062055745,0.00034581730142235,0.00153016350814136,0.000394854004777443,0.0008795497124083,0.0022056722082197,0.00144620955688875,0.00033565500052645,0.9999694585800171,1.8956248762619505e-05,0.9999294877052308,0.9999912977218628,0.9999753832817078,1.2069940567016602e-05,0.9999684929847718,1.6471928802459855e-05,0.9999348521232604,0.9999896287918092,0.9999738037586212,1.2040138244628906e-05,847.4,120.85131360477634,634,1010,834.0,116.0,60.525,11.684877620240615,40.09,84.77,61.365,6.739999999999995,0.00053644542200339,0.00039317963063257894,0.0001510603080532,0.0015615319600328,0.0004205190612992,0.00019242033813500004,0.0006345029018120299,0.0005130874292341622,0.0001613155618542,0.0019726471509784,0.0004798525333171,0.00027257523470325,0.0004938839963869621,0.000432093726519486,9.822136053116992e-05,0.0015977200819179,0.0003606697864597,0.00023419177523462483
1,lstm,layers_3,mackey_1000,0.001,,32,16,1,64,21409,3.346038693052833e-06,1.3494540658885603e-06,1.7969556438401924e-06,6.216745532583445e-06,3.025619434993132e-06,7.098258265614277e-07,4.006018389191013e-06,1.5061986823944655e-06,2.2305680431600194e-06,7.060728876240319e-06,3.7251837738949693e-06,8.946387879404938e-07,0.00140186815988268,0.00022692776928038403,0.0010513274464756,0.0018094487022608,0.0013950739521533,0.00012992334086444994,0.0015161244082264,0.00023579900786748463,0.0011616654228419,0.0019039041362702,0.00153522432083255,0.0001350459642707999,0.9999702572822571,1.3702199085667441e-05,0.9999409914016724,0.9999854564666748,0.9999728798866272,8.672475814874847e-06,0.9999705731868744,1.15398671559591e-05,0.9999488592147828,0.9999837875366212,0.99997279047966,8.642673492487152e-06,713.5,90.65897638954456,562,832,713.5,83.0,79.97,13.53444272956962,63.35,100.74,74.68,10.570000000000004,0.00026682041738236995,6.81338982482105e-05,0.0001655800806474,0.0003723769332282,0.00026080340612675,6.410974274329999e-05,0.00027650552365227,9.151596683196408e-05,0.0001385766518069,0.000427337916335,0.00026337287272325,7.049664418444999e-05,0.0002085707448713458,0.00010160160776708181,9.39133096835576e-05,0.000433904788224,0.00017567576287539998,3.735948121174999e-05
1,lstm,layers_1,mackey_1000,0.001,,8,4,70,64,361,0.033384822681546154,0.00029089456982144994,0.0329958423972129,0.0338330306112766,0.03333973139524455,0.00022510811686514767,0.025247129984199968,0.0002119808192182247,0.0246811471879482,0.0254882350564003,0.0253286715596914,6.921775639060108e-05,0.13972752839326855,0.001619291561112642,0.13710917532444,0.1425789445638656,0.1397575512528419,0.0009871646761893949,0.12345778867602346,0.0008952157068884708,0.1214395761489868,0.1248317584395408,0.1237050853669643,0.00031144171953205457,0.6356551587581635,0.0036369266615020523,0.6284931898117065,0.641517162322998,0.6350198984146118,0.00280645489692688,0.7962277591228485,0.0015659747953850464,0.7947214245796204,0.800600528717041,0.7959599196910858,0.0004782676696777344,1023.1,114.59882198347415,844,1265,1025.0,78.0,19.594,2.316675203821201,15.91,24.66,19.83,1.4850000000000012,0.039374087937176186,0.002302289569396962,0.0357991966108481,0.0449810003240903,0.0391140927871068,0.0011524046874708989,0.03381052277982232,0.003092393536820254,0.0311484411358833,0.0424848012626171,0.033085025846958147,0.0010843947529792994,0.04292071089148516,0.0015407293994374714,0.0390747599303722,0.0448160283267498,0.0431948006153106,0.0008391905575991024
1,lstm,layers_1,mackey_1000,0.001,,16,4,70,64,1233,0.0338081125169992,0.00020163202915730332,0.0335427522659301,0.0341649018228054,0.0338262096047401,0.00016136281192299928,0.02507191523909566,0.00022762708996889932,0.0247217621654272,0.0254289750009775,0.02508569508790965,0.00020400434732435052,0.1394719213247299,0.0014281003627352876,0.136841207742691,0.1418053656816482,0.1396672800183296,0.0011920407414436063,0.12340438738465305,0.001819496829267543,0.1212574318051338,0.1268372684717178,0.12326802313327784,0.001464076340198489,0.6291962325572967,0.0031659088298555964,0.6233047842979431,0.6341376900672913,0.6289085745811462,0.002077341079711914,0.7990498244762421,0.001839382964622316,0.7961475253105164,0.8032854199409485,0.7989203631877899,0.0007401108741760254,706.1,98.15441915675524,591,853,684.5,78.5,13.906,1.9543500198275638,11.47,16.82,13.415,1.5350000000000001,0.038516967474586376,0.0012752985012388766,0.0368133681929773,0.0402989103976223,0.038788891086975696,0.001463733923931905,0.03266938924789424,0.0008714201178187365,0.0315751656889915,0.0340765342116355,0.03266175836324685,0.0008282791823149005,0.04256895072758192,0.0010583620579746951,0.040614828467369,0.0437985509634017,0.04307266883552065,0.0005873199552298008
1,lstm,layers_1,mackey_1000,0.001,,32,4,70,64,4513,0.034272293001413295,0.00021315551290282606,0.0337260700762271,0.0344705618917942,0.03432512469589705,8.448772132400167e-05,0.02473830897361035,0.00026042583535872203,0.0243311468511819,0.025288688018918,0.024687094613909652,0.00019734166562554965,0.14087338447570796,0.0010035594536304798,0.1385910660028457,0.1423400640487671,0.1410543024539947,0.0005358532071114003,0.12176481410861013,0.0013997248849650086,0.1202704161405563,0.1246187463402748,0.12143340706825255,0.0007518082857132027,0.6266993582248688,0.002160425905607444,0.6223935484886169,0.6303116679191589,0.6269465982913971,0.001543581485748291,0.8008765518665314,0.0018149892881308162,0.7987635135650635,0.8044935464859009,0.8003162145614624,0.0007307529449462891,554.5,26.3562136886162,501,609,548.5,10.0,12.331,0.5942970637652519,10.91,13.27,12.335,0.25500000000000167,0.036237956169578735,0.001438236760288746,0.0340300670100583,0.0387739524659183,0.03648709402316145,0.0014344311008850502,0.031205131486058198,0.0006574554062090181,0.0302302725613117,0.0321437790989875,0.03137188777327535,0.0006409063935279985,0.039721083641052195,0.0014066161083284925,0.0378825180232524,0.0416888110339641,0.039607089012861196,0.001323817297816294
1,lstm,layers_1,mackey_1000,0.001,,8,8,70,64,361,0.028155944496393148,0.0070429330402519705,0.0171427894383668,0.0343581363558769,0.0330501943826675,0.001143446192145351,0.02157395202666517,0.002846036634924352,0.0159622933715581,0.0251318234950304,0.02236994728446005,0.0019461000338196494,0.12880344465374943,0.01732279878326381,0.1013191565871238,0.1436223089694976,0.14108441770076752,0.0023940876126288813,0.11720892414450643,0.007971992611529971,0.1002430468797683,0.127524197101593,0.11852452158927915,0.005925145000219352,0.6991317391395568,0.08959546258986008,0.6164484620094299,0.8279401063919067,0.6390678584575653,0.019575178623199463,0.8287704885005951,0.024049917134248373,0.7952924966812134,0.8803593516349792,0.8235081732273102,0.014981687068939209,1490.1,924.8643630284389,466,3837,1311.5,572.5,29.834000000000003,18.294157646636805,9.49,76.25,26.725,11.285,0.03088302132156155,0.0007489328054969874,0.0296716704550716,0.0320929564121696,0.0309667051252391,0.0005892983948190995,0.02747180629521605,0.0003500337849611006,0.0268374606966972,0.0280211418867111,0.027541914023458902,0.0002985270693897993,0.03615448884665962,0.0010449106825330691,0.0346786044538021,0.0385472699999809,0.03591448254883285,0.0006720814853906978
1,lstm,layers_1,mackey_1000,0.001,,16,8,70,64,1233,0.032370419986546,0.0025624003506303024,0.0274815540760755,0.0348091721534729,0.03364861197769635,0.0006682127714157521,0.02334072999656197,0.0010742964100143736,0.0221404284238815,0.0252797026187181,0.02292254567146295,0.0005262941122054499,0.1391828596591949,0.006971400161616216,0.1282471865415573,0.1459947377443313,0.14262856543064115,0.003266870975494357,0.12122774869203563,0.003020050341091373,0.116911806166172,0.126822754740715,0.12016290053725234,0.0013525113463402003,0.6492729008197784,0.03334300597883603,0.6178969740867615,0.7086026668548584,0.6339627802371979,0.014327853918075562,0.8138180077075958,0.009321060998796067,0.793315052986145,0.8247063755989075,0.8165617883205414,0.004703700542449951,734.5,137.85662842243025,517,924,755.0,118.0,16.025,3.2431905586937075,11.03,20.09,16.174999999999997,3.5749999999999993,0.030734486153556208,0.0007266400404289418,0.0294492354409562,0.0314755913698011,0.03096027993079685,0.0004214032863576987,0.027560165524482677,0.00034817779350871357,0.0270723775029182,0.0281865112483501,0.0274465717375278,0.00018915068358179958,0.036086075007915455,0.0013131499241535076,0.0341555327177047,0.0387565940618515,0.03621279448270795,0.0010154079645871977
1,lstm,layers_1,mackey_1000,0.001,,32,8,70,64,4513,0.03275397233664984,0.004075044070093591,0.0214107520878314,0.0359064079821109,0.034236809238791396,0.0007406678050757044,0.022643660008907267,0.0017514258238132603,0.0175254289060831,0.0236898120492696,0.023275190033018547,0.0002789814025163529,0.13929167464375491,0.00938976807221332,0.1137839779257774,0.1469640135765075,0.14277246594429016,0.0025834441184996865,0.11830844208598132,0.005146573496210085,0.1042876988649368,0.1224981173872947,0.12013239786028859,0.0016687996685504566,0.6488082349300385,0.04712332745159921,0.6129704117774963,0.7819535732269287,0.6301628053188324,0.0075733959674835205,0.8202036678791046,0.015371707070618627,0.8113179206848145,0.8654356002807617,0.8154142498970032,0.0015363097190856934,684.3,231.82323006980985,486,1360,641.0,41.0,17.910000000000004,6.1060953153385995,12.66,35.69,16.765,1.1449999999999996,0.030103822155959015,0.0006124279931651662,0.0291469442761606,0.0311416629701852,0.0300014103866285,0.00043848726070584883,0.027531307190656606,0.0002862732730295084,0.0269742738455533,0.0280331056565046,0.027498154900968,0.00013415422290565145,0.03467606902122492,0.0008248237523861413,0.0338408797979354,0.0365756154060363,0.0343869980424642,0.00041211023926734924
1,lstm,layers_1,mackey_1000,0.001,,8,16,70,64,361,0.0064040483557618695,0.005098518466974494,0.0009969279635697,0.0150160454213619,0.004874248174019101,0.0038559527602046503,0.00527143505169072,0.0035355246738698574,0.0009519528830423,0.0113461501896381,0.0042526202742009505,0.0030612759292125502,0.05359427928924558,0.02277774176735054,0.0243306681513786,0.0919571667909622,0.05226180516183375,0.019351329654455202,0.052948223054408994,0.018349418720607153,0.0252733957022428,0.0840192288160324,0.054204953834414454,0.014778176322579398,0.9381958901882171,0.05091925792459934,0.848291277885437,0.9908380508422852,0.9550971686840057,0.035491347312927246,0.9592004537582397,0.028329115604152657,0.9093644618988036,0.9933552145957948,0.968105137348175,0.02338910102844244,3049.6,1132.1329603893705,1174,4738,2896.5,1070.0,68.824,26.29174821117835,26.31,113.35,66.28999999999999,21.99000000000001,0.02695991424843665,0.00036246027460012275,0.0261688795354631,0.0274986916532119,0.02701071649789805,0.00016032697425950003,0.026140808500349465,0.00034335705823966133,0.0254698581993579,0.0267582591623067,0.0262013971805572,0.00016739871352909955,0.03521203324198718,0.0003771366986180577,0.0343103632330894,0.0357162579894065,0.035210115835070555,0.0001880694180727005
1,lstm,layers_1,mackey_1000,0.001,,16,16,70,64,1233,0.00184041166794481,0.002856718412405104,0.0004092982853762,0.0103424284607172,0.00090247250045645,0.0003576219896786,0.0019466323952655798,0.002179849558888238,0.0007471289136447,0.0083925668150186,0.0012214233283884498,0.00025389561778865,0.027471175976097544,0.016222313132329698,0.015892319381237,0.0744600966572761,0.0222848132252693,0.0040860436856747,0.03110876996070141,0.013640572007075764,0.0214094184339046,0.0710190385580062,0.0274139447137713,0.002261036075651651,0.9827769875526429,0.02792709657982374,0.8994539976119995,0.9961992502212524,0.9917296469211578,0.0031591057777404785,0.9853197395801544,0.017217939412170355,0.9344534873962402,0.9945576190948486,0.9911701083183289,0.002281129360198919,2615.0,619.4528230624185,975,3262,2630.5,175.5,67.133,15.881441401837554,24.8,83.94,67.915,4.989999999999998,0.02744289290987779,0.0005743502026690876,0.0264040426247649,0.0286769546154472,0.027376398030254552,0.00027075337453020057,0.026426172070205162,0.0003317002990790512,0.0259499419480562,0.0270343068987131,0.0264220079407095,0.00021573901176450035,0.035556551814079226,0.00041957247251237265,0.034999419003725,0.0360595323145389,0.0355657953768968,0.0004552751779555962
1,lstm,layers_1,mackey_1000,0.001,,32,16,70,64,4513,0.00077348565391726,0.00037543081086195446,0.0004868419782724,0.001832224195823,0.00068944841041225,0.00014384364476425002,0.00105545960250306,0.0003920830724854107,0.0007011725683696,0.002016958547756,0.00093447935068975,0.0001945216208696,0.020990287885069823,0.004322530133142888,0.0167383663356304,0.0325922742486,0.02000966574996705,0.0017173662781715497,0.0244549117982387,0.003753345967052149,0.0201249457895755,0.0322604551911354,0.0239516692236065,0.0026577981188893006,0.9930319547653198,0.003243243434406085,0.983889639377594,0.9954208731651306,0.9937547445297241,0.0012423396110535223,0.9922043740749359,0.0031408128437704227,0.9845560789108276,0.9951910376548768,0.9931359589099884,0.0015316307544707697,1874.0,277.2298685206917,1261,2256,1886.0,130.0,65.038,10.08234774246554,43.44,80.85,65.07,3.7700000000000102,0.0273872364726331,0.000512064430560825,0.0263631859173377,0.0281741960595051,0.02746043664713695,0.00036021694540974876,0.026644440554082348,0.0004832024867805439,0.0260648224502801,0.0275779031217098,0.0264747934415936,0.00026168581098314804,0.03547261692583555,0.0004703507866003468,0.034648809581995,0.0361858457326889,0.0355216339230537,0.0003853831440210481
1,lstm,layers_2,mackey_1000,0.001,,8,4,70,64,937,0.03407373540103431,0.0009263006854101877,0.0328562594950199,0.0365500003099441,0.03404941037297245,0.00017520040273670198,0.02533653024584051,0.0010797373362844325,0.0244490280747413,0.0283744223415851,0.02501796092838045,0.000261983834207051,0.14035125523805617,0.0019528851620039343,0.1373042911291122,0.1430863142013549,0.14102805405855176,0.0015983954071999013,0.12342813760042186,0.00445058300841975,0.1186234876513481,0.1361014544963836,0.1220290772616863,0.0009309053421020508,0.6226983845233918,0.016321748059610265,0.5768661499023438,0.6384015083312988,0.6248739063739777,0.0032941102981567383,0.7985655784606933,0.007827809311052295,0.7774435877799988,0.8058434724807739,0.8006850183010101,0.0019289851188659668,731.5,149.784678789254,549,1090,687.5,71.0,20.082,4.067305742134466,15.05,29.79,18.91,1.7400000000000002,0.03692638184875245,0.001489900673365676,0.0340509990023242,0.0387534391548898,0.037125307652685346,0.0010706952048672516,0.03128113877028222,0.0008280588278435738,0.0294141508638858,0.0327141657471656,0.03139780461788175,0.00038865953683850374,0.04163230583071704,0.0014110801315443946,0.0389931984245777,0.0438037179410457,0.04216578230261795,0.0006289854645728996
1,lstm,layers_2,mackey_1000,0.001,,16,4,70,64,3409,0.03432517834007735,0.0003273651333381008,0.0337480828166008,0.0348455943167209,0.03441603854298585,0.0003035552799701517,0.02479741834104057,0.00030845382370875906,0.0242362488061189,0.0251274053007364,0.02490898594260215,0.00018056761473414853,0.14105505049228664,0.0008263236408012659,0.139687567949295,0.1422802656888961,0.1413318812847137,0.0005812868475914001,0.12174415513873096,0.0012496423693990732,0.1199230104684829,0.1241356208920478,0.12146092206239695,0.0007685348391532967,0.6243873059749603,0.003235187065592785,0.618834912776947,0.6301066875457764,0.6241312325000763,0.0021597445011138916,0.8026324152946472,0.003222354647553926,0.7965525388717651,0.8078203797340393,0.8024178743362427,0.001711815595626831,621.9,57.69653369137526,525,702,637.0,38.5,18.31,1.4075794826580839,15.24,20.15,18.645000000000003,0.8549999999999986,0.03688181411061018,0.0021709866942117633,0.032539936610394,0.0396173180391391,0.03735164759887585,0.0014711627736687487,0.03140764106065029,0.001212618394070364,0.0288657136261463,0.0333401598036289,0.0315989982336759,0.0008487924933433498,0.04120171964168542,0.002126983857035707,0.0378903672099113,0.0441469065845012,0.0418003220111131,0.0012592040002346039
1,lstm,layers_2,mackey_1000,0.001,,32,4,70,64,12961,0.03453611098229879,0.00032321101565788846,0.033988881856203,0.0350895896553993,0.0345417950302362,0.00017272308468820052,0.02445314433425659,0.0002735562852924872,0.0240696240216493,0.0250304471701383,0.024316402152180602,0.0001481808722019022,0.14142438918352127,0.0012131573829839925,0.1387660801410675,0.1433712393045425,0.14141959697008127,0.0007520169019698819,0.12041985392570494,0.0007277034872576859,0.1193041279911995,0.1216555088758468,0.12024889886379235,0.0006374865770339966,0.6235547542572022,0.00244934779305644,0.6185446381568909,0.6278212070465088,0.6240653991699219,0.0010138452053070068,0.8054087460041046,0.0034208542388122153,0.7975130081176758,0.8095225691795349,0.8055554628372192,0.002594679594039917,507.5,33.52685490767065,475,557,489.5,14.5,17.694,1.458034293149513,16.32,20.85,16.84,0.46999999999999886,0.03469363179885672,0.002722042426244107,0.0310535627520746,0.039805260590381,0.034297356278532046,0.002344990149140351,0.02998442891985173,0.0021706273061384445,0.0279361214488744,0.0352639779448509,0.0295206634327769,0.0011524772271514008,0.03840855173766607,0.0020506443398459447,0.0354287698864936,0.0418772548437118,0.0383677445352077,0.0017311032861471003
1,lstm,layers_2,mackey_1000,0.001,,8,8,70,64,937,0.030088469479232983,0.007198625384026778,0.0142251448705792,0.0350644886493682,0.033643169328570297,0.0013478379696607555,0.02181556709110733,0.003865734329572595,0.0136693958193063,0.0255390517413616,0.02310884371399875,0.0008290139958262513,0.13218930289149283,0.019274521156491822,0.0896668955683708,0.1465555727481842,0.14013002067804337,0.0058627277612685325,0.11489766612648962,0.012407692569131563,0.0894586071372032,0.125004306435585,0.1188808530569076,0.003293778747320203,0.6761373400688171,0.08709998376307873,0.6100064516067505,0.8636850118637085,0.635509729385376,0.023022621870040894,0.8263109743595123,0.0333615380828076,0.7936611771583557,0.8949073553085327,0.8152925670146942,0.011550724506378174,983.7,633.1838674508376,423,2332,736.0,186.0,29.266,18.771010201904424,12.65,69.42,21.9,5.574999999999999,0.03043497705625158,0.0005193911298070498,0.0296731702983379,0.0312211354159646,0.03042298741638655,0.0005104179597562996,0.026972779631614652,0.00039606461970841274,0.0263635721057653,0.02755768597126,0.0269694849848747,0.00041228253394364964,0.035713953152298875,0.0007542227670383386,0.0344201251864433,0.0368705503642559,0.035801200196146896,0.00046366080641744786
1,lstm,layers_2,mackey_1000,0.001,,16,8,70,64,3409,0.029815789498388708,0.007955966960665757,0.0139378234744071,0.0358239263296127,0.0345239304006099,0.0010705068707466472,0.02185946069657796,0.004069095974048736,0.013615290634334,0.0255200807005167,0.023123509250581202,0.00169398449361325,0.13200491741299625,0.02065811715980323,0.0889331325888633,0.1470375508069992,0.14414670318365097,0.002534709870815277,0.11553494334220882,0.013569178752890503,0.0888586565852165,0.1274485141038894,0.12011557072401044,0.004620246589183849,0.6807281255722046,0.09328352960062156,0.6100913882255554,0.8638678193092346,0.6269327104091644,0.014872908592224121,0.8254733979701996,0.034358544590384794,0.789200484752655,0.8923444747924805,0.8162162899971008,0.01663842797279358,771.5,412.5288474761492,419,1745,633.5,135.5,25.828000000000003,14.039239865462802,14.13,58.44,20.85,4.375000000000001,0.02985533629026672,0.0007005536148730438,0.0289121270179748,0.0307538596292336,0.03012145931522045,0.0005217062102424001,0.02687927763909097,0.0004907104588742014,0.025960823521018,0.0275510791689157,0.026882653124630403,0.0003242176026106002,0.03484045565128321,0.0007126973310563071,0.0335580147802829,0.0359427854418754,0.03508717939257615,0.00041448511183264994
1,lstm,layers_2,mackey_1000,0.001,,32,8,70,64,12961,0.017558403429575212,0.009919184446736253,0.0033437877427786,0.0348352454602718,0.015964071732014348,0.002236233558505803,0.014474538248032288,0.005776665989445506,0.0044334172271192,0.0230082590132951,0.014483681414276351,0.0019438969902694,0.09774043038487432,0.030979999660675963,0.0429114587604999,0.144167810678482,0.0982076227664947,0.007365237921476406,0.08934140168130393,0.02147337271350995,0.049644723534584,0.1194069385528564,0.09091771394014354,0.008244827389717102,0.8213314831256866,0.10820715883533943,0.6291057467460632,0.968493640422821,0.8403526544570923,0.022899001836776733,0.8863434851169586,0.04721993978643798,0.8149521946907043,0.9665795564651488,0.8892085552215576,0.019513100385665894,1183.1,499.91728315792403,496,2111,1130.0,183.5,53.81,23.487655906880107,23.23,98.18,50.885000000000005,8.525000000000006,0.02930015557342101,0.0006117356160793851,0.0285281559659375,0.0309112148566378,0.0291867638006806,0.00024330647041399985,0.02671113964170212,0.0005866582609265998,0.025650443509221,0.0277266912162303,0.02659499086439605,0.00026488304138185155,0.03453667908906932,0.0006594905163240797,0.0332999564707279,0.0358948111534118,0.034601448103785445,0.000322232022881494
1,lstm,layers_2,mackey_1000,0.001,,8,16,70,64,937,0.00838691294193262,0.01034458565582294,0.0008589513599872,0.0344616249203681,0.0025212266482412503,0.0013308018096723003,0.0056165522371884,0.005148909026794231,0.0006979596219025,0.0178804900497198,0.0028847503708675,0.0015455159882549,0.05676318686455484,0.035902272616879276,0.0219116080552339,0.1427123099565506,0.039031866937875706,0.013300811871886257,0.05183092057704922,0.02352905128215343,0.0215504541993141,0.1042644307017326,0.0431532599031925,0.013311320915818249,0.9163027405738831,0.10924712525709458,0.6329209208488464,0.9920985102653505,0.9783206582069397,0.010659813880920521,0.9568219184875488,0.04122698416284182,0.856538712978363,0.9954508543014526,0.9782598316669464,0.011981844902038519,1834.7,839.4169464574801,443,3215,1895.0,618.5,62.623000000000005,28.284341268624235,15.69,108.28,63.81,20.244999999999997,0.02656603579719858,0.0013751419309125754,0.0226471711777978,0.027423370629549,0.027127151274018747,0.00013357224977680014,0.02556888628751035,0.0022632295646845576,0.0189538821578025,0.0272401962429285,0.02622090931981795,0.0001948997378349495,0.034941919893026294,0.000441605886958126,0.0342489816248416,0.0356463640928268,0.03497158922255035,0.0003666933625936508
1,lstm,layers_2,mackey_1000,0.001,,16,16,70,64,3409,0.00330890000914218,0.0076343752093838094,0.0004389236273709,0.026201969012618,0.000826240517199,0.00024173103156499998,0.0024251464812550297,0.004085430259817244,0.0005135856335982,0.0146181918680667,0.00101290966267695,0.00027755560586229997,0.030185637809336134,0.029283194742980675,0.0162729527801275,0.1175824552774429,0.020323052071034853,0.002975882962346049,0.031753628887236096,0.02183991175585289,0.0176456943154335,0.0958474576473236,0.0246323281899094,0.0035180477425456515,0.9675628006458282,0.07696490449725092,0.7367480993270874,0.9960270524024964,0.9926805794239044,0.0019911527633666992,0.9815872728824615,0.032819782366099455,0.8835557103157043,0.9961405992507936,0.9929929077625275,0.0017893910408020575,1657.6,437.7179914054253,528,2243,1759.5,182.0,73.144,19.384507318990597,23.42,99.28,76.22,8.07,0.026182092664142405,0.001202829407988426,0.0234790510601467,0.0273992555836836,0.0266174995857808,0.0005477439198229,0.02472187895327801,0.002278383049981257,0.020056527107954,0.0267056189477443,0.0256334487348794,0.0008204113692045004,0.03487102575600141,0.0004435607938256225,0.0339118391275405,0.0353674329817295,0.035068180412054,7.706135511395193e-05
1,lstm,layers_2,mackey_1000,0.001,,32,16,70,64,12961,0.0007197414932306399,0.000347985690248421,0.0002655810676515,0.0014701754553243,0.0005826890119351,0.00017174107779284998,0.00084602669230657,0.0002796364002884297,0.000477228895761,0.0014375831233337,0.0008494399662594999,0.00021315834601410015,0.01964104771614068,0.0040402851019557635,0.0130595322698354,0.0267419889569282,0.018988298252224853,0.002508018165826801,0.022331900335848292,0.0033898287832084483,0.0168285779654979,0.027678994461894,0.023318257182836498,0.0027622496709227493,0.993621701002121,0.003002970525249908,0.9874717593193054,0.997533917427063,0.9946928918361664,0.0015901625156402588,0.9939196825027465,0.002009036550780447,0.9901443123817444,0.9967973232269288,0.9939135909080505,0.001661002635955755,1335.5,192.36228840393846,1033,1635,1317.5,142.5,97.01899999999999,13.63549738733428,76.25,124.63,97.27,9.645000000000003,0.024911865705831142,0.0014583509186494544,0.0225483179092407,0.0271265103171269,0.02460684482422135,0.0013512770852281003,0.02246228288859125,0.002681726299284495,0.0189685001969337,0.025965966284275,0.02138607483357185,0.0021552676334976976,0.03489020243287083,0.0013418639504948501,0.0315446443855762,0.0367368049919605,0.0351878851652145,0.0007043089717626537
1,lstm,layers_3,mackey_1000,0.001,,8,4,70,64,1513,0.036384226381778684,0.002087234279316007,0.0337325856089592,0.038615632802248,0.03655001334846015,0.0020219031721353496,0.02671678084880109,0.0015142517975567473,0.0245177391916513,0.0284756999462842,0.026934859342873048,0.0013096854090690509,0.1408353671431541,0.0023420647281943634,0.1373063176870346,0.1450137495994568,0.14066204428672785,0.0016699582338332991,0.12886025160551068,0.005645132950193645,0.1216936260461807,0.1346094459295272,0.13015657663345337,0.004440225660800878,0.5881283581256866,0.033520062716388764,0.5517978668212891,0.6267520189285278,0.5853530168533325,0.032834649085998535,0.7890839159488678,0.010799080647204255,0.7762850522994995,0.8046600222587585,0.7872672975063324,0.008472353219985962,627.5,202.69940799124205,436,1022,559.0,122.0,22.654,7.288385555114384,15.48,36.32,20.299999999999997,4.749999999999997,0.03472629067384528,0.0012701960999948864,0.0321314676354328,0.0361429821285936,0.0349514795881178,0.0009861018301712508,0.029677229374647097,0.0004924577066665511,0.0287651568651199,0.0305074378848075,0.0298025971278548,0.00017429143190380095,0.040076897665858216,0.001067647511130209,0.0379450507462024,0.0416741929948329,0.040271118283271706,0.0006452444940805505
1,lstm,layers_3,mackey_1000,0.001,,16,4,70,64,5585,0.0348011020570993,0.001495171105133773,0.0332837663590908,0.0386510714888572,0.034501034766435554,0.0008423868566751515,0.02516298126429315,0.0008330459204775495,0.0244067199528217,0.0275571383535861,0.02498463727533815,0.00020678527653214887,0.1409569054841995,0.0009584883215412761,0.1391747146844864,0.142581894993782,0.14073507487773895,0.0006529092788696567,0.12285530418157573,0.003895012801992339,0.1199579909443855,0.1341130286455154,0.12142748013138766,0.0012783110141754012,0.6147060394287109,0.02354147725403358,0.5476236343383789,0.6338449716567993,0.6203686594963074,0.006959289312362671,0.8024127185344696,0.006610380767624788,0.7840064167976379,0.8087602853775024,0.8037898242473602,0.0021127164363861084,621.5,79.65707752610561,444,770,630.5,29.5,23.944,2.855511162646716,17.87,29.17,24.18,1.6050000000000004,0.03333111231525735,0.0013915160165720432,0.0317731284432941,0.0360376451992326,0.032947124499413644,0.000888648235963449,0.0294796515256166,0.0008376306117923763,0.0283385720103979,0.0312193352729082,0.029451479203999,0.0006265267729759008,0.03876125849783416,0.0009551368709737394,0.0375608913600444,0.04036495834589,0.0384533870965242,0.0006492659449577505
1,lstm,layers_3,mackey_1000,0.001,,32,4,70,64,21409,0.03474693112075324,0.0004566925218817919,0.0338595733046531,0.0354847386479377,0.03470731526613235,0.00029281526803965133,0.02468951195478436,0.0002940027583738706,0.0242099706083536,0.0252091735601425,0.02467206493020055,0.00026129931211469996,0.14272418618202204,0.0013524145789129383,0.1405979096889495,0.145087718963623,0.1426570266485214,0.0009665489196777483,0.12157993912696834,0.001781452197135553,0.1189542636275291,0.1251683980226516,0.12120943889021871,0.0008368715643883029,0.6175449192523956,0.004354310325193574,0.6108186841011047,0.6280058026313782,0.6175161600112915,0.0022054314613342285,0.8062723338603973,0.0024320419827488556,0.8025627732276917,0.8098375201225281,0.8068415522575378,0.0023069679737091064,538.6,41.821525558018564,457,593,535.5,31.5,26.633999999999997,3.511669688339152,21.42,33.04,26.130000000000003,1.9100000000000001,0.03259906803982121,0.001098804157926342,0.0313366589446862,0.0350217674341466,0.032113591312534204,0.0006907846157749482,0.02930604424327608,0.000804958117489978,0.0280871074646711,0.0304979719221591,0.0292685721069574,0.00069599971175195,0.03821606226265425,0.0004568319281368719,0.0373439863324165,0.0389304384589195,0.03827149793505665,0.00035591982305049896
1,lstm,layers_3,mackey_1000,0.001,,8,8,70,64,1513,0.03355875536799426,0.005201445359765893,0.0182145610451698,0.0374579317867755,0.03484258055686945,0.0002972241491079504,0.0241089936345815,0.0031334872000594247,0.015188131481409,0.0262214131653308,0.025387885048985398,0.00033263675868515016,0.14259252995252608,0.011932717159603274,0.1073894202709198,0.1511370539665222,0.1460107490420341,0.0014665722846985002,0.12162613794207569,0.009340695844863278,0.0948627218604087,0.1272442638874054,0.12557480484247205,0.001645483076572446,0.6317353069782257,0.06242102117249031,0.6004788875579834,0.8184705972671509,0.612688809633255,0.003039330244064331,0.806987750530243,0.029632253581796487,0.7829272747039795,0.8906266689300537,0.7956698536872864,0.0041619837284088135,648.1,478.33261440131804,415,2023,436.5,19.0,25.415999999999997,18.414137612171796,16.54,78.33,17.125,0.5250000000000004,0.030269520274466888,0.0007530236688233748,0.0283440695040755,0.0310356215470367,0.0302211489114496,0.00039554821948209994,0.02698666919022793,0.00028820660270286163,0.026491118595004,0.0276265796273946,0.0269796317443251,0.00015168264508244773,0.035425307229161235,0.0006027274917018267,0.0341941677033901,0.0362095572054386,0.0353687312453985,0.00044679082930090125
1,lstm,layers_3,mackey_1000,0.001,,16,8,70,64,5585,0.02655491195619103,0.011127770325111771,0.0063253305852413,0.0359997786581516,0.03517235070466995,0.000515170395374246,0.01972403763793405,0.006207782012596449,0.0072951824404299,0.0255997199565172,0.02345257531851525,0.0018787104636431,0.12279826737940307,0.030898208930055796,0.0606244467198848,0.1478628665208816,0.14527554064989084,0.0025187283754349032,0.1076843678951263,0.020104929359917593,0.0676256045699119,0.1270434111356735,0.1204709485173225,0.005802936851978302,0.713097769021988,0.1324924720142048,0.6004624366760254,0.9428149461746216,0.6136133670806885,0.012345463037490845,0.8444280624389648,0.05076756989830735,0.7966648936271667,0.9444939494132996,0.8155942559242249,0.017181456089019775,890.0,591.8413638805588,413,2246,530.0,115.0,40.206,27.554253101835293,18.5,104.69,23.47,4.969999999999999,0.02970361719942751,0.000660684877090604,0.0286946317387951,0.0308213223599725,0.029866508208215202,0.0006068741074866501,0.02661345954984423,0.0004035506239056933,0.0257421936839818,0.0270307995378971,0.026788533665239797,0.00023296289145945288,0.03482152074575421,0.0004993008429544537,0.0338455811142921,0.0358290039002895,0.034910822287201854,0.00012678839266299854
1,lstm,layers_3,mackey_1000,0.001,,32,8,70,64,21409,0.00995507505722337,0.010500218420808534,0.001749122631736,0.0348708629608154,0.0032538042869418,0.00149092613719405,0.00912932639475907,0.0070733551461288945,0.0028960090130567,0.0236716847866773,0.00444641662761565,0.0013057832838967503,0.06673952676355834,0.03945525692675071,0.0296857170760631,0.1484084725379943,0.044552402570843655,0.013583261519670504,0.06837972886860366,0.02744173230340674,0.0411587655544281,0.1226175650954246,0.05269531719386575,0.010051177814602848,0.8989850819110871,0.11431986705544353,0.6129012107849121,0.9839746356010436,0.9692782461643218,0.01466512680053722,0.9284984409809113,0.05639463448013972,0.8157122731208801,0.9780606031417848,0.9670470654964447,0.009236603975296076,1832.5,882.3689987754557,410,3141,2016.5,973.0,124.48600000000002,56.54699694944021,28.6,200.11,142.945,54.05000000000001,0.02934226948353974,0.0004447421779903423,0.0286628612213664,0.0300444186561637,0.029269059706065352,0.0004110518429013988,0.027272422984242393,0.0005763042494343562,0.0265766996890306,0.0283833015710115,0.0271945726126432,0.00042083300650119955,0.0348836030811071,0.0003672196494846461,0.0343136340379715,0.0354991741478443,0.03485643491148945,0.0002824552357197016
1,lstm,layers_3,mackey_1000,0.001,,8,16,70,64,1513,0.0038405991683248,0.0063458741601007595,0.0005893087363801,0.02266182936728,0.0016070853453129,0.0008955797529779,0.00307163012912491,0.00342553034588767,0.0010217978851869,0.013111931271851,0.00194489373825485,0.0006151794223115001,0.03766764178872105,0.02574519599950741,0.0198691003024578,0.1122382208704948,0.02920150104910135,0.0060666473582387005,0.03815629314631217,0.016886237647006464,0.024501759558916,0.0865824148058891,0.03485418111085885,0.00547763053327795,0.9626357913017273,0.06553500779512779,0.7675302624702454,0.994434654712677,0.9852613210678101,0.007372230291366577,0.9762952923774719,0.027745199428660827,0.8946416974067688,0.9922128319740297,0.9857395887374878,0.004612386226653997,1844.7,645.955269349202,424,2533,1965.5,518.5,86.40199999999999,30.052858033804373,20.43,117.72,92.87,23.82999999999999,0.025554475591828368,0.003244550162965066,0.0169993709358904,0.0278207336862881,0.027046809800797,0.00047638877812354943,0.02407119488343592,0.004175350675153627,0.014551836065948,0.0272145215421915,0.0263712732121348,0.0005513867363333494,0.03380868155509229,0.00280520066557402,0.0256131794303655,0.0358691476285457,0.034717159345746,0.0003147646784782514
1,lstm,layers_3,mackey_1000,0.001,,16,16,70,64,5585,0.0009946367965312098,0.00048563660188045944,0.0003837594704236,0.0018260413780808,0.000900318584172,0.00039782846579325,0.0010949839954263899,0.00035499069745501547,0.000597454374656,0.0018749311566352,0.00103941658744585,0.00017731194384395003,0.02261104695498938,0.004997243034503499,0.0155096873641014,0.0307040214538574,0.023678215220570502,0.004884485155343999,0.025322813168168017,0.0036048106669552236,0.019102856516838,0.0325373373925685,0.024743047542870003,0.0016582421958446503,0.9912804126739502,0.004158063778919035,0.9845090508461,0.9967307448387146,0.9922804534435272,0.003128200769424383,0.9918535590171814,0.002685854458177596,0.985923945903778,0.9956867098808287,0.9924125373363494,0.00128173828125,1428.6,272.03573294697884,994,1863,1380.5,202.0,92.256,18.467378915265694,65.63,125.31,88.09,10.685000000000002,0.02323665723411568,0.0013400065546908954,0.0213621970680024,0.0264863694707552,0.02318735265483455,0.0005015817781289511,0.01978102959692474,0.0016626992859674514,0.0169090386480093,0.0235019195824861,0.019707985222339602,0.00040894839912649673,0.03429381214082238,0.0007928657925732062,0.0334676057100296,0.0358376391232013,0.03416424244642255,0.0006375648081302504
1,lstm,layers_3,mackey_1000,0.001,,32,16,70,64,21409,0.000499988568481,0.00011107341524906609,0.0003715331840794,0.0006534644635394,0.0004709279892267,9.7629672382e-05,0.0007945848279632099,0.0001526947596576582,0.0005737875471822,0.0011386445257812,0.0007792804390191999,9.94548317976e-05,0.017099463474005403,0.001976833845744334,0.0149755645543336,0.0198750216513872,0.01639011502265925,0.0013449247926474,0.02189584467560049,0.002143160479627624,0.0194489937275648,0.026375725865364,0.0210483372211456,0.0009082620963454507,0.9954649269580841,0.000977091114757857,0.9941062927246094,0.9967071413993835,0.9956303834915162,0.0008910596370695911,0.9944317102432251,0.0010687407021746226,0.9922129511833192,0.9960572719573976,0.9942802488803864,0.0007654130458831787,1088.8,165.18099164250103,819,1330,1111.0,154.0,117.27199999999998,19.016852946794323,86.67,146.15,117.505,17.849999999999994,0.02231083734788823,0.0022698527127892085,0.0182736729168229,0.0256307038168112,0.02319068699661225,0.0005354480817913489,0.01895007435232397,0.0018310581135699878,0.0151046607643365,0.0222104918211698,0.01913461741060015,0.0011764001101255504,0.03315333314239974,0.003411977328572731,0.024520993232727,0.0358917377889156,0.034850897267460795,0.0009792428463696982
1,lstm,layers_1,mackey_1000,0.001,,8,4,140,64,361,0.043323113396763764,0.007999579718266623,0.0345288701355457,0.0581177435815334,0.0382652729749679,0.0031875427812337494,0.05175171121954912,0.010319253882905147,0.0425591133534908,0.0652637928724289,0.044074924662709195,0.0013288818299770425,0.16799932718276972,0.020174040454188212,0.1485355943441391,0.1999605745077133,0.1541311368346214,0.00493691116571425,0.18398873060941695,0.02015599294774869,0.1653832495212555,0.2104083001613617,0.1692286357283592,0.0030742213129996976,0.376251357793808,0.2273741657878787,-0.1724655479192733,0.5723391771316528,0.5162155032157898,0.04750052094459534,0.5196989610791206,0.13682828066795324,0.1720205396413803,0.6211044788360596,0.599062442779541,0.02001810073852539,781.4,314.6487565524453,407,1177,911.0,257.0,14.803,6.027228301632518,7.63,22.46,17.22,4.695000000000002,0.05591037767693097,0.0047477080797239755,0.0514671379803783,0.0651557292375299,0.05473171805755955,0.0020444545804518023,0.06587609946727746,0.0004956432093896418,0.065134048461914,0.0668054521083831,0.06589847803115839,0.0002606473863124917,0.0541445083916187,0.0018227898968661675,0.051811583340168,0.0579062215983867,0.053551446646451895,0.0015716608613728957
1,lstm,layers_1,mackey_1000,0.001,,16,4,140,64,1233,0.038989716023206666,0.004581429252889492,0.0342701189219951,0.0509256161749362,0.03872470930218695,0.0016115885227918486,0.0452766194939613,0.006090795404276558,0.0428406558930873,0.0635280907154083,0.0432887766510248,0.000282566994428652,0.15777870118618006,0.011275993439245619,0.1460032314062118,0.1895995736122131,0.1556133776903152,0.0032769888639450073,0.17108427733182902,0.012191700742313984,0.1637278348207473,0.2072994410991668,0.16741697490215296,0.0010042935609817505,0.48899965435266496,0.10658901718124211,0.1905524581670761,0.5855088233947754,0.5059439539909363,0.028936877846717834,0.5922261863946915,0.054225010329821646,0.4302109777927398,0.618853747844696,0.6083558797836304,0.00443074107170105,751.4,135.3663178194635,407,944,758.0,54.0,14.584,2.6941870759099116,7.84,18.36,14.545,0.9199999999999999,0.055831992581079216,0.004824014120029164,0.0511754182371078,0.0656311263640721,0.054661587294605,0.002082087340467196,0.0659239567816257,0.0002603579834916095,0.0653790459036827,0.0662144422531127,0.0659711323678493,0.00017744675278660166,0.05388295799493785,0.001487976406735806,0.0517971999943256,0.0563563629984855,0.05382231622934335,0.00132030248641965
1,lstm,layers_1,mackey_1000,0.001,,32,4,140,64,4513,0.03861780241131778,0.0016275809523565224,0.0351116098463535,0.0404673032462596,0.03929343633353705,0.000789314508438152,0.0427598968148231,0.00027704222715277236,0.0424065664410591,0.0432111993432045,0.042627817019820144,0.00019698217511174287,0.15709577500820157,0.0037419549305058217,0.1493683606386184,0.1620661616325378,0.15855438262224195,0.0015464797616005083,0.16650998592376703,0.0009973189070954422,0.1641602516174316,0.1677954941987991,0.16649102419614786,0.0004673451185226579,0.5050844341516495,0.028301775214969505,0.4790137708187103,0.5666857957839966,0.4913000911474228,0.01180112361907959,0.6134439766407013,0.0035752926936969834,0.6051050424575806,0.6188069581985474,0.6138615608215332,0.0022581517696380615,659.9,37.348226196166266,602,721,665.5,30.5,14.297999999999998,0.8235629909120494,13.02,15.8,14.36,0.7099999999999991,0.05589146528792395,0.00586530866683504,0.0507180206606992,0.0688554330004586,0.0544414297781056,0.002698994319265048,0.0656797923147678,0.0006765888373885374,0.0648991391062736,0.0673213079571724,0.06545825675129885,0.00031328946351999454,0.05288963913917536,0.0014972919691666558,0.0505941696465015,0.0552959665656089,0.052838915959000546,0.0014316011220216508
1,lstm,layers_1,mackey_1000,0.001,,8,8,140,64,361,0.029186038300394984,0.004875484746341064,0.0220501385629177,0.0378727838397026,0.02713336329907175,0.00271490402519705,0.033552499674260564,0.0036266450143749335,0.0272449105978012,0.0407795794308185,0.03327508643269535,0.0018721977248788001,0.1360791280865669,0.012596802865822003,0.1197231784462928,0.1609797775745391,0.13381552696228025,0.008829090744256994,0.15029962360858912,0.009532386952357835,0.1347020268440246,0.1678899377584457,0.1489559337496757,0.005728371441364302,0.6613998234272003,0.07071347073510328,0.5299991965293884,0.7585503458976746,0.6931794583797455,0.04108896851539612,0.7083593547344208,0.04009957992572232,0.6238153576850891,0.7691308856010437,0.715120404958725,0.0233842134475708,1166.8,418.5008482667628,655,1788,1062.5,354.5,21.169000000000004,7.424340307394321,11.82,32.1,19.229999999999997,6.325,0.05034296757075931,0.007226370274223483,0.039127985946834,0.0579095869325101,0.05269369855523105,0.0048144096508622,0.054048151150345745,0.00803379954375631,0.0424716062843799,0.0632998719811439,0.05500894971191875,0.007472194731235549,0.04665152765810486,0.006856623394010399,0.0336974449455738,0.053872924298048,0.04917951487004755,0.003945847973227504
1,lstm,layers_1,mackey_1000,0.001,,16,8,140,64,1233,0.0214280674234032,0.0023689958188264524,0.0175428800284862,0.024921691045165,0.0214983178302645,0.0018004160374403,0.025180815719068012,0.0014654236488960107,0.0222316738218069,0.0269581545144319,0.0251516727730631,0.001293044537305851,0.1153900101780891,0.006808756670805851,0.1031571626663208,0.1243613511323928,0.11573128774762151,0.006000686436891549,0.12889107465744015,0.003904168096033214,0.119905024766922,0.1340771615505218,0.12953677773475644,0.002698339521884946,0.7699536383152008,0.02937681821401111,0.7274091243743896,0.8165987133979797,0.7669048011302948,0.023927688598632812,0.788680350780487,0.014035407622313818,0.7705799341201782,0.8166811466217041,0.788049578666687,0.011735498905181885,1810.8,301.1321304676736,1395,2535,1763.5,171.0,35.501,6.159240943492956,28.12,51.04,34.555,2.9799999999999986,0.05013603456318373,0.006518667544768256,0.0403683949261903,0.0560966208577156,0.0545332254841923,0.0015292379539460464,0.053160120919346764,0.007722347825834773,0.0414761193096637,0.0606954284012317,0.058397751301527,0.0019761864095926007,0.04567416831851001,0.006842567651012909,0.0332205072045326,0.0520446971058845,0.0496862549334764,0.0022664535790682012
1,lstm,layers_1,mackey_1000,0.001,,32,8,140,64,4513,0.019880337174981784,0.002144393753418479,0.0155298830941319,0.0234384294599294,0.019894227385520852,0.0011288803070783997,0.02479175273329015,0.0013929987991988294,0.022651856765151,0.0270718187093734,0.02453673165291545,0.001216323114931599,0.11276108101010321,0.006264992418984375,0.0999787300825119,0.1202671900391578,0.1150524690747261,0.002864699810743297,0.12781650200486178,0.004078000012532154,0.1195350736379623,0.1342896819114685,0.12846650928258896,0.0026558116078376492,0.7935985207557679,0.025947699175583015,0.7565920948982239,0.8448457717895508,0.7960624396800995,0.02108338475227356,0.7912027060985565,0.013334905918094914,0.7692383527755737,0.8119286894798279,0.7938799560070038,0.01144397258758545,1202.5,301.8039926839935,802,1716,1137.5,206.0,28.732,7.2326465418959875,18.79,40.48,27.565,5.945000000000002,0.04137867754325267,0.002990528041504516,0.0381062561646103,0.0491156741045415,0.0411518129985779,0.0011898297816515004,0.04208654165267939,0.0031759028855705483,0.0380396991968154,0.050463929772377,0.041580438613891546,0.0005178824067115506,0.03672633357346054,0.002904317946375229,0.0330292247235775,0.0433229878544807,0.03642742149531835,0.0021412130445242032
1,lstm,layers_1,mackey_1000,0.001,,8,16,140,64,361,0.029239534959197004,0.0037064739566764755,0.0196943022310733,0.0330611243844032,0.0295649394392967,0.0022325208410621,0.018884999211877553,0.002475207838520375,0.0144770089536905,0.0222697407007217,0.01996008213609455,0.0018109343945980003,0.13768883347511288,0.009639196102134366,0.1121528297662735,0.1461673080921173,0.13924106955528254,0.005884975194930989,0.11289806291460988,0.008784438990571937,0.0976053476333618,0.1239914745092392,0.11629409343004225,0.0038064345717430045,0.6812308132648468,0.042360094019273646,0.6346946954727173,0.7929033041000366,0.6718642711639404,0.01616641879081726,0.8501774191856384,0.02035161773357376,0.8252893686294556,0.8871612548828125,0.8436754047870636,0.01568707823753357,1295.5,319.0643352052999,944,1813,1141.5,193.0,25.997000000000003,6.333826726395348,18.92,36.57,23.08,4.044999999999998,0.043179721990600176,0.007113242072129065,0.0371060515753924,0.0550206457264721,0.0389305228600278,0.0012529367813840508,0.046959499269723856,0.005810741582637275,0.0424643903970718,0.0569969154894351,0.043346373364329296,0.0004527904093265499,0.034737812913954204,0.009292788785794148,0.0268103759735822,0.0517088323831558,0.02902409899979825,0.0018574837595224502
1,lstm,layers_1,mackey_1000,0.001,,16,16,140,64,1233,0.025184454023838,0.00393931134997309,0.0170998889952898,0.0301878098398447,0.0260911267250776,0.00322372652590275,0.01781264040619132,0.0016305523261713427,0.0142007749527692,0.0201016832143068,0.0180191164836287,0.0008454667404293997,0.12796271070837972,0.011962872972727311,0.1072823926806449,0.1451201140880584,0.1269844882190227,0.010825198143720655,0.1077697992324829,0.00500603760113591,0.0970270633697509,0.1142553165555,0.10931495204567905,0.00231926515698435,0.7358811318874359,0.04618271287911871,0.6770327687263489,0.8284087181091309,0.7376341223716736,0.033010631799697876,0.8574611485004425,0.013762243619597811,0.8396530151367188,0.8897174000740051,0.8545259237289429,0.006038248538970947,943.6,175.76643593132334,694,1307,919.5,138.0,22.004,4.237631885853229,16.01,30.43,21.490000000000002,3.139999999999999,0.04116299245506522,0.003981419643920174,0.0356073891744017,0.0467606149613857,0.03922410740051415,0.002549204975366603,0.044446415081620186,0.0029386065691686535,0.0379694551229476,0.0499205626547336,0.044029388576745945,0.0015337690711021527,0.030572342500090537,0.0035939316807150888,0.0265457108616828,0.0361097157001495,0.0303260954096913,0.0034995339810847993
1,lstm,layers_1,mackey_1000,0.001,,32,16,140,64,4513,0.02117566475644705,0.004366416939987862,0.0127444164827466,0.0283889714628458,0.021386231295764398,0.00353506579995155,0.01680485224351281,0.0014631004667928636,0.0142608042806386,0.0193912368267774,0.017024006694555248,0.000922066159546351,0.11480515077710149,0.013890053430697978,0.086537592113018,0.1350089460611343,0.11641392111778255,0.00987406075000765,0.10423679500818246,0.007244677652617142,0.0920341685414314,0.1191644594073295,0.10288488492369649,0.004650656133890145,0.7823599874973297,0.04854127845639957,0.7143548130989075,0.871533989906311,0.7865053117275238,0.04323524236679077,0.8655442357063293,0.012702330254686632,0.8427961468696594,0.8838199973106384,0.8631888329982758,0.011264830827713013,644.1,64.6706270264948,527,762,645.5,41.0,20.386,2.21659288097747,16.66,25.04,20.310000000000002,1.3150000000000013,0.03630843923892819,0.0017012627994519084,0.0331994476728141,0.0386807555332779,0.0364403508137911,0.0010303719900548493,0.03814239390194411,0.0017947203121954775,0.0349439233541488,0.0417342819273471,0.03832522407174105,0.0008838903158903538,0.03093807864934201,0.0016514823395749358,0.0273665394634008,0.0338545516133308,0.03097096178680655,0.0006848806515335985
1,lstm,layers_2,mackey_1000,0.001,,8,4,140,64,937,0.041987301036715455,0.008198203657733508,0.0326309204101562,0.0556023009121418,0.038809409365057904,0.0036440063267946035,0.04965174309909339,0.010348600849994567,0.0418211668729782,0.065838411450386,0.0432554855942726,0.0013578180223703523,0.1648334383964538,0.020487754177546127,0.1434398293495178,0.1964040845632553,0.1579900681972503,0.012053526937961564,0.1791513100266456,0.020487168201131896,0.1619399189949035,0.210857480764389,0.16686385124921793,0.004811726510524722,0.34311129078269004,0.2990530679207896,-0.1403946578502655,0.6092116236686707,0.5014218837022781,0.06599549949169159,0.49696635752916335,0.17730042964269882,0.2014891356229782,0.6262686252593994,0.6098240613937378,0.014710068702697754,791.5,268.3766942191516,408,1212,836.0,210.5,21.543,7.29688844645442,10.96,32.91,22.695,6.004999999999999,0.05586434816327198,0.004858827186607996,0.0513943332318578,0.0651349404619799,0.0548599671779407,0.0024595525529650004,0.06613557115197174,0.0005665398469541857,0.0653974562883377,0.0672390609979629,0.06588412448763839,0.0004418976604937952,0.053795710951089815,0.0009936320308179503,0.0523642934858799,0.0551502555608749,0.05379947088658805,0.001011284068226849
1,lstm,layers_2,mackey_1000,0.001,,16,4,140,64,3409,0.0373910184949636,0.001988267925850479,0.032845601439476,0.0404387675225734,0.0376579277217388,0.000872708857059451,0.042143946886062565,0.0006392155441745609,0.0411599576473236,0.0430767983198165,0.0421848148107528,0.0005508381873369494,0.15211080908775326,0.003779161215366497,0.1452676355838775,0.15805184841156,0.15189789980649945,0.002941220998764052,0.1644873470067978,0.0016244969434543427,0.1618345528841018,0.168152317404747,0.16429267078638074,0.0008727535605430603,0.5299882650375366,0.0353481855639474,0.4768304228782654,0.5995806455612183,0.5292448699474335,0.02711629867553711,0.6225642085075378,0.008507224443163468,0.6102534532546997,0.6383690237998962,0.6252352595329285,0.005873918533325195,767.1,121.31648692572662,626,1026,730.5,65.5,21.905,3.438875542964589,17.78,29.41,20.965,2.0549999999999997,0.05620278419616316,0.005392330572328479,0.0517086981110171,0.0679560531344678,0.05459780711680645,0.0020838618899385528,0.06592571586370463,0.0004927626188418386,0.0651276931166648,0.0669964700937271,0.0658931173384189,0.00031291693449020386,0.053568064793944305,0.0011493747095819463,0.0521715357899665,0.0555695779621601,0.05327593907713885,0.0008508171886205465
1,lstm,layers_2,mackey_1000,0.001,,32,4,140,64,12961,0.03571619912981982,0.0020608027219706,0.0334776043891906,0.0399159789085388,0.034528147429227746,0.0007620416581630464,0.0416594728827476,0.0004457046146810868,0.0406264401972293,0.0422551073133945,0.04168381914496415,0.00023922696709635302,0.149353888630867,0.0027637435945408505,0.1448021978139877,0.153818592429161,0.14878971874713895,0.0017468109726905962,0.1634028255939483,0.00140487377146832,0.1613665968179702,0.1656102985143661,0.1633410826325416,0.0012232959270477434,0.560691237449646,0.0293815607907195,0.5003795623779297,0.5939584374427795,0.5727368891239166,0.016916006803512573,0.6284046053886414,0.005173026963435347,0.620897650718689,0.6384056210517883,0.6275864243507385,0.0034630894660949707,655.1,67.81364169545829,554,815,647.0,26.0,22.253,2.3089870073259395,18.54,27.31,22.15,0.9000000000000004,0.056289024538192345,0.006499632806020284,0.0500486905608947,0.0720525222520033,0.05469084013667365,0.0022057905977513996,0.06560684591531749,0.0009498102411914234,0.0642400160431861,0.0679637938737869,0.06535603478550905,0.0005060657858848502,0.05313220582902428,0.0014043177027911404,0.0504536516964435,0.0552280955016613,0.053125994279980646,0.001029850915074352
1,lstm,layers_2,mackey_1000,0.001,,8,8,140,64,937,0.02401290871202941,0.0036366232106213427,0.0197008643299341,0.0333507657051086,0.0236314302310347,0.0015692850574850984,0.02708654440939421,0.00385725627401684,0.0223543215543031,0.0364376083016395,0.026181955821812097,0.00158172193914655,0.12395802214741705,0.008180384029678769,0.1132817417383194,0.1436823308467865,0.12375567480921745,0.0037309192121028484,0.132902143150568,0.010034137344830869,0.1195306107401847,0.1565854251384735,0.1312720626592636,0.004109494388103499,0.7390752017498017,0.050518683399865705,0.6081584692001343,0.7982690930366516,0.7419756948947906,0.01892039179801941,0.7708337903022766,0.036274254094898914,0.6804765462875366,0.8135200142860413,0.7790580093860626,0.013938724994659424,1431.9,530.1725096607707,709,2407,1498.5,449.5,39.444,14.85806326544614,18.87,64.26,40.87,12.749999999999996,0.04926577117294069,0.006859982440902764,0.0380096500739455,0.0573069467209279,0.0514872490894049,0.005311394808813902,0.053123500943183855,0.006288854593628461,0.041564866900444,0.0621448457241058,0.05366926081478595,0.0057971794158220985,0.04656119123101229,0.00655819466847334,0.0363916046917438,0.0536454170942306,0.048231463879346806,0.0052757244557141945
1,lstm,layers_2,mackey_1000,0.001,,16,8,140,64,3409,0.0206659765914082,0.002796429319530927,0.0179425310343503,0.0261681284755468,0.0197507487609982,0.0012510623782872998,0.02402439005672928,0.002174813694164478,0.021127114072442,0.028467072173953,0.023570032790303203,0.0002594208344817023,0.11455305293202397,0.00579451689023935,0.1048514172434806,0.1239974796772003,0.11445910856127736,0.003672778606414795,0.1263390116393566,0.006208951421604877,0.1168083325028419,0.1395733505487442,0.12543164938688275,0.002845983952283908,0.7870356738567352,0.03753853558746138,0.7095621824264526,0.8273284435272217,0.7908402979373932,0.0232810378074646,0.7995206117630005,0.020230997374958582,0.757839024066925,0.8262198567390442,0.8044273555278778,0.0010771751403808594,1184.6,179.16149139812384,892,1556,1145.5,150.0,35.612,5.861854314122793,26.43,48.41,34.175,4.32,0.040723201213404496,0.0041189463053407024,0.0375677035190165,0.0520737846381962,0.03929396416060625,0.001263923710212153,0.043821195140480954,0.0033432576366192964,0.0409092418849468,0.0531121045351028,0.0429324898868799,0.0013319067656994005,0.03745713531970975,0.004106275171719131,0.0336864180862903,0.0482982657849788,0.0354687515646219,0.0013036672025918995
1,lstm,layers_2,mackey_1000,0.001,,32,8,140,64,12961,0.01874259095638984,0.0013038395169973087,0.0168348290026187,0.0217867009341716,0.01866753678768865,0.0006008725613356001,0.02339680716395375,0.0009106982124788008,0.0219348147511482,0.0251418203115463,0.0236900262534618,0.0004081837832928016,0.11033421233296392,0.0028890388574979615,0.1050799489021301,0.1162031516432762,0.10999483615159986,0.0011288709938526015,0.12467801868915554,0.002258202774863043,0.1205726712942123,0.1285111457109451,0.12519573420286173,0.0010504126548767229,0.8127131879329681,0.019596647047419636,0.7745374441146851,0.8475448489189148,0.8110986948013306,0.013466686010360718,0.8045375168323516,0.008763799385563951,0.7872942090034485,0.8185732364654541,0.8025529384613037,0.003870934247970581,950.6,60.480079365027294,858,1049,956.5,57.5,40.612,3.6620344072659945,35.69,47.42,41.08,2.8900000000000006,0.03785117613151666,0.0015804091696296452,0.0362924977671355,0.0408770712092518,0.0376070302445441,0.0010943770175799485,0.03973980620503418,0.0014740219240464076,0.0370256155729293,0.0416544117033481,0.0399700701236724,0.0008958168327808519,0.034978129342198315,0.0024460176087315504,0.0310528464615345,0.0392837636172771,0.0346082523465156,0.0013129040598869497
1,lstm,layers_2,mackey_1000,0.001,,8,16,140,64,937,0.02337713800370689,0.004692767979043173,0.0158045850694179,0.0312131009995937,0.0239344155415892,0.003765466623008298,0.018256955035030796,0.001355192060587549,0.0164190307259559,0.0199153833091259,0.01807668618857855,0.00145352259278295,0.12252706512808798,0.012688100841791764,0.1044459119439125,0.1425533890724182,0.1231814846396446,0.009764932096004444,0.10981680303812022,0.005731228867792651,0.1010145843029022,0.1197284236550331,0.1084813848137855,0.005064073950052254,0.7532483637332916,0.055109022433160994,0.6540960669517517,0.8350204229354858,0.7537473142147064,0.04550975561141968,0.8551531910896302,0.014203724287992246,0.8317272663116455,0.8721790909767151,0.8609097599983215,0.006710618734359741,875.2,162.16645769085542,699,1254,811.0,65.0,27.491000000000003,5.039215117456289,21.78,38.97,25.815,2.385,0.03989590755663809,0.004643752646735748,0.0334102336782962,0.0503684845753014,0.038677766453474746,0.00044475519098344934,0.043435414507985055,0.0035021323969631575,0.0344738215208053,0.0494910590350627,0.04382442310452455,0.0004927385598420993,0.03200000114738936,0.005520704207052988,0.0261174943298101,0.0453298725187778,0.029744298197329003,0.0011437954381108006
1,lstm,layers_2,mackey_1000,0.001,,16,16,140,64,3409,0.02190555222332472,0.00644778785503082,0.0124874766916036,0.0319040454924106,0.022092979401349952,0.0071139535866677995,0.0174209325574338,0.0015315917039838008,0.0147263696417212,0.0207238402217626,0.017410838976502398,0.0008485764265060477,0.11714685410261153,0.02028154709150542,0.0861923769116401,0.1471116691827774,0.11970401555299755,0.01897579431533815,0.1072146281599998,0.004098413615867988,0.0996222198009491,0.1138732358813285,0.1069279499351978,0.0029660873115062505,0.768981659412384,0.07621371448880102,0.6544622778892517,0.8725780844688416,0.7726208567619324,0.08431166410446167,0.861338609457016,0.01296626894732602,0.8335348963737488,0.8807213306427002,0.8621241450309753,0.009649306535720825,604.6,65.65851049178622,485,687,613.5,49.5,24.580000000000002,2.8613737959239094,19.75,27.92,25.235,2.045,0.03575669624842697,0.0022493186831760727,0.0309556166175752,0.0384352898690849,0.036055965931154704,0.0013665994629264468,0.040033359825611056,0.003924159112472763,0.0302959531545639,0.0436251834034919,0.0410916898399591,0.0020424723625183,0.028744960203766767,0.001966968443437229,0.0268313158303499,0.032564528286457,0.027835785411298247,0.0005818651989102988
1,lstm,layers_2,mackey_1000,0.001,,32,16,140,64,12961,0.014772938657551967,0.006775190211832786,0.0062228920869529,0.0280706919729709,0.013431814499199349,0.0038961735554039504,0.016217888798564624,0.0014396390801195793,0.0136301135644316,0.0186528228223323,0.016209234483540003,0.0009736875072121481,0.0962868437170982,0.0226414560570877,0.0671509876847267,0.1397736519575119,0.09160939231514925,0.0149003453552723,0.10017253682017321,0.005818444731036079,0.0887826979160308,0.1097702831029892,0.0993297398090362,0.002118162810802446,0.8483485996723175,0.07821773184054584,0.6991831064224243,0.9420280456542968,0.862826406955719,0.04210478067398077,0.8691136360168457,0.011627058891985667,0.851452112197876,0.888534665107727,0.8676879703998566,0.008026748895645142,617.4,147.46809824501025,437,1014,591.0,53.5,40.847,10.382623993962218,30.1,69.1,38.185,4.305,0.03293409151956435,0.0023264575580311097,0.0304505978710949,0.0366967674344778,0.0321183416526764,0.0016582839889451497,0.033069949410855726,0.00439414397309644,0.0267517324537038,0.0401774570345878,0.0318433474749326,0.003794665448367601,0.03298415467143055,0.0020933530879299923,0.0303414240479469,0.0365321077406406,0.03281446918845175,0.0013564284890890538
1,lstm,layers_3,mackey_1000,0.001,,8,4,140,64,1513,0.04160982016474003,0.011105230073277624,0.0269263908267021,0.0555431134998798,0.04055093042552465,0.012319843284785751,0.051476497948169664,0.012039863738725,0.0339892581105232,0.0655201822519302,0.05093852989375585,0.010429266840219453,0.16278947144746775,0.02713856148079479,0.128367930650711,0.1943628638982772,0.15865317732095716,0.02880138158798219,0.18216005861759182,0.025535404002878192,0.1448231041431427,0.2107423990964889,0.18184313178062436,0.024434521794319153,0.3376604586839676,0.31926798563041037,-0.0896381735801696,0.6916877031326294,0.45540788769721985,0.22864049673080444,0.468377648293972,0.18096616513158947,0.2459562271833419,0.7040090560913086,0.48164626955986023,0.15774786472320557,1004.3,578.0830476670286,408,2032,819.5,394.5,35.764,20.45339834844078,14.38,71.72,29.89,15.02,0.05579791163707133,0.005017733636720722,0.0514169192813116,0.0660129541324244,0.054246231706605946,0.0018991178884688494,0.0660786002874374,0.0008660862127269795,0.0636266991496086,0.0667667388916015,0.06641453132033345,0.00026712566614149613,0.05350813977420325,0.0011707290678203961,0.0519799068570137,0.0554970912635326,0.05380374379456035,0.0009420998394489496
1,lstm,layers_3,mackey_1000,0.001,,16,4,140,64,5585,0.03577463012188668,0.0066127545620890665,0.0305527746677398,0.0535465069115161,0.03461360372602935,0.0035126721486448964,0.04258868955075737,0.007915978915695282,0.0330987051129341,0.0651247054338455,0.04094806686043735,0.0011496245861053501,0.14762583673000332,0.01647498177619252,0.1344249844551086,0.1942755877971649,0.14222998172044748,0.003962583839893341,0.16436202079057688,0.015839470617685963,0.1456529647111892,0.2094769328832626,0.1612172871828079,0.0022855177521705905,0.525611412525177,0.20730586537035187,-0.082575500011444,0.637398898601532,0.5913450419902802,0.039728403091430664,0.60379029661417,0.12121099276743233,0.2498454004526138,0.7214133739471436,0.6349786520004272,0.011395156383514404,911.8,278.19266704929515,405,1495,936.0,183.0,34.5,10.68780426467476,15.11,56.66,36.11,8.024999999999999,0.05611812226205878,0.005489542301796617,0.0513799363284811,0.0682934162517388,0.054836045122808846,0.0025081219209823966,0.06591714695096011,0.0006246050411313864,0.0651656612753868,0.0669998675584793,0.0659444294869899,0.000562824308872209,0.05334117114543911,0.0011568779108987657,0.0518402718007564,0.0551931262016296,0.05323611758649345,0.0009156372398137977
1,lstm,layers_3,mackey_1000,0.001,,32,4,140,64,21409,0.029997649416327432,0.005004653603896037,0.0243374183773994,0.0401500090956687,0.028088268823921653,0.0031547732651234037,0.03511370532214637,0.002499938428423901,0.0329375267028808,0.0402997881174087,0.03359565697610375,0.00049162656068805,0.1354105487465858,0.010419754516000716,0.1203030347824096,0.1527069807052612,0.13220072537660593,0.006830953061580658,0.14823092371225352,0.006154318027655759,0.1417746245861053,0.1604522764682769,0.1474766135215759,0.003946095705032349,0.6522566854953766,0.07575231222065779,0.4862857460975647,0.7324122786521912,0.6816587150096893,0.04693081974983215,0.6965716719627381,0.026398775871551133,0.643790602684021,0.7267361283302307,0.7098115384578705,0.014359891414642334,1031.6,172.84166164440794,693,1305,1115.5,87.0,47.73,7.798269038703397,32.06,59.75,50.495,3.8200000000000003,0.056428627029361765,0.006447447883942382,0.0505118331121694,0.0720077960027588,0.0549341487801737,0.0026352527024250463,0.06564027890563008,0.0010093812549238435,0.064673788845539,0.0682525113224983,0.06542895361781115,0.0005048476159572532,0.05332788005471224,0.0010208030817966546,0.0519882179796695,0.0552458278834819,0.053368669003248145,0.0008030459284782514
1,lstm,layers_3,mackey_1000,0.001,,8,8,140,64,1513,0.026998768001794772,0.0043776822266015005,0.0177481174468994,0.0327930264174938,0.027552877552807248,0.0027022510766983535,0.03158811479806896,0.00463473233174402,0.0216379072517156,0.0370825491845607,0.03339428268373005,0.0017446987330913474,0.13002239018678663,0.010570283381954211,0.1097524091601371,0.1428538262844085,0.13132037222385406,0.007687207311391858,0.14501372501254078,0.012680581346860011,0.1193665638566017,0.159732848405838,0.1503396555781364,0.004654332995414762,0.698443067073822,0.057462644623702895,0.6257063150405884,0.8163880109786987,0.6887486577033997,0.03375440835952759,0.7304514050483704,0.042001414906629994,0.6831918358802795,0.8202421069145203,0.7149507105350494,0.019677311182022095,948.0,389.7766026841529,622,1828,768.5,130.0,33.643,13.947295114107254,21.88,65.43,27.24,4.659999999999998,0.045576177933253297,0.0037219366319462543,0.0410327103454619,0.0557533018290996,0.04461966897360975,0.0008402499370276997,0.04984045475721355,0.0032036677094896978,0.0465585365891456,0.0590339601039886,0.048933370038866955,0.0005346368998288935,0.04444966018199916,0.0035171426511241316,0.0388910472393035,0.0531566962599754,0.0443010944873094,0.0015081837773323024
1,lstm,layers_3,mackey_1000,0.001,,16,8,140,64,5585,0.02023091092705723,0.0016897897718045726,0.0182721503078937,0.0227958969771862,0.01986696291714905,0.0012391153723002,0.02267916370183226,0.0007577842764663059,0.0215028412640094,0.0236897189170122,0.0228479234501719,0.0006275856867432508,0.11319495737552639,0.005112525241577762,0.1065863147377967,0.1214731559157371,0.1136252880096435,0.004808984696865096,0.12210220843553539,0.00211953245950392,0.1192358136177063,0.1261040121316909,0.12166371196508405,0.0014403089880942951,0.7933767735958099,0.025629036000507175,0.7520316243171692,0.8250861167907715,0.8000432848930359,0.016693830490112305,0.811953341960907,0.0072683594729112426,0.8022956252098083,0.8226381540298462,0.8112403154373169,0.007095277309417725,959.9,125.06434343968708,708,1131,978.0,73.0,38.659000000000006,5.104271642457913,28.39,45.84,39.370000000000005,3.1799999999999997,0.04011738114058966,0.0034967786710493787,0.0370505307801067,0.0499642551876604,0.03919829404912885,0.001053174724802347,0.04395255036652085,0.002806149713676153,0.0406046323478221,0.0509108491241931,0.04318643920123575,0.0012755338102579013,0.0395696707069873,0.003481992221939091,0.0366763286292552,0.0496804602444171,0.03861124441027635,0.0005952138453722
1,lstm,layers_3,mackey_1000,0.001,,32,8,140,64,21409,0.018890643678605504,0.0018916234253590594,0.0163265503942966,0.0222242847084999,0.0186081361025571,0.0017138440161943505,0.02165256310254331,0.0006821026187046648,0.0207981280982494,0.0228935852646827,0.021516239270567852,0.0004927907139063003,0.10975572690367694,0.005388265626079617,0.1016121208667755,0.1193165108561515,0.1101600863039493,0.0038430690765381,0.11662498936057089,0.003780872624304727,0.111411452293396,0.1245734393596649,0.1159241162240505,0.0021749213337898463,0.8109082043170929,0.022335904614863605,0.7707090377807617,0.8403114080429077,0.8148109316825867,0.016527235507965088,0.8210774838924408,0.006203046786549504,0.8084522485733032,0.8289889693260193,0.822027713060379,0.004652470350265503,761.8,62.684607360978184,684,896,747.0,31.0,49.263999999999996,4.858621615232041,43.22,60.56,48.125,1.5050000000000026,0.03799942559562617,0.0007909856082981278,0.0367280314676463,0.0392369451001286,0.0379716013558208,0.0006316168000921503,0.04132685959339138,0.0010584808125938354,0.0398444831371307,0.0437145382165908,0.0410938374698162,0.0005476083606482038,0.03655223809182639,0.0013815401087312615,0.0336920022964477,0.0381565690040588,0.03694834932684895,0.0006451420485973497
1,lstm,layers_3,mackey_1000,0.001,,8,16,140,64,1513,0.0259550334885716,0.004248716522522476,0.0189311765134334,0.0321210920810699,0.02525779791176315,0.004064343869686149,0.01844525225460525,0.0017059904061108402,0.0150106642395257,0.0218297932296991,0.01855830475687975,0.0007253326475619992,0.1310905322432518,0.013034769171158353,0.1095053553581237,0.1502324491739273,0.1283380463719368,0.010205220431089401,0.11137892678380006,0.005434078218635214,0.1000986695289611,0.1205871626734733,0.1111099943518638,0.003707997500896454,0.7229519188404083,0.05309436648422892,0.6521183252334595,0.8049136400222778,0.732891321182251,0.05111530423164368,0.8546739816665649,0.016064336640450507,0.8285030722618103,0.8911036849021912,0.8545145392417908,0.009022921323776245,773.2,114.95720943029193,603,980,746.5,62.5,32.334,4.852875848401646,25.05,41.42,31.4,2.919999999999998,0.03797089629806574,0.0013224635418770773,0.0341134436894208,0.0388501631096005,0.0384186283918097,0.00029129162430759775,0.0432194653898477,0.001530686257076346,0.0386620424687862,0.0440471172332763,0.0437022894620895,0.00013268552720549845,0.028384441509842817,0.0013617410496764256,0.0262731406837701,0.0307667069137096,0.0282597625628113,0.0010507041588425498
1,lstm,layers_3,mackey_1000,0.001,,16,16,140,64,5585,0.018866078462451644,0.0059461135922957665,0.00840231962502,0.030065644532442,0.01921478565782305,0.0040316116064786495,0.017192274890840017,0.0014969991436277078,0.0147956786677241,0.0193911269307136,0.017621499486267553,0.0013863677158952002,0.10776931196451182,0.017308346036136783,0.0766145512461662,0.1426820158958435,0.1093678250908851,0.008874900639057194,0.10881029888987537,0.005869418363291806,0.098680667579174,0.115835890173912,0.1119987107813358,0.003143340349197353,0.8084039270877839,0.06781392205513112,0.6728919148445129,0.9196358919143676,0.802970826625824,0.04031437635421753,0.8617919743061065,0.01270678221207343,0.8417668342590332,0.8797008991241455,0.863775372505188,0.011359244585037231,601.0,115.88183636791402,465,830,554.0,53.0,35.38699999999999,6.891725545899226,27.89,49.57,31.985,2.865,0.03623181348666544,0.002482557692130811,0.0311671281233429,0.0385497859679162,0.03741535556036975,0.000998152652755352,0.04076880216598504,0.003899465651764574,0.0328432470560073,0.043897658586502,0.043277343735098756,0.0005180034786462923,0.02949817031621928,0.0019109240985638984,0.0262170433998107,0.033694814890623,0.0294733187183737,0.0008000051602721006
1,lstm,layers_3,mackey_1000,0.001,,32,16,140,64,21409,0.01083507393486793,0.0038461529176418,0.0063037816435098,0.0187035296112298,0.0102482428774237,0.0023248093202710494,0.01605366896837944,0.0018026714802600965,0.0133937578648328,0.0192493479698896,0.015719117131084148,0.0013593090698122996,0.08022160381078716,0.014928006235766225,0.0620843321084976,0.1073428839445114,0.07799351960420606,0.011328835040330894,0.10072634816169734,0.007494892731866863,0.0860087573528289,0.1121799796819686,0.1011254638433456,0.003284793347120299,0.8920236647129058,0.040034206089415145,0.8083170056343079,0.9381152391433716,0.8987672924995422,0.025172024965286255,0.8688784837722778,0.015488278999951508,0.8421575427055359,0.8909216523170471,0.8707934319972992,0.011657357215881348,643.4,165.14006176576294,494,1107,594.5,57.0,62.761,15.796413168817788,46.78,107.59,59.175,2.5600000000000023,0.03300505809020246,0.002383428123466944,0.028932214481756,0.0373160468880087,0.032462247763760346,0.0017085568979382498,0.03506074026226992,0.004406419315198756,0.0292336903512477,0.0427170991897583,0.033345842733979156,0.0034129712730646047,0.0319010123610496,0.0021504688540279204,0.0277795791625976,0.036192450672388,0.032435217872261946,0.0010234313085675014
