Version,Model,Ansatz,Data,Learning Rate,Number Qubits,Hidden Size,Sequence Length,Prediction Step,Batch Size,Num Parameters,MSE Testing Mean,MSE Testing Std,MSE Testing Min,MSE Testing Max,MSE Testing Median,MSE Testing Mad,MSE Validation Mean,MSE Validation Std,MSE Validation Min,MSE Validation Max,MSE Validation Median,MSE Validation Mad,MAE Testing Mean,MAE Testing Std,MAE Testing Min,MAE Testing Max,MAE Testing Median,MAE Testing Mad,MAE Validation Mean,MAE Validation Std,MAE Validation Min,MAE Validation Max,MAE Validation Median,MAE Validation Mad,Correlation Testing Mean,Correlation Testing Std,Correlation Testing Min,Correlation Testing Max,Correlation Testing Median,Correlation Testing Mad,Correlation Validation Mean,Correlation Validation Std,Correlation Validation Min,Correlation Validation Max,Correlation Validation Median,Correlation Validation Mad,Epochs to Convergance Mean,Epochs to Convergance Std,Epochs to Convergance Min,Epochs to Convergance Max,Epochs to Convergance Median,Epochs to Convergance Mad,Total Training Time Mean,Total Training Time Std,Total Training Time Min,Total Training Time Max,Total Training Time Median,Total Training Time Mad,Training Loss after 100 epochs Mean,Training Loss after 100 epochs Std,Training Loss after 100 epochs Min,Training Loss after 100 epochs Max,Training Loss after 100 epochs Median,Training Loss after 100 epochs Mad,Validation Loss after 100 epochs Mean,Validation Loss after 100 epochs Std,Validation Loss after 100 epochs Min,Validation Loss after 100 epochs Max,Validation Loss after 100 epochs Median,Validation Loss after 100 epochs Mad,Testing Loss after 100 epochs Mean,Testing Loss after 100 epochs Std,Testing Loss after 100 epochs Min,Testing Loss after 100 epochs Max,Testing Loss after 100 epochs Median,Testing Loss after 100 epochs Mad
1,mlp,relu_16,henon_1000,0.001,,,4,1,64,178,0.00238754370511737,0.004828684564902487,0.0001135939819505,0.0168144162744283,0.00067474672687235,0.00038289559597615,0.0021736045731813305,0.004344984890577522,0.0001023694785544,0.0151668572798371,0.0006652856827713,0.00034862937172875003,0.02067679818719622,0.015836509229162212,0.0063325585797429,0.0656358003616333,0.015185868833214,0.0048075672239065005,0.019778082938864783,0.014316176692596792,0.0061967731453478,0.0605271160602569,0.0147177772596478,0.0043724398128688,0.9845563530921936,0.03183974273960123,0.8893857598304749,0.9992992877960204,0.9958197474479675,0.0023844242095948376,0.985885739326477,0.028718567990029028,0.8999783396720886,0.9993625283241272,0.9958407282829285,0.0021955370903016247,2239.7,1116.7880774793398,1116,4529,1933.0,506.5,26.401,13.03692789732305,13.78,53.35,22.655,5.844999999999999,0.02670446066185827,0.008936672854788129,0.0106329313479363,0.0409759428352117,0.0284717394970357,0.005240011494606751,0.02549667712301012,0.008280042671913347,0.0106899822130799,0.0382846817374229,0.0272352453321218,0.004719348624348647,0.026779947057366322,0.008147696992293606,0.011446869932115,0.039282314479351,0.02877097669988865,0.003870236687362201
1,mlp,relu_16,henon_1000,0.001,,,8,1,64,306,0.00135361404391,0.0013010886034374909,0.0003055034321732,0.0047343401238322,0.0007926193648017,0.00046455187839454997,0.00128765979898159,0.0012991261501211825,0.0002987757325172,0.004800658673048,0.00074369341018605,0.00042566267075014997,0.01939839934930201,0.008535627720727792,0.0105003230273723,0.0376879423856735,0.01698572607710955,0.006020692177116901,0.01866104369983072,0.008441945047619718,0.0096601117402315,0.0382970608770847,0.0161943854764103,0.005760939326137249,0.9915513813495636,0.00816171912912497,0.9703150987625122,0.9981008768081664,0.995085209608078,0.002876192331313976,0.9919071137905121,0.008191634196030069,0.9697354435920716,0.998127281665802,0.9953430593013763,0.002663552761077881,2015.0,675.843768928885,1117,3266,1925.5,406.5,24.083999999999996,8.309735495188761,13.29,38.5,22.64,5.324999999999999,0.02463216266594822,0.005042061277765959,0.0167831182479858,0.0321850433945655,0.02284278562292455,0.0028324222192168003,0.02353417165577407,0.004887392594930757,0.01609324850142,0.0311680156737566,0.022334343753755002,0.0030393423512577525,0.0246172526851296,0.0045496879564462835,0.018275087699294,0.0318263322114944,0.0231940522789955,0.0030263438820838495
1,mlp,relu_16,henon_1000,0.001,,,16,1,64,562,0.0008004348172107,0.0005785719668335016,0.0002590897493064,0.0021616490557789,0.0005168110510566501,0.00022368028294295005,0.00076654634030995,0.0005403028885965,0.0002547578478697,0.0019810837693512,0.00050877712783395,0.00022605826961804998,0.01590871848165983,0.005495617758689261,0.0090184304863214,0.0263915415853261,0.013925057370215599,0.0040496909059583985,0.01531519116833801,0.0052462798153960835,0.0088768117129802,0.0247983187437057,0.0132453669793903,0.0036274339072405997,0.9950529277324677,0.003601211789874535,0.9865449666976928,0.9984086751937866,0.9968028664588928,0.0014045536518096924,0.9952301859855652,0.003380812171032451,0.9875897765159608,0.998414933681488,0.9968595504760742,0.0013800263404846191,1496.7,352.3742470726259,1026,2097,1402.0,297.5,17.880000000000003,4.319821755582052,12.24,25.32,16.92,3.4499999999999993,0.02433087520301338,0.0036199318971320703,0.019474846124649,0.0309319401159882,0.02373138479888435,0.0028627180494367986,0.02363630216568704,0.0033747659190574773,0.0195765793323516,0.0297761913388967,0.02290997747331855,0.0021979818120598984,0.025285070762038193,0.003274585262279063,0.0207209289073944,0.030823903158307,0.024382729083299602,0.0019121821969747526
1,mlp,relu_16_16,henon_1000,0.001,,,4,1,64,450,0.000952942860021689,0.00256783754542817,3.525624924805015e-05,0.0086551383137702,0.00010932451914405,5.453872108764962e-05,0.0008116639819490754,0.0021420280033337975,3.471697709755972e-05,0.0072357906028628,9.806526213650989e-05,5.226933899393237e-05,0.009685136796906529,0.011629614527819906,0.0037296786904335,0.0443120561540126,0.0065929172560572,0.0016787669155746503,0.00926282363943751,0.010438527246430521,0.003710709279403,0.0402301773428916,0.0063057362567633,0.0017241851892322003,0.9939347922801971,0.016396067574643555,0.944754421710968,0.9997832775115968,0.9993221163749694,0.0003382563591004528,0.9948157429695129,0.013722361508783261,0.9536606073379515,0.9997826218605042,0.9993868172168732,0.00032901763916015625,1466.8,463.6140204954979,749,2393,1351.0,287.0,21.484,6.704555466248302,11.04,35.14,19.98,4.130000000000001,0.014494953885441609,0.010245543431482302,0.0016677250270731,0.0290661256760358,0.013362957839854049,0.009538445703219649,0.01366394452052187,0.009453367600290967,0.0016003105556592,0.0272284895181655,0.013188208453357199,0.009358459035865999,0.015025007608346611,0.010156123920081372,0.0018942521419376,0.0291106011718511,0.0147927110083401,0.01054901559837165
1,mlp,relu_16_16,henon_1000,0.001,,,8,1,64,578,0.00013351135712579958,8.678300684491545e-05,3.239969373680651e-05,0.0003212230221834,0.0001127571013057,5.409531513572214e-05,0.0001259530585229784,8.312573838782127e-05,3.552109774318524e-05,0.0002888785675168,9.973930355041438e-05,4.362669278631137e-05,0.006586789852008159,0.0018929750782234697,0.0037868325598537,0.0099673466756939,0.0064019814599305,0.0015193007420748498,0.0063732259441166604,0.0017578996196186787,0.0039185932837426,0.0093730362132191,0.00608433177694675,0.0012023739982397002,0.9991764426231384,0.000537075008759007,0.9980154633522034,0.9997998476028442,0.9993121027946472,0.00032770633697504215,0.9992189824581146,0.0005146347374301014,0.9982129335403442,0.9997771978378296,0.9993828237056732,0.0002708733081818182,1380.0,259.7506496623252,946,1836,1358.0,213.0,20.365999999999996,3.9748061587956713,13.76,26.86,20.125,3.3550000000000004,0.00758230120060029,0.004500553675379263,0.0025460176751948,0.0158378931693732,0.00614320535678415,0.0034459969203453995,0.00716888459864998,0.004261377683431506,0.0025293561629951,0.0150075582787394,0.005790362367406401,0.003095586085692001,0.0077999169006943096,0.004612223492136979,0.0025938695762306,0.0160663537681102,0.0063056093640625,0.00353573879692705
1,mlp,relu_16_16,henon_1000,0.001,,,16,1,64,834,0.00020032411775896,0.00012667951961521523,0.0001118160362238,0.0005701734917238,0.0001562841716804,2.0277009753049994e-05,0.00018709833893803,0.0001484330136421208,0.0001061768707586,0.0006205621757544,0.0001291438675252,1.7832378944100005e-05,0.00843042274937027,0.00193954294094371,0.0067458772100508,0.0138512384146451,0.0076702702790498005,0.00042357505299154977,0.00796878724358972,0.0022617703229272914,0.0060041495598852,0.0140486285090446,0.0070340791717171496,0.00049817096441985,0.998772782087326,0.0007865943488096682,0.9964768290519714,0.9993140697479248,0.9990480244159698,0.0001168847084044855,0.9988426744937897,0.0009146533957364271,0.9961736798286438,0.9993441104888916,0.9991976320743561,0.00011608004570012875,1182.0,288.38238503764404,798,1744,1157.0,193.5,17.752,4.479707133284497,11.61,25.47,16.875,3.3049999999999997,0.00932049829862077,0.008537199533581027,0.0026139947003684,0.0295834010466933,0.00571126589784395,0.0028666848083958004,0.00917696179822083,0.007868578592540781,0.0030096729751676,0.0276362616568803,0.0057446183636784,0.0026422385126352,0.009883520007133429,0.008383239613861422,0.0028829544316977,0.0290731582790613,0.0062280322890728,0.00308602058794345
1,mlp,relu_16_16_16,henon_1000,0.001,,,4,1,64,722,3.7934228657832136e-05,2.8846264201212487e-05,1.3909003428125288e-05,9.373319335281848e-05,2.2599034309678245e-05,7.655545687157428e-06,3.3469698973931375e-05,2.295811476987946e-05,1.3420896721072497e-05,7.862188067520037e-05,2.296139882673742e-05,6.416011274268385e-06,0.00379029607865954,0.0012067279553244627,0.0024729748256504,0.0060326596722006,0.0033484136220067002,0.00046564079821105023,0.0036383677506818994,0.0010244670138647798,0.0023850346915423,0.0055623953230679,0.00328028376679865,0.0004127785796299501,0.9997689902782441,0.0001759467288007483,0.9994335174560548,0.9999153017997742,0.9998639822006226,4.455447196960449e-05,0.9997945189476013,0.00014115303925928504,0.9995184540748596,0.9999184608459472,0.9998587667942048,3.820657730102539e-05,1283.2,241.8163766166386,993,1863,1240.0,163.5,22.577000000000005,4.495161954813197,17.4,33.42,21.915,3.0700000000000003,0.0010051000380189498,0.000751804687733133,0.0001580727985128,0.0029499386204406,0.0008403705287491499,0.00037328501348384994,0.0009708076366222601,0.0007542143797241076,0.0001427209936082,0.0028942741919308,0.0007688989571760501,0.0003807052562479001,0.00104784921277309,0.0008033137462616071,0.0001588845334481,0.0031237804796546,0.00084572494961315,0.000419121075538
1,mlp,relu_16_16_16,henon_1000,0.001,,,8,1,64,850,7.635583933732911e-05,6.328329260499915e-05,2.276766099384986e-05,0.0002417574432911,5.521821913134772e-05,2.8216290957061574e-05,7.304521186596183e-05,6.08125800584576e-05,2.4231690986198373e-05,0.0002372892486164,4.7113611799431965e-05,2.2265692678047344e-05,0.0053817232372238705,0.0019973906937964486,0.0030313753522932,0.0100558772683143,0.00491693289950485,0.0011866911081597497,0.00523860852699723,0.0018207138472091334,0.0031690741889178,0.0097562940791249,0.0046122376807033495,0.0009638132760301501,0.9995307207107544,0.0003913725096936363,0.9985052943229676,0.9998602271080016,0.9996623992919922,0.00017237663269037418,0.9995445013046265,0.0003812223401559656,0.9985138177871704,0.9998489618301392,0.9997064471244812,0.00013840198516845703,1151.6,180.29708816284304,857,1480,1096.5,128.5,20.354000000000003,3.3961012941312574,15.21,27.3,19.365000000000002,2.3850000000000016,0.00275500551972068,0.0029427697993300583,0.0007026622828561,0.0111721716355532,0.0018466672103386,0.0008381960855331502,0.00262060503591777,0.002656735371154092,0.0007684410084038,0.0102103427052497,0.0018101959722116,0.0008006251591723499,0.00278806071728464,0.002829798851327295,0.0006963438354432,0.0108090508729219,0.00193354324437675,0.0008812122978270501
1,mlp,relu_16_16_16,henon_1000,0.001,,,16,1,64,1106,0.0001260297314729328,0.00013322816003103787,3.349936014274135e-05,0.0004948666319251,6.678508725599386e-05,3.0773317121202126e-05,0.000123951640489388,0.0001582874802353003,3.8619382394244894e-05,0.0005852926406078,6.046051021257881e-05,1.4635683328378946e-05,0.006488945288583579,0.002861751407564575,0.0042380434460937,0.0142741920426487,0.005430688383057649,0.0008886400610208503,0.006356612872332301,0.0029646434379156463,0.0042848661541938,0.0147567214444279,0.005238494602963301,0.0003922323230654001,0.9992299497127533,0.0008235516946432181,0.9969443082809448,0.9997989535331726,0.9995974898338318,0.00018700957298273257,0.9992368400096894,0.0009767081116332551,0.9963921904563904,0.9997663497924804,0.9996274411678314,9.42051410676159e-05,981.3,191.82807406633682,766,1503,907.5,60.5,17.476,3.4333924913997227,13.38,26.72,16.265,1.1899999999999995,0.0022277910861884702,0.0006012146902678086,0.0009168732154648,0.0029341010376811,0.0023727661638985502,0.00033659402397460015,0.0024294661241583,0.0006379419894595324,0.0011651196982711,0.003181971842423,0.0024812575429677,0.00043349480256445,0.00274742480833078,0.0006816993508676102,0.0012691904557868,0.0034346936736255,0.0028613583417609,0.00043994036968794995
1,mlp,relu_32,henon_1000,0.001,,,4,1,64,354,0.0002014957866776764,0.00011559109038370262,4.636557059711777e-05,0.0004649148904718,0.0001923784293467,7.310100045289998e-05,0.00018540609598853894,0.00010643746749778975,4.723136953543872e-05,0.0004119273507967,0.00016930005222084998,8.374383833142327e-05,0.00808581640012557,0.0023413170976607405,0.0044160862453281,0.0128589132800698,0.008183816680684599,0.00155963539145885,0.007759531959891261,0.002254608287914557,0.0043629244901239,0.0119882971048355,0.0077724473085254,0.0016922743525356497,0.9987524688243866,0.0007177471016942529,0.9971080422401428,0.9997134804725648,0.9988060891628265,0.00045365095138560907,0.9988457500934601,0.0006637682904247378,0.9974294900894164,0.9997087717056274,0.9989483058452606,0.0005104243755340021,2025.7,581.1068834560472,1234,3495,1910.5,267.5,23.976,6.769608851329596,14.8,40.81,22.905,3.165000000000001,0.019093959149904503,0.004791362791525116,0.0099105666857212,0.0252255283296108,0.017941999621689297,0.004345355229452249,0.018391582928597883,0.004527366082058878,0.0098923165351152,0.0245161913335323,0.01722952816635365,0.0040718773379922,0.02006354248151178,0.004805448727103463,0.0110237253829836,0.0266772732138633,0.01858527865260835,0.003854601643979551
1,mlp,relu_32,henon_1000,0.001,,,8,1,64,610,0.00020759878461825944,0.00012197781746600858,9.254901669919492e-05,0.0005402580136433,0.0001912582010845,4.44350007456e-05,0.0001991791003092139,0.00010383378705941476,9.9206437880639e-05,0.0004862817586399,0.00018428359180684998,3.3861862902950015e-05,0.008325935713946752,0.0023460849531921433,0.0055656805634498,0.0143381366506218,0.00845927186310285,0.0010652856435626997,0.008025812730193099,0.0020303960388227834,0.0054544666782021,0.0132560087367892,0.00777358142659065,0.0010261256247758995,0.9987287521362305,0.0007375877883479508,0.996724247932434,0.9994289875030518,0.9988276958465576,0.0002752244472504217,0.9987636625766754,0.0006419331975082545,0.9969898462295532,0.9993817210197448,0.9988625645637512,0.00022402405738819464,1829.4,241.65065694096512,1339,2309,1800.5,106.5,22.116,3.8078004149377365,15.8,30.36,21.305,1.2399999999999984,0.018111309772357313,0.006361529856133047,0.0085952304303646,0.0295399934053421,0.0174689006991684,0.0046284488402306995,0.01727143963798875,0.005880177380153845,0.0087123494595289,0.0278124157339334,0.01635904703289265,0.003979650791734448,0.018973864242434472,0.006055816217271943,0.0098396511748433,0.0294158197939395,0.017551515251398052,0.0032041487284004515
1,mlp,relu_32,henon_1000,0.001,,,16,1,64,1122,0.00046077521983528997,0.00030825191720757335,0.0002529631601646,0.0013633425114676,0.00038961124664635,6.068717630115e-05,0.00038816433516325,0.0002733443259092309,0.0001545688865007,0.0011729784309864,0.0003083834308199,7.020861085040001e-05,0.011932174395769789,0.00333169622002295,0.0088019715622067,0.0213185641914606,0.011364974547177501,0.0006481488235294984,0.01129456795752044,0.0033214861874702258,0.0077341292053461,0.0205060746520757,0.010673319920897449,0.0010755411349237,0.9971787691116333,0.0019205380246388236,0.9915512800216676,0.9984456300735474,0.9976280927658081,0.00041678547859197446,0.997593355178833,0.0017095192146819164,0.992685079574585,0.999042510986328,0.9981041550636292,0.00044721364974975586,1542.9,290.09669077740267,1105,2216,1558.5,186.5,18.327,2.9746564507519184,13.24,24.23,18.47,2.169999999999998,0.023776614665985057,0.004943435251695281,0.013784081954509,0.0299714678898453,0.025115225743502348,0.003127196431159952,0.023294567968696323,0.004727975357716036,0.0132768480107188,0.029263311997056,0.02420997899025675,0.0032595274969934983,0.025041088089346842,0.004588436198795505,0.0147271193563938,0.030182659626007,0.02630637213587755,0.002909234724938899
1,mlp,relu_32_32,henon_1000,0.001,,,4,1,64,1410,3.0021361089893618e-05,1.760326061708321e-05,1.5885949324001558e-05,7.854493014747277e-05,2.390796180407051e-05,5.676314685842954e-06,2.918400987255154e-05,1.6534198435011527e-05,1.515436997578945e-05,7.613260095240548e-05,2.4407787350355648e-05,4.891579919785727e-06,0.0034871611511334303,0.0008520976410671398,0.0026413754094392,0.0056341588497161,0.0032971366308629,0.0005151627119630499,0.0034296737285330397,0.0007925818747792183,0.0026439218781888,0.0055231894366443,0.0032688560895621,0.00030296389013524986,0.9998162448406219,0.00010954112184192113,0.9995133876800536,0.9999038577079772,0.9998530745506287,3.55243682860773e-05,0.9998194754123688,0.00010384129913013758,0.9995250105857848,0.9999051690101624,0.9998486638069153,3.3348798751886566e-05,1145.8,276.91002148712494,698,1599,1108.0,186.0,17.202000000000005,4.109510433129475,10.46,24.28,16.68,2.755,0.00169226112979227,0.0012152497938955034,0.0004465520527446,0.0046906985575333,0.00125168363738335,0.0007919311392470501,0.0016270530846668,0.0012779973499966446,0.0004305117181502,0.0049275388009846,0.00121422868687655,0.0007642583659616998,0.00189270988048515,0.001483652369018857,0.000463322707219,0.0055938889272511,0.001259702083189,0.0007741877197986501
1,mlp,relu_32_32,henon_1000,0.001,,,8,1,64,1666,7.703029477851716e-05,7.421208777321594e-05,3.109384488197975e-05,0.0002955931995529,5.5197839174070396e-05,1.3098122508381493e-05,7.389264101220251e-05,7.048649494751622e-05,2.567490446381271e-05,0.0002789683931041,5.194585901335813e-05,1.7290509276790544e-05,0.00511409786995494,0.002116365820586893,0.0033067264594137,0.0111130867153406,0.00445389072410755,0.0006970918038859998,0.004971739859320181,0.0020459431568933266,0.0031854058615863,0.0107498141005635,0.004354144912213,0.0007037584437057005,0.9995258033275605,0.00046187695929669596,0.9981644749641418,0.9998072981834412,0.9996595978736877,8.505582809442691e-05,0.9995403051376343,0.00044248105653097965,0.9982504844665528,0.9998415112495422,0.9996799230575562,0.00010618567466741391,1084.3,179.8505212669677,847,1348,1032.5,140.0,16.662,3.443425039114399,12.64,24.2,15.485,2.17,0.00151569226494753,0.0010208545475768095,0.0005043993354775,0.0041824606247246,0.0011519464518641499,0.0004957229117281,0.0015596280922181402,0.0009484467172525582,0.0005822989041917,0.0038999475073069,0.00109446240821845,0.00039469392504534994,0.00162982278270641,0.000988308351060056,0.0006124390056356,0.0039479327388107,0.00114270014455535,0.0004372665425762501
1,mlp,relu_32_32,henon_1000,0.001,,,16,1,64,2178,0.00010286107244608454,3.333699877879031e-05,5.648778824252077e-05,0.0001576514914631,9.53128510445822e-05,2.0196530385874212e-05,9.401695133418453e-05,2.072644903015978e-05,5.134485400049016e-05,0.0001244703307747,8.975087621365674e-05,1.2111158866899819e-05,0.0062583803664892496,0.000951828298459885,0.0049592945724725,0.0078238099813461,0.005848038941621749,0.00044535147026184994,0.00609518745914097,0.0007165515845351421,0.0046903239563107,0.0071970238350331,0.00585540290921925,0.0003293601330369997,0.9993709564208985,0.0002069350331803725,0.9990294575691224,0.999653458595276,0.9994176924228668,0.0001316368579864502,0.9994198560714722,0.0001285016612742321,0.9992251992225648,0.9996803402900696,0.9994438886642456,6.648898124689273e-05,1047.0,130.28200182680646,885,1369,1049.5,62.0,15.779999999999998,2.0182071251484572,13.24,20.78,15.719999999999999,0.9850000000000003,0.00210330669418904,0.0007162945427568528,0.0011772603727877,0.0031279736198484,0.0019587544549722,0.0005730696284445002,0.0023576113511807597,0.0007021770991155746,0.0014004281256347,0.0035047270357608,0.00234356999862935,0.0006537026492878499,0.00262643072055646,0.0007420316533788367,0.001422916073352,0.0036147451028227,0.0026522779371588997,0.0007084695971571001
1,mlp,relu_32_32_32,henon_1000,0.001,,,4,1,64,2466,1.8661779904505238e-05,8.071800331611779e-06,1.111491565097822e-05,4.10490574722644e-05,1.6323075215041172e-05,3.3247679311898537e-06,1.854796391853597e-05,7.08541832794155e-06,1.0943304914690088e-05,3.6059700505575165e-05,1.6620072528894525e-05,3.5235611903772215e-06,0.00297326168511058,0.00043740955876582526,0.0024966779164969,0.0040342072024941,0.0028785143513232,0.00021417124662549995,0.0030061369063332103,0.0004465022355602603,0.0024682693183422,0.0040069655515253,0.0029132252093404,0.00030180905014279974,0.9998865365982056,5.012987479379394e-05,0.9997468590736388,0.999933123588562,0.9999012351036072,1.9311904907282074e-05,0.9998857080936432,4.4112803239074464e-05,0.9997751712799072,0.9999317526817322,0.99989852309227,2.2709369659423828e-05,753.6,162.6814064360153,482,1029,769.5,122.0,13.563999999999998,2.927754088034034,8.64,18.58,13.96,2.035,0.00018810510166072182,7.41735825055422e-05,6.885194052301813e-05,0.0003019532116013,0.0001776442248228,6.0333952933399995e-05,0.00017524639843027545,6.482764767409259e-05,6.431611836887896e-05,0.0002864131529349,0.0001791878166841,5.222053732720001e-05,0.00019049445836567735,6.542173009203581e-05,7.291962538147345e-05,0.0002932347706519,0.00019116704788750002,4.058646300105001e-05
1,mlp,relu_32_32_32,henon_1000,0.001,,,8,1,64,2722,3.10236531731789e-05,9.519555898359315e-06,1.655046253290493e-05,5.270873589324765e-05,3.0138933652779087e-05,4.5491224227589555e-06,3.353717729623895e-05,1.155240658915634e-05,1.6712472643121146e-05,5.178222636459395e-05,3.290136010036804e-05,1.0801230928336736e-05,0.0037629131693392402,0.0005150118287187169,0.0026311993133276,0.0046239574439823,0.0038462372031062,0.00024192093405870003,0.00384086386766279,0.0006048576342583359,0.0026305720675736,0.004707520827651,0.0038489289581774997,0.0004297746345400999,0.999809455871582,5.9585084089676716e-05,0.9996728897094728,0.9998974800109864,0.9998142123222351,3.191828727722168e-05,0.9997915625572205,7.280351503808396e-05,0.9996765851974488,0.9998961091041564,0.999797135591507,6.729364395141602e-05,736.1,109.73372316658175,520,898,752.0,58.0,13.368,2.0050077306584133,9.41,16.3,13.555,1.545,0.00038458322946093997,0.00016311917361515804,0.0001239820281625,0.0007105977041646,0.00034705091529755,9.47092041315e-05,0.00042800100636665,0.00016763045631705634,0.0001828781096264,0.0007428784156218,0.0003717679646797,7.942110823935e-05,0.00045423308911263,0.0001990860966042283,0.0001968454453162,0.0007980526424944,0.0003594610607251,0.00011341544450260002
1,mlp,relu_32_32_32,henon_1000,0.001,,,16,1,64,3234,8.339480154972325e-05,2.6972673743132267e-05,4.6467157517327e-05,0.0001319748989772,7.728525451966561e-05,1.9199564121663577e-05,8.306573436129177e-05,2.6716494190596983e-05,4.296115730539896e-05,0.0001408784737577,8.230015009758063e-05,1.608282036613673e-05,0.005939331883564549,0.0008099589619173766,0.0046520247124135,0.0072588822804391,0.0057783965021371494,0.0005852715112268998,0.00590284047648307,0.0007624093808493885,0.0044732228852808,0.0071942638605833,0.0058739196974784,0.0006240857765078501,0.9995056748390198,0.0001558066125853312,0.9992572069168092,0.9997137784957886,0.9995359480381012,0.00011393427848815918,0.9994915843009948,0.00016640713077613204,0.999122440814972,0.9997331500053406,0.9995037317276,0.00011157989501942023,799.9,91.57450518566836,637,925,810.0,71.0,14.881000000000004,2.2433878398529314,11.56,19.69,14.32,1.8550000000000004,0.0010535718503524101,0.00026896611328431556,0.0006847466982435,0.0017310052993707,0.00105030592239925,0.00012950661039210003,0.0014006382087245,0.00020401826272785416,0.0010698467958718,0.0016918269684538,0.00138871773378915,0.00015368981985374992,0.0015959893353282898,0.00024127571383252,0.0011328954715281,0.002132476773113,0.0015505353221669,0.00011025287676604998
1,mlp,relu_8,henon_1000,0.001,,,4,1,64,90,0.00963559221709143,0.01294900723689426,0.0004058125778101,0.030821593478322,0.0017122564604505502,0.00118343470967375,0.00890053876210001,0.0120742159814099,0.0003250632435083,0.0287652630358934,0.00148678920231755,0.0010247105383314,0.0445226456969976,0.03833573894916136,0.011803837493062,0.1048497930169105,0.02446193061769005,0.010483926162123701,0.042059599887579624,0.036481887237049114,0.0111778611317276,0.1005143001675605,0.022901090793311547,0.009734380990266796,0.9339217662811279,0.09000269119099077,0.7855584025382996,0.9974756240844728,0.989316463470459,0.0074236989021300714,0.938868498802185,0.08392373936698075,0.7997192144393921,0.997984766960144,0.9906520247459412,0.006477087736129816,1828.5,955.8370415504936,678,3571,1505.5,423.0,23.307,12.930708449269128,7.87,51.5,19.92,5.725,0.03809030573815102,0.00465736232449882,0.0315716220065951,0.0474188849329948,0.0370167631655931,0.003282752819359306,0.03625425975769755,0.004329350427328608,0.0294248666614294,0.0451890341937541,0.03565517999231815,0.0030363351106644024,0.037222560681402644,0.004352199488008211,0.0307406764477491,0.0463646687567234,0.0366059690713882,0.00314502231776715
1,mlp,relu_8,henon_1000,0.001,,,8,1,64,154,0.0062392414271016106,0.007100191533271572,0.0001389052340527,0.0250071920454502,0.00424097303766755,0.00341075140750035,0.0058163701614830105,0.006614148850830718,0.0001222374266944,0.0232426654547452,0.0039732794393785,0.003224395099096,0.03907945412211115,0.025165482561770296,0.0071442942135035,0.0964244827628135,0.0362071935087442,0.01660353038460015,0.03750141095370051,0.023975239045275386,0.006734793074429,0.0901771038770675,0.0346782626584172,0.01673204358667135,0.9593337535858154,0.04804747297595744,0.8304082155227661,0.9991374015808104,0.9733304381370544,0.02180418372154236,0.961978805065155,0.04484422938090861,0.8419520258903503,0.9992342591285706,0.9749803245067596,0.020327210426330566,2815.6,1206.7515237197754,979,4229,2750.0,1263.0,33.801,14.7822301768035,11.32,52.06,36.065,11.614999999999998,0.03334274472668762,0.00294452369966897,0.0280742755159735,0.0372014345601201,0.033492606226354804,0.0025638514198362515,0.03195835258811709,0.0026358446682761246,0.0270788557827472,0.0355660319328308,0.03204437904059885,0.0021983953192830016,0.03303397856652733,0.0026639146607519144,0.0285163447260856,0.0374350100755691,0.033197551965713445,0.0019945763051510013
1,mlp,relu_8,henon_1000,0.001,,,16,1,64,282,0.011176912585506151,0.013639591501768045,0.0007171681500039,0.0355014018714427,0.00216593418736005,0.0014107090828474997,0.01065978571423324,0.013076899666484005,0.0007472734432667,0.0343321412801742,0.00196682219393545,0.0011933970672544,0.053010438010096514,0.0416181491169786,0.0154119785875082,0.1296927481889724,0.02844313997775315,0.012652254663407799,0.05107137272134417,0.040629787976403285,0.0155560243874788,0.128929391503334,0.0263874074444174,0.0108219548128545,0.9233811557292938,0.09575572478688245,0.7489433884620667,0.9956097602844238,0.9865827560424805,0.008772701025009155,0.9267531633377075,0.09194025235648345,0.7565272450447083,0.9953657984733582,0.9877346456050873,0.0074530839920043945,1926.6,1233.548637063006,806,4812,1242.0,401.0,22.688,14.440532400157553,9.31,56.1,14.785,4.99,0.03909471520222718,0.017063040838072332,0.0245328552089631,0.0763115618377923,0.031803773716092054,0.0014891348779201476,0.03821879010647529,0.01696416567427786,0.0250388514250516,0.0749597623944282,0.030923262238502447,0.0014054980129003507,0.03931381795555349,0.01634241321177545,0.0257146172225475,0.074632316827774,0.0326639283448457,0.0016022995114326026
1,mlp,relu_8_8,henon_1000,0.001,,,4,1,64,162,0.0005282498401356365,0.00048644014308406064,8.606757910456508e-05,0.0017937008524313,0.00040963084029495,0.00021534718689505,0.0005041146388975567,0.0004281793426393478,9.404819866176696e-05,0.0016167578287422,0.00041030818829305,0.00021746891434304996,0.01317014880478377,0.0055522349555415735,0.0054569048807024,0.025666506960988,0.012959649320691751,0.0033085364848375017,0.012981326412409492,0.005107829500444121,0.0057949409820139,0.0245851892977952,0.013295073993504,0.003514244686812151,0.9967187941074371,0.0030397232580511835,0.9887900948524476,0.9994683861732484,0.9974625110626221,0.0013324618339538574,0.9968476176261902,0.0026979167584157554,0.989818513393402,0.9994149804115297,0.9974376261234283,0.0013471543788909912,1762.0,810.885688614616,755,3696,1655.5,522.5,26.570999999999998,11.931005364176148,11.66,53.59,24.48,8.435,0.033747351700440006,0.011118086000307635,0.0126598388887941,0.0503764953464269,0.0357649559155106,0.0023578764870763012,0.03209252646192904,0.010834714116408238,0.0120918592438101,0.049472875893116,0.0342404525727033,0.0021969564259052485,0.03320634495466943,0.010682768665365727,0.0133823221549391,0.0497618727385997,0.03534643724560735,0.002371748909354248
1,mlp,relu_8_8,henon_1000,0.001,,,8,1,64,226,0.00089715895956028,0.0007741643140442944,8.589126082370058e-05,0.0022410324309021,0.0004746408085338,0.00035360997935634966,0.0008056471146118885,0.0006821946464235786,6.247190322028473e-05,0.0019854586571455,0.00045402930118135004,0.0003560294680937077,0.01733352211304006,0.009598388488453562,0.0059648524038493,0.0378532521426677,0.01389933424070475,0.00692434678785505,0.01646305117756123,0.009043660077987039,0.0050889626145362,0.0355258807539939,0.0135514545254409,0.0070022020954639,0.994415682554245,0.004847043466227549,0.985989511013031,0.9994661808013916,0.9971002340316772,0.002149760723113958,0.9949402689933777,0.00429531814183516,0.9875226020812988,0.9996098875999452,0.9971712231636047,0.0022155046463012695,1863.4,652.0201223888722,893,2899,1911.0,659.0,27.753000000000004,9.067357994476671,16.76,42.0,28.259999999999998,9.69,0.029248303221538607,0.008654045926052657,0.0186350644566118,0.0500719513744115,0.02985462415963405,0.0057562130503356485,0.028079799935221632,0.009200807090217648,0.017194690182805,0.050993837416172,0.0281409779563546,0.006041733548045148,0.029299928620457605,0.00870964343369919,0.019478989765048,0.0506579577922821,0.02973851375281805,0.005888599902391451
1,mlp,relu_8_8,henon_1000,0.001,,,16,1,64,354,0.00294776778828233,0.007171585519650263,0.0001202609928441,0.0244066324084997,0.00049872483941725,0.0003519751480781,0.00283369222306642,0.006989418191763773,0.0001091616868507,0.0237588323652744,0.000493486149935,0.00033934359089469996,0.021353736799210276,0.024756277440623625,0.006869837641716,0.0931822806596756,0.0139662292785942,0.00600840104743835,0.020378906838595827,0.024532902491407785,0.0063251107931137,0.0920281708240509,0.0132605494000017,0.00582682411186395,0.9804524958133698,0.04830132849363677,0.8358697891235352,0.9992560744285583,0.9969247281551362,0.0021625161170960028,0.9810770571231842,0.04738254176487712,0.8391778469085693,0.9993234276771544,0.9969614744186401,0.002085447311401367,1513.1,555.7183549245067,866,2846,1458.5,326.0,22.106,8.090058343423737,12.86,41.35,21.244999999999997,4.61,0.029834799496456937,0.00971950474999691,0.0183613010682165,0.0487470366060733,0.0305784849449992,0.00989617407321935,0.028729644417762722,0.009467764078148231,0.0172751788049936,0.0471225529909133,0.02955110929906365,0.009814538992941352,0.030015960894525,0.009820453173943701,0.0185712873935699,0.0486176386475563,0.030911752022802802,0.010467368178069652
1,mlp,relu_8_8_8,henon_1000,0.001,,,4,1,64,234,0.00012180984267612487,5.0116693606944374e-05,4.8474739742232487e-05,0.0001851404813351,0.00013229886098995,4.042479849879999e-05,0.00011902303740494858,5.091977719944491e-05,5.179274739930406e-05,0.0001875603193184,0.00012857886031265,4.6111028495909e-05,0.00712328096851701,0.0017387461298485423,0.0049133100546896,0.0108683202415704,0.00719034858047955,0.0009179231710732,0.007139467913657401,0.0017763406267646362,0.004715290851891,0.0109262494370341,0.007277984870597699,0.0010214049834758,0.9992471635341644,0.00030911599559252026,0.9988648295402528,0.9997016787528992,0.999182105064392,0.00025433301925636975,0.9992563009262085,0.0003172434972597077,0.998830258846283,0.9996761083602904,0.9991947412490845,0.00028637051582330875,1216.3,295.05391032826526,917,1940,1132.0,142.5,21.098000000000003,5.068727256422464,15.84,33.67,19.485,2.3549999999999986,0.00912584918260103,0.011160017331563908,0.0010085650777909,0.0315728116780519,0.0029438123456202,0.00178433856344785,0.008708228811155959,0.010552812655386951,0.0009038395946845,0.029398301616311,0.0030176537111401003,0.0019274032674729503,0.00922814818331966,0.011086217158332908,0.0009877973934635,0.0308583434671163,0.0032777355518191498,0.00208229408599435
1,mlp,relu_8_8_8,henon_1000,0.001,,,8,1,64,298,0.0003031740674486882,0.0004202638137735123,5.053615677752532e-05,0.0012090002419427,0.00011481880574135001,3.6093573726218967e-05,0.00031256765250870075,0.0004616323183543006,3.486097921268083e-05,0.0013248770264908,9.889998545983361e-05,3.5538952943124324e-05,0.00933746839873487,0.005940479794234914,0.0043834713287651,0.0219752881675958,0.007004409097135,0.0009200535714626004,0.008925815834663762,0.006085833309779296,0.003746970789507,0.0221789553761482,0.0063920144457369505,0.0009289798326790498,0.9981183290481568,0.002611203402322029,0.9924970865249634,0.99969083070755,0.9992897510528564,0.0002218484878540039,0.9980471014976502,0.0028878119033992986,0.9917287230491638,0.9997859597206116,0.9993860125541686,0.00022357702255260126,1470.3,476.1012602377776,839,2673,1388.0,192.5,25.933,8.477840585903937,14.42,46.59,24.205,4.389999999999999,0.01881210306659337,0.016380125494268476,0.0018540907884016,0.0525462549179792,0.01191258567851035,0.0092449584277347,0.017833632405381588,0.015581500157631873,0.0019144535763189,0.0499782040715217,0.010890228673815651,0.00834875839063895,0.01859604888595635,0.015933990365245225,0.0018475831020623,0.0510363541543483,0.0120217655785381,0.00947775761596855
1,mlp,relu_8_8_8,henon_1000,0.001,,,16,1,64,426,0.008277283873758222,0.02417266457261076,7.325418118853122e-05,0.080793984234333,0.00016386175411745,3.62820792361e-05,0.008206883000093472,0.024020849197482833,6.058667349861935e-05,0.0802682340145111,0.00014202120655675,2.8813814424199992e-05,0.03243229696527118,0.0694496618699788,0.005825210828334,0.240583598613739,0.00840177061036225,0.0012849632184952497,0.032241457933559974,0.07029193367213195,0.0052745305001735,0.2429137825965881,0.00778390839695925,0.0010552043095231,0.8982059010304511,0.3013188651280921,-0.0057467138394713,0.9995561838150024,0.9989989697933197,0.00022336840629577637,0.8995123490225524,0.2977347434232173,0.0063118780963122,0.999626398086548,0.9991202652454376,0.00017264485359180792,1343.5,473.429033752684,459,2411,1349.0,207.5,25.820999999999998,9.331549121126674,8.15,41.78,25.775,6.34,0.02336947663919997,0.024081438108726535,0.0015227879397571,0.0794505290687084,0.012897285469807649,0.0094111392274499,0.0233222152339294,0.024242292751421236,0.0021689485292881,0.0802688002586364,0.012833402724936549,0.0088573533575982,0.02400390964467073,0.023929066752313426,0.0029677206184715,0.0807920396327972,0.0141013227403163,0.0087711575906724
1,mlp,relu_16,henon_1000,0.001,,,4,2,64,178,0.003957162797450971,0.0015852895865215164,0.0020939286332577,0.0067501324228942,0.003577257040888,0.0009831794304773001,0.00364583962364117,0.0015848068820169744,0.0017783327493816,0.0065065743401646,0.0035580391995608503,0.0011170607758686504,0.04165467508137221,0.008565294447348902,0.0319411903619766,0.0581111051142215,0.038603400811552946,0.00532019697129725,0.04073739219456905,0.009156200610687464,0.0307040605694055,0.0573247410356998,0.03824112564325325,0.005971979349851549,0.9751175224781037,0.01015264583415727,0.9572170972824096,0.9870188236236572,0.9775429368019104,0.006303280591964722,0.9769947767257691,0.010142045854964064,0.9586023688316344,0.9889925718307496,0.9776597321033478,0.007035970687866211,4289.4,1168.4920367721809,2553,6311,4237.5,1065.0,49.91799999999999,13.312016977152636,29.81,74.75,50.015,12.245000000000001,0.05621466360986229,0.009895083687002799,0.0335016630589962,0.0723378375172615,0.058689407445490296,0.004304496012628105,0.05433170013129707,0.009042134804562637,0.0340836569666862,0.0698217228055,0.05609097145497795,0.004118941724300353,0.056787036731839144,0.009050805550118111,0.0364188104867935,0.072061575949192,0.058503633365035,0.0042550619691610475
1,mlp,relu_16,henon_1000,0.001,,,8,2,64,306,0.009207191946916252,0.007474944745854427,0.0019702080171555,0.0261238534003496,0.00643830001354215,0.0024516636040062003,0.007716830808203611,0.006194354090088209,0.0016915245214477,0.0221323817968368,0.0054503795690834,0.00203757139388475,0.06158558558672661,0.02303774879510713,0.0306054670363664,0.1104748845100402,0.05436884053051465,0.007833197712898247,0.056892027705907774,0.02015380180663603,0.0291880406439304,0.0984257757663726,0.049975974485278046,0.006623074412345845,0.940086716413498,0.05093264922662414,0.8231298923492432,0.987828493118286,0.9593421220779419,0.01569837331771856,0.9496965110301971,0.04219558057947922,0.8502391576766968,0.9895194172859192,0.9653451442718506,0.013369679450988714,3993.9,1122.8230002988005,1973,6289,4032.0,615.5,47.104,13.217990164922956,23.37,74.41,47.915,6.829999999999998,0.05778161559253926,0.0083362002080762,0.0405074160546064,0.0672631811350584,0.06140970271080725,0.005057712830603096,0.0557998083531856,0.008023947394865042,0.0397294275462627,0.0650537088513374,0.05946706980466835,0.004350546747446102,0.05860678032040591,0.007632131058390817,0.0418384931981563,0.0664588958024978,0.061628021299839,0.003933424130082155
1,mlp,relu_16,henon_1000,0.001,,,16,2,64,562,0.01330361418658862,0.009376414461071902,0.0015736046480014,0.0274300724267959,0.0080529933329671,0.0050079870852641995,0.01113280338468024,0.007971630085612037,0.0014791075373068,0.0238678753376007,0.00717292423360045,0.00460522243520245,0.07418022546917197,0.029051128597581237,0.0295919794589281,0.1201406568288803,0.06183143891394135,0.0218557622283697,0.06811999119818207,0.025605734979890722,0.0290431529283523,0.1068170964717865,0.0580819677561521,0.016955140978097947,0.9123280763626098,0.06429306217662249,0.813454806804657,0.9902264475822448,0.9493750035762788,0.03159132599830611,0.9265775978565216,0.05447822790694986,0.838423490524292,0.990762174129486,0.9544675946235657,0.029403269290924017,2878.1,1773.452759449769,877,7057,2634.5,1026.5,33.911,20.851568022573264,10.4,82.99,30.82,12.814999999999998,0.053965146280825084,0.006111043639682294,0.0467113576829433,0.0641521770507097,0.0535880850628018,0.005614244937896699,0.05318590104579921,0.005491007874209657,0.0464308634400367,0.0625580251216888,0.0521474760025739,0.004480527713894799,0.05737502761185165,0.005388229980360845,0.0508079677820205,0.0656909197568893,0.05643847584724425,0.004435343667864848
1,mlp,relu_16_16,henon_1000,0.001,,,4,2,64,450,0.000564393174136,9.887117177692944e-05,0.0003622474032454,0.0006940054590813,0.0005768948758486,7.573419134135001e-05,0.00052206897235004,8.521205000429301e-05,0.000301034131553,0.0006165012018755,0.0005456192593555,3.951191320085006e-05,0.017345293983817064,0.0021955868204531536,0.0123500349000096,0.0201334860175848,0.01781392935663455,0.001087978482246399,0.01675910819321866,0.0019539198588638187,0.0115168401971459,0.0181268695741891,0.0174842113628983,0.0004274742677807513,0.996510910987854,0.0006097102106440523,0.9956863522529602,0.9977554082870485,0.9964259266853333,0.0004660785198211115,0.9967441856861115,0.0005418782435822314,0.9961361289024352,0.9981432557106018,0.9965878427028656,0.0002474486827850342,2239.2,488.2398590856752,1555,3329,2165.5,181.5,32.905,7.001573037539493,22.36,45.77,31.845,2.2799999999999976,0.03452104220166798,0.010000689325177616,0.0228365531191229,0.0526300154626369,0.03481645165011285,0.009778492152690851,0.03389728143811223,0.009471062336071345,0.0226408783346414,0.05051139742136,0.034041177481412846,0.009336302056908597,0.036173207499086805,0.009591948939819813,0.0249697808176279,0.0531374253332614,0.03632764331996435,0.009185227565467349
1,mlp,relu_16_16,henon_1000,0.001,,,8,2,64,578,0.00057740173651832,0.0002073337832670262,0.0003262945683673,0.0009486738708801,0.00051994755631305,0.00015012285439294998,0.0005461969325551501,0.00021347750179681135,0.0002862657420337,0.0010021305643022,0.00048793570022095,0.00014054690836930002,0.017037138808518593,0.002791239800160928,0.0134125454351305,0.0225849542766809,0.0165177565068006,0.0021508745849132494,0.0167525614611804,0.0029399875343245493,0.0134149082005023,0.021438555791974,0.0161314774304628,0.002568272873759299,0.9964340507984162,0.0012847006388982242,0.9941532015800476,0.9979936480522156,0.9967787265777588,0.0009553134441375732,0.9965904355049133,0.001343039695804865,0.9937081336975098,0.9982104301452636,0.9969691038131714,0.0008655190467835028,2272.0,461.15463783854545,1495,3376,2201.0,190.5,34.638,4.5200902645854315,29.28,44.78,33.325,3.649999999999995,0.04001120137982067,0.011773969763756088,0.0219003698788583,0.0620306175202131,0.0393783604726195,0.009093706589192152,0.03849520832300182,0.011299049724035656,0.0207085870206356,0.0603356398642063,0.0383572075515985,0.007631148211658001,0.04187284465879197,0.01124971224454716,0.0232527237385511,0.0632476061582565,0.04206596314907065,0.0086556207388639
1,mlp,relu_16_16,henon_1000,0.001,,,16,2,64,834,0.00131324893445704,0.0005672025324848406,0.0005481334519572,0.0022324796300381,0.00113578018499535,0.00027925494941885006,0.0011114698660093798,0.0005079968825624836,0.0005091652856208,0.0019386629574,0.0009806727757677,0.00044392087147575,0.024576207064092113,0.005371743594000413,0.0172410793602466,0.0332592278718948,0.02394321281462905,0.004423962906003,0.02300542294979091,0.005128261917441798,0.0164765771478414,0.0310988407582044,0.022954496555030297,0.004554945044219501,0.9918875932693482,0.0035126053219973015,0.9862058758735656,0.9966291189193726,0.9930099844932556,0.0017141401767731823,0.9930832266807557,0.003178135004095073,0.987863063812256,0.9968382716178894,0.9939382672309875,0.002777397632598877,1934.7,300.43636597456043,1501,2508,1895.5,177.5,28.547999999999995,4.430550304420434,22.78,37.44,28.035,2.754999999999999,0.04531097416765985,0.011851144161897118,0.0275124820880591,0.0635767798870801,0.04805227685719725,0.008985757455229754,0.04472905285656447,0.011154112235947675,0.0272216312587261,0.0620632506906986,0.047175027430057456,0.008487334474921247,0.04860355257987973,0.011229567285336195,0.0312938690185546,0.0652678459882736,0.05123053304851055,0.008924741297960299
1,mlp,relu_16_16_16,henon_1000,0.001,,,4,2,64,722,0.00021503285825014685,7.80914443786029e-05,9.437902190256864e-05,0.000360401434591,0.00020413420133985,3.939367888960001e-05,0.00020005994083471002,8.177522321596184e-05,0.0001022677752189,0.0003617652982939,0.0001843557110987,4.946364788339999e-05,0.01068373569287355,0.002132968616941803,0.0070458273403346,0.0144758597016334,0.0108224544674158,0.0011574439704418503,0.010430184053257071,0.0021824075308790845,0.0074019362218678,0.0150985438376665,0.010108766146004151,0.00160310743376615,0.9986694097518921,0.0004875511381979624,0.9977612495422364,0.9994223117828368,0.9987365305423737,0.00024199485778808594,0.9987576901912689,0.0005092127233442319,0.9977702498435974,0.9993828535079956,0.9988516271114349,0.0003038644790649414,1723.2,409.4219828001423,1316,2804,1631.5,187.0,31.236000000000008,7.717175908322939,23.01,47.93,28.45,3.009999999999998,0.02299170344602311,0.010829085415575328,0.0092951965052634,0.0388555239886045,0.01876924056559795,0.008319460763596,0.022625194210559092,0.010416298324668703,0.0091090761125087,0.0378896966576576,0.01890324428677555,0.0085994866676629,0.024178213812410768,0.010992788762710653,0.0093619739636778,0.0400606133043766,0.020954365842044298,0.010142999701201947
1,mlp,relu_16_16_16,henon_1000,0.001,,,8,2,64,850,0.00032232939556700997,0.0001970277556984757,0.0001168614689959,0.0008227712241932,0.00030304589017755,0.0001023396544042,0.00032612808645349006,0.00021923464839537245,0.0001093031969503,0.0008875352796167,0.00025424584600835,0.00012157416495029999,0.012431800458580212,0.003363133277386758,0.0081142829731106,0.0197224747389554,0.012595397885888801,0.0023852889426052492,0.012423848453909111,0.0035042811524035114,0.0079346001148223,0.0200911033898592,0.01228369446471325,0.0028553907759488,0.9980202198028565,0.0012220716444438925,0.9949036836624146,0.999277651309967,0.9981493651866913,0.0006387829780578058,0.997982132434845,0.001370904375623464,0.9944343566894532,0.9993157982826232,0.9984391331672668,0.0007611513137816828,1590.9,441.69388721149403,1059,2689,1556.5,200.5,28.258,7.682542287550392,19.32,47.35,27.935000000000002,3.1050000000000004,0.03196245932020243,0.010648946902930919,0.0173877061344683,0.0505021482706069,0.0291503638029098,0.0076858633197844,0.030580859258770892,0.010334010014521085,0.0159050915390253,0.0497202053666114,0.02796688117086885,0.007266061380505598,0.03348191548138852,0.010820935654056799,0.017792334780097,0.0529046393930912,0.0305489627644419,0.007393897511065001
1,mlp,relu_16_16_16,henon_1000,0.001,,,16,2,64,1106,0.0006031811150023199,0.0002738817779296614,0.0002699028991628,0.0011694632703438,0.0005243367631919,0.00015944041660985,0.00056367607321584,0.0002346933270931583,0.0002811065351124,0.0009990100516006,0.0004913369921268,0.00011629574873949996,0.01688604233786458,0.00378412143205016,0.0115754045546054,0.0238942857831716,0.0162121141329407,0.002933515235781701,0.016752800438553046,0.003479880573378494,0.0120214316993951,0.0231463778764009,0.01623417530208825,0.0021250071004033,0.9962766945362092,0.0016952196212866623,0.992752492427826,0.9983330965042114,0.9967732727527618,0.0009789466857909601,0.9965108633041382,0.001459334646122351,0.9938066005706788,0.9982557892799376,0.9969547390937805,0.0007345676422118586,1490.0,341.62025701061697,1119,2396,1434.5,125.5,26.726,5.845927129207136,19.04,42.19,25.195,1.625,0.036986189261078786,0.013221932879926367,0.0191556831821799,0.059643280878663,0.03331653773784635,0.0137950154021382,0.036314809136092606,0.012782939418311597,0.0189663339406251,0.058670587837696,0.03359880112111565,0.013478906825184801,0.03971345797181125,0.01383926474671132,0.0214347094297409,0.063527375459671,0.03655750863254065,0.0141408899798989
1,mlp,relu_32,henon_1000,0.001,,,4,2,64,354,0.00195673139533024,0.0013240674540394167,0.0006464123725891,0.0043881330639123,0.00130964053096245,0.00047227280447260006,0.0017346090462524,0.0011660625418933382,0.0005935801309533,0.0038729631341993,0.0011629764921963,0.00041004226659425004,0.0281162047758698,0.007529424291072848,0.0178502667695283,0.0424236804246902,0.0255423309281468,0.0052982531487942,0.02704045157879586,0.007177621569859228,0.0172110442072153,0.0401070080697536,0.0243249870836734,0.005059399642050249,0.9877779841423034,0.00835467158624244,0.9724222421646118,0.9959786534309388,0.9918489456176758,0.0029453337192534845,0.989110016822815,0.007384634209006587,0.9754614233970642,0.996273934841156,0.992723673582077,0.0025308430194854736,3968.6,1121.1852835281063,2035,6552,3793.0,469.5,46.428999999999995,13.028389347881804,23.75,76.34,45.035,4.199999999999999,0.04072007158771152,0.004942834573773371,0.0319389134645462,0.0478647265583276,0.04187822137027975,0.003596483170986202,0.04023157544434065,0.004765236296309258,0.032383769750595,0.0467041358351707,0.042162340134382206,0.0034571047872304986,0.04301892891526219,0.004746034453751037,0.0355284959077835,0.0499000586569309,0.0448835864663124,0.003829468041658398
1,mlp,relu_32,henon_1000,0.001,,,8,2,64,610,0.00212244556169022,0.0009740700589083498,0.0009544042986817,0.0043942262418568,0.00201827171258625,0.0006349748582579501,0.00205377051606769,0.0009678570503883961,0.0010291545186191,0.0041091931052505,0.001831425121054,0.0004938935744575999,0.03050679154694076,0.005094413384327535,0.0232047643512487,0.0418218784034252,0.029656483791768502,0.0028288234025239996,0.03050869889557356,0.005280376204180317,0.0242187343537807,0.040997739881277,0.02869763318449255,0.0033520013093948486,0.9868004441261291,0.006133293734230216,0.9724041819572448,0.994102418422699,0.987462967634201,0.003926277160644476,0.9871455192565918,0.00617103800017487,0.973977267742157,0.9936034679412842,0.988615870475769,0.0032520592212677,2841.1,376.2673118940842,2243,3417,2899.5,239.5,33.867999999999995,5.09772851375983,26.74,43.6,33.81,3.370000000000001,0.043484502620995,0.01084561438146503,0.0271442031487822,0.0562099158763885,0.04153678920119995,0.01347163757309315,0.04250713456422084,0.009847238515972643,0.0268188659101724,0.0550879389047622,0.04059955291450015,0.011261638253927248,0.04638989232480521,0.01024730875956946,0.0310340486466884,0.05941142141819,0.0441504418849945,0.012452598661184349
1,mlp,relu_32,henon_1000,0.001,,,16,2,64,1122,0.0073988100979476695,0.001819409214514896,0.0049960184842348,0.0112301288172602,0.00659169815480705,0.0012497026473283998,0.00599512034095818,0.0016269702923058312,0.0037160865031182,0.0093121184036135,0.0055728664156049,0.0008975740056485007,0.056271409243345206,0.006761169742039382,0.0438800156116485,0.0684084892272949,0.0544456951320171,0.004263233393430703,0.05329707972705359,0.00610642150803812,0.0429557785391807,0.0645057037472724,0.0524798464030027,0.003796756267547597,0.9535025894641876,0.011673381964919311,0.928962469100952,0.9686564207077026,0.9586344063282013,0.007943779230117798,0.9621368467807769,0.010540209164626753,0.9407929182052612,0.9766102433204652,0.9648489952087402,0.006179511547088623,2465.0,626.4812846366601,1476,3803,2428.5,195.5,29.208999999999996,7.501644419725586,17.86,45.74,28.405,2.045,0.046936259139329174,0.005189604730433857,0.0372788295149803,0.0567263066768646,0.046163015440106356,0.002000276464968944,0.0469945169985294,0.004758237347501409,0.0386780761182308,0.0557388365268707,0.0463273338973522,0.0007799547165632005,0.051875153183937005,0.005201242798328301,0.0416064709424972,0.0600441731512546,0.05202138237655155,0.001307113096118001
1,mlp,relu_32_32,henon_1000,0.001,,,4,2,64,1410,0.00022858038428234836,0.00013961543612565146,8.920911204768345e-05,0.0005150924553163,0.00015428193728435,5.353528104020827e-05,0.0002119201228196786,0.00011869682664728978,9.434664389118552e-05,0.000455230474472,0.0001469856506446,4.557672582450723e-05,0.010239608632400591,0.0031333760883601436,0.0065139597281813,0.0156434345990419,0.008844430558383451,0.0016704446170479003,0.010111310705542512,0.0029246519576642477,0.0067913495004177,0.0153990546241402,0.00869240611791605,0.0016581430099905001,0.9985915660858155,0.0008676027123890123,0.9967998266220092,0.9994475841522216,0.999043345451355,0.00034421682357782535,0.998683649301529,0.0007434048168163104,0.9971472024917604,0.9994329214096068,0.9990864098072052,0.0002948343753814142,1637.9,337.5856780137451,1249,2278,1506.5,203.5,24.592999999999996,5.150798093499687,18.61,33.77,22.8,3.0700000000000003,0.01775388836860653,0.00499918276585572,0.0091376848518848,0.0255863042548298,0.01541170575655995,0.0032167151570320004,0.017668552510440298,0.004804736334201779,0.0093361875042319,0.0249233487993478,0.01553707197308535,0.0033352887257933504,0.019404181186109724,0.005297102791694789,0.0100643392652273,0.02665919624269,0.0170189877972006,0.003937147092074201
1,mlp,relu_32_32,henon_1000,0.001,,,8,2,64,1666,0.00046786931052334005,0.00020746112289797222,0.0002451078325975,0.0007681271526962,0.0003626674151746,0.0001144213892985,0.0004264714196323901,0.00015696735049586136,0.000202285911655,0.0006753445486538,0.00038818237953815,0.00011868035653605003,0.014779264386743271,0.003053220852413207,0.0109825227409601,0.0192207284271717,0.013679190538823549,0.0024885199964046487,0.014390748646110238,0.002702115094702836,0.010407717898488,0.0186357758939266,0.01393669703975315,0.0021512452512979507,0.9971313297748565,0.001287023659573045,0.9952673316001892,0.9984824657440186,0.997814267873764,0.0006584823131561279,0.997345381975174,0.0009861660448137947,0.9957837462425232,0.9987330436706544,0.9976001381874084,0.000743031501769964,1514.7,258.76941473056667,1033,1895,1495.0,181.5,23.015000000000004,4.1480844976928815,15.51,28.27,23.205,3.26,0.023077289517968842,0.004636394915792867,0.0163959790952503,0.0329538548365235,0.022617129515856448,0.0027054761536419534,0.022734751552343318,0.004424921366461436,0.0165922604501247,0.0319012813270092,0.0220376346260309,0.0029015988111496006,0.02620320264250034,0.004697943879459651,0.0191843044012784,0.0350980758666992,0.0259575210511684,0.0029928144067526002
1,mlp,relu_32_32,henon_1000,0.001,,,16,2,64,2178,0.0017721870739478003,0.0011046039300632317,0.0006470278021879,0.0044848932884633,0.0012917348067275499,0.00036833022022620006,0.00137422007392155,0.0008873089800523931,0.0005186384660191,0.0036359331570565,0.00097351457225155,0.00012548131053334994,0.025437921658158252,0.006349876131456557,0.0174040719866752,0.0394291579723358,0.0235662935301661,0.0033292518928647007,0.02289181929081675,0.005643492929600559,0.0152427926659584,0.0361491814255714,0.02178373280912635,0.00231098011136055,0.9891164839267731,0.006887731428859525,0.9721828103065492,0.9961334466934204,0.992212563753128,0.002310782670974676,0.9914740562438965,0.005503475973206992,0.9775272607803344,0.9968001246452332,0.9939504265785217,0.0008021593093871515,1849.8,520.13148337704,1208,2922,1642.0,151.5,29.689000000000004,9.733735613832954,18.57,49.23,25.325000000000003,5.135000000000003,0.03028092825785274,0.007137958864228543,0.0198100829496979,0.0415582906454801,0.0286316786892712,0.005397376278415349,0.0316066980361938,0.006618078524166091,0.0212528463453054,0.0419944338500499,0.030420584604144048,0.004433385096490397,0.03574880491942162,0.007698663083352945,0.0243024751543998,0.0470969974994659,0.0338767990469932,0.004774362780153751
1,mlp,relu_32_32_32,henon_1000,0.001,,,4,2,64,2466,0.00014986918467909595,9.512816749413373e-05,5.8831537899095565e-05,0.0003495791461318,0.00010422326886326715,4.1939969378278474e-05,0.00014956403647371061,7.982970050247433e-05,5.718917600461282e-05,0.0002911280607804,0.00011897481454065,5.402113310992634e-05,0.00829204511828714,0.0022153715451596286,0.0058402339927852,0.0117425499483942,0.00748471915721885,0.0015407006721943,0.008408404234796728,0.0020637318920455994,0.0059271929785609,0.0111341932788491,0.00780048710294065,0.0017346185632049998,0.9990890800952912,0.0005737165069463404,0.9979401230812072,0.9996360540390016,0.9993713200092316,0.0002613663673401434,0.9990750133991242,0.0004978855348393464,0.9982077479362488,0.9996631741523744,0.9992620646953583,0.0003311634063720148,963.9,178.72797766438248,680,1276,967.5,143.5,17.929,3.746463532452972,12.25,23.97,18.385,3.24,0.00778419799869875,0.0028775558305180536,0.0040206886827945,0.0124445258639752,0.008129146974533749,0.0027286269469186508,0.007956862170249159,0.002902950269181883,0.0040539260953664,0.0126661211252212,0.0082144290208816,0.002766387071460449,0.00861316812224682,0.003178972929443075,0.0041400506161153,0.0137997567653656,0.0088376495987176,0.002905614906922
1,mlp,relu_32_32_32,henon_1000,0.001,,,8,2,64,2722,0.00020403531379993168,7.96094501057134e-05,8.696615986991674e-05,0.000346403743606,0.00018051116785495,3.8793550629649996e-05,0.00018811364570859999,5.251240632166835e-05,0.0001229062327183,0.0003129585529677,0.0001815430805436,3.0533192330000003e-05,0.00989218619652087,0.0017103850727186924,0.0070737204514443,0.0126777859404683,0.00935648847371335,0.0009784409776330003,0.0095937772188335,0.001416904086836727,0.0076005063019692,0.0122792525216937,0.00963878072798245,0.0010545686818659505,0.9987652420997619,0.00047420063823678973,0.997883915901184,0.9994756579399108,0.9988908469676971,0.00024062395095825195,0.9988478422164917,0.0003208489881190695,0.9980939626693726,0.9992574453353882,0.9988861978054047,0.00019419193267827817,1043.6,120.43438047335154,806,1161,1081.5,70.0,18.907,2.1091232775729356,14.77,21.46,19.305,1.325000000000001,0.00878572671092111,0.003626280769886548,0.0021950375172309,0.0128376930020749,0.0102407253812998,0.0022321628406644003,0.008913329732604282,0.0036021805373338493,0.0021606769878417,0.0129133025184273,0.010337224695831499,0.0025463397614657515,0.01000177015084768,0.004155042364484401,0.0027331134770065,0.014856494963169,0.01149498624727125,0.0032898699864744993
1,mlp,relu_32_32_32,henon_1000,0.001,,,16,2,64,3234,0.00077356578258328,0.0003151555039786,0.0003255873452872,0.001253995927982,0.0007377580623142001,0.00028696279332510004,0.00073968205251726,0.00031319704630072614,0.0002924416621681,0.0012185744708403,0.00078858606866555,0.0002978003176395,0.017893922049552157,0.0032586556798114,0.0122747663408517,0.0230595208704471,0.0178713174536824,0.0023434585891664,0.017538400925695852,0.0032730529226738386,0.0122623909264802,0.0228175427764654,0.01818976830691095,0.0020366683602333,0.9952659606933594,0.001962204353644924,0.9922472238540648,0.9980186223983764,0.9954830408096313,0.0018194913864136852,0.9954052925109863,0.0019594223541207897,0.9923941493034364,0.9981916546821594,0.995096653699875,0.001875013113021906,1177.5,208.73200521242543,924,1637,1154.0,164.0,22.066,4.009589006369605,16.78,29.99,22.41,2.795,0.01653014244511718,0.004937248109250706,0.0091912177857011,0.0277340097352862,0.016725420625880297,0.0029519894160330495,0.01861952543258662,0.00541322348113076,0.0108923586085438,0.0306939985603094,0.0188067033886909,0.00360830361023545,0.021094110421836332,0.0060206334459100876,0.0128439934924244,0.0348279662430286,0.02018263097852465,0.002311674878001201
1,mlp,relu_8,henon_1000,0.001,,,4,2,64,90,0.02041105898097153,0.007117373341958985,0.0103024309501051,0.029931778088212,0.02116119954735035,0.006180963478982449,0.01847407966852185,0.006315508075256485,0.00931909494102,0.0259274709969759,0.02013616543263195,0.004599385894834952,0.10169532075524326,0.017606342418577756,0.0746500119566917,0.1253299266099929,0.105533517897129,0.017217256128788,0.09575056061148639,0.01590234342489242,0.0713838040828704,0.1160039156675338,0.09885867312550539,0.015949640423059443,0.8626583039760589,0.051004250284139366,0.7929751873016357,0.933859407901764,0.8583968281745911,0.045581549406051636,0.8757053792476654,0.04496606821852939,0.821919858455658,0.9400288462638856,0.8645803332328796,0.03377988934516907,5820.1,2620.3723571278947,1476,10866,5813.0,1313.5,67.983,30.471877214900957,17.1,128.18,68.14,16.535000000000004,0.06715396810322995,0.007368296280727662,0.0535228513181209,0.0786127123981714,0.0682289166375994,0.005921072885394098,0.06401034705340855,0.006696978114635877,0.0518289059400558,0.0738753750920295,0.0644594337791204,0.005317326635122299,0.06645701043307779,0.006532657324264405,0.0546876341104507,0.0764661356806755,0.06672503799200055,0.005363540723919851
1,mlp,relu_8,henon_1000,0.001,,,8,2,64,154,0.022962583927437608,0.015968161063803853,0.0023306184448301,0.0582479126751422,0.02348614297807215,0.01374948117882015,0.020977846358437042,0.015172463170323813,0.0019187546567991,0.0553380213677883,0.02072403952479355,0.012006598059087999,0.10533533692359923,0.04506189689087579,0.0342106744647026,0.1996498256921768,0.10742677003145215,0.034595035016536706,0.09967608600854869,0.04411109844701621,0.0316350385546684,0.1956889629364013,0.09935600683093065,0.03046339377760885,0.8366382718086243,0.1280810360474584,0.5312290191650391,0.9857171177864076,0.8419998288154602,0.09614807367324824,0.8502159178256988,0.12187482139138807,0.554402768611908,0.9881710410118104,0.8601882457733154,0.08416834473609924,3085.0,1632.522036604713,1381,5815,2728.5,1235.5,36.116,19.092093756317038,16.11,67.94,32.375,15.055,0.06736704453825948,0.002492311309023736,0.062254836037755,0.0720806710422039,0.0676230942830443,0.001364738866686796,0.06548070050776003,0.002759481081718302,0.0604661144316196,0.0711559131741523,0.0652792900800705,0.0016567111015319963,0.06744412109255789,0.0025933733511644794,0.063484787940979,0.0735708549618721,0.06703408062458036,0.0013385526835918496
1,mlp,relu_8,henon_1000,0.001,,,16,2,64,282,0.016989816701970962,0.010108132718563477,0.0034049458336085,0.0312945991754531,0.0172331887297332,0.009554601740092048,0.01488040378317233,0.008911262348733393,0.0029267212375998,0.026957917958498,0.01550238300114865,0.008358643855899552,0.08993401825428006,0.0316991840844398,0.0432351343333721,0.1320187747478485,0.09359020367264745,0.026552014052867855,0.08266167119145389,0.028238993528466365,0.0398329608142375,0.1212838888168335,0.08536205813288684,0.024764068424701705,0.8860290825366974,0.07057600451846349,0.783296525478363,0.9787437915802002,0.8857330977916718,0.06768819689750671,0.9006350219249726,0.061703941758098034,0.8152173757553101,0.9817427396774292,0.8971692323684692,0.05874177813529968,2769.8,1535.3703657424157,1084,5667,2301.0,966.0,32.719,18.05811421494504,13.04,66.47,27.295,11.665000000000003,0.05497291892766949,0.007579879624984917,0.0409564353525638,0.0633108966052532,0.05610772669315335,0.006801289506256601,0.053671263530850374,0.007073100056506417,0.0397365465760231,0.062725581228733,0.0538181625306606,0.0059681497514248,0.056843457743525436,0.007317230536305433,0.0419572368264198,0.0660466104745864,0.05750930495560165,0.005784107372164754
1,mlp,relu_8_8,henon_1000,0.001,,,4,2,64,162,0.0032322210958226905,0.002735239570003961,0.0007606460130773,0.0083503443747758,0.00189730484271415,0.0009825426095631,0.00306036937399762,0.0026597013682241755,0.0008179806172847,0.0086536305025219,0.0016957019688561,0.0008538275433238499,0.037200349941849654,0.01574731682717603,0.0206526964902877,0.0674669817090034,0.032973857596516554,0.006381141021847749,0.03664057999849316,0.01563271694186989,0.0218504015356302,0.0689018294215202,0.031034800224006148,0.006987036205828152,0.9796253740787506,0.017481027864489525,0.9468126893043518,0.9952909350395204,0.9881773591041565,0.006209611892700195,0.9805294930934906,0.017161497310656814,0.9442763328552246,0.9948770999908448,0.9893425107002258,0.005409836769104004,2728.6,1126.1270088227172,1421,4500,2501.0,837.0,39.799,15.752768931206985,20.61,64.43,37.71,13.09,0.059411994107067545,0.01249606971212955,0.0345959652215242,0.086262872070074,0.05861112661659715,0.004920381307601949,0.05727242454886432,0.012369356827011867,0.0334181301295757,0.0843263864517211,0.056517014279961544,0.004525342956185351,0.05920714959502214,0.012142086114314788,0.0351022444665432,0.0853311046957969,0.058699594810605,0.004377525299787549
1,mlp,relu_8_8,henon_1000,0.001,,,8,2,64,226,0.00606153506378172,0.00467408816946924,0.0004777608846779,0.0139738665893673,0.00705158105120055,0.0050861256895587004,0.00549219520180481,0.004300815092566336,0.000593957141973,0.0128758279606699,0.00568218482658265,0.0045501382555813,0.04940205253660676,0.023693409249988077,0.0164386220276355,0.08283681422472,0.05718541145324705,0.022915545850992203,0.04760820902884001,0.022475107552598045,0.0182628631591796,0.0809908285737037,0.05162422172725195,0.0243152137845755,0.9613030135631562,0.030171206269077145,0.9093586802482604,0.9970577955245972,0.9553870558738708,0.0327531099319458,0.964652156829834,0.028024778032050134,0.9158552885055542,0.9963104724884032,0.9639261662960052,0.029526054859161432,3223.9,872.0350279661936,1816,4584,3375.5,608.0,48.853,14.438296333016579,26.25,70.29,49.475,9.805,0.06446532180532809,0.009718057821654302,0.0378675503656268,0.0742065947502851,0.06653455439954989,0.003689225204288951,0.06255382932722564,0.00960585729223473,0.0366367772221565,0.0734049752354621,0.0646390132606029,0.0027674473822117025,0.06501780487596986,0.009179523692361198,0.0396822616457939,0.074685238301754,0.06718283146619795,0.0018320828676223547
1,mlp,relu_8_8,henon_1000,0.001,,,16,2,64,354,0.00791138632921499,0.008147484665286392,0.0014226683415472,0.0249313563108444,0.0039612058317288,0.00222831958672025,0.00701561901951203,0.007160944640454514,0.0014532862696796,0.0217676106840372,0.0033571461681276005,0.0018740569939837003,0.05598742384463544,0.03046519049745758,0.0279798172414302,0.1147225946187973,0.041141120716929394,0.012587941251695194,0.05345809161663051,0.028498981647430137,0.0280410833656787,0.1076865792274475,0.0394932590425014,0.0112787177786231,0.9482990324497222,0.054934184747836894,0.8317012190818787,0.9913025498390198,0.9751906394958496,0.01406639814376831,0.9541347205638886,0.048084998805886,0.8537145256996155,0.9909223914146424,0.9789080619812012,0.011853456497192438,2352.0,673.3021609946013,1236,3438,2264.5,648.5,34.842,9.485213545303026,19.8,50.07,33.83,8.790000000000003,0.06162080485373731,0.009342743868280136,0.0472664657980203,0.0743293918669223,0.06171969883143895,0.007609881274402146,0.06051062010228629,0.010246631192668344,0.0456831194460392,0.0763124153017997,0.0603710170835256,0.008313080295920396,0.06354224234819408,0.009477636601605484,0.0489975698292255,0.0778532773256301,0.06415818259119985,0.007975952699780454
1,mlp,relu_8_8_8,henon_1000,0.001,,,4,2,64,234,0.00079037298273757,0.0005963330227766926,0.0003169138799421,0.0021867388859391,0.0005490512994583,0.00016453738498965002,0.00074689865286924,0.0005226567212200655,0.0003661221708171,0.0018693946767598,0.0004912215954391,0.00011635859846140001,0.019009669870138118,0.00573402611061076,0.0133302519097924,0.0305647775530815,0.0174226583912968,0.0027190004475415004,0.018688483815640162,0.0053409420430131265,0.0140621233731508,0.0297751016914844,0.01684693619608875,0.002652448136359499,0.9950721442699433,0.0037348309913638176,0.9863154888153076,0.998031198978424,0.996585488319397,0.0010243058204651434,0.9953245341777801,0.0032901834803408265,0.9882499575614928,0.9977219700813292,0.996920257806778,0.0007219612598419745,2281.6,264.3657315160193,1831,2752,2279.5,229.5,40.966,5.765820323249763,31.86,48.7,40.44,5.424999999999997,0.046557869371026704,0.014400273877586769,0.0271661253646016,0.0706047430634498,0.04734740592539305,0.012319082207977804,0.04508702065795654,0.01368121578774952,0.0267957970499992,0.0682819709181785,0.045456228777766144,0.012358577921986608,0.04700699467211957,0.013704549260097254,0.028561133891344,0.0698928534984588,0.04752246662974355,0.01223826594650745
1,mlp,relu_8_8_8,henon_1000,0.001,,,8,2,64,298,0.0015559517196379001,0.0013353943967349161,0.0006192944128997,0.0050403615459799,0.00081369609688405,0.00018483155872674997,0.00144759068498383,0.0012442209685105089,0.0005518273101188,0.0047540813684463,0.0008065835863817,0.00023325963411479999,0.027705430984497022,0.009923515850394003,0.018946748226881,0.0490505248308181,0.022430263459682402,0.003378555178642252,0.02703782785683866,0.009681640730436208,0.0186903215944767,0.0485074110329151,0.022090053185820552,0.0033802920952439516,0.9903021991252899,0.008407368947970877,0.9682996273040771,0.9961876273155212,0.9949598014354706,0.0011581182479858398,0.9909063279628754,0.00793050586697353,0.9697937965393066,0.9965953230857848,0.9949889481067657,0.001480698585510254,2308.7,1219.8992622343865,994,5514,1885.5,429.0,41.257999999999996,20.672312787881282,17.53,94.71,36.175,10.194999999999999,0.062300220634788225,0.014102896692380903,0.028312156535685,0.0760872527956962,0.06594100054353469,0.009284621663391612,0.060756877809762896,0.014193143497046973,0.0268257185816764,0.076352022588253,0.0630458481609821,0.01006066426634785,0.06270458512008185,0.013684539948310951,0.0288519710302352,0.0761471539735794,0.06614466756582255,0.008976720273494755
1,mlp,relu_8_8_8,henon_1000,0.001,,,16,2,64,426,0.0017522115551400301,0.0011445414180005944,0.000462046242319,0.0043803285807371,0.0014453875483013,0.0007985015399754,0.00155291981063776,0.0010151148033996408,0.0003742550034075,0.0038747072685509,0.0014879572554491,0.0007469862757716499,0.028899467084556762,0.009391788847840653,0.0155140133574604,0.04687125608325,0.0287032760679721,0.008658776059746699,0.02731531215831633,0.009471845154884993,0.014009621925652,0.0449849478900432,0.027904041111469248,0.008229997009038904,0.9890945196151734,0.007180756860874627,0.9725459814071656,0.9971511363983154,0.9910245835781097,0.004984170198440496,0.9902847051620484,0.0064070740987941435,0.9756035804748536,0.9976861476898192,0.9907124936580658,0.0046961903572081964,1869.1,828.4499321021156,1013,4058,1667.5,293.0,34.859,14.553010307149513,18.0,71.77,32.989999999999995,7.769999999999994,0.055450040865689464,0.013215454111218225,0.0288349276408553,0.0746452704071998,0.0564286813139915,0.009151956066489247,0.05403178259730333,0.012630370631833048,0.0288923792541027,0.0733005702495575,0.054971488192677456,0.007985809817910201,0.05697846524417397,0.012089155983530912,0.0318125076591968,0.0746351704001426,0.0576526504009962,0.007836792618036298
1,mlp,relu_16,henon_1000,0.001,,,4,4,64,178,0.044444885477423625,0.008772382356369133,0.029311329126358,0.0548898987472057,0.04854056239128105,0.005067702382802949,0.04036911632865662,0.007909275420069455,0.0260924194008111,0.04932352155447,0.04383628815412515,0.0043605025857687,0.16905830949544903,0.020544415090183444,0.134353756904602,0.1925102472305297,0.1795054748654365,0.010735549032688155,0.1615598708391189,0.018944853848954262,0.1286606639623642,0.1824881583452224,0.16887333989143366,0.011037535965442685,0.66523477435112,0.07914562325221912,0.5670782923698425,0.797304093837738,0.6301334500312805,0.04964202642440796,0.7003855407238007,0.06946297606264405,0.6181432008743286,0.8224052786827087,0.6719247698783875,0.041654616594314575,4866.5,1052.6316782236795,3501,6992,4734.5,827.0,56.111000000000004,12.135569578721883,40.66,81.65,55.325,9.594999999999999,0.07044890150427814,0.0033044491764402596,0.0648202665150165,0.0755468197166919,0.06995392907410855,0.002319909073412403,0.07051728963851925,0.0027297780422938065,0.0668661594390869,0.0752921998500824,0.06993657723069185,0.0015782527625560552,0.07399842366576191,0.0027443754217735756,0.0707273110747337,0.078674703836441,0.07342648133635515,0.0018453523516654552
1,mlp,relu_16,henon_1000,0.001,,,8,4,64,306,0.056336895376443805,0.004441692180898426,0.0502950772643089,0.0647491812705993,0.055760992690920747,0.0037271268665789933,0.04954710528254503,0.0044327149889359764,0.045558638870716,0.0602419935166835,0.04793017916381355,0.002336297184228949,0.19383358508348464,0.008470483382570242,0.1808536052703857,0.2080741822719574,0.19318524003028864,0.0075373575091362,0.18129686713218685,0.009634112466890154,0.1722594946622848,0.2035041600465774,0.1767933666706085,0.0043280348181724965,0.5511256366968155,0.04994256325826714,0.4503420889377594,0.6150364279747009,0.560420423746109,0.0385587215423584,0.6148354202508927,0.047805216592602576,0.4961734116077423,0.656800389289856,0.632596343755722,0.023225635290145874,3034.2,968.5346457406674,1457,4685,2943.0,709.5,36.129000000000005,11.446807808293105,17.44,54.45,35.480000000000004,9.72,0.06999868247658007,0.0016380715917999886,0.06770461499691,0.0726634047925472,0.06954475492238996,0.0011449135839938993,0.07003257200121875,0.0012885326400232087,0.0674513578414917,0.0719717144966125,0.07025848701596255,0.0008346326649188995,0.07314866632223123,0.0008775199871354492,0.0715446099638938,0.0746145471930503,0.0730480998754501,0.0006713718175887992
1,mlp,relu_16,henon_1000,0.001,,,16,4,64,562,0.06894321143627165,0.0024289170236548373,0.0650921761989593,0.0726308599114418,0.0690727829933166,0.0016576126217841963,0.06230961866676803,0.00269915223644823,0.0574968606233596,0.0669135153293609,0.06218612566590305,0.0017447713762522021,0.21506929546594616,0.004278812213490718,0.2076644450426101,0.2201800197362899,0.217065155506134,0.0025065690279006403,0.20555888116359705,0.005959186024899264,0.1962033808231353,0.2155447453260421,0.20583160966634745,0.004593499004840851,0.3940734714269638,0.029671862757617646,0.3615619242191314,0.444781631231308,0.38421157002449036,0.018258720636367853,0.47023954093456266,0.037385157407081586,0.4032531380653381,0.5306006669998169,0.4719346612691879,0.027571573853492737,812.7,196.64335737573236,488,1118,735.5,115.5,9.774,2.3283565019128836,5.79,13.1,9.395,1.7549999999999994,0.06843799181282516,0.0020679377377966035,0.063374875113368,0.0713496431708335,0.06913053710013625,0.0010739505290984983,0.06791155561804768,0.0008771094621910752,0.0665096491575241,0.0694387480616569,0.0676711499691009,0.0005233995616436005,0.07069227099418636,0.00087954575926602,0.0691797062754631,0.072042092680931,0.07077997922897336,0.0007503740489482533
1,mlp,relu_16_16,henon_1000,0.001,,,4,4,64,450,0.024366447888314692,0.00850670909620741,0.0065541164949536,0.037544060498476,0.0262700086459517,0.0053043663501739485,0.02154656196944412,0.007055068585320375,0.0073133069090545,0.0321880243718624,0.0237721055746078,0.004382471553981299,0.1130723632872104,0.02458596156847253,0.0584264993667602,0.1504868865013122,0.11963158845901485,0.011818412691354745,0.10780194178223605,0.02183673972770829,0.0625613629817962,0.1405801028013229,0.1154542006552219,0.0114162378013134,0.8330247581005097,0.06227763033211858,0.7310872077941895,0.9584365487098694,0.8209318816661835,0.03897908329963684,0.8531924724578858,0.0509236198799292,0.7734106183052063,0.9530763626098632,0.8381486535072327,0.0330447256565094,3448.4,709.2053581297874,2434,4581,3295.0,705.5,51.673,13.8655775573901,35.2,85.39,48.375,9.315000000000001,0.06612819045782084,0.004042360354097532,0.0582130428403615,0.0713583569973707,0.0668604930862784,0.0026942245662212594,0.06610556021332734,0.003345774155806262,0.0591486729681491,0.0700618773698806,0.0669079013168811,0.0020170062780380527,0.06942746862769122,0.0034045124452570957,0.0619317814707756,0.0729819536209106,0.07039048895239824,0.00189999490976335
1,mlp,relu_16_16,henon_1000,0.001,,,8,4,64,578,0.03131359517574305,0.012161206758747036,0.0113111846148967,0.0507244057953357,0.03184541128575795,0.0108420690521598,0.026895699370652382,0.010453646874797246,0.01156647503376,0.0452822186052799,0.0258727613836526,0.009340900927782102,0.1330192036926746,0.031569687976311475,0.0804492831230163,0.1829510927200317,0.1328679174184799,0.0271670445799828,0.12215601652860637,0.02780237216477729,0.0806691199541091,0.1713022887706756,0.12192692235112185,0.02375845983624454,0.7786788046360016,0.09577437164572049,0.6143515706062317,0.927656590938568,0.7808249592781067,0.08680695295333862,0.8106078863143921,0.0819750157945778,0.6580453515052795,0.9248154163360596,0.8231637179851532,0.07197573781013489,3743.9,1206.0068366307048,1253,5440,3852.5,799.5,54.291,17.51557789511953,18.34,77.89,56.41,12.675,0.06577100981026884,0.0028984181507276914,0.0610746938735246,0.0716960005462169,0.06545645222067825,0.001025584712624504,0.06567355319857593,0.0028009896286318482,0.0600214377045631,0.0699198246002197,0.06563946604728695,0.0015957392752170493,0.06904342770576474,0.002109358479863141,0.0658003389835357,0.0730240866541862,0.06865178793668744,0.0012162327766418457
1,mlp,relu_16_16,henon_1000,0.001,,,16,4,64,834,0.06611275300383564,0.004815032902364635,0.0544392466545105,0.0736109688878059,0.06747032701969141,0.0023229010403156003,0.05706714838743204,0.005210430345719058,0.0443553626537323,0.0645821318030357,0.058401163667440345,0.00309026800096035,0.20757522135972972,0.009314690851701245,0.1839892566204071,0.2148820161819458,0.2117998749017715,0.0019276440143585066,0.19445308446884152,0.010317893486557738,0.1693636775016784,0.2087695449590683,0.1949742585420608,0.004560261964797946,0.46170263886451723,0.05111071507351394,0.4130243062973022,0.590398907661438,0.4417944401502609,0.01274144649505618,0.5401455610990524,0.05794495105510611,0.4432723522186279,0.671394944190979,0.5402935743331909,0.02659335732460022,823.8,211.74456309430946,559,1219,770.0,210.5,12.657999999999998,3.8945803368270626,8.2,20.0,11.385000000000002,3.1450000000000022,0.06730105910450215,0.0017524870876422876,0.0650314532220363,0.0710068427026271,0.0671760845929384,0.0014773899689316458,0.06713038757443426,0.0009898229996880364,0.0649127587676048,0.0684979632496833,0.067100390791893,0.0005341731011866899,0.06992557421326635,0.0008967838516651509,0.0681061968207359,0.0711000561714172,0.07001294568181035,0.000686079263687106
1,mlp,relu_16_16_16,henon_1000,0.001,,,4,4,64,722,0.00961480562109494,0.0071042061761143,0.0033929527271538,0.0255564656108617,0.0066681585740297495,0.0018375804647802994,0.00913246755953873,0.006458359056506921,0.0031787657644599,0.0238366927951574,0.00645044189877805,0.0021217830944806,0.06775033399462696,0.02464795319417984,0.0429961085319519,0.1199689283967018,0.05997796356678005,0.0098128132522106,0.06709398515522476,0.02372770138571865,0.042285144329071,0.1167784109711647,0.0596473570913076,0.009971486404538148,0.9372815072536469,0.04884384329549529,0.8260725736618042,0.9787008166313172,0.9577374160289764,0.011876255273818914,0.9401157796382904,0.044563791912541256,0.8373872637748718,0.9799111485481262,0.9588048458099365,0.013792216777801625,3219.0,513.37822314547,2342,3908,3253.0,420.0,58.047000000000004,8.752590530808579,42.65,73.78,58.555,6.140000000000001,0.06422986261546608,0.0026303265050120796,0.0609426595270633,0.0689927600324153,0.06344474535435435,0.0018747245892882514,0.06400388628244398,0.0026535527573378764,0.0589175559580326,0.0676384270191192,0.0643159933388233,0.002202972769737195,0.06727870851755138,0.002102791486608946,0.0637948513031005,0.0701099783182144,0.06715060770511624,0.0018767863512039462
1,mlp,relu_16_16_16,henon_1000,0.001,,,8,4,64,850,0.02574510714039201,0.011715170546755596,0.0115460660308599,0.0504015274345874,0.0225777188315987,0.007922005373984551,0.023743788339197585,0.00968855042584545,0.0117322001606225,0.044966135174036,0.0223834458738565,0.007611085660755649,0.11560471504926677,0.030532773819193438,0.0757916644215583,0.1806122958660125,0.10338496044278139,0.020259369164705297,0.11069870516657827,0.026517992483675736,0.0757398381829261,0.1663079112768173,0.10414807125926015,0.020136125385761254,0.8210895478725433,0.09229024323631185,0.6161262392997742,0.9263108372688292,0.849485456943512,0.058018893003463745,0.8352481424808502,0.0754967792449165,0.662173867225647,0.9236356019973756,0.8488591015338898,0.055884808301925715,2312.8,891.5108299959121,800,4419,2138.5,286.5,40.646,14.381242088220338,14.08,73.15,37.55,4.105,0.06770892877131696,0.003457937189924345,0.0612199988216161,0.0753201313316822,0.0673501649871468,0.0014428341761230992,0.06785520873963827,0.0036291234416950674,0.0609463043510913,0.0755627676844596,0.06738760694861409,0.0014464743435382565,0.07125679180026048,0.0032269740740755028,0.0642877221107482,0.077502854168415,0.0713395476341247,0.0008720681071281502
1,mlp,relu_16_16_16,henon_1000,0.001,,,16,4,64,1106,0.038055427744984584,0.021337757315284984,0.0054213562980294,0.0800605863332748,0.04139287211000915,0.015300655737519299,0.03237424306571478,0.01727800002694631,0.0048868246376514,0.062760479748249,0.0350957959890365,0.011621769517660151,0.14276646748185154,0.05042092377301801,0.0503889843821525,0.2241160720586776,0.15332063287496567,0.03454744070768355,0.13175248987972737,0.04534337537410798,0.0487882755696773,0.202151358127594,0.13983421027660364,0.029860876500606565,0.7177602082490921,0.1817165986555429,0.3234710991382599,0.965736985206604,0.7116763889789581,0.13253283500671387,0.7625682830810547,0.14132655620626003,0.4885576963424682,0.9689978957176208,0.7549160122871399,0.10093328356742859,1726.5,762.5995344871383,606,3429,1925.0,422.5,32.01199999999999,14.799806620358254,10.57,63.25,33.93,11.365,0.06796163216233249,0.0014877768999882921,0.0653037961572408,0.0701244302093982,0.06801524888724085,0.0010462217032909463,0.06740261837840075,0.0008900831028142912,0.0657808184623718,0.0686337128281593,0.06745571643114084,0.0006366856396198481,0.07030181437730783,0.000725773020296146,0.0694199800491333,0.0719886198639869,0.07009400054812426,0.0004891306161880493
1,mlp,relu_32,henon_1000,0.001,,,4,4,64,354,0.03233324661850925,0.006675437023099825,0.0245643891394138,0.0446632094681263,0.02994607668370005,0.002678746357560201,0.029655246250331342,0.00703580881714805,0.0213891938328742,0.0427464805543422,0.02698838058859105,0.0028545111417770507,0.13911938667297358,0.016461344852641013,0.1214069128036499,0.1707087755203247,0.13426648825407025,0.010388359427452101,0.13353436440229416,0.018044912518480824,0.1130908206105232,0.1680334657430648,0.1276852414011955,0.00996746867895125,0.7720925748348236,0.05531205545612012,0.6687204837799072,0.8340110182762146,0.7934848666191101,0.019917964935302734,0.7917986214160919,0.05777873082765498,0.6829752326011658,0.8564127087593079,0.8151583671569824,0.02118930220603943,5204.8,1291.5873025080418,2950,7244,5425.5,898.5,60.61,14.981817646734328,34.66,84.31,61.894999999999996,11.119999999999997,0.0655698542296886,0.0021402369479616825,0.0620445232838392,0.0683463938534259,0.06593592967838044,0.001765975542366488,0.06552661061286921,0.002214381259954067,0.0614444315433502,0.0689718201756477,0.06526071950793261,0.001384153962135301,0.06882441267371174,0.0017491063283925086,0.0658188611268997,0.0711571872234344,0.068299863487482,0.001354411244392395
1,mlp,relu_32,henon_1000,0.001,,,8,4,64,610,0.054820678010582866,0.004535000199926638,0.0468702130019664,0.0612560324370861,0.056395184248685795,0.0020023807883262495,0.048250160738825765,0.004591586266616566,0.0402626581490039,0.0540350265800952,0.0498094484210014,0.0028993804007768492,0.18781384676694868,0.0108348266972957,0.1687216460704803,0.2042753100395202,0.19104225188493723,0.005591347813606262,0.17516113519668577,0.010735442535812812,0.156071588397026,0.1887184232473373,0.1780516356229782,0.008614979684352847,0.5712051212787628,0.04847843810514507,0.499148964881897,0.6553979516029358,0.5558931529521942,0.025853395462036133,0.6281217694282532,0.04502957385485218,0.5693818926811218,0.7046908736228943,0.6137886941432953,0.029680520296096802,1831.4,788.4426675415277,786,3460,1598.0,690.5,22.657999999999998,11.278460710575715,10.25,49.81,18.689999999999998,8.159999999999997,0.06607400923967358,0.0024586107124083606,0.062655584141612,0.071236302703619,0.06602618787437675,0.0017788298428058485,0.06653697937726971,0.002324541328162032,0.0629097148776054,0.0702752023935318,0.06694220751523969,0.0014577768743037622,0.07019780650734897,0.0016632826515399018,0.0672251209616661,0.0725779384374618,0.07050072774291036,0.0010570101439952365
1,mlp,relu_32,henon_1000,0.001,,,16,4,64,1122,0.06863042041659351,0.0028864437573220617,0.0640864893794059,0.0731512978672981,0.06902296841144555,0.0016534142196178506,0.06110910996794696,0.0030361000568734473,0.0556239411234855,0.0667338222265243,0.06124938838183875,0.0011091623455286026,0.21437856853008266,0.005026227739042938,0.2051252871751785,0.2213810533285141,0.2145261541008949,0.004514284431934343,0.2042554154992103,0.005751604121961024,0.1954191625118255,0.2151687443256378,0.2050470933318138,0.003312304615974454,0.40808420777320864,0.03293603216372548,0.3650107979774475,0.4722159802913666,0.39681845903396606,0.023228153586387634,0.4883546531200409,0.03892852132175236,0.4092827141284942,0.5512193441390991,0.48987044394016266,0.015970826148986844,612.4,225.66089603650875,429,1238,552.0,83.0,7.327000000000001,2.622647707947066,5.05,14.54,6.6,0.8699999999999997,0.0661005917564034,0.002603623157234535,0.0621353965252637,0.0709577158093452,0.06591787505894894,0.002164016477763653,0.06674730777740474,0.0014543947146615837,0.0638485327363014,0.0682606920599937,0.06707977131009095,0.0007578320801258503,0.07008069753646848,0.0008822449006188229,0.0681436657905578,0.0713564530014991,0.0701867118477821,0.0005032941699028015
1,mlp,relu_32_32,henon_1000,0.001,,,4,4,64,1410,0.009237452829256601,0.003225035117783681,0.0054976702667772,0.0159461069852113,0.00969063024967905,0.0026143707800656496,0.0082052308134734,0.002673718349777678,0.0046246387064456,0.0128213055431842,0.00863193301483985,0.0026356314774602495,0.06566194184124466,0.011361035510089747,0.0511607900261879,0.0880117937922477,0.06592398509383196,0.008701188489794752,0.06291147023439406,0.010409698222852419,0.0488340631127357,0.0820738673210144,0.06360446289181705,0.009272931143641451,0.9409322917461396,0.021137543360578322,0.8969262838363647,0.9653336405754088,0.9380736649036407,0.01737883687019348,0.9474004745483399,0.01751635477902831,0.917384147644043,0.9706851243972778,0.9448587000370026,0.017300844192504883,3457.6,591.1042547639122,2410,4412,3557.5,161.5,52.726,10.535813400018055,33.11,67.18,53.69,4.670000000000002,0.058800202682614267,0.0021137478414050663,0.0556051105260849,0.0614495746791362,0.05917732454836365,0.0017138978466391536,0.05867874473333353,0.0024512331918618755,0.0558927319943904,0.0628522336483001,0.05853922478854651,0.002295609563589103,0.0626580938696861,0.002348828529357221,0.0584390088915824,0.0656790807843208,0.0629469361156225,0.002033781260251999
1,mlp,relu_32_32,henon_1000,0.001,,,8,4,64,1666,0.029050422646105252,0.005962435794527507,0.020149728283286,0.038635391741991,0.0307388780638575,0.004756153561174901,0.02701130919158453,0.004898442497891571,0.0207578912377357,0.0361360348761081,0.02731146011501545,0.004702318459749251,0.12221990302205084,0.013443505183312008,0.1038215309381485,0.1433958262205124,0.12430422753095624,0.01319716498255729,0.1187929145991802,0.011994686560540913,0.101296029984951,0.1399030536413192,0.12143278867006295,0.00993075966835024,0.8050645351409912,0.04236570639289399,0.7390151619911194,0.8668567538261414,0.7912238836288452,0.03576475381851196,0.8141337931156158,0.036834581818118425,0.7455220222473145,0.8604921698570251,0.8118658363819122,0.03600788116455078,2409.1,495.6261595194507,1819,3436,2309.0,316.0,35.783,7.470170078385096,27.13,50.65,33.525,5.32,0.057463722489774195,0.004141325282208031,0.0508628048002719,0.0647981401532888,0.0574577890336513,0.0022576905786990988,0.058767434209585134,0.004057109473647457,0.0518352910876274,0.0652386099100112,0.058747190982103306,0.002490907907485948,0.06440434306859966,0.003434688234334849,0.0588935203850269,0.070455253124237,0.06493964791297906,0.002451620995998355
1,mlp,relu_32_32,henon_1000,0.001,,,16,4,64,2178,0.06757916286587709,0.003139049246277262,0.0629801452159881,0.073914036154747,0.06773953139781945,0.0021096356213092943,0.05953397601842875,0.0015436582923058011,0.0565677359700202,0.0618077479302883,0.059942333027720396,0.0008679591119289051,0.21050474196672436,0.005012493536643172,0.2024219632148742,0.2180640399456024,0.2111213728785514,0.0043508410453796525,0.19830802381038665,0.004649498376543201,0.1862185299396515,0.2035771906375885,0.19928546994924545,0.00228725373744966,0.437349671125412,0.0366963281345222,0.3881260454654693,0.4940225183963775,0.43104466795921326,0.03021080791950226,0.5140663176774979,0.020750010795129212,0.485465407371521,0.5588957667350769,0.5139842629432678,0.014775067567825317,484.2,103.15309011367522,400,723,444.0,29.5,7.228,1.5523582060851806,6.01,10.77,6.68,0.45500000000000007,0.060653219018131435,0.003205081937161848,0.0563914353027939,0.0660662174224853,0.060554271005094,0.0029618045315146536,0.06399891972541805,0.0013580455782345015,0.0611438490450382,0.0654347687959671,0.0646215304732322,0.0007041841745377003,0.06782418265938757,0.000898807643712701,0.0653143674135208,0.0686471536755561,0.06797246634960169,0.00030288100242614746
1,mlp,relu_32_32_32,henon_1000,0.001,,,4,4,64,2466,0.0028952977852895303,0.0005000884060957086,0.0020100218243896,0.004040743689984,0.0029470361769199,0.00024020159617064996,0.00285141796339298,0.0007948201038053491,0.0021663708612322,0.0049776388332247,0.0025267499731853,0.00020299328025430007,0.03675596751272675,0.0026144715366558996,0.0325336642563343,0.0420202016830444,0.03716757521033285,0.0017117150127887483,0.036582506820559454,0.003999011512739996,0.0314767137169837,0.0453360863029956,0.03563547320663925,0.002345975488424301,0.9819106817245483,0.0031553303936236983,0.9746000170707704,0.9874447584152222,0.9817289113998413,0.0015068650245665949,0.9820667147636414,0.005047226865197873,0.9684601426124572,0.9863539934158324,0.984100878238678,0.0012162625789641779,2338.2,470.8642691901776,1663,3317,2316.0,356.5,42.171,9.04700331601575,27.69,61.13,41.42,5.825000000000003,0.055687234364449924,0.0025546237991765806,0.0519409488886594,0.0612429689615964,0.05497449152171605,0.0008926918730139538,0.0560039862990379,0.0023938641233004774,0.0525109730660915,0.06177693977952,0.055466178804635946,0.0004938077181577474,0.06000760458409782,0.002052255406893436,0.0567219592630863,0.0642121732234954,0.0598352644592523,0.001149276271462451
1,mlp,relu_32_32_32,henon_1000,0.001,,,8,4,64,2722,0.01885523498058315,0.0068379877963240555,0.0061916233971714,0.0292708948254585,0.0204832563176751,0.003959166817367049,0.017090378608554564,0.006738746835135752,0.0042711524292826,0.0282874051481485,0.01812815573066465,0.0037042954936624007,0.09019848667085166,0.020704518721247612,0.0501721911132335,0.1172415018081665,0.0958917066454887,0.011601671576499953,0.08762991465628144,0.02008535489096502,0.0460852272808551,0.1192068234086036,0.0941961035132408,0.0060158930718898496,0.8789980053901673,0.04598707992902636,0.8078039884567261,0.9614130854606628,0.8694088160991669,0.026473045349121094,0.8866220951080322,0.046454802591686786,0.8063315153121948,0.9730510711669922,0.8805602192878723,0.026066601276397705,1839.4,356.83054801964477,1300,2427,1743.5,234.0,32.822,6.400393425407536,23.87,43.53,30.75,4.129999999999999,0.054297990500926915,0.0026720553416583674,0.0494500827044248,0.058562621474266,0.0550383888185024,0.000960480794310551,0.05561676323413843,0.002095268466070654,0.0525046363472938,0.0593478083610534,0.05534195899963375,0.0017359331250190978,0.062323928624391525,0.0018873900175954833,0.0589221753180027,0.0657079666852951,0.06255841627717015,0.0012056417763232977
1,mlp,relu_32_32_32,henon_1000,0.001,,,16,4,64,3234,0.06670709438621994,0.006030516498909519,0.0514856465160846,0.0745873749256134,0.06686963886022565,0.003024272620677948,0.05488868020474905,0.005840424544112105,0.0435307398438453,0.0613377057015895,0.05527332983911035,0.004129303619265504,0.20437974035739898,0.013379162426688563,0.1693977564573288,0.2176307439804077,0.20820185542106626,0.008166566491127,0.18617447316646576,0.015743660024578183,0.1561890393495559,0.2056041955947876,0.18966127932071686,0.006333932280540508,0.4739684522151947,0.07632550509838992,0.376602828502655,0.6514912843704224,0.45053866505622864,0.04439628124237058,0.5690840661525727,0.0705508129880416,0.4859374165534973,0.6953696012496948,0.5648520588874817,0.05072113871574402,576.4,238.51004171732475,400,1153,481.5,78.0,10.411,4.315609922131516,7.19,20.74,8.559999999999999,1.3049999999999988,0.05941528342664239,0.003400817825131461,0.0527065761387348,0.0640194449573755,0.05946292635053395,0.0024723405018448504,0.06297154612839218,0.0021282853435192796,0.0588163249194622,0.0666438639163971,0.0633422955870628,0.0016780719161034012,0.06889631599187847,0.0013679565354129451,0.067494161427021,0.072198174893856,0.06844956055283541,0.0008993297815322598
1,mlp,relu_8,henon_1000,0.001,,,4,4,64,90,0.055024623125791504,0.008166664596330706,0.0447225421667099,0.0699770450592041,0.0521966945379972,0.006993232294917152,0.051166288554668385,0.008483438857375137,0.03983611240983,0.0679071471095085,0.0490638799965381,0.006416259333491301,0.1923868283629417,0.016563485817059718,0.1677791625261306,0.2236217707395553,0.18778352439403528,0.0123559534549713,0.18564010262489314,0.017873726304114934,0.162497267127037,0.2207840383052826,0.1824620962142944,0.013369821012020153,0.5544304639101029,0.09621039656963867,0.3614448606967926,0.6669354438781738,0.5923846364021301,0.07232046127319336,0.5921555876731872,0.09599977106758259,0.3856223225593567,0.7098953723907471,0.6208867728710175,0.06445592641830444,4955.4,2394.1997493943563,799,7863,5887.0,1176.0,58.529999999999994,28.385568164121715,9.45,90.61,70.08500000000001,14.565000000000001,0.07433241795748469,0.0025461076797600314,0.0702566653490066,0.0782031737267971,0.0750450879335403,0.0020667709410190985,0.07401707321405408,0.0027674932104714196,0.0694611072540283,0.0784903839230537,0.07454485446214675,0.0021334327757358967,0.07724866196513172,0.003175198696518827,0.0720823407173156,0.0824037492275238,0.0775886252522468,0.0020283721387385975
1,mlp,relu_8,henon_1000,0.001,,,8,4,64,154,0.0639550887048244,0.006193173755561125,0.0549770891666412,0.0717591568827629,0.06407439336180684,0.006179088726639748,0.05812736190855496,0.008089575301642256,0.0474190823733806,0.0693609043955802,0.05828567594289775,0.0076614581048489,0.20922435820102686,0.01243776132951051,0.1916264742612838,0.2254867553710937,0.20840409398078913,0.012263037264347104,0.19958527386188502,0.01679845702292107,0.1774270087480545,0.2236493229866027,0.1997333243489265,0.015306442975997897,0.4511153757572174,0.08478265326087815,0.3342239260673523,0.5661950707435608,0.4557455778121948,0.08255441486835483,0.5123072594404221,0.10114242777807449,0.3628249764442444,0.6379237771034241,0.5168367177248001,0.0892554372549057,2566.5,1581.2413636127787,914,5633,1900.0,851.5,29.885,17.468814069649948,13.3,61.13,22.17,8.545000000000002,0.07253040608018632,0.002379796281247605,0.0693016435950994,0.0768559478223323,0.0720145700499415,0.0015898825600743072,0.07259573489427561,0.002352673757919854,0.069693312048912,0.0774843990802764,0.0723663344979286,0.0017981193959713052,0.0748427003622055,0.001978035814530224,0.0715243443846702,0.0781531110405922,0.0746950805187225,0.0017880387604236533
1,mlp,relu_8,henon_1000,0.001,,,16,4,64,282,0.06658253669738765,0.003023734543966695,0.0608606040477752,0.0707412138581276,0.06651842221617696,0.002446312457323109,0.06049001552164551,0.0047031199602801995,0.0538270622491836,0.067101776599884,0.06044375151395795,0.005025843158364299,0.21397900283336635,0.005868505412591687,0.2043512165546417,0.2226010411977768,0.21346588432788843,0.005077779293060275,0.20492443591356274,0.009175455251829992,0.1919123977422714,0.215850368142128,0.2076444029808044,0.008146293461322812,0.417290598154068,0.045747215219038975,0.3521758019924164,0.4923658370971679,0.42444550991058344,0.03503282368183136,0.48983588218688967,0.061045715497702616,0.4006627798080444,0.5717450976371765,0.49406638741493225,0.059764206409454346,1348.7,603.7022527703537,421,2332,1420.5,459.5,16.277,7.200890292179156,4.88,27.55,18.84,4.45,0.07027765907347197,0.0019468011090707526,0.0672095142304897,0.0735117442905902,0.06962945256382225,0.0015712996944785007,0.06923287659883497,0.0013205335414396369,0.0665009617805481,0.0712810754776001,0.0696062445640564,0.00079352781176565,0.07136033326387405,0.001716258868111965,0.0691944733262062,0.0757150873541832,0.0712255053222179,0.0008468441665172993
1,mlp,relu_8_8,henon_1000,0.001,,,4,4,64,162,0.04254798535257573,0.009576207666367062,0.0301884580403566,0.0611508637666702,0.0400355998426675,0.0059375427663326055,0.03873275313526388,0.009735711724402076,0.025633605197072,0.0577702894806861,0.03574268519878385,0.005922075361013451,0.16273257583379744,0.022442370429863936,0.130906343460083,0.2027060985565185,0.16050666570663447,0.01823791861534116,0.15484852790832515,0.023356797356838536,0.1193552911281585,0.1950013935565948,0.15094305574893951,0.017037577927112607,0.68129663169384,0.0918068875314035,0.4925884902477264,0.7917996048927307,0.7095195651054382,0.050149232149124146,0.711926394701004,0.08976342233795415,0.5256538391113281,0.8239037990570068,0.7433377802371979,0.04839310050010681,3214.7,899.0381582558106,2536,5446,2786.0,203.0,46.92700000000001,13.306456365238644,36.62,80.29,40.260000000000005,2.7200000000000024,0.07414135105907912,0.00477113345575014,0.0674360018223524,0.0846665725111961,0.07348376996815201,0.0035935169085860516,0.07369177788496013,0.004219073025701625,0.0684946328401565,0.083421804010868,0.0725993141531944,0.0032930560410023013,0.07649607807397837,0.0038965712635461343,0.0723744183778762,0.0861929506063461,0.07537976279854769,0.002622414380311945
1,mlp,relu_8_8,henon_1000,0.001,,,8,4,64,226,0.054646486416459014,0.009547706254707161,0.0398751348257064,0.0705747976899147,0.05338137038052075,0.007085079327225699,0.048251857981085736,0.008764494337448532,0.0372009649872779,0.0662036761641502,0.04498416371643535,0.0056129321455955505,0.18829187899827954,0.01890990100029049,0.1583945155143737,0.2202209383249282,0.1844629868865013,0.015365675091743441,0.17785228043794626,0.01839420232009733,0.1545469313859939,0.2150927484035492,0.1704609990119934,0.011526964604854598,0.5614226400852204,0.10984121808328062,0.3557069003582001,0.7116371989250183,0.5876418054103851,0.07849648594856262,0.6224697828292847,0.09526748640666517,0.4147005379199981,0.7317715883255005,0.661494791507721,0.05318215489387512,3009.6,1284.298501128145,1522,5616,2419.5,677.0,45.48199999999999,18.551618150447148,22.01,82.51,41.465,11.925000000000004,0.07302260771393769,0.0031337250772134474,0.0685662616044282,0.0783631138503551,0.07359520420432085,0.002403711155056956,0.0729138314723968,0.0029810342501373896,0.0687077566981315,0.0770263224840164,0.0727052874863147,0.003162957727909095,0.07485398948192593,0.0021269149274899223,0.0718702152371406,0.0775584056973457,0.0750002264976501,0.0020126327872276445
1,mlp,relu_8_8,henon_1000,0.001,,,16,4,64,354,0.05822400655597444,0.011922206300711231,0.0285336878150701,0.0712919756770134,0.061446107923984444,0.004879133775830245,0.051641324721276714,0.011943017565896568,0.0262113008648157,0.0669826939702034,0.054854828864336,0.0055276025086642006,0.19504411667585372,0.026080889038782765,0.1293076127767563,0.224187359213829,0.19845926016569135,0.0087164342403412,0.18281131833791728,0.02675817016362947,0.1258356571197509,0.2189964801073074,0.1868655979633331,0.006732419133186354,0.5148002713918686,0.12989378501314663,0.3387217223644256,0.8037689924240112,0.49445153772830963,0.05392362177371979,0.5829309463500977,0.12310686586551585,0.4021476209163666,0.8201505541801453,0.5626371800899506,0.05601567029953003,1551.0,842.1302749575033,542,3132,1200.5,523.5,23.136000000000003,12.207321737383676,7.86,45.27,18.09,7.685,0.07407467797398562,0.004079609619555209,0.0665555991232395,0.078736774623394,0.07429218441247934,0.0038722993806004427,0.0732250533998012,0.0031846543535263457,0.0683589875698089,0.0772579461336135,0.07384506985545156,0.0027867816388606956,0.07422763034701343,0.002719222576844264,0.0703649893403053,0.0777311846613884,0.07452568411827085,0.002556480467319454
1,mlp,relu_8_8_8,henon_1000,0.001,,,4,4,64,234,0.02833163477480407,0.01710118385451511,0.009021583944559,0.0585638172924518,0.02476842701435085,0.01239582803100345,0.026575761754065702,0.016179318591737407,0.0085255429148674,0.0561121553182601,0.0224561626091599,0.010620572138577701,0.12499428018927569,0.043667053251687814,0.0711825117468833,0.1957884579896927,0.12105406448245044,0.038880132138729095,0.12061127424240108,0.042501794287848206,0.0684478729963302,0.1931896209716797,0.1129824928939342,0.03277112171053884,0.7925293207168579,0.14253962144885987,0.5221127867698669,0.9423515796661376,0.8312959969043732,0.0887250304222107,0.8058732509613037,0.1333939109732276,0.5447895526885986,0.9451735019683838,0.84684818983078,0.07599958777427668,3797.9,1651.7268206334847,1746,7948,3913.0,479.5,69.64,28.8131001455935,30.96,137.02,67.025,6.299999999999997,0.07023809675127261,0.0024666553148530615,0.0652437400072813,0.0737070672214031,0.0705155158415436,0.0016423827037214955,0.0697284236550331,0.002325834699420382,0.0656097084283828,0.0732193067669868,0.06993179023265834,0.0017375648021697998,0.07232873663306232,0.002007141047137799,0.0679481998085975,0.0748001486063003,0.0726528540253639,0.000973038375377655
1,mlp,relu_8_8_8,henon_1000,0.001,,,8,4,64,298,0.046965120360255186,0.011036622408362092,0.0262061916291713,0.0656372010707855,0.04870060272514815,0.005756460130214698,0.04165878109633917,0.010251607107063593,0.0236774999648332,0.0622365400195121,0.043376702815294196,0.004696000367402999,0.16866002827882767,0.026346501168365597,0.1166755706071853,0.2098454982042312,0.17114170640707016,0.015437096357345609,0.15934494808316227,0.024801899742653434,0.1126002892851829,0.2046258896589279,0.15937060862779617,0.012135766446590382,0.6413576453924179,0.1059207114681287,0.4355750381946563,0.8225538730621338,0.6333935558795929,0.05653434991836548,0.685380932688713,0.09651556793025248,0.4706976115703583,0.8392777442932129,0.6766165792942047,0.04179412126541138,2510.1,1099.0154184541725,1138,5033,2201.5,739.5,47.95399999999999,21.768112550241923,19.74,86.3,39.519999999999996,9.819999999999997,0.07279984142631288,0.0038180603702708473,0.0671156980097293,0.0783698201179504,0.07226958610117434,0.0036148346960544475,0.07299199178814883,0.0032216793671539412,0.0685691684484481,0.0784642547369003,0.0723258070647716,0.003135621547698954,0.07488873079419132,0.002395008596446787,0.0714948698878288,0.0792589634656906,0.07413430139422414,0.0022276416420937
1,mlp,relu_8_8_8,henon_1000,0.001,,,16,4,64,426,0.04915478006005285,0.02052249870240311,0.0158793199807405,0.0743831321597099,0.058721924200654,0.013188580051064498,0.0443657031282782,0.020143252111414593,0.0134985875338315,0.0716930851340293,0.0491553675383329,0.014767464250326153,0.17291724085807797,0.047324403589769186,0.0967355668544769,0.228302389383316,0.19399464875459665,0.030797131359577207,0.16421164125204082,0.04705979308652181,0.0906108543276786,0.2259937226772308,0.17612960189580912,0.03227214515209198,0.5946267664432525,0.20473156233784734,0.2880048155784607,0.8961262702941895,0.534731388092041,0.17295107245445254,0.6401415795087815,0.19384609172410303,0.3285229802131653,0.9133304953575134,0.6211459636688232,0.1680729538202286,1523.5,930.8325574452152,539,3214,1112.5,371.5,26.547000000000004,15.876359815776413,9.29,55.47,19.605,6.460000000000001,0.07280496973544355,0.004035000106291019,0.0674582619220018,0.0791773922741413,0.07201845012605185,0.0032971918582916024,0.07233870327472683,0.003583483587553292,0.0674041435122489,0.0767086222767829,0.0725624896585941,0.0033796951174735954,0.0735664620995521,0.003278208617582499,0.0693193152546882,0.0778163596987724,0.07373672723770135,0.003157202154398006
1,mlp,relu_16,lorenz_1000,0.001,,,4,1,64,259,2.539407951189787e-05,1.035792232993272e-05,9.892331036098769e-06,4.001966226496734e-05,2.1775578716187738e-05,8.2222059063497e-06,2.4855907395249232e-05,9.593330127387293e-06,1.049102320394013e-05,3.975650542997755e-05,2.194999160565203e-05,5.7765964811551385e-06,0.00336024146527047,0.0006295337323635648,0.002277961699292,0.0042549958452582,0.00323014624882485,0.0004594122292473999,0.00332917007617648,0.0005987642394256569,0.0022666589356958,0.0042998855933547,0.0032600552076473503,0.0004207673482597002,0.9997294068336486,0.00010932806324944368,0.9995788335800172,0.999894678592682,0.9997662007808685,8.639693260198422e-05,0.99973424077034,0.00010206710248729038,0.9995783567428588,0.999887466430664,0.9997644424438477,6.130337715148926e-05,1742.3,217.11658158694374,1365,2161,1753.0,146.5,20.743000000000002,2.7402629435877137,16.01,26.3,20.575000000000003,1.5350000000000001,0.00154574093001423,0.0010374607800866028,0.0004858505999436,0.0033431087387725,0.00139698594866785,0.0008590236204327499,0.00180441281991074,0.0012581272479224722,0.0005221004248596,0.0042353528551757,0.0016559546347707,0.0009538347076159,0.0016562049539060898,0.0011470243476524517,0.000441550364485,0.0036775791086256,0.00149931304622435,0.0009448751516174
1,mlp,relu_16,lorenz_1000,0.001,,,8,1,64,451,2.6221995085506933e-05,1.0074295010945006e-05,1.1976008863712195e-05,5.1236042054370046e-05,2.5557421395205893e-05,4.265960342308972e-06,2.7949378818448167e-05,1.0286103141768883e-05,1.6138739738380536e-05,5.274794239085168e-05,2.7583886549109593e-05,6.1715672927675786e-06,0.0035030229948460395,0.0006263874733294672,0.0024873735383152,0.0048504057340323,0.00344774511177085,0.0003325900761410501,0.00354262220207596,0.0006184889686784749,0.0026994119398295,0.0048310370184481,0.0034790667705237,0.0003273908514529499,0.9997207820415497,0.00010665721239301574,0.999459147453308,0.9998718500137328,0.9997274577617646,4.607439041132144e-05,0.9997047483921051,0.00010747542315908534,0.9994469285011292,0.9998270273208618,0.9997089505195618,6.470084190363101e-05,1717.5,283.0092754663705,1327,2247,1746.5,265.5,20.401,3.235832041376684,16.8,26.55,20.47,3.135,0.0019147945474832604,0.0005515195257867797,0.0008651554584503,0.0029711021808907,0.0017574504949152,0.00028678452945315005,0.00215756676625455,0.0006576612418467277,0.0009651815053075,0.0034185824915766,0.00194821285549545,0.00029727467335759997,0.00199768280144774,0.0005872507603068415,0.0008073847275227,0.0031549083068966,0.0018946713535114498,0.00027334340848030004
1,mlp,relu_16,lorenz_1000,0.001,,,16,1,64,835,5.810719794680755e-05,3.8272338051742864e-05,2.3578086256748065e-05,0.0001456709578633,4.1457506085862406e-05,1.506075477664126e-05,5.9868447897310376e-05,3.688409022089802e-05,2.588905772427097e-05,0.0001440492633264,4.5255233999341726e-05,1.8041111616184935e-05,0.00509566080290819,0.00160308142824582,0.0032361932098865,0.0084152212366461,0.00447290251031515,0.0008847907884046498,0.00507433218881483,0.0014510289781449082,0.0033280164934694,0.0080260932445526,0.00462298118509345,0.00098997994791715,0.999387800693512,0.0004080194013471278,0.9984330534934998,0.9997549057006836,0.99956414103508,0.0001569688320159357,0.999370402097702,0.00039153644783378037,0.9984655976295472,0.9997313022613524,0.9995219707489014,0.00019159913063038214,1408.5,248.41950406520016,1111,1982,1368.5,185.5,16.935000000000002,2.730037545529365,14.22,23.51,16.189999999999998,1.599999999999997,0.00230018701986404,0.0009497577336984499,0.0012610205681994,0.0046448073582723,0.0021549948723986,0.0005307858868035998,0.0025729316985234098,0.0011594759806968949,0.0013211023760959,0.0054802545346319,0.0023468144936486498,0.0006025658803991999,0.0024052063119597298,0.0010949151038283965,0.0012625647941604,0.0051484848372638,0.0021882337750866497,0.0005632090033031998
1,mlp,relu_16_16,lorenz_1000,0.001,,,4,1,64,531,2.1520328937185694e-05,7.879828140034968e-06,1.148552564700367e-05,3.552279667928815e-05,1.9473108295642305e-05,7.430358891724609e-06,2.1493223084689816e-05,7.681574272429877e-06,1.1748932593036445e-05,3.343414209666662e-05,2.0116639461775776e-05,6.852177648397627e-06,0.0031225411454215103,0.00048666587378941474,0.0023764288052916,0.0040972190909087,0.00312207452952855,0.0003530527465045003,0.0030924507882445604,0.00048429312061849296,0.0024687161203473,0.0039759189821779,0.00308475911151615,0.00044548441655934985,0.9997728884220123,8.369687975953644e-05,0.9996293783187866,0.9998770356178284,0.9997950196266174,8.01384449005682e-05,0.99977126121521,8.168441642258919e-05,0.9996511936187744,0.9998733997344972,0.9997880756855011,7.435679435741083e-05,1185.8,230.16029197061772,731,1466,1271.0,127.0,17.489,3.3842560482327575,10.66,21.43,18.655,1.955,0.0006720461529038899,0.00037244831950523677,0.0001315896224696,0.0014678554260171,0.0006143920225439999,0.00028054115100535,0.0007475217309547199,0.0004383284239453113,0.0001216633536387,0.0016456635203212,0.00068306244793345,0.0003586465900298,0.00069312169798644,0.0004146328407463808,0.0001213651557918,0.0015899905702099,0.0006371187337207999,0.00029623854788950004
1,mlp,relu_16_16,lorenz_1000,0.001,,,8,1,64,723,1.5032494684419361e-05,3.937892841470372e-06,9.153084647550712e-06,2.229673191322945e-05,1.4323835330287693e-05,3.2744023883424234e-06,1.6254745514743262e-05,4.2357555699992425e-06,9.75171133177355e-06,2.3776237867423333e-05,1.588806844665669e-05,2.08822211789084e-06,0.00280025922693307,0.0004003069850547274,0.0021747241262346,0.0035261688753962,0.0028062738711014,0.0003221888327970999,0.0028666145866736202,0.00039224226416001103,0.002136840019375,0.0035879239439964,0.0028684714343398003,0.00024114234838630002,0.9998397707939148,4.200924031433192e-05,0.9997633695602416,0.9999017119407654,0.9998464286327362,3.409385681157895e-05,0.9998278677463531,4.54121091870855e-05,0.999747633934021,0.9998956918716432,0.9998300075531006,2.092123031621762e-05,1259.7,303.44358619025047,879,1865,1157.0,244.5,18.833000000000002,4.654131605358835,13.16,27.3,17.105,3.5200000000000005,0.00112952076480718,0.0010025495896540308,0.0002497900248272,0.0034512042766436,0.0005308131250785001,0.00024195068253900006,0.0012143808155087301,0.0011931698654099221,0.0003114043793175,0.0041609029285609,0.0005045867874286501,0.00019216496730220008,0.0011625836836173602,0.0010703082945891721,0.0002871349861379,0.0036916336975991,0.0005255978321656,0.00020805792883040003
1,mlp,relu_16_16,lorenz_1000,0.001,,,16,1,64,1107,2.3872045585449086e-05,6.952358688231035e-06,1.4140324310574217e-05,3.7658901419490576e-05,2.2565550352737773e-05,4.870311386184769e-06,2.6158487617067295e-05,7.92342228538894e-06,1.503997282270575e-05,4.2376650526421145e-05,2.5886547518894076e-05,6.260353984544054e-06,0.0034906849032267395,0.0005097411007694117,0.0027224796358495,0.0044195661321282,0.0034763917792588,0.0003147062379866999,0.0036181315546854804,0.0005631284239155356,0.0027700685895979,0.0046312664635479,0.00376014620997005,0.0003375014057383,0.9997482061386108,7.194872300847255e-05,0.999604880809784,0.9998489618301392,0.9997633397579192,4.9620866775568206e-05,0.9997243463993073,8.380752214246492e-05,0.9995498657226562,0.999841034412384,0.9997302889823914,6.732344627385922e-05,1263.6,183.92291863712907,961,1573,1235.5,104.5,19.067,2.8666497867720087,14.37,23.66,18.655,2.005000000000001,0.00198750647279661,0.0009000894189648482,0.000449149616179,0.0034755409928038,0.0017822487192461,0.0005709097662474999,0.00210809897980649,0.001068679945542476,0.00044077943312,0.0041156793013215,0.0018916807021014002,0.0005117090768181001,0.0019609411276178,0.0009932712131334007,0.0004011807322967,0.0036944330204278,0.00177814642665905,0.0005948176840320501
1,mlp,relu_16_16_16,lorenz_1000,0.001,,,4,1,64,803,1.712707066872099e-05,6.962347378405158e-06,6.260808277147589e-06,3.080165697610937e-05,1.6110745491459966e-05,4.173817160335602e-06,1.768847996572731e-05,7.1733265372503275e-06,7.070184437907301e-06,3.3619835448917e-05,1.7267805560550187e-05,4.692778929893393e-06,0.00290803913958366,0.0005382045339847251,0.0019481405615806,0.0038227916229516,0.0029931364115327,0.00046284962445495,0.0029044893803074397,0.00055544841651274,0.0020015048794448,0.003955558873713,0.003002987941727,0.0003383605508133999,0.9998181283473968,7.373466560375164e-05,0.9996713995933532,0.9999347925186156,0.9998303055763245,4.330277442926578e-05,0.9998114585876465,7.639380528423961e-05,0.9996384382247924,0.9999238848686218,0.9998173713684082,5.042552947998047e-05,1160.8,290.54768971719596,630,1801,1116.0,47.0,20.473,5.053175338339251,11.13,31.67,19.685000000000002,1.0899999999999999,0.0004702964313764399,0.000220607631179452,0.0001667185839323,0.0008381599211134,0.00044791681430065005,0.00017915555363289998,0.00049158284527945,0.00025384957841906547,0.0001615927467355,0.0009772006887942,0.0004610773758031,0.00021077225392215004,0.00047262023726939997,0.00024879921456874863,0.0001526447740616,0.0009325702558271,0.00046433355601035,0.0002055741933873
1,mlp,relu_16_16_16,lorenz_1000,0.001,,,8,1,64,995,2.0613145170500503e-05,8.490556312396004e-06,1.0068341907754076e-05,3.978944369009696e-05,1.9905031876987778e-05,5.9169015003135445e-06,2.1974838364258176e-05,8.14857238231256e-06,1.0000913789554032e-05,4.00445205741562e-05,2.3071058421919588e-05,3.2721673051128164e-06,0.00325588302221145,0.0006349205820586612,0.0022765577305108,0.0045160939916968,0.0033186585642397,0.00037829112261534995,0.0033280640607699203,0.0006057532355664139,0.0022660209797322,0.0045286049135029,0.00341832253616295,0.0002609831281007,0.9997796177864074,9.149633395771725e-05,0.999573528766632,0.9998915195465088,0.9997892379760742,6.687641143798828e-05,0.9997667908668518,8.721578111730065e-05,0.9995715022087096,0.9998926520347596,0.9997574090957642,3.6090612411499023e-05,1010.8,165.97096131552652,807,1371,985.0,131.0,18.046,3.0438830463734967,14.35,25.11,17.265,2.3249999999999993,0.0007727810063806299,0.0005270759617636734,0.0001217479279148,0.0017431198619306,0.00059447634121165,0.00038810774640295003,0.0007197148799605035,0.00048178313868515885,9.538039012113586e-05,0.0015348345041275,0.00054962266585785,0.0004189570645393821,0.0007617828974616397,0.0005550266249905232,7.505761459469795e-05,0.0017905554268509,0.00057629059301685,0.00040397165139439994
1,mlp,relu_16_16_16,lorenz_1000,0.001,,,16,1,64,1379,2.858197412933805e-05,9.227372139613926e-06,1.299755876971176e-05,4.307079143472947e-05,2.9773917958664242e-05,7.823220585123636e-06,3.189783456036821e-05,1.0564371743614655e-05,1.4460729289567098e-05,4.983303006156348e-05,3.1334460800280795e-05,7.3835863076965325e-06,0.0039681766182183805,0.0006554783476116718,0.0026800020132213,0.0049225878901779,0.00411566579714415,0.00043769122567029976,0.004078949731774571,0.0006566345121463035,0.0027679514605551,0.0050994022749364,0.00416781171225005,0.00042885914444925005,0.999696797132492,9.72775794966507e-05,0.9995390176773072,0.9998638033866882,0.9996823072433472,7.849931716918945e-05,0.9996663391590118,0.00010981992496483979,0.999474287033081,0.9998508095741272,0.9996702671051025,7.921457290649414e-05,959.7,244.5886546837363,674,1388,907.0,167.0,17.005999999999997,4.3358510122004885,11.92,24.67,16.05,2.92,0.0008984979111118601,0.0006108205501968403,0.0003670217993203,0.0024356643320061,0.0006788159022107,0.00028472258563849994,0.00096776534919622,0.0006936379448050646,0.0003212420560885,0.0027448760811239,0.0007890266715548,0.00041157209489025003,0.00089799048437267,0.0006481190070048506,0.0002609369694255,0.0025078156031668,0.00074625629349605,0.00039448642928615
1,mlp,relu_32,lorenz_1000,0.001,,,4,1,64,515,1.2176074005765258e-05,6.040572491988008e-06,6.269697223615367e-06,2.8316879252088256e-05,1.0203046258538961e-05,2.8586675853148336e-06,1.2587453284140793e-05,5.975536830266554e-06,6.867063348181546e-06,2.8006979846395552e-05,1.1584817457332974e-05,3.5319403650646555e-06,0.00240256469696755,0.0005491214967177772,0.001778946025297,0.0037730007898062,0.00224422907922415,0.00035142980050289997,0.00239856862463053,0.0005548823493144758,0.001806877204217,0.0036676048766821,0.00232225190848105,0.0004185141297057501,0.9998713552951812,6.481957325816051e-05,0.9996975064277648,0.999932825565338,0.9998931884765625,3.167986869817563e-05,0.9998661756515503,6.487586397374459e-05,0.9996986985206604,0.9999287128448486,0.9998778402805328,3.936886787420102e-05,1412.8,208.81609133397743,1178,1903,1438.5,128.0,16.644,2.3848907731801887,14.1,22.33,16.85,1.4100000000000001,0.0005957287742057199,0.00030173946925806327,0.000249278001138,0.001266786630731,0.00047548478032689997,0.00016233157220994998,0.00068862614571111,0.0003888367306495026,0.0002679443568922,0.0016149821458384,0.0005245782958808499,0.000210914935451,0.0006100383921875,0.0003395912872775815,0.0002145150647265,0.0013636148069053,0.0004845397197641,0.00018346904835199996
1,mlp,relu_32,lorenz_1000,0.001,,,8,1,64,899,1.5279540184565123e-05,4.454242371270955e-06,8.381280167668592e-06,2.2726282622898e-05,1.5736268323962577e-05,3.583962552511366e-06,1.5044932843011338e-05,4.945542554325242e-06,8.437075848632958e-06,2.473027416272089e-05,1.4683759673062013e-05,3.2523726076760795e-06,0.00270758543629194,0.0003791158935705694,0.0021654472220689,0.0033119837753474,0.0026762257330119003,0.00033269415143879957,0.00264953654259438,0.00039690100106332696,0.0021548485383391,0.003370301099494,0.0025805826298892,0.0003173530567437499,0.9998367726802826,4.7532379757214795e-05,0.999758243560791,0.9999096393585204,0.9998323321342468,3.901124000543765e-05,0.999840497970581,5.307016290324294e-05,0.9997365474700928,0.9999098181724548,0.9998456537723541,3.409385681157895e-05,1182.4,186.242422664655,881,1518,1168.0,117.0,14.088999999999999,2.246212144923093,10.28,18.19,14.11,1.42,0.00077399512578262,0.0002679927206780931,0.000344835150463,0.0011924034450203,0.0007602796191349,0.00020829683780904996,0.0008624903508461399,0.0003089103208470948,0.0003186241956427,0.0013646326260641,0.0007680067501496,0.00018763277330435,0.0007699245557887099,0.00032526472860433417,0.0002506668388377,0.0012784650316461,0.00064287323039025,0.0001868618710432
1,mlp,relu_32,lorenz_1000,0.001,,,16,1,64,1667,1.840351142163854e-05,6.235918421204448e-06,1.0694217053242028e-05,3.071631726925261e-05,1.7384947568643838e-05,4.135281415074132e-06,2.012937857216457e-05,6.7799453272949766e-06,1.2540257557702716e-05,3.439358260948211e-05,1.9504636838973965e-05,5.581442565016918e-06,0.0030184698058291796,0.00045962321347989363,0.0023756690789014,0.0038595546502619,0.00297248503193255,0.0004077401245013001,0.00312004105653608,0.0004602275284421722,0.0026128168683499,0.0039506200700998,0.0030903102597221,0.00044634530786424984,0.9998040616512298,6.571867715086019e-05,0.9996767640113832,0.9998856782913208,0.9998137652873992,4.464387893682309e-05,0.9997890770435334,7.120238267497833e-05,0.9996448755264282,0.9998703002929688,0.9997921288013458,6.306171417236328e-05,962.6,137.97767935430718,687,1122,1009.0,74.0,12.007000000000001,2.253592909112025,8.24,16.64,12.175,1.334999999999999,0.00084894477418852,0.000265847540379267,0.0004056535952258,0.0013246314483694,0.0008036405415623,0.00016963001835389998,0.00087256359402085,0.0002853961721747122,0.0003736382932402,0.0013605600688606,0.0008187564089894,0.00016734204837115003,0.0008157568488968101,0.00026450751737992225,0.0003666736593004,0.0013155022170394,0.0007475131424143501,0.00014636744163000004
1,mlp,relu_32_32,lorenz_1000,0.001,,,4,1,64,1571,9.384731720274431e-06,3.845704383345868e-06,5.527867870114278e-06,1.5506098861806095e-05,8.04722208158637e-06,2.21732557292853e-06,1.0100082317876512e-05,4.508884132074535e-06,5.831719136040192e-06,1.891696047096048e-05,8.672270269016735e-06,2.6307011466997206e-06,0.00224000739399337,0.0004673038556712468,0.0017510239267721,0.0030484178569167,0.0020861981902271,0.0002914307988249002,0.00227695590583602,0.0005171711498704615,0.0017545310547575,0.0032643438316881,0.0021265178220345998,0.0003426834009587998,0.9999013066291809,4.0252546643300016e-05,0.9998372793197632,0.999941349029541,0.999916285276413,2.1129846572820465e-05,0.9998927593231202,4.778546266453366e-05,0.9998003244400024,0.9999370574951172,0.9999099373817444,2.5153160095214844e-05,886.0,192.37619395340994,598,1134,932.5,175.5,13.746,3.203298924546381,8.84,17.53,15.145,2.280000000000001,0.00018576383128671975,0.00010636802647564731,7.235032535390928e-05,0.000400511251064,0.00014477529730355,4.3882678983205907e-05,0.0001787959219654748,0.00011400272269776448,7.210562034742907e-05,0.0003932690015062,0.0001307257916778,4.4118769437740546e-05,0.00015899648496994206,0.0001060025579616102,6.107729132054374e-05,0.000372026086552,0.00010232737622569622,3.238422141290577e-05
1,mlp,relu_32_32,lorenz_1000,0.001,,,8,1,64,1955,1.1579189231269992e-05,3.283090225706601e-06,6.780610419809818e-06,1.6401703760493547e-05,1.1842343155876733e-05,3.0300820981210555e-06,1.2211069861223223e-05,3.426946384651442e-06,7.448791620845441e-06,1.717427403491456e-05,1.2346044513833476e-05,3.362252755323425e-06,0.00248339418321844,0.0002875570295320031,0.0020976054947823,0.0029164769221097,0.0025241657858714,0.00028611521702259996,0.00249907167162741,0.00027927275161687535,0.0021113876719027,0.0028856075368821,0.0025475040310993,0.0002483924617990999,0.9998777508735657,3.587976833728635e-05,0.9998251795768738,0.999933898448944,0.9998749196529388,3.37064266204834e-05,0.9998725950717926,3.615536637361242e-05,0.9998192191123962,0.9999253153800964,0.9998720586299896,3.388524055480957e-05,791.5,100.78615976412635,601,940,806.0,66.5,12.645,2.119737011989931,9.08,16.44,12.49,1.7600000000000007,0.00025485659360124,0.00013501387205915608,0.0001031531675835,0.0004941371211316,0.00022380092923405002,0.00011213715333720003,0.00022816092750868925,0.00012300199468003465,8.439044904662296e-05,0.0004313962999731,0.00023519199021390002,0.0001299239702348252,0.0002148814448446302,0.00012052061911063174,6.706033309455961e-05,0.0004177530645392,0.0002397890857537,0.00012102048640371996
1,mlp,relu_32_32,lorenz_1000,0.001,,,16,1,64,2723,1.5105775219126372e-05,4.0863449812070536e-06,9.930033229466062e-06,2.353447416680865e-05,1.3694268545805244e-05,1.7585061868885532e-06,1.6880475868674694e-05,3.894868063029612e-06,1.2621860150829887e-05,2.35828229051549e-05,1.528890197732835e-05,2.047862381004961e-06,0.0028517483966424596,0.0004052714786056087,0.0024096248671412,0.0037187698762863,0.0027162721380591002,0.0001926191616803501,0.00297855297103519,0.00036878829895585426,0.0025595622137188,0.0036098747514188,0.0028398662107065,0.00021778699010609995,0.9998407304286957,4.2355493811890294e-05,0.999755322933197,0.9998937249183656,0.9998546838760376,1.8477439880371094e-05,0.9998250484466553,3.950879660031098e-05,0.9997600317001344,0.9998681545257568,0.9998410046100616,2.2470951080377777e-05,769.1,134.06673711252915,596,946,761.0,138.0,11.745000000000001,2.170683072214827,8.97,14.74,11.535,2.0500000000000007,0.00026741637549997,0.00011609290918969526,0.0001227029875735,0.0005235478689428,0.0002240034453279,4.412178786875e-05,0.00028208681178508,0.00013863458872369723,0.0001035141176544,0.0005323341465555,0.0002166630729334,9.246022091245001e-05,0.00023746756050963127,0.00010338366131523796,9.914692782331258e-05,0.0004277080006431,0.0001885266392491,6.931120879009371e-05
1,mlp,relu_32_32_32,lorenz_1000,0.001,,,4,1,64,2627,7.202275264717173e-06,2.3688017020962413e-06,4.655228622141294e-06,1.124667778640287e-05,6.191703278091154e-06,1.0195733466389356e-06,7.4043855875061125e-06,2.0740903253951452e-06,4.875310878560413e-06,1.1074150279455353e-05,6.783359367545927e-06,1.6081473859230755e-06,0.00201744759688148,0.00029953982470873173,0.0016551188891753,0.0024882913567125,0.0019188837613909999,0.00018847145838664977,0.00201806075638156,0.00025436530952654567,0.0016363265458494,0.002446720842272,0.00198820582590995,0.00021344382548705004,0.999924486875534,2.588138345935004e-05,0.9998794794082642,0.9999529719352722,0.9999347031116486,1.1414289474431794e-05,0.9999221444129944,2.2509618143378746e-05,0.999883234500885,0.999949038028717,0.9999293386936188,1.6599893569890778e-05,784.4,102.25771364547518,629,969,782.5,67.5,14.657999999999998,2.212527061981389,11.33,19.49,14.25,1.255,0.00010767180992841709,6.362515448443845e-05,3.418153246457223e-05,0.0002204911972512,7.830883205315332e-05,2.6264492407769884e-05,9.921625969580535e-05,6.326920311823751e-05,3.335865039844066e-05,0.000201245144126,6.363330248859711e-05,2.6788200557348315e-05,9.339948901467354e-05,5.785208877633414e-05,3.024195575562772e-05,0.0001972131431102,6.84958286001347e-05,3.3255854759772774e-05
1,mlp,relu_32_32_32,lorenz_1000,0.001,,,8,1,64,3011,9.419130356036476e-06,1.6791123797435264e-06,5.553730716201244e-06,1.1210453521925956e-05,9.637933089834405e-06,1.2060231711075176e-06,1.0360825581301469e-05,1.9093583183424106e-06,5.870111635886133e-06,1.288202838622965e-05,1.1042329788324423e-05,1.0371145435783546e-06,0.00228094889316702,0.00022978901322399044,0.0017306311056017,0.0025746903847903,0.0022918565664440003,0.00012257590424270002,0.0023634177399798604,0.00022864021510143515,0.0018103471957147,0.002603321801871,0.00239499378949395,0.00014582823496315004,0.9999007284641266,1.7573269876863837e-05,0.9998831748962402,0.9999422430992126,0.9998981952667236,1.2606382369939606e-05,0.9998908758163452,1.9853533247622983e-05,0.9998643398284912,0.999938189983368,0.999882698059082,1.0460615158081055e-05,660.5,117.99258451275657,502,836,644.0,99.0,12.025,2.1927391545735664,8.94,15.43,11.66,1.7349999999999994,0.00010242816295430172,7.912827346179275e-05,4.1116346801572944e-05,0.0003345487653859,7.697717192058917e-05,6.8571656811400235e-06,9.805361878533714e-05,8.179928346883454e-05,4.272564547136426e-05,0.0003386867174413,7.635696238139644e-05,1.606893965799827e-05,8.883492737367755e-05,6.460220538655037e-05,3.984991417382844e-05,0.0002774343010969,6.820333874202333e-05,1.0880770787480287e-05
1,mlp,relu_32_32_32,lorenz_1000,0.001,,,16,1,64,3779,1.3848526850779309e-05,3.3438039108857716e-06,9.505417438049337e-06,2.173003485950176e-05,1.2853806310886284e-05,2.0435436454135925e-06,1.528354132460663e-05,3.876393030880426e-06,9.23050902201794e-06,2.4416218366241083e-05,1.5129010080272565e-05,1.4656643543276004e-06,0.0027722635306417502,0.0002900474509252325,0.0023104040883481,0.0033308921847492,0.0027203665813431,0.00020080024842175008,0.00289945141412312,0.00028667405143883133,0.0023058671504259,0.0034266768489032,0.0028832223033532,9.112898260354996e-05,0.9998535215854645,3.613994571184696e-05,0.999767541885376,0.9998998641967772,0.9998635351657867,2.0056962966974456e-05,0.999839472770691,4.072981946836094e-05,0.9997427463531494,0.9999040365219116,0.9998413026332855,1.5974044799804688e-05,591.9,78.31915474518351,477,747,573.0,53.0,11.241000000000001,1.7917223557236763,9.04,13.78,10.625,1.4050000000000002,0.000170827306537795,8.353241520804649e-05,5.94965666095959e-05,0.0003549612709321,0.0001547662137454,3.14010052534e-05,0.00015396066919490904,9.436901578913815e-05,5.355918619898148e-05,0.000397311465349,0.00013764918548985,3.541580736054364e-05,0.00013642976045954842,7.494278272976387e-05,4.607125811162405e-05,0.0003154608129989,0.00012972044714835,4.2965093598389e-05
1,mlp,relu_8,lorenz_1000,0.001,,,4,1,64,131,0.00025375936929776207,0.0006147316806169457,1.1212154277018271e-05,0.0020963661372661,4.4363841880112886e-05,1.6719613086024765e-05,0.00026128976123799955,0.0006369588345827448,1.12163752419292e-05,0.0021706556435674,4.3394315071054734e-05,1.304974102822598e-05,0.007437567319720929,0.00868736460467668,0.0022893052082508,0.0331876724958419,0.0040697448421269,0.000873934593983,0.00750388775486494,0.008868735541451324,0.0022012102417647,0.0337947383522987,0.0041224146261811,0.0006892940727994,0.9972394406795502,0.006710078593490231,0.9771261811256408,0.9998794794082642,0.9995269775390624,0.0001774132251740057,0.9971574127674103,0.006951682172087441,0.9763182997703552,0.9998793601989746,0.9995340704917908,0.00014027953147882632,2393.5,619.9971370901643,1855,3954,2171.5,251.5,28.159,7.040352903086605,21.66,45.61,26.34,4.059999999999999,0.00494135784334497,0.002362555402280645,0.0021329874172806,0.0090117174200713,0.0037320811185054,0.0014194710820447998,0.005627211229875651,0.002607305567569011,0.0025824133772403,0.0097813215106725,0.0042647968512028005,0.0016381161985918504,0.00524762368295337,0.002357851517829655,0.0022434324491769,0.0090872235596179,0.0039952306542545,0.0013853679411113002
1,mlp,relu_8,lorenz_1000,0.001,,,8,1,64,227,6.938990354683483e-05,1.944387793182747e-05,2.985919309139717e-05,9.522847540210932e-05,7.192507837316953e-05,1.2796932423952967e-05,6.9552480999846e-05,1.874897055822218e-05,3.085863500018604e-05,9.422985749552026e-05,7.22151125955861e-05,1.2680815416388214e-05,0.005748425447381979,0.000899097694004169,0.0037383513990789,0.0068036778829991,0.005778486840426899,0.0006836885586380508,0.005632513505406609,0.0008150087805313418,0.0037507263477891,0.0066188559867441,0.005706123076379251,0.0005278892349452001,0.9992567002773285,0.00021062838059195124,0.998972713947296,0.9996792674064636,0.9992267191410065,0.00013911724090581723,0.9992563426494598,0.00020170917779395933,0.9989892244338988,0.999670147895813,0.9992302358150482,0.00013819336891174316,2638.0,803.505320455316,1522,3885,2656.0,810.5,32.19500000000001,10.14089073996954,17.62,47.48,32.4,9.505,0.00464373658469407,0.0028348081303540477,0.0010088399809319,0.0099721026606857,0.0038493653177283,0.0012897641630842999,0.00513547384180125,0.0030503401355049258,0.0010482687503099,0.0106485737487673,0.00426896242424845,0.0013948782579973498,0.00488335079280654,0.0029931407035576705,0.0008722761413082,0.0107568819075822,0.00419408478774125,0.0014765518717467496
1,mlp,relu_8,lorenz_1000,0.001,,,16,1,64,419,0.0005022552893933286,0.0007776941467207899,4.516666740528308e-05,0.002069680718705,0.00013576426863435,2.1739491785400004e-05,0.0005487083348270523,0.0008717582321183355,4.793316475115717e-05,0.002292833989486,0.0001289253996219,1.6691061318849995e-05,0.012368584889918512,0.010135853040930462,0.004616905003786,0.0326455943286418,0.0079860896803438,0.00043185311369599994,0.01251935502514237,0.010956395088519684,0.0046632061712443,0.0344039499759674,0.00752143049612635,0.0004634638316929505,0.9945551991462708,0.00847047156249709,0.9774808287620544,0.9995141625404358,0.9985537827014923,0.00022751092910766602,0.9940920054912568,0.009426039196563787,0.9752322435379028,0.9994906783103944,0.9986279904842377,0.00018352270126342773,1992.1,241.0474849485055,1641,2310,2079.0,206.0,25.043,3.8765888355614906,19.37,33.65,24.96,2.6049999999999986,0.0049486831144894905,0.000993129620822081,0.0036913497373461,0.0067991841118782,0.0046170025656465,0.00045671709231100014,0.005591719318181219,0.0011491558416893085,0.0044320784509181,0.0076905055902898,0.0053524794057011,0.00083467410877345,0.0052310364786535,0.0011148117069053661,0.0036816750653088,0.0077930279076099,0.005086199613288,0.0004861059132963497
1,mlp,relu_8_8,lorenz_1000,0.001,,,4,1,64,203,5.576769799517933e-05,2.4794093829258314e-05,2.801643859129399e-05,9.481570305069908e-05,4.278248889022507e-05,1.4003222531755455e-05,5.5203876036102885e-05,2.2883595218702025e-05,3.063409894821234e-05,9.0948939032387e-05,4.3160269342479296e-05,1.1860765880555846e-05,0.00505601170007134,0.0012139426268293707,0.0034638468641787,0.0068328925408422,0.0043369350023567,0.0006100771715864498,0.004993530665524241,0.0010570561322368554,0.003747071372345,0.0066224732436239,0.0043579011689870994,0.0004381499020382994,0.9994037985801697,0.0002676420896540946,0.9989849328994752,0.9997010231018066,0.9995425343513488,0.00015157461166392938,0.9994084060192108,0.0002480751445714404,0.9990214705467224,0.9996711015701294,0.9995386302471162,0.00012740492820728644,1913.0,346.3296117862289,1493,2749,1914.0,173.5,30.141,7.268886365874763,22.65,51.02,28.23,1.450000000000001,0.0031997468799817796,0.0014065592321847796,0.0010229699546471,0.0049805184593424,0.0033469743560999,0.0013176252716221,0.0036727686296216602,0.0018106478391529811,0.0010881061898544,0.006385114043951,0.00402927340473975,0.0015530537348240501,0.00337621970684263,0.0015478936192288473,0.0009610468405298,0.0051495800726115,0.0035092195030301497,0.0015960172750055504
1,mlp,relu_8_8,lorenz_1000,0.001,,,8,1,64,299,5.134810617163687e-05,2.724788812723318e-05,2.248925193271134e-05,0.0001152416734839,4.259811248630285e-05,1.283923484152183e-05,5.189295497984605e-05,2.772957851885866e-05,2.254039645777084e-05,0.0001145653586718,4.410618566907942e-05,1.4839211871731095e-05,0.00501588368788356,0.0013348959100059465,0.0033146077767014,0.0075364434160292,0.0045069253537803,0.0008014147169888002,0.004953558393754,0.0013298480857585086,0.0032850138377398,0.0073515605181455,0.0045418173540383005,0.0009560245089232997,0.9994499623775482,0.00029378337989963154,0.998760998249054,0.9997653365135192,0.9995430111885072,0.00013571977615361996,0.999445229768753,0.00029827315251738923,0.9987696409225464,0.9997614622116088,0.999528169631958,0.0001607239246367853,1634.2,315.9363226981032,1188,2151,1547.5,262.0,24.563,4.738976788295127,17.9,33.11,23.68,2.835000000000001,0.0043076817673863305,0.002957669902928324,0.0009284013125579,0.0108777035959064,0.00313247783342375,0.00083134664455435,0.0050098112027625995,0.003951348221890049,0.0009001453290693,0.0144505519419908,0.0032535715727135,0.0006805115845054,0.0044581887486856,0.0030415597374605164,0.000889151066076,0.010769142769277,0.0031666393624618,0.0008877693908288498
1,mlp,relu_8_8,lorenz_1000,0.001,,,16,1,64,491,0.001986392919934567,0.005683246493919419,2.588909228506964e-05,0.0190340112894773,5.853667244082317e-05,2.858146126527572e-05,0.0021281548182741808,0.006128138971890389,3.126460433122702e-05,0.0205114502459764,6.238249625312164e-05,3.0615956347901374e-05,0.015014531393535379,0.026703873850862703,0.0035877034533768,0.0947436466813087,0.00544547196477645,0.0014585375320166002,0.015234304335899604,0.027798915818092275,0.0038351649418473,0.0983949229121208,0.0056098038330673495,0.0017129381885751993,0.9760635256767273,0.06886319617222095,0.7694942951202393,0.999724507331848,0.9993820190429688,0.0003110170364379883,0.9741791486740112,0.07474084652680531,0.7499671578407288,0.9996697902679444,0.9993367791175842,0.0003307461738586981,1469.0,503.36010966305224,561,2397,1444.5,239.0,21.572000000000003,7.407869869267413,8.18,35.42,21.240000000000002,3.494999999999999,0.005559186274767799,0.007004572749380066,0.000822710833745,0.0261306384578347,0.0034176939516327998,0.0015430082043167,0.005641684483271051,0.007070880116781777,0.0008298722095787,0.0263196714222431,0.0033207369269803,0.0016112974262796498,0.00561729356995781,0.007255879329092734,0.0007322079618461,0.0269466899335384,0.0036628738744184,0.0014208721695467999
1,mlp,relu_8_8_8,lorenz_1000,0.001,,,4,1,64,275,6.971077200432277e-05,8.617215083573701e-05,1.7957010641111992e-05,0.0003216936893295,4.0471604734193534e-05,1.6173268704733346e-05,6.626556496484821e-05,7.542292179152336e-05,1.9000048268935643e-05,0.0002855604398064,4.043316403112839e-05,1.606931164133129e-05,0.00529648335650559,0.0028000384882595096,0.0030041662976145,0.0131467832252383,0.00440537277609105,0.0008763452060520502,0.0052484923973679,0.002653180505879789,0.0031460260506719,0.012690020725131,0.0043652930762618,0.0008576411055400499,0.9992520749568939,0.000931476054114508,0.996526837348938,0.99980628490448,0.9995761513710022,0.0001633465290069025,0.9992934882640838,0.000806847713554233,0.9969478249549866,0.999795377254486,0.9995731115341187,0.00016811490058893375,1677.4,336.61764659625317,894,2009,1775.0,202.5,31.231999999999992,7.2029935443536255,15.47,45.74,32.355000000000004,2.3599999999999994,0.00271853106649355,0.0018542045891014184,0.0003361682553077,0.0061979514546692,0.0021960010984912,0.00103126091707965,0.00296127339825029,0.002126351564900909,0.0003261375240981,0.0067846509627997,0.0023220962611958003,0.0012215219903737502,0.00286432915017935,0.0020590832559641563,0.0003430037177167,0.0070148319937288,0.00227330805500965,0.0010870912228711
1,mlp,relu_8_8_8,lorenz_1000,0.001,,,8,1,64,371,0.00027083900240539553,0.0006113967183999986,2.5096363970078528e-05,0.0020988259930163,4.276520667190198e-05,1.2878172128694132e-05,0.00027479922846394974,0.0006342652658693111,2.7467644031275995e-05,0.0021739907097071,4.813141276827082e-05,1.4436222045333125e-05,0.00828202562406655,0.008508074865014096,0.0034972191788256,0.0332587733864784,0.00480950321070845,0.0007367641665041499,0.00826421612873668,0.008667575590718428,0.0035737687721848,0.0338565520942211,0.0050434581935405,0.0007964114192873001,0.997062760591507,0.006673431453407733,0.9771077036857604,0.9997329711914062,0.999549925327301,0.00013133883476257324,0.9970279335975647,0.006887169742347111,0.9764047265052797,0.9997074007987976,0.9994900822639465,0.00015497207641601562,1623.5,391.82145168430986,1131,2437,1432.0,215.5,28.397,6.9894836003813605,19.39,42.93,25.25,4.0600000000000005,0.00575502797262737,0.007888751822439229,0.0013970475876703,0.0290585566312074,0.0032635574403684,0.0008131936658173999,0.006023696681950189,0.008193417946006924,0.0015055235708132,0.0301111582666635,0.00331664085388175,0.0007133587496355501,0.00582189754350105,0.007626675944136427,0.0014060320099815,0.0282661393284797,0.003499697195366,0.0009673745371401002
1,mlp,relu_8_8_8,lorenz_1000,0.001,,,16,1,64,563,0.0001538900818559001,0.00011697655023811034,3.50854461430572e-05,0.0004292408411856,0.00012290672384545,6.725147613899574e-05,0.0001475212673539908,0.00010639186270521897,3.218151687178761e-05,0.0004020238120574,0.00012892634549635,7.129620280457198e-05,0.008350002206861929,0.003302592436106933,0.004187295679003,0.0149478036910295,0.00801883311942215,0.00272199348546565,0.00812377347610886,0.003132653328483679,0.0040046032518148,0.0146444514393806,0.00787710328586395,0.00258166901767255,0.9983561933040619,0.001242933831101855,0.9954573512077332,0.999631643295288,0.9986816644668579,0.0007206499576568048,0.9984364092350007,0.0011335391157118269,0.9957359433174132,0.999671757221222,0.9986291825771332,0.0007602274417877197,1512.0,412.33166262124473,1047,2287,1530.5,398.0,26.731,7.268407597266405,18.2,40.3,27.45,7.59,0.00824793054256584,0.007185173697322721,0.0016489708563312,0.0229034064337611,0.0054320339346304505,0.0034999875177163502,0.00894157275324683,0.007101559059775189,0.0016813244437798,0.0212269052863121,0.0062293731607496496,0.004329680290538849,0.008286445285193579,0.007156980191542303,0.0016001921612769,0.0222049001604318,0.00554337026551365,0.00349581940099595
1,mlp,relu_16,lorenz_1000,0.001,,,4,13,64,259,0.007645521266385851,0.0014183372510873135,0.0050197457894682,0.0097316456958651,0.0072555136866867005,0.0008086955640465004,0.00824863757006819,0.0013323544198678991,0.0061964052729308,0.010364145040512,0.00793412234634155,0.0010332122910768002,0.06331729777157301,0.006031659776721378,0.0501594059169292,0.0705985426902771,0.0626170057803392,0.004613734781742099,0.06584626659750936,0.005437837280873118,0.0553970150649547,0.07346872985363,0.0652666203677654,0.00482269562780855,0.9180120170116425,0.016640677009586796,0.8919550180435181,0.9477551579475404,0.9226233661174774,0.009524762630462702,0.9107988357543946,0.01488238182564735,0.8880885243415833,0.9341611266136168,0.9137953817844391,0.012034803628921398,3985.3,1472.9514622009783,2456,7755,3625.5,778.5,47.031,16.96020663199597,28.4,90.03,41.995000000000005,8.574999999999996,0.03597435227595263,0.0022388094684263568,0.0313791529275476,0.0393049953505396,0.036032778490334705,0.0012038337066769995,0.043330808356404245,0.002498563329662667,0.038780853152275,0.0468618981540203,0.043554197996854754,0.0023288298398255955,0.03883830122649664,0.0019029677049330338,0.0353874936699867,0.0420082844793796,0.03845210745930665,0.0010274890810250993
1,mlp,relu_16,lorenz_1000,0.001,,,8,13,64,451,0.012644219957292018,0.0044671577267690905,0.0054729762487113,0.0185290947556495,0.012459310237318201,0.004497956950217451,0.0135686765890568,0.004855839240987802,0.0056494283489882,0.0203107167035341,0.01418589055538175,0.004500672686845049,0.07772581987082954,0.01424571887777877,0.0525656454265117,0.0969709306955337,0.07887426018714899,0.014160230755805948,0.08180760145187371,0.0158752153240348,0.0530235767364501,0.1051633581519126,0.0856060199439525,0.0103132463991642,0.8644226253032684,0.048964010920394783,0.7976055145263672,0.9430647492408752,0.8693758249282837,0.046994984149932806,0.8495382964611053,0.05765248535694367,0.7655901908874512,0.9423934817314148,0.8429747223854065,0.05029037594795227,3231.8,1111.9360413261188,2076,5311,2762.0,450.5,37.983999999999995,12.989753808290594,24.66,62.92,32.675,5.315000000000001,0.03510269891470665,0.00133027634750003,0.0334212280809879,0.0371538197621703,0.03493895363062615,0.0013848977163434008,0.0431628696620464,0.002084635466301491,0.0401609987020492,0.0466226860880851,0.0432394370436668,0.0018602479249239003,0.03989007212221618,0.001860778057368583,0.0369827710092067,0.042866688221693,0.039783781394362394,0.0013707596808672055
1,mlp,relu_16,lorenz_1000,0.001,,,16,13,64,835,0.01890896037220949,0.007808643739364723,0.0119536137208342,0.0409630015492439,0.01618557143956415,0.001282045152038302,0.02079320298507804,0.007273425214842527,0.0145504502579569,0.0413382574915885,0.0179535765200853,0.0011795638129115,0.09571284428238865,0.022032546227785877,0.0748068764805793,0.1565753519535064,0.08762642368674275,0.004703868180513403,0.10221322253346439,0.02026561244632578,0.0826746001839637,0.1581891179084777,0.09447552263736719,0.0034596212208271027,0.7780698716640473,0.13975145962440666,0.3699057102203369,0.8774593472480774,0.8288981020450592,0.011200100183486938,0.7484867006540299,0.12494334231481176,0.3897098004817962,0.8370988368988037,0.7993643879890442,0.021351516246795654,1744.3,465.2528452357922,554,2260,1886.0,236.5,20.805,5.626603327052654,6.53,27.68,22.375,2.83,0.03340636707842344,0.002844815698035408,0.0267731795087456,0.0370260698720812,0.0339742347598075,0.0019296244718134022,0.042340647056698745,0.004614417235633647,0.0322600379586219,0.0471802689135074,0.04412029869854445,0.002595266327261904,0.040017900615930524,0.00452598321320718,0.0307597108185291,0.0447396896779537,0.040871215984225245,0.0026569776237011025
1,mlp,relu_16_16,lorenz_1000,0.001,,,4,13,64,531,0.0028667587670496903,0.0011077502206363376,0.0014949050964787,0.0049091349355876,0.00284646858926855,0.0009936700807884502,0.0032220566528848803,0.0012664869215893494,0.0015950624365359,0.0054997657425701,0.0032076084753498,0.0011202049208805,0.0386687053367495,0.007368237808850632,0.0286009181290864,0.0519208759069442,0.039373794570565154,0.007145768031477949,0.041333773545920806,0.008217668035609454,0.0294780824333429,0.0554524287581443,0.0424942653626203,0.00705797784030435,0.9690320789813995,0.0120486347356159,0.9474284648895264,0.9838378429412842,0.9694197773933411,0.010743319988250732,0.9650707185268402,0.013971366435224513,0.9398984909057616,0.982919692993164,0.9654744863510132,0.012348979711532537,2904.2,800.2229439350011,1817,4057,2945.0,745.5,42.650999999999996,11.91626573218305,26.45,60.13,44.2,10.645,0.03304051387123759,0.003483474407822219,0.025036799069494,0.0379759544506669,0.0337552945129573,0.001802850328385848,0.04004822410643098,0.0039281578984598576,0.0298526100814342,0.0439694933593273,0.0418869238346815,0.001741187646985054,0.03549563009291882,0.0032515509897628235,0.0279477592557668,0.0394843444228172,0.036426965147256796,0.0017331130802631552
1,mlp,relu_16_16,lorenz_1000,0.001,,,8,13,64,723,0.0035418410669080295,0.0031460441965281546,0.0014509126776829,0.0125052575021982,0.00262803200166665,0.0010501070646569003,0.004180484544485739,0.0038440063595603148,0.0014799508498981,0.0150680867955088,0.0026673417305572997,0.0010196246439590998,0.04008663836866611,0.01422305873820701,0.0278298966586589,0.0775184035301208,0.0365341696888208,0.0077739283442497045,0.04355390127748245,0.016932600086508105,0.0284234154969453,0.0872847139835357,0.0366783775389194,0.007332135923206799,0.9623963952064514,0.03329077090667046,0.867935836315155,0.9849255681037904,0.9727303385734558,0.010783463716507014,0.9541968405246735,0.04448427150061185,0.8270795345306396,0.984194040298462,0.9720420241355896,0.010287612676620594,2082.0,303.7317895775811,1662,2512,2135.0,283.0,32.285000000000004,4.599683141260928,24.36,40.92,33.265,1.7749999999999986,0.032179749971255625,0.0034033284648095166,0.025527991913259,0.0369539946317672,0.03314643353223795,0.00106099052354695,0.03902478069066997,0.003838855412864595,0.0314761400222778,0.0444041453301906,0.04046871885657305,0.0009555239230394467,0.036113801226019815,0.003451956366327214,0.0291410330682992,0.0400819182395935,0.03714569285511965,0.0017443038523197
1,mlp,relu_16_16,lorenz_1000,0.001,,,16,13,64,1107,0.00901479893364008,0.005195419181606725,0.0029459143988788,0.0194989498704671,0.0069875239860266,0.0022136901970952493,0.01053569593932476,0.005130767708592768,0.0038646061439067,0.0206877402961254,0.008930546697229098,0.0030364713165908987,0.06217983551323412,0.01655298680614218,0.0395819023251533,0.0960279032588005,0.0581518709659576,0.01021267101168635,0.06880708299577233,0.016550538822862455,0.0432238578796386,0.1019332036375999,0.0648555904626846,0.011519147083163303,0.901886785030365,0.059226002827744796,0.782260000705719,0.969068706035614,0.9256252944469452,0.022555023431777954,0.8818693578243255,0.06285157414331824,0.7523409128189087,0.9582560062408448,0.9027325809001923,0.03418838977813715,2138.6,435.9550894300925,1647,2792,1932.5,265.0,33.791,8.628940201438413,24.95,52.62,33.06,6.950000000000003,0.030377557557076152,0.003820208888952901,0.0256159406155347,0.037069521844387,0.02947229053825135,0.0023929556831717522,0.03798908647149798,0.004958261209471108,0.0304847564548254,0.0467063672840595,0.03727001138031475,0.002852169796824452,0.03599030338227742,0.005276531540154558,0.0292074773460626,0.0457231625914573,0.035257639363408,0.003454232588410402
1,mlp,relu_16_16_16,lorenz_1000,0.001,,,4,13,64,803,0.00103410533920391,0.00037500260882518643,0.0004614815406966,0.0017886242130771,0.0009536032448522499,0.00026406571851109997,0.00120869578386187,0.0004535114202904724,0.0004815594002138,0.0021280879154801,0.0011553509393706501,0.00025382597232235,0.023449298739433237,0.004228070066314773,0.0161003973335027,0.0305300615727901,0.02260064799338575,0.00275819562375545,0.0250461401417851,0.004532523619352679,0.0163190066814422,0.0324394740164279,0.0250928541645407,0.0035176621749997,0.9889344990253448,0.004049963305263657,0.9806801676750184,0.9951097369194032,0.9898331761360168,0.0028217136859894354,0.9871475636959076,0.004896801414988366,0.9771023392677308,0.9949002265930176,0.987975388765335,0.0030133724212645374,1583.4,249.3412119967335,1083,1976,1568.5,70.5,27.969,4.479512138615098,19.0,35.64,27.630000000000003,1.134999999999998,0.02955918704159553,0.005925336748089356,0.0206321841105818,0.0376188876107335,0.0289970592129975,0.006262187287211399,0.03512493520975108,0.0072490540338864895,0.0239870138466358,0.0429905951023101,0.03691597841680045,0.005866911262273747,0.03172913733869786,0.006405093547951309,0.0216320194303989,0.0390587821602821,0.033832643181085545,0.0048280302435159544
1,mlp,relu_16_16_16,lorenz_1000,0.001,,,8,13,64,995,0.00157214324572117,0.0005353821958828713,0.0007175580249167,0.0026157482061535,0.0016651888145132999,0.0003144463407807,0.00193242839304726,0.0006949617150244191,0.0008636938291601,0.0030832807533442,0.00206301978323605,0.0005215592100284999,0.02820696923881763,0.0048439101818456365,0.019801614806056,0.0372267886996269,0.0287386076524853,0.0028953021392225976,0.031152327358722635,0.005773609473835485,0.020626738667488,0.0406272076070308,0.0324682183563709,0.0035681985318660996,0.9833537638187408,0.005696639951632413,0.9720959067344666,0.9923264980316162,0.982283741235733,0.0030747056007385254,0.9794370055198669,0.007387134960846368,0.9676835536956788,0.9908357262611388,0.9779045283794402,0.005745172500610407,1833.5,334.6817144691356,1270,2539,1832.5,161.5,32.382999999999996,6.153716031797372,22.07,45.82,32.5,3.3550000000000004,0.03229809704236681,0.00408081231035916,0.0242798083461821,0.0371170381084084,0.033896965254098105,0.0017708128318190512,0.038489756919443556,0.004599951157609222,0.0309220496565103,0.0449874140322208,0.038009433075785595,0.003112507984042154,0.03600683920085424,0.004864080803525709,0.0270043890923261,0.0440206862986087,0.03689563460648055,0.0014776680618524482
1,mlp,relu_16_16_16,lorenz_1000,0.001,,,16,13,64,1379,0.0038037570426240203,0.0017111552233488887,0.0018610074184834,0.0064351866021752,0.0033425283618271004,0.0011099362745881003,0.00494654106441881,0.0023689433401297842,0.0024009752087295,0.0091736009344458,0.0044218632392585,0.0018545035272837,0.04158634264022108,0.008784374790204224,0.0307194702327251,0.0555916093289852,0.040287209674715954,0.0075243348255753534,0.04698977544903752,0.01127497303499999,0.0335166789591312,0.0669445544481277,0.046144912019371945,0.011587956920266144,0.9593541264533997,0.018703304341542635,0.9288480281829834,0.9804945588111876,0.9642553329467773,0.012591570615768433,0.9465682983398438,0.026673293250365212,0.8970062732696533,0.9748741388320924,0.9526739418506622,0.02025324106216425,1846.6,447.7803479385847,1002,2517,1898.0,215.5,32.948,7.87908979514766,17.73,44.36,34.3,4.499999999999998,0.027765288767404805,0.00218181281322262,0.0248955441638827,0.0313259523361921,0.027571793389506598,0.0021642767824232995,0.03542556092143053,0.004140168370549047,0.0294575057923793,0.0420745052397251,0.03492763265967365,0.0034984052181244,0.0322179805487394,0.003649123126714616,0.0273283515125513,0.0377489775419235,0.03231452777981755,0.0034790588542819023
1,mlp,relu_32,lorenz_1000,0.001,,,4,13,64,515,0.00545156961306924,0.0022092414542735513,0.0034386042971163,0.0112402318045496,0.00481870351359245,0.0010813554981723504,0.0063461707439273094,0.0026194485893907536,0.0039416067302227,0.0133062219247221,0.005665443371981349,0.00113664963282645,0.051270993426442105,0.009675107505184148,0.0397919416427612,0.0745458751916885,0.04973095841705795,0.007254708558321003,0.05566547401249402,0.01039651422062814,0.0433742552995681,0.0803794562816619,0.0535603258758783,0.00654458440840245,0.9431009709835052,0.022824933469259852,0.8829852342605591,0.964288055896759,0.9487020075321198,0.012558430433273204,0.9323553800582886,0.03002493874257057,0.8518770933151245,0.9596533179283142,0.9399991929531097,0.012414753437042236,3871.8,878.3297558434417,2963,6247,3678.5,290.0,45.931,10.382532879793832,34.87,73.55,43.260000000000005,4.245000000000001,0.032484686272218774,0.00364814818221835,0.0250664616934955,0.037976979650557,0.03264361992478365,0.002937676012516051,0.03986784480512138,0.003739011323960355,0.0320828519761562,0.0435822904109954,0.04106054641306395,0.0021376721560955048,0.03522833604365582,0.003419080601326,0.0289206150919199,0.0396207012236118,0.0356740858405828,0.0028925985097884993
1,mlp,relu_32,lorenz_1000,0.001,,,8,13,64,899,0.00877089384011918,0.002094249523000846,0.0056717889383435,0.0138962920755147,0.00823502708226435,0.0006369610782712507,0.00979465264827007,0.0022772483435173677,0.006505137309432,0.0152731491252779,0.0092437206767499,0.00110442098230125,0.06309753283858296,0.0065503796762418865,0.0539475530385971,0.0782639533281326,0.0618805009871721,0.0027096699923277005,0.06816509552299972,0.006747870290101536,0.0574364028871059,0.0838575810194015,0.06719034165143964,0.003371901810169192,0.9113857090473175,0.02274137760453725,0.852199137210846,0.9427505135536194,0.917498916387558,0.006447345018386785,0.8954164206981658,0.0275839986934489,0.8266916275024414,0.93321293592453,0.9021440744400024,0.012115150690078735,2653.7,565.6935654574834,1841,3913,2563.5,360.5,31.486,6.554301183192607,21.87,45.84,30.295,4.030000000000001,0.030244249105453452,0.0020985029300363395,0.0269268944859504,0.0340677080675959,0.0298041882924735,0.0018781496211885997,0.0368575375527143,0.002408875923546207,0.0341827385127544,0.0423905625939369,0.03640770167112345,0.0019391030073165998,0.03374018464237448,0.0021952258622177285,0.0309206638485193,0.0388043187558651,0.03351098299026485,0.001491999253630652
1,mlp,relu_32,lorenz_1000,0.001,,,16,13,64,1667,0.011042516864836172,0.002835269059800367,0.0073860688135027,0.0157290436327457,0.011058751028031048,0.0028405175544321502,0.01379891019314522,0.0029612694122123063,0.0099284863099455,0.0190388932824134,0.0142099815420806,0.0026890728622674994,0.07207448035478588,0.00872035466900431,0.0618062615394592,0.0857947692275047,0.0721261017024517,0.009162820875644712,0.08176999613642685,0.00900535804044507,0.0705058574676513,0.0976891219615936,0.08168191090226165,0.008856751024723046,0.8854218542575836,0.03246094699196603,0.8287107944488525,0.9234002232551576,0.8875159919261932,0.03127500414848322,0.8456640124320984,0.03727803824907644,0.774089515209198,0.8936119079589844,0.8400973677635193,0.03228136897087097,1994.9,604.9175894285104,1375,3570,1858.0,323.0,24.915999999999997,7.92503148258731,16.55,45.92,23.925,3.91,0.027995875631459,0.0029272273539186237,0.0227053043432533,0.0347587253898382,0.027935170289128952,0.0010613995604216997,0.03510026745498176,0.0034076094536023495,0.0280221886932849,0.0394154042005538,0.0351531524211168,0.0024663377553224494,0.032731010392308205,0.0032319942412151396,0.0256210397928953,0.0365514755249023,0.032817406579852104,0.0024237409234046936
1,mlp,relu_32_32,lorenz_1000,0.001,,,4,13,64,1571,0.00089575769088691,0.00037083895641462156,0.0004033715522382,0.0018195117590948,0.0007798793667461,0.00022064396762289996,0.00117271367344069,0.0006045090299359999,0.0005221127648837,0.0027778116054832,0.0010018374305218,0.00019105421961285006,0.021491334307938762,0.004635252079820752,0.0142797706648707,0.0324274897575378,0.0203278930857777,0.003018683753907651,0.02409828472882505,0.005571825429916769,0.0161992702633142,0.038215521723032,0.02284688316285605,0.0018314961344003504,0.9906427919864654,0.0037467145887447877,0.9815104007720948,0.9956527948379515,0.9918490052223206,0.002112597227096502,0.9875276148319244,0.006568098377669789,0.9700087308883668,0.9944179058074952,0.989517092704773,0.0020478367805480957,1592.3,300.43303746425755,1155,2020,1551.0,299.0,24.01,4.367953754333945,17.44,30.14,23.025,3.6450000000000014,0.02353055458981538,0.004027419537929458,0.0171419008634984,0.0314065603539347,0.0232168299145996,0.0022002147976309012,0.02807858977466817,0.005284594978692412,0.0186418201774358,0.036689069122076,0.02839584834873675,0.0032995240762829503,0.024982701987028073,0.004109899274898944,0.0172759257256984,0.0314921513199806,0.025405913591384853,0.0025429362431168504
1,mlp,relu_32_32,lorenz_1000,0.001,,,8,13,64,1955,0.00093925629626024,0.0002820962813790956,0.0007085691322572,0.001713375095278,0.00088805452105585,0.00011863626423289997,0.00109638732974412,0.0002687731309065598,0.0007651647320017,0.0017935147043317,0.0010169535526074,0.00012244551908225,0.021151773817837193,0.0024668489696522433,0.0184736363589763,0.0278421882539987,0.02066863793879745,0.001009983941912651,0.02326391860842701,0.002804668703009261,0.0211096294224262,0.0307688098400831,0.021874257363378953,0.0007134014740586038,0.9900081932544709,0.003076274948097834,0.9815254807472228,0.9925174713134766,0.9906780421733856,0.0012718141078947864,0.9884608268737793,0.0028609018040380214,0.9810011386871338,0.9920603036880492,0.9892250299453736,0.0013843178749083918,1715.2,256.1303574354278,1392,2106,1712.0,251.5,26.111,4.017751734490323,20.97,31.89,25.8,3.985000000000001,0.02465989850461476,0.0029968243301770033,0.0191303187981247,0.0282753871753811,0.0260965476743876,0.0017883513122797512,0.029544598422944497,0.004031076377579229,0.0221471060067415,0.0363927222788333,0.0303434589877724,0.0030199503526090986,0.02753645628690715,0.002862062125232517,0.0225905906409025,0.0327542349696159,0.02732254844158885,0.002385540865361701
1,mlp,relu_32_32,lorenz_1000,0.001,,,16,13,64,2723,0.0016983214591163697,0.0005914236193098743,0.0009106385405175,0.0030190639663487,0.0016911957645788498,0.0003268817672506002,0.00256862528622145,0.000972148663515609,0.001395697123371,0.0044815763831138,0.00228780717588955,0.0007053776062094,0.027342864125966992,0.00472562518340289,0.0207455791532993,0.0374189019203186,0.0276645207777619,0.0033034784719348006,0.032785149477422185,0.005498563367774663,0.025210928171873,0.0425036512315273,0.032530570402741404,0.004192555323243204,0.9820838749408722,0.006344547864747662,0.9679465889930724,0.9906362891197203,0.9821795523166656,0.003624647855758667,0.9728363156318665,0.01008586043935759,0.9538785219192504,0.985504150390625,0.9753433167934418,0.00700163841247553,2102.6,335.64868538398895,1626,2945,2089.5,145.0,32.84,5.646600747352339,24.7,44.77,32.09,3.41,0.022639058600179812,0.0019481371680140861,0.0203127582557499,0.0259717333130538,0.02244438403286035,0.0019628528738394515,0.028459478169679604,0.002124881775427324,0.0255417246371507,0.0329924039542675,0.0286101950332522,0.0011682445183396513,0.02642395254224534,0.0023795769082572632,0.0224603712558746,0.0305377691984176,0.026437144726514802,0.0015011308714746995
1,mlp,relu_32_32_32,lorenz_1000,0.001,,,4,13,64,2627,0.00042859884269996,0.0001587038323913619,0.0002486402227077,0.0007521091611124,0.00039110702346075,8.303395588885e-05,0.00050521707453296,0.00021980201321774093,0.000316615041811,0.0010107678826898,0.0004391792026581,8.145108586175002e-05,0.01479925177991386,0.002694384610402281,0.0118499109521508,0.0204377826303243,0.014028348494321101,0.00108392350375655,0.016365680005401333,0.003476850436636468,0.0130977230146527,0.0239453800022602,0.0153217269107699,0.001494717784225899,0.9954757571220398,0.0016671228995464502,0.9921397566795348,0.9974138736724854,0.9959005415439606,0.0008739233016967773,0.9947059631347657,0.0023092757449335254,0.9894973635673524,0.9967257976531982,0.9954651594161987,0.0008764266967772882,1081.3,164.8290326368507,789,1322,1094.0,106.5,19.504,2.9920100267211676,14.14,23.78,19.79,1.745000000000001,0.02013088978361334,0.005672838142062212,0.0126735642552375,0.0295977985486388,0.018107707565650298,0.0025303025031462485,0.02245260979980224,0.007446696663117341,0.0120925996452569,0.0361148826777935,0.0206092623993754,0.004455496557056951,0.02052286369726058,0.007330830657873007,0.0114709539338946,0.0322649739682674,0.0186804356053471,0.004948227200657101
1,mlp,relu_32_32_32,lorenz_1000,0.001,,,8,13,64,3011,0.00054102825815784,0.00018427538843096976,0.0002675678406376,0.0008764616795815,0.00050638958055055,6.567480158994998e-05,0.00064169866382138,0.0002120848633926018,0.0003902636817656,0.0010696720564737,0.00058677312335925,9.944857447410005e-05,0.016058247163891728,0.002564802396714378,0.0114451507106423,0.0212756041437387,0.01588338939473025,0.00140541978180405,0.01784620592370626,0.002665375435484189,0.0141827967017889,0.0237348265945911,0.01738240942358965,0.0013716658577323012,0.9943522334098815,0.0019627747991739245,0.9907038807868958,0.9971871972084044,0.9947693347930908,0.0007240176200866699,0.9932957649230957,0.0022714265382944763,0.9888655543327332,0.9959096908569336,0.9938336908817291,0.0012006163597105823,1080.1,140.7646617585536,904,1339,1102.0,128.0,19.817,2.7965444748832446,16.33,24.87,20.035,2.5649999999999995,0.018791324999183352,0.0035519620118065844,0.0134936825372278,0.0244146183133125,0.01840160961728535,0.003283550241030749,0.02173321843147272,0.0044545001350792465,0.0159810632467269,0.0273885075002908,0.0213365098461508,0.004567248746752751,0.02012328309938308,0.0037102422063110445,0.0150296157225966,0.0250306725502014,0.020323546603322,0.0037297038361430515
1,mlp,relu_32_32_32,lorenz_1000,0.001,,,16,13,64,3779,0.00106487952289167,0.00024832721366708637,0.000797645363491,0.0015310707967728,0.00102238656836555,0.00020578262046905006,0.0016332433908246003,0.0004901016751592357,0.0011608129134401,0.0026702114846557,0.0014286859077401,0.0002519727568141999,0.0217777460813522,0.0024898471326114152,0.0188589617609977,0.0274034086614847,0.021794529631733853,0.0018127970397472538,0.02591246273368592,0.0033948547437007504,0.0215097870677709,0.033499751240015,0.0247423648834228,0.00168885383754965,0.9888195514678955,0.002612872473977248,0.9835899472236632,0.991676926612854,0.9891100823879242,0.001984953880310003,0.9827173829078675,0.005333651867416759,0.9712172746658324,0.9880194664001464,0.9851801693439484,0.0024682283401488148,1203.4,247.16965833208573,792,1512,1285.5,212.5,22.584,5.553384913726042,14.38,32.89,23.305,4.789999999999999,0.02014603298157449,0.002505091626948285,0.015297371847555,0.0240304819308221,0.021169824502430802,0.0018405917100608009,0.02524704560637469,0.00409544348014408,0.0182919800281524,0.0339396074414253,0.0257062306627631,0.0021472284570335978,0.024188377987593383,0.005006337605599548,0.015354792587459,0.036370899528265,0.02419245988130565,0.00132172089070085
1,mlp,relu_8,lorenz_1000,0.001,,,4,13,64,131,0.027858415246009783,0.00939875395461081,0.010532759130001,0.0395046807825565,0.0256178900599479,0.008739799261093152,0.029890777356922575,0.00954504532006695,0.0128275193274021,0.0414656363427639,0.02579493727535005,0.008614740334451199,0.12720090225338931,0.02399450113427665,0.0796691849827766,0.1555695980787277,0.1226529851555824,0.023053131997585304,0.13207129165530201,0.023067542718811902,0.0890172943472862,0.1582811176776886,0.1240104958415031,0.023187231272459044,0.6196219742298126,0.17121247897723615,0.3926319777965545,0.8866980671882629,0.6792997717857361,0.1577834188938141,0.6084451884031296,0.15046924357680608,0.4254328310489654,0.8591002821922302,0.6807992160320282,0.11900171637535095,2198.2,1461.1697916395617,463,4678,2359.0,1556.5,25.474,16.927034117056657,5.34,54.78,27.215,17.89,0.040615655388683024,0.003498701311367009,0.0361253559589386,0.047419473901391,0.0409209204837679,0.003451283741742351,0.04903465956449504,0.00470037806526129,0.0433406233787536,0.0574972331523895,0.04877463355660435,0.0037234202027321,0.044128667563199955,0.004491419800506841,0.0392641797661781,0.0531010217964649,0.04341229610145085,0.003267858177423498
1,mlp,relu_8,lorenz_1000,0.001,,,8,13,64,227,0.027763300947844925,0.008303210630681648,0.0186875816434621,0.0408964343369007,0.02484976593405,0.00437137391418215,0.02740649152547115,0.009486567634957073,0.0178137943148612,0.0423008762300014,0.02292055357247585,0.0029178597033024008,0.1218532286584377,0.02164268774106739,0.0965523645281791,0.1557333916425705,0.1146406643092632,0.012582603842020056,0.12078213319182393,0.02378733063326707,0.0951632708311081,0.1581899374723434,0.1094957813620567,0.008428741246461903,0.6297471106052399,0.16402405373250867,0.3649704456329345,0.7869396209716797,0.7019236981868744,0.06373357772827148,0.6469428420066834,0.16010579611531645,0.3740782439708709,0.8022051453590393,0.7259471416473389,0.043170034885406494,2010.7,1041.5641170854533,467,3711,2431.0,454.0,23.512999999999998,12.288331904697236,5.37,43.83,28.09,5.720000000000001,0.03867335943505164,0.002295074772326622,0.0367170073091983,0.0449740435928106,0.038248009048402254,0.0010726297274231515,0.04663630686700339,0.003660431408365072,0.0429035760462284,0.0562311336398124,0.0456846766173839,0.0014701131731271987,0.043784436956047945,0.0033730747624384576,0.0410360842943191,0.0532595627009868,0.042470907792448956,0.0012257266789675071
1,mlp,relu_8,lorenz_1000,0.001,,,16,13,64,419,0.022659993916749912,0.004565075394084961,0.0170969441533088,0.0316885523498058,0.0227959984913468,0.003650967031717302,0.023763691820204207,0.003779831066853636,0.0186166260391473,0.0317103303968906,0.02350709121674295,0.0022567911073565518,0.10943444371223447,0.011551375804561968,0.0939681977033615,0.1308836787939071,0.10983961075544355,0.010424360632896444,0.11376729682087894,0.009149609828217373,0.0998573899269104,0.13145312666893,0.11298388615250585,0.005366064608097097,0.7352601766586304,0.06978975755149254,0.5796701312065125,0.8117027878761292,0.7430892884731293,0.041596055030822754,0.7119153141975403,0.05735609267134294,0.5902838110923767,0.7801597714424133,0.7243951559066772,0.031728267669677734,2011.4,439.9216293841438,995,2747,2137.0,89.0,23.932,4.532663234788131,14.6,31.71,25.185000000000002,1.2349999999999994,0.035631333426572334,0.0035850378916891705,0.0272527249995619,0.0393221804872155,0.03620000062510365,0.0016356117092072991,0.04409347176551813,0.004092799278011333,0.0358869433403015,0.0499631129205226,0.0447625257074832,0.0031239762902260486,0.04238980747759337,0.004385759945196556,0.033701229840517,0.0503849796950817,0.042220614850521004,0.001997172832489045
1,mlp,relu_8_8,lorenz_1000,0.001,,,4,13,64,203,0.00978723429143424,0.006238572926657702,0.0039452449418604,0.0267332270741462,0.0072390008717775,0.00173977529630065,0.01010557359550143,0.0061199424849665025,0.0038100208621472,0.0267471764236688,0.00815567327663295,0.0015764234121888499,0.07289330475032327,0.02261292279947381,0.0477408096194267,0.1328873485326767,0.06561787426471705,0.006929730996489497,0.07491239793598646,0.022088194135077874,0.0477511323988437,0.1340721696615219,0.06991841271519655,0.007141403853893245,0.8873574733734131,0.08370806117730813,0.6523427963256836,0.957270622253418,0.920650064945221,0.017697215080261175,0.8860644280910492,0.07729188503612301,0.6704140901565552,0.958853244781494,0.9114484190940857,0.016850858926773016,2846.1,1199.1668315960044,1536,6010,2592.5,421.5,42.870999999999995,18.087335597041374,22.38,87.85,37.905,9.335,0.037413840685039716,0.0016770157286743795,0.0347202450037002,0.0405786097049713,0.037637973483651846,0.0009447382763028006,0.04460462518036361,0.002934149017606658,0.0385297872126102,0.0486674606800079,0.0445746816694736,0.0021429006010293995,0.04023163504898543,0.0014297427952594415,0.0386110506951808,0.0429211556911468,0.04007830843329425,0.001194933429360348
1,mlp,relu_8_8,lorenz_1000,0.001,,,8,13,64,299,0.00953816608525808,0.00664331991972953,0.0024678891059011,0.0240490473806858,0.0072306541260331505,0.0032841035863385008,0.009782064612954788,0.006951149263015262,0.0027281744405627,0.0267336126416921,0.0075513233896344,0.00325291929766535,0.06938328668475147,0.02508100588009495,0.0366118624806404,0.1191764399409294,0.06319161504507059,0.015478294342756296,0.07098507322371002,0.02521395797630226,0.0393457673490047,0.1278397440910339,0.06667961180210111,0.015780339017510456,0.8894754350185394,0.08287345073226685,0.7033272385597229,0.973204791545868,0.9201920926570892,0.036812812089920155,0.8867055416107178,0.08861994138752533,0.6616401076316833,0.9706954956054688,0.9164015054702759,0.03676286339759821,2658.2,515.3398490316852,1307,3115,2694.0,266.5,38.983,7.861831911202376,18.73,46.29,39.56,4.275000000000002,0.0359093027375638,0.0022813981596039746,0.030081433057785,0.0390418844297528,0.036080012284219254,0.001017881091684155,0.042819397151470116,0.002615889974912935,0.0364328175783157,0.0465054176747798,0.043382959440350505,0.0009637512266636519,0.040544008091092064,0.002583848501294901,0.0338948927819728,0.0447240956127643,0.040803432464599554,0.000426186248660098
1,mlp,relu_8_8,lorenz_1000,0.001,,,16,13,64,491,0.02028422169387335,0.01193798463316991,0.0067966328933835,0.0422565415501594,0.016071811318397453,0.006999725010246052,0.02228409489616747,0.012272955162679046,0.0089049497619271,0.0417496301233768,0.01728399004787205,0.0069069494493306,0.0995003644376993,0.03249808499219311,0.0573342926800251,0.1572453081607818,0.09088319167494771,0.020610745996236815,0.10597161054611201,0.0318079493770183,0.0655951350927352,0.1555268764495849,0.0959575623273849,0.01977940276265145,0.7364192813634872,0.1915279077651709,0.3437150120735168,0.9253056049346924,0.8151608109474182,0.08649376034736639,0.723483395576477,0.1746278636133749,0.3823688924312591,0.9006195068359375,0.7962127327919006,0.0882309079170227,1723.2,847.0026918493234,410,3222,1747.0,725.5,25.636000000000003,12.41208862359595,5.85,48.84,26.060000000000002,10.534999999999997,0.035534156356006805,0.004804364961498661,0.0274918628856539,0.0439436461776494,0.03437773361802095,0.002843520417809501,0.043729426525533154,0.006293723534957909,0.0295794773846864,0.0554506815969944,0.04372818954288955,0.0021397490054369007,0.04223688803613182,0.006540004641028063,0.029174730181694,0.0557685606181621,0.041777076199650695,0.002926491200923951
1,mlp,relu_8_8_8,lorenz_1000,0.001,,,4,13,64,275,0.00587951609631995,0.005641019286102098,0.001936463988386,0.019938925281167,0.00363642978481945,0.0009815300581977001,0.00674695335328573,0.006471726333693321,0.0023310256656259,0.0217422042042017,0.00401819392573085,0.00120794819667935,0.05306250602006908,0.023147852102663992,0.032888576388359,0.1060431078076362,0.04493812099099155,0.005928838625550298,0.05709253028035162,0.02522586328584695,0.0360867716372013,0.1121282801032066,0.047715960070490795,0.007181130349636099,0.9347606718540191,0.0649953926462842,0.7687617540359497,0.9789912700653076,0.960642397403717,0.011665314435958918,0.9222947716712951,0.08020288004915427,0.7327889800071716,0.974822998046875,0.9566047191619873,0.013564974069595281,2134.0,592.0435794770517,1250,3107,2094.0,563.0,38.522000000000006,13.819162637439362,21.9,70.97,35.94,9.699999999999998,0.03613059752620752,0.003129214671232565,0.0300317532382905,0.0417377144098281,0.03619998721405859,0.0020395259372890003,0.04300358220934865,0.0035473243240070618,0.0386283732950687,0.0511607192456722,0.042108992114663096,0.0006164200603961979,0.03864313736557956,0.0032164990123233076,0.03456986322999,0.0453471578657627,0.03776466101408,0.0013838205486535991
1,mlp,relu_8_8_8,lorenz_1000,0.001,,,8,13,64,371,0.01407462917268272,0.010550143863401168,0.002063644118607,0.0402138419449329,0.012764713261276449,0.0063697223085909995,0.01461090012453492,0.010694762575665083,0.0028071589767932,0.0409569591283798,0.01198787707835435,0.00633498211391275,0.08352544568479055,0.034080723741595105,0.0326718911528587,0.155996173620224,0.0871144123375415,0.019830659031867953,0.08560799807310102,0.03287619001683637,0.0394545309245586,0.1570803374052047,0.0847649164497852,0.024799242615699754,0.8232967495918274,0.16515854847929407,0.3728480339050293,0.9777532815933228,0.8546823859214783,0.07644808292388916,0.8216147869825363,0.15092077541787735,0.4296643435955047,0.9697815179824828,0.865224152803421,0.07308024168014526,2033.4,959.8902228900969,466,3651,1840.5,535.5,34.999,16.435163795958953,7.98,62.79,31.405,8.290000000000001,0.03650709284469479,0.003561661706121545,0.0264367174357175,0.0406413292512297,0.037238662410527396,0.0008024876005947486,0.04410318583250041,0.004319318913367977,0.0324724242091178,0.0487034581601619,0.0455390308052301,0.0015099719166756023,0.040480764023959594,0.004211411245755578,0.028409844264388,0.0443368591368198,0.041716363281011554,0.0009488593786954949
1,mlp,relu_8_8_8,lorenz_1000,0.001,,,16,13,64,563,0.013204543478786898,0.008458050080499078,0.006444432772696,0.0370566882193088,0.0102075156755745,0.0018531028181314494,0.014329909346997679,0.008495801037310735,0.0065314825624227,0.0378857254981994,0.01136110536754125,0.0021877572871744997,0.07984351925551889,0.024128122555587262,0.0586387030780315,0.1462361216545105,0.0720527172088623,0.007560949772596401,0.08458676189184185,0.023877388036381234,0.058111235499382,0.1486446857452392,0.07815045118331905,0.008356455713510548,0.8433616816997528,0.12628912325181266,0.4787905812263489,0.9312605261802672,0.89040607213974,0.01819008588790899,0.8254053592681885,0.13250025223143444,0.4462841153144836,0.9282371401786804,0.8731268048286438,0.026342868804931696,1641.3,400.5970668889127,897,2493,1595.5,170.0,28.866999999999997,6.977896602845301,15.58,43.55,28.905,2.4400000000000013,0.037714021136052864,0.0033584962984681884,0.0338194208219647,0.0436183761805295,0.036219303868710945,0.002343127573840295,0.046233202889561606,0.005042261398590733,0.0413532219827175,0.0563282407820224,0.04393132030963895,0.0014194734394550462,0.04466341100633141,0.004988343424491109,0.0401899255812168,0.0553627163171768,0.04250821657478805,0.001667683944106102
1,mlp,relu_16,lorenz_1000,0.001,,,4,25,64,259,0.025047782622277682,0.003276321146860179,0.021432165056467,0.0339167639613151,0.02422393392771475,0.0013018613681196993,0.026872031204402402,0.0028119491988371085,0.02371247112751,0.0345384739339351,0.026176918298006002,0.0008391244336963012,0.1158752396702766,0.008581035854065272,0.1067427024245262,0.1387850493192672,0.11371145024895665,0.0037877112627029558,0.1214022353291511,0.0071738226347138,0.1138909980654716,0.1404741704463958,0.11909605935215944,0.0017286576330662051,0.6946370601654053,0.05609610705985057,0.5369502305984497,0.7470498085021973,0.7082999348640442,0.017679840326309204,0.6550048053264618,0.04917657357686803,0.5186284780502319,0.7052584886550903,0.6664536595344543,0.016170501708984375,1756.2,299.9299251491921,1309,2152,1689.0,311.0,21.198,3.2008836280002435,16.53,24.74,21.564999999999998,3.020000000000003,0.03664566661696877,0.0026849450714751316,0.0307185256853699,0.0403345838189125,0.037168859411030944,0.0014297969872132006,0.04586505405604836,0.0032586075996481243,0.0376069359481334,0.0491868294775486,0.04672669805586335,0.0008646640926599468,0.04217246584594244,0.003321026182712497,0.0346181876957416,0.0458532869815826,0.04316874966025345,0.0016180500388145516
1,mlp,relu_16,lorenz_1000,0.001,,,8,25,64,451,0.02363246865570541,0.0033206268711100406,0.0187559202313423,0.0311900917440652,0.023278840817511,0.0019078105688095006,0.025198797695338664,0.0033035739047505026,0.0199908874928951,0.0327445417642593,0.0249643381685018,0.0020023332908749494,0.11382867991924284,0.009963946707521402,0.0989408940076828,0.1356659233570099,0.11271755769848821,0.0067030973732471605,0.11895900964736934,0.009313452221643983,0.104032889008522,0.1391082853078842,0.11815190687775609,0.006045680493116351,0.7172268033027649,0.05069569891887775,0.5981215238571167,0.7848424911499023,0.7229693830013275,0.030908197164535522,0.6813323855400085,0.05605479063931313,0.5488697290420532,0.7617722749710083,0.6850357055664062,0.03451111912727356,1635.1,401.5533463937264,1048,2615,1585.0,107.0,19.387,4.496805644009979,13.36,30.43,18.72,1.045,0.034094046084210246,0.003732226119611598,0.0274420965462923,0.0405745465308427,0.033975674398243394,0.0029494740534573936,0.04523128941655151,0.005531266374449325,0.0340564511716365,0.0550513640046119,0.04410431347787375,0.002280941233038899,0.042203978821635214,0.0056006677852294216,0.0319017618894577,0.0537132322788238,0.04040422476828095,0.002598712220788002
1,mlp,relu_16,lorenz_1000,0.001,,,16,25,64,835,0.023174826614558657,0.007127263467522545,0.0178978964686393,0.0434746891260147,0.020896879024803597,0.0020841155201196462,0.025159388408064802,0.006672501129375136,0.0193383041769266,0.0435507930815219,0.02283800765871995,0.0015468932688235994,0.1129304431378841,0.016769528597252083,0.0985338389873504,0.1598334908485412,0.1077700667083263,0.005778331309556947,0.11942517906427379,0.015665483670879807,0.1051442995667457,0.1612735092639923,0.11341326311230655,0.004301071166992208,0.7132488042116165,0.13707378820396318,0.3125312626361847,0.7978732585906982,0.7582777738571167,0.02850925922393799,0.6684169173240662,0.12594587576151192,0.3135577440261841,0.7654001116752625,0.7135980427265167,0.025018692016601562,1709.9,524.0166886655423,640,2513,1740.0,393.5,19.624,6.045673163511239,6.99,27.86,19.259999999999998,4.615000000000002,0.03561042470650534,0.003961750614369362,0.0300700209207004,0.0422422343658076,0.0352215759663118,0.0036700909129447,0.04285689145326611,0.005405910270492588,0.035445611923933,0.0528934672474861,0.042781515046954155,0.005193263292312598,0.04293820783495897,0.005348448428199565,0.0356853008270263,0.0529906377196311,0.042660590261220904,0.004913829267025053
1,mlp,relu_16_16,lorenz_1000,0.001,,,4,25,64,531,0.01949841286987062,0.002008793989442993,0.0161046646535396,0.0229319222271442,0.020066554658114848,0.0011549359187484013,0.02161296494305129,0.0021819441568643374,0.0184743609279394,0.0247086565941572,0.0217375783249735,0.0020333193242550503,0.09759542495012279,0.007861368860371993,0.0851848646998405,0.1083691418170929,0.09884572774171825,0.006569165736436795,0.10521776229143139,0.008002379455803406,0.0926464796066284,0.1148040369153022,0.10726699233055109,0.006603382527828258,0.7759216904640198,0.027884810631911457,0.7266028523445129,0.8224199414253235,0.7718960344791412,0.0183657705783844,0.7387689769268035,0.03220688263437019,0.6908289194107056,0.7845288515090942,0.7405062019824982,0.03133654594421387,1935.8,478.6973574190691,1140,2756,2112.0,269.5,28.819,6.765211674441533,16.73,39.63,31.415,3.115,0.03363324855454262,0.003404868693488743,0.0284303668886423,0.0390113661065697,0.0337551769800484,0.0030495326034724497,0.04200998879969116,0.0033032325041730316,0.0340619087219238,0.0455608591437339,0.04274603910744185,0.0017200633883476014,0.0387794621288776,0.0025989377835633804,0.0345865450799465,0.0420316271483898,0.039372514933347647,0.002055456861853603
1,mlp,relu_16_16,lorenz_1000,0.001,,,8,25,64,723,0.0171481355093419,0.003902867097664188,0.0125257596373558,0.0245857778936624,0.01659071259200565,0.00300611788406965,0.01894407598301763,0.0037370833905358844,0.0143160661682486,0.026619454845786,0.018766731955111,0.002675926312804248,0.09222747385501856,0.013234559782230709,0.0734934359788894,0.1167315170168876,0.09302032738924025,0.010995749384164852,0.10019912645220752,0.011512725346522628,0.0837954506278038,0.1231473982334137,0.10105529800057406,0.010008785873651505,0.8065914154052735,0.04849801818074335,0.7162302136421204,0.8649593591690063,0.8159314095973969,0.037698209285736084,0.7754437863826752,0.05342446557531209,0.660647451877594,0.8360776901245117,0.7841756343841553,0.03391355276107788,1601.9,729.9043019464949,870,3345,1353.0,409.0,25.333999999999996,14.126570850705418,12.68,63.26,20.765,6.09,0.03358894904144103,0.0035830272512290535,0.0270056597888469,0.0397482423111796,0.03325498187914485,0.0023966450244188517,0.04318616352975364,0.005188920108084794,0.0329537466168403,0.0510773062705993,0.0451983734965324,0.002037951722741148,0.04036712460219856,0.004418943451533523,0.0321440957486629,0.0479309186339378,0.0418722908943891,0.0018695667386054993
1,mlp,relu_16_16,lorenz_1000,0.001,,,16,25,64,1107,0.01383893601596349,0.0027118589042269743,0.0090162092819809,0.0192990079522132,0.01424288051202885,0.001678969245403999,0.01599100669845933,0.0027963696321335685,0.0114774545654654,0.0212913397699594,0.016261292621493298,0.00209570489823815,0.08534699827432629,0.010387579658561808,0.0640398189425468,0.1047519370913505,0.0847450345754623,0.005173277109861402,0.09504130706191061,0.00906549227413675,0.0769869238138198,0.1115755885839462,0.09588952735066411,0.006029803305864299,0.8494069218635559,0.031471133590865764,0.7829113602638245,0.903562605381012,0.8452133536338806,0.01666131615638733,0.811202996969223,0.03790737058814794,0.7347449064254761,0.868483304977417,0.8109746873378754,0.026179760694503784,1831.9,553.5656149003477,1079,2750,1621.5,433.5,25.296,6.990742735932999,16.92,37.12,21.994999999999997,4.259999999999996,0.03347197034292747,0.00515317416530756,0.0245622172951698,0.0389731787145137,0.034403806966211994,0.004089102149009708,0.03977730199694629,0.0068769241251998596,0.0278957094997167,0.047983031719923,0.040430799126625006,0.005482589825987795,0.03958891797810789,0.006895056860173058,0.028431674465537,0.0487333908677101,0.04081935808062545,0.005501242354512201
1,mlp,relu_16_16_16,lorenz_1000,0.001,,,4,25,64,803,0.014876425266265831,0.0026997639454610623,0.0121469590812921,0.0209245197474956,0.0137935653328895,0.0010361596941947998,0.016623468231409734,0.0026627833901658763,0.0137532064691185,0.0225527714937925,0.0157035933807492,0.0010868962854147,0.08065094873309134,0.009732775740122,0.0681577697396278,0.1025819182395935,0.0780425257980823,0.003471832722425447,0.08818606883287428,0.009229682982897851,0.0751553177833557,0.1095130369067192,0.08588618040084835,0.0028459727764129986,0.8327191114425659,0.034229026531665104,0.7537456154823303,0.8647358417510986,0.8466711938381195,0.010758578777313232,0.8052631855010987,0.03524970032979694,0.7238025665283203,0.8421359658241272,0.8179815411567688,0.012601524591445923,1609.2,133.83706512024239,1430,1840,1618.5,123.5,29.020000000000003,3.591829617339887,24.91,37.03,28.61,2.3149999999999995,0.03323425938375289,0.003907231674184112,0.0282687189057469,0.0427186241373419,0.0326628004200756,0.0012856808491051516,0.04248426221311086,0.004422931703417469,0.0345588363707065,0.04989755153656,0.0424547139555215,0.00239601545035845,0.03851173855364319,0.003947925175712733,0.0320856049656868,0.0468657873570919,0.0394595451653003,0.0024466440081596513
1,mlp,relu_16_16_16,lorenz_1000,0.001,,,8,25,64,995,0.012804396171122728,0.00183307923789654,0.0101516488939523,0.0164426062256097,0.0127336676232516,0.0011170916259288502,0.014614389836788139,0.0018840873900330926,0.0116997631266713,0.0179760809987783,0.01416639331728215,0.0011574085801840002,0.07670002654194828,0.006831246256742113,0.067640520632267,0.0884177535772323,0.07691927999258036,0.006577521562576287,0.08480831831693644,0.007383008503343122,0.0721413940191268,0.0971622169017791,0.083842072635889,0.0048634521663189,0.8590075552463532,0.020979099371583224,0.8153902292251587,0.8919282555580139,0.8581574559211731,0.014443546533584595,0.8310443162918091,0.024055481157459074,0.7892451882362366,0.8664224147796631,0.8363559544086456,0.01573231816291809,1458.4,175.80910101584615,1267,1836,1400.5,93.0,25.732999999999997,3.0879671306540803,21.94,32.37,24.6,2.0199999999999996,0.03417126758955415,0.00393749205395278,0.0267832458019256,0.0397249914705753,0.034409333951771204,0.0033888184931129446,0.04402578938752409,0.005707969615450138,0.0301325041800737,0.0509655624628067,0.0446442682296037,0.003538679331541103,0.04084098581224673,0.005291114740918838,0.0303145442157983,0.0486270152032375,0.041014889255166,0.003900183364748948
1,mlp,relu_16_16_16,lorenz_1000,0.001,,,16,25,64,1379,0.01045573987066742,0.003996855825657971,0.0049716983921825,0.0194938220083713,0.0099711460061371,0.0016988478600978999,0.012743114819750132,0.004298907920517875,0.0063574430532753,0.0217473004013299,0.01242667902261015,0.00281906966120005,0.0723968762904405,0.014700917220319002,0.0518702194094657,0.1073176488280296,0.07018341496586794,0.0078467167913914,0.08248138204216955,0.014743528447094888,0.0586143210530281,0.1144767478108406,0.08321238309144971,0.00801721960306169,0.8870688140392303,0.04476650755436139,0.7843784093856812,0.9484744668006896,0.892152726650238,0.018632829189300593,0.8507188022136688,0.05452367097744608,0.7320860028266907,0.9288949966430664,0.8550282716751099,0.03283458948135376,1654.5,700.5606683221661,969,3530,1406.0,254.5,26.901,11.663014576000494,17.36,58.58,22.240000000000002,4.345000000000002,0.02941344328638576,0.005820653450672905,0.0226999152865674,0.0392775452799267,0.0269145189474026,0.002189258113503449,0.03550886735320086,0.006770613675229553,0.0271425805985927,0.0478978045284748,0.0325908903032541,0.003432693891227249,0.03473401069641107,0.006607892959289023,0.0263049826025962,0.0463395565748214,0.0325370850041508,0.0035862997174262983
1,mlp,relu_32,lorenz_1000,0.001,,,4,25,64,515,0.02161376625299447,0.0010264879479807835,0.0201510339975357,0.0240259710699319,0.021642823703587,0.00043503753840920013,0.02380499709397549,0.0012125586923514647,0.0215830188244581,0.0263061244040727,0.023635810241103103,0.0006491392850875525,0.10621737241744988,0.003909070844496828,0.0995367392897605,0.1140473484992981,0.1064136885106563,0.0029965490102768014,0.11347610950469966,0.004674278877008759,0.1051034405827522,0.1224985793232917,0.1123193800449371,0.0017270557582378457,0.7479895949363708,0.01208931220731238,0.7216489911079407,0.770025908946991,0.7476913630962372,0.005856215953826904,0.7080733239650726,0.01824201319351008,0.6712982654571533,0.7444890141487122,0.7090983986854553,0.010125607252120972,2020.2,441.3922971688564,1477,2646,1947.0,378.0,24.766,6.7173077940496375,17.59,39.29,22.755000000000003,4.74,0.033273343071341464,0.004518115137904132,0.0275184422731399,0.0398403679952025,0.03233555508777495,0.003916684072464699,0.04121799319982524,0.00468023737954839,0.0346399173140525,0.0486889667809009,0.04032674618065355,0.003934524953365302,0.03815179280936714,0.004136502526126526,0.0329244062304496,0.0451051108539104,0.0377285350114107,0.003534056246280698
1,mlp,relu_32,lorenz_1000,0.001,,,8,25,64,899,0.018781651929020836,0.0021407261322319636,0.0157773364335298,0.0212448313832283,0.01906965579837555,0.002028728835284698,0.02070493139326567,0.0022914292147822642,0.0175961628556251,0.0236547868698835,0.02067117299884555,0.0025384761393069995,0.098007620871067,0.008173813061859056,0.0854095146059989,0.1088258177042007,0.09976395964622495,0.005950968712568255,0.10554506555199619,0.008196236591938074,0.0933555215597152,0.1163515895605087,0.1064424477517604,0.007271047681570095,0.7864840686321258,0.029191818393846585,0.7534254789352417,0.8257270455360413,0.7826588153839111,0.026949971914291382,0.7531510055065155,0.03343811775241475,0.7098621129989624,0.7952964901924133,0.755685567855835,0.03615248203277588,1736.7,457.7831473525429,1110,2602,1781.0,330.0,21.167,5.981341070362063,13.22,31.79,20.77,5.475,0.03015465982258315,0.0034868112683551695,0.0258129328489303,0.0355023303069174,0.029201792553067152,0.003183194808661952,0.03731837347149844,0.005127108666870697,0.0319086350500583,0.04726342856884,0.035511285066604545,0.0022146534174680432,0.03479013163596388,0.004300660736357824,0.0297024063766002,0.0427283011376857,0.033391792327165604,0.002209189347922854
1,mlp,relu_32,lorenz_1000,0.001,,,16,25,64,1667,0.015092395152896598,0.0013648940636302052,0.0135796396061778,0.0176473669707775,0.01467516180127855,0.0008077034726738999,0.01747623868286605,0.0012988891905349976,0.0159564148634672,0.0196959916502237,0.017207581549882847,0.0010880380868911969,0.08755058050155635,0.004453826999036743,0.0803609117865562,0.0944610312581062,0.0871929340064525,0.0035655833780765533,0.0973501995205879,0.0034880168047995365,0.0937691032886505,0.1037730649113655,0.09671401232481,0.0028724931180477004,0.8377436757087707,0.018469035989273096,0.8024193048477173,0.8562295436859131,0.8452234268188477,0.009189069271087646,0.7961939215660095,0.018112189491343238,0.7617469429969788,0.8189216256141663,0.7982564270496368,0.015852689743041992,1810.7,414.0891329170569,1424,2818,1705.5,255.0,20.095000000000002,4.285065343725811,15.68,30.64,18.814999999999998,2.1249999999999982,0.027238381778200434,0.0026736842275215254,0.0228961056305302,0.0315910687463151,0.0263638372222582,0.0020969980913732,0.03195903338491912,0.0033855836206369916,0.0273621939122676,0.0388032607734203,0.031199255958199452,0.001913450658321398,0.031662049517035426,0.003581698456101854,0.026427874341607,0.0374263636767864,0.0312952036038041,0.0023007690906524485
1,mlp,relu_32_32,lorenz_1000,0.001,,,4,25,64,1571,0.014236056990921439,0.0021655357848346644,0.0115877725183963,0.0182187408208847,0.013580654747784051,0.0015698722563683995,0.01600869027897709,0.0021676715416818764,0.0133078265935182,0.0208765063434839,0.0154168629087507,0.00120793422684075,0.07661460936069484,0.00897843904532903,0.0682791396975517,0.0936436355113983,0.07403936609625811,0.005634583532810211,0.08484961017966265,0.007707384212862426,0.0775055587291717,0.0977611318230629,0.08074994385242455,0.0030238702893257002,0.8388235032558441,0.027277617132759998,0.7896425127983093,0.8723408579826355,0.8476502001285553,0.018590599298477173,0.8138846516609192,0.028020711842135733,0.7496804594993591,0.846861720085144,0.8222475945949554,0.014949679374694824,1935.9,497.53179797878244,867,2753,1919.0,266.5,29.395999999999997,7.715159363227696,12.98,43.66,28.715,3.929999999999998,0.029981169337406716,0.003607243230275672,0.0243254780769348,0.0350382907316088,0.0293049415573477,0.0031974815763533507,0.0374507481232285,0.00487194005247662,0.0302373152226209,0.0462582595646381,0.03725431673228735,0.0037604812532663484,0.03470727186650033,0.004210044679917284,0.0273837428539991,0.0414446257054805,0.03420900925993915,0.0032119136303663497
1,mlp,relu_32_32,lorenz_1000,0.001,,,8,25,64,1955,0.0119174119085073,0.0014506847411837522,0.0097298258915543,0.0144570423290133,0.01164794899523255,0.001072758343070801,0.01403063684701914,0.0014450585829397637,0.0120105501264333,0.016723409295082,0.0134945167228579,0.0005263322964310507,0.07047242969274517,0.0055772611846746905,0.0627559944987297,0.0825636908411979,0.0689707435667514,0.002011518925428453,0.08058833181858058,0.006262086365342765,0.0723165422677993,0.0933106541633606,0.07855809852480886,0.0017816387116909096,0.8696214199066162,0.01682150237487226,0.839853823184967,0.8926718831062317,0.8722051084041595,0.012683302164077759,0.8390889704227448,0.018121734672920314,0.8041026592254639,0.864202618598938,0.8459150791168213,0.007931143045425415,1435.8,315.60855501712877,971,1975,1389.5,211.0,21.503,4.596890361972972,15.17,29.72,20.6,3.1449999999999996,0.024914516070857613,0.002068974965655937,0.0220265347976237,0.028455838561058,0.02468476369976995,0.0017307539470493988,0.030675559490919057,0.002497117635868912,0.0268985200673341,0.0341088473796844,0.03064168710261575,0.0022831158712506017,0.028925621137022905,0.0030089941938666142,0.0244272165000438,0.0335594601929187,0.02829817309975615,0.0021859807893634
1,mlp,relu_32_32,lorenz_1000,0.001,,,16,25,64,2723,0.00785966636613007,0.0012532243199764729,0.0054360735230147,0.0103770075365901,0.0077863850165158,0.0005365330725908496,0.01003964375704521,0.0016331587158479256,0.0071927681565284,0.0134368445724248,0.01010888675227755,0.0010397559963166497,0.06262845508754247,0.005991943279132609,0.0501658543944358,0.0749114751815795,0.062194228172302204,0.002413075417280204,0.07369557432830329,0.006609413197359376,0.0606791786849498,0.0872125774621963,0.0734368488192558,0.003351375460624653,0.9159884870052337,0.014048041067377467,0.8860877156257629,0.9412459135055542,0.9178337156772614,0.006103962659835815,0.8859711408615112,0.018794687457522878,0.8484093546867371,0.9188517332077026,0.8864505589008331,0.011254340410232544,1697.1,765.1281526646369,1086,3854,1571.5,309.5,23.527000000000005,10.777188919194096,15.03,54.08,21.605,4.080000000000002,0.02283667656075617,0.0024829707034203594,0.0194219526731305,0.0291703587604893,0.02242197401614645,0.0006560930050909485,0.026835788786411248,0.0024739446021348624,0.0237989444285631,0.0331725478172302,0.026106360368430552,0.0008261501789093018,0.02609039768576617,0.0028641044761749212,0.0219531804323196,0.0332780890166759,0.0254616010934114,0.0011086594313382998
1,mlp,relu_32_32_32,lorenz_1000,0.001,,,4,25,64,2627,0.01017906041815872,0.00147984590324424,0.0078801615163683,0.0129285398870706,0.010263851843774301,0.0011218241415917492,0.01216184180229897,0.0012117134470360337,0.0099344728514552,0.0139541793614625,0.01232159836217755,0.0009203650988638505,0.06104924716055389,0.005111078303842551,0.0534953773021698,0.0701722204685211,0.0611014179885387,0.003823501989245401,0.070076847448945,0.004863672797195927,0.0614197663962841,0.0774105712771415,0.0708717815577983,0.0035830028355122445,0.8879150927066803,0.01746935144431328,0.8549405336380005,0.9153643250465392,0.8873378336429596,0.01334160566329956,0.8631483972072601,0.014863225705491498,0.8399120569229126,0.8902754187583923,0.8611239194869995,0.01081770658493042,1573.6,293.66177824156824,1083,2138,1471.5,121.0,29.177999999999997,6.217716301022426,19.5,39.45,26.225,2.9800000000000004,0.027197753498330653,0.0028256702501741017,0.0226968992501497,0.0302900359034538,0.0286248311400413,0.0015481017529964496,0.03431949671357866,0.004663595884265273,0.0274360850453376,0.0397188328206539,0.0362613424658775,0.003077179193496704,0.03170536085963245,0.0036442947400837427,0.0260109100490808,0.0367015562951564,0.0331046879291534,0.002770628780126551
1,mlp,relu_32_32_32,lorenz_1000,0.001,,,8,25,64,3011,0.00790913365781302,0.0013355390920428056,0.0059942565858364,0.0107792047783732,0.00776752107776695,0.0004232232458889502,0.00951002002693707,0.0014370773655139057,0.0077710193581879,0.0120760546997189,0.009198420215398,0.0006552739068866002,0.05560620501637451,0.005644584413461196,0.0465422458946704,0.0662408843636512,0.05403138510882845,0.003376774489879601,0.06414874084293837,0.005811436400467385,0.0552307739853858,0.0746725276112556,0.0630423873662948,0.003457073122262906,0.9141868829727173,0.015350518556479937,0.8807134628295898,0.9351356625556946,0.9173164069652557,0.0049856603145598255,0.8934794664382935,0.017394944438977638,0.8612402081489563,0.9130280613899232,0.8972401022911072,0.008496999740600586,1207.6,159.9132264698577,986,1501,1176.5,83.5,22.734,2.4835627634509256,19.96,27.47,22.565,2.0200000000000014,0.0229512352030724,0.002059242663549566,0.0201722428202629,0.0270346495322883,0.022203467460349152,0.0016084427945315533,0.027827491797506747,0.0036584564848395834,0.0224216002970933,0.0363787300884723,0.02707157935947175,0.0017706658691167988,0.02574685830622906,0.0038301481442132254,0.0201559625566005,0.0333346538245677,0.0254374090582132,0.0029442897066474013
1,mlp,relu_32_32_32,lorenz_1000,0.001,,,16,25,64,3779,0.00566239901818329,0.0020054020525647584,0.0028215260244905,0.0096369944512844,0.0050912420265375995,0.0011229501105845,0.00716628134250637,0.0021990045772460904,0.0046651042066514,0.0115961842238903,0.0063917124643921505,0.0013780000153928995,0.05148560144007201,0.009057261410670083,0.0387886948883533,0.0686202049255371,0.04967151768505565,0.005447342991828849,0.060771558061242056,0.009544290917401256,0.0521713159978389,0.0793409347534179,0.05928835272789,0.006862305104732548,0.9398326098918914,0.021816426744459036,0.896734893321991,0.9703410267829896,0.9456226229667664,0.01216229796409607,0.9190606415271759,0.026184792753337092,0.866690456867218,0.9486678242683412,0.9286830723285675,0.016282379627227783,1165.8,191.43709149483024,867,1500,1190.0,139.0,20.112000000000002,3.8617995805064766,14.88,27.28,20.189999999999998,2.724999999999998,0.0213184349963234,0.0024201421062393404,0.0187243735417723,0.0260394352177778,0.02059893310070035,0.0008521371314095007,0.02541306037455792,0.0032194348089342917,0.0212076213210821,0.0319786705076694,0.024897885508835302,0.0011195968836546014,0.02377978339791292,0.003054916421711062,0.0198124125599861,0.0297676119953393,0.0235030138865113,0.0012726802378893506
1,mlp,relu_8,lorenz_1000,0.001,,,4,25,64,131,0.03668300081044432,0.006986609656163786,0.0231505632400512,0.0446312054991722,0.03857474029064175,0.004323877394199399,0.03943174313753838,0.006901046325886511,0.0250394642353057,0.0456633195281028,0.042129801586270305,0.0034452863037586004,0.14245333895087242,0.017751754406819014,0.1051382571458816,0.1623486280441284,0.14714370667934415,0.0093673765659332,0.14951635599136348,0.017393376886203488,0.111371137201786,0.1662545949220657,0.15627343207597733,0.007768377661705003,0.4520562797784805,0.15356682834736313,0.2551461458206177,0.7229605913162231,0.42327322065830225,0.11702483892440796,0.4357037216424942,0.13362441247268184,0.2925334870815277,0.6880707144737244,0.398913711309433,0.09139244258403778,966.6,544.7807265313265,510,2156,702.0,180.0,11.282000000000002,6.30892986171189,5.86,25.01,8.295,2.2849999999999997,0.039668357563205026,0.0030794265924780585,0.0339351275935769,0.0438423385843634,0.038873055204749055,0.00293281115591525,0.051344376802444414,0.00446855514792781,0.0431459434330463,0.0577725693583488,0.051444984972476904,0.0028363503515720506,0.04888924919068808,0.00540382440237976,0.038728903979063,0.0568496771156787,0.04902692139148705,0.0036355648189782992
1,mlp,relu_8,lorenz_1000,0.001,,,8,25,64,227,0.03906316217035051,0.0052248433967424825,0.0259770918637514,0.0452354699373245,0.0386231299489736,0.002273894846439351,0.04015437774360174,0.005037978417379604,0.027675200253725,0.0454723015427589,0.03942149691283695,0.00293472036719325,0.15021507963538167,0.012122204738761034,0.1215670183300972,0.1659898161888122,0.14826875180006024,0.007130190730094896,0.15307282954454418,0.011375645358231164,0.1257439404726028,0.1666571497917175,0.1504912599921226,0.006409160792827606,0.40805239975452423,0.1194987072606384,0.2472236156463623,0.6780760288238525,0.4344534575939178,0.060654446482658386,0.39632938206195834,0.10706135533508025,0.2677399814128876,0.6422512531280518,0.4198550134897232,0.06234939396381381,959.1,436.6938172220898,496,1895,818.0,258.5,11.355,5.180019787606994,5.72,22.69,9.73,3.4099999999999997,0.03921855741180476,0.002188679114173023,0.0360071863979101,0.0421350672841072,0.0391218514181673,0.0023220886476337486,0.05214888453483579,0.0033951826030926596,0.0477469265460968,0.0604809038341045,0.0516170896589756,0.0017143040895462001,0.049677734822034796,0.0038593652964743538,0.0447046607732772,0.0578960664570331,0.0497317835688591,0.0027349088340997
1,mlp,relu_8,lorenz_1000,0.001,,,16,25,64,419,0.029287569411098897,0.005629617241712413,0.0244052819907665,0.0433291606605052,0.026672526262700502,0.0017701955512166023,0.030609328486025288,0.005194928010142658,0.0248131770640611,0.0436827577650547,0.02885726094245905,0.001309369690716251,0.12878799736499782,0.013076301245287407,0.1147693768143653,0.1600121855735778,0.12381872534751887,0.0057750307023525516,0.13284482508897777,0.01202276902359063,0.1177228316664695,0.1620300561189651,0.1307540237903595,0.005476467311382294,0.6245054841041565,0.11654584751857296,0.3165417313575744,0.716576337814331,0.6808958053588867,0.024631083011627197,0.5759871363639831,0.1030581067387324,0.3142112195491791,0.6816144585609436,0.6138034462928772,0.02139568328857422,1762.9,704.0604306449837,582,2921,1772.0,545.0,19.269,7.784274468439561,6.19,31.39,18.985,5.879999999999999,0.03800420042955209,0.002674904996368465,0.033468689976467,0.0424972182760636,0.03856045835547975,0.0011924677011039032,0.046519728004932356,0.004110918686041502,0.0403355807065963,0.055705539882183,0.0463539715856313,0.0017870198935270483,0.04610502682626243,0.00438261380540424,0.0394542776048183,0.0556511469185352,0.0459200851619243,0.002663958817720448
1,mlp,relu_8_8,lorenz_1000,0.001,,,4,25,64,203,0.028481001965701545,0.00590385887448769,0.0210019499063491,0.0387138165533542,0.0258016800507903,0.00424331147223715,0.030588360689580384,0.00570196202487198,0.0237102247774601,0.0417439751327037,0.027663671411573852,0.0036600325256586023,0.12304964140057559,0.014099833982201581,0.105117879807949,0.1450232416391372,0.11757275834679601,0.01198556274175646,0.13075919598340988,0.013626433772795045,0.1125163286924362,0.1523984521627426,0.124800831079483,0.010668184608221054,0.6292050093412399,0.10971852088395151,0.423105776309967,0.7457725405693054,0.6827210783958435,0.062146395444869995,0.5893672049045563,0.09930767136484495,0.4035475254058838,0.7077427506446838,0.6429051756858826,0.05997183918952942,1816.8,641.8025864703258,575,2714,2010.5,352.0,27.242,9.690541574132995,8.22,39.24,30.04,5.274999999999999,0.03787033996544774,0.0020541149320524926,0.0346967477351427,0.0410906882956624,0.03862500395625825,0.0018770585767924515,0.047297555580735166,0.001532830896866782,0.0451166480779647,0.0493073463439941,0.04749264195561405,0.0016641858965158497,0.0439665529876947,0.002057587114585977,0.0403923355042934,0.0471008941531181,0.04397275298833846,0.0014997106045484508
1,mlp,relu_8_8,lorenz_1000,0.001,,,8,25,64,299,0.02230189610272641,0.005600796263053512,0.0160228870809078,0.037178985774517,0.0214600013568997,0.0024205036461353007,0.02397517189383502,0.005507025639125018,0.0183710753917694,0.0388345122337341,0.0225973995402455,0.0026925047859549488,0.10842575579881664,0.01307821202248129,0.0941813215613365,0.143457680940628,0.10564114898443215,0.005795586854219402,0.11452482342720027,0.012792858303226419,0.1008206978440284,0.1482121050357818,0.1126174069941043,0.005601901561021798,0.7333221197128296,0.0941954149152323,0.4721702337265014,0.8325386643409729,0.7523516118526459,0.037473440170288086,0.7012370377779007,0.09610643950009704,0.4366364777088165,0.7969726920127869,0.7241012752056122,0.03945198655128479,2043.7,469.35105198561126,1364,3132,1985.0,325.0,31.398999999999994,6.454008754254987,20.9,45.03,31.65,3.6800000000000033,0.037233266569673976,0.0021745369375960467,0.0342432068660855,0.0427082601934671,0.0367509334348142,0.0012201033532619025,0.04864818155765529,0.004089928493715775,0.0428555309772491,0.0574173219501972,0.0480443052947521,0.0028565283864736488,0.045634111762046764,0.0039619806395229645,0.0406419560313224,0.0543368235230445,0.04554747790098185,0.002741739153862003
1,mlp,relu_8_8,lorenz_1000,0.001,,,16,25,64,491,0.022926188632845842,0.009987502491581283,0.0127978269010782,0.0390676446259021,0.01690374501049515,0.0029087974689901014,0.02468116199597712,0.010441716988443987,0.0134534453973174,0.0416147522628307,0.01915253885090345,0.0035980734974145508,0.11240768432617185,0.024098032364891046,0.0870158225297927,0.1514379382133484,0.09860079362988469,0.010802440345287344,0.11793685629963871,0.024829619413397595,0.0888531953096389,0.1594661027193069,0.10627536103129384,0.011140480637550396,0.7098816156387329,0.16207486600330476,0.434334248304367,0.8632184863090515,0.8103512227535248,0.03692236542701721,0.6738666325807572,0.17151532050349222,0.3750855326652527,0.8474603295326233,0.7676497399806976,0.05013284087181091,1592.6,505.8571339815225,555,2172,1716.5,421.5,21.172,6.530074731578499,7.99,28.71,22.535,5.75,0.039208697672519374,0.004031419944357475,0.0312739451312356,0.0466009928948349,0.0391748642755879,0.0011253689105312041,0.04644338823854918,0.004935095307818825,0.0364116542041301,0.0570864863693714,0.046438228338956805,0.002063550055027001,0.046617297083139365,0.004945990730607887,0.036646481603384,0.0569986850023269,0.046759843826293904,0.0025777183473110026
1,mlp,relu_8_8_8,lorenz_1000,0.001,,,4,25,64,275,0.024867038615047878,0.00646549707905111,0.018421284854412,0.0412722341716289,0.0227037696167826,0.00304897408932445,0.02643576115369791,0.0059621930345615205,0.0200150124728679,0.0415070541203022,0.0249879034236073,0.0034906379878521,0.11481485515832897,0.016563799524722082,0.0937336832284927,0.1565585285425186,0.10923745110630985,0.006655208766460453,0.12049378454685207,0.015342138408893018,0.0994414314627647,0.1577308177947998,0.115504328161478,0.008223075419664341,0.6889486610889435,0.11719403542338357,0.3760832548141479,0.7915933132171631,0.7360509037971497,0.03322431445121765,0.6564244419336319,0.11012194314345854,0.3646143972873688,0.7638570070266724,0.6867600381374359,0.05486452579498291,1744.8,622.5921297286048,756,2575,1914.0,436.5,31.166000000000004,11.242744504790634,14.07,48.59,34.724999999999994,6.025000000000006,0.03891395140439267,0.003644778190620392,0.0312038684263825,0.0440087631344795,0.0391344239935278,0.0022047360427677985,0.048668504506349505,0.003310881655435705,0.0450978316366672,0.0552182421088218,0.0481986738741397,0.002448460087180103,0.0445377983152866,0.004185888992148529,0.0395638346672058,0.0524838715791702,0.0441158507019281,0.0025028716772795
1,mlp,relu_8_8_8,lorenz_1000,0.001,,,8,25,64,371,0.02179965255782004,0.006290909133919749,0.0137388193979859,0.0368869379162788,0.0196233130991458,0.0041285464540124,0.023806602694094146,0.006605882735166082,0.0163795370608568,0.0396383553743362,0.0211942074820399,0.004357417114079002,0.10819162428379052,0.016006119510335426,0.0823406130075454,0.14280366897583,0.10603190213441845,0.010975204408168807,0.11502113491296766,0.01604746610539284,0.0921543091535568,0.1508432775735855,0.11110123246908185,0.010204087942838704,0.7353044539690018,0.09981195133040709,0.4770196974277496,0.8494327664375305,0.7735662162303925,0.055402010679244995,0.6970073699951171,0.11033238202947215,0.4184208512306213,0.8085907697677612,0.743640124797821,0.058951497077941895,1653.6,598.3666434553317,794,2565,1818.0,514.5,29.578999999999997,11.338189846708337,13.63,46.49,31.195,11.26,0.0387698056735098,0.0036513673653702362,0.0306023336946964,0.0439320757985115,0.03963539656251665,0.002114529255777601,0.04884590990841382,0.004312096949403439,0.0391455851495265,0.0536258891224861,0.04918730631470675,0.0028596315532923022,0.04548429436981673,0.004336495602717031,0.0363466292619705,0.0512447878718376,0.04660355858504765,0.0032841786742210007
1,mlp,relu_8_8_8,lorenz_1000,0.001,,,16,25,64,563,0.01966330213472242,0.006549913357887771,0.0131481867283582,0.0358293205499649,0.0166864758357405,0.0027767126448452507,0.02156701711937781,0.0060597522842777566,0.0155632151290774,0.0351160205900669,0.01955428998917335,0.0034175105392932493,0.10523255690932272,0.017934522503051133,0.0849594548344612,0.1464277654886245,0.1002245172858238,0.011343058198690442,0.11094747260212894,0.016206257920764227,0.0936156287789344,0.1467318534851074,0.10645079612731931,0.011032428592443508,0.7696139395236969,0.09633135883456886,0.5249055624008179,0.8589986562728882,0.8144856095314026,0.03556603193283081,0.7269219517707824,0.10229366007071855,0.4832389950752258,0.8194620609283447,0.766072541475296,0.04951280355453491,1815.6,516.0143796445986,1133,2747,1728.5,465.5,29.189,8.497357765799908,17.95,43.42,27.435000000000002,7.140000000000002,0.03983681595159898,0.004251566530354884,0.0323574199444717,0.0459401611652639,0.04077349748048515,0.0034182381091846514,0.04654120877385133,0.005787656151022021,0.0367116965353488,0.0563524179160594,0.045608315616846,0.004168381914496401,0.04633140191435811,0.006475209363225281,0.035875704139471,0.0588715262711048,0.046086024492979,0.004089850932359699
1,mlp,relu_16,mackey_1000,0.001,,,4,1,64,97,1.6623677311145002e-05,2.51337012738018e-06,1.224944026034791e-05,2.1485720935743305e-05,1.6381954083044548e-05,1.7826014300226234e-06,1.7147580638265936e-05,3.3624575541131293e-06,1.2875721949967556e-05,2.541457615734544e-05,1.657876873650821e-05,1.5308919500967022e-06,0.0031937035964801604,0.00023546866230019588,0.002712125191465,0.0035313651897013,0.00321102491579945,0.00019661546684799996,0.00329875445459034,0.00035142747000914214,0.0027880931738764,0.0040788543410599,0.00324043945875015,0.00025005987845364984,0.9998419463634491,2.418081983032872e-05,0.9997987151145936,0.9998857975006104,0.9998410046100616,1.77323818206232e-05,0.9998683154582977,2.583583318542014e-05,0.9998052716255188,0.999902069568634,0.9998731911182404,1.183152198797055e-05,2349.9,416.9897960382244,1685,2998,2317.5,324.0,28.933,5.186875841968844,19.19,36.54,28.68,3.8099999999999987,0.0010496153325948,0.0013836126304791203,0.00019482045318,0.0043424009112641,0.00024735162078285,4.0897967846850026e-05,0.00106516152882245,0.0013822580323672579,0.0002097135584335,0.0043564839288592,0.00027946954651265,6.466200284194998e-05,0.0009129935511736799,0.0011872340926545187,0.0001864836958702,0.0037469051312655,0.00022265857842279998,3.315914364064999e-05
1,mlp,relu_16,mackey_1000,0.001,,,8,1,64,161,1.5213128881441662e-05,3.768357698498168e-06,9.505238267593086e-06,2.252069498354104e-05,1.4009123788127908e-05,2.4532523639209103e-06,1.773918411345221e-05,3.5533505419570814e-06,1.1385753168724476e-05,2.5572273443685845e-05,1.7707057850202546e-05,1.8627542885951698e-06,0.0030626901192589997,0.00034150545493647427,0.0024360886309295,0.0036150161176919,0.0029916196363046,0.00024582177866249995,0.0034042010316625002,0.00032500615287120736,0.0027293860912323,0.0040008290670812,0.0034336006501689,0.00019350030925119983,0.9998557448387146,3.644878173773914e-05,0.999782383441925,0.9999086260795592,0.9998652637004852,2.2411346435491364e-05,0.9998650968074798,2.6440274428346798e-05,0.9998078942298888,0.9999127388000488,0.9998655617237091,1.4126300811767578e-05,2269.3,406.2376275039032,1767,3133,2260.5,300.5,26.812,4.6744107650055735,20.73,36.62,26.435,3.504999999999999,0.00112529474426986,0.0008547253146333975,0.0003956739878049,0.0034186622826382,0.00087527263385705,0.00023627894697715005,0.00119591108814342,0.0008916987537092583,0.0004323039611335,0.0035729387309402,0.0009469553187954501,0.00027554255211725007,0.0010611870471620502,0.000786371550687196,0.0003633304440882,0.0031737557146698,0.0008345943060703,0.00022302844445219999
1,mlp,relu_16,mackey_1000,0.001,,,16,1,64,289,1.6829686137498358e-05,8.163942996360026e-06,6.1781092881574295e-06,3.7456455174833536e-05,1.414087091688998e-05,3.2397038012277335e-06,2.057554193015676e-05,9.07513345910367e-06,5.997781954647508e-06,3.915828710887581e-05,1.9590071133279704e-05,5.44881640962558e-06,0.00318505801260466,0.0007927761189985882,0.0018959529697895,0.0050160745158791,0.0029968881281092,0.00045912037603559994,0.00343548411037767,0.000832895625719276,0.0019605415873229,0.0051151956431567,0.0033571046078577,0.0004478717455640498,0.9998456120491028,7.086186026261372e-05,0.9996719360351562,0.9999407529830932,0.9998673498630524,2.8014183044489105e-05,0.9998436033725738,6.856235754231873e-05,0.9997066855430604,0.9999548196792604,0.9998519718647004,4.196166992193051e-05,1172.3,204.31253020801245,940,1510,1106.5,137.0,13.873,2.474356684069619,11.01,18.37,12.93,1.585,0.00090641894901632,0.00030345246048593726,0.0004352455784101,0.0015216105151921,0.00092054004635425,0.00019901159539584994,0.0010381115134805,0.0003705373360505505,0.0004301819717511,0.0018650237470865,0.0010583847179077,0.00016881228657440002,0.00084582845156542,0.0002817500749299517,0.0003829248307738,0.0013226143782958,0.0008724131039343,0.00019103108206765002
1,mlp,relu_16_16,mackey_1000,0.001,,,4,1,64,369,1.3752754693996393e-05,2.720427135288908e-06,1.0031631973106414e-05,1.847991370595992e-05,1.4055825886316597e-05,2.3639840946998447e-06,1.4788817225053208e-05,2.7985062192724996e-06,1.1102918506367132e-05,1.8743994587566704e-05,1.5106210867088521e-05,2.5999420358857606e-06,0.00285888242069626,0.00029807459428675675,0.0023829094134271,0.0032617764081805,0.0029138997197151,0.00026112969499074976,0.0030306985834612997,0.00028928856090876536,0.002669918583706,0.0034108348190784,0.0030615392606705,0.00031215872149915,0.9998713195323944,2.5774146321511877e-05,0.99982351064682,0.999904215335846,0.9998722672462463,2.22623348236084e-05,0.9998878538608551,2.1109020921992472e-05,0.9998587965965272,0.9999184012413024,0.999885618686676,1.9103288650568206e-05,1851.9,388.7625110526991,1337,2490,1821.5,356.5,27.443,5.609798659488591,19.68,36.48,27.634999999999998,5.530000000000001,0.00038728599822202,0.0005052427695121889,0.0001611683721421,0.0018983323476277,0.00022079202026355,3.203592423235001e-05,0.00040109698893498,0.0005038971019469343,0.0001579504896653,0.0019084005616605,0.0002365713153267,1.2450291251299992e-05,0.00034270308678964,0.0004094208168730834,0.0001514484174549,0.001565886195749,0.0002100523197441,2.1201376512199987e-05
1,mlp,relu_16_16,mackey_1000,0.001,,,8,1,64,433,1.651149195822654e-05,3.6315221881036225e-06,1.2177356438769492e-05,2.489314829290379e-05,1.588796703799744e-05,2.182429398089881e-06,1.8638923484104454e-05,3.91320723534391e-06,1.314673681918066e-05,2.52384961640928e-05,1.701447217783425e-05,2.957808192149969e-06,0.0031969938660040102,0.00032487783356190125,0.0027771163731813,0.0039055354427546,0.0031224625417962002,0.00014151656068864976,0.00348657688591623,0.00037113490397138057,0.0029485512059181,0.004069507587701,0.0033199846511706,0.00028131681028754994,0.9998435974121094,3.603347025660002e-05,0.9997570514678956,0.9998887777328492,0.9998483061790466,2.130866050720215e-05,0.9998588025569916,2.8459273017194704e-05,0.9998065233230592,0.9998988509178162,0.9998692274093628,2.1904706955011566e-05,1747.0,326.09630479353797,1184,2488,1751.0,110.0,26.084999999999997,5.239840169318145,17.83,39.06,25.9,1.7200000000000006,0.00063485725680943,0.00019121600295174233,0.0003232547096558,0.0009778841922525,0.0006654326803981999,0.00010922769724859988,0.0007210763840702801,0.0002215817555330896,0.0003718966036103,0.0010951784206554,0.00076415465446185,0.00015569079550914998,0.00059219566464885,0.00017558910093173858,0.0002942429855465,0.0008714172872714,0.0005879444361198,0.00012964561756234998
1,mlp,relu_16_16,mackey_1000,0.001,,,16,1,64,561,1.3173382467357441e-05,3.4550126523061263e-06,7.680519956920762e-06,1.740050174703356e-05,1.3529929219657788e-05,3.116490461252397e-06,1.3849811966792914e-05,3.5104006603566675e-06,7.593357622681651e-06,1.976449857465923e-05,1.3809476058668224e-05,2.536152351240162e-06,0.0028002736857160497,0.00037981631733497606,0.0021770347375422,0.0032835118472576,0.0028826358029618504,0.00029605696909129967,0.00290227453224357,0.00038886250124336346,0.0021860601846128,0.0034711791668087,0.0029379785992205,0.0002761422656476502,0.9998742580413819,3.367505449669283e-05,0.99983149766922,0.9999272227287292,0.9998737573623657,3.42726707457941e-05,0.999894642829895,2.641945472051837e-05,0.9998513460159302,0.9999417662620544,0.9998949766159058,1.97887420654852e-05,950.0,166.0578212551279,652,1216,952.5,130.5,14.48,2.7284830950548327,9.62,18.28,14.745000000000001,2.2199999999999998,0.00057101085651078,0.00020648799252275787,0.0001908002115669,0.0010019690962508,0.0005833821909618,0.00011621875019045003,0.00072145301382984,0.00027775889539997147,0.000269784417469,0.0013432475971058,0.0006947523215785,0.00015733379404990006,0.00056310052023031,0.00020338867542655443,0.0001980875240406,0.0009333934867754,0.0005233763367867999,8.847420394879994e-05
1,mlp,relu_16_16_16,mackey_1000,0.001,,,4,1,64,641,2.0502396455412964e-05,1.8222896234602584e-05,9.17000124900369e-06,7.452419959008694e-05,1.5065990282892017e-05,2.884609784814529e-06,2.240755748061929e-05,1.9514846255534137e-05,1.181204970635008e-05,8.04989249445498e-05,1.725394122331636e-05,2.002534529310651e-06,0.0033012818545102595,0.0011885915616555657,0.0022379108704626,0.006733622867614,0.0030631350819021,0.00025747716426850016,0.00357229926157738,0.001270538595550178,0.0027067470364272,0.007307413034141,0.00326192146167155,0.00021272513549775015,0.9998067736625671,0.00017761561443628996,0.9992802143096924,0.9999216794967652,0.9998589158058167,2.327561378479004e-05,0.999829763174057,0.00014922579500088973,0.9993853569030762,0.999909520149231,0.9998694956302643,1.58846378326416e-05,1706.9,483.10794859948226,908,2207,1959.5,219.0,30.76,8.005651753605076,16.63,39.54,34.635000000000005,3.894999999999996,0.00075156093807885,0.0015755985385139482,0.0001773704047081,0.0054772424511611,0.0002286954892042,3.4231067547799986e-05,0.0007665962184546,0.0015510536127472472,0.0002059403632301,0.0054186535999178,0.00024627084349045,2.847587893484998e-05,0.0006516700625069699,0.001324632712185664,0.0001711655932012,0.0046245218254625,0.00020140020205865,1.888892438725e-05
1,mlp,relu_16_16_16,mackey_1000,0.001,,,8,1,64,705,1.4574874558093143e-05,4.534931126065513e-06,7.53227004679502e-06,2.1662555809598416e-05,1.439687821402913e-05,3.1916606531012803e-06,1.6900760147109396e-05,4.729091190123156e-06,9.225990652339531e-06,2.3509714083047584e-05,1.7224542716576252e-05,4.659362730308203e-06,0.0029654655838384602,0.00045911411869845004,0.0022291762288659,0.0036231372505426,0.0030032446375116003,0.00039620790630580014,0.0033218928612768197,0.0005027731400524098,0.002551743062213,0.0039134039543569,0.00344328349456185,0.0004169294843450501,0.9998632133007049,4.227850729579737e-05,0.9997960925102234,0.9999296069145204,0.9998612105846405,3.316998481750488e-05,0.9998727381229401,3.6112175861900654e-05,0.9998236894607544,0.9999294877052308,0.9998712837696075,3.725290298461914e-05,1755.2,283.6680454333904,1149,2188,1777.0,196.0,31.996,5.0667488589824545,20.51,38.27,32.61,3.030000000000001,0.0006741275978856301,0.00019024842097193934,0.0003923623444279,0.0009566870634444,0.000700750076794,0.00015341565012935,0.00076389379391907,0.00020620738808028628,0.0004717578704003,0.0011178900022059,0.0007778364233672001,0.00016242213314399996,0.00064891900692596,0.0001807721568774623,0.0003835458483081,0.0009203414665535,0.0006997006130404001,0.00015103683108465
1,mlp,relu_16_16_16,mackey_1000,0.001,,,16,1,64,833,1.5686475398979384e-05,2.4467179447972106e-06,9.744774615683127e-06,1.824252103688196e-05,1.634280943108024e-05,9.531231626169756e-07,1.6324219814123353e-05,4.31768415906407e-06,8.679815437062643e-06,2.466624391672667e-05,1.6970044271147344e-05,2.0264842532924376e-06,0.00307080424390727,0.00024982456290540935,0.0024858696851879,0.0033593943808227,0.0031510600820183,0.00011370540596545003,0.0031534258741884895,0.0004273651281881855,0.0023856696207076,0.0038594044744968,0.0032746422803029,0.0001844738144427499,0.9998542070388794,2.3812096617220956e-05,0.99982351064682,0.9999056458473206,0.9998470544815063,1.0728836059570312e-05,0.9998759388923645,3.1924897643847004e-05,0.9998184442520142,0.999933421611786,0.9998708069324495,1.6689300537220397e-05,784.8,115.63892078361852,599,976,799.0,90.0,14.131,2.35990444721815,10.41,17.94,14.36,1.6900000000000004,0.00044667383073824005,0.00018302914498590487,0.0002017319115111,0.0008706744643859,0.0003942559822462,7.585796993225e-05,0.0005639760609482801,0.00026970866468899234,0.0002438143128529,0.0012062811292707,0.00046242465032260004,7.48606835259e-05,0.00041491084266447997,0.00017320094328479165,0.0002345821412745,0.0008435696945525,0.0003730751341208,0.00011176844418515002
1,mlp,relu_32,mackey_1000,0.001,,,4,1,64,193,1.5424092816829214e-05,2.5535651160960668e-06,1.2189133485662753e-05,2.080089871014934e-05,1.5050155070639448e-05,1.8709765754465488e-06,1.6260502070508666e-05,2.118595553545986e-06,1.3408999620878603e-05,2.0740717445733026e-05,1.6582623175054323e-05,1.6673211575835037e-06,0.00306551351677621,0.0002983994954787922,0.0025757991243153,0.0036848215386271,0.00309201388154175,0.00017160119023175002,0.0032598082441836103,0.00021062167606789538,0.0029409059789031,0.0037011031527072,0.00328896578866985,0.00010857637971640002,0.9998542249202729,2.5488608318757408e-05,0.9997997283935548,0.9998871088027954,0.9998587071895599,1.6510486602783203e-05,0.9998762428760528,1.6040717352126985e-05,0.999842405319214,0.9998992681503296,0.9998745024204254,1.2725591659490387e-05,1710.8,257.86616683853657,1071,1946,1760.0,154.5,20.243000000000002,3.164582278911389,12.76,24.01,20.71,1.7399999999999984,0.00023786092329823998,6.52496036004344e-05,0.000147106845543,0.0003577810188289,0.0002118500480719,5.1278218234050005e-05,0.00025552877195872,7.75835242087849e-05,0.0001617801317479,0.0003987861564382,0.00022459548199539999,6.148681859479998e-05,0.00021385473082768998,5.562416006053997e-05,0.0001306312624365,0.0003185737878084,0.00019281519053035,3.586225648175e-05
1,mlp,relu_32,mackey_1000,0.001,,,8,1,64,321,1.4482977894658688e-05,2.6958452776430906e-06,1.0646613191056533e-05,2.009672425629105e-05,1.3950167158327531e-05,1.283819983655122e-06,1.6561054326302838e-05,3.1498612761860904e-06,1.1865478882100431e-05,2.26355841732584e-05,1.5819879990885966e-05,8.087090463959612e-07,0.00295404170174147,0.00027804021364236927,0.0025539237540215,0.0034735293593257,0.00290381861850615,0.00016350357327609994,0.00325476047582919,0.0003224235801144368,0.0027662687934935,0.0039093028753995,0.0032018319470807,0.00018596067093309986,0.9998650491237641,2.6231047981902953e-05,0.9998094439506532,0.9998966455459596,0.9998670220375061,1.665949821472168e-05,0.9998738706111908,2.4900898127630777e-05,0.9998261332511902,0.9999113082885742,0.9998792111873627,5.1856040955144955e-06,1644.1,184.50661234763376,1335,1939,1651.5,127.5,20.353,3.0118666969173784,15.42,25.22,20.424999999999997,2.6449999999999996,0.00069961127621351,0.00020555161775852426,0.0002378403471084,0.0010395017452538,0.0006959797363378501,8.856877975629997e-05,0.00076685404928862,0.00023107212966342746,0.0002459133102092,0.0011935734655708,0.00076892823562955,0.00012201821664344997,0.0006612767843761899,0.0002108889924396745,0.0002180821320507,0.0010581085225567,0.0006887399940751,0.00011953510693274997
1,mlp,relu_32,mackey_1000,0.001,,,16,1,64,577,1.2146099879828399e-05,3.7194265615754424e-06,5.738957497669617e-06,1.799808887881227e-05,1.1795371392508969e-05,3.537040356604848e-06,1.4069058170207428e-05,4.9181302257733735e-06,5.685507403541124e-06,2.1478073904290795e-05,1.3249877156340519e-05,3.368028956174384e-06,0.0026949773891828503,0.0004499096511627646,0.0019263821886852,0.0034322757273912,0.0026441650697961,0.0003909810911863999,0.0028872847091406,0.000517823226471315,0.0019262654241174,0.003569042077288,0.0028849689988418503,0.00043865689076479997,0.9998861134052277,3.2398817848444394e-05,0.9998420476913452,0.9999444484710692,0.9998870193958282,3.2007694244329254e-05,0.9998928725719451,3.721255071985018e-05,0.9998348951339722,0.99995619058609,0.9998996555805206,2.518296241760254e-05,1028.4,223.8071491262064,655,1496,1002.5,133.0,12.078,2.6183193082586396,7.69,17.32,11.67,1.8600000000000003,0.00059319405700076,0.00030080320168532804,0.0002164183490094,0.0011899042816367,0.0005394975771196,0.00012699137441810003,0.00071083438815544,0.0003702988410137596,0.0002522813738323,0.0014010844752192,0.0006475642439908501,0.00014682764594905012,0.0005583475591265,0.00024165819723433171,0.0002139464922947,0.0010051877470687,0.00051510627963575,9.258357749785003e-05
1,mlp,relu_32_32,mackey_1000,0.001,,,4,1,64,1249,1.4510339315165766e-05,1.7797668510629513e-06,1.213773612107616e-05,1.7863207176560536e-05,1.3852571555617033e-05,5.645001692755613e-07,1.4875269971525996e-05,1.652339429933595e-06,1.2732136383419856e-05,1.7380261851940304e-05,1.4863594515190925e-05,1.3827989278070163e-06,0.00288416922558096,0.0001778590957945085,0.0026516802608966,0.0032255761325359,0.00283140793908385,0.0001077887136488999,0.00304347963538016,0.00018663393232076718,0.0027930252254009,0.0033716994803398,0.00307646067813035,0.00013183720875530004,0.9998650491237641,1.8292110017608946e-05,0.9998326897621156,0.99988853931427,0.9998727738857269,9.775161743164062e-06,0.9998862504959106,1.2386447526493114e-05,0.99986732006073,0.9999019503593444,0.9998867809772491,1.0311603546087067e-05,1248.0,151.60145118038943,886,1482,1247.5,69.5,18.676,2.466350340077419,13.08,22.22,18.53,1.4049999999999994,0.00016787637890951,3.8656858578092056e-05,0.0001133640536863,0.0002205355631303,0.0001635443681152,3.505496606525001e-05,0.00018467617628625002,3.6735977504133755e-05,0.0001400407054461,0.0002483002608641,0.00018996868311655,3.4062817576350005e-05,0.00016112900775620001,2.765973381056207e-05,0.0001244732411578,0.0001990936725633,0.0001665794115979,2.7765825507200008e-05
1,mlp,relu_32_32,mackey_1000,0.001,,,8,1,64,1377,1.569214700793964e-05,4.031762203619673e-06,1.06858415165334e-05,2.2976841137278825e-05,1.4797661606280599e-05,3.1107929316931396e-06,1.6276844507956412e-05,3.579823286614554e-06,1.1674366760416888e-05,2.2804564650869e-05,1.539045797471772e-05,2.649237103469204e-06,0.00305319649633014,0.00037726278553282364,0.0025882238987833,0.0038137771189212,0.00300050084479145,0.0002623118925840001,0.0032264281995593898,0.00035856169323996974,0.0027664941735565,0.0039161550812423,0.00316828291397535,0.0002793078310787498,0.9998537421226501,3.75039397052138e-05,0.9997856616973876,0.999897599220276,0.9998587667942046,2.029538154618704e-05,0.9998761475086212,2.7562884696987914e-05,0.9998254179954528,0.9999107122421264,0.9998826086521149,2.014636993402652e-05,1312.2,170.49387085757655,1048,1658,1351.5,121.0,19.881999999999998,2.8664012280209477,16.14,25.91,20.615000000000002,1.9699999999999989,0.00035196055294358004,0.00011705868870885725,0.0001967406933545,0.0005872530280612,0.00036002896958955,9.261387895094999e-05,0.00040858459251461,0.00011573074911350104,0.0002294925216119,0.0006491616368293,0.00041998467349905,7.527160050815e-05,0.00035214795352653,0.00011012528948850478,0.0001783717452781,0.0005768916453234,0.00035043864045285005,8.623467874714996e-05
1,mlp,relu_32_32,mackey_1000,0.001,,,16,1,64,1633,1.1780420936702286e-05,2.3435607736178603e-06,8.903729394660331e-06,1.5292525858967565e-05,1.135472348323674e-05,1.8644072952156412e-06,1.160126166723785e-05,2.1919226330123645e-06,8.500650437781587e-06,1.5540417734882794e-05,1.0886670224863337e-05,1.6028216123231687e-06,0.0026343781501054304,0.00023950677209817373,0.0023312515113502,0.0031205392442643,0.0025981120998039503,0.00017251714598385008,0.00265596501994873,0.00022830816307482723,0.0023411666043102,0.0030326673295348,0.00260509760119015,0.00016233115456999996,0.9998870015144348,2.3001969147844972e-05,0.9998518228530884,0.9999150633811952,0.9998908638954163,1.946091651922055e-05,0.9999117016792297,1.7054016966996845e-05,0.9998806715011596,0.9999356865882874,0.9999171197414398,1.177191734319516e-05,725.5,85.59001109942677,589,909,717.0,42.0,10.831999999999999,1.2447393301410536,8.72,13.29,10.780000000000001,0.7149999999999999,0.00023995586539964,7.976325608020472e-05,0.0001375905521854,0.0003750346542801,0.00023963102357805,6.283633592824999e-05,0.00028409546939651,0.00012181517848724113,0.0001253716327482,0.0004836701846215,0.00027396892255635,0.00012540381430879997,0.00023145486702556,9.717498596473396e-05,0.0001156404177891,0.0003948762314394,0.00022846538922744998,8.846002310749998e-05
1,mlp,relu_32_32_32,mackey_1000,0.001,,,4,1,64,2305,1.4330868452816503e-05,2.0007618751313924e-06,1.1502945199026726e-05,1.8061729861074127e-05,1.4335241758089978e-05,1.4899992493155878e-06,1.4669396023236914e-05,2.839650283276375e-06,1.1486908988445066e-05,1.994058766285889e-05,1.3509522432286758e-05,1.7673737602308393e-06,0.0029134348034858303,0.00022905475232753663,0.0025418198201805,0.0032539793755859,0.0029663761379196997,0.00016975135076790007,0.0030454588355496104,0.00030984120162546555,0.0027257425244897,0.0036870343610644,0.00294451904483135,0.00019708485342559987,0.9998653829097748,2.196004100105232e-05,0.9998244643211364,0.99989914894104,0.9998651444911957,1.7911195755004883e-05,0.9998877465724945,2.1618614520159404e-05,0.9998488426208496,0.9999114871025084,0.9998968839645386,1.2755393981822571e-05,1149.8,145.61579584646714,947,1469,1136.5,87.5,20.395,2.602776402228973,16.94,26.25,20.17,1.4100000000000001,0.00015987196078635,3.746685961106562e-05,0.0001085801297449,0.0002074290328891,0.00016622497023485,4.0784508382800004e-05,0.00017125435697375998,4.0407794093834134e-05,0.0001096452688216,0.0002259124739794,0.0001885794990812,3.2497417123549986e-05,0.00015174947548069997,3.1133540469462385e-05,0.0001002372664515,0.0001960549561772,0.000164156743267,2.6396119210450006e-05
1,mlp,relu_32_32_32,mackey_1000,0.001,,,8,1,64,2433,2.0082001174159814e-05,6.124760225051466e-06,1.2252519809408112e-05,3.375283267814666e-05,1.8809837456501548e-05,1.7982201825361665e-06,2.0599258732545422e-05,5.487847856351918e-06,1.2607229109562468e-05,3.206569817848504e-05,2.060617316601565e-05,3.7876279748161323e-06,0.0034363041631876893,0.00045434550733116106,0.0027158523444086,0.0042703156359493,0.0033952032681554,0.00018582318443805,0.00367451738566155,0.00046926711114739683,0.0029157726094126,0.0046748998574912,0.00372889020945875,0.00033840083051469997,0.9998126447200775,5.723620889639614e-05,0.9996910095214844,0.9998827576637268,0.9998239278793334,2.0891427993774414e-05,0.999843180179596,4.0900392803559846e-05,0.999760627746582,0.9999043941497804,0.9998433887958527,2.7984380721934876e-05,1125.1,180.75533187156609,911,1434,1051.5,130.0,20.713,3.2925037585399957,16.03,25.93,21.015,2.6549999999999994,0.00031158343146667005,0.0001160382850789578,0.0001732727760099,0.0004962692968547,0.00025632865363145,7.649515755475001e-05,0.00035447343689152,0.00014308311448073537,0.0001700068096397,0.000631574250292,0.00032885049586179997,0.00012472194794099995,0.00031766898609926,0.00011971229452779372,0.000168573227711,0.0004906928515993,0.00029898209322705004,0.00011717226152545004
1,mlp,relu_32_32_32,mackey_1000,0.001,,,16,1,64,2689,1.463555245209136e-05,3.1350881314609203e-06,1.1208856449229644e-05,2.0385050447657704e-05,1.3795882750855526e-05,1.7512552403786694e-06,1.3204919559939298e-05,2.7659561348159424e-06,9.257113561034204e-06,1.914522181323264e-05,1.2927396710438188e-05,1.4752836250409018e-06,0.00293447941076006,0.00032089989844056254,0.0025445781648159,0.0035475695040076,0.0028760517016052497,0.00025319284759459993,0.0028784078545867906,0.0003267664228512701,0.0024304257240146,0.0034762015566229,0.00284178194124245,0.0002303683431819001,0.9998621702194214,2.8927039894301586e-05,0.9998063445091248,0.9998959898948668,0.9998705387115479,1.6242265701293945e-05,0.9998996436595917,2.0702848602323346e-05,0.9998547434806824,0.9999293684959412,0.9999029636383057,1.1742115020807464e-05,605.5,43.614791069085726,549,670,613.5,43.5,11.013000000000002,0.9452729764464862,9.71,12.37,11.165,0.9050000000000002,0.00016406435952371625,6.227848838535747e-05,6.60215944662923e-05,0.0002884726884076,0.00015633704861095,4.0231929961e-05,0.00020328257669459653,7.89681143221899e-05,8.065221481956542e-05,0.0003651677398011,0.00019214779604225,5.892481567575e-05,0.00018636129389045327,7.602577441233744e-05,6.282527465373278e-05,0.0003457781567703,0.00017488896264690002,4.601179534805e-05
1,mlp,relu_8,mackey_1000,0.001,,,4,1,64,49,1.7359110461256933e-05,1.997948714190935e-06,1.448706734663574e-05,2.0163259250693955e-05,1.7313118405581918e-05,1.8339887901674956e-06,1.781341288733529e-05,2.0896960306133784e-06,1.4430590454139748e-05,2.1067080524517223e-05,1.758656981110107e-05,1.6750173017499037e-06,0.00335546804126347,0.00018829592483717594,0.0030783747788518,0.0036333110183477,0.003372959094122,0.00017276103608309984,0.00341007136739786,0.00020354485937434794,0.0030886037275195,0.0037013608962297,0.0033991239033639,0.00017890532035380016,0.9998323976993561,1.9264373337503037e-05,0.9998045563697816,0.9998621940612792,0.9998349249362946,1.7046928405706208e-05,0.9998631060123444,1.545342923806064e-05,0.9998403191566468,0.9998887181282043,0.9998648166656494,1.2278556823674958e-05,2896.0,768.7042344100882,1795,4090,2784.5,708.5,34.248000000000005,8.664120036102915,21.51,47.08,32.19,6.77,0.00373285664129065,0.0021557363185695914,0.000647916982416,0.0083492525387555,0.00343228658894075,0.0011398980510421,0.0037771203205920296,0.002218140453522651,0.0006801574490964,0.0084839332848787,0.0033527150517329,0.0013290235074236998,0.00318246129900212,0.0018211553024705352,0.0005361326038837,0.0069841565564274,0.0029082115506753,0.00096015864983205
1,mlp,relu_8,mackey_1000,0.001,,,8,1,64,81,1.7595861118024912e-05,2.631935319002074e-06,1.4645483133790547e-05,2.3923939806991257e-05,1.6951134966802783e-05,1.6385092749260366e-06,2.083940435113618e-05,4.107549088358814e-06,1.7193340681842528e-05,3.221837687306106e-05,2.0533032511593774e-05,9.355853762826848e-07,0.00342481278348708,0.0002474550717503162,0.0031437475699931,0.0040065464563667,0.00336387427523725,0.00015331723261624987,0.0036960099590941805,0.00030436417698962684,0.0033427232410758,0.0044692032970488,0.0036898544058203003,0.00012723752297464958,0.9998318672180175,2.433288793503332e-05,0.9997757077217102,0.999862551689148,0.9998368918895721,1.4781951904407897e-05,0.9998421609401703,3.089902083167547e-05,0.9997570514678956,0.9998704791069032,0.9998436868190765,7.2121620177667545e-06,2209.3,212.53990213604598,1902,2547,2164.0,181.5,26.476999999999997,4.314278734620655,22.02,37.9,25.32,2.1900000000000013,0.00266211185953577,0.0031934545505776842,0.0008887983218301,0.0117804650217294,0.00124168241163715,0.00028998818306720005,0.00274097284418525,0.003212390125922976,0.0008832014282234,0.0118640940636396,0.00136417505564165,0.00039883138379084995,0.00237294713733713,0.0027312407892523143,0.0008236545254476,0.0101621905341744,0.0011815124889835,0.00030910738860254997
1,mlp,relu_8,mackey_1000,0.001,,,16,1,64,145,2.4959182246675483e-05,1.273026574297787e-05,8.383776730624959e-06,4.4810851250076666e-05,2.3649838112760335e-05,1.0517064310988644e-05,3.094379499088973e-05,1.4518874589991531e-05,1.2379943655105308e-05,5.440164022729732e-05,2.921936993516283e-05,1.1753216313081793e-05,0.00394649147056038,0.0011519151087204247,0.0023193394299596,0.0056010363623499,0.0039642496267333505,0.0010363021865487001,0.0043531802948563805,0.001236701814359916,0.002668552333489,0.0061489953659474,0.00435399834532285,0.0011138798436149998,0.9997626662254333,0.00012323490233505285,0.999571979045868,0.9999274611473083,0.9997715950012206,0.00010523200035089664,0.9997638702392578,0.00011107514569540823,0.9995819330215454,0.9999062418937684,0.9997778534889221,8.96155834197998e-05,1654.9,402.77473853259465,1020,2380,1615.5,315.5,19.387999999999998,4.72053344443189,12.17,28.03,18.755000000000003,3.580000000000002,0.00229951027256895,0.0011635962125211945,0.0010154063289519,0.0050515419337898,0.0019424998026806,0.0006104891013819501,0.00251392604550341,0.0012508051148927611,0.0011769151315093,0.0055730612948536,0.00207494676578785,0.0005439560627565001,0.00212857570732006,0.001066437746297054,0.0008751825662329,0.004596778191626,0.0018010475905611998,0.0005520579288714498
1,mlp,relu_8_8,mackey_1000,0.001,,,4,1,64,121,1.49076373418211e-05,1.994100656616046e-06,1.051971412380226e-05,1.795638854673598e-05,1.4887540601193905e-05,9.714613042888232e-07,1.5115291807887843e-05,1.9236665063807995e-06,1.0737762750068214e-05,1.8153790733776987e-05,1.5188115867204033e-05,9.824580047279596e-07,0.00311559964902693,0.0002015014152151989,0.0027051877696067,0.0034151321742683,0.0031229893211274498,0.00013199029490344977,0.0031330825993790704,0.00019919014327923412,0.002703589387238,0.0034989903215318,0.0031255516223609,0.00010291137732565013,0.9998566806316376,1.894130671616147e-05,0.9998269081115724,0.9998970627784728,0.9998572468757629,8.70227813715152e-06,0.9998837828636169,1.4913501398189468e-05,0.9998601078987122,0.9999175667762756,0.9998835027217864,8.106231689397614e-06,2604.0,621.663574612507,1801,3892,2386.0,266.5,38.235,9.775270072995426,25.67,57.93,34.825,4.135000000000003,0.0033106483315350098,0.002147849713219775,0.0003282958408817,0.0072182942647486,0.00313491581473495,0.00144530676770955,0.0033527109859278004,0.002090689802261735,0.0003569231193978,0.0070610758848488,0.0032815056620165498,0.0014120744308457002,0.00279392937081859,0.0018103087922225292,0.0002916509401984,0.0060740495100617,0.0025948255788534,0.0012463091989047999
1,mlp,relu_8_8,mackey_1000,0.001,,,8,1,64,153,1.727380804368295e-05,3.3119652688124312e-06,1.1609691682679111e-05,2.1804851712659e-05,1.797259847080568e-05,2.5699655452626723e-06,1.9970133416791212e-05,4.691654870580753e-06,1.187108409794746e-05,2.7401410989114083e-05,1.9848597730742767e-05,3.875333277392201e-06,0.00332952365279193,0.0003429364006992666,0.0027576570864766,0.0037417442072182,0.0034123710356652502,0.0002835816703736496,0.0035686596063896395,0.0004450217743956082,0.0027253681328147,0.0043042455799877,0.0036000085528939503,0.00030914216767994967,0.9998356521129608,3.1654601504065576e-05,0.9997869729995728,0.9998895525932312,0.9998274743556976,2.092123031616211e-05,0.9998481631278991,3.493601263541831e-05,0.99979567527771,0.9999105930328368,0.9998488128185272,2.855062484741211e-05,2150.5,378.2224874329923,1572,2720,2136.5,281.5,31.556999999999995,5.277283486795076,23.06,38.87,32.41,3.7449999999999974,0.0015377062822517,0.0013717299468893392,0.0002815310741425,0.0052045584190636,0.0011145295808091,0.00052407152252275,0.0016024901939089699,0.0014191506995074783,0.0002869971795007,0.0054160053841769,0.0011693848064168498,0.00057190406369045,0.0013968292885692397,0.0011934066062960743,0.0002623100299388,0.0045515275560319,0.0010281410068273,0.00048976606922225
1,mlp,relu_8_8,mackey_1000,0.001,,,16,1,64,217,2.8482298512244596e-05,2.1271795550142493e-05,8.13019596535014e-06,7.017282041488215e-05,2.0404565475473646e-05,6.589078566321405e-06,3.3038653873518344e-05,2.258774790525035e-05,1.2327048352744896e-05,7.541803643107414e-05,2.054486594715854e-05,6.697441222058842e-06,0.00402101513463999,0.0015018904176124599,0.0022738552652299,0.0069030518643558,0.0035887389676645,0.0006442336598410999,0.0042930357391014196,0.0015086366933664715,0.0027400385588407,0.0071303313598036,0.0036006328882649,0.0006280483212322001,0.9997304081916809,0.00020744199477485892,0.9993194937705994,0.9999238848686218,0.9998114705085754,6.198883056646176e-05,0.9997470676898956,0.0001749060886406743,0.9994184374809264,0.999905288219452,0.999842345714569,5.1617622375599304e-05,1085.8,208.29824771226473,789,1533,996.0,102.0,15.91,3.1321877338371653,11.73,23.08,14.58,1.5350000000000001,0.0016450487670953598,0.0008001443325328061,0.000474929815391,0.0029903457965701,0.0016635115782264,0.0007155069964938001,0.00202295438502911,0.0010508718832247658,0.0005962052382528,0.0041125160641968,0.0020953642670065,0.00075442215893415,0.0013990012579597,0.0006419947568290236,0.0004018595209345,0.0022609943989664,0.00142218603286885,0.00066609383793545
1,mlp,relu_8_8_8,mackey_1000,0.001,,,4,1,64,193,0.0051267285665744485,0.015329925337907826,1.3161086826585232e-05,0.0511165037751197,1.5974884263414424e-05,2.603244411147899e-06,0.006484786677174267,0.019401880001475483,1.4266186553868463e-05,0.064690425992012,1.7097008822020143e-05,2.368067725910806e-06,0.022384129045531102,0.057484747450892514,0.0028281016275286,0.1948359459638595,0.0031769330380484,0.00024358334485439993,0.02425472314935174,0.06275081102912777,0.0029552588239312,0.2125048190355301,0.00332824594806875,0.00027490232605485005,0.8998567299650574,0.2999522590222501,-4.3107604597025784e-08,0.9998773336410522,0.9998469948768616,2.60770320892334e-05,0.8998798987402765,0.29996001972547987,-1.578189454676249e-07,0.9998921155929564,0.9998707175254822,1.6361474990844727e-05,2149.5,708.3639248296034,451,3411,2227.5,258.0,39.016,12.591993646758246,7.83,59.26,40.855000000000004,3.9950000000000045,0.00763508203686791,0.017956257761109408,0.0001512245260528,0.0612930510193109,0.0014288230304373,0.0012475883937441003,0.008034996637434181,0.018959843350482047,0.0001744092005537,0.0647212490439415,0.00160564226098355,0.0013774753169854999,0.00638045786618016,0.014996772349851405,0.0001428813411621,0.0511906072497367,0.00113966553180935,0.00096823999774635
1,mlp,relu_8_8_8,mackey_1000,0.001,,,8,1,64,225,2.1446278060466285e-05,1.0340178705429761e-05,1.1221606655453796e-05,5.1223247282905504e-05,1.8636511413205877e-05,1.6306339603033882e-06,2.5565074611222372e-05,1.2555463285882658e-05,1.3354310794966295e-05,6.15570243098773e-05,2.2147732124722097e-05,2.395645424257964e-06,0.0036593288416042397,0.0007312831971020315,0.0026929955929517,0.0056459340266883,0.0035033732419833,0.0001434157602489001,0.0040438220603391094,0.0008983187329234742,0.0029267184436321,0.0065134312026202,0.0038266435731202,0.0002611323725431997,0.9997989773750305,9.785801269873766e-05,0.9995173811912536,0.9998931288719176,0.9998259842395782,1.96397304534357e-05,0.9998048961162567,9.616086651666823e-05,0.9995286464691162,0.9998981356620787,0.9998313188552856,1.8507242202647767e-05,1893.3,480.3525892508544,882,2712,2029.5,153.5,33.602999999999994,9.29459956103543,15.26,50.92,35.685,3.5049999999999955,0.0009925520335672799,0.0003994033410446746,0.0004420200421009,0.0016015606699511,0.00093222670257085,0.00034029338130495,0.00113105047785207,0.0004934658569290602,0.0004730327345896,0.0019671795889735,0.00098914641421285,0.00031640191446059997,0.00087651210778852,0.00033552327709568446,0.0003807263856288,0.0013799327425658,0.0007941482763271,0.00023652156232855
1,mlp,relu_8_8_8,mackey_1000,0.001,,,16,1,64,289,2.112730899170856e-05,6.645088887590438e-06,1.014634926832514e-05,3.288279185653664e-05,2.1260246285237372e-05,4.832836566492915e-06,2.582704619271681e-05,1.0803093024983038e-05,8.57912891660817e-06,4.818260276806541e-05,2.5381524210388307e-05,7.017260031716432e-06,0.00355846602469678,0.0006216181207557278,0.0025687518063932,0.0047080409713089,0.0035456586629152003,0.0004534365143627002,0.00388634966220702,0.000839175524584815,0.002378822537139,0.0052837026305496,0.0038175289519131,0.0005645586643368001,0.9998016476631164,6.203257182054083e-05,0.9996851682662964,0.9999038577079772,0.9998008906841278,4.351139068609067e-05,0.9998023629188537,8.329732708068317e-05,0.9996291995048524,0.9999346137046814,0.9998067617416382,5.239248275751285e-05,1134.2,286.134863307497,750,1686,1084.0,225.0,21.346000000000004,7.065764219106097,13.24,38.25,21.155,4.545,0.00141706801485265,0.0003108024763535232,0.0010260000592097,0.0020716894301585,0.00141224850958675,0.00022216570214364994,0.0017806398100218904,0.00041201019090709816,0.0010932689765468,0.0024102272000163,0.00183373579056925,0.00030677561881019993,0.0011870218790135702,0.00028248629159000765,0.0008058020030148,0.0018268672283738,0.0011499705142341,0.00015211047139015
1,mlp,relu_16,mackey_1000,0.001,,,4,70,64,97,0.03286424260586493,0.001608010305879034,0.0311448369175195,0.037144262343645,0.032283401116728755,0.0006408803164959023,0.0255974661558866,0.0018390240130130256,0.0243983380496501,0.030969351530075,0.0251419451087713,0.0004339357838034994,0.14036100655794143,0.0031964433622058714,0.1358648091554641,0.1462961435317993,0.14093668013811111,0.0017804726958275119,0.12519833073019976,0.00407605691057454,0.1214704364538192,0.1367884427309036,0.12361625954508776,0.0009663067758082997,0.6396456182003021,0.017302785851247542,0.5950937271118164,0.657826840877533,0.6440290808677673,0.008406609296798706,0.7956414103507996,0.019811264426600264,0.7381922602653503,0.8105900883674622,0.8005013763904572,0.005034595727920532,1660.5,466.74066675189124,872,2340,1672.0,406.0,17.794999999999998,4.882796841974894,9.25,24.62,17.880000000000003,3.875000000000001,0.036259304711388156,0.0016055019552699723,0.033880092203617,0.0390640998052226,0.03620125736213385,0.0012390330019924518,0.032145041972398716,0.0011921406346346011,0.0309201814234256,0.0350757949054241,0.0318827740848064,0.0006298022344708512,0.03876366578042503,0.001659054992136165,0.0360206589102745,0.0411966852843761,0.0388336852192878,0.0010760705918073515
1,mlp,relu_16,mackey_1000,0.001,,,8,70,64,161,0.02272523492574687,0.004150286705181142,0.0164919849485158,0.0294282156974077,0.0231395978480577,0.0026878071948885987,0.02135394886136051,0.0027377720955226665,0.0174556691199541,0.0257749203592538,0.020895716734230498,0.0020504714921116985,0.11874434053897856,0.009553664527126745,0.100561648607254,0.1279160678386688,0.1223044693470001,0.00530155748128891,0.1190166302025318,0.006515853895083841,0.1073342934250831,0.1267765462398529,0.12068546935915944,0.004980556666851058,0.7707108557224274,0.04386865672801175,0.7072151303291321,0.8379706740379333,0.7617924213409424,0.03636351227760315,0.8286504685878754,0.02503154698244337,0.7889847159385681,0.8637283444404602,0.8315280079841614,0.020042985677719116,1789.2,421.8899856597689,1098,2326,1912.0,300.0,19.169,4.579566464197239,11.43,24.23,20.825000000000003,2.7399999999999967,0.0318758298332492,0.0006753807196050197,0.0311290389961666,0.0331859143657816,0.0319853651647766,0.0006765667349099991,0.029054642841219856,0.0006825108681401092,0.0279785338789224,0.0305595397949218,0.028948249295353848,0.00039516855031249826,0.036751557886600436,0.0005862460085578118,0.0359385982155799,0.0378161557018756,0.036632090806961004,0.00047325529158120244
1,mlp,relu_16,mackey_1000,0.001,,,16,70,64,289,0.02001644819974894,0.0069876392491807155,0.0095955859869718,0.0338297262787818,0.0186621556058526,0.0049404837191105505,0.01430761362425976,0.0037940058112903097,0.0075717377476394,0.0218395106494426,0.0137037471868097,0.0015063327737152498,0.1119846828281879,0.019252201094493725,0.079641543328762,0.1453709155321121,0.10886207967996589,0.012913540005683836,0.09909758195281025,0.013582949364889473,0.0727966502308845,0.1246289536356926,0.0976156964898109,0.008244961500167847,0.7962461471557617,0.07743823956704422,0.6360406279563904,0.9086805582046508,0.8120450079441071,0.05253690481185913,0.8901086509227752,0.03247681755130135,0.8217697143554688,0.9477424621582032,0.8927514851093292,0.010374963283538818,1897.0,407.29645223105,1153,2756,1897.0,176.0,21.794,4.035453382211223,12.34,28.77,22.08,1.9399999999999995,0.026646833649526018,0.0009044793443508264,0.0252758442527718,0.0278624087158176,0.0266738144887818,0.0007145552275081499,0.02408520001918072,0.001486157930754086,0.0219136867672204,0.0264662336558103,0.023986538872122702,0.0011942209675908002,0.036133921891450815,0.0012176556869452808,0.03470990806818,0.0384181253612041,0.035838268697261755,0.0010293573141098057
1,mlp,relu_16_16,mackey_1000,0.001,,,4,70,64,369,0.02663713525980705,0.0037753384591756724,0.0204399935901165,0.0331467129290103,0.026776500977575703,0.002140888944268199,0.02364895809441801,0.0010087722862096192,0.0216181930154562,0.0254304446280002,0.02363212313503025,0.0006324090063572485,0.12305143699049945,0.010534002790819267,0.106304720044136,0.1413861811161041,0.1258170381188392,0.006281569600105293,0.12011448964476582,0.002245171306545899,0.1157043278217315,0.1226885691285133,0.12054372578859325,0.0019501149654388497,0.7156865954399109,0.0455873624235593,0.6434526443481445,0.7916958928108215,0.7117541432380676,0.029591798782348633,0.8133436262607574,0.009475484839338997,0.7978086471557617,0.8300485014915466,0.8134860396385193,0.00756874680519104,965.4,363.41276807509115,574,1888,864.5,190.5,12.878,4.638992994174489,7.6,24.58,11.344999999999999,2.54,0.03292776580072107,0.0019294504215623955,0.0296074793570571,0.0360116577810711,0.03273490681830375,0.0012581723017825036,0.02953047119081016,0.0009406878034724799,0.0281677655875682,0.031292650848627,0.0293152770027518,0.0005839038640260506,0.03657885976135726,0.0017921059677183614,0.0339446924626827,0.0393872745335102,0.03644092194736,0.0014636591076850995
1,mlp,relu_16_16,mackey_1000,0.001,,,8,70,64,433,0.017310573998838612,0.004272580374266554,0.0095403501763939,0.0244714971631765,0.01666466053575275,0.0016349693760276006,0.016392770409584013,0.0023948473981906283,0.0112888636067509,0.021186726167798,0.016281613148748847,0.0006634616293013504,0.10307284146547313,0.01359968412340186,0.0764026120305061,0.1247151345014572,0.103088516741991,0.0075332783162593495,0.10431523695588107,0.008270032915346602,0.0870132148265838,0.1200711727142334,0.10393561422824855,0.004139039665460552,0.8334921419620513,0.04641474775927588,0.7474231123924255,0.9088481068611144,0.8455627262592316,0.012726396322250366,0.8724264621734619,0.022510248077919348,0.826344907283783,0.920407772064209,0.8725837171077728,0.006617546081542969,1043.7,487.47636865800996,515,2341,957.5,153.0,14.876,7.411626272283298,6.73,34.85,13.079999999999998,2.8850000000000025,0.028194695152342263,0.0013715213272032312,0.0261723858614762,0.0297709212948878,0.028482597321271848,0.0012676374365886024,0.026186559721827457,0.0014864163995359791,0.0234876088798046,0.0293708518147468,0.02602958120405665,0.0008992422372102998,0.03371491059660907,0.0014736549581987886,0.0317585915327072,0.0356879197061061,0.033879267051815945,0.0014652702957391565
1,mlp,relu_16_16,mackey_1000,0.001,,,16,70,64,561,0.00460858803708102,0.002639261432301575,0.0016128215938806,0.0098879048600792,0.00352546188514675,0.0008475559297948998,0.00468339647632086,0.0020104095808964294,0.00198908848688,0.009704309515655,0.0038937162607907997,0.0006758293602615499,0.05035046022385355,0.014042953082179323,0.0311807226389646,0.0791182518005371,0.04661250859498975,0.007298413664102551,0.054142396897077505,0.011696400502401906,0.0350974202156066,0.0805950090289115,0.0508019179105758,0.002944178879260996,0.9579876482486724,0.024896217878331475,0.9065383672714232,0.9854533672332764,0.9686403572559358,0.007591009140014426,0.9660848140716553,0.01593025488000606,0.9244817495346068,0.9858454465866088,0.9720721542835236,0.005511760711669922,1796.5,266.3025534988352,1339,2241,1811.0,193.0,24.196,3.526449205645815,18.67,30.07,24.265,3.08,0.02204543003398506,0.0018359760800982644,0.0192680079489946,0.0250909464019868,0.0220926070792807,0.0012995795243316514,0.02132061701267952,0.0009520350016791452,0.0198203735053539,0.0229034572839736,0.021414314396679353,0.0006607174873352033,0.03193047549575562,0.0035441902397669134,0.0260271746665239,0.0370238162577152,0.03222180437296625,0.0026991209015250466
1,mlp,relu_16_16_16,mackey_1000,0.001,,,4,70,64,641,0.027288828976452302,0.0051109604626739255,0.0203114412724971,0.0328388325870037,0.02862970437854525,0.003888940438628202,0.023024975880980438,0.0014541012014545006,0.0199557170271873,0.0256146192550659,0.02286668308079235,0.0007216231897473491,0.12639851123094556,0.015687228786360596,0.1042829975485801,0.1439548134803772,0.13156134635210032,0.011496655642986325,0.11839764043688769,0.0052677106083209,0.1068331003189086,0.1276168674230575,0.11830458417534825,0.0023483559489249975,0.7177867710590362,0.056758626661121164,0.6565442681312561,0.7989560961723328,0.7007193565368652,0.042514026165008545,0.8151744425296783,0.012802973557250756,0.791066586971283,0.8408700823783875,0.8162775337696075,0.006637752056121826,758.0,333.39496096971834,429,1561,634.0,180.5,12.143,5.190185064137887,6.58,24.66,10.5,3.1699999999999995,0.030379668747385312,0.0028251264007562523,0.0271399387468894,0.0363277865366803,0.03023466778298215,0.0022605911104215514,0.027932162396609738,0.0016136608294713977,0.0257211625576019,0.0307847000658512,0.027775528840720598,0.0013782596215605979,0.034864236786961524,0.0023829056814267456,0.0326347798109054,0.0406416654586792,0.03411041200160975,0.0012541264295577968
1,mlp,relu_16_16_16,mackey_1000,0.001,,,8,70,64,705,0.01591590894386167,0.00368544658630458,0.0110928174108266,0.0241670683026313,0.016078332439064952,0.002675896976143151,0.016017575189471188,0.0015835200788893937,0.0133955813944339,0.0184365157037973,0.01587300375103945,0.0010260576382278988,0.09883602112531656,0.01170765786163871,0.0833372995257377,0.1251260638236999,0.09939351305365556,0.0093504041433334,0.10246025249361987,0.006475659137282448,0.0919138342142105,0.1148725599050521,0.10177184641361235,0.004550643265247352,0.8519413232803345,0.03782794836505929,0.7630742788314819,0.8980823159217834,0.8534801006317139,0.02077314257621765,0.8763343155384063,0.013607839139671462,0.8556216955184937,0.9004404544830322,0.8775544464588165,0.00802755355834961,943.7,285.9524610840061,528,1344,937.5,288.0,15.148999999999997,4.41036835196336,8.28,21.3,15.425,4.03,0.02765933084819046,0.0018829051954777703,0.0240771201335721,0.031127661673559,0.027934848123954352,0.0007698064049084987,0.025390232168138,0.0011216961620938181,0.0235807616263628,0.0275733787566423,0.02534468099474905,0.0006655398756265501,0.03327655568718905,0.002411961484545578,0.0274975933134555,0.0366342067718505,0.03422944061458105,0.0005835313349962026
1,mlp,relu_16_16_16,mackey_1000,0.001,,,16,70,64,833,0.0033292893785982804,0.0022232924772383304,0.0010867659002542,0.0077886055223643,0.0023470679298043,0.0005347919650376,0.00341008100658651,0.0020580246602265105,0.001927965786308,0.0086995912715792,0.0025532047729939,0.00041356065776195004,0.04193041697144502,0.01270244056395303,0.025574903935194,0.0676519274711608,0.03819019533693785,0.004681410267949101,0.045019483938813165,0.01261646640430032,0.0346322357654571,0.0766295045614242,0.04085411131381985,0.0040086172521114,0.9708214104175568,0.02010613427831932,0.9293888211250304,0.9897990226745604,0.9800149500370026,0.004134118556976429,0.9752206206321716,0.016927311188943906,0.9312484860420228,0.9873010516166688,0.9836936593055725,0.00249165296554571,2038.5,670.0015298489997,1107,3343,1782.5,464.0,33.158,10.48815884700456,17.32,52.71,30.6,7.500000000000002,0.02219502180814737,0.0018139134101727186,0.0199534973750511,0.0260817381656832,0.02151628775108185,0.0011687258051501,0.021962482109665803,0.0018187210519393841,0.0198752880096435,0.0261018630117177,0.02159057650715105,0.0010427152737975,0.03211057148873801,0.002550280314942237,0.0283358190208673,0.035327848047018,0.03155909664928905,0.003063038922846298
1,mlp,relu_32,mackey_1000,0.001,,,4,70,64,193,0.032053735665976954,0.0008369706537736285,0.0303686000406742,0.0334010198712348,0.0319696310907602,0.0005560414865613001,0.025300625339150385,0.0011070365690489443,0.0234269481152296,0.0269916169345378,0.025393287651240798,0.0005970215424895477,0.14078545123338698,0.0022319827948086932,0.1377347856760025,0.1436204016208648,0.1405340135097503,0.0023502260446548046,0.12593237534165377,0.003715198972777776,0.1198222711682319,0.1328733712434768,0.1266861110925674,0.0026409290730953425,0.653083449602127,0.008357069455865326,0.6389415860176086,0.671776294708252,0.6528755128383636,0.004938602447509766,0.796502161026001,0.012164321796032957,0.7774311900138855,0.8163236379623413,0.7952707707881927,0.00822460651397705,1410.0,406.40620074009695,873,2169,1341.0,360.0,15.200999999999999,4.199755826235616,9.22,22.58,15.125,3.7799999999999994,0.0340038314254747,0.0012357083904836201,0.0321727982825703,0.0360303442511293,0.03368079662322995,0.000661160900361054,0.03063402678817505,0.0006736100099160575,0.0299206841737031,0.0318175144493579,0.0303055495023727,0.0003421707078814992,0.036842209473252244,0.0012037604825011073,0.0348779819905757,0.0387754738330841,0.03657063469290725,0.0006584357470273486
1,mlp,relu_32,mackey_1000,0.001,,,8,70,64,321,0.020802404172718468,0.006146899996637354,0.0147044621407985,0.0301823150366544,0.01748011168092485,0.0026060929521918514,0.018355649337172462,0.0020212664437738305,0.0166834853589534,0.0223257057368755,0.01712721586227415,0.0003998288884759487,0.11346305236220355,0.018028851884656222,0.0921049267053604,0.1409360319375991,0.10532758384943006,0.011980708688497557,0.10921304598450657,0.006279880574482261,0.1019114404916763,0.120244562625885,0.1063255853950977,0.004357401281595251,0.7890489637851715,0.07068731688741686,0.6779291033744812,0.853545069694519,0.8270506262779236,0.026069462299346924,0.857762086391449,0.01718399181402257,0.8216651678085327,0.8746376633644104,0.8668428063392639,0.006449252367019653,1477.3,494.89353400504234,673,2208,1637.5,448.5,16.235999999999997,5.905208209707766,7.21,24.29,17.35,6.090000000000002,0.030808536128865298,0.0004280586854077461,0.0299130475355519,0.0314097313417328,0.0309374987458189,0.00016510962612095031,0.02801117226481433,0.0004389053623948441,0.0268874689936637,0.028585959225893,0.028095773421227897,0.00022116489708420319,0.03606773205101485,0.000796773895195095,0.0346383340656757,0.0369861274957656,0.03633855842053885,0.0004198513925075531
1,mlp,relu_32,mackey_1000,0.001,,,16,70,64,577,0.01193610844202336,0.0060002432599819185,0.0055289934389293,0.0273249763995409,0.01060512289404865,0.0030026701278984495,0.010365160135552231,0.004782674122205796,0.0053136288188397,0.0219971779733896,0.01082543097436425,0.0032397403847426,0.08252624794840807,0.021210555439451675,0.0571907795965671,0.1315041184425354,0.08158014714717865,0.013067752122878945,0.08213635385036464,0.02003244230506571,0.0599125660955905,0.1244272291660308,0.08564198762178415,0.0162794329226017,0.8859250843524933,0.0618160413457809,0.7287089228630066,0.9513767957687378,0.8985288143157959,0.03240451216697687,0.9203034281730652,0.042028347982537774,0.8161987066268921,0.9670830965042114,0.9185892641544342,0.027185887098312322,2129.4,749.974826244188,738,3444,1907.0,259.5,22.606,8.120808087869088,7.85,37.18,20.3,2.7349999999999994,0.02507208983103429,0.001561632145850973,0.0212114604396952,0.0269476640969514,0.025098661064273747,0.0006362496771746464,0.0233596339821815,0.0013415080379067098,0.0215695407241582,0.0256554707884788,0.0229692561551928,0.0007383907213807002,0.034903505071997604,0.002078638124273303,0.0306771211326122,0.0372717902064323,0.035779062658548355,0.0012356117367744515
1,mlp,relu_32_32,mackey_1000,0.001,,,4,70,64,1249,0.0271465359255671,0.0037748554194804635,0.0216729752719402,0.0318950861692428,0.02696001995354885,0.00371095910668375,0.023432523943483767,0.00173514350221686,0.0200838260352611,0.0257362183183431,0.02399359270930285,0.0013475576415657997,0.12659273371100424,0.009772122480018745,0.1117986664175987,0.1396951675415039,0.1268457993865013,0.008602820336818681,0.12078003659844397,0.004914782384625712,0.1107792854309082,0.1281135529279709,0.1216471418738365,0.0032253004610537928,0.7199556589126587,0.04773858881172412,0.6495121717453003,0.7855886220932007,0.7226926684379578,0.04489251971244812,0.8114765882492065,0.016125085436304507,0.7865650653839111,0.8416134715080261,0.8080838024616241,0.012495636940002441,669.9,194.5407155327645,463,1121,601.5,59.0,9.339,2.6741146198321415,6.06,15.18,8.5,1.2249999999999996,0.02972418169180548,0.0007652822169905673,0.0285721441937817,0.0308529786351654,0.02973848281221255,0.0007381575802961997,0.027957678027451006,0.0006371637111343777,0.027215925976634,0.0289976485073566,0.02762439660727975,0.00040163099765779843,0.033538804203271814,0.0006517610052400099,0.0325241461396217,0.0345862992107868,0.03350138105452055,0.00044429674744604977
1,mlp,relu_32_32,mackey_1000,0.001,,,8,70,64,1377,0.01294910768046971,0.004134761659954534,0.0080436775460839,0.0233276113867759,0.01289601065218445,0.0014790408313274505,0.013341175112873268,0.0023580318471328175,0.0097821280360221,0.0174290146678686,0.0136963524855673,0.0013776174746453493,0.08666864484548566,0.015412857174738573,0.0643675029277801,0.12337227165699,0.08782725036144251,0.0060746595263481,0.09108303189277644,0.008712513791403033,0.0791212767362594,0.1085345819592475,0.0911578126251697,0.006133049726486199,0.8778650045394898,0.0454517742385409,0.7597392797470093,0.927666962146759,0.8805592060089111,0.013966560363769531,0.8998020887374878,0.019476233528395916,0.8688673973083496,0.931154727935791,0.8959175646305084,0.011020392179489136,1090.5,421.67955843270374,477,1869,929.5,203.5,15.845000000000004,7.16927646279595,6.42,31.87,13.82,3.5600000000000005,0.0259612324647605,0.0012768374207105847,0.0242318847320146,0.028177000168297,0.025624037616782648,0.0007879545705185495,0.02431873362511391,0.001080963611780391,0.022027850151062,0.0257919151335954,0.0244612321257591,0.000408535823225949,0.031314091384410804,0.0016705965875201622,0.0289642643183469,0.0343048013746738,0.030806484632193952,0.0008517894893884017
1,mlp,relu_32_32,mackey_1000,0.001,,,16,70,64,1633,0.00185675481334324,0.0007538890721071526,0.0007424962241202,0.003144797636196,0.00153041176963595,0.0003198693739249999,0.0019481217837892001,0.0005435004438723303,0.0013017337769269,0.0030068852938711,0.00167404243256895,0.00030131981475285,0.032229345478117406,0.00634073461436025,0.0217136144638061,0.0429399721324443,0.030186567455530097,0.00227699615061285,0.034766259789466826,0.005122122166342188,0.0278168581426143,0.0455396845936775,0.03236794285476205,0.0033438187092542995,0.9840648233890533,0.005760267334135734,0.9737163782119752,0.9930852055549622,0.9856376051902771,0.002682268619537409,0.9869690835475922,0.003750185177007681,0.9796384572982788,0.9913513660430908,0.9884024858474731,0.0026997029781341553,1641.8,263.4577005896772,1144,1931,1717.5,187.0,23.22,3.069527650958694,18.08,26.98,24.27,1.7249999999999996,0.018259530224733832,0.0017690459610867114,0.0154314566817548,0.0222271910558144,0.01827238986475595,0.0007535617591606491,0.0192511340603232,0.0011913826607447974,0.0167298838496208,0.020743791013956,0.019794082269072498,0.00044154282659289966,0.02655639238655564,0.003416307034408998,0.0215699914842844,0.0340335220098495,0.02688580006361005,0.001385352574288852
1,mlp,relu_32_32_32,mackey_1000,0.001,,,4,70,64,2305,0.026380537822842543,0.005579246529024041,0.0184491034597158,0.0325140692293643,0.02821244299411765,0.00408071093261245,0.02202083487063641,0.003155798372965506,0.0164610221982002,0.0257552117109298,0.02313956245779985,0.0015682615339756012,0.12235657423734661,0.017618081213942195,0.0952022820711135,0.140626922249794,0.1294342242181301,0.011025879532098742,0.11487386077642439,0.011857047457069543,0.0915792733430862,0.1280292123556137,0.12099384889006609,0.003959011286497151,0.7240790069103241,0.06785367346695079,0.6472033858299255,0.8164951205253601,0.7044695615768433,0.05260774493217468,0.8249823391437531,0.02673763097925898,0.7907557487487793,0.8710150122642517,0.8147146999835968,0.01154559850692749,729.4,421.7279217694745,411,1745,510.5,98.0,11.735000000000001,6.773444101784556,6.52,28.13,8.26,1.63,0.028103068160514,0.0006689021569579011,0.0267780276222361,0.0290599490205446,0.0281680544010467,0.0004952308825321005,0.02668616063892837,0.0006967721801104977,0.02576026879251,0.0284785162657499,0.02662838902324435,0.00025722291320564965,0.033014236018061596,0.00057908871721045,0.0318836458027362,0.0337385833263397,0.033171186223626095,0.0003886148333549534
1,mlp,relu_32_32_32,mackey_1000,0.001,,,8,70,64,2433,0.01059815608896311,0.003129148457170671,0.0046720844693481,0.0167083702981472,0.01034598052501675,0.0016578063368797502,0.01151729216799134,0.0031093814882213835,0.0059051662683486,0.0176786165684461,0.01212210021913045,0.0016655731014907499,0.07909784801304336,0.013721845095988274,0.0515369735658168,0.1043483018875122,0.07779061794281,0.006842374801635749,0.08410727754235262,0.011972068884191106,0.0625255182385444,0.1078104153275489,0.08498556911945335,0.007981479167938205,0.9025556445121765,0.03198373469898634,0.8320136666297913,0.9561641216278076,0.906222939491272,0.017347007989883367,0.9127782821655274,0.02635666045503601,0.8588818311691284,0.9602340459823608,0.9077264368534088,0.014020919799804688,973.1,298.82150190372846,444,1581,979.5,211.0,15.917000000000002,4.9182111585412835,7.24,25.52,16.085,3.4050000000000002,0.0227513896197908,0.002231623567105644,0.0185719026873509,0.0252890456467866,0.0231426995661523,0.001951726774374699,0.02226648963987824,0.001363975518095745,0.0211400222033262,0.0248324070125818,0.02152516506612295,0.0003812480717896999,0.02845331989228721,0.004450244296636463,0.0196329765021801,0.0338973328471183,0.029461978934705202,0.002701699733734148
1,mlp,relu_32_32_32,mackey_1000,0.001,,,16,70,64,2689,0.0009195953811285499,0.00045208079850666004,0.0003800298145506,0.0017398942727595,0.00078626582399005,0.00024351879255845002,0.00116343824774953,0.00038205595829241256,0.000772209605202,0.002007792238146,0.0010438247118144499,0.00021734813344659993,0.02261045966297385,0.004679788182290466,0.0148918367922306,0.031768437474966,0.0221130410209298,0.0033319601789116495,0.026354120858013592,0.004327066961442527,0.0217743851244449,0.0357116237282753,0.025114158168435048,0.002773446030914799,0.9922564327716827,0.003087392980795697,0.9863579273223876,0.9964784979820251,0.992851734161377,0.0020814239978791393,0.9919484078884124,0.002937195046472845,0.9848833084106444,0.99545818567276,0.9929229021072388,0.001561582088470459,1377.3,312.50153599622513,806,1815,1483.0,226.0,23.500999999999998,6.413905908259023,13.03,32.58,24.115000000000002,6.040000000000001,0.014835803241779372,0.004465278798068224,0.0079431351688173,0.0211585278933246,0.01637048294974695,0.004330105820877651,0.016338586900383194,0.00328902435223598,0.0116888070479035,0.0201135147362947,0.0164418127387762,0.003076336346566651,0.02125275842845436,0.006859751562297539,0.0112349409610033,0.0318997204303741,0.022760696709156,0.00554217863827945
1,mlp,relu_8,mackey_1000,0.001,,,4,70,64,49,0.03743608109652992,0.0023295846463682788,0.033045906573534,0.040150299668312,0.0378358289599418,0.0010835025459528455,0.030123890377581064,0.0023204822267841193,0.0252599157392978,0.0320217348635196,0.031017774716019603,0.0006262836977839505,0.14986552894115446,0.005872690635974276,0.1391491889953613,0.1588698178529739,0.1503646671772003,0.004412025213241549,0.13466364145278925,0.005787638862528235,0.1228403747081756,0.1395910382270813,0.13695519417524335,0.001622796058654799,0.5739254295825958,0.03506874734351713,0.5335206985473633,0.6355842351913452,0.5699931979179382,0.023883283138275146,0.7548009812831878,0.021823137189456835,0.7391632795333862,0.801207423210144,0.7455819249153137,0.003035813570022583,873.1,528.3921744310753,464,1887,622.5,119.0,9.179,5.501773259595492,4.91,19.69,6.619999999999999,1.3749999999999991,0.04160591970301331,0.0059404829027069105,0.036149012338784,0.0567700519329971,0.0391453037866287,0.0014824930371509504,0.03946269340813154,0.009291462766393158,0.0320773087441921,0.0618604570627212,0.0355155859142541,0.0031016971915959965,0.04198622331023212,0.0030043443277596713,0.0386913754045963,0.0500955618917942,0.041277939453721005,0.0004975125193595505
1,mlp,relu_8,mackey_1000,0.001,,,8,70,64,81,0.030865141190588426,0.003887506919947024,0.0264786817133426,0.038146749138832,0.02902658749371765,0.0008433088660240486,0.02361649163067336,0.0035074242838558957,0.0178946033120155,0.0285463854670524,0.02574181556701655,0.0016087433323264,0.13873948603868483,0.009616803101399141,0.1251977831125259,0.1571054756641388,0.13834831863641733,0.006933286786079393,0.12263242453336713,0.007762358894283584,0.1093318238854408,0.1336061805486679,0.12595363706350327,0.00545264035463329,0.6744234800338745,0.047457487811067504,0.5703529119491577,0.7176360487937927,0.6970368921756744,0.012098878622055054,0.8120993852615357,0.03449036443112446,0.7599855065345764,0.8670275211334229,0.7942143678665161,0.0206260085105896,1790.8,993.3857055544939,708,4176,1260.0,358.0,19.906,13.139261166443113,7.98,54.78,13.265,3.505000000000001,0.03426379354463679,0.006284971377582205,0.0299595735139317,0.0528484616014692,0.03218110019548065,0.00043484910080830025,0.03259902093559501,0.007962338535010815,0.0279363915324211,0.0561458095908165,0.029962430708110298,0.0011857645586133003,0.0373786728829145,0.003355337816634056,0.034506257623434,0.0471120625734329,0.0362213961780071,0.0004609562456607992
1,mlp,relu_8,mackey_1000,0.001,,,16,70,64,145,0.03240198045969004,0.0042247897085257256,0.0213527642190456,0.0370380021631717,0.0327266920357942,0.001612406224012354,0.02127284612506624,0.0032211371379083677,0.0175421275198459,0.0274241063743829,0.01970689650624985,0.0017138468101620483,0.14190138131380076,0.00984963790611462,0.1160985827445983,0.1547690629959106,0.1423929706215858,0.002818875014781952,0.11912497505545613,0.008890298464300634,0.1082358360290527,0.1336889415979385,0.11614081636071205,0.006344739347696297,0.656937962770462,0.049318081171842644,0.5982010364532471,0.7860446572303772,0.6481547057628632,0.018019050359725952,0.8324184834957122,0.03397023463016408,0.7672790288925171,0.870907723903656,0.8460063636302948,0.021064966917037964,2063.9,1018.0254859285203,629,3803,2053.0,620.5,22.558999999999997,10.518461341850337,7.14,39.93,21.93,6.345,0.03481927164312863,0.00900610617017209,0.0267261337074968,0.0586592964828014,0.0321943720595704,0.004192177413238454,0.03303931057453151,0.009928722585311,0.0228247251361608,0.0593126602470874,0.02997752651572225,0.0038866410031915006,0.039095856249332386,0.004434632541922267,0.0346387326717376,0.0514539666473865,0.0383939556777477,0.0015420224517583986
1,mlp,relu_8_8,mackey_1000,0.001,,,4,70,64,121,0.03292792513966556,0.000654543009591748,0.0316986180841922,0.0338121391832828,0.0330380145460367,0.00042607076466084914,0.024969374760985322,0.0005244622820050971,0.0241383649408817,0.025925749912858,0.02500290051102635,0.0004386510699987498,0.14075414091348643,0.0008060707121161497,0.1388633847236633,0.1415632367134094,0.14103584736585612,0.0003997907042503773,0.12369740679860111,0.0015354332125441534,0.1213635727763176,0.1268196254968643,0.12371321767568585,0.0009706616401672502,0.63917635679245,0.009690976078544968,0.6237068176269531,0.6565295457839966,0.6374422311782837,0.004521429538726807,0.8011438965797424,0.005577042619677208,0.7895777225494385,0.8090959191322327,0.8015720844268799,0.004599243402481079,1356.4,293.0741203177107,989,2051,1275.0,98.5,17.732999999999997,3.889419108298822,12.92,27.01,16.555,1.21,0.037803149016367034,0.003009040589996619,0.033270849328902,0.0435789210928811,0.038124690660172,0.0023356999994979984,0.033658045716583686,0.003818103879681115,0.0297308415174484,0.043551780283451,0.0329726859927177,0.0021618055179715,0.040443167835473956,0.0020541135704130313,0.0376199632883071,0.0441613048315048,0.04047243110835545,0.0017349421977996514
1,mlp,relu_8_8,mackey_1000,0.001,,,8,70,64,153,0.021463750675320584,0.00618202663967043,0.0138330189511179,0.0306321047246456,0.019817115738987902,0.00541957980021835,0.019128185790032087,0.002824014628420277,0.0152530493214726,0.0254132691770792,0.018318157643079702,0.000950389541685602,0.11629486978054042,0.015068659715934619,0.0973353087902069,0.1403471529483795,0.11532696336507794,0.015800569206476198,0.11259853318333621,0.0072773671042783115,0.0998666360974311,0.127344936132431,0.11078485846519465,0.002512052655219997,0.7843739092350006,0.06909880427582048,0.6751423478126526,0.864940345287323,0.8098453283309937,0.05287456512451172,0.8495663106441498,0.02584335195848566,0.7914854884147644,0.8830458521842957,0.8568974435329437,0.009830296039581299,1381.0,467.0252669824193,883,2287,1202.5,179.0,19.448,8.157528792471407,11.37,39.1,16.765,2.5649999999999995,0.030984676546520602,0.001133552932353249,0.0294573116633627,0.0336418009052673,0.0308203099088536,0.0005903624826007498,0.02817657589912409,0.001074614787761607,0.0271036364138126,0.031016282737255,0.0279876887798309,0.000446354970336002,0.036032164841890306,0.0012823035283782195,0.0333065539598465,0.0379640385508537,0.03594578616321085,0.0006952974945306986
1,mlp,relu_8_8,mackey_1000,0.001,,,16,70,64,217,0.024195011984556862,0.01110122256608228,0.0081231361255049,0.036038551479578,0.02485698554664845,0.010843637399375449,0.01761421808041627,0.008177377554977522,0.0063737435266375,0.0272299423813819,0.01759861642494795,0.008388938382267948,0.11691656485199924,0.030350137282241754,0.0676145628094673,0.1508440971374511,0.1224674880504608,0.02645270526409145,0.10580313056707377,0.025773591873976254,0.0674124658107757,0.1359177082777023,0.10836241766810414,0.024082735180854797,0.7510224103927612,0.12231085667379846,0.6183711290359497,0.9245849251747132,0.7502149343490601,0.13000145554542542,0.8575329303741455,0.07380545038623758,0.7690471410751343,0.9566993117332458,0.8615620136260986,0.07338777184486384,1447.5,896.5798625889386,502,3367,1070.5,552.0,20.070999999999998,13.035043881782677,6.57,44.78,14.2,7.344999999999999,0.026519437496446863,0.002660023698288142,0.0206294832751154,0.0301364519529872,0.02754656577275855,0.0011177994310855987,0.02613869197666639,0.002832053735468187,0.0209565665572881,0.0292860530316829,0.027177611365914303,0.0014960914850235003,0.03421222083270545,0.0018880101932508466,0.029393371194601,0.035469364374876,0.0351370126008987,0.0003089662641286503
1,mlp,relu_8_8_8,mackey_1000,0.001,,,4,70,64,193,0.03295713160187,0.008058681716270586,0.0216625370085239,0.0531035438179969,0.0319462493062019,0.0025061918422579505,0.029718241654336404,0.012407986179496296,0.0238991323858499,0.0664432123303413,0.02528269868344065,0.0006114952266216504,0.140998800098896,0.02259274172975252,0.1093393936753273,0.2001560926437378,0.13880062848329539,0.003734968602657346,0.1350735992193222,0.027008418582956592,0.1212756484746933,0.2143065631389618,0.1249585449695587,0.0016218163073063036,0.6682743628819784,0.05972157850868922,0.5585206151008606,0.7817102074623108,,,0.7132249778406624,0.23839376682365032,-5.374669598268157e-08,0.8069623708724976,0.7971680164337158,0.007269561290740967,823.9,368.356742845845,441,1681,765.0,160.5,13.713999999999999,5.8094753635763015,6.77,26.14,12.5,3.8200000000000003,0.03659983364244297,0.008806837925796653,0.0282405068476994,0.060526855289936,0.034308907058503854,0.001501129733191598,0.033770506642758796,0.011262581530585151,0.0264547150582075,0.0665115863084793,0.029923897236585548,0.0012116190046072006,0.03964582458138461,0.005385366143251872,0.0327657721936702,0.0530894510447979,0.0384552180767059,0.0017209779471158981
1,mlp,relu_8_8_8,mackey_1000,0.001,,,8,70,64,225,0.02193694030866023,0.005931987749636361,0.0140022952109575,0.0294166561216115,0.02299922890961165,0.00568811316043135,0.019177723117172682,0.003183510673452792,0.0153443552553653,0.0273260287940502,0.018127896822988952,0.0012630615383386508,0.11626251712441442,0.016649924613679604,0.0907072126865387,0.1394592970609665,0.12028264254331585,0.014590211212635047,0.11198509484529491,0.00965302034766286,0.0969677194952964,0.1341546326875686,0.11100959777832026,0.0045754238963127,0.7791400372982025,0.06434999535309667,0.7056831121444702,0.8657933473587036,0.7713390588760376,0.06436967849731445,0.8484484016895294,0.030169004482151696,0.7694174647331238,0.882756233215332,0.8592597842216492,0.009032070636749268,990.0,267.8260629587793,448,1506,1051.0,109.5,16.854000000000003,4.194155934154094,6.93,23.99,16.73,1.38,0.02990050471077358,0.0018444704223632522,0.0261391753123866,0.0319380704313516,0.03004878500683435,0.0015131764941745014,0.027263880148529963,0.0014750159198151983,0.0242535583674907,0.029370978474617,0.027211981825530453,0.0009814184159040035,0.0347425343468785,0.0019392618246615388,0.0298015978187322,0.0372783578932285,0.03482455946505065,0.0008753202855586971
1,mlp,relu_8_8_8,mackey_1000,0.001,,,16,70,64,289,0.0200239158701151,0.010363286311673546,0.0063234684057533,0.0357150062918663,0.01746700657531615,0.007039987947791801,0.013971122074872212,0.007411513150643758,0.0052211903966963,0.0271667521446943,0.011318350676447101,0.003011455992236751,0.10549503043293948,0.02999454216407774,0.0622326880693435,0.1481519043445587,0.1015490964055061,0.024094112217426307,0.09323154091835018,0.024845916075153754,0.0584236457943916,0.1360816657543182,0.08859303966164585,0.01670844852924345,0.7978214085102081,0.11278430422536179,0.6237187385559082,0.9430680871009828,0.8302714824676514,0.07240399718284612,0.8893720269203186,0.065683094879665,0.767628014087677,0.9626064300537108,0.9155858159065247,0.020569264888763372,1393.4,750.1218834296197,478,2633,1286.0,707.0,21.971999999999998,11.611957457724344,7.31,41.08,20.17,10.405000000000001,0.026235458399686478,0.001948678064191135,0.0225176450072063,0.0287411130136913,0.02674543774790225,0.0012233050333129488,0.025205652602016883,0.0024738923218056825,0.0206079892814159,0.0284533947706222,0.02586081530898805,0.00156699214130635,0.03443582169711586,0.0009746986058392693,0.0322013534605503,0.0354447215795517,0.03484370745718475,0.00022413395345209988
1,mlp,relu_16,mackey_1000,0.001,,,4,140,64,97,0.03645398095250124,0.0008114384291315109,0.0354353338479995,0.0385222062468528,0.036287557333707796,0.00039807707071305015,0.04362723380327218,0.004510595655478863,0.0350966937839984,0.0483519956469535,0.04504743777215475,0.0028028581291436976,0.15416628718376155,0.002491777476292377,0.1485734581947326,0.1591577380895614,0.15390988439321512,0.0008902251720428467,0.16643562018871308,0.00788867800815908,0.1508674621582031,0.1740424484014511,0.16919172555208206,0.00407934933900829,0.5487113237380982,0.014212619193763518,0.510161817073822,0.565386950969696,0.5520506203174591,0.004789620637893677,0.6059311151504516,0.05862841320985797,0.5429708361625671,0.7093174457550049,0.5877633988857269,0.03706490993499756,1213.1,499.7208120540909,703,2001,1015.0,241.5,12.88,5.290737188710095,7.35,21.23,10.745000000000001,2.325000000000001,0.05157169542235599,0.005876507254929297,0.0443357291191609,0.0636927112936973,0.0491385487063477,0.0027836579312052988,0.06027917973697181,0.0022262891542646403,0.0568148866295814,0.0645293146371841,0.0604700855910778,0.0011199507862329969,0.04879558980464931,0.003901594777528291,0.0412364155054092,0.054360631853342,0.0498155746608972,0.0023736301809548985
1,mlp,relu_16,mackey_1000,0.001,,,8,140,64,161,0.03516938611865039,0.0017212075692580617,0.0326169990003109,0.0376093052327632,0.0350062847137451,0.0018015019595623537,0.030394606851041266,0.0026201129228462998,0.0271926037967205,0.0371678732335567,0.0298521360382437,0.0010152775794267498,0.15264563113451002,0.0035782494978442467,0.1463824212551117,0.157543733716011,0.1540000960230827,0.0027225911617278914,0.14050112217664718,0.006357539658135536,0.130088672041893,0.1527648866176605,0.1409184411168098,0.00366759300231935,0.5810460984706879,0.02546417036102606,0.5395693778991699,0.6206445693969727,0.5887053310871124,0.020650029182434082,0.7520931839942933,0.027786571309117308,0.6814119219779968,0.7874898910522461,0.7572376728057861,0.013028591871261597,2687.9,933.1645567637039,1381,4912,2510.0,479.0,26.423000000000002,9.63966187166334,13.1,49.98,24.195,4.5,0.04550813399255273,0.0013554089488729494,0.0428761062212288,0.0471557839773595,0.045699775218963595,0.0010137115605175495,0.04742323532700535,0.0011919246332769437,0.0452354997396469,0.0492174588143825,0.0475927088409662,0.0010054707527160506,0.036499522998928974,0.001451715860245448,0.0328262224793434,0.0380337573587894,0.03658062964677805,0.0009237378835677997
1,mlp,relu_16,mackey_1000,0.001,,,16,140,64,289,0.028495075553655574,0.002551382265752438,0.0243357233703136,0.0316245704889297,0.02945391274988645,0.0016188817098737006,0.028262020647525754,0.002506706846348791,0.0236378703266382,0.0325629636645317,0.027762586250901153,0.0016978550702333502,0.1328908167779445,0.009949804298616725,0.1105984598398208,0.1444702446460724,0.13694403320550913,0.004654578864574405,0.13510198444128033,0.005948801460540332,0.1234985291957855,0.1440464854240417,0.13452156633138657,0.004766516387462602,0.6842069268226624,0.03280425632533886,0.6442163586616516,0.7378519773483276,0.6746930480003357,0.022860676050186157,0.7626220285892487,0.029097475669794877,0.7178091406822205,0.819243848323822,0.7692821025848389,0.0190887451171875,2280.2,875.33202843264,797,3957,2346.5,275.0,22.459,8.292781740767087,7.84,38.74,22.465,3.84,0.0425572289153933,0.0018033205284384796,0.039190080948174,0.0445509613491594,0.04323499510064715,0.0007768014911562517,0.0466984290629625,0.00218765582263457,0.0425559692084789,0.0489971898496151,0.0474970508366823,0.0011049974709749014,0.028153033740818435,0.0012365728391154755,0.0264146700501441,0.0308011975139379,0.028039173223078202,0.0008194437250495009
1,mlp,relu_16_16,mackey_1000,0.001,,,4,140,64,369,0.03592828102409837,0.0011572264382002134,0.0342380627989769,0.0385323502123355,0.03575644269585605,0.0005926191806793525,0.04246175847947593,0.005701852253602018,0.0276345014572143,0.0474972873926162,0.04354827851057045,0.00291978567838665,0.15286386162042614,0.00182597475823867,0.1496079266071319,0.1567204743623733,0.1528801843523979,0.0007924437522887906,0.16410231292247768,0.0104883558278354,0.1347535699605941,0.1736211776733398,0.16669633984565735,0.004164576530456501,0.5557865738868714,0.017624804397684837,0.5250491499900818,0.5821153521537781,0.5566786527633667,0.014023751020431519,0.6163385570049286,0.06653170778892348,0.5528154373168945,0.7808614373207092,0.6060018837451935,0.041339755058288574,846.4,248.99204806579667,659,1531,774.5,65.5,11.274,3.531957530888502,8.68,20.89,10.26,0.9749999999999996,0.049948726980073785,0.005724287890583167,0.0440646092109899,0.0624353252351284,0.0469672976347889,0.002432700667769603,0.05837273076176638,0.003168807295596542,0.0538401640951633,0.0633681342005729,0.0573493111878633,0.0021982248872518505,0.0464682292193174,0.004071908101390833,0.0408893600106239,0.0536213032901287,0.04551526904106135,0.0024094916880131045
1,mlp,relu_16_16,mackey_1000,0.001,,,8,140,64,433,0.03065296728163954,0.004250475713478669,0.0254637151956558,0.0387148410081863,0.0290546584874391,0.0025043692439794506,0.02467639259994025,0.0026938624855864187,0.0202255342155694,0.0301676727831363,0.02451901417225595,0.001894861459732099,0.1376844838261604,0.011403633850755247,0.1240977048873901,0.1590143293142318,0.13320851325988764,0.007121637463569655,0.125261178612709,0.008789982529080831,0.109008103609085,0.1444567441940307,0.12471222877502441,0.0039068013429642,0.6509529888629914,0.05584501099996433,0.5375027656555176,0.7158502340316772,0.6711936593055725,0.026254802942276,0.8061629295349121,0.02539334929714085,0.7512089610099792,0.8363353610038757,0.809668093919754,0.01984158158302307,1478.7,446.4450806090263,803,2325,1444.0,388.5,18.676,5.710523968954162,9.58,28.49,17.465,5.54,0.03973666201345617,0.0019701805767948174,0.0369226061739027,0.0449304678477346,0.03945028851740055,0.0006559947505593473,0.038470535352826074,0.003010629221661256,0.0334693863987922,0.0459842383861541,0.03860490582883355,0.0008226186037063495,0.03647554293274873,0.0013259769774521591,0.034307487308979,0.039102915674448,0.036311004310846245,0.0007540788501501049
1,mlp,relu_16_16,mackey_1000,0.001,,,16,140,64,561,0.02329430710524315,0.001801802169461964,0.0208940897136926,0.0268375258892774,0.0231542093679308,0.001386618241667751,0.02167731840163465,0.0018526814476650668,0.018952339887619,0.0241389833390712,0.0220675896853208,0.0016234200447797498,0.11439665332436559,0.0064892018385682235,0.1026330292224884,0.1250303983688354,0.11624554544687266,0.005739506334066398,0.11788824573159214,0.005911879878435468,0.1082919090986251,0.1255515068769455,0.11932482570409769,0.0057270638644695004,0.754807448387146,0.02416147004128422,0.7045051455497742,0.7863855957984924,0.7554306983947754,0.016180098056793213,0.8240611016750335,0.01916112943342301,0.7956686019897461,0.8542248010635376,0.8218069076538086,0.01430577039718628,1124.3,299.0642238717296,761,1752,1116.5,246.0,14.133,5.174244002750546,8.87,27.7,13.620000000000001,2.8099999999999996,0.03937919661402696,0.0033818984425158924,0.0334691451862454,0.0434942622669041,0.039200663100928,0.0033048290060833027,0.04222932085394855,0.005226345497616071,0.0319036021828651,0.0480325408279895,0.04248027317225925,0.004485839977860503,0.0283390006050467,0.0009772748012259387,0.0273451544344425,0.0310383662581443,0.0280792796984314,0.0003675455227494986
1,mlp,relu_16_16_16,mackey_1000,0.001,,,4,140,64,641,0.033135352842509694,0.002792562979039066,0.0292376857250928,0.0387837067246437,0.032438864931464154,0.0015963874757290008,0.03624136634171003,0.003907956506510591,0.0301361419260501,0.0438805408775806,0.0369261968880891,0.0015293005853892032,0.1428426876664161,0.005857216752685517,0.1361980587244033,0.153680607676506,0.14163033664226526,0.004788972437381717,0.15046615749597544,0.008501579522643101,0.1327200084924698,0.1674230247735977,0.15147250890731812,0.0018178224563598494,0.6074088275432586,0.04021388340651234,0.5359095335006714,0.6663842797279358,0.6155055165290833,0.021462351083755493,0.6929117560386657,0.043207924726285665,0.6098028421401978,0.7665111422538757,0.6868731379508972,0.020891547203063965,1056.8,487.52985549605063,649,2226,827.0,106.0,16.779000000000003,7.898010445675545,10.11,35.92,13.030000000000001,1.6350000000000016,0.04822131455617227,0.006963450466107446,0.0392541574676417,0.0627091307606962,0.04652008580807075,0.005298136950134202,0.056022060662507964,0.004898850498276303,0.0478176809847354,0.0638635456562042,0.0560266375541687,0.0031612925231457,0.043513384461402835,0.004673149686874131,0.037068773061037,0.0554196499288082,0.042854921892285305,0.002182779833674448
1,mlp,relu_16_16_16,mackey_1000,0.001,,,8,140,64,705,0.027527188137173614,0.005090964476384787,0.0204526223242282,0.034977052360773,0.02767745591700075,0.00537054613232615,0.02271469943225379,0.0022647789382455774,0.0187761392444372,0.0261215176433324,0.02303765621036285,0.0018844613805413506,0.13089974746108052,0.012489595013096513,0.113877460360527,0.1492942720651626,0.1322676464915275,0.012474767863750444,0.12063532173633573,0.008088635707398017,0.1073734760284423,0.1322848945856094,0.12248425558209415,0.005254644900560393,0.6914953708648681,0.06872159855425697,0.5828943848609924,0.7818266749382019,0.6931231915950775,0.06538942456245422,0.8195262908935547,0.018383390983939738,0.7835699319839478,0.8477964401245117,0.8205696940422058,0.013765066862106323,1364.5,423.6912201120056,927,2421,1188.0,156.0,19.973000000000003,6.1383826045628656,14.32,35.28,17.305,2.415,0.04023809628561135,0.0034380498277548663,0.0353210675530135,0.0451966379769146,0.04065222269855435,0.0029782997444272007,0.03995564356446261,0.005356511934729756,0.0324342660605907,0.0468250103294849,0.04021571762859815,0.005097784101963047,0.03543970175087448,0.0012312937253101304,0.033720925450325,0.0384841859340667,0.03528392873704425,0.0005323216319083994
1,mlp,relu_16_16_16,mackey_1000,0.001,,,16,140,64,833,0.02381272930651898,0.002754759568261819,0.0195329505950212,0.0278545692563056,0.0227939775213599,0.0019220747053623494,0.02062143981456752,0.002852478208892882,0.0162411406636238,0.0252831596881151,0.0202002571895718,0.0021505923941731488,0.12056226804852481,0.006151197484541669,0.1116946041584014,0.1308687031269073,0.12080048397183415,0.006103087216615649,0.11485181003808971,0.008699572725815076,0.0996259078383445,0.1283471882343292,0.11296742409467694,0.004370983690023443,0.7574142098426819,0.03270618082435248,0.7064255475997925,0.8051626682281494,0.7586674392223358,0.03189912438392639,0.8354449391365051,0.026528821668148805,0.7931886911392212,0.874971866607666,0.8393130600452423,0.020859718322753906,897.5,231.96519135422022,560,1396,874.5,98.0,12.834999999999999,3.309565681475441,7.96,19.8,12.489999999999998,1.33,0.03815786142367864,0.0037923617017127306,0.03077530907467,0.0438344893045723,0.03787123283836985,0.002826898591592901,0.04020696301013228,0.005601220301500673,0.0311190839856863,0.0480909906327724,0.0396411251276731,0.004741493612527851,0.028239176049828486,0.0013224238324345166,0.0268119275569915,0.0309514235705137,0.02792545128613705,0.0009214421734213482
1,mlp,relu_32,mackey_1000,0.001,,,4,140,64,193,0.035977609455585424,0.0008091945886301834,0.0347821861505508,0.0374524854123592,0.035769438371062195,0.0004696771502495055,0.03947397284209722,0.0033549890923527865,0.0332538075745105,0.0458907708525657,0.0401356294751167,0.0008758809417486538,0.1519027441740036,0.002237488903858985,0.1494690626859665,0.1552231609821319,0.15130231529474256,0.0016847774386405945,0.15839337855577465,0.006350015577692595,0.1455093473196029,0.1688305437564849,0.1606354042887687,0.0012544691562652588,0.5587406694889069,0.011225337449220822,0.5406787395477295,0.5749974846839905,0.5584067404270172,0.008561402559280396,0.6584670126438141,0.040602128857229705,0.5728794932365417,0.7260916233062744,0.6546659469604492,0.009675055742263794,1312.5,342.69702362290803,722,1803,1290.5,255.5,13.844999999999999,3.554341711203356,7.71,18.87,13.565,2.780000000000001,0.048312638559178146,0.005028117999404726,0.0411222230953474,0.0566796788738833,0.0470957438196314,0.0036880903102832485,0.05681043118238445,0.004144980408713317,0.0497660934925079,0.0634069517254829,0.05685224756598465,0.0027571469545364484,0.04464636668562885,0.0039006463849548907,0.0375846661627292,0.0540839917957782,0.0439345575869083,0.0014787167310715
1,mlp,relu_32,mackey_1000,0.001,,,8,140,64,321,0.03381463531404731,0.002844626838362181,0.0286826454102993,0.0385843515396118,0.034368373453617054,0.001785274595022205,0.02701154518872495,0.0015494531750876836,0.0235170871019363,0.0293839368969202,0.02712973300367585,0.0010505774989724489,0.1451889127492904,0.0075969944531427,0.1322007328271865,0.158042624592781,0.14580647647380823,0.005215659737586947,0.1326053977012634,0.0028706487543010465,0.1265262067317962,0.1374537497758865,0.1325174421072006,0.001631133258342743,0.6104007422924042,0.03550461834003342,0.5483571887016296,0.6690555810928345,0.6099556386470795,0.024119406938552856,0.7889394104480744,0.015888010094303878,0.7627638578414917,0.8230332732200623,0.785220742225647,0.010151445865631104,1615.7,568.5727833795776,915,2987,1498.0,166.0,15.453,5.454348815394923,8.84,28.61,14.28,1.63,0.041873752977698984,0.0015683761998302242,0.0389803093858063,0.0440676691941916,0.042112749069929054,0.0012801103293895513,0.04225929267704482,0.002495326794273966,0.0377129837870597,0.0458836480975151,0.0433643348515033,0.0017452426254749957,0.03576397001743311,0.0007622538060450492,0.0342343673110008,0.0371618010103702,0.0357984378933906,0.00041692517697810086
1,mlp,relu_32,mackey_1000,0.001,,,16,140,64,577,0.025988832488655984,0.00286957744621803,0.0203737784177064,0.0312380585819482,0.02584368828684085,0.001761026680469499,0.02250034306198352,0.0013837761226744342,0.0201773159205913,0.0250173993408679,0.022063700482249197,0.0004062112420797504,0.12229036837816235,0.009183953775805633,0.1034402102231979,0.1362712234258651,0.12322356924414629,0.006391253322362893,0.12098674103617665,0.004856257582318842,0.1137283369898796,0.1294566541910171,0.12016037851572035,0.0031778998672962536,0.7197720348834992,0.03519107344670793,0.6566475629806519,0.7893772125244141,0.720046877861023,0.012442469596862793,0.8213363289833069,0.01078658539299023,0.8037288784980774,0.8400788307189941,0.8214604258537292,0.008047223091125488,1538.6,191.837535430374,1166,1848,1505.5,160.5,14.828999999999999,1.761223722302195,11.66,17.74,14.365,1.4799999999999995,0.03894349539186801,0.0034153501172335854,0.0337871632073074,0.0437353262677788,0.039903746219351846,0.00300226057879625,0.04209652319550511,0.004797007252879557,0.0343631133437156,0.0474981553852558,0.0440558716654777,0.003432312980294252,0.0280451832339167,0.0006840751741901332,0.027178656309843,0.0291910339146852,0.02818517945706835,0.00057549960911275
1,mlp,relu_32_32,mackey_1000,0.001,,,4,140,64,1249,0.03222814872860903,0.002752188093316667,0.0269167982041835,0.0351190455257892,0.033161530271172454,0.0011243131011724472,0.03383411467075344,0.003980964103874541,0.029826333746314,0.0429878197610378,0.03209426999092101,0.0012652883306146067,0.14198383837938305,0.007928790502347523,0.12662373483181,0.1520055532455444,0.14237906783819193,0.004876926541328472,0.1441441565752029,0.010168328963851272,0.1329867392778396,0.1643120497465133,0.1408278346061706,0.005114361643791199,0.6193445146083831,0.043591970223147196,0.5676016211509705,0.7000506520271301,0.6086377203464508,0.02947297692298889,0.7112054288387298,0.04272600644696772,0.6067671775817871,0.7534417510032654,0.7273983955383301,0.01667657494544983,1158.2,355.78189948337734,784,2058,1122.5,235.0,15.879999999999999,4.560002192981929,10.35,27.28,15.225,2.7600000000000007,0.04447881467705072,0.006565100650298101,0.0377671976522025,0.0567425518400139,0.041527969491047104,0.0020621818516196495,0.04891926310956473,0.004372039788125327,0.0427687242627143,0.0558101572096347,0.048607386648654896,0.004491966217756296,0.03921115696430201,0.0015535676326962743,0.036171581596136,0.0416240133345127,0.03932788409292695,0.0011836048215628017
1,mlp,relu_32_32,mackey_1000,0.001,,,8,140,64,1377,0.02425564788281912,0.0040201525656345695,0.0181320086121559,0.0319181531667709,0.024714324623346252,0.0028268750756979023,0.022023566998541296,0.0015991448625963076,0.0190946981310844,0.0257425531744956,0.0217163041234016,0.0005937637761235012,0.12348136529326434,0.009324626377468333,0.1073246970772743,0.1379907131195068,0.12528291344642634,0.006069861352443723,0.11795876771211619,0.00368782865732792,0.1123781576752662,0.1233225986361503,0.119698341935873,0.002432938665151596,0.7323292553424835,0.051893021999445635,0.6347465515136719,0.8083880543708801,0.7264060378074646,0.0379825234413147,0.8241094470024108,0.015384022907571961,0.7862653136253357,0.8448805809020996,0.8265261352062225,0.0049530863761901855,1115.6,362.799448731665,723,1786,958.5,125.0,13.821000000000002,4.73577966125959,8.81,21.95,11.594999999999999,1.4899999999999984,0.03726069543045008,0.0014168674319793221,0.0352280903607606,0.0409158184193074,0.03692477929871525,0.0005974075756966998,0.03542548120021815,0.0027129222126590848,0.0320895574986934,0.0424664951860904,0.034765213727951,0.001050099730491652,0.0359305221587419,0.0012207239986792783,0.0334715247154235,0.0375133864581584,0.0359596721827983,0.0009620524942874492
1,mlp,relu_32_32,mackey_1000,0.001,,,16,140,64,1633,0.021219695731997442,0.0023692157131455015,0.0182451996952295,0.0256299041211605,0.0205020429566502,0.0015861177816987003,0.019062904268503142,0.0014628743403892783,0.0171453580260276,0.0222396459430456,0.018974076956510502,0.0011388296261430012,0.11181717142462726,0.007898350208810443,0.1037739217281341,0.1280404329299926,0.10817759111523625,0.0039217174053192555,0.11133504062891005,0.004545574916426335,0.1053077802062034,0.1187650263309478,0.11101061478257175,0.0037694498896598955,0.7828194200992584,0.031652089300846585,0.722254753112793,0.8274741172790527,0.7883537411689758,0.023772478103637695,0.8497320055961609,0.014515125128372146,0.8200888633728027,0.8782303929328918,0.8477620184421539,0.006880611181259155,766.5,124.70465107605249,554,947,760.5,100.0,9.43,1.5877720239379454,6.88,12.0,9.19,1.1849999999999996,0.03147031539119775,0.0013117081256831865,0.0297742472030222,0.034323155414313,0.0313363468740135,0.0010359232546761493,0.029484114237129638,0.002862307609415981,0.0255819465965032,0.036297395825386,0.02908337209373705,0.0013972790911793483,0.02997350376099343,0.0016869027391366298,0.0258412081748247,0.0320042893290519,0.0306580914184451,0.0010146424174308517
1,mlp,relu_32_32_32,mackey_1000,0.001,,,4,140,64,2305,0.03203598558902736,0.0026001078827901486,0.02849424444139,0.037044059485197,0.0312102604657411,0.0013923589140177016,0.03472478762269016,0.0029000105253688836,0.0315347872674465,0.0401616729795932,0.033700378611683804,0.002147909253835654,0.13947011232376094,0.006311930735296426,0.1309508681297302,0.153967410326004,0.13856311142444605,0.0018411502242088457,0.1462858185172081,0.007279272987360222,0.1376290917396545,0.1602620482444763,0.14312705397605896,0.004988349974155454,0.6255624115467071,0.04280909398495544,0.5403111577033997,0.6779351234436035,0.638078361749649,0.02489587664604187,0.7047995626926422,0.029138652885023812,0.6531477570533752,0.7371997237205505,0.7180393040180206,0.017933517694473267,691.3,134.93780048600172,498,913,680.5,119.5,11.269,2.2108163650561306,8.04,14.57,11.27,2.0100000000000007,0.043906618687025036,0.005702172172224193,0.0368337193165441,0.0544360611173841,0.042035604584574046,0.0029280062819149986,0.04793095998466011,0.004544399227935913,0.0423742160201072,0.0534479618072509,0.048115240409970256,0.004882905632257451,0.038145539537072115,0.0027241938227744373,0.0331794507801532,0.041801955550909,0.038689054548740345,0.0018006991595029553
1,mlp,relu_32_32_32,mackey_1000,0.001,,,8,140,64,2433,0.020415597222745382,0.0030842888638402625,0.015839884057641,0.0271046422421932,0.021031254902481998,0.0014437483623624004,0.020800628885626747,0.0015362032246870883,0.0182195175439119,0.0238029025495052,0.02064914163202045,0.0011099120602011993,0.11222546696662898,0.00844860389826351,0.0970992967486381,0.1285209953784942,0.1138863526284694,0.0043888166546821525,0.1128724411129951,0.004480925384410416,0.1048780903220176,0.1208158731460571,0.11308709159493441,0.0039568394422531475,0.7824206709861755,0.03942599507514506,0.6976157426834106,0.8394286632537842,0.775263249874115,0.01641911268234253,0.8309680938720703,0.013962642110601442,0.8040664792060852,0.8525920510292053,0.8319946527481079,0.011203467845916748,857.9,216.05251676386462,631,1432,792.5,73.5,12.774000000000001,3.6687387478532725,9.29,22.81,11.649999999999999,1.2099999999999982,0.0356291509000584,0.0021817660411681187,0.0316831143572926,0.0405885726213455,0.035430551390163545,0.0010650620097294554,0.03296878617256875,0.0031775509353049194,0.0291591007262468,0.0415696948766708,0.03242034465074535,0.0010513793677091494,0.03602196946740147,0.0016272250799732057,0.0335322767496109,0.0388967916369438,0.035664675757288905,0.0014047846198082005
1,mlp,relu_32_32_32,mackey_1000,0.001,,,16,140,64,2689,0.018712788959965063,0.00551551228221478,0.006740862969309,0.0240897592157125,0.0202618613839149,0.0026775216683745003,0.01667884811758992,0.001853872904262293,0.0123404217883944,0.0190693251788616,0.017114261165261248,0.0010124398395419017,0.10519095361232755,0.016025990796946617,0.0670748502016067,0.124476857483387,0.10951410606503485,0.007461622357368504,0.10386570617556568,0.006482600655946373,0.087183803319931,0.1108423471450805,0.1047325991094112,0.0033656470477580955,0.8117738246917725,0.05913136562813926,0.7496336698532104,0.9338509440422058,0.7996809184551239,0.035694777965545654,0.8731068551540375,0.015908893908275584,0.8489410877227783,0.9029780030250548,0.8744055330753326,0.01276087760925293,682.9,219.8174014949681,490,1265,619.5,97.5,10.755,4.727156121813622,7.17,23.85,8.940000000000001,1.6950000000000012,0.030312080844305415,0.0033374010725676652,0.0261021463666111,0.0383115871809423,0.030051614157855448,0.002047116984613302,0.028094365075230554,0.005058867279507551,0.0240140333771705,0.0422080419957637,0.0267647430300712,0.0022555850446224004,0.029629548080265477,0.0014577542491607267,0.0274914167821407,0.0321758277714252,0.029749141074717,0.0011956775560974988
1,mlp,relu_8,mackey_1000,0.001,,,4,140,64,49,0.037362577766179995,0.0007874120101409478,0.0361042395234108,0.0381892621517181,0.03763534501194945,0.0004590004682541518,0.046954781562089876,0.002683780868156457,0.0429086536169052,0.0496544130146503,0.0484489761292934,0.0011013299226761003,0.1524399384856224,0.002596804370507801,0.1482942551374435,0.1575076580047607,0.1518759503960609,0.0016790851950645447,0.17126021981239317,0.0039905279649592625,0.1651437282562255,0.1760013699531555,0.1721759811043739,0.0030383318662643433,0.5371668994426727,0.01042678757753278,0.5257834196090698,0.5578699707984924,0.5339804291725159,0.007723331451416016,0.5635858714580536,0.03780000865255969,0.5261356830596924,0.6213827133178711,0.5426553785800934,0.014984756708145142,1368.9,238.7871227683771,983,1730,1372.5,187.0,15.097999999999999,3.270357167038487,11.01,21.74,15.23,2.74,0.05605710121857954,0.005503734756831539,0.049576592664784,0.0696053529779116,0.054746263815710905,0.0030927822097308044,0.06364404596388337,0.0027371875948359993,0.0584244430065155,0.0690835565328598,0.0639488212764263,0.001806510612368601,0.0555023323744535,0.005668476464742575,0.0449852980673313,0.065509982407093,0.05440055020153515,0.0035890974104404484
1,mlp,relu_8,mackey_1000,0.001,,,8,140,64,81,0.03697468042373653,0.0020389570540398044,0.0345907732844352,0.0410699695348739,0.0362957529723644,0.0015430487692356006,0.03508325051516289,0.00701558457898332,0.0285706240683794,0.0481286793947219,0.0310342973098158,0.0017141094431280517,0.1549882337450981,0.0037710674336124557,0.147997498512268,0.1612127423286438,0.15448666363954539,0.00216010212898253,0.1515890762209892,0.011334562451208197,0.1382763981819152,0.1715113967657089,0.14650141447782516,0.005207173526287051,0.5531176626682281,0.033979523472368336,0.4883723855018616,0.5922548770904541,0.559668630361557,0.019602090120315552,0.6925214052200317,0.08352468451408801,0.5326831340789795,0.7637775540351868,0.7385528683662415,0.019144058227539062,2923.6,1631.5900342917028,519,5204,3006.0,1473.0,27.911,15.559870468612521,4.9,49.81,28.775,14.010000000000002,0.04928570543415839,0.004023749445993736,0.0442136786878109,0.0575353000313043,0.04872795497067265,0.00325656263157725,0.04978229403495783,0.0025405102620918193,0.0452111661434173,0.0537008941173553,0.05000194720923895,0.0018035750836133992,0.042794314771890586,0.005933518616301787,0.0352360717952251,0.054183330386877,0.0423936583101749,0.005636120215058299
1,mlp,relu_8,mackey_1000,0.001,,,16,140,64,145,0.03156980648636814,0.001763741973388287,0.0283560920506715,0.0347747281193733,0.031228335574269253,0.0012177247554063502,0.04536293111741538,0.006783379634998626,0.0250656343996524,0.048492182046175,0.0474978927522897,0.00034424848854539697,0.13763563185930247,0.0031037741453477418,0.1333701908588409,0.1435359567403793,0.13737518340349195,0.002243541181087494,0.16446884423494335,0.011929911447123987,0.1289432048797607,0.1720446795225143,0.16779094189405436,0.000753104686737005,0.6397013604640961,0.03114728798186743,0.584752082824707,0.703029215335846,0.642925500869751,0.015885263681411743,0.5449853479862213,0.0851609490227915,0.5054888129234314,0.7998189330101013,0.5168941915035248,0.0052030086517333984,734.8,755.5512954128263,408,2970,420.0,11.0,6.954000000000001,7.128206225972983,3.84,28.04,3.995,0.12500000000000022,0.0451135899405926,0.001179620272967628,0.0430334825068712,0.0475804856978356,0.04488588823005555,0.0005253478884696995,0.04812998287379737,0.0006212433382012691,0.0471935681998729,0.0491518676280975,0.04812429845333095,0.0004575420171021964,0.02980020698159929,0.001700753372616503,0.0274935960769653,0.0336303412914276,0.0294864885509014,0.001058561727404551
1,mlp,relu_8_8,mackey_1000,0.001,,,4,140,64,121,0.03626547455787654,0.0015012607780784948,0.0343588702380657,0.038889329880476,0.03572023473680015,0.001231631264090552,0.04385585524141784,0.004801776362090069,0.0334174297749996,0.0490369647741317,0.045746890828013406,0.003133298829197842,0.15400192886590952,0.002981209386517591,0.1503354609012603,0.160826951265335,0.1531264260411262,0.0016471371054648937,0.16628974974155422,0.007946284797057973,0.1496535390615463,0.1749076694250106,0.16988191008567805,0.004607297480106354,0.5492143929004669,0.023416236481302383,0.5122575759887695,0.5827902555465698,0.5550076961517334,0.017799347639083862,0.5987523198127747,0.06142134197627271,0.5347538590431213,0.7271314859390259,0.5732315480709076,0.03751790523529053,1382.6,533.1587380883858,799,2424,1209.5,380.0,18.217000000000002,7.170630446480979,10.38,32.13,15.935,5.145,0.05447069925042641,0.005543270916594983,0.048927871717347,0.0661444601913293,0.05361809302121395,0.004351188635660502,0.06313856095075601,0.002006427247167498,0.0589588470757007,0.0658941343426704,0.06332661956548685,0.0016255769878625974,0.05350116752088065,0.005271200278001092,0.0491156317293643,0.0679108574986457,0.05197058431804175,0.0019779391586780513
1,mlp,relu_8_8,mackey_1000,0.001,,,8,140,64,153,0.03427978605031963,0.004098962816216456,0.0237147882580757,0.0389854349195957,0.03468684479594225,0.0022025480866432016,0.03139554355293504,0.006766113585204273,0.0240746270865201,0.0474837459623813,0.029706994071602752,0.0032944940030575007,0.14714408963918682,0.006495084857536539,0.128644123673439,0.1525363177061081,0.14891988039016718,0.0018811896443367004,0.1422788709402084,0.012403637272822,0.1256619244813919,0.1676502376794815,0.13945074379444122,0.005315363407134996,0.5972074508666992,0.055578920444084155,0.5343402624130249,0.7405714392662048,0.5983700454235077,0.029252231121063232,0.732639753818512,0.07650234232433004,0.5404797196388245,0.8074953556060791,0.7547906339168549,0.03269502520561218,2230.2,904.9853921472987,895,3995,2386.5,416.5,26.540999999999997,10.818981883707911,10.55,48.15,28.515,4.690000000000001,0.04661328992806369,0.005380427006119521,0.0362837403081357,0.0564945060759782,0.04622528632171445,0.001977902138605752,0.04767291434109206,0.006314154665811408,0.0343723595142364,0.0588512532413005,0.0476083196699619,0.0038779117166996523,0.04052936919033524,0.006551851594453889,0.0355591401457786,0.0542133450508117,0.0377724468708038,0.0014678929001093015
1,mlp,relu_8_8,mackey_1000,0.001,,,16,140,64,217,0.03076522015035148,0.0026944728941983185,0.0259176772087812,0.0343015789985656,0.031765960156917544,0.001475497148931049,0.029776666127145263,0.008966789580151477,0.0213141068816185,0.0470964647829532,0.0260850107297301,0.002388362772762751,0.1387412883341312,0.006721219048850046,0.1243764534592628,0.1475728452205658,0.14189602434635162,0.0031535550951957564,0.13518349081277842,0.01787563629257317,0.1152104511857032,0.1681681126356125,0.12959111481904978,0.008886191993951777,0.649834829568863,0.041109053723088415,0.5870360136032104,0.7136438488960266,0.6429407000541687,0.031740427017211914,0.732397198677063,0.10838704856182456,0.5203721523284912,0.8232495784759521,0.7805851697921753,0.025918573141098022,1425.8,719.3919376807055,413,2859,1486.0,470.0,17.398999999999997,8.337654886117559,4.82,34.25,17.975,4.160000000000002,0.04193086971063162,0.0028757258742270276,0.0359715980011969,0.0451896237209439,0.04242222476750605,0.001721732551231949,0.044923279434442465,0.0034944988656915635,0.0367683954536914,0.0482449270784854,0.04606408067047595,0.0019248351454734455,0.02985975556075567,0.001934305557040364,0.0272511448711156,0.0343090407550334,0.0295453025028109,0.0013457695022225501
1,mlp,relu_8_8_8,mackey_1000,0.001,,,4,140,64,193,0.03810325153172012,0.005066110430219777,0.0326174348592758,0.0521649755537509,0.0377086531370878,0.000927181914448752,0.04447746984660621,0.008679628858786276,0.0323583371937274,0.0672485679388046,0.04256205633282655,0.0026734136044979477,0.15487540513277048,0.01370559674677117,0.1398298442363739,0.1943745911121368,0.151515282690525,0.0012606754899024963,0.1666155472397804,0.01757104706292812,0.1411471217870712,0.2133205980062484,0.1626303419470787,0.0044672936201096,0.4964914218430863,0.1678154315321128,-2.226778406111407e-07,0.6099604964256287,0.5368434190750122,0.014906167984008789,0.5631584105143418,0.1946943197822457,1.760815280249517e-07,0.727482259273529,0.6198598146438599,0.03775247931480408,912.6,244.5130671354805,447,1235,823.0,192.0,14.403,3.9784420317506193,6.96,19.45,12.855,3.4750000000000005,0.05569421420352426,0.005100908852794539,0.0500607261848118,0.0654014758765697,0.0544604374509718,0.0016310504967501985,0.064646079018712,0.0013871102118776838,0.0624969266355037,0.0672627910971641,0.0647341161966323,0.0011217780411243022,0.054596210271120015,0.0031193948745991146,0.0524078421294689,0.0636349841952323,0.0538681242614984,0.0008680652827024495
1,mlp,relu_8_8_8,mackey_1000,0.001,,,8,140,64,225,0.03235842995345587,0.0044324472026046734,0.0258080270141363,0.0401865988969802,0.0320738945156335,0.0038319705054164002,0.03014988787472244,0.007928518709964166,0.0220801588147878,0.048162717372179,0.0269274208694696,0.0016048140823841008,0.14228526800870894,0.009175470818412808,0.1285343319177627,0.1589505225419998,0.14223325997591016,0.006976678967475905,0.13823992982506747,0.015305522998709964,0.119295559823513,0.1704718023538589,0.13194392621517176,0.0021910816431045532,0.625614321231842,0.0608082189960683,0.5040420293807983,0.7134920358657837,0.6374081671237946,0.04567188024520874,0.7416205167770386,0.09007455309546662,0.529980480670929,0.8270507454872131,0.7750124037265778,0.021603912115097046,1830.6,1257.8012720616878,517,5112,1551.5,497.5,26.226,17.84596380137537,7.23,72.75,22.725,7.305,0.04465620196424419,0.0027148490859583026,0.0396471894346177,0.0491566713899374,0.0446191877126693,0.0019262679852545504,0.046177834644913617,0.003600255192267641,0.037809707224369,0.0505666956305503,0.04644829966127865,0.0018775649368763005,0.03760510794818396,0.0029962055204662244,0.0344421453773975,0.0449052192270755,0.0368349086493253,0.0018913354724645996
1,mlp,relu_8_8_8,mackey_1000,0.001,,,16,140,64,289,0.03017861507833,0.002470184722287924,0.0272229630500078,0.0346153602004051,0.029692825861275148,0.002019157633185397,0.0270331978797912,0.010215845039189209,0.0180902909487485,0.0471022799611091,0.0231423703953623,0.0023658238351345513,0.13663367182016367,0.007647324162063837,0.1258868873119354,0.1538411527872085,0.1364224255084991,0.004659347236156436,0.12698833048343655,0.020599907573591626,0.1093856990337371,0.1680748909711837,0.1195138245820999,0.004838570952415494,0.6641027748584747,0.04125022727585502,0.5901198983192444,0.7349058985710144,0.6645064353942871,0.03282272815704346,0.7613844335079193,0.12072686728129456,0.5228359699249268,0.8569992780685425,0.8090637922286987,0.024094849824905396,1469.8,674.746737672736,428,2565,1334.5,434.5,21.127000000000002,9.428752886782005,6.05,35.75,19.090000000000003,6.5600000000000005,0.04210802286397662,0.002436014474467517,0.0365090719424188,0.0448877634480595,0.042403324390761554,0.0013457007007672966,0.04565221890807147,0.0029934305636741664,0.037556629627943,0.0485447868704795,0.045828472822904545,0.0015697330236435006,0.02885161601006982,0.0012488667092708575,0.0271054897457361,0.0318099744617939,0.0285268761217594,0.0005312189459800512
