Version,Model,Ansatz,Data,Random ID,Learning Rate,Number Qubits,Hidden Size,Sequence Length,Prediction Step,Batch Size,MSE Testing,MSE Validation,MAE Testing,MAE Validation,Correlation Testing,Correlation Validation,Num Parameters,Epochs to Convergance,Total Training Time,Training Loss after 100 epochs,Validation Loss after 100 epochs,Testing Loss after 100 epochs
1.0,qlstm_paper,original_1,mackey_1000,0.0,0.001,4.0,,4.0,1.0,64.0,0.0013712509535253,0.0016799382865428,0.0304305292665958,0.0340040251612663,0.9866426587104796,0.987082302570343,77.0,7808.0,16468.44,0.039552928507328,0.0415270440280437,0.0324284508824348
1.0,qlstm_paper,original_1,mackey_1000,0.0,0.001,4.0,,4.0,70.0,64.0,0.0446225591003894,0.0362187065184116,0.1598904579877853,0.1523500829935073,0.4431439042091369,0.7063347697257996,77.0,3211.0,6419.24,0.0595197416841983,0.0661013051867485,0.0528520606458187
1.0,qlstm_paper,original_1,mackey_1000,0.0,0.001,4.0,,4.0,140.0,64.0,0.0522213093936443,0.0672417283058166,0.1943981498479843,0.2132292687892913,-0.2527077794075012,0.0669728219509124,77.0,451.0,914.37,0.0558828016122182,0.0672550946474075,0.0524253845214843
1.0,qlstm_paper,original_1,mackey_1000,0.0,0.001,4.0,,8.0,1.0,64.0,0.0021580085158348,0.0026596495881676,0.0386500693857669,0.0438906587660312,0.9788771867752076,0.9794213771820068,77.0,4044.0,18019.59,0.0398100167512893,0.0408324971795082,0.0320152528584003
1.0,qlstm_paper,original_1,mackey_1000,0.0,0.001,4.0,,8.0,70.0,64.0,0.0445001348853111,0.0349605493247509,0.1576613187789917,0.1495328843593597,0.4538790881633758,0.7143412828445435,77.0,2070.0,8367.58,0.0552621558308601,0.0602972358465194,0.0498035475611686
1.0,qlstm_paper,original_1,mackey_1000,0.0,0.001,4.0,,8.0,140.0,64.0,0.0379969738423824,0.0413702949881553,0.1589106917381286,0.1657391339540481,0.516483724117279,0.6299147605895996,77.0,6960.0,24975.81,0.0585181061178445,0.0660419985651969,0.0525384880602359
1.0,qlstm_paper,original_1,mackey_1000,0.0,0.001,4.0,,16.0,1.0,64.0,0.0015344102866947,0.0018471486400812,0.0324330292642116,0.0357172079384326,0.9851073026657104,0.9857823252677916,77.0,6583.0,59855.13,0.0489392478018999,0.0513748899102211,0.0404626280069351
1.0,qlstm_paper,original_1,mackey_1000,0.0,0.001,4.0,,16.0,70.0,64.0,0.0410011895000934,0.0296094268560409,0.1594694107770919,0.1334258466958999,0.5141510367393494,0.765745222568512,77.0,3291.0,27165.31,0.0537055863274468,0.0567085929214954,0.0481177791953086
1.0,qlstm_paper,original_1,mackey_1000,0.0,0.001,4.0,,16.0,140.0,64.0,0.0540456436574459,0.0626437216997146,0.1973672658205032,0.2041541486978531,-0.0968885719776153,0.2162430882453918,77.0,2360.0,17381.66,0.0591354509815573,0.0646115690469741,0.0531849041581153
1.0,qlstm_paper,original_2,mackey_1000,0.0,0.001,4.0,,4.0,1.0,64.0,9.040426084538922e-05,0.0001077885390259,0.0078585725277662,0.0086237015202641,0.9991222620010376,0.999175786972046,149.0,2475.0,7537.39,0.005650224443525,0.0061291209422051,0.0046419245190918
1.0,qlstm_paper,original_2,mackey_1000,0.0,0.001,4.0,,4.0,70.0,64.0,0.0375038534402847,0.0300859380513429,0.1445547640323639,0.1364725977182388,0.5856185555458069,0.752899706363678,149.0,1768.0,4927.51,0.0596292689442634,0.0662425309419632,0.0528646633028984
1.0,qlstm_paper,original_2,mackey_1000,0.0,0.001,4.0,,4.0,140.0,64.0,0.0554226115345954,0.0659832805395126,0.1978850215673446,0.2113249897956848,-0.2159265577793121,0.143307089805603,149.0,427.0,1234.4,0.0565080336398548,0.0660858452320098,0.0548988617956638
1.0,qlstm_paper,original_2,mackey_1000,0.0,0.001,4.0,,8.0,1.0,64.0,8.738959877518937e-05,0.000108501415525,0.0075332331471145,0.0084855733439326,0.9991633296012878,0.9991750717163086,149.0,3262.0,20033.91,0.0067414927762001,0.0071378457359969,0.0054500214755535
1.0,qlstm_paper,original_2,mackey_1000,0.0,0.001,4.0,,8.0,70.0,64.0,0.0339648984372615,0.0255905725061893,0.1355783492326736,0.1317676156759262,0.624103307723999,0.7921123504638672,149.0,1606.0,9251.08,0.0553660860492123,0.0604698695242404,0.0497023239731788
1.0,qlstm_paper,original_2,mackey_1000,0.0,0.001,4.0,,8.0,140.0,64.0,0.0362246669828891,0.0406569801270961,0.1534126251935959,0.1654860079288482,0.5527329444885254,0.6318486332893372,149.0,2146.0,11086.14,0.0589142809621989,0.0651292502880096,0.0545791499316692
1.0,qlstm_paper,original_2,mackey_1000,0.0,0.001,4.0,,16.0,1.0,64.0,8.104297012323514e-05,9.27583678276278e-05,0.0074634086340665,0.0079753315076231,0.9992332458496094,0.9992903470993042,149.0,3083.0,39767.88,0.0052555444650352,0.005933647044003,0.0043993084691464
1.0,qlstm_paper,original_2,mackey_1000,0.0,0.001,4.0,,16.0,70.0,64.0,0.026779806241393,0.0165627766400575,0.1239705830812454,0.1029311120510101,0.7168571949005127,0.8724284172058105,149.0,5118.0,61846.68,0.044314154320293,0.0447262041270732,0.0425209626555442
1.0,qlstm_paper,original_2,mackey_1000,0.0,0.001,4.0,,16.0,140.0,64.0,0.036384180188179,0.0272647775709629,0.1483778655529022,0.1361011117696762,0.5802491307258606,0.7701979875564575,149.0,3522.0,37576.93,0.058718517422676,0.062666043639183,0.0552500672638416
1.0,qlstm_paper,original_3,mackey_1000,0.0,0.001,4.0,,4.0,1.0,64.0,8.020360837690532e-05,9.75016737356782e-05,0.0074341017752885,0.0081826616078615,0.9992295503616332,0.999256670475006,221.0,1830.0,7449.62,0.0041712175821885,0.0045412094332277,0.0033396680373698
1.0,qlstm_paper,original_3,mackey_1000,0.0,0.001,4.0,,4.0,70.0,64.0,0.0339727513492107,0.0249327328056097,0.1401562988758087,0.1222850680351257,0.6296689510345459,0.7992291450500488,221.0,2575.0,9433.64,0.04690649608771,0.047505110502243,0.0443780720233917
1.0,qlstm_paper,original_3,mackey_1000,0.0,0.001,4.0,,4.0,140.0,64.0,0.0519182123243808,0.0671480447053909,0.1942138224840164,0.2135127484798431,0.2157628536224365,0.2258620411157608,221.0,439.0,1654.9,0.0560399645732508,0.0674012824892997,0.0521802306175231
1.0,qlstm_paper,original_3,mackey_1000,0.0,0.001,4.0,,8.0,1.0,64.0,9.483665053267032e-05,0.0001163323031505,0.0080653242766857,0.0089492462575435,0.9990782141685486,0.9991154074668884,221.0,2344.0,19561.01,0.0220772244036197,0.0228735990822315,0.016754675656557
1.0,qlstm_paper,original_3,mackey_1000,0.0,0.001,4.0,,8.0,70.0,64.0,0.0337541103363037,0.0261141546070575,0.1366892904043197,0.1324128210544586,0.6257721781730652,0.7859185934066772,221.0,507.0,3942.8,0.032475144498878,0.0270330496132373,0.0385972522199153
1.0,qlstm_paper,original_3,mackey_1000,0.0,0.001,4.0,,8.0,140.0,64.0,0.0376554578542709,0.037332896143198,0.1560426652431488,0.1617852598428726,0.5347616076469421,0.6756297945976257,221.0,897.0,6295.38,0.0565822636708617,0.0619476325809955,0.0524511933326721
1.0,qlstm_paper,original_3,mackey_1000,0.0,0.001,4.0,,16.0,1.0,64.0,7.40686955396086e-05,9.19459416763857e-05,0.0070004779845476,0.0079096043482422,0.9993247985839844,0.999295175075531,221.0,2169.0,37771.54,0.0051059461198747,0.0057944357395172,0.0042271022684872
1.0,qlstm_paper,original_3,mackey_1000,0.0,0.001,4.0,,16.0,70.0,64.0,0.0117962658405303,0.0109102679416537,0.0841757282614708,0.0847165882587432,0.8826842308044434,0.9128818511962892,221.0,6139.0,100339.04,0.0267168409708473,0.025802195072174,0.0336775630712509
1.0,qlstm_paper,original_3,mackey_1000,0.0,0.001,4.0,,16.0,140.0,64.0,0.0362137071788311,0.0264917016029357,0.1479773968458175,0.1327151209115982,0.5881193280220032,0.7756205797195435,221.0,1571.0,22064.51,0.0585205513052642,0.06330456584692,0.0533969812095165
1.0,qlstm_paper,original_1,mackey_1000,0.0,0.001,6.0,,4.0,1.0,64.0,0.0024938217829912,0.0032808040268719,0.0401505045592784,0.0466432608664035,0.9755218029022216,0.974783718585968,115.0,5348.0,19371.43,0.0513042286038398,0.0539974384009838,0.0423549748957157
1.0,qlstm_paper,original_1,mackey_1000,0.0,0.001,6.0,,4.0,70.0,64.0,0.0455851405858993,0.0372354835271835,0.1633713692426681,0.1546951085329055,0.4247409701347351,0.6959487795829773,115.0,1743.0,5746.42,0.0587544855144288,0.0650331377983093,0.0522985234856605
1.0,qlstm_paper,original_1,mackey_1000,0.0,0.001,6.0,,4.0,140.0,64.0,0.0521583668887615,0.0672464296221733,0.1943812668323516,0.2133426368236541,-0.237191304564476,0.1112144887447357,115.0,432.0,1414.93,0.0558822196390893,0.067262165248394,0.052416518330574
1.0,qlstm_paper,original_1,mackey_1000,0.0,0.001,6.0,,8.0,1.0,64.0,0.001176259946078,0.0018092867685481,0.0263078063726425,0.0317837074398994,0.9885589480400084,0.9865584969520568,115.0,8216.0,63188.94,0.0596779428422451,0.0613857433199882,0.0483091697096824
1.0,qlstm_paper,original_1,mackey_1000,0.0,0.001,6.0,,8.0,70.0,64.0,0.0384990572929382,0.0296735744923353,0.1449179500341415,0.1382140964269638,0.5585494041442871,0.7663212418556213,115.0,6665.0,46284.21,0.0585072740084595,0.0645054653286933,0.0521860159933567
1.0,qlstm_paper,original_1,mackey_1000,0.0,0.001,6.0,,8.0,140.0,64.0,0.0524071305990219,0.0660273879766464,0.1949802935123443,0.2107236981391906,-0.0562753900885582,0.2237448692321777,115.0,419.0,2588.38,0.0585074061527848,0.0660944283008575,0.052615862339735
1.0,qlstm_paper,original_1,mackey_1000,0.0,0.001,6.0,,16.0,1.0,64.0,0.0010741103906184,0.0017538721440359,0.0269486792385578,0.0319187901914119,0.9897713661193848,0.9871121644973756,115.0,5852.0,92730.27,0.0549871370196342,0.0577995367348194,0.0457181483507156
1.0,qlstm_paper,original_1,mackey_1000,0.0,0.001,6.0,,16.0,70.0,64.0,0.0363241285085678,0.0255995243787765,0.1449604630470276,0.1271783709526062,0.5980547666549683,0.7914392352104187,115.0,1941.0,27308.11,0.0605856627225875,0.0649936273694038,0.0528520457446575
1.0,qlstm_paper,original_1,mackey_1000,0.0,0.001,6.0,,16.0,140.0,64.0,0.0339359901845455,0.0435403659939765,0.1443950533866882,0.1666353940963745,0.6076958179473877,0.5847545266151428,115.0,5123.0,66546.36,0.0591409304179251,0.0646517053246498,0.0531382709741592
1.0,qlstm_paper,original_2,mackey_1000,0.0,0.001,6.0,,4.0,1.0,64.0,0.0001676474930718,0.0002271399862365,0.0104041043668985,0.0122334379702806,0.9983845353126526,0.9982565641403198,223.0,3054.0,15867.07,0.015490985289216,0.0167182348668575,0.0121472375467419
1.0,qlstm_paper,original_2,mackey_1000,0.0,0.001,6.0,,4.0,70.0,64.0,0.0367434881627559,0.030709221959114,0.1424014121294021,0.1386278867721557,0.5877317786216736,0.7461041808128357,223.0,1951.0,9416.96,0.0455518646372689,0.043731402605772,0.0449505634605884
1.0,qlstm_paper,original_2,mackey_1000,0.0,0.001,6.0,,4.0,140.0,64.0,0.0530961491167545,0.0666590556502342,0.1951832920312881,0.2121831178665161,-0.2020947039127349,0.1517826318740844,223.0,405.0,1954.72,0.0559312870932949,0.0667233243584632,0.0530803240835666
1.0,qlstm_paper,original_2,mackey_1000,0.0,0.001,6.0,,8.0,1.0,64.0,0.0001187277157441,0.0001696710678515,0.0087072858586907,0.0104635180905461,0.998866081237793,0.9987088441848756,223.0,3596.0,39053.33,0.0081923188176006,0.0085822995752096,0.0067331721074879
1.0,qlstm_paper,original_2,mackey_1000,0.0,0.001,6.0,,8.0,70.0,64.0,0.031556986272335,0.0239580273628234,0.1366225183010101,0.1240250542759895,0.6568994522094727,0.8061571717262268,223.0,4369.0,43080.01,0.0473512464927302,0.0492391884326934,0.0446468293666839
1.0,qlstm_paper,original_2,mackey_1000,0.0,0.001,6.0,,8.0,140.0,64.0,0.0356008037924766,0.042690485715866,0.1517587900161743,0.1681424975395202,0.5637096762657166,0.6042748689651489,223.0,964.0,8724.8,0.0583544676192104,0.0655560493469238,0.0529267825186252
1.0,qlstm_paper,original_2,mackey_1000,0.0,0.001,6.0,,16.0,1.0,64.0,0.0001822866761358,0.0002223321644123,0.0109564336016774,0.0123055055737495,0.9982484579086304,0.9982897639274596,223.0,3117.0,68491.04,0.0125267641618847,0.0135943526402115,0.0100371427834033
1.0,qlstm_paper,original_2,mackey_1000,0.0,0.001,6.0,,16.0,70.0,64.0,0.0190945994108915,0.0141399530693888,0.1055445820093154,0.0980028361082077,0.8086659908294678,0.8879757523536682,223.0,4412.0,88637.78,0.0283291745516988,0.0255629792809486,0.0358594097197055
1.0,qlstm_paper,original_2,mackey_1000,0.0,0.001,6.0,,16.0,140.0,64.0,0.0369552336633205,0.0240287780761718,0.1576422750949859,0.125278815627098,0.5841996669769287,0.798504114151001,223.0,4284.0,76754.77,0.0587833882309496,0.0632554665207862,0.0544114373624324
1.0,qlstm_paper,original_3,mackey_1000,0.0,0.001,6.0,,4.0,1.0,64.0,7.289944187505171e-05,9.05543492990546e-05,0.0068460702896118,0.007798018399626,0.9993031620979308,0.999303936958313,331.0,2232.0,15684.76,0.0058312310837209,0.0063207978382706,0.0047685573808848
1.0,qlstm_paper,original_3,mackey_1000,0.0,0.001,6.0,,4.0,70.0,64.0,0.0358661338686943,0.0295200552791357,0.1398531347513198,0.1358449310064315,0.5978986620903015,0.7564646601676941,331.0,2075.0,13256.08,0.0423330933683448,0.0375020653009414,0.0442676395177841
1.0,qlstm_paper,original_3,mackey_1000,0.0,0.001,6.0,,4.0,140.0,64.0,0.0526776872575283,0.0669035017490387,0.1945932805538177,0.2122913897037506,-0.184390902519226,0.1895804405212402,331.0,423.0,2714.13,0.0560046707590421,0.0670274272561073,0.0528653375804424
1.0,qlstm_paper,original_3,mackey_1000,0.0,0.001,6.0,,8.0,1.0,64.0,0.0001259591663256,0.0001449464907636,0.009177578613162,0.0099032092839479,0.9987714886665344,0.9988869428634644,331.0,2917.0,41229.66,0.0100580971688032,0.0107475686818361,0.008125920780003
1.0,qlstm_paper,original_3,mackey_1000,0.0,0.001,6.0,,8.0,70.0,64.0,0.0331659130752086,0.0258675348013639,0.1341539770364761,0.1339833885431289,0.6298952102661133,0.788120687007904,331.0,870.0,11736.89,0.0509220212697982,0.0542848892509937,0.0466145537793636
1.0,qlstm_paper,original_3,mackey_1000,0.0,0.001,6.0,,8.0,140.0,64.0,0.0348669774830341,0.0417541749775409,0.1540839821100235,0.1663706600666046,0.5712766051292419,0.6143296360969543,331.0,1095.0,12970.04,0.0582697251811623,0.0652408525347709,0.0530487708747386
1.0,qlstm_paper,original_3,mackey_1000,0.0,0.001,6.0,,16.0,1.0,64.0,0.0001011325948638,0.0001191471892525,0.0081955110654234,0.0090788854286074,0.9990546703338624,0.999086618423462,331.0,2149.0,62378.22,0.0048719104379415,0.0053992923349142,0.0041624908335506
1.0,qlstm_paper,original_3,mackey_1000,0.0,0.001,6.0,,16.0,70.0,64.0,0.034376174211502,0.0243942718952894,0.1454073786735534,0.1266299784183502,0.629216194152832,0.7960848212242126,331.0,908.0,24258.05,0.0494552850723266,0.0515515692532062,0.0449533723294734
1.0,qlstm_paper,original_3,mackey_1000,0.0,0.001,6.0,,16.0,140.0,64.0,0.0365244559943676,0.0274213384836912,0.1529607027769088,0.1352713108062744,0.5823519229888916,0.7637683749198914,331.0,1780.0,42088.33,0.0590152251534163,0.0641785264015197,0.0535623915493488
1.0,qlstm_paper,original_1,mackey_1000,1.0,0.001,4.0,,4.0,1.0,64.0,0.0004086292174179,0.0005769636482,0.0156128415837883,0.0175121240317821,0.9959983229637146,0.995656430721283,77.0,13868.0,29995.58,0.0419326368719339,0.0444493517279624,0.0347818955779075
1.0,qlstm_paper,original_1,mackey_1000,1.0,0.001,4.0,,4.0,70.0,64.0,0.0459272824227809,0.0392614044249057,0.1668583452701568,0.1595865041017532,0.4028838276863098,0.6801260113716125,77.0,4671.0,9319.49,0.0586015201277203,0.0644014626741409,0.0519713088870048
1.0,qlstm_paper,original_1,mackey_1000,1.0,0.001,4.0,,4.0,140.0,64.0,0.0521894507110118,0.067209355533123,0.1943928897380828,0.2132625430822372,-0.1570629030466079,0.1874662488698959,77.0,410.0,816.75,0.0514975189192531,0.0672423169016838,0.0521837435662746
1.0,qlstm_paper,original_1,mackey_1000,1.0,0.001,4.0,,8.0,1.0,64.0,0.0004764277837239,0.0007453233702108,0.0183995980769395,0.0219572149217128,0.9954201579093932,0.9944757223129272,77.0,7587.0,34124.74,0.0477498542517423,0.0516581498086452,0.0398927554488182
1.0,qlstm_paper,original_1,mackey_1000,1.0,0.001,4.0,,8.0,70.0,64.0,0.0380486249923706,0.0278957150876522,0.1450578868389129,0.1352322399616241,0.5726329684257507,0.776241660118103,77.0,2556.0,10498.09,0.059608737213744,0.0658388435840606,0.0529104135930538
1.0,qlstm_paper,original_1,mackey_1000,1.0,0.001,4.0,,8.0,140.0,64.0,0.0383730828762054,0.0399433001875877,0.1567642241716385,0.1626781225204467,0.5141193866729736,0.6534543633460999,77.0,5807.0,21344.07,0.0585111174732446,0.0660502910614013,0.0526898019015789
1.0,qlstm_paper,original_1,mackey_1000,1.0,0.001,4.0,,16.0,1.0,64.0,0.0017827533883973,0.0021642332430928,0.0352627672255039,0.0391039885580539,0.9826324582099916,0.9833413362503052,77.0,6002.0,54048.34,0.0555690921843051,0.0620673410594463,0.0491894744336605
1.0,qlstm_paper,original_1,mackey_1000,1.0,0.001,4.0,,16.0,70.0,64.0,0.0413018986582756,0.029763177037239,0.1589687466621399,0.1345206350088119,0.5084939002990723,0.7648029327392578,77.0,4366.0,35957.24,0.0597225829131073,0.0644750297069549,0.0524251796305179
1.0,qlstm_paper,original_1,mackey_1000,1.0,0.001,4.0,,16.0,140.0,64.0,0.0309635810554027,0.0358496159315109,0.1428422629833221,0.1547459065914154,0.6393377184867859,0.6750738024711609,77.0,4805.0,36014.94,0.0590744814835488,0.0646412074565887,0.0530938804149627
1.0,qlstm_paper,original_2,mackey_1000,1.0,0.001,4.0,,4.0,1.0,64.0,0.0001239934354089,0.0001657186658121,0.0089067965745925,0.0104738939553499,0.9987947940826416,0.99872624874115,149.0,2026.0,6238.11,0.0047273401403799,0.0051357941702008,0.0040108235552906
1.0,qlstm_paper,original_2,mackey_1000,1.0,0.001,4.0,,4.0,70.0,64.0,0.0367524251341819,0.0302931237965822,0.1402325183153152,0.1371236592531204,0.5852577090263367,0.7488122582435608,149.0,1569.0,4554.16,0.0489760492410924,0.0499198697507381,0.046108141541481
1.0,qlstm_paper,original_2,mackey_1000,1.0,0.001,4.0,,4.0,140.0,64.0,0.0564044639468193,0.0657390505075454,0.1985328644514084,0.2108811438083648,-0.2110229283571243,0.1530793458223343,149.0,419.0,1176.67,0.0517010165236166,0.0663468986749649,0.0533871091902256
1.0,qlstm_paper,original_2,mackey_1000,1.0,0.001,4.0,,8.0,1.0,64.0,6.714161281706765e-05,7.806419307598844e-05,0.0067169521935284,0.0072843758389353,0.9993563294410706,0.9994074106216432,149.0,3047.0,19270.73,0.0052165626082569,0.0058915633708238,0.0045583671890199
1.0,qlstm_paper,original_2,mackey_1000,1.0,0.001,4.0,,8.0,70.0,64.0,0.0328522510826587,0.0251689869910478,0.1351568102836609,0.1320500820875167,0.6342809796333313,0.7953789830207825,149.0,1332.0,7687.66,0.0410926101936234,0.0385647788643837,0.0433053150773048
1.0,qlstm_paper,original_2,mackey_1000,1.0,0.001,4.0,,8.0,140.0,64.0,0.0359772183001041,0.0398550331592559,0.1536779999732971,0.1636308580636978,0.5554159283638,0.6436672210693359,149.0,2239.0,11640.33,0.0591145921498537,0.0651314407587051,0.0551968738436698
1.0,qlstm_paper,original_2,mackey_1000,1.0,0.001,4.0,,16.0,1.0,64.0,9.996462176786736e-05,0.0001160039319074,0.0081492979079484,0.0089366994798183,0.9990594387054444,0.999108612537384,149.0,2342.0,30729.23,0.0041426496114581,0.0046335738152265,0.0035814594011753
1.0,qlstm_paper,original_2,mackey_1000,1.0,0.001,4.0,,16.0,70.0,64.0,0.0171372834593057,0.012731927447021,0.1015194654464721,0.0971883758902549,0.8258450031280518,0.8985169529914856,149.0,4285.0,52354.87,0.0350520430753628,0.0308882035315036,0.0420025177299976
1.0,qlstm_paper,original_2,mackey_1000,1.0,0.001,4.0,,16.0,140.0,64.0,0.0357884354889392,0.0210509467869997,0.1535273343324661,0.1150008514523506,0.6002163887023926,0.8322460055351257,149.0,5302.0,58860.57,0.0588588216342031,0.0631022006273269,0.0554493218660354
1.0,qlstm_paper,original_3,mackey_1000,1.0,0.001,4.0,,4.0,1.0,64.0,9.360144031234086e-05,0.0001199632897623,0.0077807027846574,0.0089117884635925,0.99910968542099,0.9990773797035216,221.0,1696.0,7006.39,0.0043281538179144,0.0046154679730534,0.0036714188754558
1.0,qlstm_paper,original_3,mackey_1000,1.0,0.001,4.0,,4.0,70.0,64.0,0.0349812842905521,0.0293094795197248,0.1385131031274795,0.1369258463382721,0.6082117557525635,0.7567161321640015,221.0,1414.0,5392.92,0.0417711113890012,0.0365467593073844,0.0446168854832649
1.0,qlstm_paper,original_3,mackey_1000,1.0,0.001,4.0,,4.0,140.0,64.0,0.0527842864394187,0.0663314759731292,0.1942275315523147,0.2110557407140731,-0.0301195383071899,0.2574746906757355,221.0,418.0,1596.86,0.0516381730040949,0.0666796043515205,0.0530612580478191
1.0,qlstm_paper,original_3,mackey_1000,1.0,0.001,4.0,,8.0,1.0,64.0,9.921990567818284e-05,0.0001117571664508,0.0083338636904954,0.008906471543014,0.999059557914734,0.9991396069526672,221.0,1750.0,15079.89,0.0041995653999038,0.0048556290566921,0.0035942534450441
1.0,qlstm_paper,original_3,mackey_1000,1.0,0.001,4.0,,8.0,70.0,64.0,0.0343533121049404,0.0240703877061605,0.144363597035408,0.1229025498032569,0.6302586197853088,0.804050087928772,221.0,1346.0,10595.87,0.045945463495122,0.0473028644919395,0.0438157506287097
1.0,qlstm_paper,original_3,mackey_1000,1.0,0.001,4.0,,8.0,140.0,64.0,0.0356019213795661,0.0404651835560798,0.1562882661819458,0.1658331751823425,0.5597589612007141,0.6311973929405212,221.0,1179.0,8330.9,0.0552219124510884,0.0605686791241169,0.0518936179578304
1.0,qlstm_paper,original_3,mackey_1000,1.0,0.001,4.0,,16.0,1.0,64.0,0.0001060923168552,0.0001288314379053,0.0085127661004662,0.0094118770211935,0.9989863038063048,0.9990087747573853,221.0,1756.0,31109.74,0.0035385582130402,0.003830337896943,0.0030877068638801
1.0,qlstm_paper,original_3,mackey_1000,1.0,0.001,4.0,,16.0,70.0,64.0,0.0340048037469387,0.0240438282489776,0.1445914953947067,0.1256417483091354,0.6322665214538574,0.7999264597892761,221.0,987.0,15926.78,0.0283260316484504,0.0257561765611171,0.0344410166144371
1.0,qlstm_paper,original_3,mackey_1000,1.0,0.001,4.0,,16.0,140.0,64.0,0.0336469858884811,0.0282144807279109,0.1472537517547607,0.1358915269374847,0.6168221235275269,0.7548527121543884,221.0,1573.0,22485.71,0.0586907006800174,0.062657743692398,0.0552400089800357
1.0,qlstm_paper,original_1,mackey_1000,1.0,0.001,6.0,,4.0,1.0,64.0,0.0024567558430135,0.0032078290823847,0.0401489995419979,0.0463883280754089,0.9757760167121888,0.9753148555755616,115.0,7298.0,25540.3,0.0541631639003753,0.0573873557150363,0.0452772565186023
1.0,qlstm_paper,original_1,mackey_1000,1.0,0.001,6.0,,4.0,70.0,64.0,0.0456074811518192,0.0372423119843006,0.1631737798452377,0.1545318812131881,0.422510415315628,0.6949775815010071,115.0,2367.0,7639.74,0.0594823194874657,0.0656401440501213,0.0526378080248832
1.0,qlstm_paper,original_1,mackey_1000,1.0,0.001,6.0,,4.0,140.0,64.0,0.0522196665406227,0.0671438202261924,0.1943946629762649,0.213145449757576,-0.1251799017190933,0.2047577053308487,115.0,420.0,1359.05,0.0515082191430135,0.0672164633870124,0.0523154623806476
1.0,qlstm_paper,original_1,mackey_1000,1.0,0.001,6.0,,8.0,1.0,64.0,0.0010287432232871,0.0016625899588689,0.0249880887567996,0.0301453024148941,0.9899908304214478,0.9877455234527588,115.0,10426.0,79950.38,0.0429106663912534,0.0462125763297081,0.0359017439186573
1.0,qlstm_paper,original_1,mackey_1000,1.0,0.001,6.0,,8.0,70.0,64.0,0.0451581850647926,0.0355277545750141,0.1613081842660904,0.1506055891513824,0.4403458833694458,0.7109854221343994,115.0,3054.0,20949.8,0.058712965912289,0.0646705850958824,0.052275501191616
1.0,qlstm_paper,original_1,mackey_1000,1.0,0.001,6.0,,8.0,140.0,64.0,0.0365767180919647,0.0443568490445613,0.1536172479391098,0.1718391478061676,0.5558201670646667,0.6209713220596313,115.0,11428.0,73518.39,0.0584950936026871,0.0660702288150787,0.0526234246790409
1.0,qlstm_paper,original_1,mackey_1000,1.0,0.001,6.0,,16.0,1.0,64.0,0.0008658486767672,0.0013510842109099,0.0242960657924413,0.0284821297973394,0.9916101098060608,0.9901384115219116,115.0,9573.0,148327.57,0.0510724328458309,0.0569564178586006,0.0449274219572544
1.0,qlstm_paper,original_1,mackey_1000,1.0,0.001,6.0,,16.0,70.0,64.0,0.0362710207700729,0.0259289722889661,0.1483948230743408,0.127731442451477,0.6039599180221558,0.7859943509101868,115.0,2169.0,30062.78,0.060330756008625,0.0651531442999839,0.052866194397211
1.0,qlstm_paper,original_1,mackey_1000,1.0,0.001,6.0,,16.0,140.0,64.0,0.0327251404523849,0.0434400402009487,0.1412687748670578,0.164979338645935,0.6283956170082092,0.582740843296051,115.0,4511.0,58778.63,0.0590496626682579,0.0645997896790504,0.0531950779259204
1.0,qlstm_paper,original_2,mackey_1000,1.0,0.001,6.0,,4.0,1.0,64.0,0.0001292346714762,0.0001821971382014,0.009120206348598,0.0109582645818591,0.9987667202949524,0.9986018538475036,223.0,3081.0,16444.71,0.0070788969285786,0.0078897969797253,0.0056982212699949
1.0,qlstm_paper,original_2,mackey_1000,1.0,0.001,6.0,,4.0,70.0,64.0,0.0367136783897876,0.0298630967736244,0.1412046551704406,0.1349635422229766,0.5805628299713135,0.7550943493843079,223.0,2828.0,13866.8,0.058244041684601,0.0639485865831375,0.0516553036868572
1.0,qlstm_paper,original_2,mackey_1000,1.0,0.001,6.0,,4.0,140.0,64.0,0.0524097941815853,0.0668991133570671,0.1945096403360366,0.2127667665481567,-0.1550634652376175,0.1996056139469146,223.0,415.0,2002.73,0.0514852069932708,0.0670122057199478,0.0523818805813789
1.0,qlstm_paper,original_2,mackey_1000,1.0,0.001,6.0,,8.0,1.0,64.0,0.0001118874934036,0.0001382289192406,0.0084111643955111,0.0096095791086554,0.998933494091034,0.998942732810974,223.0,3860.0,43354.37,0.0223586574196815,0.0246881451457738,0.0183866247534751
1.0,qlstm_paper,original_2,mackey_1000,1.0,0.001,6.0,,8.0,70.0,64.0,0.0367877893149852,0.0272137932479381,0.1439080089330673,0.1352210044860839,0.5923430323600769,0.7766592502593994,223.0,733.0,7406.51,0.0437805379430452,0.043674536049366,0.0432535000145435
1.0,qlstm_paper,original_2,mackey_1000,1.0,0.001,6.0,,8.0,140.0,64.0,0.0351712293922901,0.0397247411310672,0.1520331650972366,0.1632294356822967,0.5667449235916138,0.6426835060119629,223.0,3028.0,26887.0,0.0585133302956819,0.0661536008119583,0.0525662824511528
1.0,qlstm_paper,original_2,mackey_1000,1.0,0.001,6.0,,16.0,1.0,64.0,0.0001448285765945,0.000175885943463,0.0096979392692446,0.0108937686309218,0.9986022710800172,0.9986489415168762,223.0,2442.0,55409.78,0.0201788309030234,0.0226370170712471,0.0170349087566137
1.0,qlstm_paper,original_2,mackey_1000,1.0,0.001,6.0,,16.0,70.0,64.0,0.0237434729933738,0.0126597322523593,0.1201478019356727,0.0929679125547409,0.7471252083778381,0.902576506137848,223.0,6090.0,132005.36,0.0560061836408244,0.0598171167075634,0.0496003292500972
1.0,qlstm_paper,original_2,mackey_1000,1.0,0.001,6.0,,16.0,140.0,64.0,0.0292618777602911,0.0383690446615219,0.1407923549413681,0.158994048833847,0.6645360589027405,0.6403661370277405,223.0,1982.0,35964.5,0.0586901931092143,0.0636093243956565,0.0540037676692009
1.0,qlstm_paper,original_3,mackey_1000,1.0,0.001,6.0,,4.0,1.0,64.0,9.940750896930696e-05,0.0001299086725339,0.0079375021159648,0.0091943610459566,0.999042510986328,0.9990017414093018,331.0,2041.0,14215.92,0.0064878054894506,0.0070962458848953,0.0053194807842373
1.0,qlstm_paper,original_3,mackey_1000,1.0,0.001,6.0,,4.0,70.0,64.0,0.0364763848483562,0.0297465976327657,0.1409238576889038,0.1376326531171798,0.5943360924720764,0.7520965337753296,331.0,1817.0,11727.81,0.0575432177219125,0.0629452094435691,0.0511360019445419
1.0,qlstm_paper,original_3,mackey_1000,1.0,0.001,6.0,,4.0,140.0,64.0,0.0515683479607105,0.0670661404728889,0.1938087046146392,0.2135982662439346,0.3393093645572662,0.1889638006687164,331.0,444.0,2872.32,0.0514772085217474,0.0673596262931823,0.0519156418740749
1.0,qlstm_paper,original_3,mackey_1000,1.0,0.001,6.0,,8.0,1.0,64.0,0.000168315556948,0.00018754597113,0.0105363866314291,0.011348788626492,0.9984381794929504,0.9985623955726624,331.0,3046.0,43385.12,0.008990191668272,0.010519484989345,0.0074478927999734
1.0,qlstm_paper,original_3,mackey_1000,1.0,0.001,6.0,,8.0,70.0,64.0,0.0366690754890441,0.0274483412504196,0.1412877142429351,0.1367401927709579,0.5943184494972229,0.7753779888153076,331.0,756.0,9908.11,0.0484745113386048,0.0512420088052749,0.0450055263936519
1.0,qlstm_paper,original_3,mackey_1000,1.0,0.001,6.0,,8.0,140.0,64.0,0.0342042334377765,0.0416052863001823,0.1528147161006927,0.1675933301448822,0.5818654298782349,0.6153340935707092,331.0,1840.0,21477.45,0.058513194322586,0.0660935714840889,0.0526295490562915
1.0,qlstm_paper,original_3,mackey_1000,1.0,0.001,6.0,,16.0,1.0,64.0,8.802224328974262e-05,0.0001016041351249,0.0076960562728345,0.0083363587036728,0.9991634488105774,0.9992175102233888,331.0,2991.0,87071.48,0.0134298032149672,0.0151893887668848,0.0112851504236459
1.0,qlstm_paper,original_3,mackey_1000,1.0,0.001,6.0,,16.0,70.0,64.0,0.0327001623809337,0.0189067218452692,0.1352282017469406,0.1101156175136566,0.6432286500930786,0.8549947738647461,331.0,4712.0,121912.87,0.0345097631216049,0.0327924191951751,0.036434568464756
1.0,qlstm_paper,original_3,mackey_1000,1.0,0.001,6.0,,16.0,140.0,64.0,0.0365826338529586,0.0256658755242824,0.1496934592723846,0.1316573619842529,0.5841121077537537,0.7856795191764832,331.0,2607.0,61581.74,0.0587709792889654,0.0639224052429199,0.0535954907536506
1.0,qlstm_paper,original_1,mackey_1000,2.0,0.001,4.0,,4.0,1.0,64.0,0.0018059422727674,0.0020958771929144,0.0363027788698673,0.03869354352355,0.9821595549583436,0.98370623588562,77.0,4795.0,10452.47,0.0590036153793335,0.0620846934616565,0.049067273736
1.0,qlstm_paper,original_1,mackey_1000,2.0,0.001,4.0,,4.0,70.0,64.0,0.0381120592355728,0.0323378443717956,0.1411801129579544,0.1437373161315918,0.558502733707428,0.7368184924125671,77.0,3692.0,7381.48,0.0572959130836857,0.0626308619976043,0.0509711354970932
1.0,qlstm_paper,original_1,mackey_1000,2.0,0.001,4.0,,4.0,140.0,64.0,0.0520355328917503,0.0673383027315139,0.1943782567977905,0.2136825621128082,0.1139050275087356,-0.1865405142307281,77.0,418.0,839.65,0.0526406164798471,0.0674951374530792,0.0526827275753021
1.0,qlstm_paper,original_1,mackey_1000,2.0,0.001,4.0,,8.0,1.0,64.0,0.0004600218962877,0.0006795792141929,0.018184719607234,0.0210274420678615,0.9955677390098572,0.9949038624763488,77.0,7137.0,31392.14,0.0149899970740079,0.0162899568676948,0.0117465164512395
1.0,qlstm_paper,original_1,mackey_1000,2.0,0.001,4.0,,8.0,70.0,64.0,0.037611648440361,0.0280518252402544,0.1451424807310104,0.1354063749313354,0.5774623155593872,0.7753123641014099,77.0,1835.0,7664.12,0.0584273855719301,0.0634818524122238,0.0515379197895526
1.0,qlstm_paper,original_1,mackey_1000,2.0,0.001,4.0,,8.0,140.0,64.0,0.0379709713160991,0.0399440638720989,0.1574100404977798,0.162760928273201,0.5175858736038208,0.6502755284309387,77.0,4516.0,16511.57,0.0583242829889059,0.0654829666018486,0.0529350973665714
1.0,qlstm_paper,original_1,mackey_1000,2.0,0.001,4.0,,16.0,1.0,64.0,0.0005517308600246,0.0007744032191112,0.0200937949120998,0.0226848907768726,0.994703471660614,0.9942011833190918,77.0,5202.0,46949.12,0.0321098182350397,0.0362115874886512,0.027954613789916
1.0,qlstm_paper,original_1,mackey_1000,2.0,0.001,4.0,,16.0,70.0,64.0,0.0360669009387493,0.0242405217140913,0.145971417427063,0.125041127204895,0.6076709032058716,0.800872266292572,77.0,734.0,6239.37,0.0592269297275278,0.064078614115715,0.0521127842366695
1.0,qlstm_paper,original_1,mackey_1000,2.0,0.001,4.0,,16.0,140.0,64.0,0.0301355496048927,0.0391173623502254,0.1387579441070556,0.1607341319322586,0.6538391709327698,0.6325356960296631,77.0,3877.0,29440.2,0.05902133975178,0.0643909573554992,0.0531940981745719
1.0,qlstm_paper,original_2,mackey_1000,2.0,0.001,4.0,,4.0,1.0,64.0,8.04460360086523e-05,9.829142800299452e-05,0.0071767573244869,0.0081190047785639,0.9992380738258362,0.999241828918457,149.0,3884.0,12087.16,0.0064667015802115,0.0071188774891197,0.0051271240226924
1.0,qlstm_paper,original_2,mackey_1000,2.0,0.001,4.0,,4.0,70.0,64.0,0.0354690179228782,0.0299160461872816,0.1383973509073257,0.1376160979270935,0.6026045083999634,0.7511003017425537,149.0,1504.0,4257.3,0.0525603650344742,0.0555095672607421,0.0478687807917594
1.0,qlstm_paper,original_2,mackey_1000,2.0,0.001,4.0,,4.0,140.0,64.0,0.0529100559651851,0.0668662041425705,0.1951154917478561,0.2125790268182754,-0.2268425375223159,0.1274115145206451,149.0,437.0,1236.31,0.0524772247816953,0.0669872835278511,0.0534350983798503
1.0,qlstm_paper,original_2,mackey_1000,2.0,0.001,4.0,,8.0,1.0,64.0,8.853195322444662e-05,0.0001051900326274,0.0076344907283782,0.0084225516766309,0.9991444945335388,0.9991938471794128,149.0,3525.0,22451.28,0.0060516757890582,0.0069308360107243,0.0051474482752382
1.0,qlstm_paper,original_2,mackey_1000,2.0,0.001,4.0,,8.0,70.0,64.0,0.0356235951185226,0.0255827438086271,0.1477973163127899,0.1292228400707245,0.6142042279243469,0.7896086573600769,149.0,1888.0,10922.79,0.0350045609391397,0.0302000120282173,0.0400317534804344
1.0,qlstm_paper,original_2,mackey_1000,2.0,0.001,4.0,,8.0,140.0,64.0,0.0349458493292331,0.0409363210201263,0.1538993269205093,0.1685001254081726,0.5726454854011536,0.6267373561859131,149.0,2768.0,14582.63,0.0585689856670796,0.0655486658215522,0.0533706024289131
1.0,qlstm_paper,original_2,mackey_1000,2.0,0.001,4.0,,16.0,1.0,64.0,7.940099021652713e-05,9.101231262320653e-05,0.0071764369495213,0.0078576169908046,0.9992498159408568,0.9993003010749816,149.0,3305.0,43327.58,0.0043017341988161,0.0051827668212354,0.0038354790303856
1.0,qlstm_paper,original_2,mackey_1000,2.0,0.001,4.0,,16.0,70.0,64.0,0.0293034147471189,0.0154204983264207,0.1324651390314102,0.1034197881817817,0.6845405697822571,0.8791773319244385,149.0,4210.0,49716.97,0.0340824837072028,0.0305276550352573,0.0387954041361808
1.0,qlstm_paper,original_2,mackey_1000,2.0,0.001,4.0,,16.0,140.0,64.0,0.0351320058107376,0.0227095857262611,0.1554184556007385,0.1211523041129112,0.606995165348053,0.8152394890785217,149.0,6147.0,66030.67,0.0587292816489934,0.0632932111620903,0.0541863404214382
1.0,qlstm_paper,original_3,mackey_1000,2.0,0.001,4.0,,4.0,1.0,64.0,0.0001181657062261,0.0001634649379411,0.0086562484502792,0.0103199174627661,0.9988620281219482,0.9987363815307616,221.0,1598.0,6562.24,0.0057087680790573,0.0060833925381302,0.0045549455098807
1.0,qlstm_paper,original_3,mackey_1000,2.0,0.001,4.0,,4.0,70.0,64.0,0.0338594131171703,0.0292931292206048,0.1342060267925262,0.1369855254888534,0.6214132308959961,0.7570504546165466,221.0,1499.0,5686.16,0.0425566780484385,0.0378498807549476,0.0440517328679561
1.0,qlstm_paper,original_3,mackey_1000,2.0,0.001,4.0,,4.0,140.0,64.0,0.0518460012972354,0.0675102695822715,0.1939562261104583,0.2136255949735641,0.2179353088140487,-0.1178595870733261,221.0,409.0,1540.06,0.0526414191764262,0.0676925405859947,0.0521454215049743
1.0,qlstm_paper,original_3,mackey_1000,2.0,0.001,4.0,,8.0,1.0,64.0,5.94167249801103e-05,7.374057167908177e-05,0.0063290554098784,0.0070903985761106,0.999434769153595,0.999438464641571,221.0,1538.0,13015.54,0.0035203614039346,0.0040046037174761,0.0030519410502165
1.0,qlstm_paper,original_3,mackey_1000,2.0,0.001,4.0,,8.0,70.0,64.0,0.0330112054944038,0.0245119538158178,0.1378598660230636,0.1293233335018158,0.6390789747238159,0.7996816635131836,221.0,2382.0,18569.43,0.0327867946277062,0.0285550970584154,0.038075502961874
1.0,qlstm_paper,original_3,mackey_1000,2.0,0.001,4.0,,8.0,140.0,64.0,0.0355465076863765,0.0411805137991905,0.1542385667562484,0.166205033659935,0.562983512878418,0.6233698725700378,221.0,908.0,6411.53,0.0582121568731963,0.065435029566288,0.0526717379689216
1.0,qlstm_paper,original_3,mackey_1000,2.0,0.001,4.0,,16.0,1.0,64.0,0.0001397757150698,0.0001736771373543,0.0099209174513816,0.0109562817960977,0.998659372329712,0.9986807107925416,221.0,2147.0,37083.14,0.0067293636268004,0.0080841099843382,0.0059020966291427
1.0,qlstm_paper,original_3,mackey_1000,2.0,0.001,4.0,,16.0,70.0,64.0,0.0329419039189815,0.0224509369581937,0.142007365822792,0.1236999183893203,0.6520642638206482,0.8154841065406799,221.0,1476.0,24110.84,0.0283959474828508,0.0248749032616615,0.0364939458668231
1.0,qlstm_paper,original_3,mackey_1000,2.0,0.001,4.0,,16.0,140.0,64.0,0.0345893092453479,0.0278815124183893,0.1520703583955764,0.1367752701044082,0.602755069732666,0.7604290246963501,221.0,3409.0,49236.96,0.0589750497601926,0.0643188953399658,0.0532570667564868
1.0,qlstm_paper,original_1,mackey_1000,2.0,0.001,6.0,,4.0,1.0,64.0,0.0023201240692287,0.0030622286722064,0.0389612577855587,0.0453446581959724,0.9771588444709778,0.9765151143074036,115.0,8414.0,30359.78,0.0563617277890443,0.0594424828886985,0.0468096360564231
1.0,qlstm_paper,original_1,mackey_1000,2.0,0.001,6.0,,4.0,70.0,64.0,0.0464456416666507,0.037818145006895,0.1649970412254333,0.1562494486570358,0.4133693873882293,0.6875283718109131,115.0,2757.0,9309.29,0.0600448139011859,0.066437691450119,0.0530528612434864
1.0,qlstm_paper,original_1,mackey_1000,2.0,0.001,6.0,,4.0,140.0,64.0,0.0521198473870754,0.0672689601778984,0.1943689435720443,0.2134270220994949,0.1651576161384582,-0.1757812052965164,115.0,410.0,1350.88,0.0524156399899058,0.0672864392399787,0.0523771792650222
1.0,qlstm_paper,original_1,mackey_1000,2.0,0.001,6.0,,8.0,1.0,64.0,0.0020529017783701,0.0026872591115534,0.0367584750056266,0.0427417755126953,0.9798423647880554,0.9794381856918336,115.0,5525.0,42533.6,0.0587478093802928,0.0619735680520534,0.0488408245146274
1.0,qlstm_paper,original_1,mackey_1000,2.0,0.001,6.0,,8.0,70.0,64.0,0.0429602526128292,0.0335803143680095,0.1540918499231338,0.1461462527513504,0.474564641714096,0.729662299156189,115.0,1891.0,13043.87,0.0552939180698659,0.059502936899662,0.049148429185152
1.0,qlstm_paper,original_1,mackey_1000,2.0,0.001,6.0,,8.0,140.0,64.0,0.0515840873122215,0.0615585371851921,0.1905708909034729,0.2053014934062957,0.1250219345092773,0.3296796083450317,115.0,9892.0,68863.74,0.0585195738822221,0.0660838261246681,0.052617534995079
1.0,qlstm_paper,original_1,mackey_1000,2.0,0.001,6.0,,16.0,1.0,64.0,0.001057801535353,0.0017169710481539,0.0267035737633705,0.0317759960889816,0.9899696111679076,0.987278401851654,115.0,8578.0,138113.29,0.0564937785267829,0.0631178766489029,0.0501104928553104
1.0,qlstm_paper,original_1,mackey_1000,2.0,0.001,6.0,,16.0,70.0,64.0,0.0438374578952789,0.0343076139688491,0.1632224321365356,0.1467536240816116,0.4510547816753387,0.724325954914093,115.0,6250.0,90255.53,0.0603972102204958,0.0654380172491073,0.0530621781945228
1.0,qlstm_paper,original_1,mackey_1000,2.0,0.001,6.0,,16.0,140.0,64.0,0.0515823252499103,0.0586299113929271,0.1899753510951995,0.1997492015361786,0.1519732624292373,0.3442830443382263,115.0,8089.0,107328.14,0.0590736269950866,0.0646222159266471,0.0530910044908523
1.0,qlstm_paper,original_2,mackey_1000,2.0,0.001,6.0,,4.0,1.0,64.0,0.0001770529779605,0.0002516607637517,0.0106020523235201,0.0128582203760743,0.9983207583427428,0.9980769157409668,223.0,1805.0,9842.59,0.0303686663508415,0.0315423309803009,0.0243809074163436
1.0,qlstm_paper,original_2,mackey_1000,2.0,0.001,6.0,,4.0,70.0,64.0,0.0361131243407726,0.0295137017965316,0.141664981842041,0.1358427256345749,0.5965000987052917,0.7553919553756714,223.0,3019.0,15096.11,0.058297310438421,0.0639491528272628,0.0516814365983009
1.0,qlstm_paper,original_2,mackey_1000,2.0,0.001,6.0,,4.0,140.0,64.0,0.05242919921875,0.0670218542218208,0.1947302222251892,0.2131920009851455,-0.2217005640268325,0.1356068849563598,223.0,419.0,2089.65,0.0524494789747728,0.0671123340725898,0.0529336109757423
1.0,qlstm_paper,original_2,mackey_1000,2.0,0.001,6.0,,8.0,1.0,64.0,0.0002173847460653,0.0002987394691444,0.0119506102055311,0.0143842194229364,0.9979382157325744,0.99772971868515,223.0,2687.0,29557.75,0.0121448234654963,0.0131759159266948,0.0096847312524914
1.0,qlstm_paper,original_2,mackey_1000,2.0,0.001,6.0,,8.0,70.0,64.0,0.0352374799549579,0.0274355895817279,0.1452248692512512,0.1326095759868621,0.6109186410903931,0.772382378578186,223.0,989.0,10169.44,0.0381856622795263,0.0334970392286777,0.0419427007436752
1.0,qlstm_paper,original_2,mackey_1000,2.0,0.001,6.0,,8.0,140.0,64.0,0.0355705022811889,0.0403089225292205,0.1531335413455963,0.1639311462640762,0.5594540238380432,0.6340394020080566,223.0,1405.0,12817.08,0.0586782163009047,0.0664584562182426,0.0523910485208034
1.0,qlstm_paper,original_2,mackey_1000,2.0,0.001,6.0,,16.0,1.0,64.0,0.0001430257689207,0.000194919120986,0.0095769483596086,0.0114559959620237,0.9986523389816284,0.998501718044281,223.0,3468.0,77001.13,0.0082486556610092,0.0097299376502633,0.0074685211293399
1.0,qlstm_paper,original_2,mackey_1000,2.0,0.001,6.0,,16.0,70.0,64.0,0.0344980508089065,0.0207341071218252,0.1407005935907364,0.1189481168985366,0.6230627298355103,0.8343088030815125,223.0,2987.0,60660.88,0.0448401897317833,0.0446396917104721,0.0431585982441902
1.0,qlstm_paper,original_2,mackey_1000,2.0,0.001,6.0,,16.0,140.0,64.0,0.0368276499211788,0.0241996739059686,0.1582017093896865,0.1256662160158157,0.5757924318313599,0.8024364709854126,223.0,6111.0,109771.9,0.0592635250650346,0.0647474005818367,0.0532311536371707
1.0,qlstm_paper,original_3,mackey_1000,2.0,0.001,6.0,,4.0,1.0,64.0,0.0001042584844981,0.0001411021949024,0.008283894509077,0.0096698086708784,0.998991847038269,0.9989158511161804,331.0,2457.0,17401.63,0.0069391236174851,0.0075062792748212,0.0054372074082493
1.0,qlstm_paper,original_3,mackey_1000,2.0,0.001,6.0,,4.0,70.0,64.0,0.0353497005999088,0.0293420664966106,0.1405665874481201,0.1347250789403915,0.6002062559127808,0.7576837539672852,331.0,1932.0,12590.74,0.0484670475125312,0.0490492992103099,0.0454251691699028
1.0,qlstm_paper,original_3,mackey_1000,2.0,0.001,6.0,,4.0,140.0,64.0,0.0517516024410724,0.0676001980900764,0.1939393877983093,0.2138649076223373,0.2190746665000915,-0.1383263617753982,331.0,461.0,3005.98,0.0527322874921891,0.0678217113018035,0.0521576516330242
1.0,qlstm_paper,original_3,mackey_1000,2.0,0.001,6.0,,8.0,1.0,64.0,0.0001293289969908,0.0001799917517928,0.0092485547065734,0.0108672929927706,0.9987471103668212,0.9986276030540466,331.0,2978.0,42229.54,0.0114616500213742,0.0124866385012865,0.0095993997529149
1.0,qlstm_paper,original_3,mackey_1000,2.0,0.001,6.0,,8.0,70.0,64.0,0.0331053584814071,0.0254185907542705,0.1373193264007568,0.1329620480537414,0.6313872933387756,0.7924202084541321,331.0,1264.0,16918.39,0.0361159700486395,0.0318406112492084,0.0397825129330158
1.0,qlstm_paper,original_3,mackey_1000,2.0,0.001,6.0,,8.0,140.0,64.0,0.0355596281588077,0.0416776426136493,0.1503413170576095,0.1671732515096664,0.5680370926856995,0.6194443106651306,331.0,1284.0,15701.66,0.0585600016638636,0.0660024657845497,0.0527669675648212
1.0,qlstm_paper,original_3,mackey_1000,2.0,0.001,6.0,,16.0,1.0,64.0,6.486217171186581e-05,7.227547030197456e-05,0.006392600480467,0.0067378440871834,0.9993874430656432,0.9994463324546814,331.0,2812.0,80382.91,0.0070705730235204,0.008351843804121,0.0062688644975423
1.0,qlstm_paper,original_3,mackey_1000,2.0,0.001,6.0,,16.0,70.0,64.0,0.034378133714199,0.0240794457495212,0.1440872102975845,0.1265661120414734,0.6294400691986084,0.7994149923324585,331.0,1130.0,30594.42,0.0379204712808132,0.0363184548914432,0.0393952243030071
1.0,qlstm_paper,original_3,mackey_1000,2.0,0.001,6.0,,16.0,140.0,64.0,0.035482782870531,0.0264916531741619,0.1460299789905548,0.1330165565013885,0.593492329120636,0.7775539755821228,331.0,2009.0,48444.57,0.0591037520207464,0.0643163844943046,0.0536413602530956
1.0,qlstm_paper,original_1,mackey_1000,3.0,0.001,4.0,,4.0,1.0,64.0,0.0014828317798674,0.0018252629088237,0.0317656062543392,0.035604789853096,0.9854455590248108,0.985910952091217,77.0,8962.0,19603.45,0.0506224021315574,0.0529354624450206,0.0414220131933689
1.0,qlstm_paper,original_1,mackey_1000,3.0,0.001,4.0,,4.0,70.0,64.0,0.0440479107201099,0.0354087613523006,0.1575550138950348,0.1505369544029235,0.4557197093963623,0.7137690186500549,77.0,4744.0,9528.9,0.0597436970306767,0.0665137395262718,0.053083635866642
1.0,qlstm_paper,original_1,mackey_1000,3.0,0.001,4.0,,4.0,140.0,64.0,0.052188079804182,0.0672068521380424,0.1944465637207031,0.2133514285087585,-0.2193140685558319,0.1281837522983551,77.0,445.0,887.86,0.0521378313812116,0.067243754863739,0.0526062436401844
1.0,qlstm_paper,original_1,mackey_1000,3.0,0.001,4.0,,8.0,1.0,64.0,0.0006064369226805,0.0010324900504201,0.020492834970355,0.0253556594252586,0.9942205548286438,0.9923800230026244,77.0,6209.0,28245.08,0.0446081571280956,0.0474804192781448,0.0367975495755672
1.0,qlstm_paper,original_1,mackey_1000,3.0,0.001,4.0,,8.0,70.0,64.0,0.0361731387674808,0.0280818995088338,0.1411274671554565,0.1348990201950073,0.59470534324646,0.7723478078842163,77.0,3689.0,15064.27,0.0450125841630829,0.0451472327113151,0.0432006530463695
1.0,qlstm_paper,original_1,mackey_1000,3.0,0.001,4.0,,8.0,140.0,64.0,0.036018144339323,0.0441957674920558,0.1514094322919845,0.1698868870735168,0.5550926923751831,0.5893828868865967,77.0,6197.0,22951.23,0.0585466893389821,0.0660714730620384,0.0524143315851688
1.0,qlstm_paper,original_1,mackey_1000,3.0,0.001,4.0,,16.0,1.0,64.0,0.0018942836904898,0.0023139673285186,0.0365500226616859,0.0406739935278892,0.9815458059310912,0.98223614692688,77.0,7170.0,65669.61,0.0466151498258113,0.0513775423169136,0.0404360368847847
1.0,qlstm_paper,original_1,mackey_1000,3.0,0.001,4.0,,16.0,70.0,64.0,0.0356982052326202,0.0243015140295028,0.144562155008316,0.1254050284624099,0.6108089685440063,0.7999430894851685,77.0,845.0,7265.98,0.0604542340669367,0.0652587562799453,0.0529585406184196
1.0,qlstm_paper,original_1,mackey_1000,3.0,0.001,4.0,,16.0,140.0,64.0,0.0299042575061321,0.0380222909152507,0.1389222294092178,0.1590432822704315,0.6552444696426392,0.6486198306083679,77.0,3222.0,24727.96,0.0590457953512668,0.0647237226366996,0.0531271435320377
1.0,qlstm_paper,original_2,mackey_1000,3.0,0.001,4.0,,4.0,1.0,64.0,0.0001014698937069,0.000152386870468,0.0081085339188575,0.0099609028548002,0.9990200996398926,0.9988296627998352,149.0,2425.0,7569.8,0.0055134018417447,0.0058802394196391,0.0046540722250938
1.0,qlstm_paper,original_2,mackey_1000,3.0,0.001,4.0,,4.0,70.0,64.0,0.0373921729624271,0.029920320957899,0.1438085287809372,0.1366280615329742,0.5809998512268066,0.750997006893158,149.0,1153.0,3282.89,0.0502432622015476,0.0521011874079704,0.0467944927513599
1.0,qlstm_paper,original_2,mackey_1000,3.0,0.001,4.0,,4.0,140.0,64.0,0.0535647757351398,0.0665198564529419,0.1958652138710022,0.2121490985155105,-0.2146800756454467,0.1360534727573394,149.0,410.0,1189.78,0.0521980296406481,0.0667845383286476,0.0535904355347156
1.0,qlstm_paper,original_2,mackey_1000,3.0,0.001,4.0,,8.0,1.0,64.0,9.091454558074474e-05,0.0001242291909875,0.0076864059083163,0.0090469317510724,0.9991429448127748,0.999049961566925,149.0,2706.0,16990.54,0.0054240302182734,0.0058016269467771,0.0046659200452268
1.0,qlstm_paper,original_2,mackey_1000,3.0,0.001,4.0,,8.0,70.0,64.0,0.0316163673996925,0.0228556059300899,0.1357195079326629,0.12015051394701,0.6590065360069275,0.818056583404541,149.0,1796.0,10668.95,0.0374484856923421,0.0316181406378746,0.0421895831823349
1.0,qlstm_paper,original_2,mackey_1000,3.0,0.001,4.0,,8.0,140.0,64.0,0.0350120142102241,0.0399276129901409,0.1521986871957779,0.1653668880462646,0.5734667181968689,0.6375503540039062,149.0,2208.0,11635.33,0.0583789604716002,0.0647656098008155,0.0536351352930069
1.0,qlstm_paper,original_2,mackey_1000,3.0,0.001,4.0,,16.0,1.0,64.0,6.489522638730705e-05,8.940655970945954e-05,0.0065847779624164,0.0076057570986449,0.9993874430656432,0.9993244409561156,149.0,3649.0,51006.86,0.0071460645180195,0.0080027570948004,0.0064322343096137
1.0,qlstm_paper,original_2,mackey_1000,3.0,0.001,4.0,,16.0,70.0,64.0,0.0360020324587821,0.0245553907006979,0.1458102315664291,0.1287356168031692,0.6147507429122925,0.7942561507225037,149.0,541.0,6437.99,0.0358117448372973,0.0313272513449192,0.0414983183145523
1.0,qlstm_paper,original_2,mackey_1000,3.0,0.001,4.0,,16.0,140.0,64.0,0.0364801734685897,0.0224426351487636,0.156612753868103,0.1195236518979072,0.5824441909790039,0.8183576464653015,149.0,4864.0,54353.94,0.0588389947079122,0.0620431825518608,0.0558805055916309
1.0,qlstm_paper,original_3,mackey_1000,3.0,0.001,4.0,,4.0,1.0,64.0,8.338663610629737e-05,0.000111280773126,0.0073721827939152,0.0086602373048663,0.999192714691162,0.9991500973701476,221.0,1824.0,7557.81,0.0050639617023989,0.0054897172376513,0.0041099833324551
1.0,qlstm_paper,original_3,mackey_1000,3.0,0.001,4.0,,4.0,70.0,64.0,0.0344683229923248,0.026039445772767,0.1441212296485901,0.1287419497966766,0.6307070255279541,0.7904298901557922,221.0,2982.0,11243.93,0.041482506526841,0.037242867052555,0.0434202998876571
1.0,qlstm_paper,original_3,mackey_1000,3.0,0.001,4.0,,4.0,140.0,64.0,0.0524516999721527,0.0669632479548454,0.194689393043518,0.2130222469568252,-0.2059912234544754,0.1567633748054504,221.0,408.0,1559.34,0.052361712221884,0.0671492740511894,0.0535251088440418
1.0,qlstm_paper,original_3,mackey_1000,3.0,0.001,4.0,,8.0,1.0,64.0,5.3479194320971146e-05,6.215910980245098e-05,0.0061410944908857,0.0065620164386928,0.9994937777519226,0.9995275139808656,221.0,3353.0,28094.0,0.0102557067759335,0.0114500140771269,0.0083797611296176
1.0,qlstm_paper,original_3,mackey_1000,3.0,0.001,4.0,,8.0,70.0,64.0,0.0325407721102237,0.0227072946727275,0.1385650038719177,0.1199009120464325,0.6502051949501038,0.8164466023445129,221.0,2576.0,19925.07,0.0420637995832496,0.0400596894323825,0.0418816283345222
1.0,qlstm_paper,original_3,mackey_1000,3.0,0.001,4.0,,8.0,140.0,64.0,0.0360967554152011,0.0399619452655315,0.1538556069135666,0.1645350307226181,0.5543903112411499,0.6396321654319763,221.0,1152.0,8149.81,0.0581871769391,0.0648136511445045,0.0531429387629032
1.0,qlstm_paper,original_3,mackey_1000,3.0,0.001,4.0,,16.0,1.0,64.0,7.935243775136769e-05,8.919130777940154e-05,0.0073718619532883,0.0078826723620295,0.9992680549621582,0.9993156790733336,221.0,2574.0,45638.15,0.0083493184763938,0.0092917801812291,0.0070186252705752
1.0,qlstm_paper,original_3,mackey_1000,3.0,0.001,4.0,,16.0,70.0,64.0,0.0290797259658575,0.0193956736475229,0.1276326775550842,0.1163587421178817,0.686242938041687,0.8410841822624207,221.0,3799.0,62996.15,0.0265462986297077,0.0245769899338483,0.0356829762458801
1.0,qlstm_paper,original_3,mackey_1000,3.0,0.001,4.0,,16.0,140.0,64.0,0.0349242091178894,0.0267467815428972,0.1462034285068512,0.1367039829492569,0.602135956287384,0.7765836119651794,221.0,1616.0,22787.22,0.0590223632752895,0.064477302134037,0.0534286834299564
1.0,qlstm_paper,original_1,mackey_1000,3.0,0.001,6.0,,4.0,1.0,64.0,0.0023135670926421,0.0029340169858187,0.0396067462861537,0.0455353073775768,0.9772660732269288,0.9773423671722412,115.0,5629.0,19644.58,0.0614332500845193,0.0643692389130592,0.0508987493813037
1.0,qlstm_paper,original_1,mackey_1000,3.0,0.001,6.0,,4.0,70.0,64.0,0.0436805859208107,0.042429219931364,0.1676080524921417,0.1670040488243103,0.4278325736522674,0.6924225687980652,115.0,26859.0,90790.58,0.0597684097786744,0.0665511116385459,0.0531081184744834
1.0,qlstm_paper,original_1,mackey_1000,3.0,0.001,6.0,,4.0,140.0,64.0,0.0521572232246398,0.0672320574522018,0.19439098238945,0.2133474946022033,-0.1772331893444061,0.1694408655166626,115.0,425.0,1387.81,0.0521848752784232,0.0672960206866264,0.0526643358170986
1.0,qlstm_paper,original_1,mackey_1000,3.0,0.001,6.0,,8.0,1.0,64.0,0.0009725956479087,0.0015501292655244,0.0243455599993467,0.0293388422578573,0.9906604290008544,0.9885924458503724,115.0,10256.0,80924.99,0.040536244213581,0.0432062298059463,0.0334296934306621
1.0,qlstm_paper,original_1,mackey_1000,3.0,0.001,6.0,,8.0,70.0,64.0,0.0384075567126274,0.0293893553316593,0.1470992565155029,0.1363274753093719,0.5524500012397766,0.7668794393539429,115.0,6125.0,41698.26,0.0601643315619892,0.066205583512783,0.0531123615801334
1.0,qlstm_paper,original_1,mackey_1000,3.0,0.001,6.0,,8.0,140.0,64.0,0.0429046861827373,0.0546616055071353,0.1752133220434188,0.1947381794452667,0.4145212173461914,0.4413382112979889,115.0,15965.0,100872.68,0.0585276139900088,0.0660584941506385,0.0526526272296905
1.0,qlstm_paper,original_1,mackey_1000,3.0,0.001,6.0,,16.0,1.0,64.0,0.0010752700036391,0.0016960385255515,0.0267593897879123,0.0314051881432533,0.9897177219390868,0.987514853477478,115.0,5973.0,94128.29,0.0435429934412241,0.0480795502662658,0.0376062020659446
1.0,qlstm_paper,original_1,mackey_1000,3.0,0.001,6.0,,16.0,70.0,64.0,0.0363301374018192,0.0256288796663284,0.1450068950653076,0.1272000074386596,0.5983638763427734,0.790566623210907,115.0,2029.0,28164.95,0.0605544526543882,0.0653859600424766,0.0530405528843402
1.0,qlstm_paper,original_1,mackey_1000,3.0,0.001,6.0,,16.0,140.0,64.0,0.0325963161885738,0.0433165468275547,0.1411834508180618,0.1647848486900329,0.6293435096740723,0.5834379196166992,115.0,4598.0,59436.91,0.0590162179432809,0.0646436661481857,0.0531937070190906
1.0,qlstm_paper,original_2,mackey_1000,3.0,0.001,6.0,,4.0,1.0,64.0,0.0001186827794299,0.0001633987412787,0.0086642308160662,0.0103576648980379,0.9988476634025574,0.998745858669281,223.0,1859.0,9695.39,0.0046194130321964,0.0048348805867135,0.0038746907375752
1.0,qlstm_paper,original_2,mackey_1000,3.0,0.001,6.0,,4.0,70.0,64.0,0.0360837988555431,0.0299955066293478,0.1425434201955795,0.1357421725988388,0.5906027555465698,0.7528176307678223,223.0,2660.0,12548.14,0.0526481771634684,0.0563854873180389,0.047946523874998
1.0,qlstm_paper,original_2,mackey_1000,3.0,0.001,6.0,,4.0,140.0,64.0,0.0524321980774402,0.0664901658892631,0.194399818778038,0.2121991217136383,-0.0793274343013763,0.2263543158769607,223.0,837.0,4119.39,0.0523962164815101,0.0674750655889511,0.0529884174466133
1.0,qlstm_paper,original_2,mackey_1000,3.0,0.001,6.0,,8.0,1.0,64.0,9.618516196496783e-05,0.0001206795641337,0.0078697204589843,0.0089576002210378,0.9990770220756532,0.9990721344947816,223.0,3564.0,38404.44,0.0077765156514942,0.0084445010870695,0.0064880573190748
1.0,qlstm_paper,original_2,mackey_1000,3.0,0.001,6.0,,8.0,70.0,64.0,0.0371395871043205,0.0277864523231983,0.1445838660001754,0.1338608711957931,0.5829107761383057,0.7746326327323914,223.0,773.0,7814.15,0.0418349790076414,0.0398928225040435,0.041712611913681
1.0,qlstm_paper,original_2,mackey_1000,3.0,0.001,6.0,,8.0,140.0,64.0,0.0345724746584892,0.0420456901192665,0.1507333517074585,0.1662820428609848,0.573970377445221,0.6147509217262268,223.0,2225.0,19853.59,0.0583061585202813,0.06551144272089,0.0528019815683364
1.0,qlstm_paper,original_2,mackey_1000,3.0,0.001,6.0,,16.0,1.0,64.0,5.138639608048834e-05,6.474470137618482e-05,0.0057438551448285,0.0063481912948191,0.9995102286338806,0.9995104670524596,223.0,2662.0,59766.36,0.0035285637946799,0.0040035513229668,0.0031861029565334
1.0,qlstm_paper,original_2,mackey_1000,3.0,0.001,6.0,,16.0,70.0,64.0,0.0169164985418319,0.0133190490305423,0.1018333658576011,0.0976164638996124,0.825798749923706,0.8932238221168518,223.0,6959.0,138073.08,0.0269911808686123,0.024607153609395,0.0354432798922061
1.0,qlstm_paper,original_2,mackey_1000,3.0,0.001,6.0,,16.0,140.0,64.0,0.0353472307324409,0.0237403884530067,0.1563429236412048,0.1222736984491348,0.599254846572876,0.7999282479286194,223.0,3663.0,66499.32,0.058758039958775,0.0630593374371528,0.0551926158368587
1.0,qlstm_paper,original_3,mackey_1000,3.0,0.001,6.0,,4.0,1.0,64.0,0.0001230112247867,0.0001614337379578,0.0089526604861021,0.0104358196258544,0.9988165497779846,0.998762845993042,331.0,2438.0,16845.54,0.017597371712327,0.0188226550817489,0.0138352336362004
1.0,qlstm_paper,original_3,mackey_1000,3.0,0.001,6.0,,4.0,70.0,64.0,0.0338090099394321,0.0277504511177539,0.1377257406711578,0.133625254034996,0.6253753304481506,0.7693414092063904,331.0,3251.0,20506.34,0.0467188728766308,0.047155313193798,0.0446049124002456
1.0,qlstm_paper,original_3,mackey_1000,3.0,0.001,6.0,,4.0,140.0,64.0,0.0399949327111244,0.0452677197754383,0.159699335694313,0.1718789935111999,0.4762902855873108,0.6103978753089905,331.0,3990.0,24967.82,0.0525349462922248,0.0674244314432144,0.0534950755536556
1.0,qlstm_paper,original_3,mackey_1000,3.0,0.001,6.0,,8.0,1.0,64.0,0.0001032883228617,0.0001332178362645,0.008117320947349,0.0093276109546422,0.998996376991272,0.9989781975746156,331.0,2507.0,35634.65,0.0068299619946628,0.0075504044070839,0.0056723584420979
1.0,qlstm_paper,original_3,mackey_1000,3.0,0.001,6.0,,8.0,70.0,64.0,0.0321465320885181,0.0227220710366964,0.1395704597234726,0.1207414492964744,0.6493542194366455,0.8199957013130188,331.0,2500.0,32331.45,0.0341867324378755,0.0286183413118124,0.0390679128468036
1.0,qlstm_paper,original_3,mackey_1000,3.0,0.001,6.0,,8.0,140.0,64.0,0.0381103605031967,0.0362501591444015,0.1583878248929977,0.1586429923772812,0.526634693145752,0.6879464387893677,331.0,2493.0,29080.8,0.0585234761238098,0.0658329725265502,0.0528754405677318
1.0,qlstm_paper,original_3,mackey_1000,3.0,0.001,6.0,,16.0,1.0,64.0,0.0001640750997466,0.0002029350580414,0.0103974100202322,0.0118241626769304,0.9984670281410216,0.9984370470046996,331.0,2950.0,83774.8,0.0073772600851953,0.0083569101989269,0.0062780701555311
1.0,qlstm_paper,original_3,mackey_1000,3.0,0.001,6.0,,16.0,70.0,64.0,0.0156194511801004,0.0121007673442363,0.1008716449141502,0.0891010537743568,0.8424493670463562,0.904979646205902,331.0,4564.0,120345.41,0.0373002857797675,0.0353669486939907,0.0386922173202037
1.0,qlstm_paper,original_3,mackey_1000,3.0,0.001,6.0,,16.0,140.0,64.0,0.0355024822056293,0.0234410837292671,0.1544358134269714,0.1218905821442604,0.5912840366363525,0.8110352158546448,331.0,5136.0,122367.44,0.0586938075721263,0.063887633383274,0.0537595860660076
1.0,qlstm_paper,original_1,mackey_1000,4.0,0.001,4.0,,4.0,1.0,64.0,0.001949883182533,0.0022689497563987,0.0376220867037773,0.0402073226869106,0.9807302355766296,0.9823414087295532,77.0,4966.0,10629.27,0.0589644812047481,0.0616285763680934,0.0488004796206951
1.0,qlstm_paper,original_1,mackey_1000,4.0,0.001,4.0,,4.0,70.0,64.0,0.0372350476682186,0.0317152477800846,0.1386321932077407,0.1415674537420272,0.5721125602722168,0.7400502562522888,77.0,4344.0,8639.19,0.0573681576384438,0.0622614100575447,0.0509674996137619
1.0,qlstm_paper,original_1,mackey_1000,4.0,0.001,4.0,,4.0,140.0,64.0,0.0521809831261634,0.0671146735548973,0.1944308578968048,0.2132923752069473,-0.1435109227895736,0.1922428607940673,77.0,405.0,798.49,0.0558904546002546,0.067154049873352,0.0524269752204418
1.0,qlstm_paper,original_1,mackey_1000,4.0,0.001,4.0,,8.0,1.0,64.0,0.0004694728704635,0.0007140189409255,0.0183731969445943,0.0214003287255764,0.9954394698143004,0.9946780800819396,77.0,8667.0,37836.79,0.046308197826147,0.0487355664372444,0.0377603136003017
1.0,qlstm_paper,original_1,mackey_1000,4.0,0.001,4.0,,8.0,70.0,64.0,0.0355772525072097,0.0282687339931726,0.1403648406267166,0.1351655125617981,0.6046835780143738,0.7669832706451416,77.0,4251.0,16962.45,0.0591318872239854,0.0648887455463409,0.0523764938116073
1.0,qlstm_paper,original_1,mackey_1000,4.0,0.001,4.0,,8.0,140.0,64.0,0.0384796634316444,0.0410987474024295,0.1583539694547653,0.1644992530345916,0.5079948902130127,0.6388150453567505,77.0,5075.0,18164.69,0.0583940171636641,0.0658826902508735,0.0524743050336837
1.0,qlstm_paper,original_1,mackey_1000,4.0,0.001,4.0,,16.0,1.0,64.0,0.0005443665431812,0.0007165499264374,0.0198122225701808,0.0221995711326599,0.9948737621307372,0.9945881366729736,77.0,7837.0,70571.58,0.0385632570832967,0.0437664128839969,0.0339295715093612
1.0,qlstm_paper,original_1,mackey_1000,4.0,0.001,4.0,,16.0,70.0,64.0,0.041163258254528,0.0300060752779245,0.1578072756528854,0.1356323510408401,0.5069364905357361,0.7646952867507935,77.0,4496.0,37356.7,0.0588481711844603,0.0636976659297943,0.0520061813294887
1.0,qlstm_paper,original_1,mackey_1000,4.0,0.001,4.0,,16.0,140.0,64.0,0.0309157744050025,0.0419388115406036,0.13652203977108,0.1643640995025634,0.648638129234314,0.5970284938812256,77.0,3352.0,24945.91,0.0589582286775112,0.0646111071109771,0.0531066134572029
1.0,qlstm_paper,original_2,mackey_1000,4.0,0.001,4.0,,4.0,1.0,64.0,7.90273625170812e-05,0.0001078732311725,0.0072592981159687,0.008482227101922,0.99923974275589,0.9991745352745056,149.0,2356.0,7348.18,0.0042723993072286,0.0045662019401788,0.0036553090903908
1.0,qlstm_paper,original_2,mackey_1000,4.0,0.001,4.0,,4.0,70.0,64.0,0.0352531783282756,0.029391698539257,0.1381238549947738,0.1359151303768158,0.603645384311676,0.7572326064109802,149.0,1572.0,4435.65,0.0475205948783291,0.0474258251488208,0.044900894165039
1.0,qlstm_paper,original_2,mackey_1000,4.0,0.001,4.0,,4.0,140.0,64.0,0.0520893484354019,0.0656381770968437,0.1938610076904297,0.2115169167518615,-0.0224750284105539,0.3209099173545837,149.0,428.0,1212.94,0.0558174476027488,0.0659493282437324,0.0539373531937599
1.0,qlstm_paper,original_2,mackey_1000,4.0,0.001,4.0,,8.0,1.0,64.0,8.60045402077958e-05,0.0001088746284949,0.0075397896580398,0.0086025176569819,0.9992179870605468,0.9991743564605712,149.0,2697.0,16985.61,0.0067163615487515,0.0076927547343075,0.0058522606268525
1.0,qlstm_paper,original_2,mackey_1000,4.0,0.001,4.0,,8.0,70.0,64.0,0.0341327004134655,0.0262546483427286,0.1387343555688858,0.1324505656957626,0.6215770244598389,0.7854188084602356,149.0,662.0,3897.39,0.0494660759965578,0.0521556623280048,0.0454386882483959
1.0,qlstm_paper,original_2,mackey_1000,4.0,0.001,4.0,,8.0,140.0,64.0,0.038850300014019,0.037369780242443,0.1581555753946304,0.1602715700864792,0.5152122974395752,0.6792951822280884,149.0,1726.0,9140.5,0.0586644252762198,0.06454499065876,0.0545713752508163
1.0,qlstm_paper,original_2,mackey_1000,4.0,0.001,4.0,,16.0,1.0,64.0,4.482537769945338e-05,5.680335743818432e-05,0.0052889357320964,0.0059983609244227,0.9995892643928528,0.9995668530464172,149.0,3592.0,46130.13,0.0061149349901825,0.0067711225710809,0.0052342498674988
1.0,qlstm_paper,original_2,mackey_1000,4.0,0.001,4.0,,16.0,70.0,64.0,0.0322134979069232,0.0168585646897554,0.1364622712135315,0.1035746559500694,0.6490841507911682,0.8683292865753174,149.0,6683.0,78169.88,0.0256549068209197,0.0251786392182111,0.034289788454771
1.0,qlstm_paper,original_2,mackey_1000,4.0,0.001,4.0,,16.0,140.0,64.0,0.0290242116898298,0.0420898087322711,0.1338677406311035,0.1629229187965393,0.6786531805992126,0.5971633195877075,149.0,619.0,6766.61,0.0583433909341692,0.0629421174526214,0.0542833507061004
1.0,qlstm_paper,original_3,mackey_1000,4.0,0.001,4.0,,4.0,1.0,64.0,4.477169568417594e-05,5.2898441936122254e-05,0.0055556115694344,0.0060135833919048,0.9995763897895812,0.9995927214622498,221.0,2702.0,11107.5,0.014881813339889,0.0162056218832731,0.0114709688350558
1.0,qlstm_paper,original_3,mackey_1000,4.0,0.001,4.0,,4.0,70.0,64.0,0.0334974750876426,0.0283537451177835,0.1368308216333389,0.1367033272981643,0.6255483627319336,0.7641359567642212,221.0,2183.0,8153.47,0.0416420623660087,0.0373467095196247,0.042886558920145
1.0,qlstm_paper,original_3,mackey_1000,4.0,0.001,4.0,,4.0,140.0,64.0,0.0520202405750751,0.066642552614212,0.1939809918403625,0.2125180810689926,0.0425555519759655,0.2808217406272888,221.0,427.0,1573.41,0.0559224266972806,0.06736471503973,0.0522303730249404
1.0,qlstm_paper,original_3,mackey_1000,4.0,0.001,4.0,,8.0,1.0,64.0,6.950504030101001e-05,8.973093645181507e-05,0.0069297421723604,0.0078584467992186,0.9993329048156738,0.9993140697479248,221.0,2692.0,22778.59,0.0053232991835102,0.0061355722136795,0.0044682188890874
1.0,qlstm_paper,original_3,mackey_1000,4.0,0.001,4.0,,8.0,70.0,64.0,0.0365726612508297,0.0267332177609205,0.1427369862794876,0.1349474489688873,0.5980148911476135,0.7807586193084717,221.0,677.0,5260.14,0.03367178949217,0.029853044077754,0.0383914709091186
1.0,qlstm_paper,original_3,mackey_1000,4.0,0.001,4.0,,8.0,140.0,64.0,0.0361619591712951,0.0412361919879913,0.1559050679206848,0.1690581440925598,0.5557188391685486,0.6265921592712402,221.0,937.0,6573.67,0.0582924056798219,0.0654044523835182,0.052828025072813
1.0,qlstm_paper,original_3,mackey_1000,4.0,0.001,4.0,,16.0,1.0,64.0,9.0243891463615e-05,0.0001142711844295,0.0077102142386138,0.0087362341582775,0.999130129814148,0.9991243481636048,221.0,2463.0,43759.28,0.0098163178190588,0.0113345477730035,0.0080944523215293
1.0,qlstm_paper,original_3,mackey_1000,4.0,0.001,4.0,,16.0,70.0,64.0,0.0348718240857124,0.023777512833476,0.1456689834594726,0.1254988014698028,0.6258951425552368,0.8043317794799805,221.0,716.0,11210.18,0.0275126769103937,0.0274856332689523,0.0332365520298481
1.0,qlstm_paper,original_3,mackey_1000,4.0,0.001,4.0,,16.0,140.0,64.0,0.0338421873748302,0.0276631992310285,0.1442028433084488,0.1363392025232315,0.6126150488853455,0.7631790637969971,221.0,1903.0,27129.71,0.0593241020105779,0.0652760937809944,0.0527253784239292
1.0,qlstm_paper,original_1,mackey_1000,4.0,0.001,6.0,,4.0,1.0,64.0,0.0024892701767385,0.0032460219226777,0.0406115353107452,0.0469214469194412,0.975411593914032,0.9750351905822754,115.0,5827.0,20359.87,0.0380953893065452,0.0395572669804096,0.0305964071303606
1.0,qlstm_paper,original_1,mackey_1000,4.0,0.001,6.0,,4.0,70.0,64.0,0.0446834340691566,0.0358428619801998,0.1598826199769973,0.1512778848409652,0.4435153305530548,0.7100290060043335,115.0,4929.0,15934.3,0.0603783739109834,0.0664878711104393,0.0530803501605987
1.0,qlstm_paper,original_1,mackey_1000,4.0,0.001,6.0,,4.0,140.0,64.0,0.0521691441535949,0.0672490075230598,0.1943517327308654,0.2132788598537445,0.3041900396347046,-0.0073232008144259,115.0,413.0,1352.98,0.0558863021433353,0.0672578662633895,0.0523291304707527
1.0,qlstm_paper,original_1,mackey_1000,4.0,0.001,6.0,,8.0,1.0,64.0,0.0010031214915215,0.0016920617781579,0.0249095968902111,0.0301335658878088,0.9902148246765136,0.9875896573066713,115.0,9711.0,74781.09,0.0293863352388143,0.030829356983304,0.0232290774583816
1.0,qlstm_paper,original_1,mackey_1000,4.0,0.001,6.0,,8.0,70.0,64.0,0.0448072962462902,0.0353260785341262,0.1585399061441421,0.1503312736749649,0.4477102756500244,0.7094652056694031,115.0,2064.0,13617.25,0.0594088741474681,0.0652462169528007,0.0525793321430683
1.0,qlstm_paper,original_1,mackey_1000,4.0,0.001,6.0,,8.0,140.0,64.0,0.0387196503579616,0.0468044877052307,0.1558627486228943,0.1765884906053543,0.5396140813827515,0.611871600151062,115.0,10199.0,64234.35,0.058516601100564,0.0660221651196479,0.0525632314383983
1.0,qlstm_paper,original_1,mackey_1000,4.0,0.001,6.0,,16.0,1.0,64.0,0.0011258511804044,0.0018093253020197,0.0275984480977058,0.0326153151690959,0.9893239736557008,0.986688196659088,115.0,7885.0,132984.77,0.0462063357234001,0.0524918399751186,0.0413273349404335
1.0,qlstm_paper,original_1,mackey_1000,4.0,0.001,6.0,,16.0,70.0,64.0,0.0364850014448165,0.0253983046859502,0.145731970667839,0.126710444688797,0.5988707542419434,0.7923144698143005,115.0,4245.0,61749.47,0.0602330528199672,0.065366506576538,0.0530119501054286
1.0,qlstm_paper,original_1,mackey_1000,4.0,0.001,6.0,,16.0,140.0,64.0,0.0329851470887661,0.0433866009116172,0.1418462246656417,0.165147066116333,0.6244065165519714,0.5844213962554932,115.0,4765.0,61466.91,0.0589734548702836,0.0646391734480857,0.0530670285224914
1.0,qlstm_paper,original_2,mackey_1000,4.0,0.001,6.0,,4.0,1.0,64.0,0.0001380168250761,0.0001713164383545,0.0098891872912645,0.0108285918831825,0.9986847043037416,0.9986851811408995,223.0,3331.0,17589.94,0.0503981985151767,0.0524148792028427,0.0411018244922161
1.0,qlstm_paper,original_2,mackey_1000,4.0,0.001,6.0,,4.0,70.0,64.0,0.0365528762340545,0.0305024851113557,0.1408934891223907,0.1363338679075241,0.5837753415107727,0.7508335113525391,223.0,3117.0,14926.49,0.0444809281163745,0.0420449823141098,0.0440956614911556
1.0,qlstm_paper,original_2,mackey_1000,4.0,0.001,6.0,,4.0,140.0,64.0,0.0521401986479759,0.0668312460184097,0.1942330747842788,0.2128463387489318,-0.0332286655902862,0.2452553510665893,223.0,408.0,1954.57,0.0558247591058413,0.067031480371952,0.0525086410343647
1.0,qlstm_paper,original_2,mackey_1000,4.0,0.001,6.0,,8.0,1.0,64.0,0.000193789412151,0.0002775752800516,0.0112220263108611,0.0133889578282833,0.9981371760368348,0.9978742003440856,223.0,2216.0,23804.22,0.0041054755216464,0.0045594898983836,0.003655040403828
1.0,qlstm_paper,original_2,mackey_1000,4.0,0.001,6.0,,8.0,70.0,64.0,0.0368788950145244,0.0274742916226387,0.1431676298379898,0.1353753954172134,0.5917661190032959,0.7750449776649475,223.0,1081.0,10984.41,0.0548700052830908,0.0589983835816383,0.0493374168872833
1.0,qlstm_paper,original_2,mackey_1000,4.0,0.001,6.0,,8.0,140.0,64.0,0.0353894084692001,0.0407043136656284,0.1508941203355789,0.1640563011169433,0.564022421836853,0.6323296427726746,223.0,3550.0,31727.45,0.058727488387376,0.0665170922875404,0.0523319914937019
1.0,qlstm_paper,original_2,mackey_1000,4.0,0.001,6.0,,16.0,1.0,64.0,0.0001384418283123,0.0001724437315715,0.0096312938258051,0.0109437927603721,0.9986599087715148,0.9986785650253296,223.0,2744.0,63923.37,0.0451935291290283,0.051128901541233,0.0404326431453228
1.0,qlstm_paper,original_2,mackey_1000,4.0,0.001,6.0,,16.0,70.0,64.0,0.0297433044761419,0.0175367929041385,0.1319620162248611,0.1095174998044967,0.6788486838340759,0.8607981204986572,223.0,5120.0,109772.75,0.0433965110116534,0.043583832681179,0.0423909239470958
1.0,qlstm_paper,original_2,mackey_1000,4.0,0.001,6.0,,16.0,140.0,64.0,0.0386044755578041,0.0269382800906896,0.1621439158916473,0.1346598714590072,0.5523012280464172,0.7724593877792358,223.0,3095.0,58661.14,0.0590234962292015,0.0647034347057342,0.0530154891312122
1.0,qlstm_paper,original_3,mackey_1000,4.0,0.001,6.0,,4.0,1.0,64.0,7.90124322520569e-05,9.521911124465988e-05,0.0072341752238571,0.0080576380714774,0.999266505241394,0.9992736577987672,331.0,1993.0,13721.78,0.0163950868882238,0.0178434904664754,0.0129433181136846
1.0,qlstm_paper,original_3,mackey_1000,4.0,0.001,6.0,,4.0,70.0,64.0,0.0339281372725963,0.0275092050433158,0.1371939033269882,0.1338176280260086,0.6228711605072021,0.7728451490402222,331.0,2740.0,17336.05,0.0432132052050696,0.0391207858920097,0.0438698232173919
1.0,qlstm_paper,original_3,mackey_1000,4.0,0.001,6.0,,4.0,140.0,64.0,0.0520643293857574,0.0670068711042404,0.1943604201078415,0.2133805751800537,-0.0804110392928123,0.2826591432094574,331.0,405.0,2596.31,0.0557521598206626,0.0671215876936912,0.0526526346802711
1.0,qlstm_paper,original_3,mackey_1000,4.0,0.001,6.0,,8.0,1.0,64.0,6.96830393280834e-05,8.004384289961308e-05,0.0069580222479999,0.0074336449615657,0.9993252158164978,0.9993898868560792,331.0,2744.0,38611.37,0.0090439691673964,0.0103060258552432,0.0077631301246583
1.0,qlstm_paper,original_3,mackey_1000,4.0,0.001,6.0,,8.0,70.0,64.0,0.0357952751219272,0.0264339186251163,0.1428767293691635,0.1338571310043335,0.6089457273483276,0.7829726338386536,331.0,861.0,11255.53,0.051095534943872,0.0539516769349575,0.0466439239680767
1.0,qlstm_paper,original_3,mackey_1000,4.0,0.001,6.0,,8.0,140.0,64.0,0.0346010848879814,0.0402855761349201,0.1535468399524688,0.1659964621067047,0.5771045088768005,0.6334832906723022,331.0,2348.0,27013.91,0.0585235995240509,0.0657744333148002,0.0528575032949447
1.0,qlstm_paper,original_3,mackey_1000,4.0,0.001,6.0,,16.0,1.0,64.0,0.0001272565132239,0.000147674101754,0.0092604169622063,0.0100547652691602,0.9987729787826538,0.9988659620285034,331.0,2532.0,73605.05,0.0082759724929928,0.0094196740537881,0.0069613046944141
1.0,qlstm_paper,original_3,mackey_1000,4.0,0.001,6.0,,16.0,70.0,64.0,0.0289114732295274,0.0185231361538171,0.1272239834070205,0.1133770868182182,0.6865419745445251,0.8507009148597717,331.0,6119.0,157145.64,0.0501165427267551,0.0528002604842186,0.0458343215286731
1.0,qlstm_paper,original_3,mackey_1000,4.0,0.001,6.0,,16.0,140.0,64.0,0.0353207103908062,0.027370786294341,0.1473875641822815,0.1364570409059524,0.595781147480011,0.7663594484329224,331.0,2470.0,59158.84,0.0586707638576626,0.0637048482894897,0.0537871569395065
1.0,qlstm_paper,original_1,mackey_1000,5.0,0.001,4.0,,4.0,1.0,64.0,0.001415071892552,0.0017221409361809,0.0310408119112253,0.0344725772738456,0.9861733317375184,0.9867331385612488,77.0,8427.0,18057.35,0.0556083846837282,0.0586717203259468,0.0462226308882236
1.0,qlstm_paper,original_1,mackey_1000,5.0,0.001,4.0,,4.0,70.0,64.0,0.0462051928043365,0.0396529026329517,0.1687975823879242,0.1602723002433776,0.3949481248855591,0.6783581376075745,77.0,3784.0,7425.79,0.0606856333712736,0.066733218729496,0.0531835928559303
1.0,qlstm_paper,original_1,mackey_1000,5.0,0.001,4.0,,4.0,140.0,64.0,0.0499372705817222,0.0625134259462356,0.1885343790054321,0.2073742449283599,0.2125741392374038,0.331560879945755,77.0,5771.0,11151.71,0.0649717094169722,0.0669809281826019,0.0527923889458179
1.0,qlstm_paper,original_1,mackey_1000,5.0,0.001,4.0,,8.0,1.0,64.0,0.0004978431970812,0.000802926660981,0.0188196990638971,0.0225579719990491,0.9951712489128112,0.9941205978393556,77.0,7916.0,34739.14,0.0541794210672378,0.0587308965623378,0.0462852381169796
1.0,qlstm_paper,original_1,mackey_1000,5.0,0.001,4.0,,8.0,70.0,64.0,0.0381563231348991,0.0279596857726573,0.1444130390882492,0.1348946094512939,0.568699836730957,0.7763661742210388,77.0,3457.0,14243.98,0.0583001205490695,0.0642604902386665,0.0519255250692367
1.0,qlstm_paper,original_1,mackey_1000,5.0,0.001,4.0,,8.0,140.0,64.0,0.0362827256321907,0.0406475812196731,0.1533412188291549,0.1646052598953247,0.5468457341194153,0.6419515609741211,77.0,5685.0,20522.34,0.0584836397320032,0.0658053457736969,0.0528520345687866
1.0,qlstm_paper,original_1,mackey_1000,5.0,0.001,4.0,,16.0,1.0,64.0,0.0003242014499846,0.0004163325356785,0.0153726711869239,0.016933724284172,0.9968569874763488,0.9968259334564208,77.0,6313.0,57579.81,0.0615471668541431,0.0659089311957359,0.0525010265409946
1.0,qlstm_paper,original_1,mackey_1000,5.0,0.001,4.0,,16.0,70.0,64.0,0.0407429859042167,0.029187997803092,0.1588619798421859,0.1327053308486938,0.5207305550575256,0.7689759731292725,77.0,3716.0,30989.31,0.0602881531748506,0.065736636519432,0.0532621070742607
1.0,qlstm_paper,original_1,mackey_1000,5.0,0.001,4.0,,16.0,140.0,64.0,0.0307117290794849,0.0422737412154674,0.1362644582986831,0.1656355559825897,0.6492761373519897,0.5912861227989197,77.0,3523.0,26566.15,0.0589068396948277,0.0641306340694427,0.0535925067961216
1.0,qlstm_paper,original_2,mackey_1000,5.0,0.001,4.0,,4.0,1.0,64.0,8.85331173776649e-05,0.0001296475384151,0.0077687362208962,0.0092669334262609,0.999148726463318,0.9990193843841552,149.0,2604.0,7946.36,0.0055658305063843,0.0060032056644558,0.0045746895484626
1.0,qlstm_paper,original_2,mackey_1000,5.0,0.001,4.0,,4.0,70.0,64.0,0.0354955308139324,0.0281965881586074,0.1422101557254791,0.1313274651765823,0.6078009009361267,0.7677762508392334,149.0,3045.0,8592.13,0.0437987860706117,0.0400614626705646,0.0435735881328582
1.0,qlstm_paper,original_2,mackey_1000,5.0,0.001,4.0,,4.0,140.0,64.0,0.0401483811438083,0.0485370606184005,0.1599416881799698,0.1772731095552444,0.4821381270885467,0.571327269077301,149.0,5360.0,14976.54,0.0655312923093636,0.0673091486096382,0.052979115396738
1.0,qlstm_paper,original_2,mackey_1000,5.0,0.001,4.0,,8.0,1.0,64.0,9.443891030969098e-05,0.0001091260128305,0.0080057242885231,0.0086507080122828,0.9990843534469604,0.9991653561592102,149.0,3114.0,19298.69,0.0055000658612698,0.0063211033120751,0.0047203674912452
1.0,qlstm_paper,original_2,mackey_1000,5.0,0.001,4.0,,8.0,70.0,64.0,0.032003179192543,0.0227262396365404,0.1373344659805297,0.1186347305774688,0.6517192721366882,0.8197076320648193,149.0,3819.0,21883.1,0.0498247204555405,0.0523625612258911,0.0461083017289638
1.0,qlstm_paper,original_2,mackey_1000,5.0,0.001,4.0,,8.0,140.0,64.0,0.0338763035833835,0.039246592670679,0.1472292393445968,0.1638337969779968,0.5931837558746338,0.6519232988357544,149.0,2880.0,14744.28,0.0548867057077586,0.0607597529888153,0.0513175055384635
1.0,qlstm_paper,original_2,mackey_1000,5.0,0.001,4.0,,16.0,1.0,64.0,9.62416670517996e-05,0.0001252436341019,0.0081158280372619,0.0091805830597877,0.9990867972373962,0.999040424823761,149.0,1865.0,24242.37,0.0048305276315659,0.0053924969397485,0.004164352081716
1.0,qlstm_paper,original_2,mackey_1000,5.0,0.001,4.0,,16.0,70.0,64.0,0.0283873844891786,0.0173612181097269,0.1288424879312515,0.1103245392441749,0.6941418051719666,0.8620269894599915,149.0,3648.0,42849.59,0.0279105096641514,0.0250318422913551,0.0354054756462574
1.0,qlstm_paper,original_2,mackey_1000,5.0,0.001,4.0,,16.0,140.0,64.0,0.0350803174078464,0.0255189929157495,0.1501059830188751,0.1303647309541702,0.6026160717010498,0.7861018776893616,149.0,3451.0,36278.77,0.0589179676026105,0.0639761984348297,0.0537704676389694
1.0,qlstm_paper,original_3,mackey_1000,5.0,0.001,4.0,,4.0,1.0,64.0,7.140524394344538e-05,9.801012492971496e-05,0.0068484004586935,0.008004275150597,0.9993038773536682,0.9992481470108032,221.0,1999.0,8275.91,0.0101690771989524,0.011494823731482,0.007720055989921
1.0,qlstm_paper,original_3,mackey_1000,5.0,0.001,4.0,,4.0,70.0,64.0,0.0347614921629428,0.0287137161940336,0.1346153765916824,0.1356200277805328,0.6060876250267029,0.7644144892692566,221.0,1476.0,5396.9,0.0471530962321493,0.0470617227256298,0.0438109561800956
1.0,qlstm_paper,original_3,mackey_1000,5.0,0.001,4.0,,4.0,140.0,64.0,0.0417249053716659,0.0474090538918972,0.1600763499736786,0.1752315163612365,0.4566415846347809,0.5932332873344421,221.0,5280.0,19517.81,0.0653619815905888,0.0673057213425636,0.0525526776909828
1.0,qlstm_paper,original_3,mackey_1000,5.0,0.001,4.0,,8.0,1.0,64.0,0.0001073327293852,0.0001298055431107,0.0085284383967518,0.0093953777104616,0.9989763498306274,0.9990041851997375,221.0,2028.0,17198.66,0.009275277191773,0.010579022578895,0.0076904073357582
1.0,qlstm_paper,original_3,mackey_1000,5.0,0.001,4.0,,8.0,70.0,64.0,0.0328865461051464,0.0223797615617513,0.1402481794357299,0.1191106364130973,0.643008291721344,0.8209635615348816,221.0,1791.0,13953.09,0.0335896340095334,0.0288408789783716,0.0381818078458309
1.0,qlstm_paper,original_3,mackey_1000,5.0,0.001,4.0,,8.0,140.0,64.0,0.0349117964506149,0.0404205508530139,0.1544695943593979,0.1664912551641464,0.5713104605674744,0.6331304311752319,221.0,2629.0,18370.49,0.0586293693631887,0.0657755881547927,0.0532210767269134
1.0,qlstm_paper,original_3,mackey_1000,5.0,0.001,4.0,,16.0,1.0,64.0,4.3386800825828686e-05,5.815845725010149e-05,0.0052971416153013,0.0060230251401662,0.9996311068534852,0.9995556473731996,221.0,2401.0,42499.44,0.0083249275572597,0.0093435319140553,0.0068120080977678
1.0,qlstm_paper,original_3,mackey_1000,5.0,0.001,4.0,,16.0,70.0,64.0,0.0343618132174015,0.0225630439817905,0.1458100825548172,0.122828371822834,0.637551486492157,0.818791389465332,221.0,1247.0,19945.46,0.0264605902549293,0.0247995052486658,0.0349679291248321
1.0,qlstm_paper,original_3,mackey_1000,5.0,0.001,4.0,,16.0,140.0,64.0,0.0376800037920475,0.0261281616985797,0.1516485512256622,0.1330451965332031,0.5647923946380615,0.7852746248245239,221.0,1456.0,20799.93,0.0589671502821147,0.064186155796051,0.0535940527915954
1.0,qlstm_paper,original_1,mackey_1000,5.0,0.001,6.0,,4.0,1.0,64.0,0.002432964509353,0.0031639295630156,0.0402188934385776,0.0464319624006748,0.9760003089904784,0.9757001996040344,115.0,6564.0,23295.32,0.0521310828626155,0.0549276433885097,0.0431332029402256
1.0,qlstm_paper,original_1,mackey_1000,5.0,0.001,6.0,,4.0,70.0,64.0,0.0462355874478817,0.0378017835319042,0.1642915308475494,0.1561176627874374,0.4140929281711578,0.6877462863922119,115.0,4471.0,14511.86,0.0605477061536577,0.0665227994322776,0.0530961714684963
1.0,qlstm_paper,original_1,mackey_1000,5.0,0.001,6.0,,4.0,140.0,64.0,0.0522411912679672,0.0672264546155929,0.1944036334753036,0.2131833285093307,-0.2242128700017929,0.1228241100907325,115.0,402.0,1305.46,0.0653208535578515,0.0672574415802955,0.0525681748986244
1.0,qlstm_paper,original_1,mackey_1000,5.0,0.001,6.0,,8.0,1.0,64.0,0.0010626500006765,0.001727589406073,0.0253721140325069,0.0306272413581609,0.9897425174713136,0.9872496724128724,115.0,10280.0,80769.76,0.0591562293469905,0.0640205442905426,0.050464928150177
1.0,qlstm_paper,original_1,mackey_1000,5.0,0.001,6.0,,8.0,70.0,64.0,0.0387924015522003,0.0295919794589281,0.1446030586957931,0.1376708000898361,0.5508842468261719,0.7668107748031616,115.0,5248.0,36746.19,0.0596776848865879,0.0660469755530357,0.0530301034450531
1.0,qlstm_paper,original_1,mackey_1000,5.0,0.001,6.0,,8.0,140.0,64.0,0.0377193093299865,0.0462765991687774,0.1525993794202804,0.174545556306839,0.5393434762954712,0.5877049565315247,115.0,11792.0,74325.21,0.0585177335888147,0.0659924745559692,0.0527261085808277
1.0,qlstm_paper,original_1,mackey_1000,5.0,0.001,6.0,,16.0,1.0,64.0,0.001098160049878,0.0017454194603487,0.0271104257553815,0.0319170840084552,0.9895692467689514,0.9870545864105223,115.0,7637.0,120137.99,0.0575498834252357,0.0615784488618373,0.0490004047751426
1.0,qlstm_paper,original_1,mackey_1000,5.0,0.001,6.0,,16.0,70.0,64.0,0.0412747077643871,0.0308804176747798,0.1475580930709839,0.1400562971830368,0.5120218396186829,0.7452079057693481,115.0,3371.0,48982.52,0.060036078095436,0.0654779970645904,0.0529640652239322
1.0,qlstm_paper,original_1,mackey_1000,5.0,0.001,6.0,,16.0,140.0,64.0,0.0327424742281436,0.0432678386569023,0.1413896530866623,0.1648510545492172,0.6265895962715149,0.5843930840492249,115.0,4552.0,59861.1,0.0590601116418838,0.0645732134580612,0.0531926229596138
1.0,qlstm_paper,original_2,mackey_1000,5.0,0.001,6.0,,4.0,1.0,64.0,9.683518874226138e-05,0.0001274450332857,0.0077977078035473,0.0091385599225759,0.9990577697753906,0.999019980430603,223.0,2759.0,14732.87,0.0178354613482952,0.0188875049352645,0.0139423543587327
1.0,qlstm_paper,original_2,mackey_1000,5.0,0.001,6.0,,4.0,70.0,64.0,0.0363064408302307,0.0304993093013763,0.1421080082654953,0.1377448737621307,0.5933409929275513,0.7469982504844666,223.0,2389.0,11659.92,0.0506650089389748,0.0524693839251995,0.0460603050887584
1.0,qlstm_paper,original_2,mackey_1000,5.0,0.001,6.0,,4.0,140.0,64.0,0.0522757284343242,0.066833883523941,0.1945353597402572,0.2130765467882156,-0.1383626759052276,0.2017486840486526,223.0,421.0,2110.31,0.0649196253054671,0.0669079422950744,0.0529563799500465
1.0,qlstm_paper,original_2,mackey_1000,5.0,0.001,6.0,,8.0,1.0,64.0,1.9960536519647576e-05,2.500450864317827e-05,0.0034602107480168,0.0038784174248576,0.9998250603675842,0.9998095631599426,223.0,5880.0,67603.39,0.0128144259564578,0.0143188470974564,0.0104114459827542
1.0,qlstm_paper,original_2,mackey_1000,5.0,0.001,6.0,,8.0,70.0,64.0,0.0348021313548088,0.0274119488894939,0.1427023410797119,0.134761244058609,0.6162293553352356,0.772139847278595,223.0,1174.0,12287.83,0.0423036573661698,0.0401382483541965,0.0427061952650547
1.0,qlstm_paper,original_2,mackey_1000,5.0,0.001,6.0,,8.0,140.0,64.0,0.0347781702876091,0.0423841774463653,0.149491086602211,0.1653728783130645,0.5720310807228088,0.6081715226173401,223.0,2751.0,25020.16,0.0586000317707657,0.0661235004663467,0.0526948012411594
1.0,qlstm_paper,original_2,mackey_1000,5.0,0.001,6.0,,16.0,1.0,64.0,0.0001919285277836,0.0002395460032857,0.0114985043182969,0.0128931766375899,0.9981569051742554,0.9981644153594972,223.0,3448.0,81979.77,0.0324897196143865,0.0348797664046287,0.027129340916872
1.0,qlstm_paper,original_2,mackey_1000,5.0,0.001,6.0,,16.0,70.0,64.0,0.0360262207686901,0.0245407186448574,0.1469811350107193,0.1261256039142608,0.6112627387046814,0.7974720001220703,223.0,673.0,14044.74,0.0427881717267963,0.0433205775916576,0.0422541759908199
1.0,qlstm_paper,original_2,mackey_1000,5.0,0.001,6.0,,16.0,140.0,64.0,0.0271852519363164,0.0373388603329658,0.1300351321697235,0.1561862975358963,0.6923472881317139,0.651943564414978,223.0,4633.0,83999.25,0.058968769852072,0.0640445202589035,0.053906001150608
1.0,qlstm_paper,original_3,mackey_1000,5.0,0.001,6.0,,4.0,1.0,64.0,0.0001075511463568,0.0001352633116766,0.0084255672991275,0.0096072554588317,0.9989532232284546,0.9989641308784484,331.0,1711.0,12122.64,0.0044305494753643,0.0048413672484457,0.0036297417245805
1.0,qlstm_paper,original_3,mackey_1000,5.0,0.001,6.0,,4.0,70.0,64.0,0.0338076911866664,0.0265803672373294,0.142431765794754,0.1284715682268142,0.6276769042015076,0.7847394943237305,331.0,3153.0,20307.19,0.0481409579515457,0.0478692352771759,0.0448947064578533
1.0,qlstm_paper,original_3,mackey_1000,5.0,0.001,6.0,,4.0,140.0,64.0,0.0432926602661609,0.050659280270338,0.1663949638605117,0.1823514103889465,0.4205643236637115,0.549074113368988,331.0,4270.0,27476.19,0.0649529778295093,0.0667941868305206,0.0529412776231765
1.0,qlstm_paper,original_3,mackey_1000,5.0,0.001,6.0,,8.0,1.0,64.0,0.0001374379207845,0.0001663690200075,0.0096326265484094,0.0107451006770133,0.9987012147903442,0.9987277388572692,331.0,2155.0,30597.69,0.0037822008132934,0.0042827031575143,0.0032981317490339
1.0,qlstm_paper,original_3,mackey_1000,5.0,0.001,6.0,,8.0,70.0,64.0,0.0355763062834739,0.0265099760144948,0.1421623080968856,0.1336176544427871,0.608498215675354,0.7821627259254456,331.0,676.0,9005.67,0.0332656548255019,0.0283241849392652,0.0383003763854503
1.0,qlstm_paper,original_3,mackey_1000,5.0,0.001,6.0,,8.0,140.0,64.0,0.0368673652410507,0.0414113812148571,0.155912160873413,0.1674160212278366,0.5408530831336975,0.6241331696510315,331.0,1219.0,14229.54,0.0581244388595223,0.0647416785359382,0.0533243082463741
1.0,qlstm_paper,original_3,mackey_1000,5.0,0.001,6.0,,16.0,1.0,64.0,9.397354733664542e-05,0.0001068081546691,0.008022385649383,0.0085984170436859,0.999100387096405,0.9991801381111144,331.0,2665.0,76799.41,0.0076476057991385,0.0086116231977939,0.0063233422115445
1.0,qlstm_paper,original_3,mackey_1000,5.0,0.001,6.0,,16.0,70.0,64.0,0.0227942913770675,0.0159750618040561,0.1187463775277137,0.1074501201510429,0.7582101821899414,0.8717293739318848,331.0,4602.0,119337.14,0.0354898135281271,0.0330575704574584,0.0389324240386486
1.0,qlstm_paper,original_3,mackey_1000,5.0,0.001,6.0,,16.0,140.0,64.0,0.0361364260315895,0.0264904405921697,0.1466802060604095,0.1332421451807022,0.5865393280982971,0.7766151428222656,331.0,1742.0,42040.09,0.0588581929914653,0.0641036033630371,0.053425908088684
1.0,qlstm_paper,original_1,mackey_1000,6.0,0.001,4.0,,4.0,1.0,64.0,0.0020943807903677,0.0025937841273844,0.0381925590336322,0.0431524403393268,0.9793494939804076,0.9799925088882446,77.0,6694.0,14413.22,0.0597118757665157,0.0627303645014762,0.0497989133000373
1.0,qlstm_paper,original_1,mackey_1000,6.0,0.001,4.0,,4.0,70.0,64.0,0.0365196503698825,0.0315360464155674,0.1380473375320434,0.1410476714372635,0.5807927250862122,0.7402684688568115,77.0,8278.0,16308.88,0.0577511539061864,0.0636194869875907,0.051527976989746
1.0,qlstm_paper,original_1,mackey_1000,6.0,0.001,4.0,,4.0,140.0,64.0,0.0521861128509044,0.0672274306416511,0.19442880153656,0.2133352309465408,-0.2351112961769104,0.1009324491024017,77.0,411.0,825.35,0.0554610813657442,0.0676669850945472,0.0538997501134872
1.0,qlstm_paper,original_1,mackey_1000,6.0,0.001,4.0,,8.0,1.0,64.0,0.0011960741830989,0.0014231768436729,0.0284195803105831,0.0310443919152021,0.9883868098258972,0.9890512824058532,77.0,7063.0,31815.5,0.0119073784910142,0.0128044039011001,0.0094293653964996
1.0,qlstm_paper,original_1,mackey_1000,6.0,0.001,4.0,,8.0,70.0,64.0,0.045054368674755,0.0356687344610691,0.1625873148441314,0.1507552862167358,0.4342928528785705,0.710300624370575,77.0,2910.0,12092.97,0.0594348282449775,0.0658635050058364,0.0529036149382591
1.0,qlstm_paper,original_1,mackey_1000,6.0,0.001,4.0,,8.0,140.0,64.0,0.0383334755897522,0.0411217361688613,0.1585794687271118,0.1651557832956314,0.5111891627311707,0.6375167369842529,77.0,7164.0,26648.07,0.0585179524496197,0.0660689249634742,0.0526076182723045
1.0,qlstm_paper,original_1,mackey_1000,6.0,0.001,4.0,,16.0,1.0,64.0,0.0005689392564818,0.0007863190257921,0.0202678572386503,0.0230990201234817,0.9946236610412598,0.9940980076789856,77.0,7509.0,67404.87,0.0329536380246281,0.0362529791891574,0.0278386007994413
1.0,qlstm_paper,original_1,mackey_1000,6.0,0.001,4.0,,16.0,70.0,64.0,0.0404980890452861,0.0290198195725679,0.15742789208889,0.1313901841640472,0.5238265991210938,0.7693454027175903,77.0,4262.0,35630.83,0.0593867037031385,0.0638808757066726,0.0521376393735408
1.0,qlstm_paper,original_1,mackey_1000,6.0,0.001,4.0,,16.0,140.0,64.0,0.0309611335396766,0.042226642370224,0.1365476995706558,0.1657282412052154,0.6463445425033569,0.5926425457000732,77.0,2606.0,19794.35,0.0592345618642866,0.064424991607666,0.0529107302427291
1.0,qlstm_paper,original_2,mackey_1000,6.0,0.001,4.0,,4.0,1.0,64.0,0.0001200488841277,0.0001583466655574,0.0087246904149651,0.0102143082767724,0.9988347291946412,0.9987817406654358,149.0,2614.0,8160.28,0.0148479484021663,0.0162645950913429,0.0114412438124418
1.0,qlstm_paper,original_2,mackey_1000,6.0,0.001,4.0,,4.0,70.0,64.0,0.035095889121294,0.0287292059510946,0.1380556374788284,0.1369137912988662,0.6068108677864075,0.7622305154800415,149.0,1825.0,5172.99,0.0412155203521251,0.0353390425443649,0.0441209226846694
1.0,qlstm_paper,original_2,mackey_1000,6.0,0.001,4.0,,4.0,140.0,64.0,0.053134486079216,0.0664647221565246,0.1951580643653869,0.2119026780128479,-0.1868349760770797,0.1778406351804733,149.0,419.0,1207.5,0.0552109517157077,0.0668579488992691,0.0546173229813575
1.0,qlstm_paper,original_2,mackey_1000,6.0,0.001,4.0,,8.0,1.0,64.0,8.40245047584176e-05,0.0001065706601366,0.0074117518961429,0.0084660435095429,0.9991921186447144,0.99918395280838,149.0,3059.0,19759.43,0.0108510582707822,0.0118755605071783,0.00901058036834
1.0,qlstm_paper,original_2,mackey_1000,6.0,0.001,4.0,,8.0,70.0,64.0,0.0330131724476814,0.0254596285521984,0.1369838863611221,0.1330022364854812,0.6330857276916504,0.7912822961807251,149.0,1685.0,9995.86,0.0570954324470626,0.062731996178627,0.0511934086680412
1.0,qlstm_paper,original_2,mackey_1000,6.0,0.001,4.0,,8.0,140.0,64.0,0.0345578864216804,0.0413163565099239,0.1505034416913986,0.1676887720823288,0.5791850090026855,0.6215899586677551,149.0,2129.0,11616.85,0.0582322101108729,0.0636375620961189,0.0546104907989501
1.0,qlstm_paper,original_2,mackey_1000,6.0,0.001,4.0,,16.0,1.0,64.0,0.000121064200357,0.0001554995978949,0.0089030442759394,0.0102330613881349,0.9988422989845276,0.9988088607788086,149.0,3743.0,49858.73,0.0112833615392446,0.0127191552892327,0.0093735121190547
1.0,qlstm_paper,original_2,mackey_1000,6.0,0.001,4.0,,16.0,70.0,64.0,0.030958266928792,0.0189328249543905,0.1333431750535965,0.1131087020039558,0.6679441928863525,0.8487861156463623,149.0,4627.0,55603.11,0.0467707059449619,0.0482561811804771,0.0436734445393085
1.0,qlstm_paper,original_2,mackey_1000,6.0,0.001,4.0,,16.0,140.0,64.0,0.0364402011036872,0.0259945690631866,0.1479192823171615,0.1315940171480178,0.5858927369117737,0.7825016975402832,149.0,2177.0,23776.41,0.0585007239133119,0.0613978728652,0.0559387318789958
1.0,qlstm_paper,original_3,mackey_1000,6.0,0.001,4.0,,4.0,1.0,64.0,0.0001023920558509,0.0001386419171467,0.0082050906494259,0.0095733581110835,0.9990081787109376,0.9989400506019592,221.0,1926.0,14837.69,0.0097714141011238,0.0107766157016158,0.0074499095790088
1.0,qlstm_paper,original_3,mackey_1000,6.0,0.001,4.0,,4.0,70.0,64.0,0.0358981862664222,0.0297548007220029,0.1391930133104324,0.1375544816255569,0.597311794757843,0.7530800104141235,221.0,1236.0,8751.88,0.0442830704980426,0.0417440682649612,0.0440888926386833
1.0,qlstm_paper,original_3,mackey_1000,6.0,0.001,4.0,,4.0,140.0,64.0,0.0468000099062919,0.0599364750087261,0.1821783483028412,0.2032555937767028,0.3180713653564453,0.3497231006622314,221.0,1958.0,13839.58,0.0553907979693677,0.0672134980559349,0.0538040995597839
1.0,qlstm_paper,original_3,mackey_1000,6.0,0.001,4.0,,8.0,1.0,64.0,0.0001308460632571,0.0001630310289328,0.0094079934060573,0.0105466386303305,0.9987495541572572,0.9987507462501526,221.0,2347.0,38149.86,0.0121416266076266,0.0134295020252466,0.0099989753216505
1.0,qlstm_paper,original_3,mackey_1000,6.0,0.001,4.0,,8.0,70.0,64.0,0.032852504402399,0.022543266415596,0.1393325179815292,0.1206853091716766,0.6444463729858398,0.8195614218711853,221.0,3043.0,44636.25,0.0353252707670132,0.0308633055537939,0.0404035523533821
1.0,qlstm_paper,original_3,mackey_1000,6.0,0.001,4.0,,8.0,140.0,64.0,0.0349318869411945,0.0412006936967372,0.1546149849891662,0.1673349738121032,0.5709633827209473,0.6220024824142456,221.0,1678.0,21550.71,0.0585424392484128,0.0659617111086845,0.0527441017329692
1.0,qlstm_paper,original_3,mackey_1000,6.0,0.001,4.0,,16.0,1.0,64.0,5.888952000532299e-05,6.618815677938983e-05,0.0063388152047991,0.0067472620867192,0.9994465708732604,0.9994919896125792,221.0,2180.0,65889.53,0.0094420253299176,0.0104595720767974,0.0077939555048942
1.0,qlstm_paper,original_3,mackey_1000,6.0,0.001,4.0,,16.0,70.0,64.0,0.0340991057455539,0.0244052167981863,0.1430748999118805,0.1274850815534591,0.6321725249290466,0.7946555614471436,221.0,1345.0,39212.71,0.0362058484719859,0.0339820645749568,0.0388613827526569
1.0,qlstm_paper,original_3,mackey_1000,6.0,0.001,4.0,,16.0,140.0,64.0,0.0353268794715404,0.0271241795271635,0.152781143784523,0.1352297067642212,0.5935975313186646,0.7711638808250427,221.0,1265.0,33804.09,0.0583893074654042,0.0628244951367378,0.0536950975656509
1.0,qlstm_paper,original_1,mackey_1000,6.0,0.001,6.0,,4.0,1.0,64.0,0.0023262035101652,0.0030594530981034,0.0388627424836158,0.0452274195849895,0.977184236049652,0.9765095114707948,115.0,8845.0,54620.35,0.0499239712953567,0.0520655140280723,0.0406380370259285
1.0,qlstm_paper,original_1,mackey_1000,6.0,0.001,6.0,,4.0,70.0,64.0,0.0465371645987033,0.0380078479647636,0.165503978729248,0.1566097289323806,0.4099867343902588,0.6861883997917175,115.0,2691.0,16360.85,0.059530881130033,0.0660645589232444,0.0528545603156089
1.0,qlstm_paper,original_1,mackey_1000,6.0,0.001,6.0,,4.0,140.0,64.0,0.0520868301391601,0.0672218352556228,0.1943792253732681,0.2134835720062255,-0.0486740134656429,0.2567796111106872,115.0,424.0,2653.86,0.0554934293031692,0.0675617828965187,0.0535349734127521
1.0,qlstm_paper,original_1,mackey_1000,6.0,0.001,6.0,,8.0,1.0,64.0,0.0009613680886104,0.0016516905743628,0.0245820377022027,0.0300243645906448,0.99073588848114,0.9878582954406738,115.0,8896.0,110912.45,0.0581659764051437,0.0615233182907104,0.048517532646656
1.0,qlstm_paper,original_1,mackey_1000,6.0,0.001,6.0,,8.0,70.0,64.0,0.0385641679167747,0.0293422751128673,0.1475398242473602,0.1367973089218139,0.5529955625534058,0.7674903869628906,115.0,5356.0,66799.31,0.0597084632350338,0.0662207677960395,0.0531200245022773
1.0,qlstm_paper,original_1,mackey_1000,6.0,0.001,6.0,,8.0,140.0,64.0,0.0376727022230625,0.0461555831134319,0.1518791913986206,0.1740922331809997,0.5385084748268127,0.585460364818573,115.0,11201.0,123312.25,0.0585420168936252,0.0660170465707779,0.0524072498083114
,,,,,,,,,,,,,,,,,,,,,,
1.0,qlstm_paper,original_1,mackey_1000,6.0,0.001,6.0,,16.0,70.0,64.0,0.0413326919078826,0.0307771228253841,0.1486661583185196,0.1403156369924545,0.5123885869979858,0.746584951877594,115.0,3183.0,80436.36,0.057791786475314,0.0618921145796775,0.0509968996047973
1.0,qlstm_paper,original_1,mackey_1000,6.0,0.001,6.0,,16.0,140.0,64.0,0.0326199606060981,0.0432790033519268,0.1413918435573578,0.1648472547531128,0.6279634237289429,0.5838671922683716,115.0,4230.0,98376.94,0.0591855603270232,0.064533345401287,0.0531519278883934
1.0,qlstm_paper,original_2,mackey_1000,6.0,0.001,6.0,,4.0,1.0,64.0,0.0001120109227485,0.0001580385578563,0.0084423618391156,0.0102033782750368,0.998918116092682,0.9987884163856506,223.0,2043.0,19920.8,0.0045999982394278,0.0048302928917109,0.0037902740295976
1.0,qlstm_paper,original_2,mackey_1000,6.0,0.001,6.0,,4.0,70.0,64.0,0.0366655364632606,0.030043352395296,0.1400623470544815,0.1356938481330871,0.5851993560791016,0.7536424398422241,223.0,1845.0,16862.24,0.0443795468244287,0.04040302708745,0.0452158562839031
1.0,qlstm_paper,original_2,mackey_1000,6.0,0.001,6.0,,4.0,140.0,64.0,0.0435896180570125,0.0466308370232582,0.1660395115613937,0.17425037920475,0.4054911732673645,0.6147965788841248,223.0,5242.0,46116.44,0.0553705344597498,0.0675394907593727,0.0542366877198219
1.0,qlstm_paper,original_2,mackey_1000,6.0,0.001,6.0,,8.0,1.0,64.0,0.0001368066878058,0.0002031608019024,0.0093857012689113,0.0114359334111213,0.9986674189567566,0.99846214056015,223.0,2528.0,51997.71,0.0047558725811541,0.0052478211000561,0.0040326658636331
1.0,qlstm_paper,original_2,mackey_1000,6.0,0.001,6.0,,8.0,70.0,64.0,0.0365191772580146,0.0278440192341804,0.1460553705692291,0.1338167637586593,0.5930355787277222,0.7724405527114868,223.0,746.0,13602.93,0.0456845565802521,0.0460762344300746,0.0442339926958084
1.0,qlstm_paper,original_2,mackey_1000,6.0,0.001,6.0,,8.0,140.0,64.0,0.0351963974535465,0.04099677875638,0.1503337770700454,0.163171648979187,0.5672478079795837,0.6270101070404053,223.0,3745.0,62527.91,0.0585063803009688,0.065938763320446,0.052739780396223
1.0,qlstm_paper,original_2,mackey_1000,6.0,0.001,6.0,,16.0,1.0,64.0,0.0001287033228436,0.0001730680232867,0.0092389406636357,0.0107937343418598,0.9987694025039672,0.9986762404441832,223.0,3241.0,131534.31,0.0095190287102013,0.0104482807219028,0.0076930345967411
,,,,,,,,,,,,,,,,,,,,,,
1.0,qlstm_paper,original_2,mackey_1000,6.0,0.001,6.0,,16.0,140.0,64.0,0.0358338020741939,0.0261738449335098,0.1471048295497894,0.1327605694532394,0.5912610292434692,0.7795501947402954,223.0,2409.0,84772.52,0.0590065768919885,0.0640267729759216,0.0536216646432876
1.0,qlstm_paper,original_3,mackey_1000,6.0,0.001,6.0,,4.0,1.0,64.0,0.0001021982679958,0.0001328415091848,0.0081592788919806,0.0094203390181064,0.9990115761756896,0.9989824295043944,331.0,1681.0,21774.18,0.004327544895932,0.0045369556173682,0.003545589512214
1.0,qlstm_paper,original_3,mackey_1000,6.0,0.001,6.0,,4.0,70.0,64.0,0.0355829149484634,0.0271308999508619,0.1456000804901123,0.1306286454200744,0.609753429889679,0.7780642509460449,331.0,2690.0,32024.7,0.0447681637273894,0.0427366495132446,0.0441089048981666
1.0,qlstm_paper,original_3,mackey_1000,6.0,0.001,6.0,,4.0,140.0,64.0,0.0436060242354869,0.0477438569068908,0.164776861667633,0.1763737052679062,0.4076658487319946,0.5944633483886719,331.0,3834.0,43250.1,0.0554376728832721,0.0676249414682388,0.0540678650140762
1.0,qlstm_paper,original_3,mackey_1000,6.0,0.001,6.0,,8.0,1.0,64.0,5.191468153498136e-05,6.975176802370697e-05,0.0056892954744398,0.0066494159400463,0.999508798122406,0.9994762539863586,331.0,4581.0,115163.06,0.007269326550886,0.0080410186201334,0.0062360172159969
1.0,qlstm_paper,original_3,mackey_1000,6.0,0.001,6.0,,8.0,70.0,64.0,0.0332512408494949,0.0255390275269746,0.1366463899612426,0.1331786662340164,0.6323391199111938,0.7913089394569397,331.0,1455.0,34748.65,0.0358605494515763,0.0310476496815681,0.0406768172979354
1.0,qlstm_paper,original_3,mackey_1000,6.0,0.001,6.0,,8.0,140.0,64.0,0.0356401428580284,0.0398381985723972,0.1512216925621032,0.1645001918077469,0.5623903274536133,0.640178382396698,331.0,1499.0,32310.85,0.0584959434345364,0.065948374569416,0.052605964243412
1.0,qlstm_paper,original_3,mackey_1000,6.0,0.001,6.0,,16.0,1.0,64.0,6.116234726505354e-05,6.652109004789963e-05,0.0065169199369847,0.0067278807982802,0.999430775642395,0.999492347240448,331.0,2937.0,144221.02,0.0070047229528427,0.0077934409491717,0.0058346232399344
,,,,,,,,,,,,,,,,,,,,,,
1.0,qlstm_paper,original_3,mackey_1000,6.0,0.001,6.0,,16.0,140.0,64.0,0.0355165675282478,0.0276408903300762,0.1481441110372543,0.1375197470188141,0.5916191935539246,0.763482391834259,331.0,1549.0,67104.31,0.0590178822167217,0.0639844015240669,0.0536161698400974
1.0,qlstm_paper,original_1,mackey_1000,7.0,0.001,4.0,,4.0,1.0,64.0,0.0017753550782799,0.0022343734744936,0.0349445715546608,0.0398539938032627,0.9825356602668762,0.9828255772590636,77.0,7178.0,30078.74,0.0558472104370594,0.0594895407557487,0.0468815900385379
1.0,qlstm_paper,original_1,mackey_1000,7.0,0.001,4.0,,4.0,70.0,64.0,0.0390153601765632,0.0325594060122966,0.1424107402563095,0.1442665159702301,0.5407678484916687,0.739222526550293,77.0,7553.0,28974.4,0.0600211036701997,0.0663747861981391,0.0530212558805942
1.0,qlstm_paper,original_1,mackey_1000,7.0,0.001,4.0,,4.0,140.0,64.0,0.0527652315795421,0.0664313808083534,0.1948757022619247,0.2121244072914123,-0.142513170838356,0.1963410824537277,77.0,896.0,3390.32,0.0546437183188067,0.06708824634552,0.0525942221283912
1.0,qlstm_paper,original_1,mackey_1000,7.0,0.001,4.0,,8.0,1.0,64.0,0.0004781980242114,0.0007235091761685,0.0184939168393611,0.0215774830430746,0.9953740239143372,0.994622528553009,77.0,9846.0,80939.57,0.0501173496246337,0.0523284077644348,0.0405971854925155
1.0,qlstm_paper,original_1,mackey_1000,7.0,0.001,4.0,,8.0,70.0,64.0,0.0450618863105773,0.035684984177351,0.1626488715410232,0.1509216278791427,0.434738278388977,0.7104294896125793,77.0,2552.0,19626.23,0.0587909705936908,0.0647572726011276,0.0523095875978469
1.0,qlstm_paper,original_1,mackey_1000,7.0,0.001,4.0,,8.0,140.0,64.0,0.0357353687286376,0.0415578670799732,0.1523017287254333,0.1659141629934311,0.5561912655830383,0.6252740621566772,77.0,4153.0,28627.59,0.0583388097584247,0.0654693692922592,0.0526929534971714
1.0,qlstm_paper,original_1,mackey_1000,7.0,0.001,4.0,,16.0,1.0,64.0,0.0005508692120201,0.0007799927261658,0.0200836844742298,0.0227858498692512,0.9946873784065248,0.9941837787628174,77.0,6240.0,104666.59,0.0343725740909576,0.0357660800218582,0.0273760538548231
1.0,qlstm_paper,original_1,mackey_1000,7.0,0.001,4.0,,16.0,70.0,64.0,0.0359462834894657,0.0239348672330379,0.1453425288200378,0.1245786398649215,0.6109787821769714,0.8034710884094238,77.0,1063.0,16784.82,0.0485457732445663,0.0513039194047451,0.0446784310042858
1.0,qlstm_paper,original_1,mackey_1000,7.0,0.001,4.0,,16.0,140.0,64.0,0.0311450622975826,0.0421137288212776,0.1368004083633422,0.1650979071855545,0.6453187465667725,0.5950735211372375,77.0,1887.0,26254.37,0.0587083203718066,0.0642444193363189,0.0532797798514366
1.0,qlstm_paper,original_2,mackey_1000,7.0,0.001,4.0,,4.0,1.0,64.0,6.925153866177425e-05,9.049991058418529e-05,0.0068361889570951,0.0077888071537017,0.9993290305137634,0.999308466911316,149.0,2815.0,16717.46,0.0180273892357945,0.0199779346585273,0.0144422268494963
1.0,qlstm_paper,original_2,mackey_1000,7.0,0.001,4.0,,4.0,70.0,64.0,0.0355372764170169,0.0293152499943971,0.1418727189302444,0.136103093624115,0.6018846035003662,0.756178617477417,149.0,1310.0,6929.91,0.0418683634036117,0.0380643606185913,0.0437278188765049
1.0,qlstm_paper,original_2,mackey_1000,7.0,0.001,4.0,,4.0,140.0,64.0,0.053726639598608,0.0664713606238365,0.196105808019638,0.212088406085968,-0.2196338176727295,0.1353357881307602,149.0,409.0,2240.06,0.0548965461138221,0.0667352974414825,0.0532632879912853
1.0,qlstm_paper,original_2,mackey_1000,7.0,0.001,4.0,,8.0,1.0,64.0,0.000114047077659,0.0001377460430376,0.0087697505950927,0.009660261683166,0.9989063143730164,0.9989394545555116,149.0,2993.0,36604.82,0.0046124091837555,0.0049890880472958,0.0038750690873712
1.0,qlstm_paper,original_2,mackey_1000,7.0,0.001,4.0,,8.0,70.0,64.0,0.0368168912827968,0.0267791952937841,0.1418040990829467,0.1346051841974258,0.5934662818908691,0.7815305590629578,149.0,594.0,6627.49,0.0580066769487328,0.0637449771165847,0.0516382791101932
1.0,qlstm_paper,original_2,mackey_1000,7.0,0.001,4.0,,8.0,140.0,64.0,0.0332777351140975,0.0425643697381019,0.1441226154565811,0.1660533100366592,0.6032235622406006,0.6076022386550903,149.0,2022.0,19849.03,0.0559886125847697,0.0619471669197082,0.050862681120634
1.0,qlstm_paper,original_2,mackey_1000,7.0,0.001,4.0,,16.0,1.0,64.0,7.558116340078413e-05,9.702026727609336e-05,0.0068134074099361,0.0078160008415579,0.999316394329071,0.9992574453353882,149.0,3272.0,70683.73,0.0407102312892675,0.0425489693880081,0.0335413441061973
1.0,qlstm_paper,original_2,mackey_1000,7.0,0.001,4.0,,16.0,70.0,64.0,0.0346618629992008,0.0247040297836065,0.1447795033454895,0.1281633675098419,0.6242687702178955,0.7935760617256165,149.0,782.0,17454.97,0.0472053806814882,0.0486785806715488,0.044300589710474
1.0,qlstm_paper,original_2,mackey_1000,7.0,0.001,4.0,,16.0,140.0,64.0,0.0316420570015907,0.0247472990304231,0.1354186534881591,0.1267570108175277,0.6445433497428894,0.7927682399749756,149.0,3622.0,74090.16,0.0577806709334254,0.0629410520195961,0.0525354854762554
1.0,qlstm_paper,original_3,mackey_1000,7.0,0.001,4.0,,4.0,1.0,64.0,9.221857180818915e-05,0.0001132695979322,0.0078789554536342,0.008774141781032,0.999109983444214,0.9991353750228882,221.0,1491.0,11956.08,0.003261836967431,0.0036002406850457,0.0027487971819937
1.0,qlstm_paper,original_3,mackey_1000,7.0,0.001,4.0,,4.0,70.0,64.0,0.0334645621478557,0.0251375790685415,0.1369522809982299,0.1244637593626976,0.6330281496047974,0.7989768385887146,221.0,3621.0,26296.23,0.04278357906474,0.040656991302967,0.043216910213232
1.0,qlstm_paper,original_3,mackey_1000,7.0,0.001,4.0,,4.0,140.0,64.0,0.0420842505991458,0.0475627668201923,0.1608491986989975,0.1755509823560714,0.4453323781490326,0.5827967524528503,221.0,3337.0,12530.72,0.0546457357704639,0.0670401230454444,0.0529523380100727
1.0,qlstm_paper,original_3,mackey_1000,7.0,0.001,4.0,,8.0,1.0,64.0,0.0001057877161656,0.0001176232253783,0.0086569190025329,0.0091461827978491,0.9989860653877258,0.999103844165802,221.0,2453.0,20966.86,0.0090815515257418,0.0100398240610957,0.0072266524657607
1.0,qlstm_paper,original_3,mackey_1000,7.0,0.001,4.0,,8.0,70.0,64.0,0.0323766060173511,0.0228698514401912,0.1389942318201065,0.1199904903769493,0.6531039476394653,0.814969539642334,221.0,2154.0,16953.4,0.0336955255932278,0.0290858875960111,0.0392720699310302
1.0,qlstm_paper,original_3,mackey_1000,7.0,0.001,4.0,,8.0,140.0,64.0,0.0356575697660446,0.0401351414620876,0.1552477180957794,0.1662932187318802,0.5632991194725037,0.6389787793159485,221.0,1899.0,13458.37,0.0575549602508544,0.0640071555972099,0.0522094294428825
1.0,qlstm_paper,original_3,mackey_1000,7.0,0.001,4.0,,16.0,1.0,64.0,0.0001336345594609,0.0001575359492562,0.0096359550952911,0.0105517925694584,0.9987426400184632,0.998793363571167,221.0,2382.0,41863.68,0.0077462021261453,0.0083932550624012,0.0061828666366636
1.0,qlstm_paper,original_3,mackey_1000,7.0,0.001,4.0,,16.0,70.0,64.0,0.034784510731697,0.0242911707609891,0.146150916814804,0.1260101199150085,0.6262786984443665,0.7986973524093628,221.0,496.0,8196.02,0.0263773519545793,0.0248250756412744,0.0341337025165557
1.0,qlstm_paper,original_3,mackey_1000,7.0,0.001,4.0,,16.0,140.0,64.0,0.0357463546097278,0.0272110570222139,0.1476878076791763,0.1349694579839706,0.5934248566627502,0.7696417570114136,221.0,1285.0,18251.36,0.058800196275115,0.0642148554325103,0.0536999963223934
1.0,qlstm_paper,original_1,mackey_1000,7.0,0.001,6.0,,4.0,1.0,64.0,0.0025680505204945,0.0033374386839568,0.0410924553871154,0.0474310480058193,0.9747512936592102,0.9743249416351318,115.0,6302.0,22564.78,0.0544731050729751,0.0580425262451171,0.0457060746848583
1.0,qlstm_paper,original_1,mackey_1000,7.0,0.001,6.0,,4.0,70.0,64.0,0.0454893410205841,0.0371979810297489,0.1629535406827926,0.1545123159885406,0.4250093102455139,0.6961722373962402,115.0,1461.0,4945.16,0.0564749485088719,0.0616299360990524,0.0503376126289367
1.0,qlstm_paper,original_1,mackey_1000,7.0,0.001,6.0,,4.0,140.0,64.0,0.0524264946579933,0.0670598074793815,0.1944132298231125,0.2126383483409881,-0.1306648403406143,0.1993680149316787,115.0,425.0,1403.56,0.054642260281576,0.0671421959996223,0.0524630807340145
1.0,qlstm_paper,original_1,mackey_1000,7.0,0.001,6.0,,8.0,1.0,64.0,0.0009328603628091,0.0015024073654785,0.024137582629919,0.0289014521986246,0.99085795879364,0.9890175461769104,115.0,10059.0,77263.27,0.0504561305046081,0.0523473694920539,0.0409560389816761
1.0,qlstm_paper,original_1,mackey_1000,7.0,0.001,6.0,,8.0,70.0,64.0,0.0448243059217929,0.0353015325963497,0.1585215777158737,0.1503078043460846,0.4478441774845123,0.7092529535293579,115.0,1787.0,12310.37,0.0593184220294157,0.0654483959078788,0.0527120232582092
1.0,qlstm_paper,original_1,mackey_1000,7.0,0.001,6.0,,8.0,140.0,64.0,0.0376088172197341,0.0457290597259998,0.1545585095882415,0.174667477607727,0.5518919825553894,0.6180487871170044,115.0,12247.0,78035.45,0.0584434745833277,0.0658366978168487,0.0526095554232597
1.0,qlstm_paper,original_1,mackey_1000,7.0,0.001,6.0,,16.0,1.0,64.0,0.0011310548288747,0.0018160430481657,0.0275198072195053,0.0324765369296073,0.9892268776893616,0.9865608215332032,115.0,7363.0,117967.13,0.0497386828064918,0.051429308950901,0.0405053719878196
1.0,qlstm_paper,original_1,mackey_1000,7.0,0.001,6.0,,16.0,70.0,64.0,0.0362453497946262,0.0255433488637208,0.1457398831844329,0.1269237697124481,0.6012936234474182,0.791157066822052,115.0,3526.0,50469.98,0.0569982052677207,0.0618041828274726,0.0506909899413585
1.0,qlstm_paper,original_1,mackey_1000,7.0,0.001,6.0,,16.0,140.0,64.0,0.0327251367270946,0.0433683358132839,0.1418011337518692,0.164992555975914,0.625902533531189,0.5833556652069092,115.0,4890.0,64814.74,0.0588747402653098,0.0645821839570999,0.0531502068042755
1.0,qlstm_paper,original_2,mackey_1000,7.0,0.001,6.0,,4.0,1.0,64.0,8.974978845799342e-05,0.0001157699880423,0.0076645375229418,0.0087514072656631,0.9991271495819092,0.9991111755371094,223.0,3710.0,19288.03,0.0311282934620976,0.0332394503057003,0.0255099572241306
1.0,qlstm_paper,original_2,mackey_1000,7.0,0.001,6.0,,4.0,70.0,64.0,0.0360105969011783,0.0301645100116729,0.1414732038974762,0.1377331465482711,0.5941632986068726,0.7516026496887207,223.0,1799.0,8925.12,0.0446117288536495,0.0426991954445838,0.0444053076207637
1.0,qlstm_paper,original_2,mackey_1000,7.0,0.001,6.0,,4.0,140.0,64.0,0.0521380677819252,0.0673237442970275,0.1943826675415039,0.2134789377450943,0.0361095741391181,-0.158043771982193,223.0,429.0,2100.32,0.0546616870496008,0.0674542859196662,0.0524479299783706
1.0,qlstm_paper,original_2,mackey_1000,7.0,0.001,6.0,,8.0,1.0,64.0,6.700579251628369e-05,8.478410745738074e-05,0.0067508080974221,0.0075232558883726,0.9993714094161988,0.9993501901626588,223.0,3986.0,43988.66,0.0078236295841634,0.0086832204833626,0.0063152275979518
1.0,qlstm_paper,original_2,mackey_1000,7.0,0.001,6.0,,8.0,70.0,64.0,0.0373133048415184,0.0269823279231786,0.1422622948884964,0.1344083398580551,0.5879491567611694,0.7800854444503784,223.0,779.0,7877.43,0.03600100076033,0.0305671021342277,0.0410983674228191
1.0,qlstm_paper,original_2,mackey_1000,7.0,0.001,6.0,,8.0,140.0,64.0,0.0353462696075439,0.0420909896492958,0.1512642055749893,0.1672970205545425,0.5668691992759705,0.6128209829330444,223.0,1496.0,13454.2,0.0585935292765498,0.0661938861012458,0.052480049431324
1.0,qlstm_paper,original_2,mackey_1000,7.0,0.001,6.0,,16.0,1.0,64.0,0.0001044248638208,0.0001608963793842,0.0079125594347715,0.0099224774166941,0.9990370869636536,0.998763918876648,223.0,2786.0,66212.35,0.0081621823366731,0.0088859573006629,0.0066288183443248
1.0,qlstm_paper,original_2,mackey_1000,7.0,0.001,6.0,,16.0,70.0,64.0,0.0325300358235836,0.0203940905630588,0.1352296471595764,0.1193530932068824,0.6459259390830994,0.8364757895469666,223.0,2948.0,62689.2,0.0494707437853018,0.0517869852483272,0.045328676700592
1.0,qlstm_paper,original_2,mackey_1000,7.0,0.001,6.0,,16.0,140.0,64.0,0.0340638235211372,0.0266603883355855,0.1425060927867889,0.1322944909334182,0.6091776490211487,0.7775242924690247,223.0,2615.0,48931.68,0.0573547398671507,0.0614452548325061,0.0543796904385089
1.0,qlstm_paper,original_3,mackey_1000,7.0,0.001,6.0,,4.0,1.0,64.0,8.061364496825263e-05,9.593227878212927e-05,0.0073753390461206,0.0081070885062217,0.9992299675941468,0.999260425567627,331.0,2212.0,15529.06,0.0056473955512046,0.0063439048826694,0.0047746808268129
1.0,qlstm_paper,original_3,mackey_1000,7.0,0.001,6.0,,4.0,70.0,64.0,0.0343248583376407,0.0291634276509284,0.1372327655553817,0.1376169025897979,0.6168918609619141,0.7543296813964844,331.0,1644.0,10523.51,0.0410787951615121,0.0365487858653068,0.0438645109534263
1.0,qlstm_paper,original_3,mackey_1000,7.0,0.001,6.0,,4.0,140.0,64.0,0.0522624664008617,0.0669154226779937,0.1943883001804351,0.2129234373569488,-0.1133911088109016,0.2291947901248932,331.0,413.0,2687.96,0.0546064581722021,0.0671438574790954,0.0527551025152206
1.0,qlstm_paper,original_3,mackey_1000,7.0,0.001,6.0,,8.0,1.0,64.0,9.756431973073632e-05,0.000126593891764,0.0080681275576353,0.009226412512362,0.9990653395652772,0.9990265965461732,331.0,2907.0,41252.34,0.0094990703277289,0.0103585980832576,0.0078697931021451
1.0,qlstm_paper,original_3,mackey_1000,7.0,0.001,6.0,,8.0,70.0,64.0,0.0317592024803161,0.0221173707395792,0.1355065256357193,0.1198368594050407,0.660080075263977,0.8212217092514038,331.0,2934.0,38140.14,0.0461615249514579,0.0473776794970035,0.0437242649495601
1.0,qlstm_paper,original_3,mackey_1000,7.0,0.001,6.0,,8.0,140.0,64.0,0.0348789356648922,0.0422065928578376,0.1520042270421981,0.1678111106157302,0.5728132724761963,0.6093037724494934,331.0,1427.0,16723.26,0.0584466448053717,0.0654576197266578,0.0529370568692684
1.0,qlstm_paper,original_3,mackey_1000,7.0,0.001,6.0,,16.0,1.0,64.0,7.378330337814987e-05,9.599536861060189e-05,0.0068976967595517,0.0078907832503318,0.999297022819519,0.9992604851722716,331.0,2351.0,69135.32,0.0132874956354498,0.0142195168882608,0.0109061747789382
1.0,qlstm_paper,original_3,mackey_1000,7.0,0.001,6.0,,16.0,70.0,64.0,0.034036286175251,0.0239401962608099,0.1427071094512939,0.1263006180524826,0.6318483948707581,0.8015928864479065,331.0,1146.0,30401.65,0.0302665939347611,0.0280391927808523,0.0345570370554924
1.0,qlstm_paper,original_3,mackey_1000,7.0,0.001,6.0,,16.0,140.0,64.0,0.0367151536047458,0.0275312401354312,0.1489050984382629,0.1357626020908355,0.5820897817611694,0.7627242803573608,331.0,1594.0,37857.97,0.0584389432333409,0.063232809305191,0.0542345382273197
1.0,qlstm_paper,original_1,mackey_1000,8.0,0.001,4.0,,4.0,1.0,64.0,0.0019937139004468,0.0023342850618064,0.0380696691572666,0.0408861301839351,0.9802927374839784,0.981844127178192,77.0,5119.0,11027.59,0.0443807356059551,0.0468791723251342,0.0367623902857303
1.0,qlstm_paper,original_1,mackey_1000,8.0,0.001,4.0,,4.0,70.0,64.0,0.0406231060624122,0.0337567627429962,0.1450639814138412,0.1467052102088928,0.5126901865005493,0.7271010279655457,77.0,3736.0,7346.89,0.0601480288638009,0.0665680915117263,0.0531050153076648
1.0,qlstm_paper,original_1,mackey_1000,8.0,0.001,4.0,,4.0,140.0,64.0,0.0524297654628753,0.0670758262276649,0.1945677250623703,0.2129333615303039,-0.2087060213088989,0.1471112370491027,77.0,415.0,839.45,0.0656545075277487,0.0670889839529991,0.0525308474898338
1.0,qlstm_paper,original_1,mackey_1000,8.0,0.001,4.0,,8.0,1.0,64.0,0.0005864174454472,0.0008056067745201,0.0193176195025444,0.0228125806897878,0.9943338632583618,0.9939460158348083,77.0,7798.0,34611.93,0.0396844128146767,0.0435186959803104,0.0339914821088314
1.0,qlstm_paper,original_1,mackey_1000,8.0,0.001,4.0,,8.0,70.0,64.0,0.0367492660880088,0.029756911098957,0.1430100947618484,0.1371494829654693,0.5716488361358643,0.7672514915466309,77.0,5839.0,23819.76,0.0609255991876125,0.0667692720890045,0.0534307174384593
1.0,qlstm_paper,original_1,mackey_1000,8.0,0.001,4.0,,8.0,140.0,64.0,0.0360713303089141,0.0412747114896774,0.1522914916276931,0.1650417000055313,0.5527991652488708,0.6326587796211243,77.0,4978.0,18315.61,0.0585062205791473,0.0658778622746467,0.0528353080153465
1.0,qlstm_paper,original_1,mackey_1000,8.0,0.001,4.0,,16.0,1.0,64.0,0.0005414483021013,0.0007565026171505,0.0198518522083759,0.0226294007152318,0.9948108792304992,0.994330883026123,77.0,7579.0,69192.23,0.0486555732786655,0.0536168627440929,0.0423542559146881
1.0,qlstm_paper,original_1,mackey_1000,8.0,0.001,4.0,,16.0,70.0,64.0,0.0412210449576377,0.0296919979155063,0.1587391346693039,0.1346857398748397,0.5098420977592468,0.7657715082168579,77.0,3915.0,32776.0,0.061204694211483,0.0660030990839004,0.0534155704081058
1.0,qlstm_paper,original_1,mackey_1000,8.0,0.001,4.0,,16.0,140.0,64.0,0.0305309947580099,0.0422196462750434,0.1369116753339767,0.1652111560106277,0.6511035561561584,0.5912714600563049,77.0,1939.0,14521.38,0.0590164731256663,0.0641594752669334,0.0536096952855587
1.0,qlstm_paper,original_2,mackey_1000,8.0,0.001,4.0,,4.0,1.0,64.0,8.400200749747455e-05,0.0001011681670206,0.0074220229871571,0.0082578267902135,0.9992057085037231,0.9992188215255736,149.0,2537.0,8079.77,0.0046959272120147,0.0051400582306087,0.0039780377410352
1.0,qlstm_paper,original_2,mackey_1000,8.0,0.001,4.0,,4.0,70.0,64.0,0.0326322577893734,0.0280147604644298,0.1373312771320343,0.1333627551794052,0.6362177133560181,0.7687140107154846,149.0,2916.0,8059.23,0.0430298149585723,0.0388262048363685,0.0445270240306854
1.0,qlstm_paper,original_2,mackey_1000,8.0,0.001,4.0,,4.0,140.0,64.0,0.0528617911040782,0.0668200477957725,0.195000410079956,0.2124351859092712,-0.2154650092124939,0.1491167992353439,149.0,432.0,1244.93,0.0659173135128286,0.0668604969978332,0.0527566708624362
1.0,qlstm_paper,original_2,mackey_1000,8.0,0.001,4.0,,8.0,1.0,64.0,9.19926242204383e-05,0.0001103307586163,0.0077181411907076,0.0086722280830144,0.9991215467453004,0.9991552233695984,149.0,3679.0,23300.12,0.0075566018000245,0.0084406370297074,0.0062353680841624
1.0,qlstm_paper,original_2,mackey_1000,8.0,0.001,4.0,,8.0,70.0,64.0,0.033108189702034,0.023772744461894,0.142484962940216,0.1242008432745933,0.6387626528739929,0.8078215718269348,149.0,2713.0,15741.31,0.0447182638777626,0.0436833463609218,0.0436954461038112
1.0,qlstm_paper,original_2,mackey_1000,8.0,0.001,4.0,,8.0,140.0,64.0,0.0574377067387104,0.0649740695953369,0.200433000922203,0.2092586755752563,-0.2095357030630111,0.1288474202156067,149.0,556.0,2969.98,0.05971923423931,0.0650100111961364,0.0566138625144958
1.0,qlstm_paper,original_2,mackey_1000,8.0,0.001,4.0,,16.0,1.0,64.0,8.007160067791119e-05,0.0001167742157122,0.0072884513065218,0.0087188556790351,0.9992442727088928,0.9991143941879272,149.0,3555.0,46159.68,0.0185856973752379,0.0208192504942417,0.0156973991543054
1.0,qlstm_paper,original_2,mackey_1000,8.0,0.001,4.0,,16.0,70.0,64.0,0.0336740538477897,0.0233843103051185,0.1443905383348465,0.1263004541397094,0.6446820497512817,0.8062923550605774,149.0,2408.0,28711.61,0.034277006983757,0.0299809668213129,0.0399534031748771
1.0,qlstm_paper,original_2,mackey_1000,8.0,0.001,4.0,,16.0,140.0,64.0,0.0358755588531494,0.0259927548468112,0.1464342623949051,0.1317386031150818,0.5876013040542603,0.7825381755828857,149.0,1535.0,16761.18,0.0595929967239499,0.0636117234826088,0.0562535412609577
1.0,qlstm_paper,original_3,mackey_1000,8.0,0.001,4.0,,4.0,1.0,64.0,9.593903087079524e-05,0.0001238304248545,0.0079313404858112,0.0090960571542382,0.9990930557250975,0.99904465675354,221.0,1432.0,6023.68,0.0046804421581327,0.0051680677570402,0.0038843646179884
1.0,qlstm_paper,original_3,mackey_1000,8.0,0.001,4.0,,4.0,70.0,64.0,0.0363176353275775,0.0292761381715536,0.1410492062568664,0.1360456049442291,0.5964154601097107,0.7601632475852966,221.0,1518.0,5781.5,0.0412671205898126,0.0362059585750103,0.0439833477139472
1.0,qlstm_paper,original_3,mackey_1000,8.0,0.001,4.0,,4.0,140.0,64.0,0.0482296980917453,0.0596378780901432,0.1844124943017959,0.2038975954055786,0.2619531750679016,0.369350403547287,221.0,1391.0,5197.21,0.0655102589064174,0.067479521036148,0.0528085120022296
1.0,qlstm_paper,original_3,mackey_1000,8.0,0.001,4.0,,8.0,1.0,64.0,0.000112414250907,0.0001458007172914,0.0086643435060977,0.0099700037389993,0.9989450573921204,0.9988906383514404,221.0,1810.0,15394.11,0.0055952593218535,0.0062258350662887,0.0044342428445816
1.0,qlstm_paper,original_3,mackey_1000,8.0,0.001,4.0,,8.0,70.0,64.0,0.0370641350746154,0.0267708636820316,0.1432012021541595,0.1368098109960556,0.6007872223854065,0.7803400754928589,221.0,728.0,5732.71,0.0386391373144255,0.0364796854555606,0.0393073856830596
1.0,qlstm_paper,original_3,mackey_1000,8.0,0.001,4.0,,8.0,140.0,64.0,0.0354217663407325,0.0391735173761844,0.1536534130573272,0.1626872718334198,0.5625824928283691,0.6481609344482422,221.0,1254.0,8711.97,0.0585179287008941,0.0659518614411354,0.0527367666363716
1.0,qlstm_paper,original_3,mackey_1000,8.0,0.001,4.0,,16.0,1.0,64.0,0.0001143553890869,0.0001390946272294,0.0087290182709693,0.0097193801775574,0.998906433582306,0.9989328980445862,221.0,1795.0,31435.97,0.0029436434153467,0.0033436631783843,0.0025577507913112
1.0,qlstm_paper,original_3,mackey_1000,8.0,0.001,4.0,,16.0,70.0,64.0,0.0292990710586309,0.0189948175102472,0.1295997500419616,0.111717090010643,0.6868752241134644,0.8445001244544983,221.0,3446.0,54967.34,0.0262510917252964,0.0248191077262163,0.0350181795656681
1.0,qlstm_paper,original_3,mackey_1000,8.0,0.001,4.0,,16.0,140.0,64.0,0.0362386330962181,0.0261530838906765,0.1499719619750976,0.1340471804141998,0.5874581336975098,0.7788230776786804,221.0,1437.0,20196.9,0.0591286942362785,0.0646130219101905,0.053121481090784
1.0,qlstm_paper,original_1,mackey_1000,8.0,0.001,6.0,,4.0,1.0,64.0,0.0022921075578778,0.0029668172355741,0.0390508212149143,0.0451921299099922,0.9774794578552246,0.9772098660469056,115.0,5521.0,19192.68,0.0566170338541269,0.0599708892405033,0.047239851206541
1.0,qlstm_paper,original_1,mackey_1000,8.0,0.001,6.0,,4.0,70.0,64.0,0.0446228720247745,0.0362447798252105,0.1599182486534118,0.1522368043661117,0.4424006640911102,0.7087101340293884,115.0,4887.0,15846.77,0.0602372537056605,0.0666454583406448,0.05318184196949
1.0,qlstm_paper,original_1,mackey_1000,8.0,0.001,6.0,,4.0,140.0,64.0,0.0521887242794036,0.0672534108161926,0.1943666338920593,0.2132647335529327,0.0910800918936729,-0.1303614526987075,115.0,421.0,1398.25,0.0654111852248509,0.067283920943737,0.052438236773014
1.0,qlstm_paper,original_1,mackey_1000,8.0,0.001,6.0,,8.0,1.0,64.0,0.0009093775297515,0.0015579209430143,0.0240038000047206,0.0291518419981002,0.9911551475524902,0.9885686039924622,115.0,8263.0,63261.38,0.0592521961778402,0.0650662332773208,0.0513641498982906
1.0,qlstm_paper,original_1,mackey_1000,8.0,0.001,6.0,,8.0,70.0,64.0,0.0429368056356906,0.0337241850793361,0.1543826907873153,0.1466770619153976,0.4748715758323669,0.7292641401290894,115.0,1868.0,12423.25,0.0603694087929195,0.0660584717988967,0.053031638264656
1.0,qlstm_paper,original_1,mackey_1000,8.0,0.001,6.0,,8.0,140.0,64.0,0.0375475510954856,0.0454987064003944,0.1557144224643707,0.1746477782726287,0.547372579574585,0.6198433637619019,115.0,11397.0,71685.88,0.0584811391308903,0.0659111589193344,0.0527808330953121
1.0,qlstm_paper,original_1,mackey_1000,8.0,0.001,6.0,,16.0,1.0,64.0,0.0010882285423576,0.001746876630932,0.0270522646605968,0.0320380367338657,0.9897258281707764,0.9871999621391296,115.0,5668.0,96104.49,0.0581282272934913,0.0640332549810409,0.0509201809763908
1.0,qlstm_paper,original_1,mackey_1000,8.0,0.001,6.0,,16.0,70.0,64.0,0.0362252295017242,0.0257528629153966,0.1476170420646667,0.1271983683109283,0.6038845181465149,0.787872314453125,115.0,5403.0,76647.47,0.0609929164250691,0.0657223761081695,0.0532563440501689
1.0,qlstm_paper,original_1,mackey_1000,8.0,0.001,6.0,,16.0,140.0,64.0,0.0329460240900516,0.0433381758630275,0.1416770219802856,0.1650725901126861,0.6237689256668091,0.5840619206428528,115.0,5161.0,66247.61,0.0591850173659622,0.0646906048059463,0.0531310737133026
1.0,qlstm_paper,original_2,mackey_1000,8.0,0.001,6.0,,4.0,1.0,64.0,0.0001213737923535,0.0001729754148982,0.0087222224101424,0.0105837741866707,0.99882310628891,0.9986678957939148,223.0,2662.0,13677.1,0.005662918370217,0.0062139574438333,0.004791481886059
1.0,qlstm_paper,original_2,mackey_1000,8.0,0.001,6.0,,4.0,70.0,64.0,0.0372442975640296,0.0301581975072622,0.1431278437376022,0.1378710716962814,0.5859268307685852,0.7522135376930237,223.0,1885.0,8979.93,0.0461002149515681,0.0449547842144966,0.0447369962930679
1.0,qlstm_paper,original_2,mackey_1000,8.0,0.001,6.0,,4.0,140.0,64.0,0.0533181391656398,0.0666469261050224,0.1958000510931015,0.2125690579414367,-0.2285857498645782,0.1279126703739166,223.0,433.0,2080.43,0.0661973783539401,0.0667238906025886,0.0533809699118137
1.0,qlstm_paper,original_2,mackey_1000,8.0,0.001,6.0,,8.0,1.0,64.0,9.675222827354446e-05,0.0001242812577402,0.0079551124945282,0.0092316726222634,0.9990591406822203,0.9990487694740297,223.0,4448.0,48614.4,0.0264864647760987,0.0290538128465414,0.0221077799797058
1.0,qlstm_paper,original_2,mackey_1000,8.0,0.001,6.0,,8.0,70.0,64.0,0.0336609855294227,0.025116104632616,0.1392770260572433,0.1302868425846099,0.6257812976837158,0.794657826423645,223.0,1661.0,16449.16,0.0547885402209228,0.0586258880794048,0.0489101558923721
1.0,qlstm_paper,original_2,mackey_1000,8.0,0.001,6.0,,8.0,140.0,64.0,0.0353678651154041,0.0410548448562622,0.1513434797525406,0.1645743250846862,0.5619205832481384,0.6234620213508606,223.0,1609.0,14315.43,0.0585347511805594,0.0661254748702049,0.0525872819125652
1.0,qlstm_paper,original_2,mackey_1000,8.0,0.001,6.0,,16.0,1.0,64.0,0.0001370243262499,0.0002000602980842,0.00929562933743,0.0113708404824137,0.9986761808395386,0.998470664024353,223.0,2903.0,65352.32,0.0137668560259044,0.01518792565912,0.0113393906503915
1.0,qlstm_paper,original_2,mackey_1000,8.0,0.001,6.0,,16.0,70.0,64.0,0.0363617166876792,0.0241293590515851,0.1457134485244751,0.1283494234085083,0.6075533628463745,0.8009564876556396,223.0,683.0,13980.75,0.0580486795968479,0.0622480772435665,0.0510390140116214
1.0,qlstm_paper,original_2,mackey_1000,8.0,0.001,6.0,,16.0,140.0,64.0,0.0361554846167564,0.0266936384141445,0.1479440331459045,0.1335402280092239,0.5887729525566101,0.7730631232261658,223.0,3824.0,72884.38,0.0592331527732312,0.0645380616188049,0.0535339713096618
1.0,qlstm_paper,original_3,mackey_1000,8.0,0.001,6.0,,4.0,1.0,64.0,9.828956535784528e-05,0.0001466368848923,0.0079060159623622,0.0097303008660674,0.999073088169098,0.9988831281661988,331.0,2580.0,18080.53,0.0064142269548028,0.0071463314816355,0.0052071791142225
1.0,qlstm_paper,original_3,mackey_1000,8.0,0.001,6.0,,4.0,70.0,64.0,0.0345125161111354,0.0272302404046058,0.1409664005041122,0.1318664401769638,0.6202550530433655,0.7772886157035828,331.0,3347.0,20954.92,0.0437356432278951,0.0401204042136669,0.0445789024233818
1.0,qlstm_paper,original_3,mackey_1000,8.0,0.001,6.0,,4.0,140.0,64.0,0.0526446960866451,0.0669353157281875,0.1949560493230819,0.2130666971206665,-0.2204844504594802,0.1242659166455268,331.0,414.0,2634.34,0.0656202452050315,0.0670510977506637,0.052779983729124
1.0,qlstm_paper,original_3,mackey_1000,8.0,0.001,6.0,,8.0,1.0,64.0,0.0001074258325388,0.000130117565277,0.0084230573847889,0.0094396555796265,0.9989680051803588,0.9990009665489196,331.0,2234.0,32010.0,0.0100045009516179,0.0106639042496681,0.0082501666620373
1.0,qlstm_paper,original_3,mackey_1000,8.0,0.001,6.0,,8.0,70.0,64.0,0.0365378037095069,0.0269187949597835,0.1402804255485534,0.1353882104158401,0.5970717668533325,0.7782601714134216,331.0,622.0,8340.93,0.0342120966977543,0.029243666678667,0.0393220856785774
1.0,qlstm_paper,original_3,mackey_1000,8.0,0.001,6.0,,8.0,140.0,64.0,0.0356973074376583,0.0402801781892776,0.154287189245224,0.1656058877706527,0.5612834692001343,0.6348100304603577,331.0,1333.0,15971.62,0.058723805937916,0.0663224980235099,0.0526403076946735
1.0,qlstm_paper,original_3,mackey_1000,8.0,0.001,6.0,,16.0,1.0,64.0,0.0001228563050972,0.0001404041540808,0.0089633567258715,0.0097854435443878,0.9988353252410888,0.9989186525344848,331.0,2153.0,65460.36,0.0036501541733741,0.0040363310836255,0.0031857476569712
1.0,qlstm_paper,original_3,mackey_1000,8.0,0.001,6.0,,16.0,70.0,64.0,0.0346536114811897,0.0238909348845481,0.1452615112066269,0.1252008080482483,0.6257349848747253,0.8027464747428894,331.0,833.0,22345.65,0.0264243297278881,0.0248184874653816,0.0351558253169059
1.0,qlstm_paper,original_3,mackey_1000,8.0,0.001,6.0,,16.0,140.0,64.0,0.0369311608374118,0.0255400706082582,0.1492693126201629,0.1308013796806335,0.5797751545906067,0.7865009903907776,331.0,1972.0,49865.56,0.056609870865941,0.0600001700222492,0.0535450428724288
1.0,qlstm_paper,original_1,mackey_1000,9.0,0.001,4.0,,4.0,1.0,64.0,0.0007369802915491,0.0009267857531085,0.0220459960401058,0.0240130331367254,0.9928187131881714,0.9928420186042786,77.0,12122.0,25700.46,0.0425110328942537,0.0444141738116741,0.0348538160324096
1.0,qlstm_paper,original_1,mackey_1000,9.0,0.001,4.0,,4.0,70.0,64.0,0.044487502425909,0.036214891821146,0.1592603176832199,0.1523767560720443,0.4447536170482635,0.7060328125953674,77.0,2569.0,5102.77,0.059437899539868,0.0655997991561889,0.0525457076728343
1.0,qlstm_paper,original_1,mackey_1000,9.0,0.001,4.0,,4.0,140.0,64.0,0.0521473214030265,0.0672247260808944,0.194393515586853,0.2133674621582031,-0.1561997383832931,0.1775362193584442,77.0,422.0,831.36,0.051694442201147,0.0674492940306663,0.0532531514763832
1.0,qlstm_paper,original_1,mackey_1000,9.0,0.001,4.0,,8.0,1.0,64.0,0.001854462432675,0.0021741590462625,0.0364119186997413,0.0392569899559021,0.9816977381706238,0.9831304550170898,77.0,3844.0,17064.47,0.050477535650134,0.0534221678972244,0.0420112833380699
1.0,qlstm_paper,original_1,mackey_1000,9.0,0.001,4.0,,8.0,70.0,64.0,0.0452397875487804,0.0362497344613075,0.1648494303226471,0.1516705304384231,0.4244408309459686,0.7068271636962891,77.0,3419.0,13853.72,0.055681948032644,0.0606450326740741,0.0501561388373374
1.0,qlstm_paper,original_1,mackey_1000,9.0,0.001,4.0,,8.0,140.0,64.0,0.0369469821453094,0.0412161611020565,0.1565800756216049,0.1661451607942581,0.5340596437454224,0.633328378200531,77.0,5615.0,20159.83,0.0585063989274203,0.0660802870988845,0.0526058785617351
1.0,qlstm_paper,original_1,mackey_1000,9.0,0.001,4.0,,16.0,1.0,64.0,0.0021599244792014,0.0026682496536523,0.0389421246945858,0.0440536327660083,0.978967547416687,0.9793922901153564,77.0,5148.0,46575.12,0.0532534305006265,0.0569215007126331,0.0452599488198757
1.0,qlstm_paper,original_1,mackey_1000,9.0,0.001,4.0,,16.0,70.0,64.0,0.0409041903913021,0.0294687766581773,0.1590215861797332,0.1327780783176422,0.5161566734313965,0.7665902972221375,77.0,4168.0,34641.62,0.0587665446930461,0.0628802850842475,0.0515460819005966
1.0,qlstm_paper,original_1,mackey_1000,9.0,0.001,4.0,,16.0,140.0,64.0,0.0303800571709871,0.0384930223226547,0.1401110589504242,0.1603265404701233,0.6487019658088684,0.6402077078819275,77.0,2399.0,18253.67,0.0588699323125183,0.0646282434463501,0.0531086847186088
1.0,qlstm_paper,original_2,mackey_1000,9.0,0.001,4.0,,4.0,1.0,64.0,0.0001817417651182,0.0002568794006947,0.0106293363496661,0.0130287054926157,0.9982675909996032,0.998017191886902,149.0,1804.0,5700.44,0.0036375150317326,0.0037994761951267,0.0029647091869264
1.0,qlstm_paper,original_2,mackey_1000,9.0,0.001,4.0,,4.0,70.0,64.0,0.0341570489108562,0.0290358625352382,0.1331552118062973,0.136271134018898,0.6125491261482239,0.7627176642417908,149.0,2382.0,6743.1,0.0448423574368158,0.0413074158132076,0.0452711060643196
1.0,qlstm_paper,original_2,mackey_1000,9.0,0.001,4.0,,4.0,140.0,64.0,0.0560685321688652,0.0664717331528663,0.1990626752376556,0.2121535390615463,-0.2406903654336929,0.1076815575361251,149.0,420.0,1174.85,0.0522664586096652,0.0668052211403846,0.0554840080440044
1.0,qlstm_paper,original_2,mackey_1000,9.0,0.001,4.0,,8.0,1.0,64.0,7.678793190279976e-05,9.755010978551582e-05,0.0070990952663123,0.0080723585560917,0.9992566108703612,0.9992545247077942,149.0,4791.0,30131.96,0.0062063680496066,0.0069913291372358,0.0051055792719125
1.0,qlstm_paper,original_2,mackey_1000,9.0,0.001,4.0,,8.0,70.0,64.0,0.0327676907181739,0.0260242279618978,0.1330761313438415,0.1343858689069748,0.6359346508979797,0.7855578064918518,149.0,1069.0,6229.13,0.0414931861062844,0.0384698137640953,0.0428662337362766
1.0,qlstm_paper,original_2,mackey_1000,9.0,0.001,4.0,,8.0,140.0,64.0,0.0371336601674556,0.0407804511487484,0.1547424495220184,0.1646708250045776,0.5384666323661804,0.6343976259231567,149.0,1146.0,6026.45,0.0587666211649775,0.0652735009789466,0.0541314519941806
1.0,qlstm_paper,original_2,mackey_1000,9.0,0.001,4.0,,16.0,1.0,64.0,0.0001017131507978,0.0001275451068067,0.0081193400546908,0.0091689778491854,0.9990246295928956,0.9990177750587464,149.0,2482.0,32406.0,0.0064965296536684,0.0074450327083468,0.0055736848153173
1.0,qlstm_paper,original_2,mackey_1000,9.0,0.001,4.0,,16.0,70.0,64.0,0.0199865698814392,0.0138016426935791,0.1072102412581443,0.092338353395462,0.7895094752311707,0.8929169774055481,149.0,6393.0,75119.52,0.0363362280444966,0.0322519354522228,0.0414401404559612
1.0,qlstm_paper,original_2,mackey_1000,9.0,0.001,4.0,,16.0,140.0,64.0,0.034612488001585,0.0226389188319444,0.1519116014242172,0.1192919611930847,0.6106127500534058,0.8176506161689758,149.0,3659.0,39325.89,0.0590563346631825,0.0638374015688896,0.0550862587988376
1.0,qlstm_paper,original_3,mackey_1000,9.0,0.001,4.0,,4.0,1.0,64.0,9.614620648790152e-05,0.000128214029246,0.0078638913109898,0.009200157597661,0.9990919828414916,0.9990115761756896,221.0,1932.0,7948.88,0.0044121662620455,0.0046348073519766,0.0035408232361078
1.0,qlstm_paper,original_3,mackey_1000,9.0,0.001,4.0,,4.0,70.0,64.0,0.0337141193449497,0.0260585378855466,0.1415398716926574,0.1265446692705154,0.629592776298523,0.7886453866958618,221.0,2979.0,11234.7,0.0411349659164746,0.036636084318161,0.0433890633285045
1.0,qlstm_paper,original_3,mackey_1000,9.0,0.001,4.0,,4.0,140.0,64.0,0.0522627271711826,0.0671712830662727,0.1945860683917999,0.2134717553853988,-0.2113813161849975,0.0890327766537666,221.0,416.0,1584.18,0.0518583245640103,0.0675806552171707,0.0535412952303886
1.0,qlstm_paper,original_3,mackey_1000,9.0,0.001,4.0,,8.0,1.0,64.0,0.0001431186537956,0.0001802238111849,0.0098743857815861,0.0109924441203475,0.9986136555671692,0.9986141920089722,221.0,1738.0,14572.12,0.0034658566117286,0.0037897056899964,0.0028015368152409
1.0,qlstm_paper,original_3,mackey_1000,9.0,0.001,4.0,,8.0,70.0,64.0,0.0329082384705543,0.0258947666734457,0.1334940046072006,0.1336281299591064,0.6319200992584229,0.7885044813156128,221.0,1200.0,9311.97,0.0378852051993211,0.0337921008467674,0.0413668565452098
1.0,qlstm_paper,original_3,mackey_1000,9.0,0.001,4.0,,8.0,140.0,64.0,0.0383191555738449,0.0404819883406162,0.1590210050344467,0.1665112674236297,0.5192867517471313,0.6355201601982117,221.0,1419.0,9863.5,0.0586024112999439,0.0659659802913665,0.0529258027672767
1.0,qlstm_paper,original_3,mackey_1000,9.0,0.001,4.0,,16.0,1.0,64.0,0.0001286984625039,0.0001560642558615,0.009248849004507,0.0103242574259638,0.9987937211990356,0.9988049268722534,221.0,2104.0,35868.2,0.0083786998875439,0.0097561068832874,0.0068312236107885
1.0,qlstm_paper,original_3,mackey_1000,9.0,0.001,4.0,,16.0,70.0,64.0,0.014745338819921,0.0115180602297186,0.0945487394928932,0.0889430195093154,0.8505895137786865,0.9093827605247498,221.0,5854.0,89543.94,0.0260350869761572,0.0253333412110805,0.0340097658336162
1.0,qlstm_paper,original_3,mackey_1000,9.0,0.001,4.0,,16.0,140.0,64.0,0.033160425722599,0.0274003893136978,0.1448965072631836,0.1369638592004776,0.6186540126800537,0.7669459581375122,221.0,2520.0,35783.69,0.0587845295667648,0.0643927529454231,0.0533559918403625
1.0,qlstm_paper,original_1,mackey_1000,9.0,0.001,6.0,,4.0,1.0,64.0,0.0025229079183191,0.0032855342142283,0.0409303568303585,0.0473631285130977,0.9751276969909668,0.974769413471222,115.0,4849.0,17235.72,0.0578476682305336,0.0603577829897403,0.0477096512913703
1.0,qlstm_paper,original_1,mackey_1000,9.0,0.001,6.0,,4.0,70.0,64.0,0.0459138713777065,0.0372554175555706,0.1642034351825714,0.154852494597435,0.4226720929145813,0.6947714686393738,115.0,2143.0,7144.45,0.0599720552563667,0.0663138404488563,0.0529738739132881
1.0,qlstm_paper,original_1,mackey_1000,9.0,0.001,6.0,,4.0,140.0,64.0,0.0521794967353343,0.0672431662678718,0.1943847239017486,0.2132998406887054,-0.2378810197114944,0.1116898134350776,115.0,402.0,1318.3,0.0517743669333867,0.0675285831093788,0.0534756518900394
1.0,qlstm_paper,original_1,mackey_1000,9.0,0.001,6.0,,8.0,1.0,64.0,0.0010962202213704,0.0017098119715228,0.0255890469998121,0.0307978577911853,0.989344835281372,0.9873166680336,115.0,11070.0,79274.01,0.0510281320661306,0.0539473369717597,0.0422171764075756
1.0,qlstm_paper,original_1,mackey_1000,9.0,0.001,6.0,,8.0,70.0,64.0,0.0389824323356151,0.0294430665671825,0.1470054388046264,0.1371432989835739,0.5482387542724609,0.7684235572814941,115.0,4061.0,27248.31,0.059787329700258,0.0662106722593307,0.0531315505504608
1.0,qlstm_paper,original_1,mackey_1000,9.0,0.001,6.0,,8.0,140.0,64.0,0.0378242917358875,0.0463618040084838,0.1526324450969696,0.1747798025608062,0.5369992852210999,0.586039662361145,115.0,12490.0,80277.78,0.0585093195550143,0.0660697519779205,0.052517294883728
1.0,qlstm_paper,original_1,mackey_1000,9.0,0.001,6.0,,16.0,1.0,64.0,0.0010847646044567,0.0017866640118882,0.0270687341690063,0.0322787351906299,0.9895586967468262,0.98684561252594,115.0,6121.0,100517.92,0.0454238433390855,0.0484622977674007,0.0380494818091392
1.0,qlstm_paper,original_1,mackey_1000,9.0,0.001,6.0,,16.0,70.0,64.0,0.0360005684196949,0.0257955230772495,0.1468636095523834,0.1269969046115875,0.6040598750114441,0.7878808379173279,115.0,2333.0,32129.48,0.0609002258214685,0.065426655113697,0.0530954748392105
1.0,qlstm_paper,original_1,mackey_1000,9.0,0.001,6.0,,16.0,140.0,64.0,0.0328806713223457,0.0433163456618785,0.1414591073989868,0.1649912893772125,0.6255548000335693,0.5843284726142883,115.0,3953.0,50881.34,0.0588758899830281,0.0646380707621574,0.0531142801046371
1.0,qlstm_paper,original_2,mackey_1000,9.0,0.001,6.0,,4.0,1.0,64.0,0.0001180981198558,0.0001573009212734,0.0087180398404598,0.0102260280400514,0.9988598227500916,0.9987887740135192,223.0,2680.0,14001.63,0.0044825120363384,0.004686473403126,0.0036478044930845
1.0,qlstm_paper,original_2,mackey_1000,9.0,0.001,6.0,,4.0,70.0,64.0,0.0360811278223991,0.0305319353938102,0.1394249349832534,0.1357470601797104,0.5876593589782715,0.7489978075027466,223.0,3967.0,18839.03,0.0566293456488185,0.0618158914148807,0.0504068359732627
1.0,qlstm_paper,original_2,mackey_1000,9.0,0.001,6.0,,4.0,140.0,64.0,0.0524430871009826,0.0667051449418068,0.1944803893566131,0.212434247136116,-0.1062531098723411,0.2107633203268051,223.0,1001.0,4879.86,0.052113441672797,0.0685338824987411,0.0528223253786563
1.0,qlstm_paper,original_2,mackey_1000,9.0,0.001,6.0,,8.0,1.0,64.0,5.920115290791728e-05,9.088683145819232e-05,0.0061195860616862,0.0074752541258931,0.999453604221344,0.9993062019348145,223.0,3559.0,40584.27,0.0050466350279748,0.0055233389139175,0.0043058223091065
1.0,qlstm_paper,original_2,mackey_1000,9.0,0.001,6.0,,8.0,70.0,64.0,0.0316902548074722,0.0227704066783189,0.1372029781341552,0.1202336400747299,0.6588761806488037,0.818061888217926,223.0,3675.0,37210.45,0.0531524370114008,0.0573876984417438,0.048111192882061
1.0,qlstm_paper,original_2,mackey_1000,9.0,0.001,6.0,,8.0,140.0,64.0,0.035325177013874,0.0428335480391979,0.1507796794176101,0.167127713561058,0.567931592464447,0.603169858455658,223.0,1715.0,15371.28,0.0584517153911292,0.0657596960663795,0.0528325773775577
1.0,qlstm_paper,original_2,mackey_1000,9.0,0.001,6.0,,16.0,1.0,64.0,0.0001101559391827,0.0001454904995625,0.0084730898961424,0.0097776623442769,0.9989458322525024,0.9988858103752136,223.0,2912.0,67033.24,0.0069899022579193,0.0078838067129254,0.0060235075652599
1.0,qlstm_paper,original_2,mackey_1000,9.0,0.001,6.0,,16.0,70.0,64.0,0.0253070406615734,0.0169982463121414,0.1203218474984169,0.1052275598049163,0.7368835210800171,0.8651579022407532,223.0,3187.0,67793.13,0.0379794709798362,0.0348322428762912,0.0412265509366989
,,,,,,,,,,,,,,,,,,,,,,
1.0,qlstm_paper,original_3,mackey_1000,9.0,0.001,6.0,,4.0,1.0,64.0,0.0001118753425544,0.0001542903628433,0.0085790203884243,0.0100802155211567,0.998917043209076,0.998836100101471,331.0,1939.0,13348.01,0.0049947070423513,0.0052407789044082,0.004023877903819
1.0,qlstm_paper,original_3,mackey_1000,9.0,0.001,6.0,,4.0,70.0,64.0,0.0340366065502166,0.0247470811009407,0.1401389390230178,0.1226515471935272,0.6313991546630859,0.7989947199821472,331.0,3068.0,19499.46,0.0484821775721179,0.0491208732128143,0.0456790290772914
1.0,qlstm_paper,original_3,mackey_1000,9.0,0.001,6.0,,4.0,140.0,64.0,0.0521547086536884,0.067150205373764,0.1944521814584732,0.2134125977754593,-0.1737902015447616,0.178597867488861,331.0,408.0,2607.18,0.0517503285793484,0.0675203800201416,0.0533729270100593
1.0,qlstm_paper,original_3,mackey_1000,9.0,0.001,6.0,,8.0,1.0,64.0,0.0001076022890629,0.000121694545669,0.0085473991930484,0.0092011764645576,0.9989849328994752,0.9990675449371338,331.0,2090.0,29586.96,0.0045607211301103,0.0049664266407489,0.0038139100652188
1.0,qlstm_paper,original_3,mackey_1000,9.0,0.001,6.0,,8.0,70.0,64.0,0.0374346002936363,0.0272849183529615,0.1404711902141571,0.1360291391611099,0.5828240513801575,0.7762534022331238,331.0,553.0,7485.37,0.0366418105032708,0.0320327207446098,0.0407632775604724
1.0,qlstm_paper,original_3,mackey_1000,9.0,0.001,6.0,,8.0,140.0,64.0,0.0368295982480049,0.0380694568157196,0.1542646884918213,0.1599489152431488,0.5432663559913635,0.6620115041732788,331.0,2380.0,28854.51,0.0584943694993853,0.0658755153417587,0.0526946000754833
1.0,qlstm_paper,original_3,mackey_1000,9.0,0.001,6.0,,16.0,1.0,64.0,9.564128413330764e-05,0.0001151473625213,0.0078729055821895,0.0088391415774822,0.9991016387939452,0.9991135001182556,331.0,2208.0,68005.83,0.0138283378444612,0.0154344579204916,0.0115355448797345
1.0,qlstm_paper,original_3,mackey_1000,9.0,0.001,6.0,,16.0,70.0,64.0,0.0344492271542549,0.0242865923792123,0.1440897732973098,0.126354843378067,0.6260231137275696,0.7973101139068604,331.0,946.0,26393.08,0.0286257124195496,0.0253822784870862,0.036495205014944
1.0,qlstm_paper,original_3,mackey_1000,9.0,0.001,6.0,,16.0,140.0,64.0,0.0366921052336692,0.0260733962059021,0.1481292992830276,0.1315875351428985,0.5777259469032288,0.7809129953384399,331.0,1117.0,27584.64,0.0587327540852129,0.0635798498988151,0.0543819516897201
1.0,qlstm_paper,original_1,lorenz_1000,0.0,0.001,4.0,,4.0,1.0,64.0,0.0010353117249906,0.000931228918489,0.0246344804763793,0.0233517754822969,0.9889063835144044,0.9900329113006592,87.0,15302.0,34031.39,0.0416496951133012,0.0486983954906463,0.042427260428667
1.0,qlstm_paper,original_1,lorenz_1000,0.0,0.001,4.0,,4.0,13.0,64.0,0.038719892501831,0.0429017506539821,0.1552600413560867,0.1611645370721817,0.4270650446414947,0.4632332921028137,87.0,989.0,2169.43,0.0449706681072712,0.0533756390213966,0.0463843829929828
1.0,qlstm_paper,original_1,lorenz_1000,0.0,0.001,4.0,,4.0,25.0,64.0,0.0481566861271858,0.0513533353805542,0.1722175925970077,0.1819854974746704,0.0224051568657159,0.0397631004452705,87.0,664.0,1464.59,0.0444488786160945,0.0535717867314815,0.0473368838429451
1.0,qlstm_paper,original_1,lorenz_1000,0.0,0.001,4.0,,8.0,1.0,64.0,0.0009723915718495,0.0009222129010595,0.0249493699520826,0.0239136721938848,0.9894710183143616,0.9900602102279664,87.0,16009.0,73700.23,0.0434287954121828,0.0507539249956607,0.0441534332931041
1.0,qlstm_paper,original_1,lorenz_1000,0.0,0.001,4.0,,8.0,13.0,64.0,0.0410440526902675,0.0437655001878738,0.1660884320735931,0.1686374247074127,0.3549414277076721,0.3754093945026397,87.0,1390.0,6265.68,0.0445418830960989,0.0544115006923675,0.0472092665731906
1.0,qlstm_paper,original_1,lorenz_1000,0.0,0.001,4.0,,8.0,25.0,64.0,0.0391482487320899,0.0435312800109386,0.1528880149126052,0.1628142148256302,0.4456387460231781,0.4255387187004089,87.0,1518.0,6891.6,0.0477710347622633,0.0534510053694248,0.0476065911352634
1.0,qlstm_paper,original_1,lorenz_1000,0.0,0.001,4.0,,16.0,1.0,64.0,0.0006744373822584,0.0006690151640214,0.0192276425659656,0.0194608774036169,0.9927769303321838,0.9929011464118958,87.0,8280.0,74515.76,0.0336470024660229,0.038338229060173,0.0340278334915638
1.0,qlstm_paper,original_1,lorenz_1000,0.0,0.001,4.0,,16.0,13.0,64.0,0.0415618121623992,0.0456526950001716,0.1666416674852371,0.1706713140010833,0.3449769020080566,0.3379981517791748,87.0,960.0,8919.02,0.0443808555603027,0.0536072291433811,0.0472611188888549
1.0,qlstm_paper,original_1,lorenz_1000,0.0,0.001,4.0,,16.0,25.0,64.0,0.0500845350325107,0.0515697337687015,0.1796555966138839,0.1835737824440002,-0.2100810259580612,-0.1890620738267898,87.0,442.0,3789.45,0.0457822808788882,0.0520185679197311,0.0482323132455349
1.0,qlstm_paper,original_2,lorenz_1000,0.0,0.001,4.0,,4.0,1.0,64.0,6.606410806853091e-06,7.430255209328607e-06,0.0019448160892352,0.001993725541979,0.9999292492866516,0.9999200105667114,159.0,3052.0,9354.89,0.0274248180910944,0.0301308967173099,0.0274360496550798
1.0,qlstm_paper,original_2,lorenz_1000,0.0,0.001,4.0,,4.0,13.0,64.0,0.0385063141584396,0.0405890233814716,0.1566957384347915,0.1589663177728653,0.4154940545558929,0.4362539947032928,159.0,620.0,1936.34,0.0421710677444934,0.0503263212740421,0.0463673174381256
1.0,qlstm_paper,original_2,lorenz_1000,0.0,0.001,4.0,,4.0,25.0,64.0,0.0383540987968444,0.0398180596530437,0.1445119231939315,0.1495797932147979,0.430755615234375,0.4221921563148498,159.0,2114.0,6601.99,0.0417112495750188,0.0548149049282074,0.0507395006716251
1.0,qlstm_paper,original_2,lorenz_1000,0.0,0.001,4.0,,8.0,1.0,64.0,1.007869195746025e-05,1.2337255611782894e-05,0.0024308261927217,0.0026304544880986,0.9998916983604432,0.9998683333396912,159.0,3103.0,19895.86,0.0339658183977007,0.0401222817599773,0.035139974206686
1.0,qlstm_paper,original_2,lorenz_1000,0.0,0.001,4.0,,8.0,13.0,64.0,0.023319125175476,0.0244241002947092,0.1141399443149566,0.1168509349226951,0.7264933586120605,0.7036160230636597,159.0,3283.0,20907.27,0.0420257069170475,0.0517597645521163,0.0451785773038864
1.0,qlstm_paper,original_2,lorenz_1000,0.0,0.001,4.0,,8.0,25.0,64.0,0.0434806644916534,0.0452300570905208,0.1595615744590759,0.1628063321113586,0.2986019551753998,0.3009909093379974,159.0,1042.0,6654.61,0.0458470787853002,0.0537725575268268,0.049093659967184
1.0,qlstm_paper,original_2,lorenz_1000,0.0,0.001,4.0,,16.0,1.0,64.0,1.0398716767667793e-05,1.431649252481293e-05,0.0025206801947206,0.0028804307803511,0.9998900294303894,0.9998512864112854,159.0,2616.0,33933.2,0.020291643217206,0.0211261864751577,0.0210727844387292
1.0,qlstm_paper,original_2,lorenz_1000,0.0,0.001,4.0,,16.0,13.0,64.0,0.035060279071331,0.0357209928333759,0.1488543599843979,0.1485843509435653,0.5068328380584717,0.5191649794578552,159.0,1071.0,14325.94,0.0421610228717327,0.0510028637945652,0.0477952696382999
1.0,qlstm_paper,original_2,lorenz_1000,0.0,0.001,4.0,,16.0,25.0,64.0,0.0275664906948804,0.0285797324031591,0.1243181079626083,0.1286049783229828,0.6715874075889587,0.6277183890342712,159.0,5806.0,68860.64,0.0451247352692815,0.0528558120131492,0.049964066594839
1.0,qlstm_paper,original_3,lorenz_1000,0.0,0.001,4.0,,4.0,1.0,64.0,8.355813406524248e-06,9.636542927182743e-06,0.0022439351305365,0.0024034162051975,0.999910533428192,0.9998983144760132,231.0,3186.0,13195.84,0.0192029768601059,0.0256787296384573,0.0213125981390476
1.0,qlstm_paper,original_3,lorenz_1000,0.0,0.001,4.0,,4.0,13.0,64.0,0.02214558981359,0.0246628951281309,0.1121615245938301,0.1193213835358619,0.7498549818992615,0.695090651512146,231.0,2293.0,9469.62,0.042912221699953,0.0509880036115646,0.0438657961785793
1.0,qlstm_paper,original_3,lorenz_1000,0.0,0.001,4.0,,4.0,25.0,64.0,0.0423335321247577,0.0449888296425342,0.1563607305288314,0.1626808792352676,0.3174155354499817,0.3217111229896545,231.0,646.0,2726.08,0.0435843002051115,0.0544419959187507,0.0482598058879375
1.0,qlstm_paper,original_3,lorenz_1000,0.0,0.001,4.0,,8.0,1.0,64.0,6.953175670787459e-06,6.811253570049303e-06,0.002110311994329,0.0020450490992516,0.9999379515647888,0.9999297857284546,231.0,3510.0,29324.66,0.0162869184277951,0.0186248924583196,0.0175853688269853
1.0,qlstm_paper,original_3,lorenz_1000,0.0,0.001,4.0,,8.0,13.0,64.0,0.0230794697999954,0.0240299329161643,0.1126421988010406,0.1152329593896865,0.739465057849884,0.7153226137161255,231.0,3422.0,28649.78,0.0422544039785861,0.0528619438409805,0.0466725379228591
1.0,qlstm_paper,original_3,lorenz_1000,0.0,0.001,4.0,,8.0,25.0,64.0,0.0258242394775152,0.0291655287146568,0.1221937164664268,0.1311772465705871,0.6965658664703369,0.6210784912109375,231.0,2360.0,20014.91,0.0412384446710348,0.0493306368589401,0.043534018099308
1.0,qlstm_paper,original_3,lorenz_1000,0.0,0.001,4.0,,16.0,1.0,64.0,1.1738690773199778e-05,1.5085802260728087e-05,0.0026200993452221,0.002856247825548,0.9998745322227478,0.9998393654823304,231.0,3542.0,60343.06,0.0256318440660834,0.0287232026457786,0.0266687832772731
1.0,qlstm_paper,original_3,lorenz_1000,0.0,0.001,4.0,,16.0,13.0,64.0,0.026122948154807,0.02697136066854,0.120861604809761,0.1225485131144523,0.6927899718284607,0.6661496758460999,231.0,3034.0,51961.17,0.0431696325540542,0.0520954467356205,0.0457274988293647
1.0,qlstm_paper,original_3,lorenz_1000,0.0,0.001,4.0,,16.0,25.0,64.0,0.0124321095645427,0.0129404803737998,0.0865720584988594,0.0861088931560516,0.8660447001457214,0.8560308814048767,231.0,4893.0,76071.73,0.0449030411740144,0.0507772602140903,0.0469623580574989
1.0,qlstm_paper,original_1,lorenz_1000,0.0,0.001,6.0,,4.0,1.0,64.0,0.0013487513642758,0.0013851210242137,0.0269400440156459,0.0275259129703044,0.9858157634735109,0.9854873418807985,129.0,18228.0,64175.44,0.043308213725686,0.0505763702094554,0.0445288158953189
1.0,qlstm_paper,original_1,lorenz_1000,0.0,0.001,6.0,,4.0,13.0,64.0,0.0382610559463501,0.0425521098077297,0.1533464640378952,0.1604231297969818,0.432329922914505,0.4343749582767486,129.0,1917.0,6964.71,0.045304724574089,0.0539065711200237,0.0469685941934585
1.0,qlstm_paper,original_1,lorenz_1000,0.0,0.001,6.0,,4.0,25.0,64.0,0.0432574637234211,0.0452682301402092,0.1607197225093841,0.1663388311862945,0.278342992067337,0.308602899312973,129.0,1301.0,4666.71,0.0442704949527978,0.0535360351204872,0.0474444702267646
1.0,qlstm_paper,original_1,lorenz_1000,0.0,0.001,6.0,,8.0,1.0,64.0,0.0005493779317475,0.0004640963161364,0.0167782790958881,0.0151973217725753,0.9942182898521424,0.9952426552772522,129.0,16622.0,122493.97,0.0402281031012535,0.0469201654195785,0.0412852279841899
1.0,qlstm_paper,original_1,lorenz_1000,0.0,0.001,6.0,,8.0,13.0,64.0,0.0390566959977149,0.0409641899168491,0.1584383845329284,0.1598955541849136,0.4038366377353668,0.4255468845367431,129.0,1604.0,12122.19,0.0443841859698295,0.0543020255863666,0.0472598150372505
1.0,qlstm_paper,original_1,lorenz_1000,0.0,0.001,6.0,,8.0,25.0,64.0,0.0434108935296535,0.044577557593584,0.1615428030490875,0.1645260900259018,0.2817737758159637,0.3078421950340271,129.0,1145.0,8625.45,0.0472794458270072,0.0527114607393741,0.0471445322036743
,,,,,,,,,,,,,,,,,,,,,,
1.0,qlstm_paper,original_1,lorenz_1000,0.0,0.001,6.0,,16.0,13.0,64.0,0.0474397130310535,0.049242116510868,0.1798446327447891,0.1801692843437194,0.0415423475205898,0.0956432372331619,129.0,833.0,13010.6,0.0443402267992496,0.0534145049750804,0.0472937412559986
1.0,qlstm_paper,original_1,lorenz_1000,0.0,0.001,6.0,,16.0,25.0,64.0,0.042717233300209,0.0423466190695762,0.1593990623950958,0.1589509099721908,0.3215683400630951,0.3777555227279663,129.0,2054.0,28416.42,0.0457255699568324,0.0517346858978271,0.0482200793921947
1.0,qlstm_paper,original_2,lorenz_1000,0.0,0.001,6.0,,4.0,1.0,64.0,1.9113082089461383e-05,2.290610427735373e-05,0.0035004075616598,0.003847372950986,0.999795377254486,0.9997552633285522,237.0,2429.0,13063.84,0.0179390882141888,0.0204368643462657,0.0189019255340099
1.0,qlstm_paper,original_2,lorenz_1000,0.0,0.001,6.0,,4.0,13.0,64.0,0.0353788174688816,0.0364897921681404,0.1510986238718032,0.1509815454483032,0.4891965091228485,0.5270814895629883,237.0,1422.0,7699.63,0.044515723735094,0.0526321977376937,0.0464268401265144
1.0,qlstm_paper,original_2,lorenz_1000,0.0,0.001,6.0,,4.0,25.0,64.0,0.0430566221475601,0.0455591976642608,0.1585737615823745,0.1641674190759658,0.3000408411026001,0.2969577014446258,237.0,670.0,3542.35,0.0404372602701187,0.0552128665149211,0.0495200231671333
1.0,qlstm_paper,original_2,lorenz_1000,0.0,0.001,6.0,,8.0,1.0,64.0,2.6846741093322635e-05,3.060173548874445e-05,0.0040116352029144,0.004290644545108,0.99971204996109,0.9996726512908936,237.0,3448.0,37204.1,0.0166929464787244,0.0179667063057422,0.0174678079783916
1.0,qlstm_paper,original_2,lorenz_1000,0.0,0.001,6.0,,8.0,13.0,64.0,0.0397199690341949,0.0410775281488895,0.1567098349332809,0.1574017107486724,0.3887414038181305,0.4172784388065338,237.0,750.0,8261.15,0.0401852246373891,0.0492765568196773,0.0448773168027401
1.0,qlstm_paper,original_2,lorenz_1000,0.0,0.001,6.0,,8.0,25.0,64.0,0.0421273224055767,0.0438263043761253,0.1582120358943939,0.1617146730422973,0.328459084033966,0.3394381701946258,237.0,501.0,5647.32,0.0455406252294778,0.0507788807153701,0.0452356189489364
1.0,qlstm_paper,original_2,lorenz_1000,0.0,0.001,6.0,,16.0,1.0,64.0,1.55289817485027e-05,1.5710023944848217e-05,0.0030089814681559,0.0029406084213405,0.9998329877853394,0.9998331665992736,237.0,3506.0,81489.33,0.0181633430533111,0.0218832343816757,0.0188119914382696
1.0,qlstm_paper,original_2,lorenz_1000,0.0,0.001,6.0,,16.0,13.0,64.0,0.0379752442240715,0.0386406145989894,0.1547071635723114,0.1526544094085693,0.43594890832901,0.4725290536880493,237.0,728.0,16125.47,0.0414862960577011,0.0499846786260604,0.0455639436841011
1.0,qlstm_paper,original_2,lorenz_1000,0.0,0.001,6.0,,16.0,25.0,64.0,0.0435399077832698,0.0442357063293457,0.1588657945394516,0.16095632314682,0.3031444847583771,0.2992027997970581,237.0,634.0,12890.35,0.0411171731021669,0.0472649745643138,0.0435205288231372
1.0,qlstm_paper,original_3,lorenz_1000,0.0,0.001,6.0,,4.0,1.0,64.0,1.0696886420191731e-05,9.344230420538224e-06,0.0024120153393596,0.0022296637762337,0.9998935461044312,0.9999030232429504,345.0,2532.0,17609.96,0.0213123874738812,0.0206311717629432,0.0210104417055845
1.0,qlstm_paper,original_3,lorenz_1000,0.0,0.001,6.0,,4.0,13.0,64.0,0.0301147177815437,0.0292548835277557,0.1335507780313491,0.1333859115839004,0.6160491108894348,0.6178606152534485,345.0,2681.0,18604.29,0.044232015684247,0.0530567988753318,0.0463959947228431
1.0,qlstm_paper,original_3,lorenz_1000,0.0,0.001,6.0,,4.0,25.0,64.0,0.0386944971978664,0.0441005639731884,0.1520366221666336,0.1639933437108993,0.4370690882205963,0.4335685968399048,345.0,464.0,3258.92,0.0420635346323251,0.0500049404799938,0.043953351676464
1.0,qlstm_paper,original_3,lorenz_1000,0.0,0.001,6.0,,8.0,1.0,64.0,5.9753083405666985e-06,6.630839379795361e-06,0.0018624430522322,0.0019862928893417,0.9999375939369202,0.999929666519165,345.0,3374.0,48759.12,0.0196067473851144,0.0214218292385339,0.0204313173890113
1.0,qlstm_paper,original_3,lorenz_1000,0.0,0.001,6.0,,8.0,13.0,64.0,0.0378678254783153,0.0395700857043266,0.1537165492773056,0.1543356329202652,0.4343700110912323,0.453521579504013,345.0,696.0,10058.89,0.039310897514224,0.0477823093533515,0.0412573926150798
1.0,qlstm_paper,original_3,lorenz_1000,0.0,0.001,6.0,,8.0,25.0,64.0,0.0417871065437793,0.0449793674051761,0.1578079462051391,0.1644654273986816,0.3369671106338501,0.3085373342037201,345.0,597.0,8736.23,0.0427106749266386,0.0531447082757949,0.0486956536769866
1.0,qlstm_paper,original_3,lorenz_1000,0.0,0.001,6.0,,16.0,1.0,64.0,6.314018264674814e-06,7.255042419274105e-06,0.0018613717984408,0.0019678177777677,0.999932050704956,0.999923050403595,345.0,2273.0,69645.24,0.0197248050943017,0.0216267574578523,0.0204180553555488
1.0,qlstm_paper,original_3,lorenz_1000,0.0,0.001,6.0,,16.0,13.0,64.0,0.0386486835777759,0.038475751876831,0.1557290405035019,0.152527779340744,0.4207504391670227,0.463300883769989,345.0,891.0,25926.97,0.0391916003078222,0.0477966368198394,0.0420940220355987
,,,,,,,,,,,,,,,,,,,,,,
1.0,qlstm_paper,original_1,lorenz_1000,1.0,0.001,4.0,,4.0,1.0,64.0,0.0027357453946024,0.0026526912115514,0.0407430827617645,0.0397211536765098,0.9700489044189452,0.9710944890975952,87.0,3508.0,7629.98,0.0353459041565656,0.0397591032087802,0.0354793481528759
1.0,qlstm_paper,original_1,lorenz_1000,1.0,0.001,4.0,,4.0,13.0,64.0,0.039163202047348,0.0425949208438396,0.1591549515724182,0.1629121452569961,0.4030437171459198,0.4331102669239044,87.0,1581.0,3469.01,0.0431135866791009,0.0502143651247024,0.0439417213201522
1.0,qlstm_paper,original_1,lorenz_1000,1.0,0.001,4.0,,4.0,25.0,64.0,0.039660420268774,0.042889580130577,0.1534886360168457,0.1599395871162414,0.4049977362155914,0.4023542106151581,87.0,1259.0,2772.24,0.0434306599199771,0.0532419569790363,0.0459694638848304
1.0,qlstm_paper,original_1,lorenz_1000,1.0,0.001,4.0,,8.0,1.0,64.0,0.0007845890941098,0.0007404034840874,0.0224116053432226,0.0213818810880184,0.9915485382080078,0.9920250177383424,87.0,11576.0,52926.6,0.0359355732798576,0.0420302264392375,0.0369838513433933
1.0,qlstm_paper,original_1,lorenz_1000,1.0,0.001,4.0,,8.0,13.0,64.0,0.0384176112711429,0.0391599796712398,0.1552410274744033,0.1538512259721756,0.4219402968883514,0.475446343421936,87.0,2438.0,10839.69,0.0449459232389926,0.0520387180149555,0.04531941562891
1.0,qlstm_paper,original_1,lorenz_1000,1.0,0.001,4.0,,8.0,25.0,64.0,0.0478733740746974,0.0500208772718906,0.1726943850517273,0.1789599657058715,0.0433855205774307,0.0325018167495727,87.0,493.0,2236.55,0.0431750155985355,0.0530243776738643,0.0476800724864006
1.0,qlstm_paper,original_1,lorenz_1000,1.0,0.001,4.0,,16.0,1.0,64.0,0.0006156920571811,0.0006113231647759,0.0201308093965053,0.0194906704127788,0.9933964610099792,0.9934712648391724,87.0,15575.0,150594.56,0.0329440085217356,0.0362558327615261,0.0329712815582752
1.0,qlstm_paper,original_1,lorenz_1000,1.0,0.001,4.0,,16.0,13.0,64.0,0.0401908047497272,0.0410187914967536,0.1632089018821716,0.1602463126182556,0.3815353512763977,0.451983094215393,87.0,1792.0,16444.76,0.0438751574605703,0.0533767640590667,0.04700493440032
1.0,qlstm_paper,original_1,lorenz_1000,1.0,0.001,4.0,,16.0,25.0,64.0,0.0516965016722679,0.0516312979161739,0.1818910241127014,0.1825762540102005,-0.2806935608386993,-0.1872814744710922,87.0,455.0,3846.48,0.0457479034860928,0.0519790686666965,0.0482831113040447
1.0,qlstm_paper,original_2,lorenz_1000,1.0,0.001,4.0,,4.0,1.0,64.0,1.9661247279145755e-05,2.070026494038757e-05,0.0032051336020231,0.0033360992092639,0.9997901916503906,0.9997774362564088,159.0,3114.0,9700.92,0.0091804355382919,0.0113507863134145,0.0094130570068955
1.0,qlstm_paper,original_2,lorenz_1000,1.0,0.001,4.0,,4.0,13.0,64.0,0.0270741619169712,0.0273788049817085,0.123337335884571,0.12476497143507,0.6717591881752014,0.6559162139892578,159.0,2685.0,8234.11,0.043587477132678,0.0519689917564392,0.0467496812343597
1.0,qlstm_paper,original_2,lorenz_1000,1.0,0.001,4.0,,4.0,25.0,64.0,0.039766039699316,0.0448680184781551,0.1535883843898773,0.164175659418106,0.3945181369781494,0.3755974769592285,159.0,431.0,1336.34,0.0393453083932399,0.0475038401782512,0.0412652380764484
1.0,qlstm_paper,original_2,lorenz_1000,1.0,0.001,4.0,,8.0,1.0,64.0,1.3366107850742992e-05,1.3950101674709003e-05,0.0027759103104472,0.0028538752812892,0.9998611211776732,0.999853253364563,159.0,3302.0,20572.76,0.0144261933863162,0.018093341961503,0.0158468838781118
1.0,qlstm_paper,original_2,lorenz_1000,1.0,0.001,4.0,,8.0,13.0,64.0,0.0394975766539573,0.0409377999603748,0.1576321274042129,0.1582391113042831,0.3945579826831817,0.4144599735736847,159.0,592.0,3785.75,0.0418118383735418,0.0490984097123146,0.0441456027328968
1.0,qlstm_paper,original_2,lorenz_1000,1.0,0.001,4.0,,8.0,25.0,64.0,0.0254829619079828,0.0271798614412546,0.1208496764302253,0.1263916194438934,0.7003182172775269,0.6550190448760986,159.0,2735.0,17302.56,0.0376370904967188,0.04738574847579,0.0426150634884834
1.0,qlstm_paper,original_2,lorenz_1000,1.0,0.001,4.0,,16.0,1.0,64.0,1.603972486918792e-05,1.7971282431972213e-05,0.0031017526052892,0.0031526193488389,0.9998331665992736,0.9998152256011964,159.0,2785.0,35655.94,0.021674408018589,0.0231583546847105,0.0220157224684953
1.0,qlstm_paper,original_2,lorenz_1000,1.0,0.001,4.0,,16.0,13.0,64.0,0.0267491210252046,0.0274293441325426,0.1200678125023841,0.1218643486499786,0.6820917129516602,0.6688916683197021,159.0,2225.0,28842.27,0.0417187003418803,0.0507751144468784,0.0454723201692104
1.0,qlstm_paper,original_2,lorenz_1000,1.0,0.001,4.0,,16.0,25.0,64.0,0.0192158687859773,0.019574262201786,0.1053394451737403,0.1054649353027343,0.7853361964225769,0.7704916000366211,159.0,5746.0,66921.08,0.0441267018516858,0.0514626130461692,0.0495072118937969
1.0,qlstm_paper,original_3,lorenz_1000,1.0,0.001,4.0,,4.0,1.0,64.0,1.2667108421737794e-05,1.2938738109369297e-05,0.0029446559492498,0.0029114754870533,0.9998727440834044,0.9998642802238464,231.0,2270.0,9104.07,0.0228424351662397,0.0228553935885429,0.0225018355995416
1.0,qlstm_paper,original_3,lorenz_1000,1.0,0.001,4.0,,4.0,13.0,64.0,0.0363650470972061,0.0393540449440479,0.1497789174318313,0.1550723612308502,0.4667862057685852,0.4743422865867615,231.0,706.0,2975.46,0.0433273643255233,0.0523551441729068,0.0460634045302867
1.0,qlstm_paper,original_3,lorenz_1000,1.0,0.001,4.0,,4.0,25.0,64.0,0.0399603620171546,0.044815719127655,0.1525675654411316,0.1630257368087768,0.3859759271144867,0.3630989193916321,231.0,579.0,2401.68,0.0420207217335701,0.053124614059925,0.0459567382931709
1.0,qlstm_paper,original_3,lorenz_1000,1.0,0.001,4.0,,8.0,1.0,64.0,9.339448297396302e-06,1.0168569133384152e-05,0.0023553129285573,0.0024104148615151,0.9998999834060668,0.9998930096626282,231.0,2705.0,23002.0,0.0140884204767644,0.016656482592225,0.0151872551068663
1.0,qlstm_paper,original_3,lorenz_1000,1.0,0.001,4.0,,8.0,13.0,64.0,0.0217010173946619,0.0225251354277133,0.1103582456707954,0.1121497228741645,0.7577815651893616,0.7300209999084473,231.0,2751.0,22940.96,0.0406740739941597,0.0478596277534961,0.0434524267911911
1.0,qlstm_paper,original_3,lorenz_1000,1.0,0.001,4.0,,8.0,25.0,64.0,0.0397496148943901,0.0431774146854877,0.1547576487064361,0.1634887605905532,0.4130887687206268,0.4161048531532287,231.0,457.0,3921.68,0.0410814164206385,0.0478443279862403,0.0429535657167434
1.0,qlstm_paper,original_3,lorenz_1000,1.0,0.001,4.0,,16.0,1.0,64.0,1.6580694136791863e-05,1.6075480743893422e-05,0.0030359446536749,0.00301209744066,0.999826192855835,0.9998320937156676,231.0,2502.0,42679.24,0.0247706333175301,0.0306657031178474,0.0269749127328395
1.0,qlstm_paper,original_3,lorenz_1000,1.0,0.001,4.0,,16.0,13.0,64.0,0.0236741360276937,0.0233981050550937,0.1117674633860588,0.1103735566139221,0.7350793480873108,0.7237597703933716,231.0,3120.0,52911.78,0.0430542785674333,0.0524404793977737,0.0482122972607612
1.0,qlstm_paper,original_3,lorenz_1000,1.0,0.001,4.0,,16.0,25.0,64.0,0.0175338294357061,0.018748365342617,0.1005900204181671,0.1016581803560257,0.8047010898590088,0.7819748520851135,231.0,2614.0,41306.79,0.0442283182508415,0.0527489706873893,0.0506821162998676
1.0,qlstm_paper,original_1,lorenz_1000,1.0,0.001,6.0,,4.0,1.0,64.0,0.0007575547206215,0.0006092578405514,0.0196789596229791,0.0175767168402671,0.9920444488525392,0.993782639503479,129.0,12027.0,42391.72,0.0432870246469974,0.0514092743396759,0.0447261817753315
1.0,qlstm_paper,original_1,lorenz_1000,1.0,0.001,6.0,,4.0,13.0,64.0,0.0384098142385482,0.0419884324073791,0.1545181572437286,0.1595892757177353,0.4205067753791809,0.4414284527301788,129.0,1900.0,6680.16,0.0452733635902404,0.0536980591714382,0.0466449931263923
1.0,qlstm_paper,original_1,lorenz_1000,1.0,0.001,6.0,,4.0,25.0,64.0,0.0423290431499481,0.0444853790104389,0.1599563211202621,0.1657163947820663,0.313745379447937,0.3222841024398803,129.0,1347.0,4839.27,0.0442913714796304,0.0542642138898372,0.0475546419620513
1.0,qlstm_paper,original_1,lorenz_1000,1.0,0.001,6.0,,8.0,1.0,64.0,0.0008673135889694,0.0007060691714286,0.0206229612231254,0.0184150841087102,0.9908072352409364,0.9926908612251282,129.0,9765.0,70382.16,0.0401594538241624,0.0464967787265777,0.0412153452634811
1.0,qlstm_paper,original_1,lorenz_1000,1.0,0.001,6.0,,8.0,13.0,64.0,0.0468260459601879,0.0525488518178463,0.1730648279190063,0.1870786249637603,-0.0186159014701843,-0.192206472158432,129.0,418.0,3138.85,0.0465653788298368,0.0545153729617595,0.047248475253582
1.0,qlstm_paper,original_1,lorenz_1000,1.0,0.001,6.0,,8.0,25.0,64.0,0.0430586598813533,0.0438103638589382,0.1615529209375381,0.164764791727066,0.2946283221244812,0.3260011374950409,129.0,1308.0,9715.11,0.043396615050733,0.0528237596154212,0.047312144190073
,,,,,,,,,,,,,,,,,,,,,,
1.0,qlstm_paper,original_1,lorenz_1000,1.0,0.001,6.0,,16.0,13.0,64.0,0.0400101765990257,0.0408896431326866,0.1610534489154815,0.1601360887289047,0.3855997622013092,0.4205939471721649,129.0,1964.0,28980.78,0.0442649323493242,0.0538294464349746,0.0473055504262447
1.0,qlstm_paper,original_1,lorenz_1000,1.0,0.001,6.0,,16.0,25.0,64.0,0.0438422076404094,0.0438040494918823,0.1607853025197982,0.1606692820787429,0.2878720760345459,0.3210006356239319,129.0,1277.0,17684.98,0.0454728458490636,0.0518542490899562,0.0484926886856555
1.0,qlstm_paper,original_2,lorenz_1000,1.0,0.001,6.0,,4.0,1.0,64.0,1.4443901818594895e-05,1.7190213839057833e-05,0.0029170857742428,0.0031385773327201,0.9998462200164796,0.9998188614845276,237.0,3106.0,16227.0,0.0225102206692099,0.0241983067244291,0.0229566749185323
1.0,qlstm_paper,original_2,lorenz_1000,1.0,0.001,6.0,,4.0,13.0,64.0,0.0393744111061096,0.0419089347124099,0.1567580103874206,0.1605419963598251,0.392993688583374,0.4035957157611847,237.0,1409.0,7465.55,0.0425807680934667,0.0510884337127208,0.0442205034196376
1.0,qlstm_paper,original_2,lorenz_1000,1.0,0.001,6.0,,4.0,25.0,64.0,0.0428395606577396,0.0452718250453472,0.1571691632270813,0.1646185964345932,0.3029726147651672,0.3218101859092712,237.0,583.0,3113.95,0.0433777492493391,0.0546985156834125,0.0494394265115261
1.0,qlstm_paper,original_2,lorenz_1000,1.0,0.001,6.0,,8.0,1.0,64.0,1.8895399989560246e-05,1.993115984078031e-05,0.0032940001692622,0.0033781030215322,0.9997978806495668,0.9997864365577698,237.0,4139.0,44485.27,0.0361689766868948,0.0419253446161747,0.0376533232629299
1.0,qlstm_paper,original_2,lorenz_1000,1.0,0.001,6.0,,8.0,13.0,64.0,0.0395031124353408,0.0412093997001647,0.158101886510849,0.159379705786705,0.3935520648956299,0.4110479652881622,237.0,751.0,7968.53,0.0445597067475318,0.0526297092437744,0.0463972873985767
1.0,qlstm_paper,original_2,lorenz_1000,1.0,0.001,6.0,,8.0,25.0,64.0,0.0441731736063957,0.0453171804547309,0.1615780740976333,0.1642919331789016,0.2720600068569183,0.2779211401939392,237.0,563.0,6236.68,0.0422092758119106,0.0524490736424922,0.0481395162642002
1.0,qlstm_paper,original_2,lorenz_1000,1.0,0.001,6.0,,16.0,1.0,64.0,2.6566734959487803e-05,2.682907143025659e-05,0.0040417853742837,0.0040774038061499,0.9997154474258424,0.9997165203094482,237.0,4292.0,93634.29,0.0279284995049238,0.0327782742679119,0.0295494813472032
1.0,qlstm_paper,original_2,lorenz_1000,1.0,0.001,6.0,,16.0,13.0,64.0,0.0381964556872844,0.0411140024662017,0.154042363166809,0.158468022942543,0.4313703775405884,0.4042122662067413,237.0,799.0,18187.67,0.0438757169991731,0.0542597211897373,0.0472722128033638
1.0,qlstm_paper,original_2,lorenz_1000,1.0,0.001,6.0,,16.0,25.0,64.0,0.0270542446523904,0.0281698796898126,0.1179369837045669,0.1212994754314422,0.6814914345741272,0.6360733509063721,237.0,3828.0,126247.04,0.0443822468320528,0.049371387809515,0.0463637895882129
1.0,qlstm_paper,original_3,lorenz_1000,1.0,0.001,6.0,,4.0,1.0,64.0,6.291606041486375e-06,6.206296802702127e-06,0.0018928695935755,0.0018455918179824,0.9999327063560486,0.9999343156814576,345.0,3017.0,40001.13,0.017325176205486,0.0183904729783535,0.017523244023323
1.0,qlstm_paper,original_3,lorenz_1000,1.0,0.001,6.0,,4.0,13.0,64.0,0.0239560306072235,0.0242221690714359,0.1154525130987167,0.1166542321443557,0.7290554046630859,0.7097558975219727,345.0,4354.0,59433.9,0.0451620310544967,0.0539357028901577,0.0469272434711456
1.0,qlstm_paper,original_3,lorenz_1000,1.0,0.001,6.0,,4.0,25.0,64.0,0.0401146188378334,0.0432239770889282,0.1539683640003204,0.1618175208568573,0.3858580887317657,0.3970324695110321,345.0,557.0,7419.94,0.0438340377062559,0.0546195544302463,0.0483964905142784
1.0,qlstm_paper,original_3,lorenz_1000,1.0,0.001,6.0,,8.0,1.0,64.0,6.171740551508265e-06,7.110804745025234e-06,0.0020267395302653,0.0021594879217445,0.9999356269836426,0.9999253153800964,345.0,2521.0,68664.97,0.0279895387589931,0.0318676680326461,0.028909683227539
1.0,qlstm_paper,original_3,lorenz_1000,1.0,0.001,6.0,,8.0,13.0,64.0,0.0190106760710477,0.0203985814005136,0.1024250909686088,0.1055447459220886,0.7979119420051575,0.7585420608520508,345.0,3241.0,82284.24,0.0420298807322978,0.0510328039526939,0.044261772185564
1.0,qlstm_paper,original_3,lorenz_1000,1.0,0.001,6.0,,8.0,25.0,64.0,0.0434603802859783,0.0441387258470058,0.1602294296026229,0.1619841456413269,0.2966078817844391,0.3053000569343567,345.0,614.0,16520.55,0.0430230066180229,0.0523831583559513,0.0466783158481121
1.0,qlstm_paper,original_3,lorenz_1000,1.0,0.001,6.0,,16.0,1.0,64.0,1.5256627193593886e-05,1.7605125322006643e-05,0.002918746555224,0.0031419785227626,0.9998403787612916,0.9998166561126708,345.0,2550.0,144450.64,0.028451720252633,0.0311187487095594,0.0286351311951875
1.0,qlstm_paper,original_3,lorenz_1000,1.0,0.001,6.0,,16.0,13.0,64.0,0.040389034897089,0.0397265702486038,0.1581145524978637,0.1538202762603759,0.3762670457363128,0.4295763373374939,345.0,635.0,18498.97,0.0427911054342985,0.0526523180305957,0.047148160636425
1.0,qlstm_paper,original_3,lorenz_1000,1.0,0.001,6.0,,16.0,25.0,64.0,0.0168562717735767,0.0185764469206333,0.1037467718124389,0.1079357862472534,0.8232835531234741,0.7867189645767212,345.0,3875.0,102116.44,0.0439545611540476,0.0504512377083301,0.048573151230812
1.0,qlstm_paper,original_1,lorenz_1000,2.0,0.001,4.0,,4.0,1.0,64.0,0.00279416074045,0.0027029619086533,0.0410947799682617,0.0399379543960094,0.9694576859474182,0.9704252481460572,87.0,3033.0,6714.84,0.0330968599766492,0.0366478785872459,0.033574741333723
1.0,qlstm_paper,original_1,lorenz_1000,2.0,0.001,4.0,,4.0,13.0,64.0,0.0380796529352664,0.0402093268930912,0.1560813933610916,0.1572898030281067,0.4301484525203705,0.4744585752487182,87.0,2211.0,4830.66,0.0434005705639719,0.0536671243607997,0.0467387549579143
1.0,qlstm_paper,original_1,lorenz_1000,2.0,0.001,4.0,,4.0,25.0,64.0,0.0471582822501659,0.051237940788269,0.1710927635431289,0.1821155846118927,0.0608089715242385,0.0294738598167896,87.0,532.0,1257.29,0.0452271524816751,0.0533649250864982,0.0471550300717353
1.0,qlstm_paper,original_1,lorenz_1000,2.0,0.001,4.0,,8.0,1.0,64.0,0.0010439287871122,0.0009088575607165,0.0240865796804428,0.0225656703114509,0.989043354988098,0.9904057383537292,87.0,6032.0,26599.13,0.037082559429109,0.0428510084748268,0.038154412060976
1.0,qlstm_paper,original_1,lorenz_1000,2.0,0.001,4.0,,8.0,13.0,64.0,0.0384843610227108,0.0385248623788356,0.1583546549081802,0.1554152816534042,0.4201554358005523,0.4869618415832519,87.0,1908.0,8450.08,0.0414915770292282,0.0489729717373847,0.0432207807898521
1.0,qlstm_paper,original_1,lorenz_1000,2.0,0.001,4.0,,8.0,25.0,64.0,0.0386620350182056,0.0414308421313762,0.1514496356248855,0.1570068597793579,0.4516525566577911,0.4675650000572204,87.0,1511.0,6857.31,0.0456472042948007,0.05331976339221,0.0476558730006217
1.0,qlstm_paper,original_1,lorenz_1000,2.0,0.001,4.0,,16.0,1.0,64.0,0.000618310063146,0.0006085117347538,0.019384142011404,0.0186444800347089,0.9933431148529052,0.9935070276260376,87.0,8359.0,79068.64,0.0284368731081485,0.0327193550765514,0.0301927924156188
1.0,qlstm_paper,original_1,lorenz_1000,2.0,0.001,4.0,,16.0,13.0,64.0,0.0362815707921981,0.0391557216644287,0.1484021991491317,0.1505609303712844,0.4794797897338867,0.4873000085353851,87.0,1775.0,16403.34,0.0438583128154277,0.0509772822260856,0.0450594052672386
1.0,qlstm_paper,original_1,lorenz_1000,2.0,0.001,4.0,,16.0,25.0,64.0,0.0408527106046676,0.0447095781564712,0.1555527001619339,0.1633877158164978,0.3875998258590698,0.3367377519607544,87.0,1248.0,10945.86,0.0454769076572524,0.0518431439995765,0.0489320755004882
1.0,qlstm_paper,original_2,lorenz_1000,2.0,0.001,4.0,,4.0,1.0,64.0,1.196202720166184e-05,1.4044372619537173e-05,0.0025408696383237,0.0026643904857337,0.9998711347579956,0.9998503923416138,159.0,3105.0,9698.32,0.0326065586879849,0.0388002917170524,0.0338567309081554
1.0,qlstm_paper,original_2,lorenz_1000,2.0,0.001,4.0,,4.0,13.0,64.0,0.0212392695248127,0.0221874099224805,0.1106759756803512,0.1124455034732818,0.7632551789283752,0.744158923625946,159.0,5422.0,16741.37,0.0407431175932288,0.0506707653403282,0.0467684864997863
1.0,qlstm_paper,original_2,lorenz_1000,2.0,0.001,4.0,,4.0,25.0,64.0,0.0424717739224433,0.0462492927908897,0.1570423543453216,0.165408045053482,0.3133556544780731,0.3132843375205993,159.0,528.0,1652.66,0.0418363213539123,0.0513151474297046,0.0459338463842868
1.0,qlstm_paper,original_2,lorenz_1000,2.0,0.001,4.0,,8.0,1.0,64.0,1.119445096264826e-05,1.0237040442007128e-05,0.0025056069716811,0.0023041034583002,0.9998795390129088,0.9998902082443236,159.0,2884.0,34201.35,0.0222110144793987,0.0243450198322534,0.0228586420416831
1.0,qlstm_paper,original_2,lorenz_1000,2.0,0.001,4.0,,8.0,13.0,64.0,0.040245946496725,0.0423140563070774,0.1574709266424179,0.1589671820402145,0.3721349537372589,0.4019598066806793,159.0,488.0,3231.54,0.0392793899402022,0.0461940020322799,0.0419855490326881
1.0,qlstm_paper,original_2,lorenz_1000,2.0,0.001,4.0,,8.0,25.0,64.0,0.0266704484820365,0.0287601947784423,0.1237197145819664,0.1294990181922912,0.6840466260910034,0.6292036175727844,159.0,3290.0,20808.63,0.0441203769296407,0.0531247407197952,0.0481025464832782
1.0,qlstm_paper,original_2,lorenz_1000,2.0,0.001,4.0,,16.0,1.0,64.0,1.553800393594429e-05,1.299320410907967e-05,0.0029206729959696,0.0026676622219383,0.9998363852500916,0.9998619556427002,159.0,2995.0,67141.02,0.0121282967738807,0.0137829389423131,0.0132932579144835
1.0,qlstm_paper,original_2,lorenz_1000,2.0,0.001,4.0,,16.0,13.0,64.0,0.0259709749370813,0.0254561994224786,0.1198137700557708,0.1178878843784332,0.6984336972236633,0.7025301456451416,159.0,3790.0,50637.83,0.04340391010046,0.0499375909566879,0.0463900566101074
1.0,qlstm_paper,original_2,lorenz_1000,2.0,0.001,4.0,,16.0,25.0,64.0,0.0262824352830648,0.0282997321337461,0.1227467060089111,0.1298889219760894,0.6912620067596436,0.6265639662742615,159.0,2323.0,27441.54,0.0438008809255229,0.053245410323143,0.0523429363965988
1.0,qlstm_paper,original_3,lorenz_1000,2.0,0.001,4.0,,4.0,1.0,64.0,5.90125364396954e-06,6.611070602957625e-06,0.0019101426005363,0.0020531287882477,0.9999377131462096,0.9999313354492188,231.0,2613.0,10750.42,0.0256419315934181,0.0256306752562522,0.0254372376948595
1.0,qlstm_paper,original_3,lorenz_1000,2.0,0.001,4.0,,4.0,13.0,64.0,0.0208773259073495,0.0231373403221368,0.1075103431940078,0.113942414522171,0.764210045337677,0.7162006497383118,231.0,2075.0,8657.09,0.0378721702843904,0.0459614507853984,0.0396743677556514
1.0,qlstm_paper,original_3,lorenz_1000,2.0,0.001,4.0,,4.0,25.0,64.0,0.0408091098070144,0.0458010211586952,0.1556243151426315,0.1651707142591476,0.3625790774822235,0.3491345345973968,231.0,502.0,2162.54,0.0397866047918796,0.0515236519277095,0.0454880818724632
1.0,qlstm_paper,original_3,lorenz_1000,2.0,0.001,4.0,,8.0,1.0,64.0,1.0921850844169969e-05,1.2145829714427236e-05,0.0024980104062706,0.0026524926070123,0.999884068965912,0.9998725056648254,231.0,2863.0,24210.28,0.0189897123724222,0.0198310241103172,0.0191476102918386
1.0,qlstm_paper,original_3,lorenz_1000,2.0,0.001,4.0,,8.0,13.0,64.0,0.0181389208883047,0.0202886667102575,0.0996629819273948,0.105668269097805,0.8082668781280518,0.7637096643447876,231.0,3361.0,28436.38,0.0377466641366481,0.0445937067270278,0.0388056524097919
1.0,qlstm_paper,original_3,lorenz_1000,2.0,0.001,4.0,,8.0,25.0,64.0,0.040741603821516,0.0433233343064785,0.1552095115184784,0.160823568701744,0.3682990372180938,0.3554801642894745,231.0,447.0,3984.67,0.0408460438251495,0.0459318831562995,0.0405908189713954
1.0,qlstm_paper,original_3,lorenz_1000,2.0,0.001,4.0,,16.0,1.0,64.0,4.771476596943103e-06,6.155012670205906e-06,0.0017632469534873,0.0019787307828664,0.9999516010284424,0.9999366402626038,231.0,2109.0,36230.99,0.018590813037008,0.0185355842113494,0.0196544602513313
1.0,qlstm_paper,original_3,lorenz_1000,2.0,0.001,4.0,,16.0,13.0,64.0,0.0207865703850984,0.0212456118315458,0.1061620861291885,0.1068079024553299,0.7676934003829956,0.7515786290168762,231.0,3238.0,99034.84,0.0421402405947446,0.050391387194395,0.044950071722269
1.0,qlstm_paper,original_3,lorenz_1000,2.0,0.001,4.0,,16.0,25.0,64.0,0.0130714727565646,0.0135898683220148,0.0879189893603324,0.0892308056354522,0.8574590086936951,0.8511135578155518,231.0,4943.0,136711.15,0.045014908330308,0.0499843209981918,0.0462859682738781
1.0,qlstm_paper,original_1,lorenz_1000,2.0,0.001,6.0,,4.0,1.0,64.0,0.0012878968846052,0.0013446800876408,0.0232336726039648,0.023171653971076,0.986237406730652,0.985448956489563,129.0,23182.0,81021.92,0.0437325814738869,0.0519204884767532,0.0451474599540233
1.0,qlstm_paper,original_1,lorenz_1000,2.0,0.001,6.0,,4.0,13.0,64.0,0.0388111025094985,0.0415676198899745,0.1552976965904235,0.1596099585294723,0.4075634181499481,0.4344521462917328,129.0,1634.0,11006.3,0.0436951495707035,0.0535007119178772,0.0469574034214019
1.0,qlstm_paper,original_1,lorenz_1000,2.0,0.001,6.0,,4.0,25.0,64.0,0.0478361584246158,0.0516991093754768,0.1748703718185424,0.1838488280773162,-0.2005752772092819,-0.1050280779600143,129.0,420.0,1634.9,0.045307170599699,0.0537053197622299,0.0478267185389995
1.0,qlstm_paper,original_1,lorenz_1000,2.0,0.001,6.0,,8.0,1.0,64.0,0.0006345349247567,0.0005221894243732,0.0175477694720029,0.0157924238592386,0.9934635758399964,0.9947196841239928,129.0,11361.0,137459.96,0.0392250809818506,0.0471736527979373,0.040812250226736
1.0,qlstm_paper,original_1,lorenz_1000,2.0,0.001,6.0,,8.0,13.0,64.0,0.039038136601448,0.0420304015278816,0.158112421631813,0.1618313044309616,0.408637672662735,0.4132640063762665,129.0,1784.0,24683.67,0.0441312190145254,0.0535711869597435,0.0469770804047584
1.0,qlstm_paper,original_1,lorenz_1000,2.0,0.001,6.0,,8.0,25.0,64.0,0.0436631701886653,0.0442127026617527,0.1618898808956146,0.1625718772411346,0.2782201468944549,0.3007918298244476,129.0,1249.0,17323.11,0.0445559937506914,0.0529395788908004,0.0476231053471565
,,,,,,,,,,,,,,,,,,,,,,
1.0,qlstm_paper,original_1,lorenz_1000,2.0,0.001,6.0,,16.0,13.0,64.0,0.0398270934820175,0.0406396985054016,0.1613195240497589,0.1597434431314468,0.3887356519699096,0.426444947719574,129.0,1150.0,32448.32,0.0443127889186143,0.0517008267343044,0.0456873401999473
1.0,qlstm_paper,original_1,lorenz_1000,2.0,0.001,6.0,,16.0,25.0,64.0,0.044470265507698,0.0437077470123767,0.1624330729246139,0.1611640304327011,0.2666574716567993,0.3217244446277618,129.0,1745.0,45695.19,0.0452760975393984,0.0509960912168026,0.0483131855726242
1.0,qlstm_paper,original_2,lorenz_1000,2.0,0.001,6.0,,4.0,1.0,64.0,1.2335635801719036e-05,1.3834916899213567e-05,0.002808449557051,0.0029734869021922,0.9998680353164672,0.9998518824577332,237.0,4243.0,21931.31,0.021313446201384,0.022278644144535,0.0221177712082862
1.0,qlstm_paper,original_2,lorenz_1000,2.0,0.001,6.0,,4.0,13.0,64.0,0.0368934012949466,0.0392576642334461,0.152414783835411,0.1549165993928909,0.4543273746967315,0.4636652767658233,237.0,1230.0,6669.89,0.0419157437980175,0.051212515681982,0.0455844067037105
1.0,qlstm_paper,original_2,lorenz_1000,2.0,0.001,6.0,,4.0,25.0,64.0,0.0394425988197326,0.044451106339693,0.1523555964231491,0.1634464263916015,0.4045036137104034,0.3953047096729278,237.0,482.0,2699.21,0.0441035263240337,0.0516848601400852,0.04530680924654
1.0,qlstm_paper,original_2,lorenz_1000,2.0,0.001,6.0,,8.0,1.0,64.0,1.0565477168711368e-05,1.1085640835517552e-05,0.0023201110307127,0.0024035770911723,0.9998899102211,0.9998898506164552,237.0,4027.0,44553.56,0.0299825454130768,0.0335715822875499,0.0303875468671321
1.0,qlstm_paper,original_2,lorenz_1000,2.0,0.001,6.0,,8.0,13.0,64.0,0.0376691818237304,0.0390727072954177,0.1534881144762039,0.1535512506961822,0.4389833807945251,0.473064661026001,237.0,613.0,12863.2,0.0427536018192768,0.0519819967448711,0.0457658655941486
1.0,qlstm_paper,original_2,lorenz_1000,2.0,0.001,6.0,,8.0,25.0,64.0,0.0288856122642755,0.0291417371481657,0.1278994530439376,0.1279536783695221,0.6499325037002563,0.634246826171875,237.0,4315.0,46275.94,0.0449717529118061,0.053637109696865,0.0481630638241767
1.0,qlstm_paper,original_2,lorenz_1000,2.0,0.001,6.0,,16.0,1.0,64.0,1.766023524396587e-05,2.176417547161691e-05,0.0034301918931305,0.0037103926297277,0.9998108148574828,0.9997709393501282,237.0,3141.0,127046.93,0.0204975729808211,0.0231281816959381,0.0217577740550041
1.0,qlstm_paper,original_2,lorenz_1000,2.0,0.001,6.0,,16.0,13.0,64.0,0.038967877626419,0.0410511828958988,0.1518804281949997,0.1557455360889434,0.4193340837955475,0.3848298788070678,237.0,799.0,17748.73,0.0452049992978572,0.0528374724090099,0.0471450500190258
1.0,qlstm_paper,original_2,lorenz_1000,2.0,0.001,6.0,,16.0,25.0,64.0,0.0232233498245477,0.0244057346135377,0.1156896203756332,0.1191598325967788,0.7306685447692871,0.6965507864952087,237.0,2757.0,112698.7,0.0450446564290258,0.0519700795412063,0.0500816367566585
1.0,qlstm_paper,original_3,lorenz_1000,2.0,0.001,6.0,,4.0,1.0,64.0,4.94840560349985e-06,6.3664156186860055e-06,0.0017376979812979,0.0019493929576128,0.9999470114707948,0.999932050704956,345.0,2825.0,19557.05,0.020486647915095,0.0208412483334541,0.0206988025456666
1.0,qlstm_paper,original_3,lorenz_1000,2.0,0.001,6.0,,4.0,13.0,64.0,0.0388594754040241,0.0406333990395069,0.1548831909894943,0.1572576910257339,0.4073712527751922,0.4246987104415893,345.0,773.0,5493.16,0.0428149687126278,0.0531126745045185,0.046790599822998
1.0,qlstm_paper,original_3,lorenz_1000,2.0,0.001,6.0,,4.0,25.0,64.0,0.0389181561768054,0.0433431752026081,0.1517949998378753,0.1607505232095718,0.4192526638507843,0.4218259155750274,345.0,458.0,3249.32,0.0390809219330549,0.0457507111132144,0.0394962392747402
1.0,qlstm_paper,original_3,lorenz_1000,2.0,0.001,6.0,,8.0,1.0,64.0,9.846554348769132e-06,1.0876323358388618e-05,0.0025626975111663,0.0026829077396541,0.9999012351036072,0.9998854398727416,345.0,2511.0,35509.51,0.0270247764885425,0.0285122860223054,0.0273230317980051
1.0,qlstm_paper,original_3,lorenz_1000,2.0,0.001,6.0,,8.0,13.0,64.0,0.0265449155122041,0.0273960083723068,0.1200078055262565,0.1231969818472862,0.6885480880737305,0.6662067174911499,345.0,2883.0,79316.23,0.0393331702798604,0.0491774827241897,0.0443190224468708
1.0,qlstm_paper,original_3,lorenz_1000,2.0,0.001,6.0,,8.0,25.0,64.0,0.0407988615334034,0.0452588610351085,0.1553970873355865,0.1658662855625152,0.372499406337738,0.3462821841239929,345.0,503.0,7257.59,0.0438739884644746,0.0520626865327358,0.0465518981218338
1.0,qlstm_paper,original_3,lorenz_1000,2.0,0.001,6.0,,16.0,1.0,64.0,1.0333966201869773e-05,1.0910421224252786e-05,0.0023893173784017,0.0024550368543714,0.99989253282547,0.9998838901519777,345.0,2366.0,75550.96,0.0230766951106488,0.0251879785209894,0.0248042494058609
1.0,qlstm_paper,original_3,lorenz_1000,2.0,0.001,6.0,,16.0,13.0,64.0,0.021504133939743,0.0216191709041595,0.1064169704914093,0.1058327555656433,0.7682557106018066,0.7608801126480103,345.0,3117.0,167841.72,0.0445936359465122,0.0519512444734573,0.0459214784204959
,,,,,,,,,,,,,,,,,,,,,,
1.0,qlstm_paper,original_1,lorenz_1000,3.0,0.001,4.0,,4.0,1.0,64.0,0.0010962019441649,0.000927363988012,0.0249106176197528,0.0230185184627771,0.9881671071052552,0.98996502161026,87.0,15078.0,32607.52,0.0391937367618083,0.0469010509550571,0.0406391508877277
1.0,qlstm_paper,original_1,lorenz_1000,3.0,0.001,4.0,,4.0,13.0,64.0,0.0366353541612625,0.0396990850567817,0.1494314670562744,0.1536422371864318,0.4687986969947815,0.4845724105834961,87.0,2567.0,5845.09,0.0442729439586401,0.0532151348888874,0.045784767717123
1.0,qlstm_paper,original_1,lorenz_1000,3.0,0.001,4.0,,4.0,25.0,64.0,0.0498907975852489,0.0521570183336734,0.1764535456895828,0.183620199561119,-0.1203932613134384,-0.069882683455944,87.0,434.0,1063.13,0.0453745912760496,0.0541470795869827,0.0495664253830909
1.0,qlstm_paper,original_1,lorenz_1000,3.0,0.001,4.0,,8.0,1.0,64.0,0.0007513266173191,0.0006976503063924,0.0220738388597965,0.0208519138395786,0.9919108152389526,0.9924877882003784,87.0,12936.0,61090.48,0.0340434437617659,0.0390768982470035,0.0345572382211685
1.0,qlstm_paper,original_1,lorenz_1000,3.0,0.001,4.0,,8.0,13.0,64.0,0.0370045453310012,0.0389266423881053,0.1499648839235305,0.1516376584768295,0.4561096727848053,0.4793034195899963,87.0,1638.0,7583.82,0.0430956561118364,0.0532093457877635,0.0471131317317485
1.0,qlstm_paper,original_1,lorenz_1000,3.0,0.001,4.0,,8.0,25.0,64.0,0.0402893759310245,0.0433271378278732,0.1556684672832489,0.1624507009983062,0.3970565497875213,0.3813646137714386,87.0,1111.0,9608.04,0.0424655369482934,0.0543138645589351,0.0482643358409404
1.0,qlstm_paper,original_1,lorenz_1000,3.0,0.001,4.0,,16.0,1.0,64.0,0.0006024045869708,0.0005876505747437,0.0192301981151103,0.0182691384106874,0.9935204982757568,0.9937347769737244,87.0,9091.0,83253.14,0.0378256272524595,0.0438483096659183,0.0389691069722175
1.0,qlstm_paper,original_1,lorenz_1000,3.0,0.001,4.0,,16.0,13.0,64.0,0.0368379428982734,0.0380123816430568,0.1506411731243133,0.1491210907697677,0.4639220535755157,0.5009289979934692,87.0,1442.0,13220.27,0.0453122109174728,0.0529731847345829,0.0470831096172332
1.0,qlstm_paper,original_1,lorenz_1000,3.0,0.001,4.0,,16.0,25.0,64.0,0.0385808199644088,0.0418899543583393,0.1514019221067428,0.1572088003158569,0.4629373848438263,0.4504159092903137,87.0,771.0,6711.0,0.045690059247944,0.0515313558280468,0.0472176671028137
1.0,qlstm_paper,original_2,lorenz_1000,3.0,0.001,4.0,,4.0,1.0,64.0,1.0099337487190496e-05,1.2763334780174771e-05,0.0024471036158502,0.0027736818883568,0.9998976588249208,0.9998682737350464,159.0,3356.0,10295.41,0.0172636841423809,0.0197145547717809,0.0187443792819976
1.0,qlstm_paper,original_2,lorenz_1000,3.0,0.001,4.0,,4.0,13.0,64.0,0.0195681359618902,0.0207569804042577,0.1038611382246017,0.1070137098431587,0.7913220524787903,0.7635620832443237,159.0,5522.0,32655.43,0.0436922591179609,0.05402822047472,0.0492713898420333
1.0,qlstm_paper,original_2,lorenz_1000,3.0,0.001,4.0,,4.0,25.0,64.0,0.0412476435303688,0.0428893491625785,0.1560173332691192,0.1595391184091568,0.35303395986557,0.3553381860256195,159.0,1209.0,3791.78,0.039199792407453,0.0484236478805542,0.0430610738694667
1.0,qlstm_paper,original_2,lorenz_1000,3.0,0.001,4.0,,8.0,1.0,64.0,1.5265897673089057e-05,1.7563112123752944e-05,0.0029443155508488,0.0030900894198566,0.9998376965522766,0.9998180270195008,159.0,3092.0,37785.39,0.0221160188317298,0.0231606587767601,0.0231323260813951
1.0,qlstm_paper,original_2,lorenz_1000,3.0,0.001,4.0,,8.0,13.0,64.0,0.0385656729340553,0.0401980280876159,0.1538846939802169,0.1543950587511062,0.4176225960254669,0.4399912357330322,159.0,782.0,9508.56,0.0395833410322666,0.0490331090986728,0.045751966536045
1.0,qlstm_paper,original_2,lorenz_1000,3.0,0.001,4.0,,8.0,25.0,64.0,0.0258625391870737,0.028128245845437,0.1206538304686546,0.1275673061609268,0.6819984912872314,0.6337680816650391,159.0,3909.0,24689.8,0.0389977171085774,0.0495662838220596,0.0438188761472702
1.0,qlstm_paper,original_2,lorenz_1000,3.0,0.001,4.0,,16.0,1.0,64.0,7.672180800000206e-06,8.58059593156213e-06,0.0020918522495776,0.0021818454843014,0.9999181628227234,0.9999089241027832,159.0,2762.0,68325.9,0.0056508403271436,0.0071279588155448,0.005427099764347
1.0,qlstm_paper,original_2,lorenz_1000,3.0,0.001,4.0,,16.0,13.0,64.0,0.0389146581292152,0.0388728864490985,0.15627121925354,0.1531743109226226,0.413090705871582,0.4593060314655304,159.0,1015.0,13474.89,0.0423259872943162,0.0503429882228374,0.0461118407547473
1.0,qlstm_paper,original_2,lorenz_1000,3.0,0.001,4.0,,16.0,25.0,64.0,0.0154327861964702,0.0163372661918401,0.0963950455188751,0.097496286034584,0.8302205801010132,0.8108188509941101,159.0,6705.0,79362.53,0.0439472368193997,0.0541671328246593,0.0522463954985141
1.0,qlstm_paper,original_3,lorenz_1000,3.0,0.001,4.0,,4.0,1.0,64.0,9.477001185587142e-06,1.0250242667098064e-05,0.0025150193832814,0.0025618600193411,0.9998978972434998,0.999890685081482,231.0,3123.0,12750.42,0.0251529186964035,0.0250364113599061,0.0251912586390972
1.0,qlstm_paper,original_3,lorenz_1000,3.0,0.001,4.0,,4.0,13.0,64.0,0.021014280617237,0.0214660558849573,0.1072669699788093,0.1088835969567298,0.7690671682357788,0.7451093196868896,231.0,3672.0,29097.01,0.0430976688861846,0.0529107600450515,0.047544278204441
1.0,qlstm_paper,original_3,lorenz_1000,3.0,0.001,4.0,,4.0,25.0,64.0,0.0427136123180389,0.045414425432682,0.1572364419698715,0.1630074679851532,0.3099763393402099,0.3125009834766388,231.0,486.0,4008.77,0.0391130968928337,0.0480946041643619,0.0427688173949718
1.0,qlstm_paper,original_3,lorenz_1000,3.0,0.001,4.0,,8.0,1.0,64.0,4.828155852010241e-06,5.429503289633431e-06,0.0016364161856472,0.0017272753175348,0.999948501586914,0.9999430775642396,231.0,2319.0,38023.06,0.0310152301564812,0.0363533534109592,0.032181791961193
1.0,qlstm_paper,original_3,lorenz_1000,3.0,0.001,4.0,,8.0,13.0,64.0,0.0200611297041177,0.0205811243504285,0.1055837199091911,0.1058824658393859,0.7811610102653503,0.7607966661453247,231.0,2784.0,23361.58,0.0390003280714154,0.0495262444019317,0.0448610186576843
1.0,qlstm_paper,original_3,lorenz_1000,3.0,0.001,4.0,,8.0,25.0,64.0,0.0413442775607109,0.0425809547305107,0.1565093100070953,0.1598250567913055,0.3525932729244232,0.3602334856986999,231.0,628.0,5716.17,0.0413607027381658,0.0532478205859661,0.04716182872653
1.0,qlstm_paper,original_3,lorenz_1000,3.0,0.001,4.0,,16.0,1.0,64.0,1.008863910101354e-05,1.0458829819981474e-05,0.002360421931371,0.0023301821202039,0.9998918771743774,0.99988853931427,231.0,2388.0,40979.65,0.0112142439931631,0.0128107676282525,0.0117939542979002
1.0,qlstm_paper,original_3,lorenz_1000,3.0,0.001,4.0,,16.0,13.0,64.0,0.0236258823424577,0.0228130985051393,0.1130901500582695,0.1102641820907592,0.7404754161834717,0.7377084493637085,231.0,2810.0,48541.16,0.0419845663011074,0.0494691990315914,0.0450395494699478
1.0,qlstm_paper,original_3,lorenz_1000,3.0,0.001,4.0,,16.0,25.0,64.0,0.0154839791357517,0.0164632275700569,0.0942399501800537,0.0966139733791351,0.828004777431488,0.8103421330451965,231.0,3627.0,59692.93,0.0432171643608146,0.0497877560555934,0.0468333326280117
1.0,qlstm_paper,original_1,lorenz_1000,3.0,0.001,6.0,,4.0,1.0,64.0,0.0007854585419408,0.0006236681947484,0.0187300462275743,0.0160245820879936,0.991703987121582,0.9934579133987428,129.0,9328.0,60935.47,0.042351771518588,0.0501095466315746,0.0439493469893932
1.0,qlstm_paper,original_1,lorenz_1000,3.0,0.001,6.0,,4.0,13.0,64.0,0.0387339405715465,0.0419425442814827,0.156432569026947,0.1607121080160141,0.4084793031215668,0.423465371131897,129.0,1443.0,9698.24,0.0447334546595811,0.0543706677854061,0.0469330810010433
1.0,qlstm_paper,original_1,lorenz_1000,3.0,0.001,6.0,,4.0,25.0,64.0,0.0427148677408695,0.0451002866029739,0.1596965938806533,0.1659581065177917,0.2980775833129883,0.315116822719574,129.0,1193.0,8103.09,0.0447314493358135,0.0533647499978542,0.0481274724006652
1.0,qlstm_paper,original_1,lorenz_1000,3.0,0.001,6.0,,8.0,1.0,64.0,0.0008823109674267,0.0008298498578369,0.0217336267232894,0.0206905733793973,0.9911080002784728,0.9915579557418824,129.0,17583.0,135869.36,0.0354772789403796,0.040730807930231,0.0366495214402675
1.0,qlstm_paper,original_1,lorenz_1000,3.0,0.001,6.0,,8.0,13.0,64.0,0.0388815551996231,0.0411417968571186,0.1569728404283523,0.1591486483812332,0.4083369672298431,0.4372144341468811,129.0,1637.0,12278.01,0.0424703501164913,0.0527379401028156,0.0467718318104743
1.0,qlstm_paper,original_1,lorenz_1000,3.0,0.001,6.0,,8.0,25.0,64.0,0.0438359379768371,0.0452758222818374,0.1627373248338699,0.166214182972908,0.2651371359825134,0.2737023532390594,129.0,1237.0,9087.6,0.0424837701953947,0.0540550164878368,0.047962661832571
1.0,qlstm_paper,original_1,lorenz_1000,3.0,0.001,6.0,,16.0,1.0,64.0,0.0006116172298789,0.0004820771282538,0.0167698059231042,0.0148275829851627,0.9937798380851746,0.9949854612350464,129.0,8947.0,143520.58,0.0392889823764562,0.0470700673758983,0.0408411063253879
1.0,qlstm_paper,original_1,lorenz_1000,3.0,0.001,6.0,,16.0,13.0,64.0,0.0394914709031581,0.0404778979718685,0.1585168838500976,0.1561935842037201,0.4009705483913421,0.4501127302646637,129.0,2368.0,35700.78,0.0451650757342576,0.053152285516262,0.0471182465553283
1.0,qlstm_paper,original_1,lorenz_1000,3.0,0.001,6.0,,16.0,25.0,64.0,0.042436197400093,0.0422836355865001,0.1604169011116027,0.1608756184577942,0.3319972157478332,0.3755413889884949,129.0,1982.0,27735.65,0.0452123259504636,0.0515981093049049,0.0485537834465503
1.0,qlstm_paper,original_2,lorenz_1000,3.0,0.001,6.0,,4.0,1.0,64.0,1.666134448896628e-05,1.7283748093177564e-05,0.0031863115727901,0.0032414922025054,0.9998270869255066,0.999816358089447,237.0,5137.0,51293.26,0.0251147229224443,0.0268360190093517,0.0257942453026771
1.0,qlstm_paper,original_2,lorenz_1000,3.0,0.001,6.0,,4.0,13.0,64.0,0.0385173857212066,0.0406106747686862,0.1552448719739914,0.1570082157850265,0.4145479202270508,0.4369823336601257,237.0,930.0,9590.73,0.043686531856656,0.0533391311764717,0.0458649508655071
1.0,qlstm_paper,original_2,lorenz_1000,3.0,0.001,6.0,,4.0,25.0,64.0,0.0424287542700767,0.0440913140773773,0.1576505750417709,0.162431389093399,0.3135394155979156,0.3371403813362121,237.0,675.0,3789.87,0.0447504490613937,0.0529699884355068,0.0473576001822948
1.0,qlstm_paper,original_2,lorenz_1000,3.0,0.001,6.0,,8.0,1.0,64.0,8.68483039084822e-06,1.1369146704964804e-05,0.0023100895341485,0.0026653499808162,0.9999070763587952,0.9998786449432372,237.0,5986.0,106510.2,0.0247150730341672,0.0275324676185846,0.0253994893282651
1.0,qlstm_paper,original_2,lorenz_1000,3.0,0.001,6.0,,8.0,13.0,64.0,0.0395368598401546,0.0412715710699558,0.1586178690195083,0.1597265303134918,0.3924676477909088,0.4130097031593323,237.0,668.0,14002.52,0.0398052152246236,0.0505174249410629,0.0447396337985992
1.0,qlstm_paper,original_2,lorenz_1000,3.0,0.001,6.0,,8.0,25.0,64.0,0.0279510989785194,0.0295961573719978,0.1287073493003845,0.1306384801864624,0.6625741124153137,0.6112220883369446,237.0,3557.0,78130.27,0.0423736948519945,0.0544283352792263,0.0486000850796699
1.0,qlstm_paper,original_2,lorenz_1000,3.0,0.001,6.0,,16.0,1.0,64.0,1.446345413569361e-05,1.7754904547473416e-05,0.0028550548013299,0.0031353540252894,0.999844491481781,0.9998130202293396,237.0,3687.0,147371.18,0.0283166380599141,0.031253520399332,0.0295736826956272
1.0,qlstm_paper,original_2,lorenz_1000,3.0,0.001,6.0,,16.0,13.0,64.0,0.0252839792519807,0.0248441118746995,0.116260141134262,0.1161097884178161,0.7128717303276062,0.6990483999252319,237.0,4184.0,152937.49,0.0445728924125432,0.052394550293684,0.0463087409734725
1.0,qlstm_paper,original_2,lorenz_1000,3.0,0.001,6.0,,16.0,25.0,64.0,0.0438717156648635,0.0439492650330066,0.1603439450263977,0.1605184823274612,0.2942664623260498,0.3077375292778015,237.0,755.0,28327.8,0.0428548757400777,0.0513516291975975,0.049778051674366
1.0,qlstm_paper,original_3,lorenz_1000,3.0,0.001,6.0,,4.0,1.0,64.0,1.044269902195083e-05,1.1869291483890264e-05,0.002547345822677,0.0027391060721129,0.9998891949653624,0.9998745918273926,345.0,2216.0,30532.28,0.0066485107410699,0.007209206931293,0.0067677330225706
1.0,qlstm_paper,original_3,lorenz_1000,3.0,0.001,6.0,,4.0,13.0,64.0,0.0384562201797962,0.041060347110033,0.1538309454917907,0.1584059596061706,0.4172433912754059,0.4172156751155853,345.0,808.0,11070.78,0.0428044665604829,0.0517966225743293,0.0445609502494335
1.0,qlstm_paper,original_3,lorenz_1000,3.0,0.001,6.0,,4.0,25.0,64.0,0.0413996465504169,0.0447206273674964,0.1552783250808715,0.1631383299827575,0.3439640700817108,0.351706713438034,345.0,481.0,6326.68,0.0420581758022308,0.0494007244706153,0.0436657667160034
1.0,qlstm_paper,original_3,lorenz_1000,3.0,0.001,6.0,,8.0,1.0,64.0,1.140478161687497e-05,1.2057877938786987e-05,0.0025769788771867,0.0025897759478539,0.999879002571106,0.9998711943626404,345.0,2188.0,56730.05,0.0191897228360176,0.0221347101032733,0.0203944668173789
1.0,qlstm_paper,original_3,lorenz_1000,3.0,0.001,6.0,,8.0,13.0,64.0,0.0188810117542743,0.0202580820769071,0.0973523631691932,0.0994682312011718,0.8001176118850708,0.7738089561462402,345.0,6238.0,92909.42,0.0393416173756122,0.0495753847062587,0.0442773625254631
1.0,qlstm_paper,original_3,lorenz_1000,3.0,0.001,6.0,,8.0,25.0,64.0,0.0403700023889541,0.0435667932033538,0.1569768637418747,0.1635322570800781,0.3877167403697967,0.3477337658405304,345.0,529.0,7748.48,0.0415701313875615,0.0530025884509086,0.0469539240002632
1.0,qlstm_paper,original_3,lorenz_1000,3.0,0.001,6.0,,16.0,1.0,64.0,8.71507108968217e-06,1.0288384146406315e-05,0.0023058468941599,0.0025037277955561,0.9999062418937684,0.9998908042907716,345.0,2632.0,75247.63,0.0204132180660963,0.0219278614968061,0.0212468896061182
1.0,qlstm_paper,original_3,lorenz_1000,3.0,0.001,6.0,,16.0,13.0,64.0,0.0257781669497489,0.0252239610999822,0.1155801862478256,0.115161657333374,0.7119646072387695,0.6957417726516724,345.0,3311.0,167961.57,0.0443054478615522,0.0523207671940326,0.0478579215705394
,,,,,,,,,,,,,,,,,,,,,,
1.0,qlstm_paper,original_1,lorenz_1000,4.0,0.001,4.0,,4.0,1.0,64.0,0.002880435436964,0.0027430804912,0.0416485108435153,0.0402245186269283,0.9685683250427246,0.9699817895889282,87.0,3623.0,15404.49,0.0420479040592908,0.0488190166652202,0.0432113446295261
1.0,qlstm_paper,original_1,lorenz_1000,4.0,0.001,4.0,,4.0,13.0,64.0,0.0356736443936824,0.0396623872220516,0.1456969678401947,0.1512772142887115,0.4939072728157043,0.5016018748283386,87.0,3226.0,13241.46,0.0450770385563373,0.0537639297544956,0.0462210364639759
1.0,qlstm_paper,original_1,lorenz_1000,4.0,0.001,4.0,,4.0,25.0,64.0,0.0419107228517532,0.0454105734825134,0.1584116369485855,0.1672015041112899,0.3371609449386596,0.3383129835128784,87.0,1703.0,7054.83,0.0458317123353481,0.0546201579272747,0.0475772134959697
1.0,qlstm_paper,original_1,lorenz_1000,4.0,0.001,4.0,,8.0,1.0,64.0,0.0027774609625339,0.0027054548263549,0.0411982350051403,0.0393432006239891,0.969685673713684,0.9705323576927184,87.0,2957.0,13423.73,0.0436797957867384,0.0525651536881923,0.0457956083118915
1.0,qlstm_paper,original_1,lorenz_1000,4.0,0.001,4.0,,8.0,13.0,64.0,0.0405265353620052,0.0448896884918212,0.1619269549846649,0.1669346392154693,0.37990403175354,0.3915680050849914,87.0,895.0,4003.28,0.0431965390220284,0.0535614043474197,0.0470761470496654
1.0,qlstm_paper,original_1,lorenz_1000,4.0,0.001,4.0,,8.0,25.0,64.0,0.0379609800875186,0.0421410538256168,0.1500092148780822,0.1583838313817978,0.4782765507698059,0.4764702618122101,87.0,1147.0,5224.62,0.0459993589669466,0.0519638322293758,0.047036662697792
1.0,qlstm_paper,original_1,lorenz_1000,4.0,0.001,4.0,,16.0,1.0,64.0,0.0006681060185655,0.0006517461151815,0.0205746591091156,0.0197155233472585,0.9928417801856996,0.9930374622344972,87.0,9417.0,138786.99,0.0424201002344489,0.0504851154983043,0.0436281636357307
1.0,qlstm_paper,original_1,lorenz_1000,4.0,0.001,4.0,,16.0,13.0,64.0,0.0402505248785018,0.0439230650663375,0.1610521674156189,0.1643033325672149,0.3821655809879303,0.4131143987178802,87.0,1391.0,13065.47,0.0459123756736516,0.0545755289494991,0.0476126596331596
1.0,qlstm_paper,original_1,lorenz_1000,4.0,0.001,4.0,,16.0,25.0,64.0,0.0437495037913322,0.0441114380955696,0.1610947251319885,0.1617875099182129,0.2881796360015869,0.3109363615512848,87.0,1297.0,11241.54,0.0453612237340874,0.0517487563192844,0.0484964177012443
1.0,qlstm_paper,original_2,lorenz_1000,4.0,0.001,4.0,,4.0,1.0,64.0,1.1302668099233417e-05,1.3608538210974077e-05,0.0026185640599578,0.0028160172514617,0.9998860955238342,0.9998630285263062,159.0,3305.0,10269.69,0.0239036319777369,0.026659321039915,0.0249263755977153
1.0,qlstm_paper,original_2,lorenz_1000,4.0,0.001,4.0,,4.0,13.0,64.0,0.037267193198204,0.0395319014787673,0.1541171222925186,0.1565378904342651,0.4453991055488586,0.4562791585922241,159.0,874.0,2789.6,0.0444192539900541,0.0525430589914321,0.0466252453625202
1.0,qlstm_paper,original_2,lorenz_1000,4.0,0.001,4.0,,4.0,25.0,64.0,0.0282443277537822,0.0292181223630905,0.1272299438714981,0.1310001015663147,0.6522159576416016,0.6225511431694031,159.0,4178.0,13320.96,0.0443557821214199,0.0550723709166049,0.0489451214671134
1.0,qlstm_paper,original_2,lorenz_1000,4.0,0.001,4.0,,8.0,1.0,64.0,1.040556435327744e-05,1.1437321518315002e-05,0.0024631731212139,0.0025709723122417,0.9998885989189148,0.9998779296875,159.0,3749.0,46922.48,0.0236412601545453,0.0266904477030038,0.025162449106574
1.0,qlstm_paper,original_2,lorenz_1000,4.0,0.001,4.0,,8.0,13.0,64.0,0.0228375643491745,0.0230159852653741,0.1120491400361061,0.1127207204699516,0.7446548938751221,0.7332714200019836,159.0,2887.0,18560.74,0.0392607480287551,0.0498213618993759,0.0464750006794929
1.0,qlstm_paper,original_2,lorenz_1000,4.0,0.001,4.0,,8.0,25.0,64.0,0.0261209867894649,0.0274294223636388,0.1233413144946098,0.1276241987943649,0.6888881921768188,0.6558626890182495,159.0,3193.0,20203.42,0.0405938014388084,0.0507063269615173,0.0471281856298446
1.0,qlstm_paper,original_2,lorenz_1000,4.0,0.001,4.0,,16.0,1.0,64.0,6.786691756133223e-06,7.61525143389008e-06,0.0019438148010522,0.001982087502256,0.9999274611473083,0.999919891357422,159.0,2902.0,37934.31,0.0255264054983854,0.0302785653620958,0.026747228577733
1.0,qlstm_paper,original_2,lorenz_1000,4.0,0.001,4.0,,16.0,13.0,64.0,0.0392929315567016,0.0408089458942413,0.1568322032690048,0.1569060981273651,0.404556930065155,0.4214339554309845,159.0,567.0,7682.74,0.0429360661655664,0.0505439303815364,0.0462684370577335
1.0,qlstm_paper,original_2,lorenz_1000,4.0,0.001,4.0,,16.0,25.0,64.0,0.0168230347335338,0.0173177197575569,0.1004147455096244,0.1007405444979667,0.8119571805000305,0.7976669669151306,159.0,4073.0,84951.3,0.0441262005931801,0.0523734465241432,0.0520191639661788
1.0,qlstm_paper,original_3,lorenz_1000,4.0,0.001,4.0,,4.0,1.0,64.0,4.363506832305575e-06,4.959590114594903e-06,0.0015871990472078,0.0016760097350925,0.9999542236328124,0.99994695186615,231.0,2877.0,12017.96,0.0370857851579785,0.0450385622680187,0.0382645055651664
1.0,qlstm_paper,original_3,lorenz_1000,4.0,0.001,4.0,,4.0,13.0,64.0,0.0205513648688793,0.0219941865652799,0.1073352843523025,0.1109695956110954,0.7690504789352417,0.7412934303283691,231.0,4021.0,16763.86,0.0409462412819266,0.0501041896641254,0.0437375046312809
1.0,qlstm_paper,original_3,lorenz_1000,4.0,0.001,4.0,,4.0,25.0,64.0,0.0414056666195392,0.0442104041576385,0.1548723131418228,0.1619052588939666,0.3433181643486023,0.3430799543857574,231.0,611.0,2560.85,0.0436624888330698,0.0521765351295471,0.0453244596719741
1.0,qlstm_paper,original_3,lorenz_1000,4.0,0.001,4.0,,8.0,1.0,64.0,5.738802883570315e-06,5.554639301408315e-06,0.0018563884077593,0.001818275428377,0.999940037727356,0.9999418258666992,231.0,3134.0,26455.9,0.0164825648069381,0.0198761466890573,0.017459437251091
1.0,qlstm_paper,original_3,lorenz_1000,4.0,0.001,4.0,,8.0,13.0,64.0,0.0209824535995721,0.0231436491012573,0.1084584668278694,0.1131630092859268,0.7685505151748657,0.7193998694419861,231.0,2847.0,47268.26,0.0425616970285773,0.0524067431688308,0.046854194253683
1.0,qlstm_paper,original_3,lorenz_1000,4.0,0.001,4.0,,8.0,25.0,64.0,0.0267047807574272,0.028353214263916,0.1248493269085884,0.1308035850524902,0.6799111366271973,0.6355900764465332,231.0,2938.0,25061.01,0.0438729308545589,0.0497866198420524,0.0452117584645748
1.0,qlstm_paper,original_3,lorenz_1000,4.0,0.001,4.0,,16.0,1.0,64.0,4.053969860251527e-06,4.416942829266191e-06,0.001491701346822,0.0015381759731099,0.9999565482139589,0.9999533891677856,231.0,2460.0,42647.77,0.0394215499982237,0.0476525351405143,0.0405003167688846
1.0,qlstm_paper,original_3,lorenz_1000,4.0,0.001,4.0,,16.0,13.0,64.0,0.0222124177962541,0.0235021598637104,0.1090059131383895,0.1112328916788101,0.7498911023139954,0.7259794473648071,231.0,3212.0,58543.17,0.0413997028023004,0.0503324456512928,0.0436112619936466
1.0,qlstm_paper,original_3,lorenz_1000,4.0,0.001,4.0,,16.0,25.0,64.0,0.0184250101447105,0.0187519639730453,0.1020029187202453,0.1026962324976921,0.7935973405838013,0.7851667404174805,231.0,5538.0,92709.45,0.0451310173504882,0.0522011592984199,0.0494144782423973
1.0,qlstm_paper,original_1,lorenz_1000,4.0,0.001,6.0,,4.0,1.0,64.0,0.0009597116732038,0.0009321644320152,0.0221674796193838,0.0216828845441341,0.989952027797699,0.9902169108390808,129.0,13499.0,47538.92,0.0364700650796294,0.0423920080065727,0.037364836782217
1.0,qlstm_paper,original_1,lorenz_1000,4.0,0.001,6.0,,4.0,13.0,64.0,0.046585526317358,0.0506816767156124,0.1766850799322128,0.1837450712919235,0.0614157915115356,0.0140778115019202,129.0,803.0,2924.23,0.0457536660134792,0.0551110543310642,0.0473586097359657
1.0,qlstm_paper,original_1,lorenz_1000,4.0,0.001,6.0,,4.0,25.0,64.0,0.0403082333505153,0.0437571965157985,0.1554608643054962,0.1630664616823196,0.3949165344238281,0.4105800986289978,129.0,1361.0,9495.7,0.04581617154181,0.0549471266567707,0.0475543774664402
1.0,qlstm_paper,original_1,lorenz_1000,4.0,0.001,6.0,,8.0,1.0,64.0,0.0015122847398743,0.0013976498739793,0.0280252993106842,0.0272143427282571,0.984154999256134,0.985546886920929,129.0,12413.0,170084.02,0.0403756819665431,0.0491263158619403,0.0424105003476142
1.0,qlstm_paper,original_1,lorenz_1000,4.0,0.001,6.0,,8.0,13.0,64.0,0.0392136462032794,0.0416314117610454,0.1571899503469467,0.1599068194627761,0.4014723002910614,0.4262852072715759,129.0,1859.0,13938.81,0.0433174239471554,0.0536233149468898,0.0470685064792633
1.0,qlstm_paper,original_1,lorenz_1000,4.0,0.001,6.0,,8.0,25.0,64.0,0.048788696527481,0.0509292893111705,0.1770658791065216,0.1817307472229004,-0.3223046660423279,-0.2245296835899353,129.0,414.0,3185.77,0.0461282406002283,0.0526156947016716,0.0476617999374866
,,,,,,,,,,,,,,,,,,,,,,
1.0,qlstm_paper,original_1,lorenz_1000,4.0,0.001,6.0,,16.0,13.0,64.0,0.0385928675532341,0.0403645560145378,0.1563337296247482,0.1564885377883911,0.4214784502983093,0.445335328578949,129.0,1427.0,21913.53,0.0457982450723648,0.0545646175742149,0.0473689250648021
1.0,qlstm_paper,original_1,lorenz_1000,4.0,0.001,6.0,,16.0,25.0,64.0,0.0449197813868522,0.045514091849327,0.1629218608140945,0.1650717109441757,0.2537505328655243,0.265491247177124,129.0,1777.0,25166.92,0.0453093817664517,0.0522493980824947,0.0498156622052192
1.0,qlstm_paper,original_2,lorenz_1000,4.0,0.001,6.0,,4.0,1.0,64.0,6.102690167608671e-05,5.876736031495966e-05,0.0058862841688096,0.0056607923470437,0.9993690252304076,0.9993677139282228,237.0,3755.0,19615.79,0.0265722950920462,0.0291854124516248,0.0274109952151775
1.0,qlstm_paper,original_2,lorenz_1000,4.0,0.001,6.0,,4.0,13.0,64.0,0.0380002595484256,0.040665253996849,0.1536933183670044,0.1576998084783554,0.4278737008571625,0.4306817948818207,237.0,1027.0,5556.03,0.0446583043783903,0.0541744641959667,0.0466447323560714
1.0,qlstm_paper,original_2,lorenz_1000,4.0,0.001,6.0,,4.0,25.0,64.0,0.0392372384667396,0.0442260690033435,0.1525502055883407,0.1642801761627197,0.4088810682296753,0.3824255466461181,237.0,533.0,2851.48,0.0448191095143556,0.0539131574332714,0.0461489930748939
1.0,qlstm_paper,original_2,lorenz_1000,4.0,0.001,6.0,,8.0,1.0,64.0,1.2787844752892852e-05,1.2653940757445524e-05,0.0026818574406206,0.0026624214369803,0.9998645782470704,0.9998669624328612,237.0,4870.0,54511.51,0.0343655336648225,0.0409311652183532,0.0358949080109596
1.0,qlstm_paper,original_2,lorenz_1000,4.0,0.001,6.0,,8.0,13.0,64.0,0.038668543100357,0.0410232283174991,0.1549620181322097,0.1571912914514541,0.4143405258655548,0.4205114543437958,237.0,877.0,9679.8,0.0418776722624898,0.0525938384234905,0.0460455752909183
1.0,qlstm_paper,original_2,lorenz_1000,4.0,0.001,6.0,,8.0,25.0,64.0,0.0426631048321723,0.0438844375312328,0.1581932157278061,0.1613635569810867,0.3127440214157104,0.3374339342117309,237.0,535.0,5915.91,0.0448598459362983,0.0511618703603744,0.0467293746769428
1.0,qlstm_paper,original_2,lorenz_1000,4.0,0.001,6.0,,16.0,1.0,64.0,1.2146958397352137e-05,1.410853201377904e-05,0.0027321302331984,0.0028489080723375,0.9998695254325868,0.9998494386672974,237.0,3060.0,70165.29,0.0408574551343917,0.0502350069582462,0.041687536984682
1.0,qlstm_paper,original_2,lorenz_1000,4.0,0.001,6.0,,16.0,13.0,64.0,0.0394610315561294,0.0405155606567859,0.157023474574089,0.1561851948499679,0.3992159366607666,0.4219841659069061,237.0,974.0,21887.9,0.043700249120593,0.0527502186596393,0.0465731024742126
,,,,,,,,,,,,,,,,,,,,,,
1.0,qlstm_paper,original_3,lorenz_1000,4.0,0.001,6.0,,4.0,1.0,64.0,5.260929810901871e-06,6.187865892570699e-06,0.0017693355912342,0.0018193844007328,0.999943196773529,0.999933421611786,345.0,2924.0,20299.42,0.0152683655731379,0.0176667217165231,0.0159089285880327
1.0,qlstm_paper,original_3,lorenz_1000,4.0,0.001,6.0,,4.0,13.0,64.0,0.037812378257513,0.039427250623703,0.153524562716484,0.1552131474018097,0.4326683282852173,0.4539308249950409,345.0,931.0,6514.71,0.044317527860403,0.053869180381298,0.0468305647373199
1.0,qlstm_paper,original_3,lorenz_1000,4.0,0.001,6.0,,4.0,25.0,64.0,0.0385873578488826,0.0441729165613651,0.1507811844348907,0.162862092256546,0.4342686533927917,0.4188484847545624,345.0,455.0,3231.76,0.0407497454434633,0.0480907298624515,0.0404326021671295
1.0,qlstm_paper,original_3,lorenz_1000,4.0,0.001,6.0,,8.0,1.0,64.0,1.2400814739521591e-05,1.2677676750172395e-05,0.0029039215296506,0.0029604660812765,0.999868631362915,0.9998640418052672,345.0,2526.0,36133.44,0.0196470061317086,0.0233376529067754,0.0214701443910598
1.0,qlstm_paper,original_3,lorenz_1000,4.0,0.001,6.0,,8.0,13.0,64.0,0.0390404909849166,0.0393748246133327,0.1520362347364425,0.1519321799278259,0.4086830914020538,0.4420686662197113,345.0,873.0,12724.08,0.0406454375013709,0.051051340997219,0.0462054871022701
1.0,qlstm_paper,original_3,lorenz_1000,4.0,0.001,6.0,,8.0,25.0,64.0,0.0417842045426368,0.0441340394318103,0.1574472337961197,0.1623248010873794,0.3366128206253052,0.3354159891605377,345.0,556.0,8097.57,0.0444560337811708,0.0509417168796062,0.0457688681781291
1.0,qlstm_paper,original_3,lorenz_1000,4.0,0.001,6.0,,16.0,1.0,64.0,6.378138095897157e-06,6.680255410174141e-06,0.0020490756724029,0.0020504642743617,0.9999319314956664,0.9999295473098756,345.0,2799.0,148165.58,0.0186630859971046,0.0227368511259555,0.0195490829646587
1.0,qlstm_paper,original_3,lorenz_1000,4.0,0.001,6.0,,16.0,13.0,64.0,0.0395868718624115,0.0400330275297164,0.1576794534921646,0.1551980227231979,0.3970023393630981,0.4335207343101501,345.0,653.0,19550.69,0.0430490259081125,0.0520259365439415,0.0463510677218437
1.0,qlstm_paper,original_3,lorenz_1000,4.0,0.001,6.0,,16.0,25.0,64.0,0.0126720052212476,0.0144139938056468,0.0887289494276046,0.0925204157829284,0.8610526323318481,0.8360582590103149,345.0,5103.0,143937.25,0.0453982378045717,0.0521441511809825,0.048743974417448
1.0,qlstm_paper,original_1,lorenz_1000,5.0,0.001,4.0,,4.0,1.0,64.0,0.0027677626349031,0.0027403852436691,0.0408252142369747,0.0403210669755935,0.9697530269622804,0.9700594544410706,87.0,3937.0,8725.53,0.0382162027060985,0.0436436645686626,0.0392680391669273
1.0,qlstm_paper,original_1,lorenz_1000,5.0,0.001,4.0,,4.0,13.0,64.0,0.0363501533865928,0.0421044081449508,0.1458649486303329,0.155525729060173,0.476780891418457,0.4596501290798187,87.0,2123.0,4626.24,0.044190714880824,0.0546015053987503,0.0474816970527172
1.0,qlstm_paper,original_1,lorenz_1000,5.0,0.001,4.0,,4.0,25.0,64.0,0.0503475368022918,0.0521994903683662,0.177120104432106,0.1829550117254257,-0.1465295255184173,-0.0688703879714012,87.0,426.0,931.84,0.0417902115732431,0.0547535605728626,0.0501149706542491
1.0,qlstm_paper,original_1,lorenz_1000,5.0,0.001,4.0,,8.0,1.0,64.0,0.0010230888146907,0.001051700557582,0.0240753795951604,0.0251039993017911,0.9891634583473206,0.9889122843742372,87.0,12982.0,59553.03,0.0354761816561222,0.0415338762104511,0.0366934798657894
1.0,qlstm_paper,original_1,lorenz_1000,5.0,0.001,4.0,,8.0,13.0,64.0,0.0399290211498737,0.0427029393613338,0.1611537188291549,0.1635191738605499,0.3894311487674713,0.4297309219837188,87.0,1693.0,7667.81,0.0434821266680955,0.0536288805305957,0.0471950061619281
1.0,qlstm_paper,original_1,lorenz_1000,5.0,0.001,4.0,,8.0,25.0,64.0,0.0479636639356613,0.050962671637535,0.1748674213886261,0.1815493553876876,-0.1219679787755012,-0.0557618141174316,87.0,431.0,1946.72,0.0473655901849269,0.0542218349874019,0.0483570992946624
,,,,,,,,,,,,,,,,,,,,,,
1.0,qlstm_paper,original_1,lorenz_1000,5.0,0.001,4.0,,16.0,13.0,64.0,0.0374418348073959,0.0389802306890487,0.1537825167179107,0.1542628109455108,0.4561494290828705,0.4726287126541137,87.0,2405.0,22573.19,0.0411664336919784,0.0521922037005424,0.0462516695261001
1.0,qlstm_paper,original_1,lorenz_1000,5.0,0.001,4.0,,16.0,25.0,64.0,0.0421912744641304,0.0438476242125034,0.1585552394390106,0.1618656516075134,0.3397629559040069,0.3415102064609527,87.0,1891.0,15874.94,0.0453705199890666,0.051540270447731,0.0480756498873233
1.0,qlstm_paper,original_2,lorenz_1000,5.0,0.001,4.0,,4.0,1.0,64.0,7.598798219987657e-06,7.706915312155616e-06,0.0021694207098335,0.0021546995267271,0.9999188780784608,0.9999176859855652,159.0,3313.0,10275.79,0.0250720730051398,0.0327101722359657,0.0262910407036542
1.0,qlstm_paper,original_2,lorenz_1000,5.0,0.001,4.0,,4.0,13.0,64.0,0.0205651652067899,0.0229758638888597,0.1058558970689773,0.1118746623396873,0.7664731740951538,0.7221660614013672,159.0,3618.0,21841.51,0.0427048319950699,0.0524679608643054,0.0473544374108314
1.0,qlstm_paper,original_2,lorenz_1000,5.0,0.001,4.0,,4.0,25.0,64.0,0.0385863147675991,0.0445241220295429,0.1520998030900955,0.1656530648469925,0.4473079741001129,0.4259640574455261,159.0,460.0,1512.72,0.0372656149324029,0.0473859645426273,0.0398785173892974
1.0,qlstm_paper,original_2,lorenz_1000,5.0,0.001,4.0,,8.0,1.0,64.0,7.829222340660635e-06,8.577248991059605e-06,0.0022406694479286,0.0023998715914785,0.9999156594276428,0.9999082684516908,159.0,3978.0,47695.71,0.0178848116658628,0.0202216058969497,0.0190866403281688
1.0,qlstm_paper,original_2,lorenz_1000,5.0,0.001,4.0,,8.0,13.0,64.0,0.0382674150168895,0.0408761575818061,0.1520067900419235,0.155630275607109,0.4246103465557098,0.4238107204437256,159.0,741.0,4851.05,0.0434678385034203,0.0539566799998283,0.0475090034306049
1.0,qlstm_paper,original_2,lorenz_1000,5.0,0.001,4.0,,8.0,25.0,64.0,0.0404086038470268,0.0450376383960247,0.1554782539606094,0.1646919250488281,0.3805112540721893,0.3547362089157104,159.0,450.0,2954.32,0.0411990538239479,0.0493244342505931,0.0424381308257579
1.0,qlstm_paper,original_2,lorenz_1000,5.0,0.001,4.0,,16.0,1.0,64.0,5.921769115957432e-06,7.666767487535253e-06,0.0018535305280238,0.0020963524002581,0.9999381303787231,0.9999183416366576,159.0,3113.0,40685.06,0.0150961550883948,0.0178681816905736,0.0157727133482694
1.0,qlstm_paper,original_2,lorenz_1000,5.0,0.001,4.0,,16.0,13.0,64.0,0.0401364006102085,0.0419483929872512,0.1570164412260055,0.1579263657331466,0.3809341490268707,0.3939079642295837,159.0,544.0,7400.0,0.0364053950179368,0.0471820048987865,0.0415205843746662
1.0,qlstm_paper,original_2,lorenz_1000,5.0,0.001,4.0,,16.0,25.0,64.0,0.0231677629053592,0.0240607243031263,0.1153078973293304,0.1173475459218025,0.7256405353546143,0.7015231847763062,159.0,4206.0,76457.86,0.0445181367297967,0.0520044304430484,0.0499521680176258
1.0,qlstm_paper,original_3,lorenz_1000,5.0,0.001,4.0,,4.0,1.0,64.0,1.651056118134875e-05,1.6985686670523137e-05,0.0030697786714881,0.0030661062337458,0.9998247623443604,0.999817430973053,231.0,2548.0,10589.39,0.0251920642331242,0.0255996398627758,0.0258049275726079
1.0,qlstm_paper,original_3,lorenz_1000,5.0,0.001,4.0,,4.0,13.0,64.0,0.0251701027154922,0.0243088994175195,0.1194919496774673,0.1180779561400413,0.7101396918296814,0.7016691565513611,231.0,3148.0,25517.17,0.042599769309163,0.0527921169996261,0.0460107028484344
1.0,qlstm_paper,original_3,lorenz_1000,5.0,0.001,4.0,,4.0,25.0,64.0,0.0408946685492992,0.0455508083105087,0.1555152088403701,0.1652918756008148,0.3589610755443573,0.338890016078949,231.0,425.0,1854.81,0.0364079085178673,0.0475976541638374,0.0408033914864063
1.0,qlstm_paper,original_3,lorenz_1000,5.0,0.001,4.0,,8.0,1.0,64.0,1.1277915291429965e-05,1.2184243132651318e-05,0.0026233517564833,0.0027409130707383,0.9998792409896852,0.9998719692230223,231.0,2780.0,23398.88,0.0188478671014308,0.0202632192522287,0.0203765556216239
1.0,qlstm_paper,original_3,lorenz_1000,5.0,0.001,4.0,,8.0,13.0,64.0,0.0185455586761236,0.0204897765070199,0.1033171862363815,0.1082867532968521,0.7948134541511536,0.7614449262619019,231.0,5127.0,44282.92,0.0409838989377021,0.0507375113666057,0.0474946238100528
1.0,qlstm_paper,original_3,lorenz_1000,5.0,0.001,4.0,,8.0,25.0,64.0,0.029491463676095,0.0309262908995151,0.1272924691438675,0.1316898912191391,0.6411092281341553,0.6000699996948242,231.0,2364.0,19935.83,0.0444367326796054,0.0491778962314128,0.0450378358364105
1.0,qlstm_paper,original_3,lorenz_1000,5.0,0.001,4.0,,16.0,1.0,64.0,1.548636646475643e-05,1.6981070075416937e-05,0.0029863382223993,0.0030992194078862,0.9998337030410768,0.9998189210891724,231.0,2787.0,49865.78,0.0254315793514251,0.025694852694869,0.0261256601661443
1.0,qlstm_paper,original_3,lorenz_1000,5.0,0.001,4.0,,16.0,13.0,64.0,0.0231068432331085,0.0239901877939701,0.109996922314167,0.112999640405178,0.7451810836791992,0.7169665694236755,231.0,2821.0,48948.87,0.039653761871159,0.0497638285160064,0.0448553226888179
1.0,qlstm_paper,original_3,lorenz_1000,5.0,0.001,4.0,,16.0,25.0,64.0,0.019326414912939,0.0208008028566837,0.1055307537317276,0.1106413304805755,0.7891266942024231,0.7545852065086365,231.0,3082.0,47723.66,0.0413219299581315,0.0502081625163555,0.0477886013686656
1.0,qlstm_paper,original_1,lorenz_1000,5.0,0.001,6.0,,4.0,1.0,64.0,0.0011681977193802,0.0010047713294625,0.0239174421876668,0.0218453854322433,0.9876182675361632,0.989417850971222,129.0,14779.0,55095.6,0.0442335866391658,0.0532578453421592,0.0462612621486187
1.0,qlstm_paper,original_1,lorenz_1000,5.0,0.001,6.0,,4.0,13.0,64.0,0.0389578491449356,0.041353303939104,0.1577753871679306,0.1599717438220977,0.4030488729476928,0.4392827451229095,129.0,2176.0,7900.64,0.043782384507358,0.0539548993110656,0.0469871312379837
1.0,qlstm_paper,original_1,lorenz_1000,5.0,0.001,6.0,,4.0,25.0,64.0,0.0409478433430194,0.0430079400539398,0.1569307446479797,0.1623588502407074,0.3624762892723083,0.3979589939117431,129.0,1367.0,4905.53,0.042319305986166,0.054016176611185,0.0473296493291854
1.0,qlstm_paper,original_1,lorenz_1000,5.0,0.001,6.0,,8.0,1.0,64.0,0.0010215118527412,0.0008516648667864,0.022618930786848,0.0205166619271039,0.9891507029533386,0.9909876585006714,129.0,7028.0,53271.46,0.0416340742260217,0.0494810417294502,0.0432526618242263
1.0,qlstm_paper,original_1,lorenz_1000,5.0,0.001,6.0,,8.0,13.0,64.0,0.0396427996456623,0.0417973063886165,0.1587429344654083,0.1607380807399749,0.3884106576442718,0.4209896028041839,129.0,2029.0,15206.33,0.0434093477204442,0.0536490678787231,0.047049555927515
1.0,qlstm_paper,original_1,lorenz_1000,5.0,0.001,6.0,,8.0,25.0,64.0,0.0433963052928447,0.0434501320123672,0.1605007797479629,0.1614061892032623,0.2827865779399872,0.3464574217796325,129.0,1448.0,10703.26,0.0473514519631862,0.0538046695291996,0.0479421876370906
,,,,,,,,,,,,,,,,,,,,,,
1.0,qlstm_paper,original_1,lorenz_1000,5.0,0.001,6.0,,16.0,13.0,64.0,0.0410011298954486,0.0417138040065765,0.1620236337184906,0.1608831137418747,0.354900598526001,0.4056885838508606,129.0,2164.0,63149.98,0.0425337510183453,0.0541989617049694,0.0475619323551654
1.0,qlstm_paper,original_1,lorenz_1000,5.0,0.001,6.0,,16.0,25.0,64.0,0.043658223003149,0.0439371913671493,0.1613546758890152,0.1622107923030853,0.291986346244812,0.3186244964599609,129.0,1352.0,18954.18,0.0456902806957562,0.0520420931279659,0.048221044242382
1.0,qlstm_paper,original_2,lorenz_1000,5.0,0.001,6.0,,4.0,1.0,64.0,5.533076182473451e-05,6.556571315741166e-05,0.0055418340489268,0.0059728859923779,0.9994186758995056,0.999299168586731,237.0,3752.0,19863.78,0.0319263584911823,0.0355764180421829,0.0327555164694786
1.0,qlstm_paper,original_2,lorenz_1000,5.0,0.001,6.0,,4.0,13.0,64.0,0.0244093351066112,0.0253590047359466,0.1202684566378593,0.1230558231472969,0.7187942266464233,0.6879080533981323,237.0,3538.0,18789.36,0.0420293884351849,0.0520301572978496,0.0458416268229484
1.0,qlstm_paper,original_2,lorenz_1000,5.0,0.001,6.0,,4.0,25.0,64.0,0.0418211407959461,0.0468280985951423,0.159058004617691,0.1697010993957519,0.3322613537311554,0.3028271198272705,237.0,667.0,3590.26,0.0424172958359122,0.0541863180696964,0.0476898178458213
1.0,qlstm_paper,original_2,lorenz_1000,5.0,0.001,6.0,,8.0,1.0,64.0,1.0165754247282166e-05,1.14864133138326e-05,0.0023725915234535,0.0024913002271205,0.9998905062675476,0.9998770356178284,237.0,4586.0,51198.64,0.0292048787698149,0.0345848686993122,0.0311582423746585
1.0,qlstm_paper,original_2,lorenz_1000,5.0,0.001,6.0,,8.0,13.0,64.0,0.0386775620281696,0.0399437472224235,0.1556570678949356,0.1556512862443924,0.4142527282238006,0.4567686021327972,237.0,1159.0,12986.51,0.0425980649888515,0.0524052903056144,0.0459366999566555
1.0,qlstm_paper,original_2,lorenz_1000,5.0,0.001,6.0,,8.0,25.0,64.0,0.0431745164096355,0.0447199381887912,0.159492552280426,0.1642403602600097,0.298689603805542,0.3091765642166137,237.0,893.0,9749.51,0.0468049705028533,0.0541090406477451,0.0471519120037555
1.0,qlstm_paper,original_2,lorenz_1000,5.0,0.001,6.0,,16.0,1.0,64.0,2.101903737639077e-05,1.9506769604049623e-05,0.0032154836226254,0.0030921611469238,0.9997758865356444,0.9997934103012084,237.0,5241.0,126780.31,0.0195748906582593,0.0220452863723039,0.0208612103015184
1.0,qlstm_paper,original_2,lorenz_1000,5.0,0.001,6.0,,16.0,13.0,64.0,0.0395379401743412,0.040220770984888,0.1581918895244598,0.1572288125753402,0.3988968133926391,0.4191972017288208,237.0,855.0,19384.52,0.0419387531466782,0.0535163469612598,0.0472044274210929
1.0,qlstm_paper,original_2,lorenz_1000,5.0,0.001,6.0,,16.0,25.0,64.0,0.0427695252001285,0.0439430475234985,0.1601196378469467,0.163685917854309,0.3201515078544616,0.3336070775985718,237.0,817.0,16978.23,0.0449006752007537,0.0523627996444702,0.0500615686178207
1.0,qlstm_paper,original_3,lorenz_1000,5.0,0.001,6.0,,4.0,1.0,64.0,7.962711606523953e-06,1.0063382433145309e-05,0.0022022647317498,0.0023765407968312,0.999916136264801,0.999894380569458,345.0,2490.0,17630.76,0.0142687336541712,0.0161613635718822,0.015112530440092
1.0,qlstm_paper,original_3,lorenz_1000,5.0,0.001,6.0,,4.0,13.0,64.0,0.0380581952631473,0.040958359837532,0.1538500189781189,0.1585181057453155,0.4269850254058838,0.415364146232605,345.0,759.0,5323.01,0.0427840432152152,0.0525648556649684,0.0455620363354682
1.0,qlstm_paper,original_3,lorenz_1000,5.0,0.001,6.0,,4.0,25.0,64.0,0.0428948737680912,0.0453017652034759,0.1587758213281631,0.1654087454080581,0.2942099869251251,0.3100304901599884,345.0,520.0,3687.46,0.0406961659900844,0.052244909107685,0.0465338751673698
1.0,qlstm_paper,original_3,lorenz_1000,5.0,0.001,6.0,,8.0,1.0,64.0,6.794920864194864e-06,7.961911251186393e-06,0.0020230715163052,0.0021762216929346,0.9999268054962158,0.9999157190322876,345.0,2318.0,32971.52,0.0130272314883768,0.014285453595221,0.0140390796586871
1.0,qlstm_paper,original_3,lorenz_1000,5.0,0.001,6.0,,8.0,13.0,64.0,0.0378149822354316,0.0402293168008327,0.1537249833345413,0.1566285490989685,0.4354420602321625,0.4433680176734924,345.0,805.0,11888.3,0.0390688728541135,0.0475583039224147,0.0425636544823646
1.0,qlstm_paper,original_3,lorenz_1000,5.0,0.001,6.0,,8.0,25.0,64.0,0.0255330838263034,0.0270380862057209,0.1230172887444496,0.126489520072937,0.6938388347625732,0.6552999019622803,345.0,3260.0,46534.3,0.043703206628561,0.0501807928085327,0.0460273846983909
1.0,qlstm_paper,original_3,lorenz_1000,5.0,0.001,6.0,,16.0,1.0,64.0,1.3609122106572611e-05,1.6605868950136937e-05,0.0027584880590438,0.0030078834388405,0.9998581409454346,0.9998249411582948,345.0,2715.0,132119.76,0.0181759453378617,0.0220604501664638,0.0196151994168758
1.0,qlstm_paper,original_3,lorenz_1000,5.0,0.001,6.0,,16.0,13.0,64.0,0.0399677418172359,0.0393177010118961,0.1576513051986694,0.1536892503499984,0.3911940455436706,0.4330230355262756,345.0,833.0,45168.12,0.0408246280625462,0.0520747601985931,0.0473319329321384
1.0,qlstm_paper,original_3,lorenz_1000,5.0,0.001,6.0,,16.0,25.0,64.0,0.0207771584391593,0.0223671663552522,0.1106704398989677,0.1169076263904571,0.7654182314872742,0.7258816957473755,345.0,2720.0,73037.02,0.0406164021955596,0.0477349013090133,0.0436860993504524
1.0,qlstm_paper,original_1,lorenz_1000,6.0,0.001,4.0,,4.0,1.0,64.0,0.0012149290414527,0.0011456308420747,0.0279937125742435,0.0265831165015697,0.9868358373641968,0.987586498260498,87.0,17134.0,37229.31,0.0374795656651258,0.0434848479926586,0.0383417941629886
1.0,qlstm_paper,original_1,lorenz_1000,6.0,0.001,4.0,,4.0,13.0,64.0,0.0363723523914814,0.040623988956213,0.1467863470315933,0.1540544927120208,0.4705403447151184,0.478042870759964,87.0,1736.0,3764.19,0.0446666076779365,0.0542588531970977,0.0470089018344879
1.0,qlstm_paper,original_1,lorenz_1000,6.0,0.001,4.0,,4.0,25.0,64.0,0.0472925677895545,0.0506531335413455,0.1705197095870971,0.1803681999444961,0.0729325115680694,0.0749270990490913,87.0,711.0,1568.07,0.0481082718819379,0.0541469827294349,0.0473421663045883
1.0,qlstm_paper,original_1,lorenz_1000,6.0,0.001,4.0,,8.0,1.0,64.0,0.0014684544876217,0.0013563634129241,0.0300409141927957,0.0287688411772251,0.9845194816589355,0.986122190952301,87.0,7812.0,66722.26,0.0385188724845647,0.0456999652087688,0.040068794041872
1.0,qlstm_paper,original_1,lorenz_1000,6.0,0.001,4.0,,8.0,13.0,64.0,0.0397453978657722,0.0435799248516559,0.1614779978990554,0.1661242842674255,0.3914927244186401,0.4029073715209961,87.0,1498.0,6685.03,0.0445840038359165,0.0545073077082634,0.0474348701536655
1.0,qlstm_paper,original_1,lorenz_1000,6.0,0.001,4.0,,8.0,25.0,64.0,0.0490818135440349,0.0504011958837509,0.1766147762537002,0.1800543069839477,-0.137084886431694,-0.0863471701741218,87.0,454.0,2035.93,0.0451197557151317,0.0528765022754669,0.0476595573127269
1.0,qlstm_paper,original_1,lorenz_1000,6.0,0.001,4.0,,16.0,1.0,64.0,0.0014558634720742,0.0012969860108569,0.0294111929833889,0.0282894950360059,0.9845318794250488,0.9862353801727296,87.0,6927.0,63512.37,0.0435752868652343,0.0531159229576587,0.0458653941750526
1.0,qlstm_paper,original_1,lorenz_1000,6.0,0.001,4.0,,16.0,13.0,64.0,0.040923248976469,0.0435743182897567,0.1648213416337967,0.1664880812168121,0.3612334132194519,0.3759637773036957,87.0,1160.0,11012.59,0.0480282522737979,0.0542318224906921,0.0474504418671131
1.0,qlstm_paper,original_1,lorenz_1000,6.0,0.001,4.0,,16.0,25.0,64.0,0.0433486439287662,0.0434527397155761,0.1592493653297424,0.1596772074699401,0.3018803298473358,0.3469921350479126,87.0,1642.0,13942.47,0.045660029268927,0.0517752282321453,0.0481390245258808
1.0,qlstm_paper,original_2,lorenz_1000,6.0,0.001,4.0,,4.0,1.0,64.0,7.2022371568891685e-06,7.945828656374943e-06,0.0020062495023012,0.002090125111863,0.9999233484268188,0.9999163150787354,159.0,3455.0,10833.71,0.0323439944535493,0.0361969545483589,0.032983835786581
1.0,qlstm_paper,original_2,lorenz_1000,6.0,0.001,4.0,,4.0,13.0,64.0,0.0388311110436916,0.0402464158833026,0.157378688454628,0.1578297168016433,0.4075858294963836,0.4417487978935241,159.0,998.0,3113.32,0.0428126104176044,0.0521119087934494,0.0471381768584251
1.0,qlstm_paper,original_2,lorenz_1000,6.0,0.001,4.0,,4.0,25.0,64.0,0.0394784025847911,0.0430969595909118,0.1543913185596466,0.1626913100481033,0.4056432843208313,0.4200835525989532,159.0,596.0,1904.16,0.0479598063975572,0.0539692603051662,0.0471310168504715
1.0,qlstm_paper,original_2,lorenz_1000,6.0,0.001,4.0,,8.0,1.0,64.0,2.233465238532517e-05,2.513962499506306e-05,0.0035324196796864,0.0036617706064134,0.9997674226760864,0.9997366070747375,159.0,2273.0,27597.38,0.0167679596692323,0.0195774659514427,0.0177946481853723
1.0,qlstm_paper,original_2,lorenz_1000,6.0,0.001,4.0,,8.0,13.0,64.0,0.03844940289855,0.0398953482508659,0.1538366377353668,0.1534816026687622,0.4200135767459869,0.4609448313713074,159.0,842.0,5420.1,0.0439647924154996,0.0534105971455574,0.0462468899786472
1.0,qlstm_paper,original_2,lorenz_1000,6.0,0.001,4.0,,8.0,25.0,64.0,0.0440449863672256,0.04451534897089,0.160644918680191,0.1616178005933761,0.2803880572319031,0.300579160451889,159.0,664.0,8282.82,0.0443751610815525,0.0524468794465065,0.0469321012496948
1.0,qlstm_paper,original_2,lorenz_1000,6.0,0.001,4.0,,16.0,1.0,64.0,1.1735779480659405e-05,1.2613151739060411e-05,0.0026965183205902,0.0027865516021847,0.9998835921287536,0.9998667240142822,159.0,2437.0,32247.85,0.0198128089308738,0.0221728663891553,0.0207924246788024
1.0,qlstm_paper,original_2,lorenz_1000,6.0,0.001,4.0,,16.0,13.0,64.0,0.0264894999563694,0.0277017317712306,0.1215904802083969,0.123917244374752,0.6784191131591797,0.653119683265686,159.0,3224.0,43437.93,0.0449640046805143,0.0507067590951919,0.0446371585130691
1.0,qlstm_paper,original_2,lorenz_1000,6.0,0.001,4.0,,16.0,25.0,64.0,0.0161997005343437,0.01664331369102,0.0960374027490615,0.096744030714035,0.8251376748085022,0.8091692328453064,159.0,6346.0,81404.32,0.0418417793181207,0.0485073067247867,0.0461641773581504
1.0,qlstm_paper,original_3,lorenz_1000,6.0,0.001,4.0,,4.0,1.0,64.0,9.74314934865106e-06,1.020779109239811e-05,0.0023667570203542,0.0024054925888776,0.9998978972434998,0.9998923540115356,231.0,2766.0,11484.03,0.0354852087795734,0.0442002043128013,0.0364432148635387
1.0,qlstm_paper,original_3,lorenz_1000,6.0,0.001,4.0,,4.0,13.0,64.0,0.0206392742693424,0.0220826659351587,0.1074550151824951,0.1104319095611572,0.7734834551811218,0.741449236869812,231.0,2980.0,12216.81,0.0444395028054714,0.0543622188270092,0.0473147667944431
1.0,qlstm_paper,original_3,lorenz_1000,6.0,0.001,4.0,,4.0,25.0,64.0,0.0264190770685672,0.028920579701662,0.1244218125939369,0.1296203732490539,0.6980974674224854,0.6478878855705261,231.0,2767.0,11478.83,0.0471381306648254,0.0535061508417129,0.0473885051906108
1.0,qlstm_paper,original_3,lorenz_1000,6.0,0.001,4.0,,8.0,1.0,64.0,5.69706344322185e-06,6.513181233458454e-06,0.0018335189670324,0.0019951714202761,0.9999418258666992,0.9999331831932068,231.0,3011.0,48012.88,0.027152120321989,0.030226806178689,0.0282298009842634
1.0,qlstm_paper,original_3,lorenz_1000,6.0,0.001,4.0,,8.0,13.0,64.0,0.0176129378378391,0.0193397216498851,0.0966933667659759,0.1006302088499069,0.8163975477218628,0.7799117565155029,231.0,4368.0,38238.95,0.0409017425030469,0.0495896823704242,0.0426361449062824
1.0,qlstm_paper,original_3,lorenz_1000,6.0,0.001,4.0,,8.0,25.0,64.0,0.0231420248746871,0.0255394615232944,0.1148907095193862,0.1233442798256874,0.7302757501602173,0.679718554019928,231.0,2411.0,20599.42,0.0390816111117601,0.0485245436429977,0.0464658737182617
1.0,qlstm_paper,original_3,lorenz_1000,6.0,0.001,4.0,,16.0,1.0,64.0,1.082246581063373e-05,1.2331463949522004e-05,0.0025402375031262,0.0026764110662043,0.9998883008956908,0.9998743534088136,231.0,2214.0,38697.82,0.0268899843096733,0.0305227935314178,0.0276255849748849
1.0,qlstm_paper,original_3,lorenz_1000,6.0,0.001,4.0,,16.0,13.0,64.0,0.023710835725069,0.0221471451222896,0.1148874387145042,0.109036885201931,0.7286304831504822,0.7358781099319458,231.0,3292.0,55947.02,0.0432552266865968,0.0482725128531456,0.0424175225198268
1.0,qlstm_paper,original_3,lorenz_1000,6.0,0.001,4.0,,16.0,25.0,64.0,0.0150968385860323,0.016159676015377,0.0914511755108833,0.0945530757308006,0.831580400466919,0.8135557174682617,231.0,5976.0,91603.66,0.0398212261497974,0.0437564700841903,0.0395443886518478
1.0,qlstm_paper,original_1,lorenz_1000,6.0,0.001,6.0,,4.0,1.0,64.0,0.0006798842223361,0.0006058788858354,0.0177943389862775,0.0162608884274959,0.9928457736968994,0.993686020374298,129.0,13004.0,46490.59,0.0397429220378398,0.0454029813408851,0.0408085659146308
1.0,qlstm_paper,original_1,lorenz_1000,6.0,0.001,6.0,,4.0,13.0,64.0,0.0395370349287986,0.0421271249651908,0.1590990573167801,0.1626210510730743,0.3881102502346039,0.3942497670650482,129.0,1918.0,13019.47,0.0445345226675272,0.0542073138058185,0.0471293702721595
1.0,qlstm_paper,original_1,lorenz_1000,6.0,0.001,6.0,,4.0,25.0,64.0,0.0404083579778671,0.0431733392179012,0.1562341600656509,0.1626309603452682,0.3837268054485321,0.3995175361633301,129.0,1545.0,5522.36,0.0479979783296585,0.0537724867463111,0.0473585240542888
1.0,qlstm_paper,original_1,lorenz_1000,6.0,0.001,6.0,,8.0,1.0,64.0,0.000607163645327,0.0005047977901995,0.0170655120164155,0.0154052441939711,0.9936662912368774,0.9947453737258912,129.0,9454.0,72848.04,0.0400445852428674,0.0467390157282352,0.0413259305059909
1.0,qlstm_paper,original_1,lorenz_1000,6.0,0.001,6.0,,8.0,13.0,64.0,0.0469532385468483,0.048962976783514,0.1790007501840591,0.1805600821971893,0.0675265192985534,0.1216700449585914,129.0,824.0,6208.06,0.0445050165057182,0.0544991530478,0.0473069064319133
1.0,qlstm_paper,original_1,lorenz_1000,6.0,0.001,6.0,,8.0,25.0,64.0,0.044233750551939,0.0430167503654956,0.1635880321264267,0.1616645455360412,0.2570240199565887,0.3291658759117126,129.0,1545.0,11688.96,0.044718187302351,0.0523699447512626,0.0474315881729126
,,,,,,,,,,,,,,,,,,,,,,
1.0,qlstm_paper,original_1,lorenz_1000,6.0,0.001,6.0,,16.0,13.0,64.0,0.0388518758118152,0.0406593345105648,0.1582817882299423,0.1592730283737182,0.4280681610107422,0.438576877117157,129.0,1798.0,27667.21,0.0479804847389459,0.0541424490511417,0.04745639488101
1.0,qlstm_paper,original_1,lorenz_1000,6.0,0.001,6.0,,16.0,25.0,64.0,0.0454476661980152,0.0460660867393016,0.1650338619947433,0.1665147095918655,0.2285304516553878,0.2413163632154464,129.0,1947.0,27410.09,0.0457249304486645,0.0520646981894969,0.0483291894197464
1.0,qlstm_paper,original_2,lorenz_1000,6.0,0.001,6.0,,4.0,1.0,64.0,1.018628154270118e-05,1.1022050784958992e-05,0.0025447213556617,0.0026404864620417,0.9998904466629028,0.9998819828033448,237.0,4060.0,21357.56,0.034927606396377,0.0410442911088466,0.0355405509471893
1.0,qlstm_paper,original_2,lorenz_1000,6.0,0.001,6.0,,4.0,13.0,64.0,0.0398907698690891,0.0418379455804824,0.1586875021457672,0.1605168133974075,0.3811140060424804,0.4013761281967163,237.0,588.0,3099.69,0.0399692349135875,0.0492423735558986,0.0428219065070152
1.0,qlstm_paper,original_2,lorenz_1000,6.0,0.001,6.0,,4.0,25.0,64.0,0.0414347350597381,0.0458067059516906,0.1570885777473449,0.1675450503826141,0.3415138721466064,0.3227634727954864,237.0,545.0,2909.1,0.0476827714592218,0.0539714135229587,0.0475050620734691
1.0,qlstm_paper,original_2,lorenz_1000,6.0,0.001,6.0,,8.0,1.0,64.0,1.2493251233536284e-05,1.3045714695181232e-05,0.0027676962781697,0.0027616673614829,0.999867022037506,0.9998601675033568,237.0,3656.0,77823.77,0.028493602015078,0.0323431380093097,0.0293325614184141
1.0,qlstm_paper,original_2,lorenz_1000,6.0,0.001,6.0,,8.0,13.0,64.0,0.0402215421199798,0.0411022789776325,0.1590946614742279,0.1585889607667923,0.3772524893283844,0.4068499207496643,237.0,728.0,8120.95,0.0416629645973444,0.0518532395362854,0.0460295565426349
1.0,qlstm_paper,original_2,lorenz_1000,6.0,0.001,6.0,,8.0,25.0,64.0,0.0404742881655693,0.042126927524805,0.1561634093523025,0.1610999852418899,0.3817287981510162,0.4380285739898681,237.0,478.0,5274.19,0.0422147756442427,0.0485999062657356,0.0441659949719905
1.0,qlstm_paper,original_2,lorenz_1000,6.0,0.001,6.0,,16.0,1.0,64.0,2.1836316591361538e-05,2.1640575141645968e-05,0.0033727963455021,0.0033332703169435,0.9997759461402892,0.9997707009315492,237.0,3308.0,82016.33,0.0350359044969081,0.0383622534573078,0.0359710454940795
1.0,qlstm_paper,original_2,lorenz_1000,6.0,0.001,6.0,,16.0,13.0,64.0,0.0403040833771228,0.0404179282486438,0.1603458374738693,0.158169686794281,0.3779297769069671,0.4142563045024872,237.0,758.0,17124.11,0.0446445327252149,0.0504182875156402,0.0459434688091278
1.0,qlstm_paper,original_2,lorenz_1000,6.0,0.001,6.0,,16.0,25.0,64.0,0.0427348837256431,0.0433693341910839,0.1591437757015228,0.1607155203819275,0.3229864835739136,0.351982057094574,237.0,564.0,11948.04,0.0430628094408247,0.0491706244647502,0.0468754172325134
1.0,qlstm_paper,original_3,lorenz_1000,6.0,0.001,6.0,,4.0,1.0,64.0,3.866176939482102e-06,4.916675152344396e-06,0.0014330683043226,0.0015336233191192,0.9999587535858154,0.9999470114707948,345.0,2490.0,17391.33,0.0165156205184757,0.0181110296398401,0.0169503632932901
1.0,qlstm_paper,original_3,lorenz_1000,6.0,0.001,6.0,,4.0,13.0,64.0,0.0234313886612653,0.0240484364330768,0.1153375729918479,0.1162754446268081,0.7343735098838806,0.7072827219963074,345.0,2903.0,20645.94,0.0438772860914468,0.0535059832036495,0.0468808971345424
1.0,qlstm_paper,original_3,lorenz_1000,6.0,0.001,6.0,,4.0,25.0,64.0,0.0420105122029781,0.0445149131119251,0.155791088938713,0.1618003696203231,0.329102098941803,0.3227512538433075,345.0,539.0,3781.76,0.0470668658614158,0.053194086998701,0.0467616207897663
1.0,qlstm_paper,original_3,lorenz_1000,6.0,0.001,6.0,,8.0,1.0,64.0,2.761099040071713e-06,3.44897875947936e-06,0.0012520891614258,0.0014387568226084,0.9999715089797974,0.9999653100967408,345.0,2692.0,39107.19,0.0220524534583091,0.0230411142110824,0.0226668994873762
1.0,qlstm_paper,original_3,lorenz_1000,6.0,0.001,6.0,,8.0,13.0,64.0,0.0382381863892078,0.0391043238341808,0.1553758531808853,0.1545373648405075,0.4257290661334991,0.4695479571819305,345.0,739.0,10839.99,0.0410965375602245,0.0503195933997631,0.0436249263584613
1.0,qlstm_paper,original_3,lorenz_1000,6.0,0.001,6.0,,8.0,25.0,64.0,0.026296429336071,0.0267780423164367,0.1226820275187492,0.1245719641447067,0.6789938807487488,0.6568431854248047,345.0,3671.0,53204.17,0.0434169389307498,0.0529271103441715,0.0487151965498924
1.0,qlstm_paper,original_3,lorenz_1000,6.0,0.001,6.0,,16.0,1.0,64.0,2.529092398617649e-06,3.058248239540262e-06,0.0011542148422449,0.0012502394383773,0.9999749064445496,0.9999685287475586,345.0,2693.0,81571.62,0.0337894102558493,0.0383856147527694,0.0348481573164463
1.0,qlstm_paper,original_3,lorenz_1000,6.0,0.001,6.0,,16.0,13.0,64.0,0.0377616211771965,0.0382682718336582,0.1537010669708252,0.153691366314888,0.4438079297542572,0.45719775557518,345.0,817.0,24374.49,0.0415996579453349,0.045642040669918,0.0425578579306602
1.0,qlstm_paper,original_3,lorenz_1000,6.0,0.001,6.0,,16.0,25.0,64.0,0.0145665640011429,0.0167429726570844,0.0923493802547454,0.0998936593532562,0.8435913920402527,0.8113970756530762,345.0,3742.0,104080.6,0.0445749229855007,0.0523895658552646,0.0494064539670944
1.0,qlstm_paper,original_1,lorenz_1000,7.0,0.001,4.0,,4.0,1.0,64.0,0.0028414032422006,0.0027248193509876,0.0412928462028503,0.0401114597916603,0.9690702557563782,0.9701927304267884,87.0,3048.0,12531.57,0.0278274746611714,0.0290654189884662,0.0275121014565229
1.0,qlstm_paper,original_1,lorenz_1000,7.0,0.001,4.0,,4.0,13.0,64.0,0.0370630398392677,0.0385283716022968,0.1523008495569229,0.1524132490158081,0.4515975713729858,0.5046957731246948,87.0,1458.0,3138.93,0.0453802067786455,0.0543458424508571,0.0472777299582958
1.0,qlstm_paper,original_1,lorenz_1000,7.0,0.001,4.0,,4.0,25.0,64.0,0.0410012938082218,0.0442514345049858,0.1549521088600158,0.1619189083576202,0.3585193157196045,0.3788425326347351,87.0,1670.0,3575.27,0.0450602073222398,0.0536928847432136,0.0470602624118328
1.0,qlstm_paper,original_1,lorenz_1000,7.0,0.001,4.0,,8.0,1.0,64.0,0.0006950758397579,0.0005794245516881,0.0194467157125473,0.0178326684981584,0.9924986362457277,0.9937699437141418,87.0,11872.0,54404.94,0.0300879498943686,0.0327656231820583,0.0303192976862192
1.0,qlstm_paper,original_1,lorenz_1000,7.0,0.001,4.0,,8.0,13.0,64.0,0.0395738072693347,0.0403929390013217,0.1610707193613052,0.1598107516765594,0.3945493102073669,0.4684610366821289,87.0,2000.0,8981.51,0.0440474733710289,0.0533682778477668,0.0470173805952072
1.0,qlstm_paper,original_1,lorenz_1000,7.0,0.001,4.0,,8.0,25.0,64.0,0.0494490228593349,0.0507615357637405,0.1778751909732818,0.1811588406562805,-0.2519279420375824,-0.1520405411720276,87.0,419.0,1889.12,0.0447669975459575,0.0523658730089664,0.0485219620168209
1.0,qlstm_paper,original_1,lorenz_1000,7.0,0.001,4.0,,16.0,1.0,64.0,0.0005917836097069,0.0005770264542661,0.019441545009613,0.0183481443673372,0.9936403632164,0.9938359260559082,87.0,10699.0,102879.13,0.027407756820321,0.030331278219819,0.0284264013171196
1.0,qlstm_paper,original_1,lorenz_1000,7.0,0.001,4.0,,16.0,13.0,64.0,0.0359564647078514,0.0379846133291721,0.1492549329996109,0.1513280719518661,0.488189697265625,0.4870800673961639,87.0,2485.0,23223.97,0.0437475334852933,0.0523251555860042,0.0461021363735199
1.0,qlstm_paper,original_1,lorenz_1000,7.0,0.001,4.0,,16.0,25.0,64.0,0.0425694733858108,0.0432075709104537,0.157400980591774,0.1576024740934372,0.3273777663707733,0.3625349104404449,87.0,763.0,6570.26,0.0452003764609495,0.051132183521986,0.0483599379658699
1.0,qlstm_paper,original_2,lorenz_1000,7.0,0.001,4.0,,4.0,1.0,64.0,4.350634117145091e-05,4.296211773180403e-05,0.00469939596951,0.0044890935532748,0.9995446801185608,0.9995388388633728,159.0,3397.0,10802.8,0.0265730377286672,0.0308644659817218,0.0267945993691682
1.0,qlstm_paper,original_2,lorenz_1000,7.0,0.001,4.0,,4.0,13.0,64.0,0.0209172423928976,0.0229392014443874,0.1100169047713279,0.115467719733715,0.7664328217506409,0.7249436378479004,159.0,4141.0,13028.45,0.0443387012928724,0.053249929100275,0.0479465946555137
1.0,qlstm_paper,original_2,lorenz_1000,7.0,0.001,4.0,,4.0,25.0,64.0,0.0414554551243782,0.0449065491557121,0.1574894785881042,0.1655980199575424,0.3438896834850311,0.3518726825714111,159.0,651.0,2065.95,0.0444404132664203,0.0536830611526966,0.0477817095816135
1.0,qlstm_paper,original_2,lorenz_1000,7.0,0.001,4.0,,8.0,1.0,64.0,1.0835404282261152e-05,1.0518859198782591e-05,0.0025464969221502,0.0025123846717178,0.9998860955238342,0.9998880624771118,159.0,3359.0,21297.11,0.0244324058294296,0.0286824330687522,0.0256124939769506
1.0,qlstm_paper,original_2,lorenz_1000,7.0,0.001,4.0,,8.0,13.0,64.0,0.0229791179299354,0.0236122924834489,0.1120207011699676,0.1147953569889068,0.7378861904144287,0.7177615165710449,159.0,3560.0,22467.63,0.0419990509748458,0.0507022067904472,0.0447779595851898
1.0,qlstm_paper,original_2,lorenz_1000,7.0,0.001,4.0,,8.0,25.0,64.0,0.0398533530533313,0.0427271574735641,0.1544281542301178,0.1609331220388412,0.3960373997688293,0.3823711276054382,159.0,462.0,2943.03,0.0408815905451774,0.0469037182629108,0.0416303612291812
1.0,qlstm_paper,original_2,lorenz_1000,7.0,0.001,4.0,,16.0,1.0,64.0,1.4919390196155293e-05,1.553198126202915e-05,0.0029675548430532,0.003062117146328,0.9998405575752258,0.999835968017578,159.0,3385.0,45045.28,0.0274683011695742,0.0320768915116786,0.0288155768066644
1.0,qlstm_paper,original_2,lorenz_1000,7.0,0.001,4.0,,16.0,13.0,64.0,0.023568969219923,0.0234636683017015,0.1128655821084976,0.1118329241871833,0.741753339767456,0.7338113784790039,159.0,4300.0,56937.77,0.043058268725872,0.0513804033398628,0.0450919196009635
1.0,qlstm_paper,original_2,lorenz_1000,7.0,0.001,4.0,,16.0,25.0,64.0,0.0150368176400661,0.0159306842833757,0.0947430655360221,0.0971305221319198,0.8343977332115173,0.8164454698562622,159.0,6093.0,71234.48,0.0444616199367576,0.0501481741666793,0.0468633249402046
1.0,qlstm_paper,original_3,lorenz_1000,7.0,0.001,4.0,,4.0,1.0,64.0,4.390795766084921e-06,5.045621492172359e-06,0.0016103122616186,0.0017256147693842,0.999954640865326,0.9999489188194276,231.0,3072.0,12836.49,0.0171767937950789,0.0191854946315288,0.0177339874207973
1.0,qlstm_paper,original_3,lorenz_1000,7.0,0.001,4.0,,4.0,13.0,64.0,0.020305773243308,0.0207735002040863,0.1065365821123123,0.1077086552977562,0.7742381691932678,0.7556400299072266,231.0,3185.0,13406.8,0.0426743362098932,0.0514277331531047,0.0461831241846084
1.0,qlstm_paper,original_3,lorenz_1000,7.0,0.001,4.0,,4.0,25.0,64.0,0.0383747778832912,0.042045310139656,0.1503700762987136,0.1590611934661865,0.4367615580558777,0.4610397815704345,231.0,544.0,2304.35,0.0443590153008699,0.0533912777900695,0.0474416352808475
1.0,qlstm_paper,original_3,lorenz_1000,7.0,0.001,4.0,,8.0,1.0,64.0,1.1293357601971366e-05,1.1921307304874064e-05,0.0026353043504059,0.0026925357524305,0.9998801350593568,0.9998763799667358,231.0,2427.0,20762.16,0.0164783548563718,0.016915526241064,0.0167009551078081
1.0,qlstm_paper,original_3,lorenz_1000,7.0,0.001,4.0,,8.0,13.0,64.0,0.020774582400918,0.0218080524355173,0.1068657413125038,0.1101384833455085,0.7684285640716553,0.7470771670341492,231.0,3643.0,31584.8,0.0418304868042469,0.0503940396010875,0.0466723069548606
1.0,qlstm_paper,original_3,lorenz_1000,7.0,0.001,4.0,,8.0,25.0,64.0,0.04225679859519,0.0441156215965747,0.1563440710306167,0.1602029949426651,0.3309566378593445,0.320028156042099,231.0,540.0,4606.49,0.0382468568161129,0.0460133329033851,0.0415748097002506
1.0,qlstm_paper,original_3,lorenz_1000,7.0,0.001,4.0,,16.0,1.0,64.0,6.517882866319269e-06,6.087226211093366e-06,0.0019852782133966,0.0018761807586997,0.9999300241470336,0.9999355673789978,231.0,2531.0,44800.96,0.029003519937396,0.0341356210410594,0.030544951558113
1.0,qlstm_paper,original_3,lorenz_1000,7.0,0.001,4.0,,16.0,13.0,64.0,0.0249406471848487,0.0260166004300117,0.114791139960289,0.1184291094541549,0.7182808518409729,0.6851920485496521,231.0,1802.0,31070.46,0.0383184706792235,0.043360136449337,0.037996269762516
1.0,qlstm_paper,original_3,lorenz_1000,7.0,0.001,4.0,,16.0,25.0,64.0,0.0161576867103576,0.0164293609559535,0.0986910089850425,0.0982302203774452,0.8209666013717651,0.8119745254516602,231.0,3071.0,51998.3,0.0418420438137319,0.0499127097427845,0.0472580268979072
1.0,qlstm_paper,original_1,lorenz_1000,7.0,0.001,6.0,,4.0,1.0,64.0,0.0007527660927735,0.0006130149122327,0.0195466503500938,0.0175129696726799,0.9920329451560974,0.9934946298599244,129.0,12656.0,47655.47,0.0465636175125837,0.0538327470421791,0.0467676147818565
1.0,qlstm_paper,original_1,lorenz_1000,7.0,0.001,6.0,,4.0,13.0,64.0,0.0385792292654514,0.0421227067708969,0.1548924297094345,0.1603003293275833,0.4208548069000244,0.4415994882583618,129.0,1984.0,7207.36,0.0451761271804571,0.0541631057858467,0.047083418816328
1.0,qlstm_paper,original_1,lorenz_1000,7.0,0.001,6.0,,4.0,25.0,64.0,0.0428850427269935,0.0452801547944545,0.1607063859701156,0.166897565126419,0.2930543720722198,0.2908996939659118,129.0,1274.0,4540.92,0.0440847642719745,0.0527263879776001,0.0459050983190536
1.0,qlstm_paper,original_1,lorenz_1000,7.0,0.001,6.0,,8.0,1.0,64.0,0.0013916863827034,0.0012644629459828,0.02730911411345,0.0260595399886369,0.9852524399757384,0.9869078993797302,129.0,13305.0,104142.52,0.0383538484573364,0.0446041971445083,0.039211418479681
1.0,qlstm_paper,original_1,lorenz_1000,7.0,0.001,6.0,,8.0,13.0,64.0,0.0469345785677433,0.0527437478303909,0.1733953803777694,0.1876387596130371,-0.044538103044033,-0.2049065679311752,129.0,416.0,3180.13,0.0441641192883253,0.0537052266299724,0.0471132062375545
1.0,qlstm_paper,original_1,lorenz_1000,7.0,0.001,6.0,,8.0,25.0,64.0,0.0460342653095722,0.0471691973507404,0.1682671308517456,0.1721939891576767,0.1652049720287323,0.1724533885717392,129.0,915.0,6941.19,0.0446932591497898,0.0522578358650207,0.0474761985242366
,,,,,,,,,,,,,,,,,,,,,,
1.0,qlstm_paper,original_1,lorenz_1000,7.0,0.001,6.0,,16.0,13.0,64.0,0.0397155545651912,0.0407906621694564,0.1600657403469085,0.1588819473981857,0.3910953104496002,0.4280940592288971,129.0,1730.0,27051.24,0.0450459592044353,0.0539135001599788,0.047432892024517
1.0,qlstm_paper,original_1,lorenz_1000,7.0,0.001,6.0,,16.0,25.0,64.0,0.0441227741539478,0.0446366816759109,0.1643817126750946,0.1671295762062072,0.2727885544300079,0.3040679097175598,129.0,1022.0,14538.94,0.0449950815074973,0.0509206131100654,0.0475939884781837
1.0,qlstm_paper,original_2,lorenz_1000,7.0,0.001,6.0,,4.0,1.0,64.0,2.140330252586864e-05,2.275874066981487e-05,0.0036459439434111,0.0038316228892654,0.9997709393501282,0.9997546076774596,237.0,4631.0,24183.79,0.0341701932251453,0.0371172539889812,0.0338211618363857
1.0,qlstm_paper,original_2,lorenz_1000,7.0,0.001,6.0,,4.0,13.0,64.0,0.03897126019001,0.0412003584206104,0.1562117636203766,0.1596332043409347,0.4039504826068878,0.4215859174728393,237.0,862.0,4599.26,0.0428481914103031,0.0516877472400665,0.0445225276052951
1.0,qlstm_paper,original_2,lorenz_1000,7.0,0.001,6.0,,4.0,25.0,64.0,0.0414264276623725,0.0452183000743389,0.1568967401981353,0.1652588993310928,0.3411496579647064,0.3256568610668182,237.0,631.0,3317.56,0.044596891850233,0.0540608204901218,0.0477940253913402
1.0,qlstm_paper,original_2,lorenz_1000,7.0,0.001,6.0,,8.0,1.0,64.0,2.575602957222145e-05,2.872605182346888e-05,0.0041220616549253,0.0042532789520919,0.9997237920761108,0.9996920824050904,237.0,4316.0,49850.83,0.0418050840497016,0.0497746132314205,0.0431793294847011
1.0,qlstm_paper,original_2,lorenz_1000,7.0,0.001,6.0,,8.0,13.0,64.0,0.0394198186695575,0.0416877567768096,0.1570035815238952,0.1594375520944595,0.3956020772457123,0.4051365256309509,237.0,545.0,6098.52,0.0394311619922518,0.0489707626402378,0.042917925864458
1.0,qlstm_paper,original_2,lorenz_1000,7.0,0.001,6.0,,8.0,25.0,64.0,0.0397561676800251,0.0417920425534248,0.1544981300830841,0.1592917144298553,0.4005057215690613,0.3935813307762146,237.0,708.0,7891.05,0.0448218706995248,0.0521922074258327,0.04733457416296
1.0,qlstm_paper,original_2,lorenz_1000,7.0,0.001,6.0,,16.0,1.0,64.0,1.809731293178629e-05,1.9812585378531367e-05,0.0030916344840079,0.003227351931855,0.9998173117637634,0.9997953176498412,237.0,2692.0,65211.1,0.0177483133040368,0.0216258112341165,0.0189810749143362
1.0,qlstm_paper,original_2,lorenz_1000,7.0,0.001,6.0,,16.0,13.0,64.0,0.0273614581674337,0.0284938886761665,0.1242875605821609,0.1267512440681457,0.6779298186302185,0.6408961415290833,237.0,3180.0,74484.92,0.0436403430998325,0.0518586598336696,0.0455650761723518
1.0,qlstm_paper,original_2,lorenz_1000,7.0,0.001,6.0,,16.0,25.0,64.0,0.0209684800356626,0.021632395684719,0.109048381447792,0.1103543043136596,0.7684304714202881,0.7459597587585449,237.0,4718.0,102654.43,0.0436165858474042,0.0493367165327072,0.0465088374912738
1.0,qlstm_paper,original_3,lorenz_1000,7.0,0.001,6.0,,4.0,1.0,64.0,6.172917437652359e-06,6.729755568812834e-06,0.0018669811543077,0.0018901990260928,0.999933421611786,0.9999281167984008,345.0,2553.0,17943.37,0.0203088161535561,0.0212183985859155,0.0207174867391586
1.0,qlstm_paper,original_3,lorenz_1000,7.0,0.001,6.0,,4.0,13.0,64.0,0.0236338581889867,0.0245915614068508,0.1162174418568611,0.1186759769916534,0.7248790860176086,0.6982752084732056,345.0,4570.0,31705.48,0.0424740027636289,0.0508263632655143,0.0441292040050029
1.0,qlstm_paper,original_3,lorenz_1000,7.0,0.001,6.0,,4.0,25.0,64.0,0.0397012308239936,0.0445756129920482,0.1536114513874054,0.165554404258728,0.3974279165267944,0.3699070513248443,345.0,468.0,3297.98,0.0426343236118555,0.0505208000540733,0.0438041798770427
1.0,qlstm_paper,original_3,lorenz_1000,7.0,0.001,6.0,,8.0,1.0,64.0,8.564124982513022e-06,1.006393267743988e-05,0.0022000123281031,0.0024131210520863,0.9999120831489564,0.999899446964264,345.0,2521.0,35971.27,0.018801524862647,0.0194430276751518,0.0194927062839269
1.0,qlstm_paper,original_3,lorenz_1000,7.0,0.001,6.0,,8.0,13.0,64.0,0.0378579348325729,0.0397632718086242,0.1519989669322967,0.1531869769096374,0.4346899688243866,0.4476728141307831,345.0,905.0,13201.26,0.0391642592847347,0.0487016141414642,0.0428434051573276
1.0,qlstm_paper,original_3,lorenz_1000,7.0,0.001,6.0,,8.0,25.0,64.0,0.042591530829668,0.0435220599174499,0.1576776504516601,0.1602877080440521,0.3216463029384613,0.3291655480861664,345.0,583.0,8576.06,0.0386216029524803,0.0449398905038833,0.0410194844007492
1.0,qlstm_paper,original_3,lorenz_1000,7.0,0.001,6.0,,16.0,1.0,64.0,4.7416447159776e-06,6.0573529481189325e-06,0.0016124738613143,0.0018070638179779,0.9999502897262572,0.9999370574951172,345.0,2953.0,90513.1,0.0177523308433592,0.0214907713234424,0.0192404668778181
1.0,qlstm_paper,original_3,lorenz_1000,7.0,0.001,6.0,,16.0,13.0,64.0,0.0257984492927789,0.0257316119968891,0.1183051243424415,0.1176962852478027,0.7026950716972351,0.6890294551849365,345.0,3283.0,93138.87,0.0443696081638336,0.0532086379826068,0.0474402382969856
1.0,qlstm_paper,original_3,lorenz_1000,7.0,0.001,6.0,,16.0,25.0,64.0,0.0133046237751841,0.0143598848953843,0.0894645377993583,0.0921442136168479,0.8588419556617737,0.8424544334411621,345.0,6460.0,166080.13,0.0444281349579493,0.0522853508591651,0.049403503537178
1.0,qlstm_paper,original_1,lorenz_1000,8.0,0.001,4.0,,4.0,1.0,64.0,0.0027847674209624,0.0027356967329978,0.0412148833274841,0.0405663251876831,0.9695345759391784,0.9701932668685912,87.0,2910.0,6363.72,0.0407802682369947,0.0480264574289321,0.0419724099338054
1.0,qlstm_paper,original_1,lorenz_1000,8.0,0.001,4.0,,4.0,13.0,64.0,0.0371879376471042,0.0437740087509155,0.1454917788505554,0.1598360538482666,0.4601769149303436,0.4617485404014587,87.0,1492.0,3235.49,0.0425742551684379,0.0518757365643978,0.0448383726179599
1.0,qlstm_paper,original_1,lorenz_1000,8.0,0.001,4.0,,4.0,25.0,64.0,0.041163895279169,0.0441662035882473,0.1571198403835296,0.162902757525444,0.3564647436141968,0.3638241589069366,87.0,1463.0,3288.42,0.0448918964713811,0.0539459958672523,0.0487628281116485
1.0,qlstm_paper,original_1,lorenz_1000,8.0,0.001,4.0,,8.0,1.0,64.0,0.0006840017740614,0.0006438672426156,0.021319955587387,0.0202004332095384,0.9926201105117798,0.9930678009986876,87.0,11662.0,56267.43,0.040962684713304,0.0476570911705493,0.0416606217622756
1.0,qlstm_paper,original_1,lorenz_1000,8.0,0.001,4.0,,8.0,13.0,64.0,0.0398224219679832,0.042819358408451,0.1597044318914413,0.1622925251722335,0.3967249393463135,0.4571850895881653,87.0,1295.0,5792.64,0.0438875567167997,0.0525407455861568,0.0458243861794471
1.0,qlstm_paper,original_1,lorenz_1000,8.0,0.001,4.0,,8.0,25.0,64.0,0.0383540168404579,0.0418274812400341,0.1503486186265945,0.1587595641613006,0.4573799669742584,0.4673940539360046,87.0,1217.0,5552.91,0.0437940057367086,0.0531633086502552,0.0477903299033641
1.0,qlstm_paper,original_1,lorenz_1000,8.0,0.001,4.0,,16.0,1.0,64.0,0.0025853479746729,0.0027060562279075,0.039592508226633,0.0391552112996578,0.9718729853630066,0.9707010984420776,87.0,2770.0,26110.94,0.0428840190172195,0.0517244860529899,0.0453962832689285
1.0,qlstm_paper,original_1,lorenz_1000,8.0,0.001,4.0,,16.0,13.0,64.0,0.0394398346543312,0.0390783511102199,0.1619629561901092,0.1563522815704345,0.4045901298522949,0.4835361242294311,87.0,1996.0,18608.57,0.0451551303267478,0.0541763231158256,0.0476413741707801
1.0,qlstm_paper,original_1,lorenz_1000,8.0,0.001,4.0,,16.0,25.0,64.0,0.0389545112848281,0.0424256213009357,0.1532439142465591,0.1609335094690323,0.4749770760536194,0.456973135471344,87.0,1220.0,10399.54,0.0451919154988394,0.0508834086358547,0.0474714674055576
1.0,qlstm_paper,original_2,lorenz_1000,8.0,0.001,4.0,,4.0,1.0,64.0,1.8351167454966344e-05,1.893675471364986e-05,0.0032884450629353,0.0033514383248984,0.9998075366020204,0.9998056292533876,159.0,3200.0,10197.97,0.0199046386405825,0.0222550556063652,0.0206460300832986
1.0,qlstm_paper,original_2,lorenz_1000,8.0,0.001,4.0,,4.0,13.0,64.0,0.036657340824604,0.0372220538556575,0.148066446185112,0.1483811885118484,0.4635692536830902,0.4809409081935882,159.0,1844.0,5757.07,0.0380268603563308,0.0455532968044281,0.0412327833473682
1.0,qlstm_paper,original_2,lorenz_1000,8.0,0.001,4.0,,4.0,25.0,64.0,0.0422425605356693,0.0451267622411251,0.1578096449375152,0.1645136177539825,0.3156606256961822,0.3240167200565338,159.0,547.0,1683.5,0.0434820737689733,0.0519834570586681,0.0456303395330905
1.0,qlstm_paper,original_2,lorenz_1000,8.0,0.001,4.0,,8.0,1.0,64.0,7.414842457365012e-06,8.085484296316281e-06,0.0020479671657085,0.0020902908872812,0.999920666217804,0.9999159574508668,159.0,3953.0,25098.59,0.0214240232482552,0.0255752652883529,0.0226997751742601
1.0,qlstm_paper,original_2,lorenz_1000,8.0,0.001,4.0,,8.0,13.0,64.0,0.0214641317725181,0.0224193334579467,0.1087899133563041,0.1111984476447105,0.7668519616127014,0.7408192157745361,159.0,3963.0,24864.04,0.0433054596185684,0.0523399747908115,0.0462296046316623
1.0,qlstm_paper,original_2,lorenz_1000,8.0,0.001,4.0,,8.0,25.0,64.0,0.0433122925460338,0.0454356297850608,0.1595624685287475,0.163771390914917,0.2993143796920776,0.2960927784442901,159.0,500.0,6240.02,0.0399689372628927,0.051935389637947,0.0463289134204387
1.0,qlstm_paper,original_2,lorenz_1000,8.0,0.001,4.0,,16.0,1.0,64.0,1.7665188352111727e-05,2.023698471020907e-05,0.0032242981251329,0.0034432040993124,0.999817967414856,0.99979168176651,159.0,2948.0,40017.37,0.0196724129840731,0.0235552210360765,0.0217702183872461
1.0,qlstm_paper,original_2,lorenz_1000,8.0,0.001,4.0,,16.0,13.0,64.0,0.0387954525649547,0.0392268151044845,0.1551483869552612,0.1533201485872268,0.4153094589710235,0.461397647857666,159.0,926.0,12305.41,0.0426608487963676,0.0511297769844532,0.0472980253398418
1.0,qlstm_paper,original_2,lorenz_1000,8.0,0.001,4.0,,16.0,25.0,64.0,0.0167606696486473,0.0185927767306566,0.1009848788380622,0.1041635572910308,0.8216032981872559,0.7872806787490845,159.0,7336.0,93585.21,0.0453976972235573,0.0521987676620483,0.048843789845705
1.0,qlstm_paper,original_3,lorenz_1000,8.0,0.001,4.0,,4.0,1.0,64.0,1.2209024134790525e-05,1.2320039786573034e-05,0.0027043526060879,0.0027239790651947,0.9998708367347716,0.9998683333396912,231.0,2528.0,10646.87,0.0155241989530622,0.0184284746646881,0.0159649737179279
1.0,qlstm_paper,original_3,lorenz_1000,8.0,0.001,4.0,,4.0,13.0,64.0,0.0170089304447174,0.0193563662469387,0.0949783697724342,0.1005455702543258,0.8200575113296509,0.7726626396179199,231.0,4018.0,16390.94,0.0429779771715402,0.0526226237416267,0.0464006103575229
1.0,qlstm_paper,original_3,lorenz_1000,8.0,0.001,4.0,,4.0,25.0,64.0,0.0407945588231086,0.0433794669806957,0.1546626687049865,0.1600853651762008,0.3617730140686035,0.3566416501998901,231.0,463.0,1971.69,0.0418162796646356,0.0473963059484958,0.0423463732004165
1.0,qlstm_paper,original_3,lorenz_1000,8.0,0.001,4.0,,8.0,1.0,64.0,3.4832576147891814e-06,3.95761117033544e-06,0.0014037670334801,0.0014570744242519,0.9999642968177797,0.9999589323997498,231.0,2446.0,21089.63,0.0043017543386667,0.0050368541851639,0.0047803395427763
1.0,qlstm_paper,original_3,lorenz_1000,8.0,0.001,4.0,,8.0,13.0,64.0,0.0171446911990642,0.0184366889297962,0.0978202819824218,0.1005624383687973,0.8110548853874207,0.7884923815727234,231.0,2870.0,24950.56,0.0367969024926424,0.0443256646394729,0.0404595881700515
1.0,qlstm_paper,original_3,lorenz_1000,8.0,0.001,4.0,,8.0,25.0,64.0,0.023666238412261,0.0260199550539255,0.1158808544278144,0.1237382143735885,0.726240336894989,0.6707620024681091,231.0,4381.0,37225.55,0.0413371676579117,0.054014716297388,0.0489895567297935
1.0,qlstm_paper,original_3,lorenz_1000,8.0,0.001,4.0,,16.0,1.0,64.0,6.3687307374493685e-06,7.739394277450629e-06,0.0019042599014937,0.0020670678932219,0.999932825565338,0.999918818473816,231.0,2852.0,50062.93,0.0145070802420377,0.0181109346449375,0.0157917980104684
1.0,qlstm_paper,original_3,lorenz_1000,8.0,0.001,4.0,,16.0,13.0,64.0,0.0217437036335468,0.0229906048625707,0.1055616363883018,0.1089130491018295,0.7666522264480591,0.7418399453163147,231.0,3018.0,51806.96,0.043692598119378,0.0514078103005886,0.0473383069038391
1.0,qlstm_paper,original_3,lorenz_1000,8.0,0.001,4.0,,16.0,25.0,64.0,0.0151930963620543,0.0164107289165258,0.0965454652905464,0.0987487509846687,0.8321639895439148,0.8118078708648682,231.0,3813.0,62335.43,0.0418675848179393,0.0489626117050647,0.0459743365645408
1.0,qlstm_paper,original_1,lorenz_1000,8.0,0.001,6.0,,4.0,1.0,64.0,0.0007690449710935,0.0006157898460514,0.0186300259083509,0.0163170024752616,0.991888165473938,0.993422031402588,129.0,9653.0,34730.55,0.0428177345544099,0.0506815016269683,0.0442418083548545
1.0,qlstm_paper,original_1,lorenz_1000,8.0,0.001,6.0,,4.0,13.0,64.0,0.0389343090355396,0.0419864952564239,0.1568003892898559,0.1612389534711837,0.4032985270023346,0.4111205637454986,129.0,1415.0,5167.61,0.0437819812446832,0.053788024932146,0.0464416593313217
1.0,qlstm_paper,original_1,lorenz_1000,8.0,0.001,6.0,,4.0,25.0,64.0,0.042216919362545,0.0436103604733943,0.1597018390893936,0.1634503602981567,0.3193264901638031,0.3467721939086914,129.0,2032.0,7300.38,0.044741190969944,0.0535583198070526,0.0478995665907859
1.0,qlstm_paper,original_1,lorenz_1000,8.0,0.001,6.0,,8.0,1.0,64.0,0.0009252893505617,0.0007934835739433,0.0210888162255287,0.0197849888354539,0.9903541207313538,0.9917674660682678,129.0,17017.0,121732.06,0.0403570944443345,0.0465552471578121,0.0411317199468612
1.0,qlstm_paper,original_1,lorenz_1000,8.0,0.001,6.0,,8.0,13.0,64.0,0.0388465970754623,0.0420319102704525,0.1558074355125427,0.1603494435548782,0.4141094982624054,0.4322898089885711,129.0,1987.0,14786.57,0.045024199411273,0.0547416917979717,0.0474588386714458
1.0,qlstm_paper,original_1,lorenz_1000,8.0,0.001,6.0,,8.0,25.0,64.0,0.0475409738719463,0.0493392795324325,0.174140989780426,0.1780523061752319,-0.0142874782904982,0.027488699182868,129.0,428.0,3216.11,0.0446214497089385,0.0550997294485569,0.0487805753946304
,,,,,,,,,,,,,,,,,,,,,,
1.0,qlstm_paper,original_1,lorenz_1000,8.0,0.001,6.0,,16.0,13.0,64.0,0.0391729511320591,0.0404572747647762,0.1577278673648834,0.1572797447443008,0.4078212380409241,0.4347577095031738,129.0,1717.0,26214.54,0.0450048476457595,0.0541072152554988,0.0476570576429367
1.0,qlstm_paper,original_1,lorenz_1000,8.0,0.001,6.0,,16.0,25.0,64.0,0.0439414978027343,0.0439216829836368,0.1614317595958709,0.161636009812355,0.2821552455425262,0.315170407295227,129.0,1382.0,19892.16,0.0455551333725452,0.0517413429915905,0.0487063974142074
1.0,qlstm_paper,original_2,lorenz_1000,8.0,0.001,6.0,,4.0,1.0,64.0,4.941734459862346e-06,5.2268783292674925e-06,0.0017053305637091,0.001702855923213,0.9999468922615052,0.999944269657135,237.0,4065.0,21582.15,0.0215613584965467,0.0237481407821178,0.0226850099861621
1.0,qlstm_paper,original_2,lorenz_1000,8.0,0.001,6.0,,4.0,13.0,64.0,0.0385682135820388,0.0407581515610218,0.1566274464130401,0.1589454561471939,0.4138336479663849,0.4264861047267914,237.0,1046.0,5640.44,0.0426627084612846,0.0529132112860679,0.0473583154380321
1.0,qlstm_paper,original_2,lorenz_1000,8.0,0.001,6.0,,4.0,25.0,64.0,0.0374881699681282,0.0429254285991191,0.1495995223522186,0.162542462348938,0.4743421375751495,0.4640189111232757,237.0,507.0,2681.8,0.0435202397406101,0.0524944439530372,0.0477106012403965
1.0,qlstm_paper,original_2,lorenz_1000,8.0,0.001,6.0,,8.0,1.0,64.0,3.077951623708941e-05,3.341519186506048e-05,0.0040616015903651,0.0042510223574936,0.999671459197998,0.9996421337127686,237.0,6170.0,70366.58,0.0342002576217055,0.0392256155610084,0.0341539047658443
1.0,qlstm_paper,original_2,lorenz_1000,8.0,0.001,6.0,,8.0,13.0,64.0,0.0391975715756416,0.0412671007215976,0.1567394286394119,0.15870001912117,0.4011985957622528,0.4143741428852081,237.0,799.0,8929.71,0.0439821187406778,0.0538231059908866,0.0466524735093116
1.0,qlstm_paper,original_2,lorenz_1000,8.0,0.001,6.0,,8.0,25.0,64.0,0.0388928912580013,0.0429349094629287,0.1522186696529388,0.1608094573020935,0.4237860441207886,0.4039247334003448,237.0,474.0,5172.99,0.0392666948959231,0.04849124699831,0.0403947420418262
1.0,qlstm_paper,original_2,lorenz_1000,8.0,0.001,6.0,,16.0,1.0,64.0,1.844284633989446e-05,2.1825915609952062e-05,0.0034159447532147,0.003717511659488,0.9998040199279784,0.999767005443573,237.0,3373.0,73827.82,0.0255832016468048,0.0318271480500698,0.0284649450331926
1.0,qlstm_paper,original_2,lorenz_1000,8.0,0.001,6.0,,16.0,13.0,64.0,0.0386790968477726,0.0395317077636718,0.1575229614973068,0.1562261134386062,0.4192959368228912,0.4399307370185852,237.0,769.0,17432.77,0.0433585718274116,0.0517762303352355,0.0486553013324737
1.0,qlstm_paper,original_2,lorenz_1000,8.0,0.001,6.0,,16.0,25.0,64.0,0.0230284575372934,0.0239640399813652,0.1148153692483902,0.1164354607462883,0.7255508899688721,0.7022796273231506,237.0,5972.0,118268.66,0.0451791104343202,0.0517803914844989,0.0490362644195556
1.0,qlstm_paper,original_3,lorenz_1000,8.0,0.001,6.0,,4.0,1.0,64.0,8.011946192709729e-06,1.0039220796898007e-05,0.0021485802717506,0.0024047000333666,0.9999146461486816,0.9998927116394044,345.0,2106.0,14607.8,0.0099514627829194,0.0114592565223574,0.0103191686794161
1.0,qlstm_paper,original_3,lorenz_1000,8.0,0.001,6.0,,4.0,13.0,64.0,0.0234408564865589,0.0249318405985832,0.1138837561011314,0.1182112172245979,0.7303997874259949,0.6957542300224304,345.0,3326.0,22780.89,0.0409570477902889,0.0503980703651905,0.0452489145100116
1.0,qlstm_paper,original_3,lorenz_1000,8.0,0.001,6.0,,4.0,25.0,64.0,0.0429685078561306,0.0451244562864303,0.158726692199707,0.163563072681427,0.2993503510951996,0.3034020960330963,345.0,545.0,3857.5,0.0442200642079114,0.0529090575873851,0.0470720268785953
1.0,qlstm_paper,original_3,lorenz_1000,8.0,0.001,6.0,,8.0,1.0,64.0,9.332016816188116e-06,9.88554074865533e-06,0.0024014976806938,0.0024738565552979,0.9999001622200012,0.999893844127655,345.0,2208.0,31912.59,0.0148065630346536,0.0164174623787403,0.0151489581912755
1.0,qlstm_paper,original_3,lorenz_1000,8.0,0.001,6.0,,8.0,13.0,64.0,0.0357596538960933,0.0392456986010074,0.1495421826839447,0.1558591872453689,0.4864317178726196,0.4484014511108398,345.0,815.0,12035.87,0.04323699362576,0.0526805929839611,0.0468897446990013
1.0,qlstm_paper,original_3,lorenz_1000,8.0,0.001,6.0,,8.0,25.0,64.0,0.0276751313358545,0.0290430337190628,0.1269292086362838,0.1327019929885864,0.6657193303108215,0.6203044056892395,345.0,3342.0,48861.32,0.0438753399997949,0.0539857223629951,0.0477461740374565
1.0,qlstm_paper,original_3,lorenz_1000,8.0,0.001,6.0,,16.0,1.0,64.0,1.1351218745403456e-05,9.625437996874098e-06,0.002502771327272,0.0021886844187974,0.9998780488967896,0.999897599220276,345.0,2143.0,68769.52,0.0113024045713245,0.0137704536318779,0.0119710313156247
1.0,qlstm_paper,original_3,lorenz_1000,8.0,0.001,6.0,,16.0,13.0,64.0,0.0391121171414852,0.0395550467073917,0.1564740687608719,0.1545324176549911,0.4078340232372284,0.4440288543701172,345.0,536.0,16045.57,0.0390772894024848,0.0455580167472362,0.0434932522475719
1.0,qlstm_paper,original_3,lorenz_1000,8.0,0.001,6.0,,16.0,25.0,64.0,0.0163362026214599,0.0195658449083566,0.0987124219536781,0.1067939698696136,0.8234330415725708,0.7714126706123352,345.0,4578.0,119495.3,0.0400856518083148,0.0468507818877697,0.0429829806089401
1.0,qlstm_paper,original_1,lorenz_1000,9.0,0.001,4.0,,4.0,1.0,64.0,0.0027172819245606,0.0027191468980163,0.0407532006502151,0.0406212657690048,0.9702460169792176,0.970301389694214,87.0,3835.0,8531.39,0.0363703157752752,0.0415320247411727,0.0369886942207813
1.0,qlstm_paper,original_1,lorenz_1000,9.0,0.001,4.0,,4.0,13.0,64.0,0.0357758328318595,0.0390637181699276,0.1472136378288269,0.151027113199234,0.4828647971153259,0.4881836771965027,87.0,3231.0,7030.11,0.0437382355332374,0.054531380534172,0.0471405275166034
1.0,qlstm_paper,original_1,lorenz_1000,9.0,0.001,4.0,,4.0,25.0,64.0,0.0418477952480316,0.0468939989805221,0.1591611951589584,0.1715977638959884,0.3509877026081085,0.2989965975284576,87.0,1517.0,3300.63,0.0454363487660884,0.0538352280855178,0.0474564097821712
1.0,qlstm_paper,original_1,lorenz_1000,9.0,0.001,4.0,,8.0,1.0,64.0,0.0007746656192466,0.0006521298200823,0.020379276946187,0.0187800917774438,0.9916219711303712,0.9930065870285034,87.0,13290.0,61478.82,0.0332947628572583,0.03626050055027,0.0331653244793415
1.0,qlstm_paper,original_1,lorenz_1000,9.0,0.001,4.0,,8.0,13.0,64.0,0.0394233241677284,0.0430678464472293,0.1580617725849151,0.1615817993879318,0.4118987321853637,0.4633336961269378,87.0,984.0,4497.12,0.0436574533581733,0.0531991757452487,0.0466264337301254
1.0,qlstm_paper,original_1,lorenz_1000,9.0,0.001,4.0,,8.0,25.0,64.0,0.0477403774857521,0.050424788147211,0.1719452440738678,0.1799537539482116,0.0684160590171814,0.046104148030281,87.0,567.0,2565.75,0.0449519019573926,0.0537328124046325,0.0476644001901149
1.0,qlstm_paper,original_1,lorenz_1000,9.0,0.001,4.0,,16.0,1.0,64.0,0.0008848523139022,0.000794161169324,0.0215022899210453,0.0208702683448791,0.9909752011299132,0.9918783903121948,87.0,13007.0,117956.25,0.0341219864785671,0.040369726717472,0.0362642668187618
1.0,qlstm_paper,original_1,lorenz_1000,9.0,0.001,4.0,,16.0,13.0,64.0,0.0398990102112293,0.043462298810482,0.1599850058555603,0.1620832532644271,0.3921245336532593,0.4207516014575958,87.0,1063.0,10025.94,0.0452735722064971,0.0535793676972389,0.0470478236675262
1.0,qlstm_paper,original_1,lorenz_1000,9.0,0.001,4.0,,16.0,25.0,64.0,0.0436603501439094,0.044873010367155,0.1593492776155471,0.1613537967205047,0.2937164008617401,0.3035032451152801,87.0,4332.0,61097.42,0.0454657802151309,0.0517061799764633,0.0483293198049068
1.0,qlstm_paper,original_2,lorenz_1000,9.0,0.001,4.0,,4.0,1.0,64.0,7.851320333429612e-06,8.43753878143616e-06,0.0022032842971384,0.0021698491182178,0.9999163150787354,0.9999110698699952,159.0,4427.0,13896.68,0.0296646673232316,0.0312105566263198,0.030107507482171
1.0,qlstm_paper,original_2,lorenz_1000,9.0,0.001,4.0,,4.0,13.0,64.0,0.037215981632471,0.0386693067848682,0.1494353413581848,0.1506320089101791,0.4469757974147796,0.4636790454387665,159.0,1172.0,3603.03,0.0418583415448665,0.0519038848578929,0.0466295965015888
1.0,qlstm_paper,original_2,lorenz_1000,9.0,0.001,4.0,,4.0,25.0,64.0,0.0430524498224258,0.0466071665287017,0.1589415520429611,0.1664318889379501,0.2964375019073486,0.2879175245761871,159.0,850.0,2644.83,0.0448705520480871,0.0549258701503276,0.049432199448347
1.0,qlstm_paper,original_2,lorenz_1000,9.0,0.001,4.0,,8.0,1.0,64.0,1.2144767424615566e-05,1.4485067367786542e-05,0.0025942677166312,0.0028498275205492,0.9998719096183776,0.9998489618301392,159.0,3368.0,21176.89,0.0260038958862423,0.0265439506620168,0.0262411236763
1.0,qlstm_paper,original_2,lorenz_1000,9.0,0.001,4.0,,8.0,13.0,64.0,0.038292970508337,0.0409500040113925,0.1542720645666122,0.1579905897378921,0.4235643446445465,0.4340364038944244,159.0,806.0,5136.61,0.0407960247248411,0.0498787388205528,0.0457582585513591
1.0,qlstm_paper,original_2,lorenz_1000,9.0,0.001,4.0,,8.0,25.0,64.0,0.0427056066691875,0.0450754053890705,0.158324733376503,0.1632361561059951,0.313351571559906,0.3159468472003937,159.0,548.0,3505.25,0.0410712543874979,0.0536335818469524,0.0493758544325828
1.0,qlstm_paper,original_2,lorenz_1000,9.0,0.001,4.0,,16.0,1.0,64.0,1.7673031834419817e-05,1.882409742393065e-05,0.0032444531098008,0.0033709330018609,0.9998149871826172,0.9998086094856262,159.0,3079.0,40085.2,0.017782393656671,0.020089192315936,0.019423009827733
1.0,qlstm_paper,original_2,lorenz_1000,9.0,0.001,4.0,,16.0,13.0,64.0,0.0256494116038084,0.0266926921904087,0.1211282163858413,0.1240342259407043,0.7023781538009644,0.6694702506065369,159.0,3272.0,46272.74,0.0430820543318986,0.050311230123043,0.0453874953091144
1.0,qlstm_paper,original_2,lorenz_1000,9.0,0.001,4.0,,16.0,25.0,64.0,0.0405514761805534,0.0432266928255558,0.1565990597009658,0.1636234074831009,0.4036298096179962,0.3986246883869171,159.0,484.0,5850.56,0.0431741699576377,0.047538373619318,0.0436065606772899
1.0,qlstm_paper,original_3,lorenz_1000,9.0,0.001,4.0,,4.0,1.0,64.0,8.552529834560119e-06,8.572226761316415e-06,0.0022345064207911,0.0022183030378073,0.999910295009613,0.9999112486839294,231.0,2755.0,21323.74,0.028564023040235,0.0316743664443492,0.0290757827460765
1.0,qlstm_paper,original_3,lorenz_1000,9.0,0.001,4.0,,4.0,13.0,64.0,0.0170504618436098,0.0191537402570247,0.0968530476093292,0.1020473539829254,0.8163111209869385,0.779479444026947,231.0,4212.0,17457.14,0.042722737416625,0.0529719181358814,0.0462370738387107
1.0,qlstm_paper,original_3,lorenz_1000,9.0,0.001,4.0,,4.0,25.0,64.0,0.0422045961022377,0.0438240990042686,0.1559474319219589,0.160074234008789,0.3237092494964599,0.3453491032123565,231.0,615.0,2565.81,0.0398600153625011,0.050646461546421,0.0451512113213539
1.0,qlstm_paper,original_3,lorenz_1000,9.0,0.001,4.0,,8.0,1.0,64.0,6.862022019049618e-06,6.755843060091138e-06,0.0019416223512962,0.0019437104929238,0.9999263286590576,0.9999290108680724,231.0,2892.0,24708.86,0.0267647515982389,0.0298771522939205,0.0269864592701196
1.0,qlstm_paper,original_3,lorenz_1000,9.0,0.001,4.0,,8.0,13.0,64.0,0.0238694585859775,0.0243315603584051,0.1136535853147506,0.1144375428557396,0.7363322973251343,0.714397668838501,231.0,1873.0,15750.86,0.0383423360064625,0.0450658686459064,0.0392465479671955
1.0,qlstm_paper,original_3,lorenz_1000,9.0,0.001,4.0,,8.0,25.0,64.0,0.0268693771213293,0.0286533776670694,0.1247306764125824,0.1309773325920105,0.6759612560272217,0.6261318922042847,231.0,3044.0,25848.29,0.0444828618317842,0.0541154034435749,0.0488750040531158
1.0,qlstm_paper,original_3,lorenz_1000,9.0,0.001,4.0,,16.0,1.0,64.0,1.010426967695821e-05,1.179511036752956e-05,0.0025562355294823,0.0027825208380818,0.9998942017555236,0.999874711036682,231.0,2343.0,40691.19,0.0052851707441732,0.0065785343758761,0.0058291396126151
1.0,qlstm_paper,original_3,lorenz_1000,9.0,0.001,4.0,,16.0,13.0,64.0,0.0385789647698402,0.038155224174261,0.1555550545454025,0.1513740718364715,0.4218294322490692,0.4743990004062652,231.0,694.0,12286.53,0.0433289557695388,0.0510580129921436,0.0455439090728759
1.0,qlstm_paper,original_3,lorenz_1000,9.0,0.001,4.0,,16.0,25.0,64.0,0.0168433953076601,0.0181800816208124,0.099942423403263,0.1019979864358902,0.8157367706298828,0.7967005372047424,231.0,3869.0,65133.29,0.0433178167376253,0.0493534766137599,0.0457752421498298
1.0,qlstm_paper,original_1,lorenz_1000,9.0,0.001,6.0,,4.0,1.0,64.0,0.000714263645932,0.0006053650286048,0.0186043959110975,0.0168226361274719,0.9925566911697388,0.9936163425445556,129.0,12088.0,42158.26,0.0373160317540168,0.0427438020706176,0.0385305620729923
1.0,qlstm_paper,original_1,lorenz_1000,9.0,0.001,6.0,,4.0,13.0,64.0,0.0387163236737251,0.0419529415667057,0.1566948592662811,0.1610739976167678,0.4091291725635528,0.419696033000946,129.0,1942.0,7142.16,0.0437701759859919,0.0541326291859149,0.0471203550696373
1.0,qlstm_paper,original_1,lorenz_1000,9.0,0.001,6.0,,4.0,25.0,64.0,0.0398875102400779,0.0452329106628894,0.1552732288837433,0.1682324558496475,0.4222671091556549,0.3663720786571502,129.0,1084.0,7220.83,0.0447093430906534,0.0518552549183368,0.0455470792949199
1.0,qlstm_paper,original_1,lorenz_1000,9.0,0.001,6.0,,8.0,1.0,64.0,0.0015086896019056,0.0014700376195833,0.0294172074645757,0.0289298556745052,0.9841228723526,0.9847318530082704,129.0,15313.0,121416.98,0.0391602404415607,0.0437250696122646,0.0391988083720207
1.0,qlstm_paper,original_1,lorenz_1000,9.0,0.001,6.0,,8.0,13.0,64.0,0.0387244001030921,0.0414392091333866,0.1567167341709137,0.1593652367591858,0.4135280251502991,0.4376971125602722,129.0,1791.0,13312.59,0.0438035119324922,0.0535648241639137,0.0471190027892589
1.0,qlstm_paper,original_1,lorenz_1000,9.0,0.001,6.0,,8.0,25.0,64.0,0.0408943928778171,0.0436420030891895,0.157130017876625,0.1643345952033996,0.3830539882183075,0.3756694197654724,129.0,1387.0,10493.05,0.0448780968785285,0.0541378334164619,0.0482665672898292
,,,,,,,,,,,,,,,,,,,,,,
1.0,qlstm_paper,original_1,lorenz_1000,9.0,0.001,6.0,,16.0,13.0,64.0,0.0473939441144466,0.0490750893950462,0.1783677637577057,0.1792647391557693,0.0271649248898029,0.0910124704241752,129.0,694.0,10810.43,0.0454424876719713,0.0535745769739151,0.0474261492490768
1.0,qlstm_paper,original_1,lorenz_1000,9.0,0.001,6.0,,16.0,25.0,64.0,0.0500608831644058,0.0505932420492172,0.1787757128477096,0.180999681353569,-0.1280767172574997,-0.0824341624975204,129.0,527.0,7517.85,0.0455143517918056,0.0519543401896953,0.0487387664616107
1.0,qlstm_paper,original_2,lorenz_1000,9.0,0.001,6.0,,4.0,1.0,64.0,1.335249180556275e-05,1.2426189641701058e-05,0.0028283090796321,0.0026628270279616,0.9998610019683838,0.9998689293861388,237.0,4499.0,23866.79,0.0278402654454112,0.0307583380490541,0.0290849097073078
1.0,qlstm_paper,original_2,lorenz_1000,9.0,0.001,6.0,,4.0,13.0,64.0,0.0373069308698177,0.0394582077860832,0.1513296663761139,0.1550092697143554,0.4448337256908417,0.4496904015541076,237.0,1138.0,5981.38,0.0419944634661078,0.0526148453354835,0.0462490506470203
1.0,qlstm_paper,original_2,lorenz_1000,9.0,0.001,6.0,,4.0,25.0,64.0,0.0405516140162944,0.0448926351964473,0.1555710583925247,0.1653376519680023,0.3739838898181915,0.3879898488521576,237.0,487.0,2628.64,0.0425686206668615,0.050631858408451,0.044674277305603
1.0,qlstm_paper,original_2,lorenz_1000,9.0,0.001,6.0,,8.0,1.0,64.0,1.1258182894380298e-05,1.2862450603279283e-05,0.0025612597819417,0.002736167050898,0.9998794794082642,0.9998621344566344,237.0,3114.0,33197.46,0.0399997994303703,0.0454555787146091,0.0402444824576377
1.0,qlstm_paper,original_2,lorenz_1000,9.0,0.001,6.0,,8.0,13.0,64.0,0.0402544289827346,0.0419181175529956,0.1579931676387787,0.1591539084911346,0.3715068697929382,0.4140120446681976,237.0,886.0,9790.89,0.0433831810951232,0.0531546212732791,0.0466572903096675
1.0,qlstm_paper,original_2,lorenz_1000,9.0,0.001,6.0,,8.0,25.0,64.0,0.0411271713674068,0.043859951198101,0.156296893954277,0.1634273678064346,0.3565797507762909,0.3515763580799103,237.0,630.0,7027.08,0.043645566701889,0.0531039237976074,0.0463593490421772
1.0,qlstm_paper,original_2,lorenz_1000,9.0,0.001,6.0,,16.0,1.0,64.0,1.70230141520733e-05,1.754383629304357e-05,0.0031151822768151,0.003148112213239,0.9998176097869872,0.999815046787262,237.0,2692.0,60620.94,0.0419223705306649,0.0518153980374336,0.0451535694301128
1.0,qlstm_paper,original_2,lorenz_1000,9.0,0.001,6.0,,16.0,13.0,64.0,0.0394410155713558,0.0413595773279666,0.1572936475276947,0.1590400338172912,0.3994333446025848,0.4089671671390533,237.0,897.0,19960.2,0.0440615270286798,0.0516789145767688,0.045290432870388
1.0,qlstm_paper,original_2,lorenz_1000,9.0,0.001,6.0,,16.0,25.0,64.0,0.0215873792767524,0.023242250084877,0.1102969199419021,0.1165170520544052,0.7497950196266174,0.7120084166526794,237.0,3927.0,128007.72,0.0446948355270756,0.0516191534698009,0.0479638986289501
1.0,qlstm_paper,original_3,lorenz_1000,9.0,0.001,6.0,,4.0,1.0,64.0,8.373258424398955e-06,9.448964192415588e-06,0.0022884113714098,0.0023929483722895,0.9999096989631652,0.9999002814292908,345.0,2235.0,15546.19,0.0214318377897143,0.0211490336805582,0.0216068662703037
1.0,qlstm_paper,original_3,lorenz_1000,9.0,0.001,6.0,,4.0,13.0,64.0,0.0379077941179275,0.040177721530199,0.1540997177362442,0.1572433561086654,0.4308333098888397,0.4365659654140472,345.0,648.0,4556.0,0.0389896817505359,0.0481595173478126,0.0412140414118766
1.0,qlstm_paper,original_3,lorenz_1000,9.0,0.001,6.0,,4.0,25.0,64.0,0.0428569763898849,0.0464019961655139,0.158180296421051,0.1662155836820602,0.3034983575344085,0.2898207604885101,345.0,617.0,4343.19,0.0446732390671968,0.0536376982927322,0.0470893904566764
1.0,qlstm_paper,original_3,lorenz_1000,9.0,0.001,6.0,,8.0,1.0,64.0,5.938387857895577e-06,6.496354217233602e-06,0.001858590869233,0.0019137281924486,0.9999377131462096,0.9999304413795472,345.0,2542.0,36161.64,0.0171118197962641,0.0174659639596939,0.0170675031840801
1.0,qlstm_paper,original_3,lorenz_1000,9.0,0.001,6.0,,8.0,13.0,64.0,0.0172084104269742,0.0184442903846502,0.0961346104741096,0.0992841720581054,0.8227694630622864,0.7927125692367554,345.0,3724.0,59794.96,0.0394560577347874,0.0482452176511287,0.044257715344429
1.0,qlstm_paper,original_3,lorenz_1000,9.0,0.001,6.0,,8.0,25.0,64.0,0.0430474765598773,0.0443711020052433,0.1580935269594192,0.1612530350685119,0.3078601062297821,0.3172225058078766,345.0,553.0,8039.89,0.0435866728425025,0.053300391882658,0.048075471073389
1.0,qlstm_paper,original_3,lorenz_1000,9.0,0.001,6.0,,16.0,1.0,64.0,5.6249828048748896e-06,6.587043571926188e-06,0.0017951803747564,0.001970910700038,0.99994158744812,0.9999326467514038,345.0,1930.0,56487.37,0.0055450204061344,0.006921715568751,0.0059006125666201
1.0,qlstm_paper,original_3,lorenz_1000,9.0,0.001,6.0,,16.0,13.0,64.0,0.0242483839392662,0.0240698270499706,0.1124422922730445,0.113732248544693,0.7404610514640808,0.7165431976318359,345.0,3948.0,111545.35,0.0430705290287733,0.0502810403704643,0.0454733669757843
,,,,,,,,,,,,,,,,,,,,,,
1.0,qlstm_paper,original_1,henon_1000,0.0,0.001,4.0,,4.0,1.0,64.0,0.0035003456287086,0.0030438441317528,0.0425773411989212,0.0387768559157848,0.9787200093269348,0.9811412692070008,82.0,11519.0,25143.65,0.0808902248740196,0.0797601491212844,0.0804075673222541
1.0,qlstm_paper,original_1,henon_1000,0.0,0.001,4.0,,4.0,2.0,64.0,0.0368710085749626,0.0349132046103477,0.1451122313737869,0.1418539136648178,0.737163245677948,0.75117427110672,82.0,9162.0,20091.37,0.0794097810983657,0.0795662477612495,0.0802030116319656
1.0,qlstm_paper,original_1,henon_1000,0.0,0.001,4.0,,4.0,4.0,64.0,0.0676074847579002,0.066106416285038,0.2216598242521286,0.2197425216436386,0.4019440710544586,0.4163726270198822,82.0,15502.0,35239.42,0.0811502948403358,0.0796248465776443,0.080308623611927
1.0,qlstm_paper,original_1,henon_1000,0.0,0.001,4.0,,8.0,1.0,64.0,0.0012247166596353,0.0010468936525285,0.0235491823405027,0.0216447561979293,0.99270099401474,0.993564248085022,82.0,17198.0,82351.53,0.0791500970721244,0.0796896666288375,0.08036370575428
1.0,qlstm_paper,original_1,henon_1000,0.0,0.001,4.0,,8.0,2.0,64.0,0.0326781570911407,0.03044437430799,0.1328595727682113,0.1265112608671188,0.7725728750228882,0.7877786159515381,82.0,12677.0,54781.41,0.0791835539042949,0.0797794908285141,0.0806207954883575
1.0,qlstm_paper,original_1,henon_1000,0.0,0.001,4.0,,8.0,4.0,64.0,0.0682554692029953,0.0661082565784454,0.2216388583183288,0.2201914936304092,0.3994795680046081,0.4233419895172119,82.0,21892.0,95662.57,0.0801998853683471,0.0797521770000457,0.0806201323866844
1.0,qlstm_paper,original_1,henon_1000,0.0,0.001,4.0,,16.0,1.0,64.0,0.0006889178184792,0.0005948899197392,0.0173513814806938,0.0158008262515068,0.9959381818771362,0.9964166283607484,82.0,10215.0,91519.45,0.0800894863903522,0.0796042382717132,0.080085664987564
1.0,qlstm_paper,original_1,henon_1000,0.0,0.001,4.0,,16.0,2.0,64.0,0.0307502634823322,0.029312377795577,0.1245835199952125,0.120382510125637,0.7876309156417847,0.79731684923172,82.0,10548.0,95743.09,0.0803999118506908,0.0801827386021614,0.0806642472743988
1.0,qlstm_paper,original_1,henon_1000,0.0,0.001,4.0,,16.0,4.0,64.0,0.0675642266869545,0.0661673918366432,0.2219286412000656,0.2207491397857666,0.3999942243099212,0.4172267615795135,82.0,9947.0,88943.95,0.0763543952256441,0.0797674730420112,0.0801717042922973
1.0,qlstm_paper,original_2,henon_1000,0.0,0.001,4.0,,4.0,1.0,64.0,0.0001061846269294,9.303056867793202e-05,0.0072702406905591,0.0067785768769681,0.9993465542793274,0.9994198679924012,154.0,3284.0,10319.08,0.0744823850691318,0.0731907486915588,0.0738753601908683
1.0,qlstm_paper,original_2,henon_1000,0.0,0.001,4.0,,4.0,2.0,64.0,0.0215108189731836,0.0193719360977411,0.0946148335933685,0.0891377329826355,0.8562164306640625,0.8705150485038757,154.0,10698.0,33221.8,0.0742302127182483,0.0744968652725219,0.0754013508558273
1.0,qlstm_paper,original_2,henon_1000,0.0,0.001,4.0,,4.0,4.0,64.0,0.0647242218255996,0.0613759569823741,0.2130597233772277,0.2086899876594543,0.4428310096263885,0.4807623922824859,154.0,4937.0,28460.63,0.0809937611222267,0.0794035643339157,0.0800961703062057
1.0,qlstm_paper,original_2,henon_1000,0.0,0.001,4.0,,8.0,1.0,64.0,0.000164302997291,0.0001457764883525,0.0092507125809788,0.0089051425457,0.9989823698997498,0.9990874528884888,154.0,5057.0,33213.24,0.0639302484691143,0.0648573413491249,0.0648970082402229
1.0,qlstm_paper,original_2,henon_1000,0.0,0.001,4.0,,8.0,2.0,64.0,0.0243549197912216,0.0219904538244009,0.1127278432250022,0.1043292060494422,0.8356907963752747,0.8515177965164185,154.0,9257.0,62095.97,0.078942384570837,0.0794950574636459,0.0803614780306816
1.0,qlstm_paper,original_2,henon_1000,0.0,0.001,4.0,,8.0,4.0,64.0,0.0651029646396637,0.062914177775383,0.2183500379323959,0.2155395150184631,0.440772145986557,0.4613110721111297,154.0,3965.0,25558.39,0.0791926324367523,0.078684277832508,0.0796010345220565
1.0,qlstm_paper,original_2,henon_1000,0.0,0.001,4.0,,16.0,1.0,64.0,0.0001492983428761,0.0001371401449432,0.0092465616762638,0.0089563643559813,0.9990760684013368,0.999147355556488,154.0,3856.0,53542.56,0.0726766549050808,0.0723959356546402,0.0724166259169578
1.0,qlstm_paper,original_2,henon_1000,0.0,0.001,4.0,,16.0,2.0,64.0,0.0277002435177564,0.0261967964470386,0.1149351596832275,0.1106389909982681,0.8110049962997437,0.8207864761352539,154.0,2598.0,34766.21,0.0806426234543323,0.0802461206912994,0.0807605236768722
1.0,qlstm_paper,original_2,henon_1000,0.0,0.001,4.0,,16.0,4.0,64.0,0.0647990480065345,0.0626364350318908,0.2173099517822265,0.2147863805294037,0.4398799538612366,0.4661804437637329,154.0,4337.0,59577.31,0.0767160840332508,0.0801034048199653,0.0805267095565795
1.0,qlstm_paper,original_3,henon_1000,0.0,0.001,4.0,,4.0,1.0,64.0,9.75938601186499e-05,8.798845374258235e-05,0.0070466957986354,0.0067040780559182,0.9993944764137268,0.9994487166404724,226.0,2148.0,8811.43,0.0418017141520977,0.0404250547289848,0.041017085313797
1.0,qlstm_paper,original_3,henon_1000,0.0,0.001,4.0,,4.0,2.0,64.0,0.0261965133249759,0.0243660435080528,0.112676128745079,0.1062389910221099,0.8212478160858154,0.8336211442947388,226.0,2812.0,11693.94,0.0791873462498188,0.0792419463396072,0.0799418836832046
1.0,qlstm_paper,original_3,henon_1000,0.0,0.001,4.0,,4.0,4.0,64.0,0.0644919723272323,0.0608004368841648,0.2132922410964965,0.2084619402885437,0.4460445940494537,0.4882075488567352,226.0,3673.0,15328.62,0.0805681683123111,0.0790123045444488,0.0797768384218216
1.0,qlstm_paper,original_3,henon_1000,0.0,0.001,4.0,,8.0,1.0,64.0,0.0001128931544371,9.75283546722494e-05,0.0074816029518842,0.0069477129727602,0.9993042349815368,0.9993894696235656,226.0,1994.0,16784.94,0.0444769319146871,0.0441949777305126,0.0451725721359252
1.0,qlstm_paper,original_3,henon_1000,0.0,0.001,4.0,,8.0,2.0,64.0,0.0233686659485101,0.0207599345594644,0.0997523218393325,0.0930365845561027,0.8431002497673035,0.8605435490608215,226.0,4832.0,42951.09,0.0769796498119831,0.0779290273785591,0.0788430571556091
1.0,qlstm_paper,original_3,henon_1000,0.0,0.001,4.0,,8.0,4.0,64.0,0.064862422645092,0.0625050365924835,0.2173681110143661,0.2150537669658661,0.4439170658588409,0.467170238494873,226.0,4081.0,34269.89,0.0799462497234344,0.0794494822621345,0.0803294777870178
1.0,qlstm_paper,original_3,henon_1000,0.0,0.001,4.0,,16.0,1.0,64.0,0.0001148693554569,9.92516870610416e-05,0.0081844255328178,0.0076066758483648,0.9992908239364624,0.9993833303451538,226.0,2463.0,42012.6,0.0576890308409929,0.0574584566056728,0.057562556117773
1.0,qlstm_paper,original_3,henon_1000,0.0,0.001,4.0,,16.0,2.0,64.0,0.0272208582609891,0.0256734900176525,0.111018531024456,0.1059640571475029,0.8143213391304016,0.8247470855712891,226.0,4377.0,78831.85,0.077607886493206,0.0769585818052291,0.0777082666754722
1.0,qlstm_paper,original_3,henon_1000,0.0,0.001,4.0,,16.0,4.0,64.0,0.0654373094439506,0.0639054402709007,0.2186196446418762,0.2172747999429702,0.4312596917152405,0.4484767913818359,226.0,2328.0,42114.68,0.0754115808755159,0.078626625239849,0.0791024789214134
1.0,qlstm_paper,original_1,henon_1000,0.0,0.001,6.0,,4.0,1.0,64.0,0.0223179701715707,0.0203695800155401,0.1097712144255638,0.1034643724560737,0.8521533608436584,0.865151584148407,122.0,28653.0,103097.32,0.0809393562376499,0.0798042938113212,0.0804519727826118
1.0,qlstm_paper,original_1,henon_1000,0.0,0.001,6.0,,4.0,2.0,64.0,0.041941188275814,0.0396908782422542,0.168869063258171,0.1626649051904678,0.6987898945808411,0.7157455682754517,122.0,25354.0,89460.04,0.0796632230281829,0.0797866284847259,0.0804282128810882
1.0,qlstm_paper,original_1,henon_1000,0.0,0.001,6.0,,4.0,4.0,64.0,0.0715273395180702,0.0698213204741478,0.2271197587251663,0.2255724668502807,0.3343745470046997,0.355864018201828,122.0,10070.0,36625.87,0.0812060832977294,0.07968021184206,0.0803686678409576
,,,,,,,,,,,,,,,,,,,,,,
1.0,qlstm_paper,original_1,henon_1000,0.0,0.001,6.0,,8.0,2.0,64.0,0.0413893312215805,0.0390243157744407,0.1654173582792282,0.1587837934494018,0.7044639587402344,0.7214792370796204,122.0,24239.0,170662.42,0.07932620793581,0.0798604488372802,0.0807228460907936
1.0,qlstm_paper,original_1,henon_1000,0.0,0.001,6.0,,8.0,4.0,64.0,0.076053574681282,0.074857547879219,0.2335768789052963,0.2346112430095672,0.2849410474300384,0.3029436469078064,122.0,17807.0,127041.33,0.0803212635219097,0.0798036754131317,0.0806723088026046
,,,,,,,,,,,,,,,,,,,,,,
,,,,,,,,,,,,,,,,,,,,,,
1.0,qlstm_paper,original_1,henon_1000,0.0,0.001,6.0,,16.0,4.0,64.0,0.0718488171696662,0.0708855018019676,0.2274071872234344,0.2275506854057312,0.3256055414676666,0.3377213180065155,122.0,4730.0,136277.91,0.076389093324542,0.079785980284214,0.0801954269409179
1.0,qlstm_paper,original_2,henon_1000,0.0,0.001,6.0,,4.0,1.0,64.0,0.0008165326435118,0.0007058047340251,0.0198073126375675,0.0192749071866273,0.9949561953544616,0.995575785636902,230.0,3843.0,20019.33,0.043647001683712,0.0422358289361,0.0427606031298637
1.0,qlstm_paper,original_2,henon_1000,0.0,0.001,6.0,,4.0,2.0,64.0,0.0272830054163932,0.0248351246118545,0.1229894459247589,0.1142852529883384,0.8131924867630005,0.8299417495727539,230.0,4691.0,24491.73,0.0790782250463962,0.0790902897715568,0.0797789618372917
1.0,qlstm_paper,original_2,henon_1000,0.0,0.001,6.0,,4.0,4.0,64.0,0.0646997392177581,0.0611567646265029,0.2135719954967498,0.2088008970022201,0.4429702162742615,0.4837877750396728,230.0,5974.0,31218.84,0.0811874650418758,0.079611450433731,0.0803535133600235
1.0,qlstm_paper,original_2,henon_1000,0.0,0.001,6.0,,8.0,1.0,64.0,0.0001209374240715,0.0001094876424758,0.0082393381744623,0.0078707356005907,0.9992558360099792,0.9993194937705994,230.0,5692.0,61209.1,0.0683271624147892,0.0687900632619857,0.0693094730377197
1.0,qlstm_paper,original_2,henon_1000,0.0,0.001,6.0,,8.0,2.0,64.0,0.0269729103893041,0.0247133001685142,0.1094894409179687,0.1027169376611709,0.8160799145698547,0.8311843276023865,230.0,4749.0,53123.1,0.0776805981993675,0.0779398009181022,0.0789204612374305
1.0,qlstm_paper,original_2,henon_1000,0.0,0.001,6.0,,8.0,4.0,64.0,0.065188243985176,0.0625500753521919,0.2185940742492675,0.2149701565504074,0.4392371475696563,0.4664825797080993,230.0,7457.0,79029.77,0.0798581905663013,0.0793017148971557,0.0802018418908119
1.0,qlstm_paper,original_2,henon_1000,0.0,0.001,6.0,,16.0,1.0,64.0,0.0005717031308449,0.0005131211946718,0.0179075170308351,0.017095411196351,0.9964836239814758,0.9968027472496032,230.0,4667.0,111721.52,0.0737786676734685,0.0735078975558281,0.0734167844057083
1.0,qlstm_paper,original_2,henon_1000,0.0,0.001,6.0,,16.0,2.0,64.0,0.0287524536252021,0.0272274985909461,0.1186251193284988,0.1146041452884674,0.8030117154121399,0.8128888010978699,230.0,4150.0,165338.49,0.0801521316170692,0.0798240974545478,0.0803496316075325
1.0,qlstm_paper,original_2,henon_1000,0.0,0.001,6.0,,16.0,4.0,64.0,0.0637154430150985,0.062270388007164,0.2157939225435257,0.2139361798763275,0.4550181329250335,0.4703865945339203,230.0,5027.0,111877.01,0.0753882057964801,0.0786299929022789,0.0791001468896865
1.0,qlstm_paper,original_3,henon_1000,0.0,0.001,6.0,,4.0,1.0,64.0,7.122418173821643e-05,6.341378320939839e-05,0.0064364816062152,0.0061864452436566,0.9995611310005188,0.9996037483215332,338.0,4138.0,28982.01,0.066635812446475,0.0652889758348465,0.065973624587059
1.0,qlstm_paper,original_3,henon_1000,0.0,0.001,6.0,,4.0,2.0,64.0,0.0141150774434208,0.0123781654983758,0.0825171619653701,0.0777308568358421,0.9086564779281616,0.9196495413780212,338.0,7257.0,49488.2,0.0790448941290378,0.0791280046105384,0.079806238412857
1.0,qlstm_paper,original_3,henon_1000,0.0,0.001,6.0,,4.0,4.0,64.0,0.0653209462761879,0.0621983967721462,0.214743435382843,0.2104761004447937,0.4342812597751617,0.4705118238925934,338.0,3576.0,24437.31,0.0807123497128486,0.0792198553681373,0.0798978358507156
1.0,qlstm_paper,original_3,henon_1000,0.0,0.001,6.0,,8.0,1.0,64.0,0.0001350917009403,0.00011699294555,0.0082794837653636,0.0076998532749712,0.9991649985313416,0.9992673397064208,338.0,2173.0,32017.96,0.0668197616934776,0.066980555653572,0.067784659564495
1.0,qlstm_paper,original_3,henon_1000,0.0,0.001,6.0,,8.0,2.0,64.0,0.0215734206140041,0.0191954262554645,0.0956240743398666,0.0890329852700233,0.8564548492431641,0.8723225593566895,338.0,8332.0,115614.64,0.0786422692239284,0.0791166126728057,0.0800119191408157
1.0,qlstm_paper,original_3,henon_1000,0.0,0.001,6.0,,8.0,4.0,64.0,0.0657281428575515,0.063441701233387,0.2191982865333557,0.2163458913564682,0.431651622056961,0.4544688165187835,338.0,3130.0,45818.89,0.0801780894398689,0.0796790868043899,0.0805494785308837
1.0,qlstm_paper,original_3,henon_1000,0.0,0.001,6.0,,16.0,1.0,64.0,0.000102559919469,9.023940219776704e-05,0.007230682298541,0.006756876129657,0.9993661642074584,0.9994382858276368,338.0,3258.0,93487.96,0.0727634087204933,0.0724722072482109,0.0725667476654052
,,,,,,,,,,,,,,,,,,,,,,
,,,,,,,,,,,,,,,,,,,,,,
1.0,qlstm_paper,original_1,henon_1000,1.0,0.001,4.0,,4.0,1.0,64.0,0.002477295231074,0.0021481867879629,0.0367195606231689,0.0338239483535289,0.984877586364746,0.9866245985031128,82.0,15418.0,33097.28,0.0804239690303802,0.0795400366187095,0.0801438391208648
1.0,qlstm_paper,original_1,henon_1000,1.0,0.001,4.0,,4.0,2.0,64.0,0.0315073207020759,0.0301361996680498,0.1310696601867675,0.1268704980611801,0.7811400890350342,0.7898060083389282,82.0,7995.0,17405.27,0.0813435807824134,0.0795037820935249,0.0801776349544525
1.0,qlstm_paper,original_1,henon_1000,1.0,0.001,4.0,,4.0,4.0,64.0,0.0674099549651146,0.0659202337265014,0.2214162647724151,0.2193815410137176,0.4044115543365478,0.4186698198318481,82.0,9695.0,20994.31,0.0786050513386726,0.0785474404692649,0.0793038308620452
1.0,qlstm_paper,original_1,henon_1000,1.0,0.001,4.0,,8.0,1.0,64.0,0.0351267158985137,0.0335578136146068,0.130598172545433,0.1290267407894134,0.7505836486816406,0.7612067461013794,82.0,5455.0,24480.62,0.0803371593356132,0.0791680291295051,0.0799184367060661
1.0,qlstm_paper,original_1,henon_1000,1.0,0.001,4.0,,8.0,2.0,64.0,0.032534759491682,0.0305677596479654,0.1309444159269333,0.12613146007061,0.7732916474342346,0.7862873673439026,82.0,6790.0,30164.97,0.0819763459265232,0.0794725641608238,0.0803481191396713
1.0,qlstm_paper,original_1,henon_1000,1.0,0.001,4.0,,8.0,4.0,64.0,0.0681179389357566,0.065715305507183,0.2230033725500106,0.2198990732431411,0.3968634903430938,0.423538476228714,82.0,12448.0,54514.18,0.0792824372649192,0.0797299221158027,0.0805887579917907
1.0,qlstm_paper,original_1,henon_1000,1.0,0.001,4.0,,16.0,1.0,64.0,0.0012058640131726,0.0010233731009066,0.0231605377048254,0.0208321418613195,0.992824137210846,0.9938104152679444,82.0,10773.0,106934.66,0.0791589424014091,0.0799110159277916,0.0803902745246887
1.0,qlstm_paper,original_1,henon_1000,1.0,0.001,4.0,,16.0,2.0,64.0,0.0362729653716087,0.0350098609924316,0.1473593711853027,0.1433277428150177,0.7466623187065125,0.7543678879737854,82.0,9388.0,83972.43,0.0785311706364154,0.0794094800949096,0.0800049677491188
1.0,qlstm_paper,original_1,henon_1000,1.0,0.001,4.0,,16.0,4.0,64.0,0.0675274729728698,0.0662106275558471,0.2222185730934143,0.2210269719362259,0.3998043239116668,0.4155091047286987,82.0,11744.0,104748.87,0.0816446714103222,0.0799032524228096,0.080301284790039
1.0,qlstm_paper,original_2,henon_1000,1.0,0.001,4.0,,4.0,1.0,64.0,8.106103632599115e-05,6.974062125664204e-05,0.0063668782822787,0.0059889238327741,0.9994962811470032,0.9995633363723756,154.0,2536.0,8035.79,0.0618646580725908,0.0604869984090328,0.0614867657423019
1.0,qlstm_paper,original_2,henon_1000,1.0,0.001,4.0,,4.0,2.0,64.0,0.0262694507837295,0.024210313335061,0.1097509413957595,0.1038198098540306,0.8208765983581543,0.8346691131591797,154.0,3892.0,12005.36,0.0766712009906768,0.0740372762084007,0.0751280412077903
1.0,qlstm_paper,original_2,henon_1000,1.0,0.001,4.0,,4.0,4.0,64.0,0.0636820048093795,0.0597973801195621,0.2113200575113296,0.2066369503736496,0.4575542509555816,0.5009101629257202,154.0,5474.0,17313.07,0.0786257028579711,0.0785640254616737,0.0792346000671386
1.0,qlstm_paper,original_2,henon_1000,1.0,0.001,4.0,,8.0,1.0,64.0,0.000261521548964,0.0002389051223872,0.0108529515564441,0.0103883584961295,0.9983842372894288,0.9985061287879944,154.0,3236.0,20420.56,0.0776623159646987,0.076630026102066,0.0772753655910492
1.0,qlstm_paper,original_2,henon_1000,1.0,0.001,4.0,,8.0,2.0,64.0,0.0193002615123987,0.0172788705676794,0.09263676404953,0.0864433646202087,0.873698890209198,0.8872094750404358,154.0,7873.0,49475.55,0.0806179754436016,0.0779140666127204,0.0788782984018325
1.0,qlstm_paper,original_2,henon_1000,1.0,0.001,4.0,,8.0,4.0,64.0,0.0628229081630706,0.0597628019750118,0.2122463285923004,0.208804503083229,0.4715054035186767,0.5022300481796265,154.0,8021.0,52019.88,0.0731220327317714,0.0730921402573585,0.0745024606585502
1.0,qlstm_paper,original_2,henon_1000,1.0,0.001,4.0,,16.0,1.0,64.0,0.0001041677096509,9.226899419445544e-05,0.0072910226881504,0.0068910499103367,0.9993566274642944,0.9994256496429444,154.0,3539.0,48592.25,0.0494721852242946,0.0501283407211303,0.0499756559729576
1.0,qlstm_paper,original_2,henon_1000,1.0,0.001,4.0,,16.0,2.0,64.0,0.0240030065178871,0.0220502372831106,0.1024370342493057,0.097585529088974,0.8386030197143555,0.8519551753997803,154.0,7125.0,89604.17,0.077833479270339,0.0786123797297477,0.0792074874043464
1.0,qlstm_paper,original_2,henon_1000,1.0,0.001,4.0,,16.0,4.0,64.0,0.0646659433841705,0.062850534915924,0.2170877009630203,0.2155984789133072,0.4419831931591034,0.4628492891788482,154.0,5400.0,69818.3,0.0796896316111087,0.078124389052391,0.0785788223147392
1.0,qlstm_paper,original_3,henon_1000,1.0,0.001,4.0,,4.0,1.0,64.0,9.822754509514198e-05,8.790947322268039e-05,0.0069121136330068,0.0065562753006815,0.999390184879303,0.9994499683380128,226.0,2119.0,8883.42,0.0481471952050924,0.046798437833786,0.0478125661611557
1.0,qlstm_paper,original_3,henon_1000,1.0,0.001,4.0,,4.0,2.0,64.0,0.0180188938975334,0.0162325259298086,0.0910050794482231,0.0862165093421936,0.8823316097259521,0.8940309286117554,226.0,6127.0,25086.64,0.0763327986001968,0.0741000548005104,0.0751424059271812
1.0,qlstm_paper,original_3,henon_1000,1.0,0.001,4.0,,4.0,4.0,64.0,0.0643063858151435,0.0610242895781993,0.212906002998352,0.2089340090751648,0.4485321342945099,0.4850596487522125,226.0,2860.0,11807.59,0.0779344640672206,0.0777297914028167,0.0785251334309578
1.0,qlstm_paper,original_3,henon_1000,1.0,0.001,4.0,,8.0,1.0,64.0,0.0001224414736498,0.000108254054794,0.0082175154238939,0.0076917819678783,0.999241292476654,0.999323546886444,226.0,2360.0,19879.12,0.0656001582741737,0.064499981701374,0.0648435428738594
1.0,qlstm_paper,original_3,henon_1000,1.0,0.001,4.0,,8.0,2.0,64.0,0.0209507923573255,0.0188551042228937,0.094768188893795,0.0885730534791946,0.8611286282539368,0.8748969435691833,226.0,6067.0,51710.77,0.0783077307045459,0.0756256356835365,0.0767301693558693
1.0,qlstm_paper,original_3,henon_1000,1.0,0.001,4.0,,8.0,4.0,64.0,0.0620020143687725,0.0589217916131019,0.2097101956605911,0.2070550620555877,0.4824593067169189,0.5134153366088867,226.0,10946.0,96058.63,0.07732744961977,0.0778529644012451,0.0788254290819168
1.0,qlstm_paper,original_3,henon_1000,1.0,0.001,4.0,,16.0,1.0,64.0,0.0002655713469721,0.0002457940136082,0.012088150717318,0.0118873482570052,0.9983958005905152,0.9985135793685912,226.0,2521.0,44790.35,0.0685703016817569,0.0693479105830192,0.0696519389748573
1.0,qlstm_paper,original_3,henon_1000,1.0,0.001,4.0,,16.0,2.0,64.0,0.0268173683434724,0.0254073310643434,0.1107816323637962,0.1067536771297454,0.8177356123924255,0.8269243240356445,226.0,3137.0,55906.42,0.0787145115435123,0.0796008855104446,0.0801317989826202
1.0,qlstm_paper,original_3,henon_1000,1.0,0.001,4.0,,16.0,4.0,64.0,0.0644534602761268,0.0625084787607193,0.216598778963089,0.2149121016263961,0.4447909891605377,0.4675328731536865,226.0,5015.0,88966.99,0.0811504684388637,0.0793833211064338,0.0798133462667465
1.0,qlstm_paper,original_1,henon_1000,1.0,0.001,6.0,,4.0,1.0,64.0,0.0169983189553022,0.0153201343491673,0.0894640758633613,0.083198957145214,0.8903083205223083,0.9009763598442078,122.0,38038.0,138738.26,0.0806793883442878,0.0797987878322601,0.0804392769932746
1.0,qlstm_paper,original_1,henon_1000,1.0,0.001,6.0,,4.0,2.0,64.0,0.0385783314704895,0.0367634780704975,0.1547039598226547,0.1504490077495575,0.7288452386856079,0.7411313652992249,122.0,17984.0,67570.93,0.0815968424081802,0.0797292068600654,0.0803692191839218
1.0,qlstm_paper,original_1,henon_1000,1.0,0.001,6.0,,4.0,4.0,64.0,0.0713698491454124,0.0696237012743949,0.2266895473003387,0.2249784618616104,0.3374602496623993,0.3597622215747833,122.0,8821.0,30798.66,0.0798942968249321,0.0797602534294128,0.080435499548912
,,,,,,,,,,,,,,,,,,,,,,
1.0,qlstm_paper,original_1,henon_1000,1.0,0.001,6.0,,8.0,2.0,64.0,0.0375031493604183,0.0356185548007488,0.1504761427640915,0.1458334475755691,0.7384434342384338,0.7502642273902893,122.0,12047.0,92945.65,0.0823410436511039,0.0798414498567581,0.0806942731142044
1.0,qlstm_paper,original_1,henon_1000,1.0,0.001,6.0,,8.0,4.0,64.0,0.0725339129567146,0.0708249434828758,0.2279692888259887,0.2269778549671173,0.3192221224308014,0.3380654752254486,122.0,4670.0,35131.92,0.0793466910719871,0.0798268914222717,0.0806838199496269
,,,,,,,,,,,,,,,,,,,,,,
,,,,,,,,,,,,,,,,,,,,,,
1.0,qlstm_paper,original_1,henon_1000,1.0,0.001,6.0,,16.0,4.0,64.0,0.0717982500791549,0.0708297491073608,0.2273425608873367,0.2274148166179657,0.3263991177082062,0.3385280668735504,122.0,4494.0,74103.86,0.0815893284976482,0.0798477381467819,0.0802479162812233
1.0,qlstm_paper,original_2,henon_1000,1.0,0.001,6.0,,4.0,1.0,64.0,0.000109945081931,9.569864778313786e-05,0.0080104675143957,0.0075611537322402,0.999323546886444,0.9994015097618104,230.0,5236.0,27970.54,0.0635838311165571,0.0630913451313972,0.063309796154499
1.0,qlstm_paper,original_2,henon_1000,1.0,0.001,6.0,,4.0,2.0,64.0,0.0279012564569711,0.0255800783634185,0.125345766544342,0.1181962937116622,0.8084307909011841,0.8242942690849304,230.0,4518.0,24394.45,0.0809841647744178,0.0789568722248077,0.0796457380056381
1.0,qlstm_paper,original_2,henon_1000,1.0,0.001,6.0,,4.0,4.0,64.0,0.0646456256508827,0.0608434528112411,0.2128918170928955,0.2079209834337234,0.4437891840934753,0.4875696301460266,230.0,9191.0,51994.07,0.0787710331380367,0.0785250440239906,0.0792856514453888
1.0,qlstm_paper,original_2,henon_1000,1.0,0.001,6.0,,8.0,1.0,64.0,0.0006570144905708,0.0005784171517007,0.0187109485268592,0.0177397113293409,0.9959328770637512,0.9963706731796264,230.0,4128.0,48450.08,0.049447301030159,0.0478844344615936,0.0483109168708324
1.0,qlstm_paper,original_2,henon_1000,1.0,0.001,6.0,,8.0,2.0,64.0,0.027672765776515,0.0254622958600521,0.115201748907566,0.1087804287672042,0.8107776641845703,0.8254104256629944,230.0,4034.0,44751.58,0.0821738228201866,0.0796643570065498,0.0805106535553932
1.0,qlstm_paper,original_2,henon_1000,1.0,0.001,6.0,,8.0,4.0,64.0,0.0655165612697601,0.0631101727485656,0.2185225486755371,0.2153067886829376,0.4347449839115143,0.4591404497623443,230.0,4734.0,53361.41,0.0792742647230625,0.0796339139342308,0.0805237591266632
1.0,qlstm_paper,original_2,henon_1000,1.0,0.001,6.0,,16.0,1.0,64.0,0.0002830040175467,0.0002524111187085,0.0127486726269125,0.0121407900005579,0.9982495307922364,0.998432457447052,230.0,5333.0,132076.39,0.0460700012743473,0.0467929020524024,0.0467963255941867
1.0,qlstm_paper,original_2,henon_1000,1.0,0.001,6.0,,16.0,2.0,64.0,0.0268770717084407,0.0253383740782737,0.115246757864952,0.110263891518116,0.8172107338905334,0.8274363279342651,230.0,3693.0,80980.85,0.0790543302893638,0.0799534916877746,0.0804825723171234
1.0,qlstm_paper,original_2,henon_1000,1.0,0.001,6.0,,16.0,4.0,64.0,0.0649030283093452,0.0632108971476554,0.2174073308706283,0.2159257978200912,0.4383665323257446,0.4580771923065185,230.0,5185.0,112796.37,0.0812787987291812,0.0795642510056495,0.0799682587385177
1.0,qlstm_paper,original_3,henon_1000,1.0,0.001,6.0,,4.0,1.0,64.0,0.0001123856709455,0.0001003745855996,0.0074181761592626,0.0070702908560633,0.9993045330047609,0.9993733763694764,338.0,2589.0,18052.62,0.0627457562834024,0.061941135674715,0.0624173507094383
1.0,qlstm_paper,original_3,henon_1000,1.0,0.001,6.0,,4.0,2.0,64.0,0.022864431142807,0.0208738632500171,0.1029528155922889,0.0952651798725128,0.8463201522827148,0.8597398400306702,338.0,12625.0,86364.73,0.0804920621216297,0.0786600038409233,0.0793576166033744
1.0,qlstm_paper,original_3,henon_1000,1.0,0.001,6.0,,4.0,4.0,64.0,0.064709261059761,0.0611355863511562,0.2145435959100723,0.2097639292478561,0.4426168799400329,0.484040766954422,338.0,4080.0,28412.01,0.0796340264379978,0.0795277431607246,0.0802356600761413
1.0,qlstm_paper,original_3,henon_1000,1.0,0.001,6.0,,8.0,1.0,64.0,0.0001356855937046,0.0001227119355462,0.0086329663172364,0.0083818240091204,0.999160647392273,0.9992308020591736,338.0,2944.0,42029.04,0.0706286247819662,0.0693266689777374,0.069980002939701
1.0,qlstm_paper,original_3,henon_1000,1.0,0.001,6.0,,8.0,2.0,64.0,0.0277318023145198,0.0254296697676181,0.113182932138443,0.1063893437385559,0.8102487325668335,0.8256720900535583,338.0,2836.0,40406.16,0.0817186646163463,0.079178474843502,0.0800670832395553
1.0,qlstm_paper,original_3,henon_1000,1.0,0.001,6.0,,8.0,4.0,64.0,0.0658988058567047,0.063593216240406,0.2190357148647308,0.2164207547903061,0.4292314946651459,0.4525798261165619,338.0,2476.0,35369.54,0.078661697357893,0.0790136530995369,0.0799261406064033
1.0,qlstm_paper,original_3,henon_1000,1.0,0.001,6.0,,16.0,1.0,64.0,8.156592957675457e-05,7.230833580251783e-05,0.0066212299279868,0.0062137176282703,0.9994956851005554,0.9995498657226562,338.0,2993.0,85484.25,0.0698498718440532,0.0704720467329025,0.0709699615836143
1.0,qlstm_paper,original_3,henon_1000,1.0,0.001,6.0,,16.0,2.0,64.0,0.0284114442765712,0.0267682541161775,0.1177928000688552,0.1129891350865364,0.805395245552063,0.8163912296295166,338.0,1546.0,45707.7,0.0785373575985431,0.0793249383568763,0.0798771530389785
1.0,qlstm_paper,original_3,henon_1000,1.0,0.001,6.0,,16.0,4.0,64.0,0.065565213561058,0.063870646059513,0.2189166396856308,0.2174103558063507,0.4284212291240692,0.4484959244728088,338.0,2892.0,82652.7,0.0800390727818012,0.0784854590892791,0.0789031311869621
1.0,qlstm_paper,original_1,henon_1000,2.0,0.001,4.0,,4.0,1.0,64.0,0.001741602201946,0.0015441768337041,0.0307798124849796,0.0286633986979722,0.989373505115509,0.9904214143753052,82.0,12210.0,26340.96,0.0817782469093799,0.0802916511893272,0.0809288024902343
1.0,qlstm_paper,original_1,henon_1000,2.0,0.001,4.0,,4.0,2.0,64.0,0.0326841138303279,0.0301692020148038,0.1358712613582611,0.129182830452919,0.7710293531417847,0.7890793085098267,82.0,16122.0,33927.24,0.0815237440168857,0.0799772143363952,0.0806140899658203
1.0,qlstm_paper,original_1,henon_1000,2.0,0.001,4.0,,4.0,4.0,64.0,0.0668334290385246,0.0649432092905044,0.2177881449460983,0.2172746807336807,0.4163918495178222,0.4365059435367584,82.0,14175.0,30082.13,0.080878596752882,0.0792073979973793,0.0799025446176529
1.0,qlstm_paper,original_1,henon_1000,2.0,0.001,4.0,,8.0,1.0,64.0,0.0009558534948155,0.0008194906404241,0.0214506350457668,0.0198854263871908,0.9943087100982666,0.994946300983429,82.0,11295.0,49586.98,0.0807879462838172,0.0799557417631149,0.0806106701493263
1.0,qlstm_paper,original_1,henon_1000,2.0,0.001,4.0,,8.0,2.0,64.0,0.0311562493443489,0.0291020609438419,0.1281206756830215,0.1222259029746055,0.7842006087303162,0.7979270815849304,82.0,6787.0,29510.86,0.0805667728185653,0.0801974684000015,0.0810657665133476
1.0,qlstm_paper,original_1,henon_1000,2.0,0.001,4.0,,8.0,4.0,64.0,0.0680042430758476,0.0657235607504844,0.2229782044887542,0.2197686582803726,0.3980107009410858,0.4227514266967773,82.0,5439.0,24139.47,0.0787914015352726,0.0794489532709121,0.0803382098674774
1.0,qlstm_paper,original_1,henon_1000,2.0,0.001,4.0,,16.0,1.0,64.0,0.0003636148758232,0.0003191691939719,0.0128992525860667,0.0117090996354818,0.9977689385414124,0.9980174899101256,82.0,9049.0,80340.6,0.0791808150708675,0.0788411423563957,0.0792984217405319
1.0,qlstm_paper,original_1,henon_1000,2.0,0.001,4.0,,16.0,2.0,64.0,0.0327363274991512,0.031126094982028,0.1310799717903137,0.1283299326896667,0.7718743681907654,0.7831991314888,82.0,7797.0,70482.64,0.0808368075639009,0.0802682042121887,0.0808057561516761
1.0,qlstm_paper,original_1,henon_1000,2.0,0.001,4.0,,16.0,4.0,64.0,0.0675082728266716,0.066214345395565,0.2219807356595993,0.2207540720701217,0.4005040824413299,0.4155053496360779,82.0,5358.0,48726.04,0.0811806119978428,0.0794803574681282,0.0798906162381172
1.0,qlstm_paper,original_2,henon_1000,2.0,0.001,4.0,,4.0,1.0,64.0,0.0001253979280591,0.0001074320898624,0.0080664623528718,0.0075738593004643,0.99922376871109,0.9993270039558412,154.0,3165.0,10002.99,0.0771629229187965,0.0758422464132309,0.0761430189013481
1.0,qlstm_paper,original_2,henon_1000,2.0,0.001,4.0,,4.0,2.0,64.0,0.0272805579006671,0.0253068301826715,0.1109286248683929,0.1045449450612068,0.8132043480873108,0.8264467120170593,154.0,3905.0,12101.23,0.0816966280341148,0.0801135897636413,0.0806419029831886
1.0,qlstm_paper,original_2,henon_1000,2.0,0.001,4.0,,4.0,4.0,64.0,0.0638687014579773,0.0601180382072925,0.2118110060691833,0.2069168090820312,0.4542009234428406,0.4971201419830322,154.0,6861.0,21124.16,0.0775311365723609,0.075946532189846,0.0768768116831779
1.0,qlstm_paper,original_2,henon_1000,2.0,0.001,4.0,,8.0,1.0,64.0,9.826785390032455e-05,8.549742778996006e-05,0.0070761637762188,0.006616077851504,0.9993900656700134,0.999464750289917,154.0,2808.0,17987.42,0.0652775008231401,0.0649049580097198,0.0651209652423858
1.0,qlstm_paper,original_2,henon_1000,2.0,0.001,4.0,,8.0,2.0,64.0,0.0210243426263332,0.0184054616838693,0.0944390371441841,0.087094597518444,0.8601495623588562,0.8775177597999573,154.0,7028.0,44470.37,0.0754490062594413,0.0743285045027732,0.0755944475531578
1.0,qlstm_paper,original_2,henon_1000,2.0,0.001,4.0,,8.0,4.0,64.0,0.0641602426767349,0.0617356933653354,0.2152277678251266,0.2125549763441085,0.4543980956077575,0.4784528315067291,154.0,7207.0,45675.35,0.0779303975403308,0.0787062421441078,0.0796121731400489
1.0,qlstm_paper,original_2,henon_1000,2.0,0.001,4.0,,16.0,1.0,64.0,0.0003498429141473,0.0003263853141106,0.0136542348191142,0.0133792692795395,0.9978336691856384,0.997965395450592,154.0,2088.0,27633.75,0.0389935763552784,0.0378680564463138,0.038516417145729
1.0,qlstm_paper,original_2,henon_1000,2.0,0.001,4.0,,16.0,2.0,64.0,0.0254165250808,0.0237882640212774,0.108671061694622,0.1037399321794509,0.8280863761901855,0.8390896320343018,154.0,6905.0,95626.5,0.081030822917819,0.0803915411233902,0.0808983296155929
1.0,qlstm_paper,original_2,henon_1000,2.0,0.001,4.0,,16.0,4.0,64.0,0.0646301284432411,0.0630624815821647,0.2174175083637237,0.2159875631332397,0.4423658847808838,0.4600837826728821,154.0,3597.0,48209.13,0.0805721625685691,0.0789711400866508,0.0793817713856697
1.0,qlstm_paper,original_3,henon_1000,2.0,0.001,4.0,,4.0,1.0,64.0,9.925696213031188e-05,8.71235242811963e-05,0.00710120331496,0.0067905653268098,0.9993854761123656,0.9994543194770812,226.0,2486.0,10411.84,0.0628702525049448,0.0613823980093002,0.0619126409292221
1.0,qlstm_paper,original_3,henon_1000,2.0,0.001,4.0,,4.0,2.0,64.0,0.0186874661594629,0.0166540089994668,0.0967326834797859,0.089980348944664,0.8770967721939087,0.8905699849128723,226.0,6519.0,27092.51,0.0785166710615158,0.0767616108059883,0.0776647254824638
1.0,qlstm_paper,original_3,henon_1000,2.0,0.001,4.0,,4.0,4.0,64.0,0.0650846809148788,0.0617186278104782,0.214950829744339,0.2101477682590484,0.4372414350509643,0.4762218594551086,226.0,2542.0,10499.49,0.079611349850893,0.077920988202095,0.0787012130022049
1.0,qlstm_paper,original_3,henon_1000,2.0,0.001,4.0,,8.0,1.0,64.0,0.0001080495057976,9.446050535188988e-05,0.0071299187839031,0.0067231287248432,0.9993363618850708,0.9994102716445924,226.0,2062.0,17985.19,0.054941276833415,0.0546508766710758,0.054948553442955
1.0,qlstm_paper,original_3,henon_1000,2.0,0.001,4.0,,8.0,2.0,64.0,0.0217168666422367,0.0196428280323743,0.0981166064739227,0.0919065102934837,0.8559929728507996,0.8697977662086487,226.0,4598.0,39594.79,0.0739469423890113,0.0729755759239196,0.0742846727371215
1.0,qlstm_paper,original_3,henon_1000,2.0,0.001,4.0,,8.0,4.0,64.0,0.0640148818492889,0.0613189674913883,0.214844524860382,0.212321400642395,0.4566109478473663,0.4836873114109039,226.0,5176.0,43922.07,0.0769567139446735,0.0774342343211174,0.0784776359796524
1.0,qlstm_paper,original_3,henon_1000,2.0,0.001,4.0,,16.0,1.0,64.0,0.0001069850914063,9.441482688998803e-05,0.0075815697200596,0.0070997914299368,0.9993404746055604,0.9994117021560668,226.0,1800.0,31389.67,0.05209596529603,0.0514834150671958,0.0515078008174896
1.0,qlstm_paper,original_3,henon_1000,2.0,0.001,4.0,,16.0,2.0,64.0,0.0176998581737279,0.0161221902817487,0.094172827899456,0.0885655507445335,0.8848905563354492,0.8954080939292908,226.0,7113.0,121226.93,0.0764335237443447,0.0757175534963607,0.0764291957020759
1.0,qlstm_paper,original_3,henon_1000,2.0,0.001,4.0,,16.0,4.0,64.0,0.0642411634325981,0.0627718120813369,0.2160724103450775,0.2152176946401596,0.4485553205013275,0.4638235569000244,226.0,3951.0,67703.83,0.0796701863408088,0.0778474882245063,0.0783282965421676
1.0,qlstm_paper,original_1,henon_1000,2.0,0.001,6.0,,4.0,1.0,64.0,0.080197162926197,0.0795690193772316,0.2393424212932586,0.2417207658290863,0.1632388979196548,0.1535794734954834,122.0,1065.0,3838.2,0.0813110925257206,0.0798370465636253,0.0804809853434562
1.0,qlstm_paper,original_1,henon_1000,2.0,0.001,6.0,,4.0,2.0,64.0,0.0403241403400898,0.0380827374756336,0.1638712882995605,0.1583127975463867,0.7103011608123779,0.7270762324333191,122.0,35092.0,121580.22,0.0813727878034114,0.0798233523964881,0.0804645121097564
1.0,qlstm_paper,original_1,henon_1000,2.0,0.001,6.0,,4.0,4.0,64.0,0.0711148604750633,0.0693500712513923,0.2261835485696792,0.224571019411087,0.3426531255245209,0.3649911880493164,122.0,12460.0,44573.72,0.0814206086099147,0.0797219648957252,0.080406554043293
1.0,qlstm_paper,original_1,henon_1000,2.0,0.001,6.0,,8.0,1.0,64.0,0.0221648402512073,0.020277926698327,0.1085690855979919,0.1019472852349281,0.8517007231712341,0.8640211820602417,122.0,23580.0,170091.6,0.0761706724762916,0.0754309073090553,0.0760545209050178
,,,,,,,,,,,,,,,,,,,,,,
1.0,qlstm_paper,original_1,henon_1000,2.0,0.001,6.0,,8.0,4.0,64.0,0.0723354294896125,0.0705529302358627,0.2288633435964584,0.2273512184619903,0.3233845233917236,0.343786358833313,122.0,12162.0,94938.77,0.0792115546762943,0.079873614013195,0.0807387828826904
,,,,,,,,,,,,,,,,,,,,,,
,,,,,,,,,,,,,,,,,,,,,,
1.0,qlstm_paper,original_1,henon_1000,2.0,0.001,6.0,,16.0,4.0,64.0,0.0714528933167457,0.070463553071022,0.2269463390111923,0.227163553237915,0.3348726034164428,0.3477421998977661,122.0,4921.0,79303.36,0.0814621321856975,0.0797290802001953,0.0801347345113754
1.0,qlstm_paper,original_2,henon_1000,2.0,0.001,6.0,,4.0,1.0,64.0,0.0002124743623426,0.0001884295197669,0.0110657894983887,0.0104493936523795,0.9986841082572936,0.9988193511962892,230.0,4138.0,23825.15,0.0784059971570968,0.0769797936081886,0.0775042623281478
1.0,qlstm_paper,original_2,henon_1000,2.0,0.001,6.0,,4.0,2.0,64.0,0.0265556164085865,0.0248210318386554,0.1106877475976944,0.1051454991102218,0.818744957447052,0.8302340507507324,230.0,4510.0,24141.6,0.0814361341297626,0.0798771381378173,0.0805216878652572
1.0,qlstm_paper,original_2,henon_1000,2.0,0.001,6.0,,4.0,4.0,64.0,0.0642187967896461,0.0612727142870426,0.2134789824485778,0.2103453576564788,0.4492962658405304,0.48250812292099,230.0,6872.0,35076.3,0.080000501871109,0.0784264355897903,0.0790724158287048
1.0,qlstm_paper,original_2,henon_1000,2.0,0.001,6.0,,8.0,1.0,64.0,0.0007584507111459,0.0006693179602734,0.0206116270273923,0.0192973967641592,0.9953325986862184,0.9958167672157288,230.0,3222.0,35122.19,0.0764309026300907,0.0757812559604644,0.076263427734375
1.0,qlstm_paper,original_2,henon_1000,2.0,0.001,6.0,,8.0,2.0,64.0,0.0284025408327579,0.0256175119429826,0.1203561872243881,0.1112857609987258,0.8054526448249817,0.8242250680923462,230.0,3786.0,41767.03,0.0764801114797592,0.0764307603240013,0.0772991552948951
1.0,qlstm_paper,original_2,henon_1000,2.0,0.001,6.0,,8.0,4.0,64.0,0.0666902288794517,0.0642282590270042,0.2208040654659271,0.2178011387586593,0.4174898862838745,0.4438188076019287,230.0,3491.0,38040.24,0.078622955083847,0.0793045461177825,0.0801906958222389
1.0,qlstm_paper,original_2,henon_1000,2.0,0.001,6.0,,16.0,1.0,64.0,0.0002040606195805,0.0001723933237371,0.0105020059272646,0.0095974132418632,0.9987614750862122,0.998928964138031,230.0,3918.0,87033.93,0.0789478555321693,0.0784940868616104,0.079125314950943
1.0,qlstm_paper,original_2,henon_1000,2.0,0.001,6.0,,16.0,2.0,64.0,0.0273730084300041,0.0259980931878089,0.1125570088624954,0.1079886481165885,0.8131957054138184,0.8224972486495972,230.0,3806.0,144073.36,0.0795490432530641,0.0789573490619659,0.0795166566967964
,,,,,,,,,,,,,,,,,,,,,,
1.0,qlstm_paper,original_3,henon_1000,2.0,0.001,6.0,,4.0,1.0,64.0,6.085115091991611e-05,5.399248402682133e-05,0.0058372099883854,0.0054701720364391,0.9996318817138672,0.9996663331985474,338.0,3616.0,25006.61,0.0734922163188457,0.0722250640392303,0.0724980682134628
1.0,qlstm_paper,original_3,henon_1000,2.0,0.001,6.0,,4.0,2.0,64.0,0.0211757253855466,0.0190268084406852,0.0951740965247154,0.0889874473214149,0.8586534857749939,0.8731345534324646,338.0,6059.0,41419.59,0.0800258263945579,0.0784526392817497,0.0791893228888511
1.0,qlstm_paper,original_3,henon_1000,2.0,0.001,6.0,,4.0,4.0,64.0,0.0644486322999,0.0607023239135742,0.2124281823635101,0.2076823264360427,0.4462428987026214,0.4896347522735595,338.0,4547.0,31208.88,0.0806512087583541,0.0789743885397911,0.0796869471669197
1.0,qlstm_paper,original_3,henon_1000,2.0,0.001,6.0,,8.0,1.0,64.0,0.0001297468115808,0.0001144956040661,0.0077818376012146,0.0073776999488472,0.999196231365204,0.9992840886116028,338.0,2428.0,35233.82,0.0747032791376113,0.0740253254771232,0.0746061131358146
1.0,qlstm_paper,original_3,henon_1000,2.0,0.001,6.0,,8.0,2.0,64.0,0.0217714626342058,0.0192458275705575,0.0956255421042442,0.0887127965688705,0.8548940420150757,0.87171870470047,338.0,4882.0,113201.18,0.0790192700922489,0.078501284122467,0.0794382467865943
1.0,qlstm_paper,original_3,henon_1000,2.0,0.001,6.0,,8.0,4.0,64.0,0.0630495324730873,0.0607788041234016,0.2127436846494674,0.2107752859592437,0.4690752923488617,0.4901903867721557,338.0,7944.0,119837.86,0.0786714300513267,0.079375259578228,0.0802586823701858
1.0,qlstm_paper,original_3,henon_1000,2.0,0.001,6.0,,16.0,1.0,64.0,0.0001796545402612,0.0001635725639062,0.0093824127689003,0.0089582595974206,0.9988964796066284,0.9989840984344482,338.0,2610.0,127324.4,0.0707527790218591,0.0703033432364463,0.0705784186720848
1.0,qlstm_paper,original_3,henon_1000,2.0,0.001,6.0,,16.0,2.0,64.0,0.0246571023017168,0.0231701638549566,0.1068315058946609,0.101552665233612,0.8338171243667603,0.8438681960105896,338.0,4188.0,121547.54,0.0793578054755926,0.078799158334732,0.0793770775198936
,,,,,,,,,,,,,,,,,,,,,,
1.0,qlstm_paper,original_1,henon_1000,3.0,0.001,4.0,,4.0,1.0,64.0,0.0026268705260008,0.0023371030110865,0.0369396544992923,0.0344519838690757,0.984177827835083,0.9856444597244264,82.0,10038.0,41708.41,0.0719545140862465,0.0702838525176048,0.0709040910005569
1.0,qlstm_paper,original_1,henon_1000,3.0,0.001,4.0,,4.0,2.0,64.0,0.033899188041687,0.0316565595567226,0.1353066563606262,0.130649909377098,0.761183500289917,0.7772558331489563,82.0,8691.0,18978.65,0.0808585077524185,0.0796786844730377,0.0803313180804252
1.0,qlstm_paper,original_1,henon_1000,3.0,0.001,4.0,,4.0,4.0,64.0,0.0665249153971672,0.0648928880691528,0.2200263738632202,0.2176317572593689,0.4169144332408905,0.432666540145874,82.0,9501.0,20575.05,0.0802130922675132,0.0798755660653114,0.080558605492115
1.0,qlstm_paper,original_1,henon_1000,3.0,0.001,4.0,,8.0,1.0,64.0,0.0011767257237806,0.0009872737573459,0.0247364472597837,0.0224016811698675,0.9930645227432252,0.9940038323402404,82.0,21199.0,92957.79,0.0800613515079021,0.0795448347926139,0.0802564173936843
1.0,qlstm_paper,original_1,henon_1000,3.0,0.001,4.0,,8.0,2.0,64.0,0.0310060419142246,0.0287594459950923,0.129961684346199,0.123173676431179,0.785424530506134,0.8004660606384277,82.0,8436.0,37373.86,0.0794598884880542,0.0795873999595642,0.0804503336548805
1.0,qlstm_paper,original_1,henon_1000,3.0,0.001,4.0,,8.0,4.0,64.0,0.0680550336837768,0.0657209381461143,0.2230097204446792,0.2198121100664138,0.3974394202232361,0.4226585328578949,82.0,6724.0,55952.85,0.0794199183583259,0.0799745544791221,0.0808333456516265
1.0,qlstm_paper,original_1,henon_1000,3.0,0.001,4.0,,16.0,1.0,64.0,0.000426067301305,0.0003691873862408,0.0141963362693786,0.01295349560678,0.9974128007888794,0.997715175151825,82.0,10326.0,100224.27,0.0816148746758699,0.080155111849308,0.0806633457541465
1.0,qlstm_paper,original_1,henon_1000,3.0,0.001,4.0,,16.0,2.0,64.0,0.0309065096080303,0.0294726714491844,0.1253843307495117,0.1209310814738273,0.7862152457237244,0.7959521412849426,82.0,9526.0,93642.27,0.0807382695376873,0.0801843106746673,0.0806925594806671
1.0,qlstm_paper,original_1,henon_1000,3.0,0.001,4.0,,16.0,4.0,64.0,0.0664917826652526,0.0651274695992469,0.2203727811574936,0.2188790738582611,0.4161688387393951,0.4321203529834747,82.0,7678.0,69711.78,0.0810284242033958,0.079672560095787,0.0800720602273941
1.0,qlstm_paper,original_2,henon_1000,3.0,0.001,4.0,,4.0,1.0,64.0,0.0001343882031505,0.0001268638734472,0.0082301096990704,0.0079562040045857,0.9991709589958192,0.9992071390151978,154.0,3586.0,11024.32,0.0438352029770612,0.0417173169553279,0.0423592180013656
1.0,qlstm_paper,original_2,henon_1000,3.0,0.001,4.0,,4.0,2.0,64.0,0.0274063609540462,0.0252697896212339,0.111172467470169,0.1046246439218521,0.812239944934845,0.8267044425010681,154.0,2883.0,8985.91,0.078280770778656,0.0767756551504135,0.0776406377553939
1.0,qlstm_paper,original_2,henon_1000,3.0,0.001,4.0,,4.0,4.0,64.0,0.0633295699954032,0.0589436292648315,0.2104980945587158,0.2049748003482818,0.4614539742469787,0.5122034549713135,154.0,9509.0,28994.44,0.0798283644020557,0.0794659182429313,0.0801590979099273
1.0,qlstm_paper,original_2,henon_1000,3.0,0.001,4.0,,8.0,1.0,64.0,7.802234904374927e-05,6.543130439240485e-05,0.0065064807422459,0.0059213303029537,0.9995194673538208,0.9995901584625244,154.0,2422.0,15285.4,0.0627890013158321,0.0626631826162338,0.0627647563815116
1.0,qlstm_paper,original_2,henon_1000,3.0,0.001,4.0,,8.0,2.0,64.0,0.0226481463760137,0.0203326176851987,0.0996431484818458,0.0932108461856842,0.8485138416290283,0.8637993931770325,154.0,7958.0,49765.81,0.074393031001091,0.0734714567661285,0.0748408362269401
1.0,qlstm_paper,original_2,henon_1000,3.0,0.001,4.0,,8.0,4.0,64.0,0.0654408261179924,0.0626034066081047,0.2179504483938217,0.2150342017412185,0.4358066320419311,0.4661137461662292,154.0,5177.0,56277.09,0.0790672339498996,0.0797059014439582,0.0805860161781311
1.0,qlstm_paper,original_2,henon_1000,3.0,0.001,4.0,,16.0,1.0,64.0,0.0001544658007333,0.0001342391915386,0.0084797292947769,0.0080899149179458,0.9990676641464232,0.9991717338562012,154.0,2322.0,30079.29,0.0772715024650096,0.0759367644786834,0.0761026293039321
1.0,qlstm_paper,original_2,henon_1000,3.0,0.001,4.0,,16.0,2.0,64.0,0.0285622142255306,0.0268212240189313,0.1195546463131904,0.113732174038887,0.8041066527366638,0.8159920573234558,154.0,2540.0,34900.37,0.0780290074646472,0.0773433893918991,0.0779662877321243
1.0,qlstm_paper,original_2,henon_1000,3.0,0.001,4.0,,16.0,4.0,64.0,0.0630536824464798,0.0614370815455913,0.2132889479398727,0.2123434543609619,0.4651020765304565,0.4822496771812439,154.0,6283.0,84396.08,0.0810981355607509,0.0796714499592781,0.0800861418247222
1.0,qlstm_paper,original_3,henon_1000,3.0,0.001,4.0,,4.0,1.0,64.0,0.0001384544884786,0.0001265013270312,0.0091436086222529,0.0087465792894363,0.9991469383239746,0.999211311340332,226.0,3045.0,12609.44,0.0520360678434371,0.0499741435050964,0.051100131124258
1.0,qlstm_paper,original_3,henon_1000,3.0,0.001,4.0,,4.0,2.0,64.0,0.0198642760515213,0.0177918076515197,0.0914613530039787,0.0855061933398246,0.8682383894920349,0.8822137713432312,226.0,5646.0,23411.7,0.077612792700529,0.076720118522644,0.0775008499622345
1.0,qlstm_paper,original_3,henon_1000,3.0,0.001,4.0,,4.0,4.0,64.0,0.0632484406232833,0.060024444013834,0.2108755111694336,0.2070468217134475,0.4627749025821686,0.4984320998191833,226.0,5630.0,23120.42,0.0791543893516063,0.0788087546825409,0.0793937668204307
1.0,qlstm_paper,original_3,henon_1000,3.0,0.001,4.0,,8.0,1.0,64.0,0.0001837888848967,0.0001591424806974,0.0093363374471664,0.0087980180978775,0.9988627433776855,0.9990040063858032,226.0,2267.0,19083.46,0.0671174608170986,0.0667074397206306,0.0671119913458824
1.0,qlstm_paper,original_3,henon_1000,3.0,0.001,4.0,,8.0,2.0,64.0,0.0272794403135776,0.0251458920538425,0.1113879829645156,0.1049737557768821,0.8137597441673279,0.8281928300857544,226.0,2592.0,22337.17,0.0726603537797927,0.07306969165802,0.0741506814956665
1.0,qlstm_paper,original_3,henon_1000,3.0,0.001,4.0,,8.0,4.0,64.0,0.0635484606027603,0.0610287226736545,0.2146834433078766,0.2116332054138183,0.4622337222099304,0.4868088066577911,226.0,6082.0,53448.83,0.078883197158575,0.0794169753789901,0.0803049653768539
1.0,qlstm_paper,original_3,henon_1000,3.0,0.001,4.0,,16.0,1.0,64.0,0.0001736338163027,0.0001572734327055,0.0096210613846778,0.0092782052233815,0.9989259839057922,0.9990215301513672,226.0,2593.0,44031.32,0.0654952000826597,0.0644320398569107,0.0644876211881637
1.0,qlstm_paper,original_3,henon_1000,3.0,0.001,4.0,,16.0,2.0,64.0,0.0270044133067131,0.0252983514219522,0.113731250166893,0.1085226163268089,0.8161068558692932,0.827598512172699,226.0,3435.0,97021.69,0.0747926980257034,0.0743419602513313,0.0750326365232467
1.0,qlstm_paper,original_3,henon_1000,3.0,0.001,4.0,,16.0,4.0,64.0,0.0629190802574157,0.0608917102217674,0.2133025527000427,0.2110960781574249,0.4667094945907593,0.4887767136096954,226.0,5460.0,99193.6,0.0788246192038059,0.0773315951228141,0.0778099969029426
1.0,qlstm_paper,original_1,henon_1000,3.0,0.001,6.0,,4.0,1.0,64.0,0.0206216257065534,0.0186842307448387,0.1050821989774704,0.0976205840706825,0.8629795908927917,0.8757126927375793,122.0,20972.0,73773.38,0.0813561961054802,0.0798815935850143,0.0805157870054245
1.0,qlstm_paper,original_1,henon_1000,3.0,0.001,6.0,,4.0,2.0,64.0,0.0389033369719982,0.0367952696979045,0.1596517860889434,0.1545525193214416,0.7222135066986084,0.737584114074707,122.0,24988.0,94763.07,0.080926601588726,0.0797280892729759,0.0803795084357261
1.0,qlstm_paper,original_1,henon_1000,3.0,0.001,6.0,,4.0,4.0,64.0,0.0714966058731079,0.0699588358402252,0.2269124537706375,0.225604772567749,0.3352293074131012,0.3531412184238434,122.0,6819.0,26182.7,0.0801513843238353,0.0797642916440963,0.0804466158151626
,,,,,,,,,,,,,,,,,,,,,,
1.0,qlstm_paper,original_1,henon_1000,3.0,0.001,6.0,,8.0,2.0,64.0,0.0390850342810153,0.0368259325623512,0.1583618521690368,0.1525490134954452,0.7220086455345154,0.7378193736076355,122.0,24123.0,172667.69,0.0797287747263908,0.0798016861081123,0.0806698873639106
1.0,qlstm_paper,original_1,henon_1000,3.0,0.001,6.0,,8.0,4.0,64.0,0.0718293637037277,0.0699689164757728,0.2274680733680725,0.2259799689054489,0.3331257104873657,0.3543047308921814,122.0,9869.0,70936.38,0.0792614392936229,0.0797735452651977,0.0806440562009811
,,,,,,,,,,,,,,,,,,,,,,
,,,,,,,,,,,,,,,,,,,,,,
1.0,qlstm_paper,original_1,henon_1000,3.0,0.001,6.0,,16.0,4.0,64.0,0.071871817111969,0.0708997771143913,0.2274019122123718,0.2275771051645279,0.3252392411231994,0.3375769853591919,122.0,4232.0,63539.41,0.0808272249996662,0.0793978944420814,0.0798192545771598
1.0,qlstm_paper,original_2,henon_1000,3.0,0.001,6.0,,4.0,1.0,64.0,0.000393877067836,0.0003462743479758,0.0156586971133947,0.0146017242223024,0.9975771307945251,0.9978387355804444,230.0,5439.0,28896.46,0.0687067233026027,0.0670071542263031,0.0672850310802459
1.0,qlstm_paper,original_2,henon_1000,3.0,0.001,6.0,,4.0,2.0,64.0,0.0257955249398946,0.0234326422214508,0.1182723417878151,0.1105492860078811,0.8246212005615234,0.840538740158081,230.0,3988.0,20789.97,0.0796251118183136,0.07850843667984,0.0791913047432899
1.0,qlstm_paper,original_2,henon_1000,3.0,0.001,6.0,,4.0,4.0,64.0,0.0657160133123397,0.0622074902057647,0.2156108319759369,0.2107255309820175,0.4284678995609283,0.4697570502758026,230.0,6958.0,62754.1,0.0798984691500663,0.0795520544052124,0.0802310928702354
1.0,qlstm_paper,original_2,henon_1000,3.0,0.001,6.0,,8.0,1.0,64.0,0.0006955484859645,0.0006167498067952,0.019172079861164,0.0181863624602556,0.995701789855957,0.9961351752281188,230.0,3361.0,37591.08,0.0687166351824998,0.0683078169822692,0.0685956701636314
1.0,qlstm_paper,original_2,henon_1000,3.0,0.001,6.0,,8.0,2.0,64.0,0.0220786649733781,0.0195490401238203,0.1022980883717536,0.0945851802825927,0.852975070476532,0.8698907494544983,230.0,7388.0,132907.91,0.0747216377407312,0.0738405287265777,0.0752353221178054
1.0,qlstm_paper,original_2,henon_1000,3.0,0.001,6.0,,8.0,4.0,64.0,0.0654876306653022,0.0634265393018722,0.2188497632741928,0.2161816358566284,0.4358490407466888,0.4552728533744812,230.0,9752.0,103819.06,0.0792689405381679,0.0797895640134811,0.0806558206677436
1.0,qlstm_paper,original_2,henon_1000,3.0,0.001,6.0,,16.0,1.0,64.0,0.0002369758003624,0.0002082352875731,0.0110586751252412,0.0104696070775389,0.9985432624816896,0.9987041354179382,230.0,3063.0,67114.98,0.0702192522585392,0.0689456537365913,0.0690337270498275
1.0,qlstm_paper,original_2,henon_1000,3.0,0.001,6.0,,16.0,2.0,64.0,0.0279869697988033,0.0266552846878767,0.1090801805257797,0.1052826195955276,0.80864417552948,0.8173707723617554,230.0,4560.0,99176.15,0.0798495613038539,0.0792818069458007,0.079811118543148
1.0,qlstm_paper,original_2,henon_1000,3.0,0.001,6.0,,16.0,4.0,64.0,0.0662970915436744,0.0648957937955856,0.219635471701622,0.2182726114988327,0.4188037514686584,0.43504199385643,230.0,5526.0,121181.19,0.0805933803319931,0.0791805908083915,0.0795981511473655
1.0,qlstm_paper,original_3,henon_1000,3.0,0.001,6.0,,4.0,1.0,64.0,9.823041909839958e-05,8.877605432644486e-05,0.0077027752995491,0.0074194273911416,0.9993917346000672,0.9994457960128784,338.0,2746.0,19194.51,0.076012422889471,0.0744231715798378,0.0750885680317878
1.0,qlstm_paper,original_3,henon_1000,3.0,0.001,6.0,,4.0,2.0,64.0,0.0207489300519227,0.0185812506824731,0.0895762294530868,0.0840424373745918,0.8618142008781433,0.8765333294868469,338.0,6445.0,45722.98,0.0730105713009834,0.07099549472332,0.0723083615303039
1.0,qlstm_paper,original_3,henon_1000,3.0,0.001,6.0,,4.0,4.0,64.0,0.0654076412320137,0.0620243176817894,0.2156630903482437,0.2111516296863556,0.4331546723842621,0.472121000289917,338.0,2721.0,19195.75,0.0784900084137916,0.078186884522438,0.0789211988449096
1.0,qlstm_paper,original_3,henon_1000,3.0,0.001,6.0,,8.0,1.0,64.0,0.0001936588378157,0.0001735391560941,0.0097670890390872,0.009368946775794,0.9988033771514891,0.998912513256073,338.0,2437.0,35141.5,0.0567859161645174,0.0558775104582309,0.0566292516887187
1.0,qlstm_paper,original_3,henon_1000,3.0,0.001,6.0,,8.0,2.0,64.0,0.0233822278678417,0.0211581867188215,0.1037166193127632,0.0957991853356361,0.8430689573287964,0.8576887845993042,338.0,7883.0,113963.43,0.0789105184376239,0.0789890214800834,0.0798933058977127
1.0,qlstm_paper,original_3,henon_1000,3.0,0.001,6.0,,8.0,4.0,64.0,0.0659515485167503,0.063639760017395,0.2197966128587722,0.2169093936681747,0.4284947514533996,0.4516233205795288,338.0,4437.0,66822.81,0.0790951937437057,0.0795778185129165,0.0804684460163116
1.0,qlstm_paper,original_3,henon_1000,3.0,0.001,6.0,,16.0,1.0,64.0,0.0004969289875589,0.0004683074657805,0.0166585464030504,0.0162570774555206,0.9969689846038818,0.997109830379486,338.0,2223.0,67982.78,0.0492663346230983,0.0480243600904941,0.0484123229980468
1.0,qlstm_paper,original_3,henon_1000,3.0,0.001,6.0,,16.0,2.0,64.0,0.0251528397202491,0.0235007219016551,0.106700025498867,0.1004347205162048,0.8299372792243958,0.8410617709159851,338.0,4612.0,142021.89,0.0798687353730201,0.0792945027351379,0.0798362120985984
1.0,qlstm_paper,original_3,henon_1000,3.0,0.001,6.0,,16.0,4.0,64.0,0.0640740692615509,0.0618732161819934,0.2156128585338592,0.2133678942918777,0.4500918686389923,0.4765764474868774,338.0,4604.0,132345.79,0.079593676328659,0.0781794041395187,0.0786083191633224
1.0,qlstm_paper,original_1,henon_1000,4.0,0.001,4.0,,4.0,1.0,64.0,0.0036355631891638,0.0031519837211817,0.0420701168477535,0.0384081527590751,0.9774155616760254,0.9801782965660096,82.0,10891.0,23877.36,0.0802095830440521,0.0794030427932739,0.0800063908100128
1.0,qlstm_paper,original_1,henon_1000,4.0,0.001,4.0,,4.0,2.0,64.0,0.0343399420380592,0.0323775671422481,0.1438702493906021,0.1388478428125381,0.7600646615028381,0.773666501045227,82.0,16840.0,37033.65,0.0798249542713165,0.0781447142362594,0.0789004489779472
1.0,qlstm_paper,original_1,henon_1000,4.0,0.001,4.0,,4.0,4.0,64.0,0.0677662566304206,0.0661471560597419,0.2216770201921463,0.2200819253921508,0.4031564593315124,0.4205423295497894,82.0,10823.0,24322.22,0.0810184501111507,0.0794566348195076,0.0801538228988647
1.0,qlstm_paper,original_1,henon_1000,4.0,0.001,4.0,,8.0,1.0,64.0,0.0045493342913687,0.0038294559344649,0.0423343926668167,0.0382029488682746,0.9722224473953248,0.9762160181999208,82.0,13166.0,61365.79,0.0802353482693433,0.0788667201995849,0.0795138478279113
1.0,qlstm_paper,original_1,henon_1000,4.0,0.001,4.0,,8.0,2.0,64.0,0.0335920043289661,0.0316530615091323,0.1362750083208084,0.1306253522634506,0.7658315896987915,0.7783863544464111,82.0,12753.0,60454.21,0.0792720109224319,0.0795980244874954,0.0804682895541191
1.0,qlstm_paper,original_1,henon_1000,4.0,0.001,4.0,,8.0,4.0,64.0,0.0679338499903678,0.0655185878276825,0.2228337824344635,0.2197213619947433,0.3992639183998108,0.4263458847999573,82.0,13490.0,58845.72,0.0786646373569965,0.0796140879392623,0.0804815143346786
1.0,qlstm_paper,original_1,henon_1000,4.0,0.001,4.0,,16.0,1.0,64.0,0.0004027693066745,0.0003538393357302,0.014121264219284,0.0131289949640631,0.9975849390029908,0.9978256821632384,82.0,10874.0,102522.09,0.0793024938553571,0.0785092562437057,0.0790600255131721
1.0,qlstm_paper,original_1,henon_1000,4.0,0.001,4.0,,16.0,2.0,64.0,0.03319938108325,0.0316613614559173,0.1358888447284698,0.130963385105133,0.768807053565979,0.7794576287269592,82.0,14292.0,126064.7,0.0786005981266498,0.0799788981676101,0.080517441034317
1.0,qlstm_paper,original_1,henon_1000,4.0,0.001,4.0,,16.0,4.0,64.0,0.067578949034214,0.0662213116884231,0.2213467806577682,0.2203951328992843,0.4021531641483307,0.4194773137569427,82.0,9699.0,87872.48,0.0800345718860626,0.0799258947372436,0.0803248807787895
1.0,qlstm_paper,original_2,henon_1000,4.0,0.001,4.0,,4.0,1.0,64.0,0.0001224018778884,0.0001109812073991,0.0080190012231469,0.007517744321376,0.9992425441741944,0.9993054270744324,154.0,3884.0,11908.77,0.0780434370040893,0.077348455786705,0.077834740281105
1.0,qlstm_paper,original_2,henon_1000,4.0,0.001,4.0,,4.0,2.0,64.0,0.0250775665044784,0.0227496773004531,0.1125479862093925,0.1053293868899345,0.8298723101615906,0.8456748127937317,154.0,5673.0,17644.09,0.0788415394723415,0.0770624354481697,0.0778382718563079
1.0,qlstm_paper,original_2,henon_1000,4.0,0.001,4.0,,4.0,4.0,64.0,0.0652455762028694,0.0614425502717494,0.21439228951931,0.2093117833137512,0.4355944097042084,0.4797583222389221,154.0,5710.0,17620.8,0.0790244579315185,0.0773371681571006,0.0782124400138855
1.0,qlstm_paper,original_2,henon_1000,4.0,0.001,4.0,,8.0,1.0,64.0,0.000110977445729,9.939921437762678e-05,0.0077087921090424,0.00734309758991,0.9993116855621338,0.9993789792060852,154.0,3214.0,20252.18,0.0443390641361475,0.0425151921808719,0.0435621552169323
1.0,qlstm_paper,original_2,henon_1000,4.0,0.001,4.0,,8.0,2.0,64.0,0.0201697591692209,0.0178124383091926,0.0955868661403656,0.0889098346233367,0.8664612770080566,0.881994903087616,154.0,8810.0,54657.04,0.0774023219943046,0.0777091607451438,0.0786436796188354
1.0,qlstm_paper,original_2,henon_1000,4.0,0.001,4.0,,8.0,4.0,64.0,0.0657920464873313,0.0628093183040618,0.2187914252281189,0.2150963544845581,0.4307947754859924,0.4634590148925781,154.0,4340.0,27111.36,0.0778468936681747,0.0786424428224563,0.079578660428524
1.0,qlstm_paper,original_2,henon_1000,4.0,0.001,4.0,,16.0,1.0,64.0,0.0001655396627029,0.0001478775957366,0.0100509962067008,0.0095071606338024,0.998978555202484,0.999079406261444,154.0,3254.0,42244.41,0.0580361455678939,0.0575841329991817,0.0577993690967559
1.0,qlstm_paper,original_2,henon_1000,4.0,0.001,4.0,,16.0,2.0,64.0,0.0218257717788219,0.0200600437819957,0.1057349815964698,0.0999376028776168,0.8549917340278625,0.8667694926261902,154.0,9711.0,144926.46,0.0763808980584144,0.0774850025773048,0.07813161611557
1.0,qlstm_paper,original_2,henon_1000,4.0,0.001,4.0,,16.0,4.0,64.0,0.0656203776597976,0.0640131682157516,0.2187815904617309,0.2174587696790695,0.4278581440448761,0.4466765820980072,154.0,2633.0,33785.68,0.0728229500353336,0.0724431201815605,0.0731747522950172
1.0,qlstm_paper,original_3,henon_1000,4.0,0.001,4.0,,4.0,1.0,64.0,7.245044980663806e-05,6.361633131746203e-05,0.006410012487322,0.0059889182448387,0.999557375907898,0.9996065497398376,226.0,2452.0,10088.54,0.068339692056179,0.0673592612147331,0.0679273605346679
1.0,qlstm_paper,original_3,henon_1000,4.0,0.001,4.0,,4.0,2.0,64.0,0.0186024494469165,0.0168193113058805,0.0887462273240089,0.0848121345043182,0.8775026202201843,0.8892863392829895,226.0,5485.0,22445.83,0.0778070777654647,0.0762323215603828,0.0771004781126976
1.0,qlstm_paper,original_3,henon_1000,4.0,0.001,4.0,,4.0,4.0,64.0,0.0646438673138618,0.0609693005681037,0.2146198451519012,0.2096027582883834,0.4438162744045257,0.4862492978572845,226.0,3896.0,16435.13,0.0804029487073421,0.0787471681833267,0.0794959962368011
1.0,qlstm_paper,original_3,henon_1000,4.0,0.001,4.0,,8.0,1.0,64.0,7.839615864213556e-05,6.858048436697572e-05,0.0064552752301096,0.0059678978286683,0.9995126724243164,0.9995712041854858,226.0,2572.0,21578.39,0.0635704718530178,0.0619252473115921,0.062722623348236
1.0,qlstm_paper,original_3,henon_1000,4.0,0.001,4.0,,8.0,2.0,64.0,0.0183509886264801,0.0161774065345525,0.0899436771869659,0.0831629931926727,0.8796893954277039,0.89393550157547,226.0,5282.0,87695.63,0.0754276327788829,0.0747004076838493,0.0759628042578697
1.0,qlstm_paper,original_3,henon_1000,4.0,0.001,4.0,,8.0,4.0,64.0,0.0628754496574401,0.0591232739388942,0.211758404970169,0.2079553306102752,0.4715721011161804,0.5112914443016052,226.0,8402.0,69998.56,0.0784672364592552,0.0793255716562271,0.0802254676818847
1.0,qlstm_paper,original_3,henon_1000,4.0,0.001,4.0,,16.0,1.0,64.0,6.046089401934296e-05,5.332825821824372e-05,0.0055865794420242,0.0052943532355129,0.9996262788772584,0.9996679425239564,226.0,3219.0,96301.32,0.0636755637824535,0.0639764443039894,0.0640836730599403
1.0,qlstm_paper,original_3,henon_1000,4.0,0.001,4.0,,16.0,2.0,64.0,0.0217542424798011,0.0199975222349166,0.1003794968128204,0.0934358909726142,0.8555704951286316,0.8672629594802856,226.0,6501.0,111566.2,0.0766304742544889,0.0776922404766082,0.078306958079338
1.0,qlstm_paper,original_3,henon_1000,4.0,0.001,4.0,,16.0,4.0,64.0,0.06492231041193,0.063369870185852,0.2178886979818344,0.2168033123016357,0.4379811882972717,0.4554142355918884,226.0,5501.0,103940.8,0.0797790020704269,0.0796708911657333,0.0800764188170433
1.0,qlstm_paper,original_1,henon_1000,4.0,0.001,6.0,,4.0,1.0,64.0,0.0218183472752571,0.0197777487337589,0.1054211109876632,0.098075270652771,0.8543599843978882,0.8679683804512024,122.0,36345.0,136008.93,0.0804272547364235,0.0796197727322578,0.0802202224731445
1.0,qlstm_paper,original_1,henon_1000,4.0,0.001,6.0,,4.0,2.0,64.0,0.0393354967236518,0.0371028184890747,0.1598637700080871,0.1548778712749481,0.7187595963478088,0.7353394031524658,122.0,29142.0,115192.19,0.0811695970594883,0.0796104595065116,0.0802641957998275
1.0,qlstm_paper,original_1,henon_1000,4.0,0.001,6.0,,4.0,4.0,64.0,0.0713677108287811,0.0700683444738388,0.2264605313539505,0.2254682779312133,0.3368860185146332,0.349736750125885,122.0,5211.0,33787.16,0.0813435211777687,0.079753577709198,0.0804360434412956
1.0,qlstm_paper,original_1,henon_1000,4.0,0.001,6.0,,8.0,1.0,64.0,0.0222441945225,0.0203904770314693,0.108359694480896,0.1018590331077575,0.8510313034057617,0.8632044196128845,122.0,20789.0,146406.31,0.0725338719785213,0.0711037591099739,0.0717911720275878
,,,,,,,,,,,,,,,,,,,,,,
1.0,qlstm_paper,original_1,henon_1000,4.0,0.001,6.0,,8.0,4.0,64.0,0.0719412416219711,0.0700355917215347,0.2273386418819427,0.226214587688446,0.3314552009105682,0.3545394837856293,122.0,9977.0,77175.62,0.0786624871194362,0.0796329230070114,0.080498568713665
1.0,qlstm_paper,original_1,henon_1000,4.0,0.001,6.0,,16.0,1.0,64.0,0.0294376444071531,0.0278714764863252,0.1317515820264816,0.1277007013559341,0.7974252700805664,0.8080851435661316,122.0,5148.0,76516.12,0.078963828459382,0.0781842023134231,0.0786907374858856
,,,,,,,,,,,,,,,,,,,,,,
1.0,qlstm_paper,original_1,henon_1000,4.0,0.001,6.0,,16.0,4.0,64.0,0.0716791078448295,0.0707214996218681,0.2270808517932891,0.2274454832077026,0.3297609984874725,0.3420401215553283,122.0,4408.0,70930.71,0.079980332404375,0.0798687860369682,0.0802673995494842
1.0,qlstm_paper,original_2,henon_1000,4.0,0.001,6.0,,4.0,1.0,64.0,0.0004285660106688,0.000408534775488,0.0164320599287748,0.0156399514526128,0.9973469376564026,0.9974499344825744,230.0,3975.0,21130.03,0.077295745909214,0.076370783150196,0.0770190060138702
1.0,qlstm_paper,original_2,henon_1000,4.0,0.001,6.0,,4.0,2.0,64.0,0.0276831239461898,0.0255904085934162,0.1149626150727272,0.107962466776371,0.8099808692932129,0.824260413646698,230.0,3653.0,19542.18,0.0806962363421917,0.079155683517456,0.0798109024763107
1.0,qlstm_paper,original_2,henon_1000,4.0,0.001,6.0,,4.0,4.0,64.0,0.0650481283664703,0.0628051161766052,0.2169299870729446,0.2144064456224441,0.4384205639362335,0.4624160826206207,230.0,4951.0,25990.41,0.0799675606191158,0.0782199501991272,0.0790138319134712
1.0,qlstm_paper,original_2,henon_1000,4.0,0.001,6.0,,8.0,1.0,64.0,0.000420149997808,0.0003749036113731,0.0147454151883721,0.013992553576827,0.9974030256271362,0.9976544976234436,230.0,4462.0,49770.5,0.0749099407345056,0.0737409144639968,0.0743168741464614
1.0,qlstm_paper,original_2,henon_1000,4.0,0.001,6.0,,8.0,2.0,64.0,0.0277916211634874,0.0255551151931285,0.1154942885041236,0.109033465385437,0.810136616230011,0.8253085613250732,230.0,3446.0,37158.68,0.0774982377886772,0.0779856219887733,0.078860118985176
1.0,qlstm_paper,original_2,henon_1000,4.0,0.001,6.0,,8.0,4.0,64.0,0.0676159784197807,0.0647754594683647,0.2221804857254028,0.2187142223119735,0.4039735794067383,0.4360929727554321,230.0,4251.0,46052.83,0.077799168229103,0.0785958394408226,0.0795328915119171
1.0,qlstm_paper,original_2,henon_1000,4.0,0.001,6.0,,16.0,1.0,64.0,0.0002314605371793,0.0002123420417774,0.0123869646340608,0.0117289666086435,0.9985693097114564,0.998680055141449,230.0,4294.0,102067.99,0.0570668615400791,0.0557594150304794,0.0563151761889457
,,,,,,,,,,,,,,,,,,,,,,
,,,,,,,,,,,,,,,,,,,,,,
1.0,qlstm_paper,original_3,henon_1000,4.0,0.001,6.0,,4.0,1.0,64.0,0.0003545720828697,0.0003271780151408,0.01458999235183,0.0139336893334984,0.9978066086769104,0.9979515671730042,338.0,2286.0,15734.88,0.0461004052311182,0.0442434400320053,0.0454066656529903
1.0,qlstm_paper,original_3,henon_1000,4.0,0.001,6.0,,4.0,2.0,64.0,0.0258340649306774,0.0238264258950948,0.1097025945782661,0.1025008261203765,0.8241645693778992,0.8376355171203613,338.0,3814.0,27288.85,0.0805580116808414,0.0789839923381805,0.0796882808208465
1.0,qlstm_paper,original_3,henon_1000,4.0,0.001,6.0,,4.0,4.0,64.0,0.0636416748166084,0.0599210001528263,0.2109306007623672,0.2066445648670196,0.4571709036827087,0.5001258254051208,338.0,4769.0,32499.12,0.0796319641172886,0.0781046077609062,0.0788310170173645
1.0,qlstm_paper,original_3,henon_1000,4.0,0.001,6.0,,8.0,1.0,64.0,0.0001050181963364,9.31810645852238e-05,0.0070276274345815,0.0065888906829059,0.9993504285812378,0.9994176030158995,338.0,2278.0,33613.83,0.076614137366414,0.075115866959095,0.0756976976990699
1.0,qlstm_paper,original_3,henon_1000,4.0,0.001,6.0,,8.0,2.0,64.0,0.0140605438500642,0.0121902218088507,0.0801958367228508,0.074357695877552,0.9100571870803832,0.9218244552612304,338.0,7551.0,104198.2,0.0791015192866325,0.0793793946504592,0.080260045826435
1.0,qlstm_paper,original_3,henon_1000,4.0,0.001,6.0,,8.0,4.0,64.0,0.061341717839241,0.0582018494606018,0.2074457854032516,0.20451620221138,0.4915347993373871,0.521885871887207,338.0,10943.0,152986.91,0.0787505462765693,0.0796418786048889,0.080519713461399
1.0,qlstm_paper,original_3,henon_1000,4.0,0.001,6.0,,16.0,1.0,64.0,0.0003323178389109,0.000303792534396,0.0142792696133255,0.0135323517024517,0.9979461431503296,0.9981062412261964,338.0,2855.0,81615.95,0.0661750994622707,0.0655542984604835,0.0659424886107444
1.0,qlstm_paper,original_3,henon_1000,4.0,0.001,6.0,,16.0,2.0,64.0,0.0281790774315595,0.0267163962125778,0.1133975982666015,0.1090688779950141,0.8074268698692322,0.8168028593063354,338.0,2403.0,129093.16,0.07785399928689,0.0792830511927604,0.0798060894012451
,,,,,,,,,,,,,,,,,,,,,,
1.0,qlstm_paper,original_1,henon_1000,5.0,0.001,4.0,,4.0,1.0,64.0,0.0015022228471934,0.0013569905422627,0.027456859126687,0.025957902893424,0.9909377694129944,0.9916236400604248,82.0,10411.0,22954.67,0.0792877003550529,0.0796455293893814,0.0802636668086052
1.0,qlstm_paper,original_1,henon_1000,5.0,0.001,4.0,,4.0,2.0,64.0,0.0309400297701358,0.0294946786016225,0.1289307475090026,0.1242021024227142,0.7851187586784363,0.7944737672805786,82.0,10950.0,23352.44,0.0797262199223041,0.0799402296543121,0.0806116461753845
1.0,qlstm_paper,original_1,henon_1000,5.0,0.001,4.0,,4.0,4.0,64.0,0.067567341029644,0.0660711601376533,0.2215304374694824,0.2199162691831588,0.4049122631549835,0.4199021756649017,82.0,13889.0,29919.66,0.0795321963727474,0.0797389149665832,0.080419048666954
1.0,qlstm_paper,original_1,henon_1000,5.0,0.001,4.0,,8.0,1.0,64.0,0.0005630946252495,0.0004943910753354,0.0160333607345819,0.0152310226112604,0.996553897857666,0.996902585029602,82.0,9322.0,40050.31,0.0811808865517377,0.0789148136973381,0.0795451626181602
1.0,qlstm_paper,original_1,henon_1000,5.0,0.001,4.0,,8.0,2.0,64.0,0.0329901166260242,0.0308524500578641,0.1351607888936996,0.1294604390859604,0.7708667516708374,0.7852064371109009,82.0,10222.0,45327.62,0.0820724345743656,0.0798198208212852,0.0806641057133674
1.0,qlstm_paper,original_1,henon_1000,5.0,0.001,4.0,,8.0,4.0,64.0,0.0683920532464981,0.066001608967781,0.2233642041683197,0.220464825630188,0.3929421603679657,0.4203019738197326,82.0,14141.0,61916.23,0.0794273033738136,0.0799194648861885,0.080784372985363
1.0,qlstm_paper,original_1,henon_1000,5.0,0.001,4.0,,16.0,1.0,64.0,0.0009444209281355,0.000817418040242,0.0200723093003034,0.0184726901352405,0.99450421333313,0.995150089263916,82.0,9594.0,150415.17,0.0816660091280937,0.0793353021144867,0.0800397470593452
1.0,qlstm_paper,original_1,henon_1000,5.0,0.001,4.0,,16.0,2.0,64.0,0.0329693332314491,0.0314946733415126,0.135245993733406,0.1309755742549896,0.7711990475654602,0.7811079621315002,82.0,12661.0,123286.39,0.0811863049864769,0.0814029946923255,0.0819640085101127
1.0,qlstm_paper,original_1,henon_1000,5.0,0.001,4.0,,16.0,4.0,64.0,0.0672923177480697,0.0659303367137909,0.2217327058315277,0.2204448133707046,0.4036001563072204,0.4196895360946655,82.0,9282.0,83258.78,0.0827534608542919,0.0800897553563118,0.0804843977093696
1.0,qlstm_paper,original_2,henon_1000,5.0,0.001,4.0,,4.0,1.0,64.0,7.879291661083698e-05,7.043607911327854e-05,0.0067746224813163,0.0064417454414069,0.9995102286338806,0.9995587468147278,154.0,2768.0,8717.63,0.0514904025942087,0.0514525659382343,0.0518592856824398
1.0,qlstm_paper,original_2,henon_1000,5.0,0.001,4.0,,4.0,2.0,64.0,0.0204625632613897,0.0179872494190931,0.095007449388504,0.0885282829403877,0.8635699152946472,0.8803374767303467,154.0,7918.0,25864.56,0.0743247155100107,0.0740857645869255,0.0750932469964027
1.0,qlstm_paper,original_2,henon_1000,5.0,0.001,4.0,,4.0,4.0,64.0,0.0665251389145851,0.0623946823179721,0.216175228357315,0.2112315446138382,0.4173952937126159,0.4671103656291961,154.0,4952.0,15559.94,0.078783493489027,0.0790099054574966,0.0797122940421104
1.0,qlstm_paper,original_2,henon_1000,5.0,0.001,4.0,,8.0,1.0,64.0,0.0001122603862313,9.44729763432406e-05,0.0077158226631581,0.007200579624623,0.9993061423301696,0.9994080662727356,154.0,2503.0,16064.27,0.074211635813117,0.072033017873764,0.0725630447268486
1.0,qlstm_paper,original_2,henon_1000,5.0,0.001,4.0,,8.0,2.0,64.0,0.0256670862436294,0.0233892723917961,0.1134432777762413,0.1059310063719749,0.825955867767334,0.8409827947616577,154.0,6395.0,40761.35,0.0821383237838745,0.0798760429024696,0.0806329697370529
1.0,qlstm_paper,original_2,henon_1000,5.0,0.001,4.0,,8.0,4.0,64.0,0.0627873912453651,0.0598660521209239,0.2134860306978225,0.2099273353815078,0.4722936451435089,0.5022459626197815,154.0,10340.0,69237.58,0.0759707018733024,0.0763225480914115,0.0774091184139251
1.0,qlstm_paper,original_2,henon_1000,5.0,0.001,4.0,,16.0,1.0,64.0,9.635619062464684e-05,8.4638551925309e-05,0.007303915452212,0.0068552144803106,0.999407947063446,0.9994741678237916,154.0,2753.0,37792.94,0.0730754420161247,0.0714330375194549,0.0716179758310318
1.0,qlstm_paper,original_2,henon_1000,5.0,0.001,4.0,,16.0,2.0,64.0,0.0192441530525684,0.0174639504402875,0.0960323587059974,0.0904219225049018,0.8740355968475342,0.8860961198806763,154.0,10335.0,132658.24,0.0777557455003261,0.0772363021969795,0.0779432952404022
1.0,qlstm_paper,original_2,henon_1000,5.0,0.001,4.0,,16.0,4.0,64.0,0.0654662698507309,0.0637872740626335,0.2185912430286407,0.2170465290546417,0.4302096664905548,0.4495767056941986,154.0,4287.0,59984.69,0.0796834535896778,0.0771028101444244,0.0775815695524215
1.0,qlstm_paper,original_3,henon_1000,5.0,0.001,4.0,,4.0,1.0,64.0,8.765704842517152e-05,7.64212672947906e-05,0.007131743710488,0.0066464692354202,0.9994570016860962,0.999521553516388,226.0,2566.0,10810.83,0.0539316587150096,0.0537061691284179,0.0542900301516056
1.0,qlstm_paper,original_3,henon_1000,5.0,0.001,4.0,,4.0,2.0,64.0,0.0268971659243106,0.0248493663966655,0.1135649383068084,0.1061139032244682,0.8159447908401489,0.8299141526222229,226.0,2592.0,10809.12,0.0773207426071167,0.0777582302689552,0.0785164758563041
1.0,qlstm_paper,original_3,henon_1000,5.0,0.001,4.0,,4.0,4.0,64.0,0.0651844814419746,0.0619079805910587,0.2148708999156952,0.2103714793920517,0.435887336730957,0.4736222326755523,226.0,2352.0,9938.34,0.0782539017498493,0.0782811790704727,0.0790196061134338
1.0,qlstm_paper,original_3,henon_1000,5.0,0.001,4.0,,8.0,1.0,64.0,0.0001145113928942,9.801224950933828e-05,0.0081136636435985,0.0074611944146454,0.999296247959137,0.9993891716003418,226.0,2373.0,20171.94,0.0709036011248827,0.0683653727173805,0.069219172000885
1.0,qlstm_paper,original_3,henon_1000,5.0,0.001,4.0,,8.0,2.0,64.0,0.0275309141725301,0.0252028405666351,0.1142972856760025,0.107189804315567,0.8118954300880432,0.8273218274116516,226.0,2980.0,24691.48,0.0784088134765625,0.076772429049015,0.0777547955513
1.0,qlstm_paper,original_3,henon_1000,5.0,0.001,4.0,,8.0,4.0,64.0,0.0658884197473526,0.063539057970047,0.2192783206701278,0.2162106484174728,0.4293746650218963,0.4534438550472259,226.0,2737.0,23186.49,0.0784201718866825,0.078916810452938,0.0798152834177017
1.0,qlstm_paper,original_3,henon_1000,5.0,0.001,4.0,,16.0,1.0,64.0,0.0001397578453179,0.000121585529996,0.0078648356720805,0.0074554039165377,0.9991398453712464,0.999245822429657,226.0,2333.0,42350.3,0.0373476684093475,0.0356095135211944,0.0362758412957191
1.0,qlstm_paper,original_3,henon_1000,5.0,0.001,4.0,,16.0,2.0,64.0,0.0276750307530164,0.0263111274689435,0.1121353805065155,0.1071553006768226,0.8108407855033875,0.8200280070304871,226.0,2103.0,35935.04,0.0777507841587066,0.0780169293284416,0.0784616917371749
1.0,qlstm_paper,original_3,henon_1000,5.0,0.001,4.0,,16.0,4.0,64.0,0.06454598903656,0.0630436763167381,0.2169301360845565,0.2159179151058197,0.4438888728618622,0.4603222906589508,226.0,4463.0,83987.11,0.0783312857151031,0.0756751373410224,0.0762259438633918
1.0,qlstm_paper,original_1,henon_1000,5.0,0.001,6.0,,4.0,1.0,64.0,0.02313750423491,0.0211050771176815,0.1123528629541397,0.1054173782467842,0.8445752859115601,0.8582281470298767,122.0,20926.0,77015.95,0.0786301746964454,0.0789778232574462,0.0795726329088211
1.0,qlstm_paper,original_1,henon_1000,5.0,0.001,6.0,,4.0,2.0,64.0,0.0387856215238571,0.0365809872746467,0.1584115475416183,0.1533117890357971,0.7228607535362244,0.7392179369926453,122.0,33563.0,120998.08,0.079584676772356,0.0798357874155044,0.0804954692721366
1.0,qlstm_paper,original_1,henon_1000,5.0,0.001,6.0,,4.0,4.0,64.0,0.0677580311894416,0.0659792125225067,0.2206993997097015,0.2191663533449173,0.407221645116806,0.4280749261379242,122.0,19685.0,140075.59,0.0795488290488719,0.0797699317336082,0.0804445967078208
,,,,,,,,,,,,,,,,,,,,,,
,,,,,,,,,,,,,,,,,,,,,,
1.0,qlstm_paper,original_1,henon_1000,5.0,0.001,6.0,,8.0,4.0,64.0,0.0724607706069946,0.070656731724739,0.2292974889278412,0.2277080118656158,0.3203604221343994,0.3408341705799103,122.0,8216.0,58800.85,0.0793966725468635,0.0798968225717544,0.0807636305689811
,,,,,,,,,,,,,,,,,,,,,,
,,,,,,,,,,,,,,,,,,,,,,
1.0,qlstm_paper,original_1,henon_1000,5.0,0.001,6.0,,16.0,4.0,64.0,0.0714945420622825,0.070452868938446,0.2276336252689361,0.2276273816823959,0.3321353793144226,0.3457274138927459,122.0,9322.0,144862.0,0.0826123915612697,0.0799043178558349,0.0803060606122016
1.0,qlstm_paper,original_2,henon_1000,5.0,0.001,6.0,,4.0,1.0,64.0,0.0005090457270853,0.0004405955260153,0.0165323093533515,0.0158307496458292,0.996842622756958,0.9972437620162964,230.0,2525.0,13158.26,0.0692735541611909,0.0691532716155052,0.0698725506663322
1.0,qlstm_paper,original_2,henon_1000,5.0,0.001,6.0,,4.0,2.0,64.0,0.0261398311704397,0.0237292069941759,0.1096885427832603,0.1020175814628601,0.8216948509216309,0.8384218811988831,230.0,10861.0,60429.61,0.079237475246191,0.0794313251972198,0.0801278427243232
1.0,qlstm_paper,original_2,henon_1000,5.0,0.001,6.0,,4.0,4.0,64.0,0.0651233419775962,0.0620460957288742,0.2163055986166,0.2126778066158294,0.436767965555191,0.472459077835083,230.0,6247.0,35479.33,0.0786335565149784,0.0788898020982742,0.0795166194438934
1.0,qlstm_paper,original_2,henon_1000,5.0,0.001,6.0,,8.0,1.0,64.0,0.0002232529805041,0.0002072992792818,0.0114766908809542,0.0109842922538518,0.9986236095428468,0.9987069964408876,230.0,3287.0,35675.5,0.0783178817480802,0.0761540383100509,0.0767713263630867
1.0,qlstm_paper,original_2,henon_1000,5.0,0.001,6.0,,8.0,2.0,64.0,0.0226466748863458,0.0200115628540515,0.0959345325827598,0.0885725021362304,0.8482401371002197,0.8658441305160522,230.0,7174.0,76230.32,0.0812066338956356,0.0788489654660224,0.0797610580921173
1.0,qlstm_paper,original_2,henon_1000,5.0,0.001,6.0,,8.0,4.0,64.0,0.0636809766292572,0.0610861741006374,0.2137015759944915,0.211382046341896,0.4600257277488708,0.4861695468425751,230.0,7673.0,142161.2,0.0789842255413532,0.0794640332460403,0.0803555697202682
1.0,qlstm_paper,original_2,henon_1000,5.0,0.001,6.0,,16.0,1.0,64.0,0.0005555697716772,0.0004964463296346,0.017141280695796,0.0161404591053724,0.9965882301330566,0.996919333934784,230.0,3623.0,86592.68,0.0763968154788017,0.0744869038462638,0.0749177932739257
1.0,qlstm_paper,original_2,henon_1000,5.0,0.001,6.0,,16.0,2.0,64.0,0.0277265943586826,0.0259912516921758,0.1214075163006782,0.115461379289627,0.8107383847236633,0.8225771188735962,230.0,4699.0,163469.03,0.0790617875754833,0.0787195637822151,0.0793709307909011
1.0,qlstm_paper,original_2,henon_1000,5.0,0.001,6.0,,16.0,4.0,64.0,0.0631853938102722,0.0613216385245323,0.2132548540830612,0.2114374190568924,0.4624872207641601,0.4829892218112945,230.0,7590.0,163851.24,0.0817216902971267,0.0790203735232353,0.0794490128755569
1.0,qlstm_paper,original_3,henon_1000,5.0,0.001,6.0,,4.0,1.0,64.0,8.86748603079468e-05,7.70710248616524e-05,0.0073082307353615,0.0067943916656076,0.9994546175003052,0.999519407749176,338.0,2804.0,19242.76,0.0641974344849586,0.0642190277576446,0.0647386685013771
1.0,qlstm_paper,original_3,henon_1000,5.0,0.001,6.0,,4.0,2.0,64.0,0.0259290356189012,0.0239230599254369,0.1100605204701423,0.1030519753694534,0.8234238624572754,0.8368374705314636,338.0,2925.0,20362.37,0.075564107298851,0.075475737452507,0.0764131098985672
1.0,qlstm_paper,original_3,henon_1000,5.0,0.001,6.0,,4.0,4.0,64.0,0.0645961165428161,0.0604652389883995,0.2129631042480468,0.2078779637813568,0.4445574581623077,0.4926280975341797,338.0,4042.0,28183.65,0.0757359080016613,0.0757081359624862,0.0765192359685897
1.0,qlstm_paper,original_3,henon_1000,5.0,0.001,6.0,,8.0,1.0,64.0,0.0001179616665467,0.0001009490952128,0.0074422345496714,0.0068857511505484,0.9992721080780028,0.999373495578766,338.0,2924.0,77519.81,0.0756709173321723,0.0735196024179458,0.0740836039185524
1.0,qlstm_paper,original_3,henon_1000,5.0,0.001,6.0,,8.0,2.0,64.0,0.0289711263030767,0.0265086367726326,0.1170001551508903,0.1104252338409423,0.8008311986923218,0.8173831701278687,338.0,2084.0,29147.5,0.0769954323768615,0.0748062804341316,0.075892835855484
1.0,qlstm_paper,original_3,henon_1000,5.0,0.001,6.0,,8.0,4.0,64.0,0.0652864873409271,0.0630610659718513,0.2184134572744369,0.2155350148677826,0.4381813108921051,0.4599897265434265,338.0,2727.0,67744.85,0.076029809564352,0.0764870420098304,0.0775054693222045
1.0,qlstm_paper,original_3,henon_1000,5.0,0.001,6.0,,16.0,1.0,64.0,0.0001095478510251,0.0001004564837785,0.0073572574183344,0.0070909219793975,0.9993221759796144,0.999374508857727,338.0,2969.0,84861.4,0.0607707314193248,0.0588447302579879,0.0592921152710914
,,,,,,,,,,,,,,,,,,,,,,
,,,,,,,,,,,,,,,,,,,,,,
1.0,qlstm_paper,original_1,henon_1000,6.0,0.001,4.0,,4.0,1.0,64.0,0.0025520636700093,0.0022137251216918,0.0368254855275154,0.0335857048630714,0.98438823223114,0.9862377643585204,82.0,12682.0,27195.9,0.0802453532814979,0.0797911286354065,0.0804243683815002
1.0,qlstm_paper,original_1,henon_1000,6.0,0.001,4.0,,4.0,2.0,64.0,0.0325339660048484,0.0310656428337097,0.1360112428665161,0.1317683905363083,0.7736093997955322,0.7829261422157288,82.0,13383.0,30026.95,0.0799035131931305,0.0791527107357978,0.0798351317644119
1.0,qlstm_paper,original_1,henon_1000,6.0,0.001,4.0,,4.0,4.0,64.0,0.06719820946455,0.065318576991558,0.2204725891351699,0.2179324924945831,0.4093090295791626,0.430289477109909,82.0,16465.0,35405.09,0.0785485856235027,0.0798129066824913,0.0804953873157501
1.0,qlstm_paper,original_1,henon_1000,6.0,0.001,4.0,,8.0,1.0,64.0,0.0007575864437967,0.0006540530594065,0.0193466953933239,0.0180016849189996,0.9953877329826356,0.9959105849266052,82.0,8623.0,37898.72,0.080495885014534,0.0796623453497886,0.0803153663873672
1.0,qlstm_paper,original_1,henon_1000,6.0,0.001,4.0,,8.0,2.0,64.0,0.0312692411243915,0.0292172096669673,0.1266072541475296,0.1211918070912361,0.7835355997085571,0.7971848249435425,82.0,9181.0,39751.48,0.0802894949913024,0.0798799991607666,0.0807382389903068
1.0,qlstm_paper,original_1,henon_1000,6.0,0.001,4.0,,8.0,4.0,64.0,0.0667447373270988,0.0648697763681411,0.2198007404804229,0.2179400324821472,0.4209998250007629,0.4386458992958069,82.0,13993.0,61599.98,0.0791184246540069,0.0801144689321518,0.0809595808386802
,,,,,,,,,,,,,,,,,,,,,,
1.0,qlstm_paper,original_1,henon_1000,6.0,0.001,4.0,,16.0,2.0,64.0,0.0324887260794639,0.0310097876936197,0.1333890706300735,0.1288881003856659,0.774491548538208,0.7846818566322327,82.0,6364.0,106606.55,0.0759034346789121,0.0791439637541771,0.0797032415866851
1.0,qlstm_paper,original_1,henon_1000,6.0,0.001,4.0,,16.0,4.0,64.0,0.0672719478607177,0.0658393949270248,0.2216817140579223,0.2202496826648712,0.4039305746555328,0.4209337532520294,82.0,12533.0,171062.31,0.0806864351034164,0.0798483788967132,0.0802564099431037
1.0,qlstm_paper,original_2,henon_1000,6.0,0.001,4.0,,4.0,1.0,64.0,6.657963967882097e-05,5.7258217566413805e-05,0.0063429940491914,0.0058689247816801,0.9995885491371156,0.9996439814567566,154.0,3098.0,18378.42,0.0516471941024065,0.0510568656027317,0.0512863397598266
1.0,qlstm_paper,original_2,henon_1000,6.0,0.001,4.0,,4.0,2.0,64.0,0.0267769917845726,0.0247211344540119,0.1137106716632843,0.1067007407546043,0.8170750141143799,0.830815315246582,154.0,3874.0,23576.3,0.0776934072375297,0.0766201615333557,0.0775934159755706
1.0,qlstm_paper,original_2,henon_1000,6.0,0.001,4.0,,4.0,4.0,64.0,0.0641296729445457,0.0595621764659881,0.2116871774196624,0.2055496573448181,0.4510220885276794,0.5036559104919434,154.0,7235.0,39175.32,0.075312753021717,0.0765164718031883,0.0774174630641937
1.0,qlstm_paper,original_2,henon_1000,6.0,0.001,4.0,,8.0,1.0,64.0,0.000157532384037,0.0001350176462437,0.0087589230388402,0.0082147773355245,0.9990234971046448,0.9991533160209656,154.0,3814.0,47356.51,0.0662521116435527,0.0655587911605835,0.0658710449934005
1.0,qlstm_paper,original_2,henon_1000,6.0,0.001,4.0,,8.0,2.0,64.0,0.0225435197353363,0.0200986061245203,0.1051284074783325,0.0968319699168205,0.8494616150856018,0.8658400177955627,154.0,8099.0,88914.9,0.0752619363367557,0.0742155089974403,0.0755409002304077
1.0,qlstm_paper,original_2,henon_1000,6.0,0.001,4.0,,8.0,4.0,64.0,0.0652054622769355,0.0625588446855545,0.2179516553878784,0.21501986682415,0.4392777681350708,0.4667093157768249,154.0,6239.0,76721.72,0.077920713275671,0.0788852646946907,0.079813502728939
1.0,qlstm_paper,original_2,henon_1000,6.0,0.001,4.0,,16.0,1.0,64.0,0.0002363265957683,0.0002115994429914,0.0124930376186966,0.0119624976068735,0.9985368847846984,0.9986864924430848,154.0,3297.0,79403.83,0.0699305843561887,0.0716297924518585,0.0716797038912773
1.0,qlstm_paper,original_2,henon_1000,6.0,0.001,4.0,,16.0,2.0,64.0,0.0277879834175109,0.0263284631073474,0.1131916716694831,0.1087180972099304,0.8101551532745361,0.819739818572998,154.0,2670.0,64136.73,0.0747602853924036,0.077787309885025,0.0784244760870933
1.0,qlstm_paper,original_2,henon_1000,6.0,0.001,4.0,,16.0,4.0,64.0,0.0658811852335929,0.0640424042940139,0.2189908772706985,0.2172034531831741,0.4239963591098785,0.4465869665145874,154.0,4686.0,105048.28,0.0783120900392532,0.0776566937565803,0.0781014189124107
1.0,qlstm_paper,original_3,henon_1000,6.0,0.001,4.0,,4.0,1.0,64.0,7.351720705628395e-05,6.22257066424936e-05,0.0062014092691242,0.0057407468557357,0.9995447397232056,0.9996107816696168,226.0,2364.0,17781.83,0.06066818498075,0.0601487047970294,0.0602717213332653
1.0,qlstm_paper,original_3,henon_1000,6.0,0.001,4.0,,4.0,2.0,64.0,0.0275992359966039,0.0256020799279212,0.1131705865263938,0.1065592095255851,0.8107735514640808,0.8241245746612549,226.0,1904.0,15125.73,0.0779638849198818,0.076847605407238,0.0777700915932655
1.0,qlstm_paper,original_3,henon_1000,6.0,0.001,4.0,,4.0,4.0,64.0,0.0633924528956413,0.0600605867803096,0.2109506726264953,0.2071184813976287,0.4608362913131714,0.4977946281433105,226.0,3260.0,26239.97,0.0736259266734123,0.07464499771595,0.0757400840520858
1.0,qlstm_paper,original_3,henon_1000,6.0,0.001,4.0,,8.0,1.0,64.0,7.773763354634866e-05,6.608707190025598e-05,0.0065944483503699,0.0061069522053003,0.9995187520980836,0.9995858073234558,226.0,2586.0,38385.28,0.0663403432816267,0.0655053406953811,0.0658725351095199
1.0,qlstm_paper,original_3,henon_1000,6.0,0.001,4.0,,8.0,2.0,64.0,0.026171701028943,0.0237408503890037,0.113666296005249,0.1059144437313079,0.8221936225891113,0.8384560942649841,226.0,2994.0,49917.74,0.0723184745758771,0.0708169564604759,0.0724034681916236
1.0,qlstm_paper,original_3,henon_1000,6.0,0.001,4.0,,8.0,4.0,64.0,0.0649026110768318,0.0621084235608577,0.2170195281505584,0.2140210121870041,0.4434458315372467,0.4729578197002411,226.0,5312.0,76477.99,0.0778291434049606,0.0786307752132415,0.0795748904347419
1.0,qlstm_paper,original_3,henon_1000,6.0,0.001,4.0,,16.0,1.0,64.0,5.768099435954355e-05,5.135477113071829e-05,0.005307069979608,0.0049982513301074,0.9996445775032043,0.9996803998947144,226.0,2529.0,83892.17,0.0473859053105115,0.0483625903725624,0.0490088053047657
1.0,qlstm_paper,original_3,henon_1000,6.0,0.001,4.0,,16.0,2.0,64.0,0.0276731606572866,0.026146974414587,0.112547717988491,0.1078234389424324,0.8110166192054749,0.821132481098175,226.0,2773.0,93234.41,0.0760733909904956,0.0792676508426666,0.0798249915242195
,,,,,,,,,,,,,,,,,,,,,,
,,,,,,,,,,,,,,,,,,,,,,
,,,,,,,,,,,,,,,,,,,,,,
1.0,qlstm_paper,original_1,henon_1000,6.0,0.001,6.0,,4.0,4.0,64.0,0.0710665732622146,0.069311186671257,0.2261152267456054,0.224547877907753,0.3433969020843506,0.3654202222824096,122.0,10241.0,68638.37,0.0781929012387991,0.0794718265533447,0.0801938772201538
,,,,,,,,,,,,,,,,,,,,,,
,,,,,,,,,,,,,,,,,,,,,,
1.0,qlstm_paper,original_1,henon_1000,6.0,0.001,6.0,,8.0,4.0,64.0,0.0807200819253921,0.0798540711402893,0.240126371383667,0.2421063929796219,0.0277327168732881,0.0349287539720535,122.0,554.0,7691.62,0.0790256097912788,0.0799169316887855,0.0807792916893959
,,,,,,,,,,,,,,,,,,,,,,
,,,,,,,,,,,,,,,,,,,,,,
,,,,,,,,,,,,,,,,,,,,,,
1.0,qlstm_paper,original_2,henon_1000,6.0,0.001,6.0,,4.0,1.0,64.0,0.0001128890944528,9.93200737866573e-05,0.007109438534826,0.0067999619059264,0.9992986917495728,0.9993779063224792,230.0,2761.0,27566.78,0.0731840509921312,0.0724905282258987,0.0731056183576583
1.0,qlstm_paper,original_2,henon_1000,6.0,0.001,6.0,,4.0,2.0,64.0,0.0275837555527687,0.025488544255495,0.1201209425926208,0.113142192363739,0.8107508420944214,0.824999988079071,230.0,4778.0,45005.5,0.0805887572467327,0.079796478152275,0.0804545432329177
1.0,qlstm_paper,original_2,henon_1000,6.0,0.001,6.0,,4.0,4.0,64.0,0.0639824047684669,0.0607316456735134,0.212129145860672,0.2078685015439987,0.4530343115329742,0.4890230596065521,230.0,10287.0,97307.51,0.0783650267869234,0.0796084925532341,0.0803089588880539
1.0,qlstm_paper,original_2,henon_1000,6.0,0.001,6.0,,8.0,1.0,64.0,0.0001420531625626,0.000125532169477,0.0086487168446183,0.0081286542117595,0.9991178512573242,0.9992140531539916,230.0,4691.0,93372.94,0.0671891149133443,0.0661719739437103,0.0667361617088317
1.0,qlstm_paper,original_2,henon_1000,6.0,0.001,6.0,,8.0,2.0,64.0,0.0248921755701303,0.0225347243249416,0.1120923236012458,0.104748398065567,0.8318260312080383,0.8475525379180908,230.0,6918.0,142012.03,0.0795157395303249,0.0791579335927963,0.0800502821803093
1.0,qlstm_paper,original_2,henon_1000,6.0,0.001,6.0,,8.0,4.0,64.0,0.0657738521695137,0.0635212287306785,0.2193702012300491,0.2165076732635498,0.431256353855133,0.4534313082695007,230.0,5605.0,116363.08,0.0788919940590858,0.0798168927431106,0.0806789174675941
,,,,,,,,,,,,,,,,,,,,,,
,,,,,,,,,,,,,,,,,,,,,,
1.0,qlstm_paper,original_2,henon_1000,6.0,0.001,6.0,,16.0,4.0,64.0,0.0654464438557624,0.0639006122946739,0.2186759859323501,0.2172059565782547,0.431016743183136,0.4485717713832855,230.0,3628.0,125528.55,0.0805268034338951,0.0796849355101585,0.0800655409693718
1.0,qlstm_paper,original_3,henon_1000,6.0,0.001,6.0,,4.0,1.0,64.0,8.229799277614802e-05,7.018419273663312e-05,0.0061588808894157,0.0056964685209095,0.9994943141937256,0.9995619654655457,338.0,1987.0,25716.33,0.0667999599128961,0.0662035346031189,0.0667004510760307
1.0,qlstm_paper,original_3,henon_1000,6.0,0.001,6.0,,4.0,2.0,64.0,0.0199926383793354,0.0177721194922924,0.0944328904151916,0.0872298404574394,0.8676517009735107,0.8823373317718506,338.0,5687.0,66204.06,0.0779927864670753,0.0775118023157119,0.0782916322350502
1.0,qlstm_paper,original_3,henon_1000,6.0,0.001,6.0,,4.0,4.0,64.0,0.0657200813293457,0.0621065869927406,0.2152741253376007,0.2104095816612243,0.4285611510276794,0.4710854589939117,338.0,2621.0,34236.4,0.0772819705307483,0.0785251706838607,0.0792464911937713
1.0,qlstm_paper,original_3,henon_1000,6.0,0.001,6.0,,8.0,1.0,64.0,8.161235018633306e-05,6.943174230400473e-05,0.0060764346271753,0.0056256102398037,0.9994953274726868,0.999565601348877,338.0,1911.0,52656.36,0.0703557405620813,0.0694222301244735,0.0698785036802291
1.0,qlstm_paper,original_3,henon_1000,6.0,0.001,6.0,,8.0,2.0,64.0,0.0273122955113649,0.0251130312681198,0.1116781309247016,0.105165459215641,0.8134605884552002,0.8280835747718811,338.0,2372.0,61212.18,0.0774519279599189,0.0772027447819709,0.0781404301524162
1.0,qlstm_paper,original_3,henon_1000,6.0,0.001,6.0,,8.0,4.0,64.0,0.0660823360085487,0.0632116943597793,0.2199304103851318,0.2159760743379593,0.4261792004108429,0.4575313031673431,338.0,2899.0,75654.74,0.0787557885050773,0.0796445831656456,0.0805283933877945
1.0,qlstm_paper,original_3,henon_1000,6.0,0.001,6.0,,16.0,1.0,64.0,7.833880226826295e-05,6.687955465167761e-05,0.0062289014458656,0.0058060241863131,0.9995247721672058,0.999588906764984,338.0,1911.0,95961.18,0.0346103020012378,0.0349401347339153,0.0361511148512363
1.0,qlstm_paper,original_3,henon_1000,6.0,0.001,6.0,,16.0,2.0,64.0,0.0282176230102777,0.0266551915556192,0.1147252097725868,0.1099757552146911,0.8067606687545776,0.8172869682312012,338.0,2533.0,135843.87,0.0757119469344616,0.0789543688297271,0.0795019343495369
,,,,,,,,,,,,,,,,,,,,,,
1.0,qlstm_paper,original_1,henon_1000,7.0,0.001,4.0,,4.0,1.0,64.0,0.028626712039113,0.0268055703490972,0.1309012919664383,0.1253545880317688,0.802639365196228,0.8149521350860596,82.0,8575.0,35539.72,0.0806407116353511,0.0795317068696022,0.0800987631082534
1.0,qlstm_paper,original_1,henon_1000,7.0,0.001,4.0,,4.0,2.0,64.0,0.0313096493482589,0.0299644470214843,0.1302739083766937,0.1259835511445999,0.7823699712753296,0.790907621383667,82.0,15022.0,56005.42,0.0784838363528251,0.0784160643815994,0.0791127830743789
1.0,qlstm_paper,original_1,henon_1000,7.0,0.001,4.0,,4.0,4.0,64.0,0.0679074451327323,0.065771035850048,0.2207143604755401,0.2188150882720947,0.3989410698413849,0.4247849583625793,82.0,22013.0,89943.62,0.0812745973467826,0.079290822148323,0.0799277201294899
1.0,qlstm_paper,original_1,henon_1000,7.0,0.001,4.0,,8.0,1.0,64.0,0.0004406008229125,0.0003923850890714,0.0154168177396059,0.0144260702654719,0.9972802996635436,0.9975375533103944,82.0,15297.0,119622.28,0.0795931808650493,0.0789955481886863,0.0796449184417724
1.0,qlstm_paper,original_1,henon_1000,7.0,0.001,4.0,,8.0,2.0,64.0,0.0322095155715942,0.0300642121583223,0.130605399608612,0.1246876791119575,0.7768214344978333,0.7911945581436157,82.0,10186.0,84721.01,0.0799888394773006,0.0799559205770492,0.0808111801743507
1.0,qlstm_paper,original_1,henon_1000,7.0,0.001,4.0,,8.0,4.0,64.0,0.0674314573407173,0.0655525475740432,0.221152663230896,0.2190544456243515,0.4108443856239319,0.4292185604572296,82.0,19210.0,145639.82,0.080858577042818,0.079463854432106,0.080333225429058
1.0,qlstm_paper,original_1,henon_1000,7.0,0.001,4.0,,16.0,1.0,64.0,0.0284259915351867,0.0267882663756608,0.1302273720502853,0.1253798007965088,0.8052025437355042,0.8163452744483948,82.0,10376.0,93753.98,0.078690630197525,0.0785712748765945,0.0790357515215873
1.0,qlstm_paper,original_1,henon_1000,7.0,0.001,4.0,,16.0,2.0,64.0,0.0311556588858366,0.0296436045318841,0.1275646686553955,0.1228037625551223,0.7845223546028137,0.7948229908943176,82.0,6741.0,60140.01,0.0818084925413131,0.0802791938185691,0.0808162316679954
1.0,qlstm_paper,original_1,henon_1000,7.0,0.001,4.0,,16.0,4.0,64.0,0.0675351247191429,0.0660909712314605,0.2219679057598114,0.2207925021648407,0.4003655612468719,0.418026328086853,82.0,6958.0,66810.1,0.0781397812068462,0.0798428133130073,0.0802678167819976
1.0,qlstm_paper,original_2,henon_1000,7.0,0.001,4.0,,4.0,1.0,64.0,0.0001315535628236,0.0001217669196194,0.0090151382610201,0.0085881734266877,0.9991868138313292,0.999237596988678,154.0,2753.0,8552.06,0.0542117118835449,0.0529461279511451,0.0536552891135215
1.0,qlstm_paper,original_2,henon_1000,7.0,0.001,4.0,,4.0,2.0,64.0,0.0269818659871816,0.0251128859817981,0.1122887358069419,0.1061871796846389,0.8154503107070923,0.8279290199279785,154.0,3523.0,11177.03,0.0791902907192707,0.0790844559669494,0.0796688795089721
1.0,qlstm_paper,original_2,henon_1000,7.0,0.001,4.0,,4.0,4.0,64.0,0.0621184520423412,0.0569912195205688,0.2072534412145614,0.2005874365568161,0.4781634509563446,0.5346800088882446,154.0,11815.0,38411.43,0.0817136496305465,0.079587809741497,0.080296866595745
1.0,qlstm_paper,original_2,henon_1000,7.0,0.001,4.0,,8.0,1.0,64.0,0.0001616663794266,0.0001464896777179,0.0085705798119306,0.0081396009773015,0.9990009665489196,0.999085545539856,154.0,4106.0,25717.79,0.0527845334261655,0.0521779507398605,0.0528289712965488
1.0,qlstm_paper,original_2,henon_1000,7.0,0.001,4.0,,8.0,2.0,64.0,0.0230609122663736,0.0205917712301015,0.0989240556955337,0.0924506932497024,0.8453006148338318,0.8616431951522827,154.0,6237.0,39187.9,0.0773174062371254,0.0770421177148819,0.0780949965119361
1.0,qlstm_paper,original_2,henon_1000,7.0,0.001,4.0,,8.0,4.0,64.0,0.0654211714863777,0.0626406297087669,0.2182090580463409,0.2150745242834091,0.4362235367298126,0.4651210606098175,154.0,4436.0,27713.08,0.0802000865340232,0.0788697302341461,0.0797573253512382
1.0,qlstm_paper,original_2,henon_1000,7.0,0.001,4.0,,16.0,1.0,64.0,9.933177352650092e-05,8.775713649811223e-05,0.0073936614207923,0.0069929840974509,0.9993873834609984,0.9994573593139648,154.0,2626.0,35758.88,0.0728403240442276,0.0725953578948974,0.0729877650737762
1.0,qlstm_paper,original_2,henon_1000,7.0,0.001,4.0,,16.0,2.0,64.0,0.0275901444256305,0.0260861106216907,0.1145668476819992,0.1096804365515708,0.8117204904556274,0.8215974569320679,154.0,3172.0,42360.03,0.0801479034125804,0.0786877050995826,0.0791659504175186
1.0,qlstm_paper,original_2,henon_1000,7.0,0.001,4.0,,16.0,4.0,64.0,0.0658170282840728,0.0639047101140022,0.2191531956195831,0.2174175828695297,0.4257870614528656,0.4483546018600464,154.0,4031.0,93999.61,0.0768521983176469,0.0787175893783569,0.0791144147515297
1.0,qlstm_paper,original_3,henon_1000,7.0,0.001,4.0,,4.0,1.0,64.0,0.0001182450650958,0.0001072174782166,0.0084227602928876,0.0079984255135059,0.9992711544036864,0.999332308769226,226.0,2318.0,9670.76,0.0513850502669811,0.0500268712639808,0.0508045181632041
1.0,qlstm_paper,original_3,henon_1000,7.0,0.001,4.0,,4.0,2.0,64.0,0.0260138064622879,0.0237691663205623,0.1136549562215805,0.1054959967732429,0.8229551315307617,0.8380259275436401,226.0,3637.0,15011.07,0.0736055947840213,0.073454737663269,0.0743723213672638
1.0,qlstm_paper,original_3,henon_1000,7.0,0.001,4.0,,4.0,4.0,64.0,0.0643548890948295,0.0605363138020038,0.2127989530563354,0.2081276625394821,0.4474857151508331,0.492377758026123,226.0,5235.0,21422.46,0.079238648712635,0.0774031057953834,0.0780643597245216
1.0,qlstm_paper,original_3,henon_1000,7.0,0.001,4.0,,8.0,1.0,64.0,0.0001226375752594,0.0001076262051356,0.0075330464169383,0.0070381904952228,0.9992423057556152,0.9993281364440918,226.0,2099.0,17890.35,0.0650887366384267,0.0643945783376693,0.0651017278432846
1.0,qlstm_paper,original_3,henon_1000,7.0,0.001,4.0,,8.0,2.0,64.0,0.0187780428677797,0.0167700909078121,0.0975192859768867,0.0900871977210044,0.8772766590118408,0.8900977969169617,226.0,8689.0,79189.88,0.0790162786841392,0.0788360014557838,0.0797560587525367
1.0,qlstm_paper,original_3,henon_1000,7.0,0.001,4.0,,8.0,4.0,64.0,0.0644718408584594,0.0612830519676208,0.2156427502632141,0.2121780514717102,0.449901133775711,0.4841962456703186,226.0,5420.0,45391.02,0.0780595634132623,0.0761677995324134,0.0773538649082183
1.0,qlstm_paper,original_3,henon_1000,7.0,0.001,4.0,,16.0,1.0,64.0,0.0001229706249432,0.0001123603651649,0.0081215919926762,0.0076280361972749,0.999245584011078,0.9993090629577636,226.0,2194.0,37621.91,0.0401355314999818,0.0392297506332397,0.0395266562700271
1.0,qlstm_paper,original_3,henon_1000,7.0,0.001,4.0,,16.0,2.0,64.0,0.0271386746317148,0.0257429387420415,0.1095543354749679,0.1052915677428245,0.8150990605354309,0.8242202997207642,226.0,2650.0,73585.3,0.0801548548042774,0.0785334259271621,0.0792045146226883
1.0,qlstm_paper,original_3,henon_1000,7.0,0.001,4.0,,16.0,4.0,64.0,0.0627231746912002,0.0602378584444522,0.2120174467563629,0.2098351269960403,0.4692848920822143,0.4976648688316345,226.0,8514.0,156273.75,0.0756177235394716,0.077324129641056,0.0778175368905067
1.0,qlstm_paper,original_1,henon_1000,7.0,0.001,6.0,,4.0,1.0,64.0,0.0226048864424228,0.0206098388880491,0.1107593774795532,0.1037483289837837,0.8484516739845276,0.8617784380912781,122.0,22975.0,79527.27,0.0809509739279747,0.0798271298408508,0.0804584622383117
1.0,qlstm_paper,original_1,henon_1000,7.0,0.001,6.0,,4.0,2.0,64.0,0.0403633117675781,0.0378241837024688,0.1633716523647308,0.1568357944488525,0.710578978061676,0.7302307486534119,122.0,42693.0,160380.21,0.0799344211816787,0.0799002945423126,0.08052509278059
1.0,qlstm_paper,original_1,henon_1000,7.0,0.001,6.0,,4.0,4.0,64.0,0.0715135484933853,0.0698369443416595,0.2270937412977218,0.2255593538284301,0.3342211842536926,0.3549342155456543,122.0,8739.0,30753.78,0.0819708988070488,0.079838715493679,0.0805162861943245
,,,,,,,,,,,,,,,,,,,,,,
1.0,qlstm_paper,original_1,henon_1000,7.0,0.001,6.0,,8.0,2.0,64.0,0.0712735801935195,0.0691832974553108,0.2286661863327026,0.2279336005449295,0.3424423336982727,0.3672646582126617,122.0,2553.0,18641.46,0.0798200979828834,0.0797595083713531,0.0806227624416351
1.0,qlstm_paper,original_1,henon_1000,7.0,0.001,6.0,,8.0,4.0,64.0,0.0718801319599151,0.0701052621006965,0.2276878952980041,0.2261064052581787,0.3333690464496612,0.3530245721340179,122.0,7884.0,57523.16,0.081297767534852,0.0798488035798072,0.0807146951556205
,,,,,,,,,,,,,,,,,,,,,,
,,,,,,,,,,,,,,,,,,,,,,
1.0,qlstm_paper,original_1,henon_1000,7.0,0.001,6.0,,16.0,4.0,64.0,0.0748255029320716,0.0740872472524643,0.230754554271698,0.2326191812753677,0.2887030243873596,0.3006726801395416,122.0,9658.0,143039.54,0.0781811606138944,0.0799669846892356,0.0803613364696502
1.0,qlstm_paper,original_2,henon_1000,7.0,0.001,6.0,,4.0,1.0,64.0,0.0002206990611739,0.0002010422613238,0.012332072481513,0.0117313163354992,0.9986319541931152,0.998741328716278,230.0,4474.0,24430.34,0.0805416710674762,0.0794146507978439,0.0800628140568733
1.0,qlstm_paper,original_2,henon_1000,7.0,0.001,6.0,,4.0,2.0,64.0,0.02739018201828,0.0251840390264987,0.1215657442808151,0.1137571930885315,0.8123031258583069,0.8274444937705994,230.0,4565.0,23710.56,0.0793679408729076,0.0793189257383346,0.079969935119152
1.0,qlstm_paper,original_2,henon_1000,7.0,0.001,6.0,,4.0,4.0,64.0,0.0649574249982833,0.0617423094809055,0.2139126509428024,0.209387332201004,0.4390303492546081,0.4763255417346954,230.0,6612.0,36307.34,0.0813568361103534,0.0793064460158348,0.0799766406416893
1.0,qlstm_paper,original_2,henon_1000,7.0,0.001,6.0,,8.0,1.0,64.0,0.0003502372419461,0.0003096937725786,0.0139524517580866,0.0131721654906868,0.9978351593017578,0.9980661273002625,230.0,3235.0,34808.14,0.0740571066737175,0.0733749940991401,0.0740594416856765
1.0,qlstm_paper,original_2,henon_1000,7.0,0.001,6.0,,8.0,2.0,64.0,0.0274466797709465,0.0254591181874275,0.1147522702813148,0.1088145673274993,0.8124681711196899,0.8254202604293823,230.0,5572.0,62491.16,0.0796896122395992,0.0796184465289115,0.0804862380027771
1.0,qlstm_paper,original_2,henon_1000,7.0,0.001,6.0,,8.0,4.0,64.0,0.0657494887709617,0.0636147558689117,0.2195510864257812,0.216540977358818,0.4313010573387146,0.4522479474544525,230.0,3831.0,65648.53,0.0807730689644813,0.0793157666921615,0.0802058652043342
1.0,qlstm_paper,original_2,henon_1000,7.0,0.001,6.0,,16.0,1.0,64.0,0.0004448225663509,0.0004144624399486,0.0169852264225482,0.0163848288357257,0.9972506761550904,0.9974165558815002,230.0,3261.0,76917.87,0.0684972204267978,0.0682138949632644,0.0686251670122146
1.0,qlstm_paper,original_2,henon_1000,7.0,0.001,6.0,,16.0,2.0,64.0,0.0287550278007984,0.0271880310028791,0.1218662038445472,0.1173011139035224,0.8030837774276733,0.8138803243637085,230.0,5267.0,112626.04,0.0811816789209842,0.0797062963247299,0.0802478045225143
1.0,qlstm_paper,original_2,henon_1000,7.0,0.001,6.0,,16.0,4.0,64.0,0.0660528913140297,0.0643998235464096,0.2194132357835769,0.2179313451051712,0.421923816204071,0.44174325466156,230.0,3304.0,71936.32,0.078008709475398,0.0797389671206474,0.0801483392715454
1.0,qlstm_paper,original_3,henon_1000,7.0,0.001,6.0,,4.0,1.0,64.0,0.0001024330995278,9.185749513562767e-05,0.0072802351787686,0.007006770465523,0.999363660812378,0.999424397945404,338.0,2408.0,16967.47,0.0565376721322536,0.0555596910417079,0.055801898241043
1.0,qlstm_paper,original_3,henon_1000,7.0,0.001,6.0,,4.0,2.0,64.0,0.0266338847577571,0.0247091017663478,0.1127633154392242,0.1058118641376495,0.8179352283477783,0.8309707641601562,338.0,2661.0,18349.06,0.0784276790916919,0.0785531550645828,0.0792039111256599
1.0,qlstm_paper,original_3,henon_1000,7.0,0.001,6.0,,4.0,4.0,64.0,0.0617410317063331,0.0578952468931674,0.2067308276891708,0.2022947967052459,0.4833296239376068,0.5242082476615906,338.0,4831.0,37258.31,0.0818007700145244,0.0796732455492019,0.0803624093532562
1.0,qlstm_paper,original_3,henon_1000,7.0,0.001,6.0,,8.0,1.0,64.0,0.000127284656628,0.0001180363979074,0.0076098926365375,0.0074665485881268,0.99921053647995,0.9992600679397584,338.0,2661.0,38550.39,0.052234885841608,0.0513283312320709,0.0518920794129371
1.0,qlstm_paper,original_3,henon_1000,7.0,0.001,6.0,,8.0,2.0,64.0,0.0281734559684991,0.0259386282414197,0.1135086864233017,0.1070590764284133,0.806914746761322,0.8217692375183105,338.0,2890.0,40675.41,0.0780103974044323,0.0777766332030296,0.078750193119049
1.0,qlstm_paper,original_3,henon_1000,7.0,0.001,6.0,,8.0,4.0,64.0,0.0647005587816238,0.0618473030626773,0.2164175063371658,0.2138529568910598,0.4463508129119873,0.4756310880184173,338.0,7584.0,114763.43,0.0809518363326788,0.0794819518923759,0.0803596153855323
1.0,qlstm_paper,original_3,henon_1000,7.0,0.001,6.0,,16.0,1.0,64.0,0.000112620917207,0.0001021455100271,0.0073748445138335,0.0069113550707697,0.9993104338645936,0.9993675947189332,338.0,2639.0,74058.93,0.0725632414221763,0.0722338706254959,0.0728558748960495
,,,,,,,,,,,,,,,,,,,,,,
,,,,,,,,,,,,,,,,,,,,,,
1.0,qlstm_paper,original_1,henon_1000,8.0,0.001,4.0,,4.0,1.0,64.0,0.0024818603415042,0.0022135979961603,0.0357546135783195,0.0332376435399055,0.985046923160553,0.9864135384559632,82.0,9849.0,21177.32,0.0789683476090431,0.0792256444692611,0.0798667147755622
1.0,qlstm_paper,original_1,henon_1000,8.0,0.001,4.0,,4.0,2.0,64.0,0.0309065580368042,0.0294842161238193,0.1286856085062027,0.1242329329252243,0.785485565662384,0.7946747541427612,82.0,8226.0,17901.69,0.0804289147257804,0.0794624462723732,0.0800976231694221
1.0,qlstm_paper,original_1,henon_1000,8.0,0.001,4.0,,4.0,4.0,64.0,0.0668456926941871,0.065249927341938,0.2206034064292907,0.2181658446788787,0.4122311472892761,0.4278181195259094,82.0,9749.0,22980.56,0.0797300048172473,0.0798278227448463,0.0805080905556678
1.0,qlstm_paper,original_1,henon_1000,8.0,0.001,4.0,,8.0,1.0,64.0,0.0004990266170352,0.0004381545004434,0.0157218072563409,0.0144274244084954,0.99696946144104,0.9972683787345886,82.0,7489.0,32634.29,0.0807384125888347,0.0798674672842025,0.0805422514677047
1.0,qlstm_paper,original_1,henon_1000,8.0,0.001,4.0,,8.0,2.0,64.0,0.0317458324134349,0.029682757332921,0.1307520568370819,0.1250436007976532,0.7800790667533875,0.7938046455383301,82.0,7948.0,56914.04,0.0794569410383701,0.079888716340065,0.0807399973273277
1.0,qlstm_paper,original_1,henon_1000,8.0,0.001,4.0,,8.0,4.0,64.0,0.0675685852766037,0.0651286840438842,0.2222559750080108,0.219017818570137,0.4047256112098694,0.4313218295574188,82.0,7546.0,34896.6,0.0797991052269935,0.0798961892724037,0.0807438641786575
1.0,qlstm_paper,original_1,henon_1000,8.0,0.001,4.0,,16.0,1.0,64.0,0.0004922799416817,0.0004266493197064,0.015119269490242,0.0137161528691649,0.9969988465309144,0.9973576664924622,82.0,7091.0,64705.43,0.0763777375221252,0.0761551111936569,0.0765648856759071
1.0,qlstm_paper,original_1,henon_1000,8.0,0.001,4.0,,16.0,2.0,64.0,0.0324371717870235,0.0308071058243513,0.1306575387716293,0.1276130676269531,0.7741948962211609,0.7856584191322327,82.0,7059.0,63623.76,0.0797320418059825,0.079957291483879,0.0804610550403595
1.0,qlstm_paper,original_1,henon_1000,8.0,0.001,4.0,,16.0,4.0,64.0,0.0674885809421539,0.0660198107361793,0.2220255434513092,0.2205230593681335,0.4003904461860657,0.4175284802913666,82.0,7688.0,68834.63,0.0776505578309297,0.0801040530204773,0.0805005356669426
1.0,qlstm_paper,original_2,henon_1000,8.0,0.001,4.0,,4.0,1.0,64.0,0.0001183872664114,0.000105663704744,0.0082902498543262,0.0077185044065117,0.9992672204971312,0.9993383288383484,154.0,2825.0,8740.35,0.0636570531874895,0.0638187006115913,0.0639613568782806
1.0,qlstm_paper,original_2,henon_1000,8.0,0.001,4.0,,4.0,2.0,64.0,0.0189751852303743,0.0167944673448801,0.0911274850368499,0.0851889252662658,0.8745648860931396,0.8891295790672302,154.0,7853.0,48167.22,0.0782742038369178,0.0776317045092582,0.078165091574192
1.0,qlstm_paper,original_2,henon_1000,8.0,0.001,4.0,,4.0,4.0,64.0,0.0631147772073745,0.0587677732110023,0.2095790654420852,0.203825905919075,0.4644910991191864,0.5139688849449158,154.0,10045.0,31819.32,0.0775675345212221,0.0779767930507659,0.0787087753415107
1.0,qlstm_paper,original_2,henon_1000,8.0,0.001,4.0,,8.0,1.0,64.0,0.0001713312085485,0.0001471801660954,0.0093505093827843,0.0086590144783258,0.9989423751831056,0.9990781545639038,154.0,2420.0,15508.41,0.0582460675388574,0.058006402105093,0.0582308396697044
1.0,qlstm_paper,original_2,henon_1000,8.0,0.001,4.0,,8.0,2.0,64.0,0.0172606855630874,0.0148775484412908,0.0867115557193756,0.0801687389612197,0.8870585560798645,0.9027631282806396,154.0,10464.0,69484.99,0.0737342581152915,0.0735935270786285,0.0748672261834144
1.0,qlstm_paper,original_2,henon_1000,8.0,0.001,4.0,,8.0,4.0,64.0,0.0652670264244079,0.0628162994980812,0.2179844230413437,0.2150575816631317,0.4382559955120086,0.4630963802337646,154.0,3658.0,23409.76,0.0782293505966663,0.0783597752451896,0.0792568922042846
1.0,qlstm_paper,original_2,henon_1000,8.0,0.001,4.0,,16.0,1.0,64.0,0.0001196593875647,0.0001033906228258,0.0075576403178274,0.0070640207268297,0.9992603659629822,0.999356210231781,154.0,2906.0,37410.48,0.0564148060977458,0.0560502782464027,0.0557281225919723
1.0,qlstm_paper,original_2,henon_1000,8.0,0.001,4.0,,16.0,2.0,64.0,0.0192342828959226,0.0172451455146074,0.0915946215391159,0.0869119614362716,0.8734365701675415,0.8867123126983643,154.0,6477.0,86661.25,0.0771000251173973,0.0779730752110481,0.0783565714955329
1.0,qlstm_paper,original_2,henon_1000,8.0,0.001,4.0,,16.0,4.0,64.0,0.0655708014965057,0.0639628767967224,0.2186657637357711,0.21717269718647,0.429003894329071,0.4477526843547821,154.0,4864.0,63380.89,0.0762753672897815,0.07868442684412,0.0791022852063179
1.0,qlstm_paper,original_3,henon_1000,8.0,0.001,4.0,,4.0,1.0,64.0,0.0001039998751366,9.261005470762028e-05,0.0077732871286571,0.0073219188489019,0.999362587928772,0.9994224905967712,226.0,2669.0,11162.06,0.0648535266518592,0.0651859864592552,0.0653386041522026
1.0,qlstm_paper,original_3,henon_1000,8.0,0.001,4.0,,4.0,2.0,64.0,0.0187533199787139,0.0168622266501188,0.0862121880054473,0.0817356407642364,0.8761190176010132,0.8884838819503784,226.0,4303.0,17682.35,0.0780917190015316,0.0773636624217033,0.0780888125300407
1.0,qlstm_paper,original_3,henon_1000,8.0,0.001,4.0,,4.0,4.0,64.0,0.062055230140686,0.0581702403724193,0.2070382833480835,0.2033315300941467,0.478672981262207,0.5214373469352722,226.0,5037.0,21848.19,0.0771427229046821,0.0775806233286857,0.0782761126756668
1.0,qlstm_paper,original_3,henon_1000,8.0,0.001,4.0,,8.0,1.0,64.0,0.0001286712649744,0.0001116694838856,0.0080248843878507,0.0075389272533357,0.99920654296875,0.9993020296096802,226.0,1677.0,13940.78,0.0395282868295907,0.0374257937073707,0.0386343486607074
1.0,qlstm_paper,original_3,henon_1000,8.0,0.001,4.0,,8.0,2.0,64.0,0.0231855139136314,0.0209211986511945,0.1101414933800697,0.1020930409431457,0.8444726467132568,0.8598597645759583,226.0,6367.0,52532.7,0.0748648300766944,0.0754514187574386,0.0765270143747329
1.0,qlstm_paper,original_3,henon_1000,8.0,0.001,4.0,,8.0,4.0,64.0,0.0654839500784874,0.0629393085837364,0.2185055464506149,0.2152298986911773,0.4352613687515259,0.461155891418457,226.0,2627.0,21825.34,0.0756679028272628,0.0756443962454795,0.0767554193735122
1.0,qlstm_paper,original_3,henon_1000,8.0,0.001,4.0,,16.0,1.0,64.0,0.0001026428071781,9.359318937640636e-05,0.0070417076349258,0.0068184528499841,0.9993682503700256,0.9994176626205444,226.0,2528.0,48081.22,0.0685537844896316,0.0680040419101715,0.068567082285881
1.0,qlstm_paper,original_3,henon_1000,8.0,0.001,4.0,,16.0,2.0,64.0,0.0159257687628269,0.0140588209033012,0.0891726538538932,0.0834563970565795,0.8969016671180725,0.909611165523529,226.0,6031.0,100877.33,0.0773079171776771,0.0777584537863731,0.0782231837511062
1.0,qlstm_paper,original_3,henon_1000,8.0,0.001,4.0,,16.0,4.0,64.0,0.0643463805317878,0.0624499134719371,0.2162089794874191,0.2143118530511856,0.4465856254100799,0.4684028327465057,226.0,3792.0,64396.48,0.0766487948596477,0.0789814069867134,0.079429417848587
1.0,qlstm_paper,original_1,henon_1000,8.0,0.001,6.0,,4.0,1.0,64.0,0.0224209558218717,0.0203351695090532,0.1090851873159408,0.1020020619034767,0.8498095870018005,0.8637621998786926,122.0,33272.0,130522.82,0.0801722079515457,0.0803198143839836,0.0809490159153938
1.0,qlstm_paper,original_1,henon_1000,8.0,0.001,6.0,,4.0,2.0,64.0,0.0399950593709945,0.037745501846075,0.1629873663187027,0.1575967371463775,0.7142370939254761,0.7309309244155884,122.0,27952.0,105839.5,0.0807603187859058,0.0796822234988212,0.0803341493010521
1.0,qlstm_paper,original_1,henon_1000,8.0,0.001,6.0,,4.0,4.0,64.0,0.0734081789851188,0.0721359848976135,0.2301230430603027,0.2293810248374939,0.2982547879219055,0.3132673799991607,122.0,30330.0,116172.11,0.0799199573695659,0.080017365515232,0.0806847587227821
1.0,qlstm_paper,original_1,henon_1000,8.0,0.001,6.0,,8.0,1.0,64.0,0.021932141855359,0.0200619902461767,0.1076624616980552,0.1008353009819984,0.8533927798271179,0.8656442165374756,122.0,20334.0,159972.13,0.0810378700494766,0.0800443291664123,0.0807120651006698
,,,,,,,,,,,,,,,,,,,,,,
1.0,qlstm_paper,original_1,henon_1000,8.0,0.001,6.0,,8.0,4.0,64.0,0.0736519917845726,0.072116695344448,0.2324190884828567,0.2310079932212829,0.2962519824504852,0.3121238350868225,122.0,5998.0,49604.23,0.079871380329132,0.079897440969944,0.0807638391852378
,,,,,,,,,,,,,,,,,,,,,,
,,,,,,,,,,,,,,,,,,,,,,
1.0,qlstm_paper,original_1,henon_1000,8.0,0.001,6.0,,16.0,4.0,64.0,0.0710984170436859,0.0700644180178642,0.2262588590383529,0.2262781262397766,0.3417628109455108,0.3554702401161194,122.0,7634.0,114076.33,0.0776647772639989,0.0800572708249092,0.0804714560508728
1.0,qlstm_paper,original_2,henon_1000,8.0,0.001,6.0,,4.0,1.0,64.0,0.0006294822669588,0.0005547431064769,0.0190461836755275,0.0184074956923723,0.9961036443710328,0.9965190291404724,230.0,3364.0,18176.89,0.0719367388635873,0.0721235498785972,0.0725520029664039
1.0,qlstm_paper,original_2,henon_1000,8.0,0.001,6.0,,4.0,2.0,64.0,0.0283836238086223,0.0261155515909194,0.1175847724080085,0.1106317713856697,0.8046752214431763,0.8204828500747681,230.0,4393.0,23252.74,0.080289402604103,0.0792486742138862,0.0799208432435989
1.0,qlstm_paper,original_2,henon_1000,8.0,0.001,6.0,,4.0,4.0,64.0,0.0657767802476883,0.0624183639883995,0.2156424969434738,0.210701122879982,0.4275456964969635,0.4668993353843689,230.0,5820.0,30322.67,0.0784555427730083,0.0787255391478538,0.0794103145599365
1.0,qlstm_paper,original_2,henon_1000,8.0,0.001,6.0,,8.0,1.0,64.0,0.0006939109880477,0.0006115874275565,0.0186889562755823,0.0177037324756383,0.9957025051116944,0.996169924736023,230.0,5089.0,58836.53,0.0751781269907951,0.0744409412145614,0.0749858990311622
1.0,qlstm_paper,original_2,henon_1000,8.0,0.001,6.0,,8.0,2.0,64.0,0.0265969596803188,0.024580955505371,0.1094207838177681,0.1040032431483268,0.8189438581466675,0.832154393196106,230.0,3468.0,39577.59,0.0788779497146606,0.0792987719178199,0.0801486447453498
1.0,qlstm_paper,original_2,henon_1000,8.0,0.001,6.0,,8.0,4.0,64.0,0.0663348138332367,0.0639953315258026,0.2198513299226761,0.2172158509492874,0.4232367277145386,0.4473596513271332,230.0,5955.0,68846.41,0.0795217029750347,0.0795647576451301,0.0804311111569404
1.0,qlstm_paper,original_2,henon_1000,8.0,0.001,6.0,,16.0,1.0,64.0,0.0001466236717533,0.0001292571250814,0.0084771877154707,0.0080430852249264,0.9990979433059692,0.9991976022720336,230.0,3158.0,68655.86,0.0513464707881212,0.0505632013082504,0.0509497784078121
1.0,qlstm_paper,original_2,henon_1000,8.0,0.001,6.0,,16.0,2.0,64.0,0.0279960036277771,0.0266774725168943,0.1141688153147697,0.1104553788900375,0.8087781071662903,0.8170955777168274,230.0,2916.0,72130.33,0.0793151646852493,0.0795526802539825,0.0800585746765136
1.0,qlstm_paper,original_2,henon_1000,8.0,0.001,6.0,,16.0,4.0,64.0,0.0657152235507965,0.0641578733921051,0.2189934402704239,0.2175636291503906,0.4267759025096893,0.4447128772735595,230.0,6419.0,154542.57,0.0771796744316816,0.0796101987361908,0.0800087600946426
1.0,qlstm_paper,original_3,henon_1000,8.0,0.001,6.0,,4.0,1.0,64.0,0.0001072647719411,9.503420733381064e-05,0.0079009681940078,0.007441974710673,0.9993363618850708,0.9994052052497864,338.0,2411.0,16727.1,0.06914136223495,0.0693936496973037,0.0696430802345275
1.0,qlstm_paper,original_3,henon_1000,8.0,0.001,6.0,,4.0,2.0,64.0,0.0180282089859247,0.0161120388656854,0.0870999842882156,0.0821002200245857,0.8813576102256775,0.8940649628639221,338.0,7446.0,57031.87,0.077089250087738,0.0758102536201477,0.0767010375857353
1.0,qlstm_paper,original_3,henon_1000,8.0,0.001,6.0,,4.0,4.0,64.0,0.0650866329669952,0.0619071088731288,0.2146421670913696,0.2105325907468795,0.4372766613960266,0.4736745357513428,338.0,4436.0,31981.34,0.0789016753435134,0.0790639296174049,0.0797664523124694
1.0,qlstm_paper,original_3,henon_1000,8.0,0.001,6.0,,8.0,1.0,64.0,0.0001142666151281,0.0001024357407004,0.0082943262532353,0.007998589426279,0.9992919564247132,0.9993597865104676,338.0,2319.0,36394.87,0.0613203056156635,0.0605157986283302,0.0609068274497985
1.0,qlstm_paper,original_3,henon_1000,8.0,0.001,6.0,,8.0,2.0,64.0,0.0217575617134571,0.0194878317415714,0.0985260233283042,0.091017335653305,0.8555111289024353,0.8706116080284119,338.0,6961.0,112608.01,0.0748734638094902,0.0753107145428657,0.0763635411858558
1.0,qlstm_paper,original_3,henon_1000,8.0,0.001,6.0,,8.0,4.0,64.0,0.0639709830284118,0.0615016520023345,0.2154661417007446,0.2123198211193084,0.4561212658882141,0.4800851941108703,338.0,5490.0,77230.1,0.0755661364644765,0.0756440386176109,0.0767219364643096
1.0,qlstm_paper,original_3,henon_1000,8.0,0.001,6.0,,16.0,1.0,64.0,0.0002940986887551,0.0002666878572199,0.0122414967045187,0.0118084130808711,0.998192310333252,0.9983441233634948,338.0,2895.0,88229.04,0.0785438939929008,0.0783125758171081,0.0786636769771575
1.0,qlstm_paper,original_3,henon_1000,8.0,0.001,6.0,,16.0,2.0,64.0,0.0273390207439661,0.0259345639497041,0.1132088154554367,0.1081011369824409,0.8138095140457153,0.8227465748786926,338.0,2393.0,74616.61,0.0766821876168251,0.0772702172398567,0.07772908359766
1.0,qlstm_paper,original_3,henon_1000,8.0,0.001,6.0,,16.0,4.0,64.0,0.0657299980521202,0.0643128454685211,0.2194465845823288,0.2181078493595123,0.426379919052124,0.4423885941505432,338.0,2876.0,81941.68,0.0750956203788519,0.0772942081093788,0.0778055116534233
1.0,qlstm_paper,original_1,henon_1000,9.0,0.001,4.0,,4.0,1.0,64.0,0.0023401919752359,0.0020394960884004,0.0367281138896942,0.0337660126388073,0.9858492016792296,0.987391233444214,82.0,10550.0,22995.14,0.0795508004724979,0.0789739340543747,0.0796527415513992
1.0,qlstm_paper,original_1,henon_1000,9.0,0.001,4.0,,4.0,2.0,64.0,0.0306764375418424,0.0291352625936269,0.1271696239709854,0.1223044693470001,0.7870395183563232,0.7971075773239136,82.0,16807.0,35560.52,0.0801623195409774,0.0797412917017936,0.0803783908486366
1.0,qlstm_paper,original_1,henon_1000,9.0,0.001,4.0,,4.0,4.0,64.0,0.0667728334665298,0.0652078762650489,0.2203876227140426,0.2180808931589126,0.4134263396263122,0.4280575215816498,82.0,7371.0,15503.04,0.0800478667020797,0.0797445029020309,0.0804156512022018
1.0,qlstm_paper,original_1,henon_1000,9.0,0.001,4.0,,8.0,1.0,64.0,0.0009207890252582,0.000782037328463,0.0216999575495719,0.0199527591466903,0.99459969997406,0.9952592849731444,82.0,16050.0,78396.29,0.0796962454915046,0.0771473050117492,0.0779071301221847
1.0,qlstm_paper,original_1,henon_1000,9.0,0.001,4.0,,8.0,2.0,64.0,0.0634420290589332,0.0606159977614879,0.2148531973361969,0.2109775096178054,0.467966228723526,0.5006003379821777,82.0,16142.0,121498.51,0.0815550811588764,0.0798460990190506,0.0806976407766342
1.0,qlstm_paper,original_1,henon_1000,9.0,0.001,4.0,,8.0,4.0,64.0,0.067653439939022,0.0654232203960418,0.2212065160274505,0.2189411073923111,0.4073399007320404,0.4315535128116607,82.0,19881.0,87320.3,0.082403140515089,0.0797222033143043,0.080588512122631
1.0,qlstm_paper,original_1,henon_1000,9.0,0.001,4.0,,16.0,1.0,64.0,0.0007945901015773,0.0006733647896908,0.0194190870970487,0.0175331216305494,0.9951847791671752,0.995852828025818,82.0,7992.0,71860.17,0.0793598875403404,0.0781223401427269,0.0787031278014183
,,,,,,,,,,,,,,,,,,,,,,
1.0,qlstm_paper,original_1,henon_1000,9.0,0.001,4.0,,16.0,4.0,64.0,0.0667235702276229,0.0653256252408027,0.2209541946649551,0.2195360362529754,0.412137359380722,0.4283342957496643,82.0,9554.0,86117.37,0.0809204511344432,0.0798879042267799,0.0802903100848198
1.0,qlstm_paper,original_2,henon_1000,9.0,0.001,4.0,,4.0,1.0,64.0,0.0001148769661085,0.0001022968281176,0.0077784461900591,0.0072617996484041,0.9992904663085938,0.9993592500686646,154.0,3151.0,9763.41,0.0567108519375324,0.055970262736082,0.0566697046160697
1.0,qlstm_paper,original_2,henon_1000,9.0,0.001,4.0,,4.0,2.0,64.0,0.0272821187973022,0.0251730773597955,0.1130381450057029,0.1063847690820694,0.813024640083313,0.8274165987968445,154.0,3950.0,12043.54,0.0761538706719875,0.0754193514585495,0.0763870924711227
1.0,qlstm_paper,original_2,henon_1000,9.0,0.001,4.0,,4.0,4.0,64.0,0.063085950911045,0.0581639222800731,0.2085966169834137,0.2031018435955047,0.4656814634799957,0.5213341116905212,154.0,11529.0,35929.68,0.08481070920825,0.0845530182123184,0.0849877819418907
1.0,qlstm_paper,original_2,henon_1000,9.0,0.001,4.0,,8.0,1.0,64.0,0.0002154703979613,0.0001862563512986,0.0112366648390889,0.0105263944715261,0.9986778497695924,0.9988343119621276,154.0,3379.0,21964.03,0.0683099657297134,0.0663902088999748,0.0664294436573982
1.0,qlstm_paper,original_2,henon_1000,9.0,0.001,4.0,,8.0,2.0,64.0,0.0278333406895399,0.0255543310195207,0.1151608824729919,0.1086592301726341,0.8098837733268738,0.824714183807373,154.0,2519.0,16131.41,0.0816338256001472,0.0796774625778198,0.0805086344480514
1.0,qlstm_paper,original_2,henon_1000,9.0,0.001,4.0,,8.0,4.0,64.0,0.063584953546524,0.0613761730492115,0.2151679992675781,0.2123032361268997,0.461573839187622,0.4816502034664154,154.0,4966.0,30787.47,0.0807089686393737,0.0778076499700546,0.0788444280624389
1.0,qlstm_paper,original_2,henon_1000,9.0,0.001,4.0,,16.0,1.0,64.0,0.0001070062207872,9.556777513353154e-05,0.0077102473005652,0.0072783669456839,0.9993385672569276,0.9994062185287476,154.0,2726.0,35537.81,0.0419620275497436,0.040725402534008,0.0413871109485626
1.0,qlstm_paper,original_2,henon_1000,9.0,0.001,4.0,,16.0,2.0,64.0,0.0268896650522947,0.0252894889563322,0.1141739785671234,0.1092185601592063,0.8170904517173767,0.8276116847991943,154.0,3214.0,44730.51,0.0705041706562042,0.0705369263887405,0.0716318786144256
1.0,qlstm_paper,original_2,henon_1000,9.0,0.001,4.0,,16.0,4.0,64.0,0.0648589506745338,0.063182458281517,0.2177392095327377,0.2160055935382843,0.4392414689064026,0.4583686292171478,154.0,5331.0,67522.68,0.0811152517795562,0.0801252722740173,0.0805374681949615
1.0,qlstm_paper,original_3,henon_1000,9.0,0.001,4.0,,4.0,1.0,64.0,7.456324237864465e-05,6.656378536717966e-05,0.0067257392220199,0.0063553629443049,0.9995466470718384,0.9995861053466796,226.0,2526.0,10209.14,0.0639682959765195,0.0632134526968002,0.063806228339672
1.0,qlstm_paper,original_3,henon_1000,9.0,0.001,4.0,,4.0,2.0,64.0,0.0232886876910924,0.0212110579013824,0.1046871393918991,0.0980013236403465,0.8433855175971985,0.8570769429206848,226.0,6170.0,26156.11,0.0762016996741294,0.0756585970520973,0.07657490670681
1.0,qlstm_paper,original_3,henon_1000,9.0,0.001,4.0,,4.0,4.0,64.0,0.0645122155547142,0.0609118714928627,0.2129729390144348,0.2083856165409088,0.4455437660217285,0.4868578016757965,226.0,3622.0,15186.99,0.0783750977367162,0.0778738632798194,0.0786694586277008
1.0,qlstm_paper,original_3,henon_1000,9.0,0.001,4.0,,8.0,1.0,64.0,0.0001139271844294,0.0001002243516268,0.0075983610004186,0.0071916761808097,0.9992923736572266,0.999372124671936,226.0,2953.0,26950.05,0.0699128877371549,0.067626804113388,0.0680095851421356
1.0,qlstm_paper,original_3,henon_1000,9.0,0.001,4.0,,8.0,2.0,64.0,0.0272313747555017,0.0248118545860052,0.1147737801074981,0.1077067628502845,0.8140770792961121,0.8303173184394836,226.0,3096.0,27296.26,0.0802131060510873,0.0785316973924636,0.0794363394379615
1.0,qlstm_paper,original_3,henon_1000,9.0,0.001,4.0,,8.0,4.0,64.0,0.0626369193196296,0.0596436262130737,0.2119740396738052,0.2080339789390564,0.4739559590816498,0.5039864182472229,226.0,6874.0,59918.68,0.081767201423645,0.0791472494602203,0.0800341814756393
1.0,qlstm_paper,original_3,henon_1000,9.0,0.001,4.0,,16.0,1.0,64.0,0.0001069800127879,9.27769360714592e-05,0.0077796205878257,0.0072464356198906,0.9993489384651184,0.999431848526001,226.0,2307.0,42744.18,0.078880613297224,0.077490895986557,0.0781160742044448
1.0,qlstm_paper,original_3,henon_1000,9.0,0.001,4.0,,16.0,2.0,64.0,0.0260309465229511,0.0243851765990257,0.1121042147278785,0.1066613718867302,0.823279619216919,0.8344005346298218,226.0,3215.0,54889.25,0.0737008355557918,0.0735622644424438,0.0746115297079086
1.0,qlstm_paper,original_3,henon_1000,9.0,0.001,4.0,,16.0,4.0,64.0,0.0616613328456878,0.0595839135348796,0.2091699391603469,0.2078296542167663,0.482733815908432,0.505479097366333,226.0,8015.0,134422.1,0.0794720210134983,0.0784287750720977,0.0788861066102981
1.0,qlstm_paper,original_1,henon_1000,9.0,0.001,6.0,,4.0,1.0,64.0,0.0222567413002252,0.0201731454581022,0.1085534617304802,0.1013238430023193,0.851068913936615,0.864930272102356,122.0,36037.0,123977.95,0.0787184320390224,0.0780717357993125,0.0787124037742614
1.0,qlstm_paper,original_1,henon_1000,9.0,0.001,6.0,,4.0,2.0,64.0,0.0387848429381847,0.0365937426686286,0.1586356312036514,0.1535232067108154,0.7229795455932617,0.7391138076782227,122.0,31331.0,121987.8,0.0802573800086975,0.0798139944672584,0.0804508179426193
1.0,qlstm_paper,original_1,henon_1000,9.0,0.001,6.0,,4.0,4.0,64.0,0.0704313591122627,0.0687486827373504,0.2255878150463104,0.2242200225591659,0.3546070158481598,0.3744893968105316,122.0,11122.0,38757.2,0.0800991341471672,0.0798181071877479,0.0804849490523338
1.0,qlstm_paper,original_1,henon_1000,9.0,0.001,6.0,,8.0,1.0,64.0,0.0221978910267353,0.0203123856335878,0.1086064279079437,0.1020547300577163,0.8513752222061157,0.8637271523475647,122.0,23444.0,170082.38,0.0823618806898593,0.079845130443573,0.0805264487862587
,,,,,,,,,,,,,,,,,,,,,,
1.0,qlstm_paper,original_1,henon_1000,9.0,0.001,6.0,,8.0,4.0,64.0,0.0724365264177322,0.0707088708877563,0.2278911471366882,0.2267801761627197,0.3210201263427734,0.3400093615055084,122.0,5641.0,41658.19,0.0825710155069828,0.0798475965857505,0.0807169079780578
,,,,,,,,,,,,,,,,,,,,,,
1.0,qlstm_paper,original_1,henon_1000,9.0,0.001,6.0,,16.0,2.0,64.0,0.0690872818231582,0.0673034489154815,0.2252563089132309,0.2247242480516433,0.3830901682376861,0.4069609045982361,122.0,5764.0,85687.86,0.0793651714920997,0.0803454965353012,0.0808966532349586
1.0,qlstm_paper,original_1,henon_1000,9.0,0.001,6.0,,16.0,4.0,64.0,0.0727789476513862,0.0719182342290878,0.2304943203926086,0.2307852208614349,0.3070319592952728,0.3177055120468139,122.0,6061.0,98044.99,0.0809848926961422,0.0799397006630897,0.0803445726633071
1.0,qlstm_paper,original_2,henon_1000,9.0,0.001,6.0,,4.0,1.0,64.0,0.0005626264610327,0.0004916387260891,0.0169057995080947,0.0159801449626684,0.99651837348938,0.9969171285629272,230.0,3858.0,37996.78,0.0728675939142704,0.0721795707941055,0.0728309005498886
1.0,qlstm_paper,original_2,henon_1000,9.0,0.001,6.0,,4.0,2.0,64.0,0.0277695879340171,0.0254651941359043,0.1142940148711204,0.1076819002628326,0.8093932867050171,0.8252724409103394,230.0,4987.0,28841.85,0.0796185478568077,0.0793095976114273,0.0799176320433616
1.0,qlstm_paper,original_2,henon_1000,9.0,0.001,6.0,,4.0,4.0,64.0,0.063695877790451,0.0605782195925712,0.2138656228780746,0.2100818008184433,0.4567181766033172,0.4912287592887878,230.0,5824.0,31819.39,0.0792988874018192,0.0789563804864883,0.0796621441841125
1.0,qlstm_paper,original_2,henon_1000,9.0,0.001,6.0,,8.0,1.0,64.0,0.0005271697882562,0.0004630376351997,0.0172780752182006,0.0160348713397979,0.9967395663261414,0.9971015453338624,230.0,3995.0,43129.97,0.0805596023797989,0.0781287252902984,0.0787602737545967
1.0,qlstm_paper,original_2,henon_1000,9.0,0.001,6.0,,8.0,2.0,64.0,0.0285285897552967,0.0263490602374076,0.1173350512981414,0.111327163875103,0.8045787811279297,0.8187013268470764,230.0,4656.0,50286.39,0.0779676098376512,0.0763512402772903,0.0773336812853813
1.0,qlstm_paper,original_2,henon_1000,9.0,0.001,6.0,,8.0,4.0,64.0,0.0660020560026168,0.0637842044234275,0.2197477519512176,0.2170340865850448,0.4276796877384186,0.4494152665138244,230.0,3276.0,36894.16,0.0795887537300586,0.0770613774657249,0.0780783295631408
1.0,qlstm_paper,original_2,henon_1000,9.0,0.001,6.0,,16.0,1.0,64.0,0.0002496346714906,0.0002239871100755,0.0112854139879345,0.010899705812335,0.998461663722992,0.9986050724983216,230.0,3559.0,78141.4,0.0799122378230094,0.0787277892231941,0.0792277157306671
1.0,qlstm_paper,original_2,henon_1000,9.0,0.001,6.0,,16.0,2.0,64.0,0.028209974989295,0.0268473867326974,0.1149826720356941,0.1114541962742805,0.8069472908973694,0.8157979249954224,230.0,4430.0,96065.9,0.0766771301627159,0.077352337539196,0.078026033937931
1.0,qlstm_paper,original_2,henon_1000,9.0,0.001,6.0,,16.0,4.0,64.0,0.0660436898469924,0.0646468549966812,0.2207598984241485,0.2188657969236374,0.421724408864975,0.437516838312149,230.0,5277.0,126863.9,0.0807063624262809,0.0796641781926155,0.0800734460353851
1.0,qlstm_paper,original_3,henon_1000,9.0,0.001,6.0,,4.0,1.0,64.0,5.0506016123108566e-05,4.4880529458168894e-05,0.0053897486068308,0.0050682956352829,0.9996901154518129,0.9997212290763856,338.0,3066.0,22246.34,0.0774117395281791,0.0768789201974868,0.0774507969617843
1.0,qlstm_paper,original_3,henon_1000,9.0,0.001,6.0,,4.0,2.0,64.0,0.020057950168848,0.017711829394102,0.0939602106809616,0.087701104581356,0.8668445944786072,0.8826813697814941,338.0,6754.0,50167.24,0.0706013843417167,0.069849357008934,0.0711618289351463
1.0,qlstm_paper,original_3,henon_1000,9.0,0.001,6.0,,4.0,4.0,64.0,0.064527615904808,0.061312235891819,0.2145089209079742,0.2105631381273269,0.4454919695854187,0.4811891913414001,338.0,2771.0,21416.29,0.0793853186070919,0.0790346786379814,0.0797393769025802
1.0,qlstm_paper,original_3,henon_1000,9.0,0.001,6.0,,8.0,1.0,64.0,0.0001230045891134,0.0001113206744776,0.0083452332764863,0.0079726465046405,0.9992371797561646,0.9993032813072203,338.0,2527.0,35395.34,0.0679630618542432,0.0655776336789131,0.0661792308092117
1.0,qlstm_paper,original_3,henon_1000,9.0,0.001,6.0,,8.0,2.0,64.0,0.0269447024911642,0.0246709082275629,0.1113789230585098,0.1045311912894249,0.8163776993751526,0.8315017819404602,338.0,2516.0,34772.45,0.0785931557416916,0.0767099857330322,0.0777622535824775
1.0,qlstm_paper,original_3,henon_1000,9.0,0.001,6.0,,8.0,4.0,64.0,0.065256766974926,0.0632145255804061,0.218620017170906,0.2161032557487487,0.4385420083999634,0.4574768543243408,338.0,3616.0,51275.9,0.0802195847034454,0.0778720378875732,0.0787915810942649
1.0,qlstm_paper,original_3,henon_1000,9.0,0.001,6.0,,16.0,1.0,64.0,7.737564737908542e-05,6.774102075723931e-05,0.0059905047528445,0.0055924393236637,0.9995228052139282,0.9995785355567932,338.0,2393.0,68860.86,0.0800713680684566,0.0788760557770729,0.0793764591217041
,,,,,,,,,,,,,,,,,,,,,,
1.0,qlstm_paper,original_3,henon_1000,9.0,0.001,6.0,,16.0,4.0,64.0,0.065133698284626,0.0634697154164314,0.2177584916353225,0.216260015964508,0.4351977109909057,0.4542265832424164,338.0,3197.0,90957.68,0.080010612308979,0.0789713114500045,0.0794212594628334
