Version,Model,Ansatz,Data,Random ID,Learning Rate,Number Qubits,Hidden Size,Sequence Length,Prediction Step,Batch Size,MSE Testing,MSE Validation,MAE Testing,MAE Validation,Correlation Testing,Correlation Validation,Num Parameters,Epochs to Convergance,Total Training Time,Training Loss after 100 epochs,Validation Loss after 100 epochs,Testing Loss after 100 epochs
1.0,qlstm_linear_enhanced_paper,original_1,mackey_1000,0.0,0.001,6.0,8.0,4.0,1.0,64.0,5.760280600952683e-06,6.705039140797453e-06,0.0018767027650028,0.0021190193947404,0.9999476075172424,0.999948799610138,365.0,1173.0,3488.4,0.0012947629322297,0.001311996136792,0.0010919769993051
1.0,qlstm_linear_enhanced_paper,original_1,mackey_1000,0.0,0.001,6.0,8.0,4.0,70.0,64.0,0.0343498885631561,0.0244822762906551,0.1426380425691604,0.1214508488774299,0.6177369356155396,0.8087579011917114,365.0,991.0,2648.73,0.0346597524152861,0.0301160085946321,0.0393675416707992
1.0,qlstm_linear_enhanced_paper,original_1,mackey_1000,0.0,0.001,6.0,8.0,4.0,140.0,64.0,0.052154179662466,0.0671749636530876,0.1943636387586593,0.2132916301488876,-0.0944397076964378,0.2389180362224578,365.0,412.0,1106.03,0.0560464192595746,0.0672301948070526,0.0522384084761142
1.0,qlstm_linear_enhanced_paper,original_1,mackey_1000,0.0,0.001,6.0,8.0,8.0,1.0,64.0,3.4520746794441948e-06,4.552088284981437e-06,0.0013574452605098,0.0017069283640012,0.9999683499336244,0.9999648928642272,365.0,2072.0,12794.82,0.0013424107106402,0.0013705808669328,0.001109090168029
1.0,qlstm_linear_enhanced_paper,original_1,mackey_1000,0.0,0.001,6.0,8.0,8.0,70.0,64.0,0.0321461483836174,0.0236906297504901,0.1394223719835281,0.1261916607618332,0.6437142491340637,0.8123893141746521,365.0,1453.0,8110.69,0.03759348185526,0.0316215716302394,0.0447784923017025
1.0,qlstm_linear_enhanced_paper,original_1,mackey_1000,0.0,0.001,6.0,8.0,8.0,140.0,64.0,0.0333618260920047,0.0405596308410167,0.1475017517805099,0.1668388396501541,0.5956006050109863,0.6279913187026978,365.0,1298.0,6497.71,0.0585096133872866,0.0658627599477768,0.0527562834322452
1.0,qlstm_linear_enhanced_paper,original_1,mackey_1000,0.0,0.001,6.0,8.0,16.0,1.0,64.0,4.680535312218126e-06,4.70107761429972e-06,0.0016953179147094,0.0016798309516161,0.9999555349349976,0.9999642968177797,365.0,1295.0,16434.84,0.0017090253648348,0.0018677776679396,0.0014920234680175
1.0,qlstm_linear_enhanced_paper,original_1,mackey_1000,0.0,0.001,6.0,8.0,16.0,70.0,64.0,0.0168498717248439,0.0130335856229066,0.1057718098163604,0.0925131514668464,0.8326202034950256,0.8999353051185608,365.0,1634.0,19109.93,0.0266734394762251,0.025585614144802,0.0348198786377906
1.0,qlstm_linear_enhanced_paper,original_1,mackey_1000,0.0,0.001,6.0,8.0,16.0,140.0,64.0,0.02798867598176,0.0179239809513092,0.1408958584070205,0.1118869557976722,0.6965669989585876,0.8559203743934631,365.0,1625.0,16732.99,0.058827927801758,0.0636408030986785,0.0537621863186359
1.0,qlstm_linear_enhanced_paper,original_2,mackey_1000,0.0,0.001,6.0,8.0,4.0,1.0,64.0,4.155582246312406e-06,6.393153853423428e-06,0.0016087527619674,0.0020455864723771,0.9999606609344482,0.999952793121338,437.0,1357.0,5783.03,0.0014613908715546,0.0014902525581419,0.0011876018252223
1.0,qlstm_linear_enhanced_paper,original_2,mackey_1000,0.0,0.001,6.0,8.0,4.0,70.0,64.0,0.0336144268512725,0.0244664195924997,0.1363342106342315,0.120826669037342,0.6268172860145569,0.8107565641403198,437.0,740.0,2877.11,0.0387661804755528,0.0330727510154247,0.0437286533415317
1.0,qlstm_linear_enhanced_paper,original_2,mackey_1000,0.0,0.001,6.0,8.0,4.0,140.0,64.0,0.0522606335580349,0.0670143663883209,0.1942928880453109,0.2129094153642654,-0.0835920572280883,0.2406456470489502,437.0,414.0,1590.07,0.0559845268726348,0.0670401602983474,0.0524849891662597
1.0,qlstm_linear_enhanced_paper,original_2,mackey_1000,0.0,0.001,6.0,8.0,8.0,1.0,64.0,4.359427293820772e-06,6.009768640069524e-06,0.0015948839718475,0.0019509817939251,0.9999621510505676,0.999954342842102,437.0,1726.0,15339.49,0.0018261239049024,0.001860272954218,0.0014856867492198
1.0,qlstm_linear_enhanced_paper,original_2,mackey_1000,0.0,0.001,6.0,8.0,8.0,70.0,64.0,0.0301369298249483,0.0234969537705183,0.1349515467882156,0.1258554607629776,0.6700541377067566,0.8106852173805237,437.0,839.0,6859.08,0.03457948172258,0.0282861981540918,0.0423850230872631
1.0,qlstm_linear_enhanced_paper,original_2,mackey_1000,0.0,0.001,6.0,8.0,8.0,140.0,64.0,0.0330168195068836,0.0321175195276737,0.1436468511819839,0.1447633802890777,0.6229619979858398,0.7412909269332886,437.0,1032.0,7480.12,0.0582801778800785,0.0652845278382301,0.052978727966547
1.0,qlstm_linear_enhanced_paper,original_2,mackey_1000,0.0,0.001,6.0,8.0,16.0,1.0,64.0,4.6413737209149996e-07,7.565913620055653e-07,0.0005585738690569,0.0006583873182535,0.9999958872795104,0.9999942779541016,437.0,1703.0,30655.99,0.0006460691743995,0.0007362444885075,0.0005802563391625
1.0,qlstm_linear_enhanced_paper,original_2,mackey_1000,0.0,0.001,6.0,8.0,16.0,70.0,64.0,0.0018675106111913,0.0017455837223678,0.0320613384246826,0.0324087180197238,0.9842666387557985,0.9877691864967346,437.0,3276.0,53737.59,0.0262367199692461,0.0253098383545875,0.0343790724873542
1.0,qlstm_linear_enhanced_paper,original_2,mackey_1000,0.0,0.001,6.0,8.0,16.0,140.0,64.0,0.0296183302998542,0.0201354771852493,0.1458864212036132,0.1167047396302223,0.6727290153503418,0.8325636982917786,437.0,1146.0,17222.65,0.0588759081438183,0.0637620538473129,0.0538279078900814
1.0,qlstm_linear_enhanced_paper,original_3,mackey_1000,0.0,0.001,6.0,8.0,4.0,1.0,64.0,5.733015768782934e-06,7.203861969173886e-06,0.0018245829269289,0.0022015185095369,0.9999510049819946,0.9999451637268066,509.0,1357.0,7599.65,0.0025826841127127,0.0026500944513827,0.0021684553939849
1.0,qlstm_linear_enhanced_paper,original_3,mackey_1000,0.0,0.001,6.0,8.0,4.0,70.0,64.0,0.0328470654785633,0.0249220542609691,0.1368798017501831,0.1233024895191192,0.6397750377655029,0.8007293939590454,509.0,991.0,5053.91,0.0404827543016937,0.0345552451908588,0.0451763309538364
1.0,qlstm_linear_enhanced_paper,original_3,mackey_1000,0.0,0.001,6.0,8.0,4.0,140.0,64.0,0.0521749332547187,0.0670661404728889,0.1941222548484802,0.2128770649433136,0.1059953868389129,0.3179579377174377,509.0,414.0,2113.93,0.0559361138277583,0.0670888200402259,0.0524778105318546
1.0,qlstm_linear_enhanced_paper,original_3,mackey_1000,0.0,0.001,6.0,8.0,8.0,1.0,64.0,6.701217898807954e-06,8.084005457931198e-06,0.0019370182417333,0.0022348426282405,0.9999399781227112,0.9999380111694336,509.0,1301.0,15043.41,0.000436962081585,0.0004435154260136,0.000360235950211
1.0,qlstm_linear_enhanced_paper,original_3,mackey_1000,0.0,0.001,6.0,8.0,8.0,70.0,64.0,0.0337277427315712,0.0244185999035835,0.1440595537424087,0.126979574561119,0.6207863688468933,0.8081218600273132,509.0,584.0,6214.21,0.0309466237409247,0.0269680228084325,0.036207053810358
1.0,qlstm_linear_enhanced_paper,original_3,mackey_1000,0.0,0.001,6.0,8.0,8.0,140.0,64.0,0.0334546342492103,0.0325655825436115,0.1450888365507125,0.1482934653759002,0.6116405129432678,0.7327497005462646,509.0,899.0,8579.32,0.0584711185656487,0.0655814781785011,0.0528889968991279
1.0,qlstm_linear_enhanced_paper,original_3,mackey_1000,0.0,0.001,6.0,8.0,16.0,1.0,64.0,1.521649551250448e-06,1.872248276413302e-06,0.0010243458673357,0.0011095895897597,0.9999891519546508,0.9999859929084778,509.0,1821.0,43348.84,0.0026049399515613,0.0027833385393023,0.0022932726424187
1.0,qlstm_linear_enhanced_paper,original_3,mackey_1000,0.0,0.001,6.0,8.0,16.0,70.0,64.0,0.0081401988863945,0.0082539180293679,0.0697225108742713,0.0735561177134513,0.9234157800674438,0.9357489347457886,509.0,1495.0,32364.86,0.0266268791423903,0.0253615695983171,0.035061415284872
1.0,qlstm_linear_enhanced_paper,original_3,mackey_1000,0.0,0.001,6.0,8.0,16.0,140.0,64.0,0.028431037440896,0.0209467876702547,0.1407794654369354,0.120118461549282,0.6880057454109192,0.8308959603309631,509.0,868.0,17251.28,0.0588420815765857,0.0637389048933982,0.0537494271993637
1.0,qlstm_linear_enhanced_paper,original_1,mackey_1000,0.0,0.001,6.0,16.0,4.0,1.0,64.0,9.112942279898562e-06,1.1002302926499397e-05,0.0024229786358773,0.0026472711469978,0.9999189972877502,0.9999150037765504,645.0,1301.0,3812.36,0.0019791579106822,0.0019933844450861,0.001699398853816
1.0,qlstm_linear_enhanced_paper,original_1,mackey_1000,0.0,0.001,6.0,16.0,4.0,70.0,64.0,0.0337221696972847,0.024208229035139,0.1404646635055542,0.1208365485072135,0.6293752789497375,0.807137131690979,645.0,1000.0,2644.83,0.0384418424218893,0.0323589518666267,0.0435648635029792
1.0,qlstm_linear_enhanced_paper,original_1,mackey_1000,0.0,0.001,6.0,16.0,4.0,140.0,64.0,0.0521613396704196,0.0672196894884109,0.1944687664508819,0.2134579271078109,-0.2497624605894088,0.0985007360577583,645.0,408.0,1082.9,0.0561059518820709,0.0672323852777481,0.0522718653082847
1.0,qlstm_linear_enhanced_paper,original_1,mackey_1000,0.0,0.001,6.0,16.0,8.0,1.0,64.0,4.508205165620893e-06,5.827102540933993e-06,0.0017609717324376,0.0019894849974662,0.9999589323997498,0.9999567270278932,645.0,1567.0,9681.33,0.0006925549299921,0.0007101635565049,0.0005490444600582
1.0,qlstm_linear_enhanced_paper,original_1,mackey_1000,0.0,0.001,6.0,16.0,8.0,70.0,64.0,0.0286856014281511,0.0207780376076698,0.1351659446954727,0.1158469766378402,0.6979223489761353,0.8379713892936707,645.0,1209.0,6862.01,0.0328570219377676,0.0272361878305673,0.0399627089500427
1.0,qlstm_linear_enhanced_paper,original_1,mackey_1000,0.0,0.001,6.0,16.0,8.0,140.0,64.0,0.030806541442871,0.032329149544239,0.1387966424226761,0.1489078998565673,0.6420241594314575,0.7307414412498474,645.0,1296.0,6438.7,0.0584453218616545,0.0654282569885253,0.0527135170996189
1.0,qlstm_linear_enhanced_paper,original_1,mackey_1000,0.0,0.001,6.0,16.0,16.0,1.0,64.0,1.3325189911483903e-06,2.082803575831349e-06,0.0009354746434837,0.0011594909010455,0.999987781047821,0.9999843835830688,645.0,1392.0,17581.82,0.000665987926186,0.0007213323842734,0.0006695785559713
1.0,qlstm_linear_enhanced_paper,original_1,mackey_1000,0.0,0.001,6.0,16.0,16.0,70.0,64.0,0.0013999068178236,0.0008308014366775,0.0246295277029275,0.0218116026371717,0.98884254693985,0.9937536716461182,645.0,4282.0,48225.37,0.0271673703359233,0.0259453579783439,0.0349253043532371
1.0,qlstm_linear_enhanced_paper,original_1,mackey_1000,0.0,0.001,6.0,16.0,16.0,140.0,64.0,0.0280770938843488,0.0212688278406858,0.1408635973930359,0.1176295727491378,0.6853298544883728,0.8248045444488525,645.0,967.0,10102.36,0.0585459312424063,0.0628981292247772,0.0541348159313201
1.0,qlstm_linear_enhanced_paper,original_2,mackey_1000,0.0,0.001,6.0,16.0,4.0,1.0,64.0,6.997579475864768e-06,8.504776815243531e-06,0.0020301905460655,0.0022736529354006,0.9999335408210754,0.9999345541000366,717.0,992.0,4306.59,0.0014235288253985,0.0014085640432313,0.001202224404551
1.0,qlstm_linear_enhanced_paper,original_2,mackey_1000,0.0,0.001,6.0,16.0,4.0,70.0,64.0,0.0331967920064926,0.0246166121214628,0.1396144777536392,0.1224600300192833,0.6348692774772644,0.8035733699798584,717.0,933.0,3597.09,0.0344600905146863,0.0301056783646345,0.0390167459845542
1.0,qlstm_linear_enhanced_paper,original_2,mackey_1000,0.0,0.001,6.0,16.0,4.0,140.0,64.0,0.0520577691495418,0.0666237995028495,0.1938592791557312,0.2125714421272277,0.0198165103793144,0.3265295326709747,717.0,407.0,1593.73,0.0560415507190757,0.0667237490415573,0.0526648163795471
1.0,qlstm_linear_enhanced_paper,original_2,mackey_1000,0.0,0.001,6.0,16.0,8.0,1.0,64.0,5.428558779385639e-06,6.910062893439317e-06,0.0017880138475447,0.0020769636612385,0.9999494552612304,0.9999476075172424,717.0,960.0,8370.33,0.0003666875971248,0.0003957306907977,0.0002883797278627
1.0,qlstm_linear_enhanced_paper,original_2,mackey_1000,0.0,0.001,6.0,16.0,8.0,70.0,64.0,0.0319579318165779,0.0219208486378192,0.1374771296977996,0.1173592135310173,0.657960832118988,0.8236079812049866,717.0,769.0,6164.08,0.0334848012361261,0.0272573381662368,0.0415449179708957
1.0,qlstm_linear_enhanced_paper,original_2,mackey_1000,0.0,0.001,6.0,16.0,8.0,140.0,64.0,0.0280095599591732,0.0317506045103073,0.134852647781372,0.1458760052919387,0.6848828196525574,0.7324260473251343,717.0,1795.0,12848.17,0.0583736598491668,0.0650646314024925,0.0531342439353466
1.0,qlstm_linear_enhanced_paper,original_2,mackey_1000,0.0,0.001,6.0,16.0,16.0,1.0,64.0,2.6785073714563623e-06,3.678018401842564e-06,0.0012675799662247,0.0014622581657022,0.9999746680259703,0.999971866607666,717.0,1121.0,19867.53,0.0007202360138762,0.0007955277105793,0.0006487814243882
1.0,qlstm_linear_enhanced_paper,original_2,mackey_1000,0.0,0.001,6.0,16.0,16.0,70.0,64.0,0.0005853036418557,0.0009507514769211,0.0190070215612649,0.0247146598994731,0.9944920539855956,0.9936686158180236,717.0,3531.0,56532.6,0.0266501777287986,0.0254573840647935,0.0344281829893589
1.0,qlstm_linear_enhanced_paper,original_2,mackey_1000,0.0,0.001,6.0,16.0,16.0,140.0,64.0,0.0293973125517368,0.0172418281435966,0.1401117146015167,0.1106756553053855,0.6844859719276428,0.8668313026428223,717.0,1147.0,16630.52,0.0586768332868814,0.0632317140698432,0.0539596080780029
1.0,qlstm_linear_enhanced_paper,original_3,mackey_1000,0.0,0.001,6.0,16.0,4.0,1.0,64.0,6.578149168490199e-06,7.450937573594274e-06,0.0019254344515502,0.0021736081689596,0.9999470114707948,0.999944031238556,789.0,962.0,5374.16,0.0013185919844545,0.0013207688461989,0.0010973870521411
1.0,qlstm_linear_enhanced_paper,original_3,mackey_1000,0.0,0.001,6.0,16.0,4.0,70.0,64.0,0.0337126217782497,0.0248740408569574,0.1349900513887405,0.1239027827978134,0.627180278301239,0.8043388724327087,789.0,799.0,3998.93,0.0426937581764327,0.0370204858481884,0.0458077155053615
1.0,qlstm_linear_enhanced_paper,original_3,mackey_1000,0.0,0.001,6.0,16.0,4.0,140.0,64.0,0.0524324253201484,0.0670297071337699,0.1945443451404571,0.2128843516111374,-0.1863140761852264,0.1612654477357864,789.0,409.0,2097.22,0.0560181761781374,0.0670473277568817,0.0524503849446773
1.0,qlstm_linear_enhanced_paper,original_3,mackey_1000,0.0,0.001,6.0,16.0,8.0,1.0,64.0,8.517270543961786e-06,9.548678463033866e-06,0.0024569279048591,0.0026082636322826,0.9999164342880248,0.9999274015426636,789.0,906.0,10169.6,0.0010050809301901,0.0009949547238647,0.0008058014791458
1.0,qlstm_linear_enhanced_paper,original_3,mackey_1000,0.0,0.001,6.0,16.0,8.0,70.0,64.0,0.0320139899849891,0.0221619345247745,0.1397657543420791,0.1220756992697715,0.6465223431587219,0.8268701434135437,789.0,805.0,8193.99,0.0310871317568752,0.0265568252652883,0.0369950719177722
1.0,qlstm_linear_enhanced_paper,original_3,mackey_1000,0.0,0.001,6.0,16.0,8.0,140.0,64.0,0.0284513123333454,0.0311043430119752,0.1360624283552169,0.1429093182086944,0.6786032915115356,0.743821382522583,789.0,1325.0,12435.28,0.0584816406480968,0.0658054128289222,0.052564725279808
1.0,qlstm_linear_enhanced_paper,original_3,mackey_1000,0.0,0.001,6.0,16.0,16.0,1.0,64.0,4.269140390533721e-06,4.6694503907929175e-06,0.0016659704269841,0.0018236153991892,0.9999595880508424,0.99996417760849,789.0,1195.0,27742.71,0.0007394493441097,0.0008052759803831,0.0006050100782886
1.0,qlstm_linear_enhanced_paper,original_3,mackey_1000,0.0,0.001,6.0,16.0,16.0,70.0,64.0,0.0065442193299531,0.0067024896852672,0.063782200217247,0.0662963464856147,0.9499717950820924,0.9479541778564452,789.0,1653.0,35092.14,0.0265476612581147,0.0254937279969453,0.0342737771570682
1.0,qlstm_linear_enhanced_paper,original_3,mackey_1000,0.0,0.001,6.0,16.0,16.0,140.0,64.0,0.0254109259694814,0.0225118231028318,0.1343846470117569,0.1216676905751228,0.7182646989822388,0.8243101239204407,789.0,1229.0,23617.34,0.059073703829199,0.0643197894096374,0.0532946996390819
1.0,qlstm_linear_enhanced_paper,original_1,mackey_1000,0.0,0.001,6.0,32.0,4.0,1.0,64.0,1.3126321391609965e-05,1.4514417671307456e-05,0.0029593738727271,0.0030523946043103,0.9998758435249328,0.999890685081482,1205.0,786.0,2344.13,0.0019424781668931,0.0019492720020934,0.0016881744377315
1.0,qlstm_linear_enhanced_paper,original_1,mackey_1000,0.0,0.001,6.0,32.0,4.0,70.0,64.0,0.033369306474924,0.0239901151508092,0.1394751965999603,0.1206011399626731,0.636573076248169,0.8077805042266846,1205.0,1007.0,2677.44,0.0344742298540141,0.0302328113466501,0.0388219617307186
1.0,qlstm_linear_enhanced_paper,original_1,mackey_1000,0.0,0.001,6.0,32.0,4.0,140.0,64.0,0.0521204359829425,0.0672257095575332,0.1943876147270202,0.2134228348731994,-0.130811721086502,0.210437074303627,1205.0,403.0,1080.92,0.0560922465390629,0.0672430172562599,0.0522575825452804
1.0,qlstm_linear_enhanced_paper,original_1,mackey_1000,0.0,0.001,6.0,32.0,8.0,1.0,64.0,7.510640443797456e-06,9.118951311393175e-06,0.0020690788514912,0.0023749226238578,0.9999295473098756,0.999930202960968,1205.0,1058.0,6121.44,0.000629862549249,0.0006421174039132,0.0005135909304954
1.0,qlstm_linear_enhanced_paper,original_1,mackey_1000,0.0,0.001,6.0,32.0,8.0,70.0,64.0,0.031762670725584,0.0220250375568866,0.1358643025159835,0.1182205229997634,0.6580601334571838,0.8261280655860901,1205.0,1330.0,7314.03,0.0313179302546713,0.0275463107973337,0.036201573908329
1.0,qlstm_linear_enhanced_paper,original_1,mackey_1000,0.0,0.001,6.0,32.0,8.0,140.0,64.0,0.0273596588522195,0.0324005782604217,0.1329274475574493,0.1473075002431869,0.6904175281524658,0.726677417755127,1205.0,1427.0,6978.69,0.0585684883408248,0.065940074622631,0.0522387027740478
1.0,qlstm_linear_enhanced_paper,original_1,mackey_1000,0.0,0.001,6.0,32.0,16.0,1.0,64.0,2.1750511223217472e-06,2.806681322908844e-06,0.0011465604184195,0.0013252896023914,0.9999790787696838,0.9999786615371704,1205.0,874.0,10854.8,0.0005615239875623,0.0005973715451546,0.0005742373759858
1.0,qlstm_linear_enhanced_paper,original_1,mackey_1000,0.0,0.001,6.0,32.0,16.0,70.0,64.0,0.0020473403856158,0.0018507911590859,0.032896090298891,0.0327329859137535,0.98219895362854,0.9859726428985596,1205.0,2108.0,23828.7,0.0270460293524795,0.0259199012070894,0.0346444994211196
1.0,qlstm_linear_enhanced_paper,original_1,mackey_1000,0.0,0.001,6.0,32.0,16.0,140.0,64.0,0.0307543482631444,0.0199870485812425,0.1508654952049255,0.1160183101892471,0.6487516164779663,0.8406596183776855,1205.0,1637.0,16329.93,0.0591783244162797,0.0644345209002494,0.0534780323505401
1.0,qlstm_linear_enhanced_paper,original_2,mackey_1000,0.0,0.001,6.0,32.0,4.0,1.0,64.0,5.648669230140513e-06,6.218386261025444e-06,0.0018471961375325,0.0019946608226746,0.9999482035636902,0.9999540448188782,1277.0,881.0,3787.99,0.0012535641202703,0.0012175497831776,0.0010333545506
1.0,qlstm_linear_enhanced_paper,original_2,mackey_1000,0.0,0.001,6.0,32.0,4.0,70.0,64.0,0.0336966775357723,0.0253043323755264,0.1380136758089065,0.1232572793960571,0.6312964558601379,0.8017995953559875,1277.0,952.0,3739.0,0.0361283127632406,0.0308564603328704,0.041227888315916
1.0,qlstm_linear_enhanced_paper,original_2,mackey_1000,0.0,0.001,6.0,32.0,4.0,140.0,64.0,0.0524917319416999,0.0668858513236045,0.1947135031223297,0.2129228860139846,-0.1842149496078491,0.1611946523189544,1277.0,404.0,1575.95,0.0561063066124916,0.0669004172086715,0.0526112169027328
1.0,qlstm_linear_enhanced_paper,original_2,mackey_1000,0.0,0.001,6.0,32.0,8.0,1.0,64.0,5.20707544637844e-06,5.8176265156362206e-06,0.0017733760178089,0.0019122684607282,0.9999502301216124,0.999955415725708,1277.0,928.0,8101.51,0.0004494050022913,0.000475677952636,0.0003494672419037
1.0,qlstm_linear_enhanced_paper,original_2,mackey_1000,0.0,0.001,6.0,32.0,8.0,70.0,64.0,0.0240993034094572,0.0200250912457704,0.1207804307341575,0.1148885115981102,0.7521166205406189,0.8394802808761597,1277.0,1224.0,9776.85,0.0317409264130724,0.0278207790106534,0.0368197374045848
1.0,qlstm_linear_enhanced_paper,original_2,mackey_1000,0.0,0.001,6.0,32.0,8.0,140.0,64.0,0.0317711420357227,0.0302483420819044,0.1426550447940826,0.1414223462343216,0.6332584023475647,0.7546312808990479,1277.0,1495.0,10749.14,0.0583865931257605,0.0652937963604927,0.0526496693491935
1.0,qlstm_linear_enhanced_paper,original_2,mackey_1000,0.0,0.001,6.0,32.0,16.0,1.0,64.0,6.776877398806391e-06,8.436265488853678e-06,0.0020952257327735,0.0024200428742915,0.9999417066574096,0.9999353289604188,1277.0,905.0,16319.44,0.0009576185664627,0.0010537923080846,0.0008120602578856
1.0,qlstm_linear_enhanced_paper,original_2,mackey_1000,0.0,0.001,6.0,32.0,16.0,70.0,64.0,0.0018053529784083,0.0015281417872756,0.0303021576255559,0.0301723461598157,0.9835512042045592,0.9898391366004944,1277.0,2317.0,37669.98,0.0269096986287169,0.025777019560337,0.0348051525652408
1.0,qlstm_linear_enhanced_paper,original_2,mackey_1000,0.0,0.001,6.0,32.0,16.0,140.0,64.0,0.0286336038261652,0.0222228951752185,0.141229510307312,0.1201054826378822,0.6783577799797058,0.8193226456642151,1277.0,1016.0,15095.78,0.0494971699081361,0.0476587563753128,0.0441757179796695
1.0,qlstm_linear_enhanced_paper,original_3,mackey_1000,0.0,0.001,6.0,32.0,4.0,1.0,64.0,4.677951437770389e-06,5.561870239034761e-06,0.001671667676419,0.0018586337100714,0.9999569058418274,0.9999583959579468,1349.0,1121.0,6277.36,0.0011609358130954,0.0011236120481044,0.0009583932696841
1.0,qlstm_linear_enhanced_paper,original_3,mackey_1000,0.0,0.001,6.0,32.0,4.0,70.0,64.0,0.033397126942873,0.0245593655854463,0.1374089419841766,0.1217615082859993,0.6355652809143066,0.804324209690094,1349.0,677.0,3469.84,0.0344591093146138,0.0304509978741407,0.038875263184309
1.0,qlstm_linear_enhanced_paper,original_3,mackey_1000,0.0,0.001,6.0,32.0,4.0,140.0,64.0,0.0524296313524246,0.0669536814093589,0.1946334838867187,0.2130032777786255,-0.1866950690746307,0.1605985462665558,1349.0,407.0,2068.66,0.0561047618587811,0.0669582784175872,0.0525784492492675
1.0,qlstm_linear_enhanced_paper,original_3,mackey_1000,0.0,0.001,6.0,32.0,8.0,1.0,64.0,8.287242053484078e-06,8.799202987574972e-06,0.0023362122010439,0.002421016106382,0.9999202489852904,0.9999326467514038,1349.0,877.0,10116.01,0.0002925245571532,0.0002971464709844,0.0002396125055383
1.0,qlstm_linear_enhanced_paper,original_3,mackey_1000,0.0,0.001,6.0,32.0,8.0,70.0,64.0,0.0346453823149204,0.0234210211783647,0.1448900550603866,0.1255317330360412,0.6152018904685974,0.8136433959007263,1349.0,649.0,6904.97,0.0313070728960964,0.0271890833973884,0.0355322398245334
1.0,qlstm_linear_enhanced_paper,original_3,mackey_1000,0.0,0.001,6.0,32.0,8.0,140.0,64.0,0.0324089899659156,0.0323912687599659,0.1429161578416824,0.1482352763414383,0.6260976195335388,0.7346619963645935,1349.0,882.0,8417.94,0.0584753458388149,0.0657229349017143,0.0525614023208618
1.0,qlstm_linear_enhanced_paper,original_3,mackey_1000,0.0,0.001,6.0,32.0,16.0,1.0,64.0,1.627561232453445e-06,2.1944708805676783e-06,0.0010190592147409,0.0012149882968515,0.9999849796295166,0.9999833106994628,1349.0,1063.0,25214.98,0.0005233377363765,0.0004940341459587,0.0004405779764056
1.0,qlstm_linear_enhanced_paper,original_3,mackey_1000,0.0,0.001,6.0,32.0,16.0,70.0,64.0,0.01597804389894,0.0116243073716759,0.0948653519153595,0.0883248820900917,0.8458709120750427,0.9074275493621826,1349.0,1281.0,27500.44,0.0266706490268309,0.0249350387603044,0.0354581810534
1.0,qlstm_linear_enhanced_paper,original_3,mackey_1000,0.0,0.001,6.0,32.0,16.0,140.0,64.0,0.0272271893918514,0.0169112719595432,0.1338081508874893,0.1092605963349342,0.7108655571937561,0.8650962710380554,1349.0,985.0,19236.23,0.0590004776604473,0.0640417858958244,0.0535748377442359
1.0,qlstm_linear_enhanced_paper,original_1,mackey_1000,1.0,0.001,6.0,8.0,4.0,1.0,64.0,4.8421516112284735e-06,5.867897925782017e-06,0.0016883108764886,0.0019372755195945,0.9999550580978394,0.999954879283905,365.0,1515.0,4497.88,0.0010945918620564,0.0011276458390057,0.0009563920903019
1.0,qlstm_linear_enhanced_paper,original_1,mackey_1000,1.0,0.001,6.0,8.0,4.0,70.0,64.0,0.0328861102461814,0.0250739641487598,0.1382350772619247,0.1235555484890937,0.6396424174308777,0.7983339428901672,365.0,887.0,2357.92,0.0397054461969269,0.034295305609703,0.0442504175007343
1.0,qlstm_linear_enhanced_paper,original_1,mackey_1000,1.0,0.001,6.0,8.0,4.0,140.0,64.0,0.0519487708806991,0.0671834871172905,0.1939299404621124,0.2131689190864563,0.4013801515102386,0.0927145928144455,365.0,411.0,1106.64,0.0514809976884862,0.0673436224460601,0.0518423281610012
1.0,qlstm_linear_enhanced_paper,original_1,mackey_1000,1.0,0.001,6.0,8.0,8.0,1.0,64.0,3.96342329622712e-06,4.678528966906015e-06,0.0015471074730157,0.0017226854106411,0.9999630451202391,0.9999646544456482,365.0,1657.0,10124.0,0.0009034516755491,0.0009543625637888,0.000765947101172
1.0,qlstm_linear_enhanced_paper,original_1,mackey_1000,1.0,0.001,6.0,8.0,8.0,70.0,64.0,0.0319623574614524,0.021967701613903,0.1412543803453445,0.1201153770089149,0.6527226567268372,0.8263344168663025,365.0,1323.0,7312.08,0.0370165587713321,0.0320130474865436,0.0442067123949527
1.0,qlstm_linear_enhanced_paper,original_1,mackey_1000,1.0,0.001,6.0,8.0,8.0,140.0,64.0,0.0525382906198501,0.0658886209130287,0.1951997578144073,0.210758164525032,-0.2015711963176727,0.1307123452425003,365.0,412.0,2052.67,0.0585208171978592,0.0659456625580787,0.0529171749949455
1.0,qlstm_linear_enhanced_paper,original_1,mackey_1000,1.0,0.001,6.0,8.0,16.0,1.0,64.0,3.3871647246996872e-06,3.697101874422515e-06,0.0014009416336193,0.0015520808519795,0.9999676942825316,0.9999716281890868,365.0,1608.0,19933.43,0.0006246648990781,0.0007097896304912,0.0005709451506845
1.0,qlstm_linear_enhanced_paper,original_1,mackey_1000,1.0,0.001,6.0,8.0,16.0,70.0,64.0,0.0073916097171604,0.0067844819277524,0.0633550286293029,0.0646516382694244,0.9374244809150696,0.9470719695091248,365.0,2516.0,27980.19,0.0263388736380471,0.0248714946210384,0.0351863615214824
1.0,qlstm_linear_enhanced_paper,original_1,mackey_1000,1.0,0.001,6.0,8.0,16.0,140.0,64.0,0.0310671888291835,0.0232506059110164,0.1454159170389175,0.1268678158521652,0.6529645323753357,0.8098923563957214,365.0,1752.0,17795.45,0.0589845078065991,0.0642159283161163,0.0538127049803733
1.0,qlstm_linear_enhanced_paper,original_2,mackey_1000,1.0,0.001,6.0,8.0,4.0,1.0,64.0,5.763185527030146e-06,6.2908752624935005e-06,0.0017933036433532,0.0020109112374484,0.9999495148658752,0.9999516010284424,437.0,1383.0,5920.49,0.00284383893013,0.002930998802185,0.0024330227170139
1.0,qlstm_linear_enhanced_paper,original_2,mackey_1000,1.0,0.001,6.0,8.0,4.0,70.0,64.0,0.0335448160767555,0.0246790889650583,0.1413956582546234,0.1221519261598587,0.6322281360626221,0.8021289110183716,437.0,1002.0,3966.94,0.0354832493596606,0.0299435313791036,0.0417961813509464
1.0,qlstm_linear_enhanced_paper,original_2,mackey_1000,1.0,0.001,6.0,8.0,4.0,140.0,64.0,0.0537963174283504,0.0660557299852371,0.1957682222127914,0.2113582789897918,-0.174857422709465,0.1709873080253601,437.0,413.0,1600.57,0.0514488430409174,0.0664746388792991,0.0525958426296711
1.0,qlstm_linear_enhanced_paper,original_2,mackey_1000,1.0,0.001,6.0,8.0,8.0,1.0,64.0,4.884296686213929e-06,5.524448624782963e-06,0.0017274927813559,0.0018706414848566,0.9999608993530272,0.9999578595161438,437.0,1244.0,11218.37,0.0003190375224221,0.0003671757585834,0.0002980552089866
1.0,qlstm_linear_enhanced_paper,original_2,mackey_1000,1.0,0.001,6.0,8.0,8.0,70.0,64.0,0.0330598875880241,0.0249955523759126,0.1389622092247009,0.127976968884468,0.634686291217804,0.7953835129737854,437.0,919.0,7398.73,0.0336710816870133,0.0281021669507026,0.0418425649404525
1.0,qlstm_linear_enhanced_paper,original_2,mackey_1000,1.0,0.001,6.0,8.0,8.0,140.0,64.0,0.0320464074611663,0.0319922119379043,0.1367928981781005,0.1452434360980987,0.6302839517593384,0.7351866960525513,437.0,1057.0,7642.86,0.0582662690430879,0.0655486360192298,0.0527251660823822
1.0,qlstm_linear_enhanced_paper,original_2,mackey_1000,1.0,0.001,6.0,8.0,16.0,1.0,64.0,9.090704224945512e-07,1.374772296003357e-06,0.0007846694206818,0.0009238374186679,0.9999921321868896,0.9999897480010986,437.0,1155.0,20990.21,0.0003446704620728,0.0003870210202876,0.0002984033781103
1.0,qlstm_linear_enhanced_paper,original_2,mackey_1000,1.0,0.001,6.0,8.0,16.0,70.0,64.0,0.0007124309777282,0.0013240736443549,0.0215315762907266,0.0271042864769697,0.9933019280433656,0.9903401136398317,437.0,3270.0,53373.46,0.0319361036850346,0.027563102543354,0.0400103479623794
1.0,qlstm_linear_enhanced_paper,original_2,mackey_1000,1.0,0.001,6.0,8.0,16.0,140.0,64.0,0.034237653017044,0.0423852540552616,0.1398265957832336,0.159581184387207,0.5962797999382019,0.587253987789154,437.0,551.0,8394.0,0.0578778441995382,0.0619274452328681,0.0540532656013965
1.0,qlstm_linear_enhanced_paper,original_3,mackey_1000,1.0,0.001,6.0,8.0,4.0,1.0,64.0,8.08249296824215e-06,9.521530046185944e-06,0.0022033245768398,0.0024197946768254,0.9999316930770874,0.9999268054962158,509.0,1475.0,8325.64,0.0020792347379028,0.0021913750097155,0.0017777765169739
1.0,qlstm_linear_enhanced_paper,original_3,mackey_1000,1.0,0.001,6.0,8.0,4.0,70.0,64.0,0.0334255173802375,0.0243773106485605,0.1405110955238342,0.1212893277406692,0.6337237358093262,0.804858922958374,509.0,915.0,8443.18,0.0397855349712901,0.034371118992567,0.0447273962199687
1.0,qlstm_linear_enhanced_paper,original_3,mackey_1000,1.0,0.001,6.0,8.0,4.0,140.0,64.0,0.0525318346917629,0.0671688765287399,0.1944684386253357,0.2126012146472931,-0.2062733322381973,0.1394602805376052,509.0,410.0,3804.11,0.0515021521132439,0.067329853773117,0.0518616624176502
1.0,qlstm_linear_enhanced_paper,original_3,mackey_1000,1.0,0.001,6.0,8.0,8.0,1.0,64.0,6.165880222397391e-06,6.89002672515926e-06,0.0019486363744363,0.0021241661161184,0.999944269657135,0.9999472498893738,509.0,1245.0,25509.57,0.0004972865834133,0.000585222558584,0.0004496283072512
1.0,qlstm_linear_enhanced_paper,original_3,mackey_1000,1.0,0.001,6.0,8.0,8.0,70.0,64.0,0.0251737907528877,0.0210558921098709,0.1217338666319847,0.1200282126665115,0.7366097569465637,0.8296085000038147,509.0,1596.0,30228.22,0.0319143045279714,0.0276040192693471,0.0392021089792251
1.0,qlstm_linear_enhanced_paper,original_3,mackey_1000,1.0,0.001,6.0,8.0,8.0,140.0,64.0,0.0332340225577354,0.0332733541727066,0.1445608586072921,0.148354023694992,0.6159654259681702,0.725286066532135,509.0,1113.0,18806.91,0.0584850148297846,0.0658787786960601,0.0529064834117889
1.0,qlstm_linear_enhanced_paper,original_3,mackey_1000,1.0,0.001,6.0,8.0,16.0,1.0,64.0,5.876706381968688e-06,6.404890882549808e-06,0.0019968331325799,0.0020375167950987,0.9999430775642396,0.9999515414237976,509.0,1093.0,46081.49,0.0006391450559021,0.0007206441950984,0.0005568609922192
1.0,qlstm_linear_enhanced_paper,original_3,mackey_1000,1.0,0.001,6.0,8.0,16.0,70.0,64.0,0.0005149220232851,0.001037367619574,0.0178022030740976,0.0241891182959079,0.9951512813568116,0.9922097325325012,509.0,3633.0,117237.81,0.0265553738507959,0.0246096551418304,0.0355689786374568
1.0,qlstm_linear_enhanced_paper,original_3,mackey_1000,1.0,0.001,6.0,8.0,16.0,140.0,64.0,0.0296351239085197,0.0215859171003103,0.1448642462491989,0.1190433353185653,0.6665912866592407,0.8262543082237244,509.0,1355.0,49850.9,0.0590126779861748,0.0644279643893241,0.0534313023090362
1.0,qlstm_linear_enhanced_paper,original_1,mackey_1000,1.0,0.001,6.0,16.0,4.0,1.0,64.0,1.2312408216530455e-05,1.4252262189984322e-05,0.0027534561231732,0.0029604427982121,0.9998894929885864,0.9998905658721924,645.0,1285.0,7135.72,0.0018658021464943,0.0019478817703202,0.0016116577899083
1.0,qlstm_linear_enhanced_paper,original_1,mackey_1000,1.0,0.001,6.0,16.0,4.0,70.0,64.0,0.0338376238942146,0.0249503627419471,0.1377485394477844,0.1222703084349632,0.6281306147575378,0.8018743991851807,645.0,937.0,4737.07,0.0353773145212067,0.030876275151968,0.0407033190131187
1.0,qlstm_linear_enhanced_paper,original_1,mackey_1000,1.0,0.001,6.0,16.0,4.0,140.0,64.0,0.0520955584943294,0.0672730132937431,0.1943073272705078,0.2134047150611877,0.2382564395666122,-0.089809313416481,645.0,411.0,2071.72,0.051471022218013,0.0673357546329498,0.0517465360462665
1.0,qlstm_linear_enhanced_paper,original_1,mackey_1000,1.0,0.001,6.0,16.0,8.0,1.0,64.0,4.905799414700596e-06,5.863498245162191e-06,0.0017542602727189,0.0019531489815562,0.9999520182609558,0.999955415725708,645.0,1236.0,13727.83,0.0004395178286358,0.0005375402979552,0.0003506304637994
1.0,qlstm_linear_enhanced_paper,original_1,mackey_1000,1.0,0.001,6.0,16.0,8.0,70.0,64.0,0.0227189715951681,0.0208372585475444,0.1190589666366577,0.1120126321911811,0.7755565047264099,0.8315492868423462,645.0,1390.0,13878.06,0.0303664453741576,0.027216088026762,0.0358890071511268
1.0,qlstm_linear_enhanced_paper,original_1,mackey_1000,1.0,0.001,6.0,16.0,8.0,140.0,64.0,0.0362401269376277,0.0412534326314926,0.1503945440053939,0.1683220714330673,0.5542778372764587,0.620689868927002,645.0,1540.0,14086.79,0.0585129894316196,0.065991036593914,0.0528251640498638
1.0,qlstm_linear_enhanced_paper,original_1,mackey_1000,1.0,0.001,6.0,16.0,16.0,1.0,64.0,3.689970981213264e-06,4.418890512170037e-06,0.0015237185871228,0.0016936665633693,0.9999672770500184,0.9999661445617676,645.0,1266.0,28072.53,0.0006904771144036,0.0007827938534319,0.0006474009132944
1.0,qlstm_linear_enhanced_paper,original_1,mackey_1000,1.0,0.001,6.0,16.0,16.0,70.0,64.0,0.0135334823280572,0.0092065464705228,0.0920093804597854,0.0772859454154968,0.8645028471946716,0.9287722110748292,645.0,1143.0,23156.32,0.0270735211670398,0.0253633745014667,0.0354786030948162
1.0,qlstm_linear_enhanced_paper,original_1,mackey_1000,1.0,0.001,6.0,16.0,16.0,140.0,64.0,0.0302364416420459,0.0219849497079849,0.1454199403524398,0.1237082183361053,0.6611906290054321,0.8206908702850342,645.0,870.0,16110.93,0.0590309519320726,0.0645205751061439,0.0533283278346061
1.0,qlstm_linear_enhanced_paper,original_2,mackey_1000,1.0,0.001,6.0,16.0,4.0,1.0,64.0,7.054507477732841e-06,6.789055987610482e-06,0.001968324650079,0.002027521142736,0.9999393224716188,0.9999476075172424,717.0,916.0,7214.9,0.0009868085791822,0.0010057569015771,0.0008606179617345
1.0,qlstm_linear_enhanced_paper,original_2,mackey_1000,1.0,0.001,6.0,16.0,4.0,70.0,64.0,0.0340906605124473,0.0243575200438499,0.1399921327829361,0.1205457523465156,0.6219442486763,0.8100265860557556,717.0,787.0,5699.94,0.0343330125841829,0.0304977186024189,0.0401363410055637
1.0,qlstm_linear_enhanced_paper,original_2,mackey_1000,1.0,0.001,6.0,16.0,4.0,140.0,64.0,0.0520959496498107,0.0672774016857147,0.1942777186632156,0.2133638262748718,0.2562360763549804,-0.0838150084018707,717.0,409.0,2979.66,0.0514891883730241,0.067412830889225,0.0517159402370452
1.0,qlstm_linear_enhanced_paper,original_2,mackey_1000,1.0,0.001,6.0,16.0,8.0,1.0,64.0,7.067492788337404e-06,7.832237315597013e-06,0.0021556136198341,0.0022905094083398,0.9999324679374696,0.9999396800994872,717.0,1031.0,16492.75,0.0004098504723515,0.0004745146725326,0.0003647532430477
1.0,qlstm_linear_enhanced_paper,original_2,mackey_1000,1.0,0.001,6.0,16.0,8.0,70.0,64.0,0.0306290090084075,0.0227489918470382,0.1348459720611572,0.1205659210681915,0.6689668297767639,0.8163003325462341,717.0,852.0,12484.56,0.0302631130648983,0.0272116586565971,0.0358253829181194
1.0,qlstm_linear_enhanced_paper,original_2,mackey_1000,1.0,0.001,6.0,16.0,8.0,140.0,64.0,0.0315191745758056,0.0329023636877536,0.1427371054887771,0.148688331246376,0.638321578502655,0.7215766310691833,717.0,1177.0,15405.68,0.0584969371557235,0.0660139545798301,0.0527551546692848
1.0,qlstm_linear_enhanced_paper,original_2,mackey_1000,1.0,0.001,6.0,16.0,16.0,1.0,64.0,1.02115438949113e-06,1.626112748454034e-06,0.0008345054229721,0.0009464545873925,0.9999900460243224,0.9999874830245972,717.0,1377.0,44388.61,0.0006157599244033,0.0007349414518103,0.000533941143658
1.0,qlstm_linear_enhanced_paper,original_2,mackey_1000,1.0,0.001,6.0,16.0,16.0,70.0,64.0,0.0064915176481008,0.0077888797968626,0.0627487003803253,0.0686925575137138,0.9435492753982544,0.9389292597770692,717.0,1733.0,51552.54,0.0265848700784974,0.0250776913017034,0.0350598245859146
1.0,qlstm_linear_enhanced_paper,original_2,mackey_1000,1.0,0.001,6.0,16.0,16.0,140.0,64.0,0.0311408322304487,0.0218466222286224,0.1429281234741211,0.1209516376256942,0.6586884260177612,0.8228933215141296,717.0,848.0,22882.3,0.0587115096859633,0.0636676847934722,0.0539604611694812
1.0,qlstm_linear_enhanced_paper,original_3,mackey_1000,1.0,0.001,6.0,16.0,4.0,1.0,64.0,7.397588888125028e-06,8.92903426574776e-06,0.0021050621289759,0.0023682590108364,0.999933660030365,0.9999313950538636,789.0,1095.0,11599.93,0.0012468948320019,0.0012944168411195,0.0010653900681063
1.0,qlstm_linear_enhanced_paper,original_3,mackey_1000,1.0,0.001,6.0,16.0,4.0,70.0,64.0,0.0337481424212455,0.024570720270276,0.1368431150913238,0.1219416856765747,0.6257215142250061,0.8077159523963928,789.0,774.0,7409.16,0.0340945395744509,0.0300433468073606,0.0397510081529617
1.0,qlstm_linear_enhanced_paper,original_3,mackey_1000,1.0,0.001,6.0,16.0,4.0,140.0,64.0,0.0524469688534736,0.0670501366257667,0.1943656802177429,0.2125814855098724,-0.12482850253582,0.2090732455253601,789.0,407.0,3724.6,0.0514620645456792,0.0673316121101379,0.051577690988779
1.0,qlstm_linear_enhanced_paper,original_3,mackey_1000,1.0,0.001,6.0,16.0,8.0,1.0,64.0,6.879859938635491e-06,9.52921800490003e-06,0.0020681079477071,0.0024344900157302,0.9999344944953918,0.9999288320541382,789.0,1084.0,22698.77,0.0008622900233604,0.0009381694253534,0.0007136384956538
1.0,qlstm_linear_enhanced_paper,original_3,mackey_1000,1.0,0.001,6.0,16.0,8.0,70.0,64.0,0.0297529306262731,0.0223573427647352,0.1350856125354766,0.1222092807292938,0.6763001680374146,0.8263117671012878,789.0,920.0,17811.98,0.0300015188339683,0.0265192110091447,0.0357293970882892
1.0,qlstm_linear_enhanced_paper,original_3,mackey_1000,1.0,0.001,6.0,16.0,8.0,140.0,64.0,0.0290522500872612,0.0317321494221687,0.1362212151288986,0.1451189666986465,0.6649984121322632,0.7315565943717957,789.0,999.0,17001.63,0.0584727665409445,0.0657879114151001,0.0529412068426609
1.0,qlstm_linear_enhanced_paper,original_3,mackey_1000,1.0,0.001,6.0,16.0,16.0,1.0,64.0,7.397161994049384e-07,9.767969686436118e-07,0.0007013570866547,0.0007125755073502,0.9999945759773254,0.9999926686286926,789.0,1218.0,50767.94,0.0011204665235709,0.0012831140775233,0.0009461452718824
1.0,qlstm_linear_enhanced_paper,original_3,mackey_1000,1.0,0.001,6.0,16.0,16.0,70.0,64.0,0.0052790064364671,0.0053365412168204,0.0578581318259239,0.0568677447736263,0.9582218527793884,0.9585707187652588,789.0,1661.0,60905.25,0.0268510377241505,0.0246009044349193,0.0356363989412784
1.0,qlstm_linear_enhanced_paper,original_3,mackey_1000,1.0,0.001,6.0,16.0,16.0,140.0,64.0,0.0287220776081085,0.016148192808032,0.1400533765554428,0.1049356386065483,0.6879104375839233,0.8725700378417969,789.0,1143.0,39643.03,0.0588640766218304,0.0640495494008064,0.0537850745022296
1.0,qlstm_linear_enhanced_paper,original_1,mackey_1000,1.0,0.001,6.0,32.0,4.0,1.0,64.0,1.0858876521524508e-05,1.28713836602401e-05,0.0026784834917634,0.0028878804296255,0.9998975396156312,0.999902069568634,1205.0,879.0,4884.32,0.0012221445678733,0.0012351965997368,0.001063814619556
1.0,qlstm_linear_enhanced_paper,original_1,mackey_1000,1.0,0.001,6.0,32.0,4.0,70.0,64.0,0.0335899330675601,0.0243931822478771,0.1381458342075348,0.1211285665631294,0.6287520527839661,0.8077104687690735,1205.0,1042.0,5264.78,0.040802197323905,0.0348916314542293,0.0460619814693927
1.0,qlstm_linear_enhanced_paper,original_1,mackey_1000,1.0,0.001,6.0,32.0,4.0,140.0,64.0,0.0521550066769123,0.0672333538532257,0.1944112628698349,0.213384598493576,-0.2325951606035232,0.1167285814881324,1205.0,404.0,2045.14,0.051589582776008,0.0674919411540031,0.0514735579490661
1.0,qlstm_linear_enhanced_paper,original_1,mackey_1000,1.0,0.001,6.0,32.0,8.0,1.0,64.0,1.4430082956096156e-05,1.6811072782729752e-05,0.0030802153050899,0.0034144353121519,0.9998660683631896,0.9998725652694702,1205.0,882.0,9969.44,0.0002600369421998,0.0002675572759471,0.0002284623187733
1.0,qlstm_linear_enhanced_paper,original_1,mackey_1000,1.0,0.001,6.0,32.0,8.0,70.0,64.0,0.027942756190896,0.0213577095419168,0.1299686580896377,0.1177219599485397,0.6969956159591675,0.8351756930351257,1205.0,830.0,8628.17,0.0306595586654212,0.0275621078908443,0.0354893542826175
1.0,qlstm_linear_enhanced_paper,original_1,mackey_1000,1.0,0.001,6.0,32.0,8.0,140.0,64.0,0.0512640438973903,0.0578112676739692,0.1846741884946823,0.1972275972366333,0.1789383888244629,0.4321009516716003,1205.0,790.0,7431.05,0.0585199184715747,0.066053606569767,0.0527006834745407
1.0,qlstm_linear_enhanced_paper,original_1,mackey_1000,1.0,0.001,6.0,32.0,16.0,1.0,64.0,1.2815887657779967e-06,1.607840090400714e-06,0.000910323287826,0.0010296213440597,0.9999880194664,0.9999881982803344,1205.0,949.0,21160.71,0.0002816907843225,0.0002774519962258,0.0002505418087821
1.0,qlstm_linear_enhanced_paper,original_1,mackey_1000,1.0,0.001,6.0,32.0,16.0,70.0,64.0,0.0032635452225804,0.0030512819066643,0.0409816354513168,0.0436627529561519,0.9714344143867492,0.9777117967605592,1205.0,3538.0,66567.17,0.0278460704204108,0.0263514667749404,0.0348497778177261
1.0,qlstm_linear_enhanced_paper,original_1,mackey_1000,1.0,0.001,6.0,32.0,16.0,140.0,64.0,0.0323530323803424,0.0202449355274438,0.1545520275831222,0.1157654300332069,0.6386237740516663,0.8301644921302795,1205.0,1318.0,24746.94,0.0589856882579624,0.0643244311213493,0.0535888671875
1.0,qlstm_linear_enhanced_paper,original_2,mackey_1000,1.0,0.001,6.0,32.0,4.0,1.0,64.0,5.008292646380141e-06,5.326041900843848e-06,0.0016842894256114,0.0018388089956715,0.9999582767486572,0.999958872795105,1277.0,928.0,7465.8,0.0024291427689604,0.0025193449109792,0.0020708523225039
1.0,qlstm_linear_enhanced_paper,original_2,mackey_1000,1.0,0.001,6.0,32.0,4.0,70.0,64.0,0.0348542891442775,0.0237793270498514,0.1411409080028534,0.1190706640481948,0.6167293787002563,0.8114026784896851,1277.0,643.0,4741.25,0.0335149400764041,0.0297503694891929,0.0390816703438758
1.0,qlstm_linear_enhanced_paper,original_2,mackey_1000,1.0,0.001,6.0,32.0,4.0,140.0,64.0,0.0520536191761493,0.067233882844448,0.194284126162529,0.2134418338537216,0.3371857106685638,0.0831800401210784,1277.0,407.0,2971.86,0.0515138751947637,0.0674716606736183,0.0514929890632629
1.0,qlstm_linear_enhanced_paper,original_2,mackey_1000,1.0,0.001,6.0,32.0,8.0,1.0,64.0,6.093006049923133e-06,7.061225460347487e-06,0.001914638094604,0.0021401636768132,0.9999439120292664,0.9999467730522156,1277.0,1042.0,17028.82,0.0004414504539454,0.0005619368748739,0.0003453767276369
1.0,qlstm_linear_enhanced_paper,original_2,mackey_1000,1.0,0.001,6.0,32.0,8.0,70.0,64.0,0.0304200071841478,0.0215267725288867,0.1336771845817566,0.1158691719174385,0.6699673533439636,0.8295056223869324,1277.0,832.0,12603.05,0.0305043653481536,0.0274359993636608,0.0359097756445407
1.0,qlstm_linear_enhanced_paper,original_2,mackey_1000,1.0,0.001,6.0,32.0,8.0,140.0,64.0,0.0287666041404008,0.0307026896625757,0.1372376680374145,0.1444238871335983,0.6707891225814819,0.7467545866966248,1277.0,1322.0,18113.58,0.0584900234825909,0.0659610107541084,0.0527591854333877
1.0,qlstm_linear_enhanced_paper,original_2,mackey_1000,1.0,0.001,6.0,32.0,16.0,1.0,64.0,6.12009534961544e-06,9.521007996227128e-06,0.0020157764665782,0.002411883091554,0.9999409317970276,0.9999271631240844,1277.0,633.0,20971.58,0.0003778037353185,0.0003862344601657,0.0003198004851583
1.0,qlstm_linear_enhanced_paper,original_2,mackey_1000,1.0,0.001,6.0,32.0,16.0,70.0,64.0,0.0017350025009363,0.0023326985538005,0.0343082472681999,0.038568876683712,0.9847885370254515,0.982524037361145,1277.0,2350.0,64355.77,0.0273437518626451,0.0258001741021871,0.0346866436302661
1.0,qlstm_linear_enhanced_paper,original_2,mackey_1000,1.0,0.001,6.0,32.0,16.0,140.0,64.0,0.0286495275795459,0.0238709785044193,0.1442860662937164,0.1218156069517135,0.6751948595046997,0.8073197603225708,1277.0,1076.0,29143.34,0.0588663099333643,0.0640019327402114,0.0537834614515304
1.0,qlstm_linear_enhanced_paper,original_3,mackey_1000,1.0,0.001,6.0,32.0,4.0,1.0,64.0,8.42949521029368e-06,9.937539289239794e-06,0.0022814858239144,0.0025291014462709,0.9999250769615172,0.9999234080314636,1349.0,1030.0,10775.46,0.0023633800679817,0.0024068055208772,0.0020092586055397
1.0,qlstm_linear_enhanced_paper,original_3,mackey_1000,1.0,0.001,6.0,32.0,4.0,70.0,64.0,0.0346036553382873,0.0241052713245153,0.1372771561145782,0.1202445700764656,0.6185163855552673,0.809385359287262,1349.0,783.0,7516.18,0.0344547569337818,0.0308584477752447,0.0397207401692867
1.0,qlstm_linear_enhanced_paper,original_3,mackey_1000,1.0,0.001,6.0,32.0,4.0,140.0,64.0,0.0523798838257789,0.067040666937828,0.1945237666368484,0.2129802852869033,-0.1823835968971252,0.1650405377149582,1349.0,402.0,3823.02,0.0514944056048989,0.0672921985387802,0.05165646225214
1.0,qlstm_linear_enhanced_paper,original_3,mackey_1000,1.0,0.001,6.0,32.0,8.0,1.0,64.0,7.302823632926447e-06,7.500966603402048e-06,0.0020699410233646,0.0021416549570858,0.9999333620071412,0.9999423623085022,1349.0,813.0,17180.16,0.0002905223649577,0.0003170109412167,0.000243525384576
1.0,qlstm_linear_enhanced_paper,original_3,mackey_1000,1.0,0.001,6.0,32.0,8.0,70.0,64.0,0.0329990312457084,0.0225453712046146,0.1422595083713531,0.121208406984806,0.6373569965362549,0.8213578462600708,1349.0,736.0,14057.98,0.0308317109528515,0.0280261486768722,0.0353722609579563
1.0,qlstm_linear_enhanced_paper,original_3,mackey_1000,1.0,0.001,6.0,32.0,8.0,140.0,64.0,0.0283503532409667,0.0327690839767456,0.1369345039129257,0.1482460051774978,0.683387041091919,0.7188045382499695,1349.0,1010.0,17580.43,0.0583153679035604,0.0653339251875877,0.0530422963201999
1.0,qlstm_linear_enhanced_paper,original_3,mackey_1000,1.0,0.001,6.0,32.0,16.0,1.0,64.0,4.736190021503717e-06,5.33272213942837e-06,0.0016461252234876,0.0017623577732592,0.9999628067016602,0.9999589920043944,1349.0,1017.0,43773.45,0.0004947976820403,0.0005419033695943,0.0004027544928248
1.0,qlstm_linear_enhanced_paper,original_3,mackey_1000,1.0,0.001,6.0,32.0,16.0,70.0,64.0,0.0004523915122263,0.0005071604973636,0.0154983485117554,0.0175539106130599,0.9960117340087892,0.9966228008270264,1349.0,3302.0,109870.04,0.0270815237114826,0.0257200542837381,0.0344354510307312
1.0,qlstm_linear_enhanced_paper,original_3,mackey_1000,1.0,0.001,6.0,32.0,16.0,140.0,64.0,0.0275376792997121,0.0178890526294708,0.1382144540548324,0.112748771905899,0.7018648386001587,0.8587979674339294,1349.0,973.0,34066.39,0.0581458914093673,0.0625234618782997,0.0539412461221218
1.0,qlstm_linear_enhanced_paper,original_1,mackey_1000,2.0,0.001,6.0,8.0,4.0,1.0,64.0,5.9199423958489206e-06,5.620294814434601e-06,0.0018414142541587,0.0018650919664651,0.9999513626098632,0.9999567270278932,365.0,1471.0,8196.98,0.0035725373309105,0.003607154591009,0.0028682665433734
1.0,qlstm_linear_enhanced_paper,original_1,mackey_1000,2.0,0.001,6.0,8.0,4.0,70.0,64.0,0.0338022485375404,0.0249076969921588,0.1399413347244262,0.1234015375375747,0.6241517663002014,0.8050082921981812,365.0,1086.0,5515.32,0.0397194108615318,0.0337851643562316,0.0440929271280765
1.0,qlstm_linear_enhanced_paper,original_1,mackey_1000,2.0,0.001,6.0,8.0,4.0,140.0,64.0,0.0522257909178733,0.0672419294714927,0.1943855732679367,0.2132057100534439,-0.1979207247495651,0.0742532610893249,365.0,415.0,2121.26,0.0523447099452217,0.0673388689756393,0.0520517788827419
1.0,qlstm_linear_enhanced_paper,original_1,mackey_1000,2.0,0.001,6.0,8.0,8.0,1.0,64.0,6.526030119857751e-06,8.525889825250488e-06,0.0020361896604299,0.0023853962775319,0.9999431371688844,0.9999347925186156,365.0,1635.0,17914.02,0.0008926014357712,0.0009751584730111,0.0007755004335194
1.0,qlstm_linear_enhanced_paper,original_1,mackey_1000,2.0,0.001,6.0,8.0,8.0,70.0,64.0,0.0322019532322883,0.0219525750726461,0.1410700678825378,0.120342843234539,0.6532755494117737,0.8264575600624084,365.0,994.0,10214.36,0.0352378800097439,0.0299832709133625,0.042367435991764
1.0,qlstm_linear_enhanced_paper,original_1,mackey_1000,2.0,0.001,6.0,8.0,8.0,140.0,64.0,0.0295277088880538,0.032882560044527,0.1365359425544738,0.147527739405632,0.6661599278450012,0.7217574715614319,365.0,1473.0,13623.26,0.0585463624447584,0.0660168007016182,0.0527300350368022
1.0,qlstm_linear_enhanced_paper,original_1,mackey_1000,2.0,0.001,6.0,8.0,16.0,1.0,64.0,2.082298806271865e-06,3.147099960187916e-06,0.0011193776736035,0.0013254195218905,0.999981164932251,0.999976396560669,365.0,1886.0,35850.11,0.0023759942385368,0.0026868793647736,0.0020992066711187
1.0,qlstm_linear_enhanced_paper,original_1,mackey_1000,2.0,0.001,6.0,8.0,16.0,70.0,64.0,0.0068643079139292,0.0090818516910076,0.0637601092457771,0.0763342455029487,0.9392197728157043,0.9291040897369384,365.0,1915.0,33850.35,0.0259569287300109,0.025163335725665,0.0343548916280269
1.0,qlstm_linear_enhanced_paper,original_1,mackey_1000,2.0,0.001,6.0,8.0,16.0,140.0,64.0,0.0302125439047813,0.021490704268217,0.1455218344926834,0.1223100200295448,0.6605422496795654,0.8242887854576111,365.0,1130.0,20811.01,0.0590145252645015,0.0643518641591072,0.0532435178756713
1.0,qlstm_linear_enhanced_paper,original_2,mackey_1000,2.0,0.001,6.0,8.0,4.0,1.0,64.0,4.415781859279377e-06,5.55949463887373e-06,0.0015899626305326,0.0018860847922042,0.999962568283081,0.99995756149292,437.0,1101.0,8723.65,0.0027602849295362,0.0027669637929648,0.0022105248644948
1.0,qlstm_linear_enhanced_paper,original_2,mackey_1000,2.0,0.001,6.0,8.0,4.0,70.0,64.0,0.0344969742000103,0.023845637217164,0.1388255059719085,0.121591567993164,0.6211725473403931,0.813359797000885,437.0,801.0,5722.62,0.0378981485135025,0.0326903089880943,0.0428776443004608
1.0,qlstm_linear_enhanced_paper,original_2,mackey_1000,2.0,0.001,6.0,8.0,4.0,140.0,64.0,0.0521465465426445,0.0670965388417244,0.1943978816270828,0.2133437544107437,-0.1260317414999008,0.2132903784513473,437.0,414.0,3027.14,0.0523929708740777,0.067220501601696,0.0524653792381286
1.0,qlstm_linear_enhanced_paper,original_2,mackey_1000,2.0,0.001,6.0,8.0,8.0,1.0,64.0,4.947199613525299e-06,5.902182692807401e-06,0.0017052451148629,0.001892713131383,0.9999529123306274,0.9999549388885498,437.0,1171.0,15935.63,0.0004937124962452,0.0005813576863147,0.0004295012622606
1.0,qlstm_linear_enhanced_paper,original_2,mackey_1000,2.0,0.001,6.0,8.0,8.0,70.0,64.0,0.031408492475748,0.0228057261556386,0.139739841222763,0.1229120641946792,0.6555314064025879,0.8183628916740417,437.0,888.0,13161.08,0.0314257654050985,0.0268212240189313,0.0382920801639556
1.0,qlstm_linear_enhanced_paper,original_2,mackey_1000,2.0,0.001,6.0,8.0,8.0,140.0,64.0,0.0269415192306041,0.0325177647173404,0.1346113532781601,0.1474103480577469,0.6994525194168091,0.7265589833259583,437.0,1699.0,22417.58,0.0584826460108161,0.0658177062869072,0.052801713347435
1.0,qlstm_linear_enhanced_paper,original_2,mackey_1000,2.0,0.001,6.0,8.0,16.0,1.0,64.0,1.3823474773744238e-06,2.248305463581346e-06,0.0009065828635357,0.0011517318198457,0.9999876618385316,0.9999830722808838,437.0,1575.0,51850.94,0.0020960415829904,0.0023287541698664,0.0019187938887625
1.0,qlstm_linear_enhanced_paper,original_2,mackey_1000,2.0,0.001,6.0,8.0,16.0,70.0,64.0,0.0156608987599611,0.0112594850361347,0.0947828516364097,0.0847936794161796,0.8418842554092407,0.9105066061019896,437.0,736.0,22184.98,0.0258336065130101,0.0247054230421781,0.0352809764444828
1.0,qlstm_linear_enhanced_paper,original_2,mackey_1000,2.0,0.001,6.0,8.0,16.0,140.0,64.0,0.0292386915534734,0.0184315033257007,0.1450768709182739,0.1136144623160362,0.677847683429718,0.850766122341156,437.0,1368.0,36847.0,0.0590578382834792,0.06439820677042,0.0532870441675186
1.0,qlstm_linear_enhanced_paper,original_3,mackey_1000,2.0,0.001,6.0,8.0,4.0,1.0,64.0,6.023198693583254e-06,6.099388883740176e-06,0.0018271378939971,0.0019275770755484,0.9999480843544006,0.9999531507492064,509.0,1114.0,11679.63,0.0003324446937767,0.0003554147842805,0.0002632079704198
1.0,qlstm_linear_enhanced_paper,original_3,mackey_1000,2.0,0.001,6.0,8.0,4.0,70.0,64.0,0.0336294472217559,0.0246487725526094,0.1374359726905822,0.122023120522499,0.6251485347747803,0.8079735636711121,509.0,843.0,8340.71,0.0345751717686653,0.0305070262402296,0.0397944599390029
1.0,qlstm_linear_enhanced_paper,original_3,mackey_1000,2.0,0.001,6.0,8.0,4.0,140.0,64.0,0.052102830260992,0.0672243386507034,0.194200798869133,0.2132215052843094,0.3305445611476898,0.0778374746441841,509.0,413.0,4088.24,0.0523624410852789,0.0673321038484573,0.0521003194153308
1.0,qlstm_linear_enhanced_paper,original_3,mackey_1000,2.0,0.001,6.0,8.0,8.0,1.0,64.0,3.0101170978014125e-06,4.325821009842912e-06,0.0013257254613563,0.0015800826949998,0.9999739527702332,0.999967098236084,509.0,1417.0,29335.22,0.0012610860052518,0.0014080221299082,0.0011014837073162
1.0,qlstm_linear_enhanced_paper,original_3,mackey_1000,2.0,0.001,6.0,8.0,8.0,70.0,64.0,0.028360690921545,0.0218183975666761,0.1323637068271637,0.1195163130760192,0.6918777227401733,0.8271494507789612,509.0,1408.0,27588.51,0.03223491128948,0.0275817494839429,0.0402472987771034
1.0,qlstm_linear_enhanced_paper,original_3,mackey_1000,2.0,0.001,6.0,8.0,8.0,140.0,64.0,0.0285697001963853,0.0315645225346088,0.1350831985473632,0.1473853439092636,0.6728453636169434,0.7410174608230591,509.0,1103.0,16261.7,0.0584620325826108,0.0655559673905372,0.0530988238751888
1.0,qlstm_linear_enhanced_paper,original_3,mackey_1000,2.0,0.001,6.0,8.0,16.0,1.0,64.0,2.046972213065601e-06,2.5373003609274747e-06,0.0011593982344493,0.001278790528886,0.9999816417694092,0.999980628490448,509.0,1355.0,56653.96,0.0006722878315486,0.0008336420869454,0.000540908309631
1.0,qlstm_linear_enhanced_paper,original_3,mackey_1000,2.0,0.001,6.0,8.0,16.0,70.0,64.0,0.0004665853630285,0.000649583293125,0.0170964691787958,0.0208731722086668,0.9958340525627136,0.9952627420425416,509.0,2794.0,82390.48,0.0257599072323905,0.0248799826949834,0.0345312766730785
1.0,qlstm_linear_enhanced_paper,original_3,mackey_1000,2.0,0.001,6.0,8.0,16.0,140.0,64.0,0.0281605161726474,0.0167929846793413,0.1372569054365158,0.1091942191123962,0.7026692032814026,0.8708353042602539,509.0,1391.0,40765.21,0.0587580073624849,0.0635584741830825,0.0538616850972175
1.0,qlstm_linear_enhanced_paper,original_1,mackey_1000,2.0,0.001,6.0,16.0,4.0,1.0,64.0,1.156579401140334e-05,1.3771662452199962e-05,0.002717018360272,0.0029018186032772,0.9998933672904968,0.9998961091041564,645.0,1101.0,6055.22,0.0021287928568199,0.0021124272607266,0.0017382077639922
1.0,qlstm_linear_enhanced_paper,original_1,mackey_1000,2.0,0.001,6.0,16.0,4.0,70.0,64.0,0.033680647611618,0.0251000989228487,0.1368858963251114,0.1225254461169242,0.6249122023582458,0.8029850125312805,645.0,901.0,3857.37,0.0392866544425487,0.0337006747722625,0.0439826697111129
1.0,qlstm_linear_enhanced_paper,original_1,mackey_1000,2.0,0.001,6.0,16.0,4.0,140.0,64.0,0.052172914147377,0.0672139599919319,0.1943974643945694,0.2133159339427948,-0.1705151349306106,0.1721338927745819,645.0,411.0,2070.3,0.0522636157563991,0.0672658756375312,0.0519280321896076
1.0,qlstm_linear_enhanced_paper,original_1,mackey_1000,2.0,0.001,6.0,16.0,8.0,1.0,64.0,2.9828568131051725e-06,4.271090801921673e-06,0.001331289531663,0.0015881169820204,0.9999716877937316,0.9999678134918212,645.0,1566.0,17301.95,0.0013065755658317,0.0014425582485273,0.0011321586789563
1.0,qlstm_linear_enhanced_paper,original_1,mackey_1000,2.0,0.001,6.0,16.0,8.0,70.0,64.0,0.0268795304000377,0.0192318484187126,0.1247971206903457,0.1137647032737732,0.7199103236198425,0.8464118242263794,645.0,1313.0,11097.43,0.0314711752451128,0.0274332650005817,0.0376216396689415
1.0,qlstm_linear_enhanced_paper,original_1,mackey_1000,2.0,0.001,6.0,16.0,8.0,140.0,64.0,0.0467353127896785,0.0544656626880168,0.1764698326587677,0.1923709213733673,0.3448117673397064,0.5208662152290344,645.0,496.0,4612.31,0.0585390254855155,0.0659282207489013,0.0528501532971859
1.0,qlstm_linear_enhanced_paper,original_1,mackey_1000,2.0,0.001,6.0,16.0,16.0,1.0,64.0,2.855693537640036e-06,3.7424326819746057e-06,0.001301813754253,0.0015357247320935,0.9999744296073914,0.9999712705612184,645.0,1274.0,27729.96,0.0003615068737417,0.0004087294801138,0.0003412110963836
1.0,qlstm_linear_enhanced_paper,original_1,mackey_1000,2.0,0.001,6.0,16.0,16.0,70.0,64.0,0.0009795773075893,0.0011172100203111,0.0224010068923234,0.0253582596778869,0.991666853427887,0.9915967583656312,645.0,3974.0,68963.95,0.0262615608258379,0.0251485761255025,0.0352429486811161
1.0,qlstm_linear_enhanced_paper,original_1,mackey_1000,2.0,0.001,6.0,16.0,16.0,140.0,64.0,0.030294731259346,0.0228781048208475,0.1410700529813766,0.1272375136613845,0.663428008556366,0.8122767806053162,645.0,1159.0,21618.52,0.0589637807570397,0.0642634928226471,0.0532781556248664
1.0,qlstm_linear_enhanced_paper,original_2,mackey_1000,2.0,0.001,6.0,16.0,4.0,1.0,64.0,5.635003617499024e-06,6.1742562138533685e-06,0.0018025321187451,0.0019617381040006,0.9999511241912842,0.9999524354934692,717.0,1206.0,9416.1,0.0018071252387017,0.0017807276453822,0.001473386073485
1.0,qlstm_linear_enhanced_paper,original_2,mackey_1000,2.0,0.001,6.0,16.0,4.0,70.0,64.0,0.0340632684528827,0.0242126639932394,0.1363938897848129,0.1216021031141281,0.6261848211288452,0.8068971037864685,717.0,957.0,7025.27,0.039715984215339,0.0340206176042556,0.0435283966362476
1.0,qlstm_linear_enhanced_paper,original_2,mackey_1000,2.0,0.001,6.0,16.0,4.0,140.0,64.0,0.0528415516018867,0.0667472258210182,0.1947462856769561,0.212096706032753,-0.1698871850967407,0.1761348247528076,717.0,406.0,2972.12,0.0521284350090556,0.0670000463724136,0.0520479828119277
1.0,qlstm_linear_enhanced_paper,original_2,mackey_1000,2.0,0.001,6.0,16.0,8.0,1.0,64.0,6.61886042507831e-06,7.779699444654398e-06,0.0020749298855662,0.0022758026607334,0.999938428401947,0.9999405741691588,717.0,1014.0,15954.9,0.0018065824406221,0.0019395444542169,0.001572293578647
1.0,qlstm_linear_enhanced_paper,original_2,mackey_1000,2.0,0.001,6.0,16.0,8.0,70.0,64.0,0.0284110885113477,0.0212212819606065,0.1257529854774475,0.1147723495960235,0.6965673565864563,0.8298709988594055,717.0,710.0,10393.01,0.0301380434797869,0.0262974817305803,0.0360058285295963
1.0,qlstm_linear_enhanced_paper,original_2,mackey_1000,2.0,0.001,6.0,16.0,8.0,140.0,64.0,0.02061971090734,0.0262038763612508,0.1192014515399932,0.130972072482109,0.7766634821891785,0.7795993685722351,717.0,2719.0,37120.0,0.0583507227711379,0.0650485083460807,0.0534405522048473
1.0,qlstm_linear_enhanced_paper,original_2,mackey_1000,2.0,0.001,6.0,16.0,16.0,1.0,64.0,4.151889697823208e-06,4.670026555686491e-06,0.0015089916996657,0.0016559130745008,0.9999618530273438,0.9999640583992004,717.0,955.0,30700.64,0.0003297798451967,0.0003804534208029,0.0003050153900403
1.0,qlstm_linear_enhanced_paper,original_2,mackey_1000,2.0,0.001,6.0,16.0,16.0,70.0,64.0,0.0011414238251745,0.0013716028770431,0.0258799381554126,0.0287449900060892,0.9897907376289368,0.9909799695014954,717.0,3400.0,89098.53,0.02650562984248,0.0249977111816406,0.0355163514614105
1.0,qlstm_linear_enhanced_paper,original_2,mackey_1000,2.0,0.001,6.0,16.0,16.0,140.0,64.0,0.0272923987358808,0.0219060499221086,0.138323113322258,0.118724912405014,0.6983124017715454,0.8243116140365601,717.0,1122.0,29938.16,0.0587177956476807,0.0634467303752899,0.0540494993329048
1.0,qlstm_linear_enhanced_paper,original_3,mackey_1000,2.0,0.001,6.0,16.0,4.0,1.0,64.0,7.137314696592512e-06,8.117640390992165e-06,0.0021081515587866,0.0022857943549752,0.9999373555183412,0.9999379515647888,789.0,886.0,9233.39,0.0018044483149424,0.0017753661377355,0.0014689362142235
1.0,qlstm_linear_enhanced_paper,original_3,mackey_1000,2.0,0.001,6.0,16.0,4.0,70.0,64.0,0.0344597660005092,0.0244713015854358,0.1392504125833511,0.120348997414112,0.6204463243484497,0.8068514466285706,789.0,692.0,6659.99,0.0382507350295782,0.0334389507770538,0.0428563840687274
1.0,qlstm_linear_enhanced_paper,original_3,mackey_1000,2.0,0.001,6.0,16.0,4.0,140.0,64.0,0.0526479333639144,0.0668916180729866,0.194671630859375,0.2125482559204101,-0.1841750293970108,0.1605208814144134,789.0,409.0,3920.69,0.0522068233953581,0.0672299936413765,0.0517661795020103
1.0,qlstm_linear_enhanced_paper,original_3,mackey_1000,2.0,0.001,6.0,16.0,8.0,1.0,64.0,4.90042566525517e-06,5.419400167738786e-06,0.0016762926243245,0.0019049401162192,0.9999580979347228,0.9999584555625916,789.0,1260.0,25898.63,0.0006657927762717,0.0007660740520805,0.0005757108447141
1.0,qlstm_linear_enhanced_paper,original_3,mackey_1000,2.0,0.001,6.0,16.0,8.0,70.0,64.0,0.0325671583414077,0.0237492397427558,0.1396929174661636,0.1238863542675972,0.6400098204612732,0.8107831478118896,789.0,594.0,11149.28,0.0302252459029356,0.026657236739993,0.0358985550701618
1.0,qlstm_linear_enhanced_paper,original_3,mackey_1000,2.0,0.001,6.0,16.0,8.0,140.0,64.0,0.0266911070793867,0.0336811579763889,0.1317146569490432,0.1487230658531189,0.7017673850059509,0.7108421921730042,789.0,1239.0,21128.88,0.0584403816610574,0.0653338581323623,0.0533905290067195
1.0,qlstm_linear_enhanced_paper,original_3,mackey_1000,2.0,0.001,6.0,16.0,16.0,1.0,64.0,1.9061417333432475e-06,3.004675591000705e-06,0.0011001601815223,0.0013793251710012,0.99998277425766,0.9999772310256958,789.0,1063.0,46224.84,0.0005455749429529,0.000555935956072,0.0004354427219368
1.0,qlstm_linear_enhanced_paper,original_3,mackey_1000,2.0,0.001,6.0,16.0,16.0,70.0,64.0,0.0014091893099248,0.0013497851323336,0.0267957672476768,0.0273537300527095,0.986925721168518,0.9902164340019226,789.0,2733.0,95149.64,0.0261291706313689,0.0248176865279674,0.0356859788298606
1.0,qlstm_linear_enhanced_paper,original_3,mackey_1000,2.0,0.001,6.0,16.0,16.0,140.0,64.0,0.0316040776669979,0.0194240268319845,0.1522294282913208,0.1106613650918006,0.6483408212661743,0.8458397388458252,789.0,832.0,28889.2,0.058112206403166,0.0625779032707214,0.0541426315903663
1.0,qlstm_linear_enhanced_paper,original_1,mackey_1000,2.0,0.001,6.0,32.0,4.0,1.0,64.0,1.6062227587099187e-05,1.7863110770122148e-05,0.0031244014389812,0.003276199568063,0.9998610019683838,0.9998630285263062,1205.0,840.0,4654.44,0.0024360558018088,0.0023849157150834,0.0020019391085952
1.0,qlstm_linear_enhanced_paper,original_1,mackey_1000,2.0,0.001,6.0,32.0,4.0,70.0,64.0,0.0342827886343002,0.024103170260787,0.1392577141523361,0.1206980720162391,0.6272421479225159,0.8095900416374207,1205.0,819.0,4148.97,0.0397055351899729,0.0337238349020481,0.0441224128007888
1.0,qlstm_linear_enhanced_paper,original_1,mackey_1000,2.0,0.001,6.0,32.0,4.0,140.0,64.0,0.0521073304116725,0.0672550722956657,0.1943772286176681,0.2134561091661453,0.1971087157726287,-0.1351348608732223,1205.0,403.0,1992.85,0.0522689241398539,0.0673198625445365,0.0517597161233425
1.0,qlstm_linear_enhanced_paper,original_1,mackey_1000,2.0,0.001,6.0,32.0,8.0,1.0,64.0,1.7889609807753004e-05,2.128018059011083e-05,0.0035302254837006,0.0038696795236319,0.999832808971405,0.9998397827148438,1205.0,775.0,8764.51,0.0003264155617216,0.0003575543814804,0.0002813063911162
1.0,qlstm_linear_enhanced_paper,original_1,mackey_1000,2.0,0.001,6.0,32.0,8.0,70.0,64.0,0.0223839804530143,0.0211208052933216,0.1184883713722229,0.1161528378725051,0.7718232870101929,0.8282060623168945,1205.0,1507.0,15324.72,0.0307729182144006,0.0272716395556926,0.0358309112489223
1.0,qlstm_linear_enhanced_paper,original_1,mackey_1000,2.0,0.001,6.0,32.0,8.0,140.0,64.0,0.0304787065833807,0.0333226583898067,0.1403774172067642,0.1506046652793884,0.6462208032608032,0.711993396282196,1205.0,1578.0,14528.97,0.05860315868631,0.0660586357116699,0.0529839545488357
1.0,qlstm_linear_enhanced_paper,original_1,mackey_1000,2.0,0.001,6.0,32.0,16.0,1.0,64.0,2.03278273147589e-06,2.9772281777695757e-06,0.0011409615399315,0.0013100181240588,0.9999819993972778,0.9999773502349854,1205.0,1327.0,29952.89,0.0007035192596958,0.000769626989495,0.000635007105302
1.0,qlstm_linear_enhanced_paper,original_1,mackey_1000,2.0,0.001,6.0,32.0,16.0,70.0,64.0,0.0217848233878612,0.0139308851212263,0.1154952421784401,0.0932435616850853,0.7893989682197571,0.8897593021392822,1205.0,941.0,19404.8,0.0265601529843277,0.0260407496243715,0.0344694256782531
1.0,qlstm_linear_enhanced_paper,original_1,mackey_1000,2.0,0.001,6.0,32.0,16.0,140.0,64.0,0.0301627945154905,0.025141442194581,0.1386557072401046,0.1300912499427795,0.6672700643539429,0.7924286127090454,1205.0,1576.0,29128.42,0.058933534193784,0.0641306489706039,0.0535901859402656
1.0,qlstm_linear_enhanced_paper,original_2,mackey_1000,2.0,0.001,6.0,32.0,4.0,1.0,64.0,4.970777354174061e-06,4.6847508201608434e-06,0.001645611715503,0.0017057491932064,0.9999577403068542,0.9999639987945556,1277.0,709.0,5533.57,0.0011218054161872,0.0010704398155212,0.0009044500184245
1.0,qlstm_linear_enhanced_paper,original_2,mackey_1000,2.0,0.001,6.0,32.0,4.0,70.0,64.0,0.0342186614871025,0.0241582095623016,0.1356008946895599,0.1218411326408386,0.6225348711013794,0.8091326355934143,1277.0,755.0,5580.39,0.0371045511629846,0.032084010541439,0.0416450351476669
1.0,qlstm_linear_enhanced_paper,original_2,mackey_1000,2.0,0.001,6.0,32.0,4.0,140.0,64.0,0.0523158907890319,0.0670112892985344,0.1944526582956314,0.2130510658025741,-0.1496034264564514,0.1814691573381424,1277.0,405.0,3001.89,0.0523422567380799,0.0674807205796241,0.0513411127030849
1.0,qlstm_linear_enhanced_paper,original_2,mackey_1000,2.0,0.001,6.0,32.0,8.0,1.0,64.0,3.3228352549485862e-06,3.8694920476700645e-06,0.0014220982557162,0.001561576500535,0.999971568584442,0.9999704957008362,1277.0,1340.0,21961.64,0.0002888937538955,0.0003096379805356,0.0002523456932976
1.0,qlstm_linear_enhanced_paper,original_2,mackey_1000,2.0,0.001,6.0,32.0,8.0,70.0,64.0,0.0333970412611961,0.0234524365514516,0.1424553245306015,0.1237483844161033,0.6350210905075073,0.810726523399353,1277.0,629.0,9219.75,0.0302490695483154,0.0267393440008163,0.0361666977405548
1.0,qlstm_linear_enhanced_paper,original_2,mackey_1000,2.0,0.001,6.0,32.0,8.0,140.0,64.0,0.0281751248985528,0.0346295647323131,0.1306940913200378,0.1516439616680145,0.6843127608299255,0.7072664499282837,1277.0,1133.0,15171.92,0.0584738967008888,0.0655236020684242,0.0536375641822814
1.0,qlstm_linear_enhanced_paper,original_2,mackey_1000,2.0,0.001,6.0,32.0,16.0,1.0,64.0,3.977445885539055e-06,4.924996574118268e-06,0.0016301673604175,0.0017073501367121,0.9999659061431884,0.9999627470970154,1277.0,786.0,25849.64,0.0008395198674406,0.0009768549352884,0.0007100297370925
1.0,qlstm_linear_enhanced_paper,original_2,mackey_1000,2.0,0.001,6.0,32.0,16.0,70.0,64.0,0.0011531074997037,0.0012083670590072,0.0258629079908132,0.0261328034102916,0.989182472229004,0.9911008477211,1277.0,4732.0,118843.8,0.0266171192957295,0.0259986724704504,0.0341921672224998
1.0,qlstm_linear_enhanced_paper,original_2,mackey_1000,2.0,0.001,6.0,32.0,16.0,140.0,64.0,0.0287030655890703,0.0201052483171224,0.1396510004997253,0.1170390769839286,0.684354841709137,0.8374166488647461,1277.0,1067.0,29126.73,0.0588996042497456,0.0639905333518982,0.0536877624690532
1.0,qlstm_linear_enhanced_paper,original_3,mackey_1000,2.0,0.001,6.0,32.0,4.0,1.0,64.0,4.645243279810529e-06,4.679096946347272e-06,0.001612008200027,0.0017224090406671,0.9999642372131348,0.9999641180038452,1349.0,1071.0,11162.09,0.0030118779512122,0.0029461258091032,0.0024758053477853
1.0,qlstm_linear_enhanced_paper,original_3,mackey_1000,2.0,0.001,6.0,32.0,4.0,70.0,64.0,0.0335765704512596,0.0247534718364477,0.1370637118816375,0.1222472041845321,0.6328936815261841,0.8024383187294006,1349.0,779.0,7409.95,0.0400423322700791,0.0338277965784072,0.044729296118021
1.0,qlstm_linear_enhanced_paper,original_3,mackey_1000,2.0,0.001,6.0,32.0,4.0,140.0,64.0,0.0525863729417324,0.0669518858194351,0.1944046020507812,0.2122438699007034,-0.1296010613441467,0.2079770863056183,1349.0,405.0,3848.4,0.052261350935118,0.0673189908266067,0.0514396019279956
1.0,qlstm_linear_enhanced_paper,original_3,mackey_1000,2.0,0.001,6.0,32.0,8.0,1.0,64.0,5.920431703998474e-06,6.370472874550615e-06,0.0019409708911553,0.0020285663194954,0.9999433755874634,0.9999511241912842,1349.0,937.0,19434.77,0.0007779672130709,0.0008511208579875,0.0006768655730411
1.0,qlstm_linear_enhanced_paper,original_3,mackey_1000,2.0,0.001,6.0,32.0,8.0,70.0,64.0,0.0330360420048236,0.0227319486439228,0.1422795206308365,0.1219807788729667,0.6372379064559937,0.8208256959915161,1349.0,881.0,16919.96,0.0312624656491809,0.0275173783302307,0.0370781794190406
1.0,qlstm_linear_enhanced_paper,original_3,mackey_1000,2.0,0.001,6.0,32.0,8.0,140.0,64.0,0.0284424740821123,0.0310232415795326,0.1333445310592651,0.143265038728714,0.6743395924568176,0.750023365020752,1349.0,1556.0,26466.4,0.0585736064240336,0.0659007653594017,0.0531354993581771
1.0,qlstm_linear_enhanced_paper,original_3,mackey_1000,2.0,0.001,6.0,32.0,16.0,1.0,64.0,1.790665919543244e-06,2.444278607072192e-06,0.0010525018442422,0.0011677821166813,0.9999852776527404,0.9999815821647644,1349.0,971.0,41208.0,0.0008437259908532,0.00092720228713,0.000731237931177
1.0,qlstm_linear_enhanced_paper,original_3,mackey_1000,2.0,0.001,6.0,32.0,16.0,70.0,64.0,0.020491849631071,0.0115732587873935,0.104693666100502,0.0830851569771766,0.7896124720573425,0.9099072217941284,1349.0,1084.0,42433.69,0.0266489121649,0.0262441877275705,0.0341370180249214
1.0,qlstm_linear_enhanced_paper,original_3,mackey_1000,2.0,0.001,6.0,32.0,16.0,140.0,64.0,0.0307712592184543,0.0196152720600366,0.1431585103273391,0.1147538945078849,0.6523118615150452,0.8408587574958801,1349.0,989.0,34817.81,0.0589387454092502,0.0642283931374549,0.0535165630280971
1.0,qlstm_linear_enhanced_paper,original_1,mackey_1000,3.0,0.001,6.0,8.0,4.0,1.0,64.0,5.397998393164016e-06,6.139360721135745e-06,0.001808640663512,0.0019968473352491,0.9999507069587708,0.9999525547027588,365.0,1676.0,9096.21,0.0016543848323635,0.0016761429142206,0.001423509675078
1.0,qlstm_linear_enhanced_paper,original_1,mackey_1000,3.0,0.001,6.0,8.0,4.0,70.0,64.0,0.0340913459658622,0.0243918988853693,0.1372932344675064,0.1203825026750564,0.6226898431777954,0.8081850409507751,365.0,1071.0,5416.1,0.0414805461963017,0.0358132869005203,0.045581217855215
1.0,qlstm_linear_enhanced_paper,original_1,mackey_1000,3.0,0.001,6.0,8.0,4.0,140.0,64.0,0.0520563386380672,0.067313976585865,0.1940536946058273,0.2131836712360382,0.2782809138298034,-0.0634476467967033,365.0,408.0,2072.26,0.052902086223993,0.0677862167358398,0.0536870583891868
1.0,qlstm_linear_enhanced_paper,original_1,mackey_1000,3.0,0.001,6.0,8.0,8.0,1.0,64.0,1.1485130016808398e-05,1.3561408195528202e-05,0.0028274951037019,0.0031396164558827,0.999888837337494,0.9998960494995116,365.0,1442.0,16039.2,0.0011712561477907,0.0012445803731679,0.0010044889058917
1.0,qlstm_linear_enhanced_paper,original_1,mackey_1000,3.0,0.001,6.0,8.0,8.0,70.0,64.0,0.031983196735382,0.0227215997874736,0.1373466253280639,0.1199487224221229,0.6493816375732422,0.8212196230888367,365.0,1430.0,15030.71,0.0337089823765887,0.0278922654688358,0.0412518642842769
1.0,qlstm_linear_enhanced_paper,original_1,mackey_1000,3.0,0.001,6.0,8.0,8.0,140.0,64.0,0.03278623893857,0.0358314663171768,0.1419758051633834,0.1546920835971832,0.6211875081062317,0.6932780742645264,365.0,1602.0,14758.56,0.0581975425593555,0.0651138946413993,0.0528739280998706
1.0,qlstm_linear_enhanced_paper,original_1,mackey_1000,3.0,0.001,6.0,8.0,16.0,1.0,64.0,7.724785973550752e-06,1.1171233381901402e-05,0.00215873750858,0.002607881091535,0.999928891658783,0.9999147653579712,365.0,1202.0,26887.54,0.0006686446577077,0.0007526252302341,0.0005960330599918
1.0,qlstm_linear_enhanced_paper,original_1,mackey_1000,3.0,0.001,6.0,8.0,16.0,70.0,64.0,0.005893113091588,0.0041623250581324,0.0546007417142391,0.0502469837665557,0.9437445402145386,0.9683061242103576,365.0,2004.0,41119.65,0.0262948469155364,0.0248763728886842,0.0350847281515598
1.0,qlstm_linear_enhanced_paper,original_1,mackey_1000,3.0,0.001,6.0,8.0,16.0,140.0,64.0,0.0306383483111858,0.019498148933053,0.1471010744571685,0.1136178225278854,0.6663268804550171,0.8467302322387695,365.0,901.0,16792.45,0.0383685566484928,0.0434739552438259,0.0300080254673957
1.0,qlstm_linear_enhanced_paper,original_2,mackey_1000,3.0,0.001,6.0,8.0,4.0,1.0,64.0,5.391810191213153e-06,6.388532256096369e-06,0.0017354008741676,0.0020093566272407,0.9999532103538512,0.9999516010284424,437.0,1148.0,9428.4,0.0024067897349596,0.0025087764952331,0.0020003563258796
1.0,qlstm_linear_enhanced_paper,original_2,mackey_1000,3.0,0.001,6.0,8.0,4.0,70.0,64.0,0.0333342850208282,0.0243547074496746,0.136217251420021,0.1230165660381317,0.6340441107749939,0.809162974357605,437.0,914.0,6818.84,0.0449260940982235,0.0428491868078708,0.0447364896535873
1.0,qlstm_linear_enhanced_paper,original_2,mackey_1000,3.0,0.001,6.0,8.0,4.0,140.0,64.0,0.0523631907999515,0.0669098868966102,0.1945109516382217,0.2130011916160583,-0.1554902642965316,0.1835232824087143,437.0,413.0,3038.64,0.0523781763493186,0.0671653673052787,0.0534137748181819
1.0,qlstm_linear_enhanced_paper,original_2,mackey_1000,3.0,0.001,6.0,8.0,8.0,1.0,64.0,7.817157893441617e-06,8.13815222500125e-06,0.0021789311431348,0.002314556390047,0.9999332427978516,0.9999376535415648,437.0,1016.0,16762.7,0.0004673334246035,0.0005066313897259,0.0003592513967305
1.0,qlstm_linear_enhanced_paper,original_2,mackey_1000,3.0,0.001,6.0,8.0,8.0,70.0,64.0,0.0308611430227756,0.0225476752966642,0.1396345049142837,0.1201037764549255,0.6622480750083923,0.8221690654754639,437.0,1102.0,16191.5,0.0311174427883492,0.0259285308420658,0.0377267859876155
1.0,qlstm_linear_enhanced_paper,original_2,mackey_1000,3.0,0.001,6.0,8.0,8.0,140.0,64.0,0.0346956625580787,0.0319171883165836,0.1457228660583496,0.1444814205169677,0.5979849100112915,0.7480875253677368,437.0,1120.0,15234.29,0.0583451972343027,0.0653729811310768,0.053006388247013
1.0,qlstm_linear_enhanced_paper,original_2,mackey_1000,3.0,0.001,6.0,8.0,16.0,1.0,64.0,3.212991714462987e-06,3.812733666563872e-06,0.0013064313679933,0.0014982563443481,0.9999731183052064,0.9999711513519288,437.0,1178.0,38438.26,0.0005532317096367,0.0006148747634142,0.0004515022446867
1.0,qlstm_linear_enhanced_paper,original_2,mackey_1000,3.0,0.001,6.0,8.0,16.0,70.0,64.0,0.0376362428069114,0.023657202720642,0.1462700366973877,0.1293968707323074,0.6111811399459839,0.8010717630386353,437.0,486.0,14617.71,0.0266121652805142,0.0240161176770925,0.0367380008101463
1.0,qlstm_linear_enhanced_paper,original_2,mackey_1000,3.0,0.001,6.0,8.0,16.0,140.0,64.0,0.0277038719505071,0.0218347832560539,0.1364933848381042,0.121865302324295,0.6964841485023499,0.8207626342773438,437.0,1231.0,32972.06,0.0586653500795364,0.0637220963835716,0.0540237426757812
1.0,qlstm_linear_enhanced_paper,original_3,mackey_1000,3.0,0.001,6.0,8.0,4.0,1.0,64.0,5.384208634495735e-06,6.658214260824025e-06,0.0017718232702463,0.0021192152053117,0.9999511241912842,0.9999489188194276,509.0,1379.0,14108.18,0.0023340006824582,0.0023809315171092,0.0019925369415432
1.0,qlstm_linear_enhanced_paper,original_3,mackey_1000,3.0,0.001,6.0,8.0,4.0,70.0,64.0,0.0340543240308761,0.0243472997099161,0.1359680294990539,0.1214097067713737,0.6203433275222778,0.8109865188598633,509.0,833.0,7689.23,0.0410932281778918,0.035664428025484,0.0448748879134655
1.0,qlstm_linear_enhanced_paper,original_3,mackey_1000,3.0,0.001,6.0,8.0,4.0,140.0,64.0,0.0479644685983657,0.0509798489511013,0.1768487393856048,0.1843719184398651,0.302914947271347,0.5082868933677673,509.0,1300.0,11973.65,0.0524249608731932,0.0672564357519149,0.053479254245758
1.0,qlstm_linear_enhanced_paper,original_3,mackey_1000,3.0,0.001,6.0,8.0,8.0,1.0,64.0,5.001636509405216e-06,5.971836799290031e-06,0.0017676939023658,0.0019404565682634,0.9999574422836304,0.9999542832374572,509.0,1199.0,24913.64,0.0003119071101536,0.0003250459267292,0.000238829627051
1.0,qlstm_linear_enhanced_paper,original_3,mackey_1000,3.0,0.001,6.0,8.0,8.0,70.0,64.0,0.0328601822257041,0.0242535937577486,0.1394573152065277,0.1274190992116928,0.6360788941383362,0.8042210340499878,509.0,781.0,14822.46,0.0307008410907453,0.0261841211467981,0.036289095878601
1.0,qlstm_linear_enhanced_paper,original_3,mackey_1000,3.0,0.001,6.0,8.0,8.0,140.0,64.0,0.0342179723083972,0.0319717563688755,0.1464126706123352,0.1465911865234375,0.6026439070701599,0.7386711239814758,509.0,1234.0,21003.64,0.058417160063982,0.0654321759939193,0.0531116910278797
1.0,qlstm_linear_enhanced_paper,original_3,mackey_1000,3.0,0.001,6.0,8.0,16.0,1.0,64.0,9.145766171059222e-07,1.2951662711202516e-06,0.0007775510894134,0.0009036365663632,0.999991536140442,0.999990165233612,509.0,1242.0,51944.44,0.0003276335744885,0.000363802362699,0.0003115529252681
1.0,qlstm_linear_enhanced_paper,original_3,mackey_1000,3.0,0.001,6.0,8.0,16.0,70.0,64.0,0.0008386561530642,0.0009202554938383,0.0221373531967401,0.025118937715888,0.9925459623336792,0.9931727647781372,509.0,4960.0,154658.12,0.0264914971258905,0.0249695964157581,0.0352461226284503
1.0,qlstm_linear_enhanced_paper,original_3,mackey_1000,3.0,0.001,6.0,8.0,16.0,140.0,64.0,0.029268117621541,0.0171953719109296,0.1421550810337066,0.1094349101185798,0.683203935623169,0.8638937473297119,509.0,1285.0,44834.48,0.0587960798293352,0.0639949664473533,0.0538499355316162
1.0,qlstm_linear_enhanced_paper,original_1,mackey_1000,3.0,0.001,6.0,16.0,4.0,1.0,64.0,8.52398807182908e-06,1.0637116247380618e-05,0.0022954572923481,0.0026165633462369,0.9999196529388428,0.9999182820320128,645.0,977.0,5406.14,0.0014946301234886,0.0015097094001248,0.0012965014902874
1.0,qlstm_linear_enhanced_paper,original_1,mackey_1000,3.0,0.001,6.0,16.0,4.0,70.0,64.0,0.0345266349613666,0.0243377424776554,0.137690931558609,0.1209717020392417,0.6166753172874451,0.8093340992927551,645.0,1011.0,5107.56,0.0401994027197361,0.0347116217017173,0.0449875444173812
1.0,qlstm_linear_enhanced_paper,original_1,mackey_1000,3.0,0.001,6.0,16.0,4.0,140.0,64.0,0.0522639602422714,0.0671838149428367,0.1944647878408432,0.213199034333229,-0.2159595638513565,0.1319708526134491,645.0,408.0,2044.12,0.0532178196849094,0.0677849650382995,0.0541931763291358
1.0,qlstm_linear_enhanced_paper,original_1,mackey_1000,3.0,0.001,6.0,16.0,8.0,1.0,64.0,3.7761330986541e-06,4.974246621713974e-06,0.0014485684223473,0.0017387841362506,0.9999673366546632,0.9999619722366332,645.0,1369.0,15007.98,0.0003417474421439,0.0003264914266765,0.0002684186620172
1.0,qlstm_linear_enhanced_paper,original_1,mackey_1000,3.0,0.001,6.0,16.0,8.0,70.0,64.0,0.0345743112266063,0.0217950493097305,0.143094852566719,0.1179567351937294,0.6272149085998535,0.8277891278266907,645.0,1315.0,13412.44,0.0341455414891243,0.0284325275570154,0.0412883646786212
1.0,qlstm_linear_enhanced_paper,original_1,mackey_1000,3.0,0.001,6.0,16.0,8.0,140.0,64.0,0.0318685844540596,0.0365219824016094,0.1413934826850891,0.1582806706428527,0.6344037055969238,0.6839330792427063,645.0,1008.0,9197.04,0.0585349122993648,0.0660200417041778,0.0526062808930873
1.0,qlstm_linear_enhanced_paper,original_1,mackey_1000,3.0,0.001,6.0,16.0,16.0,1.0,64.0,1.6266965303657344e-06,1.7134238987637218e-06,0.0010669291950762,0.0010763893369585,0.999984860420227,0.9999869465827942,645.0,2153.0,47694.67,0.0006004540162393,0.0006444926257245,0.0005456157959997
1.0,qlstm_linear_enhanced_paper,original_1,mackey_1000,3.0,0.001,6.0,16.0,16.0,70.0,64.0,0.0226439051330089,0.0143955331295728,0.1204609274864196,0.0983588024973869,0.7710224986076355,0.8881840705871582,645.0,1145.0,23381.3,0.0265010315924882,0.0249676313251256,0.0351185239851474
1.0,qlstm_linear_enhanced_paper,original_1,mackey_1000,3.0,0.001,6.0,16.0,16.0,140.0,64.0,0.0288342610001564,0.0199671927839517,0.1385280936956405,0.1146215051412582,0.6874246597290039,0.8387880921363831,645.0,1743.0,31306.23,0.0589471985585987,0.0643121972680091,0.0537661835551261
1.0,qlstm_linear_enhanced_paper,original_2,mackey_1000,3.0,0.001,6.0,16.0,4.0,1.0,64.0,4.70988561573904e-06,6.418030352506321e-06,0.0017622930463403,0.0020879718940705,0.9999541640281676,0.9999516010284424,717.0,838.0,6705.76,0.0006918494531419,0.000714206835255,0.0006025684997439
1.0,qlstm_linear_enhanced_paper,original_2,mackey_1000,3.0,0.001,6.0,16.0,4.0,70.0,64.0,0.033340323716402,0.0244112368673086,0.1365733295679092,0.1211421638727188,0.6354166269302368,0.8047682046890259,717.0,945.0,6845.94,0.0377907067951228,0.0336151719093322,0.04224568977952
1.0,qlstm_linear_enhanced_paper,original_2,mackey_1000,3.0,0.001,6.0,16.0,4.0,140.0,64.0,0.0521291121840477,0.0670249536633491,0.1940929442644119,0.2129132002592086,0.0915434807538986,0.3188447058200836,717.0,409.0,2968.75,0.05318226882567,0.0677487850189209,0.0540872402489185
1.0,qlstm_linear_enhanced_paper,original_2,mackey_1000,3.0,0.001,6.0,16.0,8.0,1.0,64.0,4.005683877039701e-06,5.4372694648918696e-06,0.0015480156289413,0.0018862605793401,0.9999653100967408,0.9999585747718812,717.0,919.0,14895.95,0.0002459643859765,0.000253232079558,0.0002040803374256
1.0,qlstm_linear_enhanced_paper,original_2,mackey_1000,3.0,0.001,6.0,16.0,8.0,70.0,64.0,0.0335874669253826,0.0241224095225334,0.1394553780555725,0.1273249685764312,0.628184974193573,0.8049739003181458,717.0,760.0,11400.12,0.0347278977019919,0.0291716810315847,0.0416946932673454
1.0,qlstm_linear_enhanced_paper,original_2,mackey_1000,3.0,0.001,6.0,16.0,8.0,140.0,64.0,0.027615001425147,0.0308408699929714,0.13408724963665,0.1435440480709076,0.686837375164032,0.7450567483901978,717.0,1566.0,20296.19,0.0582295190542936,0.0648794397711753,0.053012128919363
1.0,qlstm_linear_enhanced_paper,original_2,mackey_1000,3.0,0.001,6.0,16.0,16.0,1.0,64.0,3.83746373699978e-06,4.487798378249863e-06,0.0016156587516888,0.001764006097801,0.9999653697013856,0.9999663829803468,717.0,916.0,29925.18,0.0002663500592461,0.0002920278348028,0.0002336337201995
1.0,qlstm_linear_enhanced_paper,original_2,mackey_1000,3.0,0.001,6.0,16.0,16.0,70.0,64.0,0.0057580438442528,0.0071865869686007,0.0590990036725997,0.0669239088892936,0.949166476726532,0.943969428539276,717.0,2536.0,74054.56,0.0269693036874135,0.0251863282173872,0.0358474552631378
1.0,qlstm_linear_enhanced_paper,original_2,mackey_1000,3.0,0.001,6.0,16.0,16.0,140.0,64.0,0.029781611636281,0.0192945953458547,0.1398325115442276,0.1154048144817352,0.6759602427482605,0.845238447189331,717.0,954.0,25947.04,0.0587372980080544,0.0637292265892028,0.0541911944746971
1.0,qlstm_linear_enhanced_paper,original_3,mackey_1000,3.0,0.001,6.0,16.0,4.0,1.0,64.0,6.175563157739816e-06,5.938702543062391e-06,0.0018414765363559,0.0019190335879102,0.9999542832374572,0.9999555945396424,789.0,1023.0,10821.73,0.0023803995223715,0.0024139122106134,0.0020197797566652
1.0,qlstm_linear_enhanced_paper,original_3,mackey_1000,3.0,0.001,6.0,16.0,4.0,70.0,64.0,0.0338149592280387,0.024211985990405,0.1393606066703796,0.1207367628812789,0.6298341751098633,0.8074995875358582,789.0,796.0,7633.26,0.0360838625993993,0.03190204128623,0.0416086204349994
1.0,qlstm_linear_enhanced_paper,original_3,mackey_1000,3.0,0.001,6.0,16.0,4.0,140.0,64.0,0.0524967648088932,0.066935122013092,0.1945903301239013,0.2127890586853027,-0.1779321283102035,0.1670677065849304,789.0,406.0,3819.57,0.0528479529958632,0.0674390271306037,0.0540913753211498
1.0,qlstm_linear_enhanced_paper,original_3,mackey_1000,3.0,0.001,6.0,16.0,8.0,1.0,64.0,3.1547956496069678e-06,3.7898914797551697e-06,0.0012940467568114,0.0014834112953394,0.9999724626541138,0.9999709129333496,789.0,1557.0,32890.42,0.0022978770546615,0.0024029668420553,0.0019551357254385
1.0,qlstm_linear_enhanced_paper,original_3,mackey_1000,3.0,0.001,6.0,16.0,8.0,70.0,64.0,0.0329753458499908,0.0218366365879774,0.142169564962387,0.1214151978492736,0.6428565979003906,0.8242924213409424,789.0,974.0,18718.09,0.032404704640309,0.0268698148429393,0.0393407568335533
1.0,qlstm_linear_enhanced_paper,original_3,mackey_1000,3.0,0.001,6.0,16.0,8.0,140.0,64.0,0.0321664698421955,0.0325268507003784,0.1431312561035156,0.14740851521492,0.6310848593711853,0.7264119386672974,789.0,1006.0,17931.54,0.0584327690303325,0.0656435415148735,0.052852563560009
1.0,qlstm_linear_enhanced_paper,original_3,mackey_1000,3.0,0.001,6.0,16.0,16.0,1.0,64.0,6.773618224542588e-06,6.547148132085567e-06,0.0020310974214226,0.0019908912945538,0.9999384880065918,0.9999500513076782,789.0,1118.0,48395.01,0.0004526337666902,0.0005014076014049,0.0004223136638756
1.0,qlstm_linear_enhanced_paper,original_3,mackey_1000,3.0,0.001,6.0,16.0,16.0,70.0,64.0,0.0012371996417641,0.0016150282463058,0.024449348449707,0.0289697013795375,0.9899073839187622,0.9891636967658995,789.0,3194.0,104654.51,0.0263913811908827,0.0244504772126674,0.0354662351310253
1.0,qlstm_linear_enhanced_paper,original_3,mackey_1000,3.0,0.001,6.0,16.0,16.0,140.0,64.0,0.0268550515174865,0.022457480430603,0.138764202594757,0.1168437376618385,0.6991480588912964,0.8190041184425354,789.0,938.0,33114.16,0.058953664265573,0.0643932148814201,0.0536077469587326
1.0,qlstm_linear_enhanced_paper,original_1,mackey_1000,3.0,0.001,6.0,32.0,4.0,1.0,64.0,1.7080041288863868e-05,2.0218107238179076e-05,0.0033788243308663,0.0036295810714364,0.9998445510864258,0.9998440742492676,1205.0,710.0,3831.18,0.0018217761768028,0.0018316931091248,0.0015640122583135
1.0,qlstm_linear_enhanced_paper,original_1,mackey_1000,3.0,0.001,6.0,32.0,4.0,70.0,64.0,0.0340296179056167,0.0242331996560096,0.1393243670463562,0.1201265007257461,0.6339079141616821,0.8039880990982056,1205.0,867.0,4415.5,0.0379413378735383,0.0327060185372829,0.0426796935498714
1.0,qlstm_linear_enhanced_paper,original_1,mackey_1000,3.0,0.001,6.0,32.0,4.0,140.0,64.0,0.0523601397871971,0.0672149732708931,0.194436028599739,0.2129680514335632,-0.2424035817384719,0.1059515997767448,1205.0,406.0,2054.39,0.0536559257242414,0.0677885338664054,0.0540990941226482
1.0,qlstm_linear_enhanced_paper,original_1,mackey_1000,3.0,0.001,6.0,32.0,8.0,1.0,64.0,7.372275376837933e-06,8.572018487029709e-06,0.0022855356801301,0.0024590673856437,0.9999316334724426,0.999936044216156,1205.0,1214.0,13578.13,0.0007337688351981,0.0006993390270508,0.0005485934671014
1.0,qlstm_linear_enhanced_paper,original_1,mackey_1000,3.0,0.001,6.0,32.0,8.0,70.0,64.0,0.0194372478872537,0.0199857745319604,0.1101280003786087,0.111310675740242,0.8083400726318359,0.8411633372306824,1205.0,1605.0,16499.99,0.0313419888003004,0.0273241009563207,0.0358434095978736
1.0,qlstm_linear_enhanced_paper,original_1,mackey_1000,3.0,0.001,6.0,32.0,8.0,140.0,64.0,0.0520319193601608,0.0588489584624767,0.186824694275856,0.1986087560653686,0.1366851478815078,0.4146677851676941,1205.0,484.0,4478.3,0.0585830686613917,0.0660800710320472,0.052466157823801
1.0,qlstm_linear_enhanced_paper,original_1,mackey_1000,3.0,0.001,6.0,32.0,16.0,1.0,64.0,5.666860488418024e-06,8.657042599224951e-06,0.0019325776956975,0.0024312573950737,0.9999452829360962,0.9999335408210754,1205.0,1064.0,23698.18,0.0004578237771056,0.000538392108865,0.0004497012123465
1.0,qlstm_linear_enhanced_paper,original_1,mackey_1000,3.0,0.001,6.0,32.0,16.0,70.0,64.0,0.0204158928245306,0.014323609881103,0.1155565306544303,0.1004707738757133,0.7919107675552368,0.8862570524215698,1205.0,854.0,17934.16,0.0272166909029086,0.0262325629591941,0.0345473401248455
1.0,qlstm_linear_enhanced_paper,original_1,mackey_1000,3.0,0.001,6.0,32.0,16.0,140.0,64.0,0.0305621773004531,0.021508315578103,0.1434369683265686,0.1226324960589408,0.6562150716781616,0.8217845559120178,1205.0,1095.0,20386.6,0.0590134728699922,0.0644048154354095,0.053472276777029
1.0,qlstm_linear_enhanced_paper,original_2,mackey_1000,3.0,0.001,6.0,32.0,4.0,1.0,64.0,4.822140454052715e-06,5.4264114623947535e-06,0.001665927353315,0.0018639194313436,0.999958872795105,0.999958872795105,1277.0,1017.0,8172.62,0.0018026794772595,0.001818872988224,0.0015059814322739
1.0,qlstm_linear_enhanced_paper,original_2,mackey_1000,3.0,0.001,6.0,32.0,4.0,70.0,64.0,0.0349254123866558,0.0242970176041126,0.1405781805515289,0.1201650872826576,0.6173147559165955,0.8092840313911438,1277.0,666.0,4874.08,0.033367240594493,0.0303244441747665,0.0383663885295391
1.0,qlstm_linear_enhanced_paper,original_2,mackey_1000,3.0,0.001,6.0,32.0,4.0,140.0,64.0,0.0521938912570476,0.0669943839311599,0.1942461431026458,0.2129716426134109,-0.0527780316770076,0.2662535309791565,1277.0,407.0,2999.22,0.0533265586321552,0.0676229372620582,0.0543436110019683
1.0,qlstm_linear_enhanced_paper,original_2,mackey_1000,3.0,0.001,6.0,32.0,8.0,1.0,64.0,3.6322016967460513e-06,4.529935267783003e-06,0.0015038482379168,0.0016903313808143,0.9999672770500184,0.9999659061431884,1277.0,1084.0,17417.17,0.0003323541590361,0.0003646686673164,0.0002410236629657
1.0,qlstm_linear_enhanced_paper,original_2,mackey_1000,3.0,0.001,6.0,32.0,8.0,70.0,64.0,0.0324265621602535,0.0227135363966226,0.139178529381752,0.1186523661017417,0.6477428674697876,0.8191083073616028,1277.0,971.0,14416.99,0.0311824633843368,0.0274738334119319,0.0358445085585117
1.0,qlstm_linear_enhanced_paper,original_2,mackey_1000,3.0,0.001,6.0,32.0,8.0,140.0,64.0,0.0296529214829206,0.0344547033309936,0.1381087899208068,0.1539609283208847,0.6585384011268616,0.7035602927207947,1277.0,1336.0,17767.35,0.0584289235994219,0.0655214786529541,0.0528916865587234
1.0,qlstm_linear_enhanced_paper,original_2,mackey_1000,3.0,0.001,6.0,32.0,16.0,1.0,64.0,3.332467485961388e-06,3.785163471548003e-06,0.0014642410678789,0.001581450458616,0.99996817111969,0.9999710321426392,1277.0,1017.0,33344.51,0.000253280045581,0.0002758305636234,0.0002099248958984
1.0,qlstm_linear_enhanced_paper,original_2,mackey_1000,3.0,0.001,6.0,32.0,16.0,70.0,64.0,0.0027395028155297,0.0030266749672591,0.0383678823709487,0.0423302724957466,0.9797545671463012,0.9770821928977966,1277.0,2279.0,65746.22,0.0267994834317101,0.0255901981145143,0.03428515791893
1.0,qlstm_linear_enhanced_paper,original_2,mackey_1000,3.0,0.001,6.0,32.0,16.0,140.0,64.0,0.0250645298510789,0.0202532280236482,0.1272090226411819,0.12155731767416,0.7411831021308899,0.8299350142478943,1277.0,762.0,20855.06,0.0586942811496555,0.0636795759201049,0.0538652352988719
1.0,qlstm_linear_enhanced_paper,original_3,mackey_1000,3.0,0.001,6.0,32.0,4.0,1.0,64.0,8.858301953296177e-06,1.1671727406792344e-05,0.0023940748069435,0.0027254871092736,0.9999194145202636,0.9999132752418518,1349.0,872.0,9122.82,0.0016330581973306,0.0016456617740914,0.0013988058781251
1.0,qlstm_linear_enhanced_paper,original_3,mackey_1000,3.0,0.001,6.0,32.0,4.0,70.0,64.0,0.0335351713001728,0.0241767857223749,0.1364843547344207,0.1203729957342147,0.6340245008468628,0.806709349155426,1349.0,901.0,8706.12,0.0353294997993442,0.030800461769104,0.0400654524564743
1.0,qlstm_linear_enhanced_paper,original_3,mackey_1000,3.0,0.001,6.0,32.0,4.0,140.0,64.0,0.0521748289465904,0.0668237581849098,0.1941116005182266,0.2127834856510162,-0.0341148078441619,0.2739382088184356,1349.0,406.0,3933.55,0.0534553342602319,0.0676579922437667,0.054156519472599
1.0,qlstm_linear_enhanced_paper,original_3,mackey_1000,3.0,0.001,6.0,32.0,8.0,1.0,64.0,5.476801561599132e-06,7.045997335808352e-06,0.0018943406175822,0.0022224884014576,0.9999476671218872,0.9999460577964784,1349.0,968.0,20870.78,0.0005135839863214,0.0005452760960906,0.0003820636775344
1.0,qlstm_linear_enhanced_paper,original_3,mackey_1000,3.0,0.001,6.0,32.0,8.0,70.0,64.0,0.0340686812996864,0.0222418494522571,0.1439309865236282,0.1195188984274864,0.6293376088142395,0.8223153352737427,1349.0,1015.0,19690.33,0.0316598547829522,0.0272073950618505,0.0371157079935073
1.0,qlstm_linear_enhanced_paper,original_3,mackey_1000,3.0,0.001,6.0,32.0,8.0,140.0,64.0,0.0278679635375738,0.0298233069479465,0.1354149132966995,0.1413663476705551,0.6859630346298218,0.7583776116371155,1349.0,1119.0,19139.69,0.0584627515636384,0.0655317679047584,0.0528786852955818
1.0,qlstm_linear_enhanced_paper,original_3,mackey_1000,3.0,0.001,6.0,32.0,16.0,1.0,64.0,1.5084594906511484e-06,2.4183218556572683e-06,0.0009926831116899,0.0012070058146491,0.9999868273735046,0.9999819993972778,1349.0,956.0,41180.54,0.0002892387215979,0.0003073547850362,0.0002476987137924
1.0,qlstm_linear_enhanced_paper,original_3,mackey_1000,3.0,0.001,6.0,32.0,16.0,70.0,64.0,0.0009927240898832,0.0011518341489136,0.0253589004278183,0.0268398039042949,0.9909740686416626,0.9915593862533568,1349.0,2318.0,79981.83,0.0269543423006931,0.0257223006337881,0.0344202481210231
1.0,qlstm_linear_enhanced_paper,original_3,mackey_1000,3.0,0.001,6.0,32.0,16.0,140.0,64.0,0.0290643479675054,0.0160513091832399,0.1414717584848404,0.1018669679760932,0.6788898706436157,0.8814264535903931,1349.0,1315.0,45969.28,0.0587867470458149,0.063712902367115,0.0538575612008571
1.0,qlstm_linear_enhanced_paper,original_1,mackey_1000,4.0,0.001,6.0,8.0,4.0,1.0,64.0,5.929997769271722e-06,6.732917427143548e-06,0.0018532093381509,0.0020555257797241,0.9999459385871888,0.9999493956565856,365.0,1882.0,10402.51,0.0018302395241335,0.0018880080897361,0.0015384817961603
1.0,qlstm_linear_enhanced_paper,original_1,mackey_1000,4.0,0.001,6.0,8.0,4.0,70.0,64.0,0.0347684994339942,0.0247570108622312,0.1388259977102279,0.1216414719820022,0.6116418838500977,0.8082838654518127,365.0,798.0,4045.2,0.0343904811888933,0.0306022185832262,0.0391808673739433
,,,,,,,,,,,,,,,,,,,,,,
,,,,,,,,,,,,,,,,,,,,,,
,,,,,,,,,,,,,,,,,,,,,,
,,,,,,,,,,,,,,,,,,,,,,
,,,,,,,,,,,,,,,,,,,,,,
,,,,,,,,,,,,,,,,,,,,,,
,,,,,,,,,,,,,,,,,,,,,,
,,,,,,,,,,,,,,,,,,,,,,
,,,,,,,,,,,,,,,,,,,,,,
,,,,,,,,,,,,,,,,,,,,,,
,,,,,,,,,,,,,,,,,,,,,,
,,,,,,,,,,,,,,,,,,,,,,
,,,,,,,,,,,,,,,,,,,,,,
,,,,,,,,,,,,,,,,,,,,,,
,,,,,,,,,,,,,,,,,,,,,,
,,,,,,,,,,,,,,,,,,,,,,
,,,,,,,,,,,,,,,,,,,,,,
,,,,,,,,,,,,,,,,,,,,,,
,,,,,,,,,,,,,,,,,,,,,,
,,,,,,,,,,,,,,,,,,,,,,
,,,,,,,,,,,,,,,,,,,,,,
,,,,,,,,,,,,,,,,,,,,,,
,,,,,,,,,,,,,,,,,,,,,,
,,,,,,,,,,,,,,,,,,,,,,
,,,,,,,,,,,,,,,,,,,,,,
,,,,,,,,,,,,,,,,,,,,,,
,,,,,,,,,,,,,,,,,,,,,,
,,,,,,,,,,,,,,,,,,,,,,
,,,,,,,,,,,,,,,,,,,,,,
,,,,,,,,,,,,,,,,,,,,,,
,,,,,,,,,,,,,,,,,,,,,,
,,,,,,,,,,,,,,,,,,,,,,
,,,,,,,,,,,,,,,,,,,,,,
,,,,,,,,,,,,,,,,,,,,,,
,,,,,,,,,,,,,,,,,,,,,,
,,,,,,,,,,,,,,,,,,,,,,
,,,,,,,,,,,,,,,,,,,,,,
,,,,,,,,,,,,,,,,,,,,,,
,,,,,,,,,,,,,,,,,,,,,,
,,,,,,,,,,,,,,,,,,,,,,
,,,,,,,,,,,,,,,,,,,,,,
,,,,,,,,,,,,,,,,,,,,,,
,,,,,,,,,,,,,,,,,,,,,,
,,,,,,,,,,,,,,,,,,,,,,
,,,,,,,,,,,,,,,,,,,,,,
,,,,,,,,,,,,,,,,,,,,,,
,,,,,,,,,,,,,,,,,,,,,,
,,,,,,,,,,,,,,,,,,,,,,
,,,,,,,,,,,,,,,,,,,,,,
,,,,,,,,,,,,,,,,,,,,,,
,,,,,,,,,,,,,,,,,,,,,,
,,,,,,,,,,,,,,,,,,,,,,
,,,,,,,,,,,,,,,,,,,,,,
,,,,,,,,,,,,,,,,,,,,,,
,,,,,,,,,,,,,,,,,,,,,,
,,,,,,,,,,,,,,,,,,,,,,
,,,,,,,,,,,,,,,,,,,,,,
,,,,,,,,,,,,,,,,,,,,,,
,,,,,,,,,,,,,,,,,,,,,,
,,,,,,,,,,,,,,,,,,,,,,
,,,,,,,,,,,,,,,,,,,,,,
,,,,,,,,,,,,,,,,,,,,,,
,,,,,,,,,,,,,,,,,,,,,,
,,,,,,,,,,,,,,,,,,,,,,
1.0,qlstm_linear_enhanced_paper,original_2,mackey_1000,4.0,0.001,6.0,32.0,8.0,1.0,64.0,3.339947397762444e-06,4.25918278779136e-06,0.0015036684926599,0.0017040187958627,0.9999682307243348,0.9999678134918212,1277.0,1080.0,9315.58,0.0004169844847638,0.0004483982629608,0.000334323849529
1.0,qlstm_linear_enhanced_paper,original_2,mackey_1000,4.0,0.001,6.0,32.0,8.0,70.0,64.0,0.029164932668209,0.0228252876549959,0.1294359415769577,0.12333644926548,0.6845609545707703,0.815362811088562,1277.0,649.0,5103.52,0.0306250227408276,0.0281054526567459,0.035408716648817
1.0,qlstm_linear_enhanced_paper,original_2,mackey_1000,4.0,0.001,6.0,32.0,8.0,140.0,64.0,0.0295163560658693,0.0322032012045383,0.1388335525989532,0.1479943692684173,0.6670033931732178,0.7287828326225281,1277.0,929.0,6778.33,0.0584926079027354,0.0658552423119545,0.0528353713452816
1.0,qlstm_linear_enhanced_paper,original_2,mackey_1000,4.0,0.001,6.0,32.0,16.0,1.0,64.0,1.163683191407472e-05,1.414581038261531e-05,0.0026364077348262,0.0029653068631887,0.9998870491981506,0.9998929500579834,1277.0,698.0,12225.88,0.0003546691266819,0.000362421007594,0.0002853376790881
1.0,qlstm_linear_enhanced_paper,original_2,mackey_1000,4.0,0.001,6.0,32.0,16.0,70.0,64.0,0.0022443779744207,0.0021005691960453,0.0330251529812812,0.0350163802504539,0.9810523986816406,0.9859538674354552,1277.0,2699.0,43551.23,0.0261040308202306,0.025836469605565,0.0344963446259498
1.0,qlstm_linear_enhanced_paper,original_2,mackey_1000,4.0,0.001,6.0,32.0,16.0,140.0,64.0,0.0301677323877811,0.0231763143092393,0.1499718129634857,0.1248874068260192,0.6571922302246094,0.8073728680610657,1277.0,1024.0,15127.12,0.058837569784373,0.0643403455615043,0.0535752736032009
1.0,qlstm_linear_enhanced_paper,original_3,mackey_1000,4.0,0.001,6.0,32.0,4.0,1.0,64.0,4.393232757138321e-06,5.631050498777768e-06,0.0016156410565599,0.0018692326266318,0.9999585747718812,0.9999583959579468,1349.0,949.0,5348.02,0.0014837124501354,0.001547631341964,0.0012869046768173
1.0,qlstm_linear_enhanced_paper,original_3,mackey_1000,4.0,0.001,6.0,32.0,4.0,70.0,64.0,0.0337622724473476,0.0246319491416215,0.1388997733592987,0.1224058270454406,0.6277815699577332,0.8046156764030457,1349.0,799.0,4038.37,0.0341130875878863,0.0301719103008508,0.0387351177632808
1.0,qlstm_linear_enhanced_paper,original_3,mackey_1000,4.0,0.001,6.0,32.0,4.0,140.0,64.0,0.0521276146173477,0.0671627894043922,0.1944867968559265,0.2135462164878845,-0.1916191279888153,0.1560399085283279,1349.0,402.0,2069.52,0.0554853905406263,0.0675584003329277,0.0535936132073402
1.0,qlstm_linear_enhanced_paper,original_3,mackey_1000,4.0,0.001,6.0,32.0,8.0,1.0,64.0,8.992396033136174e-06,9.547799891151952e-06,0.0024021563585847,0.0025269200559705,0.9999175071716307,0.9999263882637024,1349.0,920.0,10464.09,0.0004784583696164,0.0005364683456718,0.0003654359898064
1.0,qlstm_linear_enhanced_paper,original_3,mackey_1000,4.0,0.001,6.0,32.0,8.0,70.0,64.0,0.0333133302628994,0.0224150363355875,0.1412913799285888,0.1210935413837432,0.6439984440803528,0.8174008131027222,1349.0,760.0,7817.53,0.0304815974086523,0.027786448597908,0.0353904999792575
1.0,qlstm_linear_enhanced_paper,original_3,mackey_1000,4.0,0.001,6.0,32.0,8.0,140.0,64.0,0.0323649644851684,0.0322618223726749,0.1427941173315048,0.1466769278049469,0.6255505681037903,0.732938826084137,1349.0,965.0,9232.95,0.0584858017973601,0.065808281302452,0.0528542101383209
1.0,qlstm_linear_enhanced_paper,original_3,mackey_1000,4.0,0.001,6.0,32.0,16.0,1.0,64.0,2.862065912268008e-06,3.982878752140096e-06,0.0013571539893746,0.0015791556797921,0.9999737739562988,0.9999694228172302,1349.0,801.0,18783.78,0.0004232424049405,0.0004347405047155,0.0003483153705019
1.0,qlstm_linear_enhanced_paper,original_3,mackey_1000,4.0,0.001,6.0,32.0,16.0,70.0,64.0,0.0017822363879531,0.0019963483791798,0.0329239033162593,0.0349403843283653,0.9831480979919434,0.984991490840912,1349.0,1999.0,42150.09,0.0260122533266743,0.0265159662812948,0.0340253487229347
1.0,qlstm_linear_enhanced_paper,original_3,mackey_1000,4.0,0.001,6.0,32.0,16.0,140.0,64.0,0.0274087209254503,0.0171032976359128,0.1315034329891204,0.1102374941110611,0.7063272595405579,0.8654947876930237,1349.0,1052.0,20164.4,0.0587798221968114,0.0641828477382659,0.0537166409194469
1.0,qlstm_linear_enhanced_paper,original_1,mackey_1000,5.0,0.001,6.0,8.0,4.0,1.0,64.0,9.843816769716796e-06,1.2858835361839738e-05,0.0025372146628797,0.0028783348388969,0.9999072551727296,0.9999029636383056,365.0,792.0,2353.66,0.0013569992617703,0.001378282206133,0.0011599072022363
1.0,qlstm_linear_enhanced_paper,original_1,mackey_1000,5.0,0.001,6.0,8.0,4.0,70.0,64.0,0.0329658016562461,0.0247616097331047,0.1366534531116485,0.1223908066749572,0.6339228749275208,0.8051930069923401,365.0,1297.0,3517.5,0.0409806706011295,0.0342075824737548,0.0449352487921714
1.0,qlstm_linear_enhanced_paper,original_1,mackey_1000,5.0,0.001,6.0,8.0,4.0,140.0,64.0,0.0520840920507907,0.0671978369355201,0.1944546401500702,0.2136034667491912,-0.1871470510959625,0.1603573411703109,365.0,415.0,1104.49,0.0656681143575244,0.0672976970672607,0.0523920729756355
1.0,qlstm_linear_enhanced_paper,original_1,mackey_1000,5.0,0.001,6.0,8.0,8.0,1.0,64.0,3.737478891707724e-06,4.998816166335018e-06,0.0014646032359451,0.0017507579177618,0.9999650716781616,0.9999614953994752,365.0,1745.0,10463.16,0.001920602354221,0.0020428190473467,0.0016960999928414
1.0,qlstm_linear_enhanced_paper,original_1,mackey_1000,5.0,0.001,6.0,8.0,8.0,70.0,64.0,0.0337296351790428,0.0248079765588045,0.1427628844976425,0.1275839209556579,0.6218282580375671,0.8012869358062744,365.0,719.0,4042.56,0.0313632560686932,0.0270049776881933,0.0366989076137542
1.0,qlstm_linear_enhanced_paper,original_1,mackey_1000,5.0,0.001,6.0,8.0,8.0,140.0,64.0,0.035038586705923,0.040165826678276,0.1525712311267852,0.165934681892395,0.5730835795402527,0.6344033479690552,365.0,1646.0,8338.88,0.0585244158282876,0.0659452229738235,0.0529088638722896
1.0,qlstm_linear_enhanced_paper,original_1,mackey_1000,5.0,0.001,6.0,8.0,16.0,1.0,64.0,3.848309461318422e-06,4.603723027685192e-06,0.0015287888236343,0.0017156726680696,0.9999637603759766,0.999964952468872,365.0,1269.0,15431.31,0.0021686632186174,0.0023284123744815,0.0018593793502077
1.0,qlstm_linear_enhanced_paper,original_1,mackey_1000,5.0,0.001,6.0,8.0,16.0,70.0,64.0,0.012132721953094,0.0098849823698401,0.086102083325386,0.080489382147789,0.878541111946106,0.9289315938949584,365.0,1438.0,16831.42,0.0265100422418779,0.025371603667736,0.0351715087890625
1.0,qlstm_linear_enhanced_paper,original_1,mackey_1000,5.0,0.001,6.0,8.0,16.0,140.0,64.0,0.0292123723775148,0.0204788297414779,0.1405994743108749,0.1168704479932785,0.6710907220840454,0.8362082242965698,365.0,1215.0,12010.09,0.0590153145603835,0.0644658878445625,0.0533598065376281
1.0,qlstm_linear_enhanced_paper,original_2,mackey_1000,5.0,0.001,6.0,8.0,4.0,1.0,64.0,6.834520263510058e-06,9.223681445291732e-06,0.0019490596605464,0.0024361994583159,0.9999408721923828,0.9999300837516784,437.0,1610.0,6983.04,0.0021446295664645,0.0023460227530449,0.0017109079053625
1.0,qlstm_linear_enhanced_paper,original_2,mackey_1000,5.0,0.001,6.0,8.0,4.0,70.0,64.0,0.0336273983120918,0.0245365817099809,0.1375693678855896,0.1216548606753349,0.626255989074707,0.8070722818374634,437.0,853.0,3309.97,0.0397827190657456,0.0337286293506622,0.0442380793392658
1.0,qlstm_linear_enhanced_paper,original_2,mackey_1000,5.0,0.001,6.0,8.0,4.0,140.0,64.0,0.0521129965782165,0.0671265348792076,0.1946927607059478,0.2139054834842682,-0.2131537795066833,0.1306760609149933,437.0,414.0,1584.14,0.0655238533185588,0.0671736150979995,0.0525629036128521
1.0,qlstm_linear_enhanced_paper,original_2,mackey_1000,5.0,0.001,6.0,8.0,8.0,1.0,64.0,5.247598437563283e-06,6.1819746406399645e-06,0.0016905440716072,0.0019291675416752,0.9999558925628662,0.999952495098114,437.0,1344.0,11817.85,0.002258566301316,0.002457802882418,0.0019609078299254
1.0,qlstm_linear_enhanced_paper,original_2,mackey_1000,5.0,0.001,6.0,8.0,8.0,70.0,64.0,0.0311588235199451,0.0224991962313652,0.1376915872097015,0.1209021136164665,0.6617383360862732,0.8199190497398376,437.0,922.0,7540.88,0.03801088883645,0.0333622545003891,0.0420547388494014
1.0,qlstm_linear_enhanced_paper,original_2,mackey_1000,5.0,0.001,6.0,8.0,8.0,140.0,64.0,0.0502200536429882,0.0528240501880645,0.1717092990875244,0.1872201710939407,0.3133117258548736,0.518155574798584,437.0,695.0,5134.51,0.058582701254636,0.0659360289573669,0.05301533639431
1.0,qlstm_linear_enhanced_paper,original_2,mackey_1000,5.0,0.001,6.0,8.0,16.0,1.0,64.0,3.3664327929727733e-06,4.075667220604373e-06,0.0014516474911943,0.0016686783637851,0.99997079372406,0.9999696612358092,437.0,1463.0,26146.82,0.0014037561893928,0.0016029118560254,0.0012136393925175
1.0,qlstm_linear_enhanced_paper,original_2,mackey_1000,5.0,0.001,6.0,8.0,16.0,70.0,64.0,0.0012333501363173,0.00185926805716,0.0258621517568826,0.0334766097366809,0.9896440505981444,0.9857300519943236,437.0,4631.0,73395.0,0.0262955079476038,0.0246800854802131,0.0355347841978073
1.0,qlstm_linear_enhanced_paper,original_2,mackey_1000,5.0,0.001,6.0,8.0,16.0,140.0,64.0,0.0311660394072532,0.0203766208142042,0.1514617651700973,0.1150393038988113,0.6493860483169556,0.8363571763038635,437.0,1040.0,15357.87,0.0589480269700288,0.0642059221863746,0.0536029934883117
1.0,qlstm_linear_enhanced_paper,original_3,mackey_1000,5.0,0.001,6.0,8.0,4.0,1.0,64.0,8.469175554637332e-06,9.021330697578378e-06,0.0021687399130314,0.0023858135100454,0.9999279975891112,0.9999317526817322,509.0,1216.0,6553.82,0.0013775957282632,0.0014098332030698,0.001140970736742
1.0,qlstm_linear_enhanced_paper,original_3,mackey_1000,5.0,0.001,6.0,8.0,4.0,70.0,64.0,0.0337354019284248,0.0242158100008964,0.1399694681167602,0.1213845461606979,0.6316225528717041,0.8058164715766907,509.0,772.0,3924.62,0.0405004918575286,0.0340609662234783,0.0436511076986789
1.0,qlstm_linear_enhanced_paper,original_3,mackey_1000,5.0,0.001,6.0,8.0,4.0,140.0,64.0,0.0522137470543384,0.067162349820137,0.1942183226346969,0.2129735201597213,0.1496725380420684,0.2986290454864502,509.0,414.0,2102.1,0.0655393389364083,0.0672183036804199,0.0524183139204978
1.0,qlstm_linear_enhanced_paper,original_3,mackey_1000,5.0,0.001,6.0,8.0,8.0,1.0,64.0,5.193596280150814e-06,6.784618562960532e-06,0.0017942978302016,0.0020610585343092,0.99995094537735,0.9999484419822692,509.0,1418.0,16020.97,0.0014525738486554,0.0015973385889083,0.0012818820541724
1.0,qlstm_linear_enhanced_paper,original_3,mackey_1000,5.0,0.001,6.0,8.0,8.0,70.0,64.0,0.0339312180876731,0.0243634451180696,0.1421646177768707,0.1279934644699096,0.6198869943618774,0.8059837222099304,509.0,507.0,5446.31,0.0305266527252064,0.0259758159518241,0.0359922125935554
1.0,qlstm_linear_enhanced_paper,original_3,mackey_1000,5.0,0.001,6.0,8.0,8.0,140.0,64.0,0.0336976423859596,0.0316074304282665,0.1481386870145797,0.1451068073511123,0.6073495149612427,0.7383831739425659,509.0,1075.0,10018.65,0.0584683180786669,0.0656326189637184,0.0530850142240524
1.0,qlstm_linear_enhanced_paper,original_3,mackey_1000,5.0,0.001,6.0,8.0,16.0,1.0,64.0,5.16244563186774e-06,5.394285381044028e-06,0.0017730566905811,0.0018057358684018,0.9999513626098632,0.9999586939811708,509.0,1342.0,31340.0,0.0020678937551565,0.0021855446975678,0.0017869998700916
1.0,qlstm_linear_enhanced_paper,original_3,mackey_1000,5.0,0.001,6.0,8.0,16.0,70.0,64.0,0.0013466600794345,0.002063242951408,0.0282693710178136,0.0343144983053207,0.9879191517829896,0.9850196242332458,509.0,3469.0,71096.72,0.0261495223061905,0.0245962999761104,0.0355055779218673
1.0,qlstm_linear_enhanced_paper,original_3,mackey_1000,5.0,0.001,6.0,8.0,16.0,140.0,64.0,0.0296954605728387,0.0185472406446933,0.1473554819822311,0.1107202544808387,0.6640998721122742,0.8519646525382996,509.0,1174.0,22535.37,0.0589759801514446,0.0641608908772468,0.053786002099514
1.0,qlstm_linear_enhanced_paper,original_1,mackey_1000,5.0,0.001,6.0,16.0,4.0,1.0,64.0,6.8331792135722935e-06,7.262422968778992e-06,0.0019901823252439,0.0020981761626899,0.9999415278434752,0.9999449253082277,645.0,1197.0,3554.97,0.0049233784433454,0.0050709396600723,0.0041311881504952
1.0,qlstm_linear_enhanced_paper,original_1,mackey_1000,5.0,0.001,6.0,16.0,4.0,70.0,64.0,0.0348481498658657,0.0243875030428171,0.1409709602594375,0.1199835091829299,0.6152223348617554,0.8101674914360046,645.0,984.0,2660.1,0.0409770407196548,0.0336826220154762,0.0456554517149925
1.0,qlstm_linear_enhanced_paper,original_1,mackey_1000,5.0,0.001,6.0,16.0,4.0,140.0,64.0,0.0520767271518707,0.0672608837485313,0.1943380832672119,0.2134761661291122,0.260487824678421,-0.0726008564233779,645.0,408.0,1109.06,0.0661977570917871,0.0672814697027206,0.051999919116497
1.0,qlstm_linear_enhanced_paper,original_1,mackey_1000,5.0,0.001,6.0,16.0,8.0,1.0,64.0,5.231233444646932e-06,5.453785433928715e-06,0.0017063581617549,0.0017937150551006,0.9999542832374572,0.9999582171440125,645.0,1411.0,8543.97,0.0009020648139994,0.0009965174831449,0.000750936102122
1.0,qlstm_linear_enhanced_paper,original_1,mackey_1000,5.0,0.001,6.0,16.0,8.0,70.0,64.0,0.0351520106196403,0.021994661539793,0.1460135877132415,0.1168994158506393,0.6273884773254395,0.8283373117446899,645.0,1351.0,7444.58,0.0310699093259043,0.0269920509308576,0.0358272455632686
1.0,qlstm_linear_enhanced_paper,original_1,mackey_1000,5.0,0.001,6.0,16.0,8.0,140.0,64.0,0.0310556627810001,0.0333647169172763,0.1374393552541732,0.1496617794036865,0.6456179618835449,0.7208065986633301,645.0,1059.0,5365.56,0.0583281409926712,0.0654506087303161,0.0530881434679031
1.0,qlstm_linear_enhanced_paper,original_1,mackey_1000,5.0,0.001,6.0,16.0,16.0,1.0,64.0,3.1714282613393152e-06,4.588529463944724e-06,0.0014121043495833,0.0017788799013942,0.9999698996543884,0.9999656677246094,645.0,1053.0,12972.16,0.0022768501075915,0.0024533208925276,0.0019681132398545
1.0,qlstm_linear_enhanced_paper,original_1,mackey_1000,5.0,0.001,6.0,16.0,16.0,70.0,64.0,0.0202933736145496,0.0139923384413123,0.1168776527047157,0.0976793691515922,0.8025698065757751,0.8882535696029663,645.0,1020.0,11563.85,0.0263577767958243,0.0252764653414487,0.035237431526184
1.0,qlstm_linear_enhanced_paper,original_1,mackey_1000,5.0,0.001,6.0,16.0,16.0,140.0,64.0,0.0266488511115312,0.0180646441876888,0.1367497146129608,0.1112711653113365,0.7140673995018005,0.8611626029014587,645.0,1220.0,12480.78,0.0590454014018178,0.0644935667514801,0.0534060224890708
1.0,qlstm_linear_enhanced_paper,original_2,mackey_1000,5.0,0.001,6.0,16.0,4.0,1.0,64.0,8.109072950901464e-06,1.0738548553490546e-05,0.0022990200668573,0.0026421847287565,0.9999229907989502,0.999918520450592,717.0,1416.0,5994.31,0.0019562996225431,0.0020075067877769,0.0016267934115603
1.0,qlstm_linear_enhanced_paper,original_2,mackey_1000,5.0,0.001,6.0,16.0,4.0,70.0,64.0,0.0336817018687725,0.02481977827847,0.1388835310935974,0.1231935247778892,0.6244219541549683,0.8061473965644836,717.0,918.0,3597.15,0.0433288576702276,0.037221934646368,0.0451404452323913
1.0,qlstm_linear_enhanced_paper,original_2,mackey_1000,5.0,0.001,6.0,16.0,4.0,140.0,64.0,0.0524299256503582,0.0671369284391403,0.1943806707859039,0.2127064913511276,-0.1318143457174301,0.1702540665864944,717.0,410.0,1608.55,0.0657966877851221,0.0671678707003593,0.0522169955074787
1.0,qlstm_linear_enhanced_paper,original_2,mackey_1000,5.0,0.001,6.0,16.0,8.0,1.0,64.0,6.403372026397847e-06,6.345298970700242e-06,0.001943765906617,0.0019775703549385,0.9999406933784484,0.9999518990516664,717.0,1030.0,8952.35,0.0003844627441139,0.0004023511428385,0.0003415515820961
1.0,qlstm_linear_enhanced_paper,original_2,mackey_1000,5.0,0.001,6.0,16.0,8.0,70.0,64.0,0.0308126658201217,0.0235919747501611,0.1349435746669769,0.1231586337089538,0.6633903980255127,0.8104966878890991,717.0,770.0,6222.96,0.0312417580021752,0.0271146148443222,0.0365493893623352
1.0,qlstm_linear_enhanced_paper,original_2,mackey_1000,5.0,0.001,6.0,16.0,8.0,140.0,64.0,0.0417444929480552,0.0507001988589763,0.168472558259964,0.1848689913749694,0.4619299173355102,0.5727311372756958,717.0,441.0,3218.99,0.0585348466411232,0.0658957138657569,0.0529970377683639
1.0,qlstm_linear_enhanced_paper,original_2,mackey_1000,5.0,0.001,6.0,16.0,16.0,1.0,64.0,5.563899321714416e-06,8.755141607252881e-06,0.0018648107070475,0.0022915757726877,0.9999468922615052,0.9999342560768129,717.0,839.0,15412.98,0.0005572045454755,0.0006362869171425,0.0005218033329583
1.0,qlstm_linear_enhanced_paper,original_2,mackey_1000,5.0,0.001,6.0,16.0,16.0,70.0,64.0,0.0060489680618047,0.0047184652648866,0.0593472048640251,0.054677203297615,0.9528244733810424,0.9658659100532532,717.0,2862.0,46949.26,0.0266730495625072,0.0251738280057907,0.0354764983057975
1.0,qlstm_linear_enhanced_paper,original_2,mackey_1000,5.0,0.001,6.0,16.0,16.0,140.0,64.0,0.0317053906619548,0.0165174789726734,0.1467055380344391,0.1072307899594307,0.6454318165779114,0.8757886290550232,717.0,1554.0,22979.24,0.0590066332370042,0.0643398612737655,0.0536049455404281
1.0,qlstm_linear_enhanced_paper,original_3,mackey_1000,5.0,0.001,6.0,16.0,4.0,1.0,64.0,6.495164143416332e-06,7.763263056403957e-06,0.0020202428568154,0.0022189053706824,0.9999387860298156,0.9999407529830932,789.0,1304.0,7125.91,0.0011581278813537,0.0011738546891137,0.0009761983528733
1.0,qlstm_linear_enhanced_paper,original_3,mackey_1000,5.0,0.001,6.0,16.0,4.0,70.0,64.0,0.0337618812918663,0.0244589745998382,0.1397967636585235,0.1208128258585929,0.6240985989570618,0.8085291385650635,789.0,655.0,3386.97,0.0350295404593149,0.0297783911228179,0.0394039563834667
1.0,qlstm_linear_enhanced_paper,original_3,mackey_1000,5.0,0.001,6.0,16.0,4.0,140.0,64.0,0.0526947751641273,0.0669757798314094,0.1946940720081329,0.2124862670898437,-0.1996682435274124,0.1450222283601761,789.0,404.0,2023.02,0.0657074124448829,0.0670461282134056,0.0523155517876148
1.0,qlstm_linear_enhanced_paper,original_3,mackey_1000,5.0,0.001,6.0,16.0,8.0,1.0,64.0,6.164401384012308e-06,7.027038918749895e-06,0.0018646115204319,0.0021062870509922,0.999947726726532,0.9999459385871888,789.0,1021.0,11526.55,0.0003073271160246,0.0003357401583343,0.000266146933427
1.0,qlstm_linear_enhanced_paper,original_3,mackey_1000,5.0,0.001,6.0,16.0,8.0,70.0,64.0,0.0231829565018415,0.0219127479940652,0.1182371601462364,0.120831586420536,0.7587637901306152,0.8230171203613281,789.0,794.0,8080.44,0.0307292095902893,0.0267808083444833,0.0357446260750293
1.0,qlstm_linear_enhanced_paper,original_3,mackey_1000,5.0,0.001,6.0,16.0,8.0,140.0,64.0,0.0328951589763164,0.0334029458463192,0.1435113698244094,0.1506582200527191,0.6287210583686829,0.7197921276092529,789.0,952.0,8744.7,0.0584951592609286,0.0658099427819252,0.0530524775385856
1.0,qlstm_linear_enhanced_paper,original_3,mackey_1000,5.0,0.001,6.0,16.0,16.0,1.0,64.0,4.747249931824626e-06,5.3012854550615884e-06,0.0017939073732122,0.0018003031145781,0.9999619722366332,0.9999595880508424,789.0,1036.0,24083.33,0.0003438088417169,0.0003893726388923,0.0003196203906554
1.0,qlstm_linear_enhanced_paper,original_3,mackey_1000,5.0,0.001,6.0,16.0,16.0,70.0,64.0,0.0042019784450531,0.00619185436517,0.0529723279178142,0.0609133318066597,0.9676135778427124,0.9523317217826844,789.0,2180.0,46135.64,0.0264115708155764,0.0252139717340469,0.035111591219902
1.0,qlstm_linear_enhanced_paper,original_3,mackey_1000,5.0,0.001,6.0,16.0,16.0,140.0,64.0,0.0298258252441883,0.0197307392954826,0.1466395407915115,0.1140244305133819,0.6633279323577881,0.8404090404510498,789.0,1249.0,23368.19,0.0588203654624521,0.0637610256671905,0.0540822707116603
1.0,qlstm_linear_enhanced_paper,original_1,mackey_1000,5.0,0.001,6.0,32.0,4.0,1.0,64.0,1.216989130625734e-05,1.2774411516147666e-05,0.0027777093928307,0.0028515635058283,0.9998928904533386,0.9999012351036072,1205.0,983.0,2905.51,0.0026038068579509,0.0026348805986344,0.002216973574832
1.0,qlstm_linear_enhanced_paper,original_1,mackey_1000,5.0,0.001,6.0,32.0,4.0,70.0,64.0,0.0340864732861518,0.0240578968077898,0.1393525153398513,0.1207096949219703,0.6288125514984131,0.8091151118278503,1205.0,763.0,2092.93,0.036141215927071,0.0303466543555259,0.0405378825962543
1.0,qlstm_linear_enhanced_paper,original_1,mackey_1000,5.0,0.001,6.0,32.0,4.0,140.0,64.0,0.0521528683602809,0.0672584697604179,0.1943453401327133,0.2133161723613739,0.2356180697679519,-0.0923709645867347,1205.0,402.0,1085.81,0.0670578450792365,0.0674405246973037,0.0515333004295825
1.0,qlstm_linear_enhanced_paper,original_1,mackey_1000,5.0,0.001,6.0,32.0,8.0,1.0,64.0,5.561940724874148e-06,6.844911240477813e-06,0.0018903749296441,0.0020816340111196,0.9999493360519408,0.999947726726532,1205.0,1247.0,7433.26,0.0004158577648922,0.0004358318983577,0.0003739468811545
1.0,qlstm_linear_enhanced_paper,original_1,mackey_1000,5.0,0.001,6.0,32.0,8.0,70.0,64.0,0.0336927659809589,0.0245673842728137,0.1423804759979248,0.1270432919263839,0.6228756308555603,0.8047344088554382,1205.0,694.0,3809.89,0.0312908219380511,0.0273600816726684,0.0362475588917732
1.0,qlstm_linear_enhanced_paper,original_1,mackey_1000,5.0,0.001,6.0,32.0,8.0,140.0,64.0,0.0261822529137134,0.0339053310453891,0.1321458369493484,0.1467651277780532,0.706656277179718,0.7062932252883911,1205.0,1158.0,5785.17,0.0585512481629848,0.065873309969902,0.0528942011296749
1.0,qlstm_linear_enhanced_paper,original_1,mackey_1000,5.0,0.001,6.0,32.0,16.0,1.0,64.0,4.531746071734233e-06,7.045974143693456e-06,0.0016565344994887,0.002057108329609,0.9999560713768004,0.9999461770057678,1205.0,791.0,9834.55,0.0005397787957917,0.0005883980193175,0.0004892818396911
1.0,qlstm_linear_enhanced_paper,original_1,mackey_1000,5.0,0.001,6.0,32.0,16.0,70.0,64.0,0.0198244601488113,0.0142102492973208,0.11633862555027,0.102354384958744,0.8048492670059204,0.8864803314208984,1205.0,1033.0,11539.54,0.0264004675878418,0.025518849492073,0.034681349992752
1.0,qlstm_linear_enhanced_paper,original_1,mackey_1000,5.0,0.001,6.0,32.0,16.0,140.0,64.0,0.0305106882005929,0.0187465995550155,0.1472669690847396,0.1135484799742698,0.6639165878295898,0.8507320880889893,1205.0,1135.0,11223.49,0.0589852184057235,0.0642360374331474,0.0536502338945865
1.0,qlstm_linear_enhanced_paper,original_2,mackey_1000,5.0,0.001,6.0,32.0,4.0,1.0,64.0,6.502697033283766e-06,5.866374067409197e-06,0.0019119061762467,0.0019479290349408,0.999950349330902,0.9999560713768004,1277.0,1012.0,4411.25,0.0022590892855077,0.0022885524667799,0.0018922996241599
1.0,qlstm_linear_enhanced_paper,original_2,mackey_1000,5.0,0.001,6.0,32.0,4.0,70.0,64.0,0.0333718210458755,0.024701626971364,0.13706636428833,0.1235296502709388,0.6346017122268677,0.803397536277771,1277.0,764.0,2965.8,0.0390041901005639,0.0325811132788658,0.042915292084217
1.0,qlstm_linear_enhanced_paper,original_2,mackey_1000,5.0,0.001,6.0,32.0,4.0,140.0,64.0,0.0523957498371601,0.0670992508530616,0.1941789984703064,0.2124296873807907,0.1167829930782318,0.3975544571876526,1277.0,405.0,1558.39,0.0662616532709863,0.0673116520047187,0.0518680848181247
1.0,qlstm_linear_enhanced_paper,original_2,mackey_1000,5.0,0.001,6.0,32.0,8.0,1.0,64.0,3.9923911572259385e-06,4.90072807224351e-06,0.0014555408852174,0.0017223131144419,0.9999671578407288,0.9999626278877258,1277.0,1389.0,11958.94,0.0004358928505098,0.0004519649664871,0.0003468932991381
1.0,qlstm_linear_enhanced_paper,original_2,mackey_1000,5.0,0.001,6.0,32.0,8.0,70.0,64.0,0.0342794805765152,0.0219953376799821,0.1443416327238083,0.1195771172642707,0.628418505191803,0.8229758739471436,1277.0,675.0,5410.74,0.0312247406691312,0.0272126737982034,0.0362279079854488
1.0,qlstm_linear_enhanced_paper,original_2,mackey_1000,5.0,0.001,6.0,32.0,8.0,140.0,64.0,0.0315025523304939,0.0321029983460903,0.1423465609550476,0.1476078331470489,0.6342630982398987,0.7343540191650391,1277.0,845.0,6183.29,0.0585450921207666,0.0659897029399871,0.0528984889388084
1.0,qlstm_linear_enhanced_paper,original_2,mackey_1000,5.0,0.001,6.0,32.0,16.0,1.0,64.0,3.1920974379318068e-06,4.297446139389649e-06,0.0013729133643209,0.0016515796305611,0.9999736547470092,0.9999673366546632,1277.0,952.0,17038.55,0.0005213000607909,0.0005786949768662,0.0004794548731297
1.0,qlstm_linear_enhanced_paper,original_2,mackey_1000,5.0,0.001,6.0,32.0,16.0,70.0,64.0,0.0006335352663882,0.0010797479189932,0.0197795517742633,0.025311367586255,0.9944535493850708,0.992495894432068,1277.0,4244.0,67642.68,0.026760626791252,0.0255512334406375,0.0352673679590225
1.0,qlstm_linear_enhanced_paper,original_2,mackey_1000,5.0,0.001,6.0,32.0,16.0,140.0,64.0,0.0284221842885017,0.0193166621029377,0.1426862180233001,0.1147931665182113,0.6806614995002747,0.8464692831039429,1277.0,1063.0,15695.45,0.059070324525237,0.0646045506000518,0.0532715208828449
1.0,qlstm_linear_enhanced_paper,original_3,mackey_1000,5.0,0.001,6.0,32.0,4.0,1.0,64.0,4.918178092339076e-06,4.943541171087418e-06,0.0016576405614614,0.0017555658705532,0.9999580979347228,0.9999616742134094,1349.0,1045.0,5637.49,0.0012789167463779,0.0012850852217525,0.0010833153501152
1.0,qlstm_linear_enhanced_paper,original_3,mackey_1000,5.0,0.001,6.0,32.0,4.0,70.0,64.0,0.0339725613594055,0.0244490038603544,0.1377445608377456,0.1217284426093101,0.6255937218666077,0.8067235946655273,1349.0,831.0,4106.64,0.03585546484424,0.0303702019155025,0.0398288965225219
1.0,qlstm_linear_enhanced_paper,original_3,mackey_1000,5.0,0.001,6.0,32.0,4.0,140.0,64.0,0.0523640103638172,0.0671348050236702,0.1942847669124603,0.2127003520727157,-0.0431804098188877,0.2721149921417236,1349.0,406.0,2069.1,0.0664343850480185,0.0672628283500671,0.0518126748502254
1.0,qlstm_linear_enhanced_paper,original_3,mackey_1000,5.0,0.001,6.0,32.0,8.0,1.0,64.0,3.5196344470023178e-06,3.6330563943920416e-06,0.0013935770839452,0.0014498943928629,0.999967396259308,0.9999727010726928,1349.0,1249.0,14099.69,0.000290982077422,0.0002904645225498,0.000253152946243
1.0,qlstm_linear_enhanced_paper,original_3,mackey_1000,5.0,0.001,6.0,32.0,8.0,70.0,64.0,0.0320060737431049,0.0236908867955207,0.1398519724607467,0.1240756064653396,0.6458747982978821,0.8118389248847961,1349.0,565.0,6093.0,0.0308275856077671,0.0268877558410167,0.0359531641006469
1.0,qlstm_linear_enhanced_paper,original_3,mackey_1000,5.0,0.001,6.0,32.0,8.0,140.0,64.0,0.0321383997797966,0.0321887619793415,0.1440112739801406,0.1461895257234573,0.6308518052101135,0.7348055839538574,1349.0,816.0,7731.67,0.0585358347743749,0.0659539848566055,0.0529331639409065
1.0,qlstm_linear_enhanced_paper,original_3,mackey_1000,5.0,0.001,6.0,32.0,16.0,1.0,64.0,7.217630809464026e-06,1.0226525773759931e-05,0.0021586259827017,0.0026157067622989,0.999929904937744,0.9999215602874756,1349.0,722.0,17065.94,0.0004631061630789,0.0005074425134807,0.0004432169953361
1.0,qlstm_linear_enhanced_paper,original_3,mackey_1000,5.0,0.001,6.0,32.0,16.0,70.0,64.0,0.0004255416570231,0.0006999901961535,0.0161902364343404,0.0193074792623519,0.996343195438385,0.9947025179862976,1349.0,2896.0,60476.54,0.0265813618898391,0.0250507127493619,0.0354342013597488
1.0,qlstm_linear_enhanced_paper,original_3,mackey_1000,5.0,0.001,6.0,32.0,16.0,140.0,64.0,0.0286820735782384,0.0171752832829952,0.1407463252544403,0.1085357069969177,0.6962360739707947,0.8730895519256592,1349.0,1187.0,23145.09,0.0589916971512138,0.0642666667699813,0.0536202527582645
1.0,qlstm_linear_enhanced_paper,original_1,mackey_1000,6.0,0.001,6.0,8.0,4.0,1.0,64.0,5.6518624660384376e-06,7.5479124461708125e-06,0.0018205604283139,0.0021748775616288,0.999949038028717,0.9999423623085022,365.0,1474.0,4269.04,0.0012560396455228,0.0013051985297352,0.0010514130117371
1.0,qlstm_linear_enhanced_paper,original_1,mackey_1000,6.0,0.001,6.0,8.0,4.0,70.0,64.0,0.0374192744493484,0.0292363613843917,0.1372253149747848,0.1402173191308975,0.5641975402832031,0.7652820348739624,365.0,488.0,1304.33,0.0385850084324677,0.0319650024175643,0.0439668260514736
1.0,qlstm_linear_enhanced_paper,original_1,mackey_1000,6.0,0.001,6.0,8.0,4.0,140.0,64.0,0.0521591491997242,0.0672034099698066,0.1943658292293548,0.2132911831140518,-0.080075554549694,0.2517207562923431,365.0,404.0,1095.13,0.0554957348439428,0.067944161593914,0.0544732064008712
1.0,qlstm_linear_enhanced_paper,original_1,mackey_1000,6.0,0.001,6.0,8.0,8.0,1.0,64.0,1.223303934239084e-05,1.1680824172799475e-05,0.0026294372510164,0.0026433367747813,0.999890923500061,0.999910831451416,365.0,1115.0,6825.17,0.0007084216282237,0.0007354014087468,0.000599815917667
1.0,qlstm_linear_enhanced_paper,original_1,mackey_1000,6.0,0.001,6.0,8.0,8.0,70.0,64.0,0.0281738378107547,0.0230657346546649,0.130840852856636,0.1251514106988906,0.7008962035179138,0.8166453838348389,365.0,1009.0,5552.55,0.0343070363418923,0.029430404305458,0.0415170639753341
1.0,qlstm_linear_enhanced_paper,original_1,mackey_1000,6.0,0.001,6.0,8.0,8.0,140.0,64.0,0.0324302949011325,0.032444093376398,0.1443820148706436,0.1476078778505325,0.6182695627212524,0.7412647008895874,365.0,1031.0,5155.38,0.0584902460686862,0.0658109858632087,0.0525587610900402
1.0,qlstm_linear_enhanced_paper,original_1,mackey_1000,6.0,0.001,6.0,8.0,16.0,1.0,64.0,2.2770766463509062e-06,3.303413677713252e-06,0.0011791927972808,0.0014481534017249,0.9999794960021972,0.9999753832817078,365.0,1731.0,21386.06,0.0015334053547121,0.0016979357460513,0.0013443129137158
1.0,qlstm_linear_enhanced_paper,original_1,mackey_1000,6.0,0.001,6.0,8.0,16.0,70.0,64.0,0.0060222917236387,0.0080969864502549,0.0618376359343528,0.071137249469757,0.9457812905311584,0.9386433362960817,365.0,2719.0,30377.39,0.0260703528506888,0.0253450721502304,0.0347093418240547
1.0,qlstm_linear_enhanced_paper,original_1,mackey_1000,6.0,0.001,6.0,8.0,16.0,140.0,64.0,0.0403228960931301,0.0445137806236743,0.1551725268363952,0.1704495847225189,0.4790824353694916,0.5680999159812927,365.0,563.0,5825.9,0.0591715993359684,0.0643981248140335,0.0533235669136047
1.0,qlstm_linear_enhanced_paper,original_2,mackey_1000,6.0,0.001,6.0,8.0,4.0,1.0,64.0,7.366472800640622e-06,8.828156751405913e-06,0.0020424737595021,0.0023725186474621,0.999941110610962,0.9999328851699828,437.0,1352.0,5805.82,0.0026503750123083,0.0027173655107617,0.0021550240926444
1.0,qlstm_linear_enhanced_paper,original_2,mackey_1000,6.0,0.001,6.0,8.0,4.0,70.0,64.0,0.0343632064759731,0.0244855396449565,0.1411641091108322,0.1212890818715095,0.6221509575843811,0.8089054226875305,437.0,1072.0,4217.63,0.037401121109724,0.0309169720858335,0.0431952215731143
1.0,qlstm_linear_enhanced_paper,original_2,mackey_1000,6.0,0.001,6.0,8.0,4.0,140.0,64.0,0.0538092888891696,0.0662524625658989,0.1958441883325576,0.2114944905042648,-0.1896980106830597,0.1583537310361862,437.0,407.0,1555.27,0.0552514075405067,0.0670064315199852,0.0555742383003234
1.0,qlstm_linear_enhanced_paper,original_2,mackey_1000,6.0,0.001,6.0,8.0,8.0,1.0,64.0,5.085092652734602e-06,5.894296464248328e-06,0.0017286338843405,0.0019243692513555,0.9999578595161438,0.9999547004699708,437.0,1265.0,11253.78,0.0004242521099513,0.0004743101308122,0.0003221327788196
1.0,qlstm_linear_enhanced_paper,original_2,mackey_1000,6.0,0.001,6.0,8.0,8.0,70.0,64.0,0.0329570919275283,0.0244803316891193,0.1409500688314438,0.1284238398075103,0.6338504552841187,0.8016231656074524,437.0,665.0,5436.67,0.0303518157452344,0.0262782778590917,0.036404862999916
1.0,qlstm_linear_enhanced_paper,original_2,mackey_1000,6.0,0.001,6.0,8.0,8.0,140.0,64.0,0.0313673391938209,0.0332344733178615,0.1436300575733184,0.1496078819036483,0.644946813583374,0.7199462652206421,437.0,952.0,6964.89,0.0584618626162409,0.0651056095957756,0.0534117072820663
1.0,qlstm_linear_enhanced_paper,original_2,mackey_1000,6.0,0.001,6.0,8.0,16.0,1.0,64.0,8.760546847952355e-07,1.6954904822341632e-06,0.0007310289656743,0.001031348365359,0.999992609024048,0.999987244606018,437.0,1540.0,27486.22,0.0004913594195386,0.0005856792558915,0.0004054472374264
1.0,qlstm_linear_enhanced_paper,original_2,mackey_1000,6.0,0.001,6.0,8.0,16.0,70.0,64.0,0.0017923660343512,0.0020867984276264,0.0340403728187084,0.0364092625677585,0.9841039180755616,0.9839295744895936,437.0,2599.0,42273.47,0.0283349733799695,0.0259899962693452,0.0375812612473964
1.0,qlstm_linear_enhanced_paper,original_2,mackey_1000,6.0,0.001,6.0,8.0,16.0,140.0,64.0,0.0303436908870935,0.020347062498331,0.1493823528289795,0.1151292994618415,0.6606252193450928,0.844663679599762,437.0,1141.0,17074.89,0.0587833658792078,0.0632028058171272,0.0541101433336734
1.0,qlstm_linear_enhanced_paper,original_3,mackey_1000,6.0,0.001,6.0,8.0,4.0,1.0,64.0,5.468651124829194e-06,6.833918632764835e-06,0.0017374972812831,0.0020487185101956,0.9999548196792604,0.9999486804008484,509.0,1360.0,7571.75,0.0031821704003959,0.0032797330059111,0.0025734747759997
1.0,qlstm_linear_enhanced_paper,original_3,mackey_1000,6.0,0.001,6.0,8.0,4.0,70.0,64.0,0.0340801775455474,0.0249573159962892,0.1363887190818786,0.1237584426999092,0.617754340171814,0.8070701956748962,509.0,1103.0,5776.17,0.0432651672098371,0.03718002140522,0.0465235970914363
1.0,qlstm_linear_enhanced_paper,original_3,mackey_1000,6.0,0.001,6.0,8.0,4.0,140.0,64.0,0.0523467063903808,0.0670597702264785,0.194484606385231,0.212998479604721,-0.1740744858980178,0.1722602397203445,509.0,408.0,2058.32,0.0554389125770992,0.0678091272711753,0.0546109937131404
1.0,qlstm_linear_enhanced_paper,original_3,mackey_1000,6.0,0.001,6.0,8.0,8.0,1.0,64.0,8.373403943551239e-06,1.0043740076071115e-05,0.0023131570778787,0.0025857375003397,0.9999180436134338,0.9999244809150696,509.0,1007.0,11544.96,0.0002631238967296,0.000275264494121,0.000213201958104
1.0,qlstm_linear_enhanced_paper,original_3,mackey_1000,6.0,0.001,6.0,8.0,8.0,70.0,64.0,0.0265693068504333,0.0233342833817005,0.1254206299781799,0.1251471638679504,0.7171183228492737,0.8095252513885498,509.0,1063.0,11310.08,0.0300769988033506,0.0268793459981679,0.0356185100972652
1.0,qlstm_linear_enhanced_paper,original_3,mackey_1000,6.0,0.001,6.0,8.0,8.0,140.0,64.0,0.031442005187273,0.0339899063110351,0.141850396990776,0.1512559503316879,0.63812255859375,0.7093471884727478,509.0,1326.0,12831.18,0.0584869212470948,0.0656091272830963,0.0527943298220634
1.0,qlstm_linear_enhanced_paper,original_3,mackey_1000,6.0,0.001,6.0,8.0,16.0,1.0,64.0,3.9444112189812586e-06,4.1909470382961445e-06,0.0015671565197408,0.0015687936684116,0.99996817111969,0.9999679923057556,509.0,1337.0,31025.94,0.0024393816012889,0.0026332661509513,0.0020977249369025
1.0,qlstm_linear_enhanced_paper,original_3,mackey_1000,6.0,0.001,6.0,8.0,16.0,70.0,64.0,0.000639776000753,0.0012211283901706,0.0207533258944749,0.0288250483572483,0.9940353631973268,0.990946650505066,509.0,4799.0,99777.93,0.0262489798996183,0.0252902265638113,0.0352973081171512
1.0,qlstm_linear_enhanced_paper,original_3,mackey_1000,6.0,0.001,6.0,8.0,16.0,140.0,64.0,0.0296366512775421,0.0195531193166971,0.1478615701198578,0.115208476781845,0.6672051548957825,0.8449884653091431,509.0,800.0,15688.65,0.0587827055715024,0.0634818226099014,0.05368422716856
1.0,qlstm_linear_enhanced_paper,original_1,mackey_1000,6.0,0.001,6.0,16.0,4.0,1.0,64.0,1.2192756003059912e-05,1.3391498214332389e-05,0.00271842838265,0.0028224170673638,0.9998950362205504,0.99989652633667,645.0,1126.0,3291.95,0.0025979737751185,0.0026274337433278,0.0021300497464835
1.0,qlstm_linear_enhanced_paper,original_1,mackey_1000,6.0,0.001,6.0,16.0,4.0,70.0,64.0,0.0337308123707771,0.024233428761363,0.1395126283168792,0.1202415227890014,0.6310743093490601,0.8067561984062195,645.0,999.0,2641.6,0.0409080212314923,0.033995620906353,0.046000100672245
1.0,qlstm_linear_enhanced_paper,original_1,mackey_1000,6.0,0.001,6.0,16.0,4.0,140.0,64.0,0.0521266907453537,0.0672116503119468,0.1944276839494705,0.2134695649147033,-0.1954059898853302,0.1524459272623062,645.0,406.0,1090.95,0.0555779536565144,0.0680396407842636,0.0547597035765647
1.0,qlstm_linear_enhanced_paper,original_1,mackey_1000,6.0,0.001,6.0,16.0,8.0,1.0,64.0,3.983471742685651e-06,4.858906322624534e-06,0.0014623540919274,0.0017296456499025,0.9999648332595824,0.9999629855155944,645.0,1724.0,10597.8,0.0024366258643567,0.0025802124291658,0.0019640810787677
1.0,qlstm_linear_enhanced_paper,original_1,mackey_1000,6.0,0.001,6.0,16.0,8.0,70.0,64.0,0.0248550008982419,0.0216482151299715,0.1254095882177353,0.116810142993927,0.7426888942718506,0.8242688775062561,645.0,1412.0,7944.75,0.0308758860660923,0.0271967127919197,0.0366854518651962
1.0,qlstm_linear_enhanced_paper,original_1,mackey_1000,6.0,0.001,6.0,16.0,8.0,140.0,64.0,0.045942522585392,0.0550054758787155,0.1780027896165847,0.1941103488206863,0.3598574101924896,0.5327170491218567,645.0,690.0,3401.69,0.0585597958415746,0.0659548044204711,0.0524623319506645
1.0,qlstm_linear_enhanced_paper,original_1,mackey_1000,6.0,0.001,6.0,16.0,16.0,1.0,64.0,5.827786026202375e-06,8.823761163512245e-06,0.0018864980665966,0.0022684696596115,0.9999461770057678,0.9999326467514038,645.0,941.0,11293.7,0.001110982557293,0.0012157165911048,0.0010014896979555
1.0,qlstm_linear_enhanced_paper,original_1,mackey_1000,6.0,0.001,6.0,16.0,16.0,70.0,64.0,0.0136219514533877,0.0110408812761306,0.0882428511977195,0.0838939100503921,0.8625032305717468,0.914149045944214,645.0,1265.0,13907.25,0.0267643897483746,0.025401547551155,0.0352560169994831
1.0,qlstm_linear_enhanced_paper,original_1,mackey_1000,6.0,0.001,6.0,16.0,16.0,140.0,64.0,0.025543475523591,0.0185532122850418,0.1302748769521713,0.1149181947112083,0.7265447974205017,0.846800684928894,645.0,1352.0,13522.74,0.0592057844623923,0.0643629804253578,0.0531168095767498
1.0,qlstm_linear_enhanced_paper,original_2,mackey_1000,6.0,0.001,6.0,16.0,4.0,1.0,64.0,6.418310931621818e-06,6.755540198355448e-06,0.0019074970623478,0.0020569986663758,0.9999433755874634,0.9999489188194276,717.0,837.0,3624.65,0.0001747071670251,0.0002057966776192,0.0001435538142686
1.0,qlstm_linear_enhanced_paper,original_2,mackey_1000,6.0,0.001,6.0,16.0,4.0,70.0,64.0,0.0338056199252605,0.0245932918041944,0.136337324976921,0.1231483444571495,0.6279575824737549,0.8044108748435974,717.0,798.0,3025.59,0.037153150472376,0.0311790332198143,0.0425334013998508
1.0,qlstm_linear_enhanced_paper,original_2,mackey_1000,6.0,0.001,6.0,16.0,4.0,140.0,64.0,0.0375356934964656,0.0469802282750606,0.1569958329200744,0.1743552237749099,0.519035279750824,0.5618709325790405,717.0,1274.0,4861.09,0.0555210096968544,0.0679241344332695,0.0546871274709701
1.0,qlstm_linear_enhanced_paper,original_2,mackey_1000,6.0,0.001,6.0,16.0,8.0,1.0,64.0,7.158980224630795e-06,7.88800844020443e-06,0.0021242571529,0.0023313825950026,0.9999313354492188,0.9999392032623292,717.0,849.0,7689.14,0.0002367226057685,0.0002422264224151,0.0001904017990455
1.0,qlstm_linear_enhanced_paper,original_2,mackey_1000,6.0,0.001,6.0,16.0,8.0,70.0,64.0,0.0169698521494865,0.0183335859328508,0.1018147617578506,0.1059845015406608,0.8278579115867615,0.8562107086181641,717.0,1731.0,13770.64,0.0307884309440851,0.0275673624128103,0.03587082400918
1.0,qlstm_linear_enhanced_paper,original_2,mackey_1000,6.0,0.001,6.0,16.0,8.0,140.0,64.0,0.0325150750577449,0.0342395529150962,0.1445059925317764,0.1523244529962539,0.6280550956726074,0.7115989923477173,717.0,1002.0,7345.54,0.0585329560562968,0.0658992007374763,0.0525978542864322
1.0,qlstm_linear_enhanced_paper,original_2,mackey_1000,6.0,0.001,6.0,16.0,16.0,1.0,64.0,8.444206287094858e-06,1.0634781574481169e-05,0.0022572351153939,0.0025042030028998,0.9999287128448486,0.9999197721481324,717.0,837.0,15059.81,0.0005068328202469,0.0005380432121455,0.0004697211843449
1.0,qlstm_linear_enhanced_paper,original_2,mackey_1000,6.0,0.001,6.0,16.0,16.0,70.0,64.0,0.011476875282824,0.0104478998109698,0.0756955295801162,0.0778217837214469,0.8883181214332581,0.9173725247383118,717.0,1764.0,29845.49,0.0264583888153235,0.025749884545803,0.0346657894551754
1.0,qlstm_linear_enhanced_paper,original_2,mackey_1000,6.0,0.001,6.0,16.0,16.0,140.0,64.0,0.0272111669182777,0.0162122063338756,0.1366074979305267,0.1076909229159355,0.7108567953109741,0.8775916695594788,717.0,1233.0,18392.51,0.0588652496226131,0.0636095628142356,0.0536230653524398
1.0,qlstm_linear_enhanced_paper,original_3,mackey_1000,6.0,0.001,6.0,16.0,4.0,1.0,64.0,9.700801456347108e-06,1.2002293260593431e-05,0.0024034099187701,0.0026886465493589,0.9999117255210876,0.9999098777770996,789.0,889.0,4861.8,0.0017174105974845,0.0016781649319455,0.0014355422463268
1.0,qlstm_linear_enhanced_paper,original_3,mackey_1000,6.0,0.001,6.0,16.0,4.0,70.0,64.0,0.0336511172354221,0.0245331432670354,0.136950209736824,0.1204851940274238,0.6296095848083496,0.8058064579963684,789.0,844.0,4272.91,0.0356766651901933,0.0305799636989831,0.0404754690825939
1.0,qlstm_linear_enhanced_paper,original_3,mackey_1000,6.0,0.001,6.0,16.0,4.0,140.0,64.0,0.0523229204118251,0.0669831559062004,0.194628819823265,0.2132650464773178,-0.1867416054010391,0.1607281118631363,789.0,407.0,2058.0,0.0554716135892603,0.0677639618515968,0.0548415631055831
1.0,qlstm_linear_enhanced_paper,original_3,mackey_1000,6.0,0.001,6.0,16.0,8.0,1.0,64.0,6.395712716766866e-06,7.574210030725226e-06,0.001921311719343,0.0022139546927064,0.9999401569366456,0.9999421238899232,789.0,1174.0,13403.02,0.0008848682860843,0.0009214742458425,0.0007260090787895
1.0,qlstm_linear_enhanced_paper,original_3,mackey_1000,6.0,0.001,6.0,16.0,8.0,70.0,64.0,0.0320045463740825,0.0234049763530492,0.1400464475154876,0.1239746436476707,0.6490263938903809,0.8119660019874573,789.0,860.0,9037.22,0.031304085213277,0.0274756755679845,0.0375578217208385
1.0,qlstm_linear_enhanced_paper,original_3,mackey_1000,6.0,0.001,6.0,16.0,8.0,140.0,64.0,0.0280270334333181,0.0313328132033348,0.1353127062320709,0.1450832188129425,0.6813251972198486,0.7395808696746826,789.0,1157.0,10805.64,0.0584480841644108,0.0656183063983917,0.0526916719973087
1.0,qlstm_linear_enhanced_paper,original_3,mackey_1000,6.0,0.001,6.0,16.0,16.0,1.0,64.0,1.2032471659040311e-06,1.7617954881643527e-06,0.0008769714622758,0.0010549442376941,0.9999902844429016,0.9999871850013732,789.0,1149.0,26507.92,0.0005699935980373,0.0006105815991759,0.0004980701487511
1.0,qlstm_linear_enhanced_paper,original_3,mackey_1000,6.0,0.001,6.0,16.0,16.0,70.0,64.0,0.0075419754721224,0.0067571187391877,0.0670453757047653,0.0682563856244087,0.9343842267990112,0.9472537040710448,789.0,2255.0,47868.23,0.0264406185597181,0.0255546122789382,0.0348559059202671
1.0,qlstm_linear_enhanced_paper,original_3,mackey_1000,6.0,0.001,6.0,16.0,16.0,140.0,64.0,0.0269160158932209,0.018298065289855,0.1374766826629638,0.1122502908110618,0.7099817991256714,0.8627132177352905,789.0,1613.0,30472.63,0.0399105628021061,0.0443547256290912,0.0298891570419073
1.0,qlstm_linear_enhanced_paper,original_1,mackey_1000,6.0,0.001,6.0,32.0,4.0,1.0,64.0,1.703736234048847e-05,2.177090937038884e-05,0.0034060676116496,0.0038121459074318,0.9998372793197632,0.9998337626457214,1205.0,1207.0,3556.46,0.00216643481981,0.0022416522260755,0.001891326974146
1.0,qlstm_linear_enhanced_paper,original_1,mackey_1000,6.0,0.001,6.0,32.0,4.0,70.0,64.0,0.0335123054683208,0.0247378069907426,0.1376674324274063,0.1226396411657333,0.6350978016853333,0.8012588024139404,1205.0,1043.0,2766.3,0.0343485402150286,0.0302758328616619,0.0382111519575119
1.0,qlstm_linear_enhanced_paper,original_1,mackey_1000,6.0,0.001,6.0,32.0,4.0,140.0,64.0,0.0520353987812995,0.0672332867980003,0.1944125890731811,0.2136581987142563,-0.1219016909599304,0.2176129221916198,1205.0,405.0,1084.19,0.0556749242047468,0.0681688860058784,0.0549261830747127
1.0,qlstm_linear_enhanced_paper,original_1,mackey_1000,6.0,0.001,6.0,32.0,8.0,1.0,64.0,7.310118235182017e-06,8.298259672301356e-06,0.0022217838559299,0.0023547387681901,0.999936819076538,0.9999364018440248,1205.0,1295.0,7849.18,0.0004451715882169,0.000460992247099,0.0003623001975938
1.0,qlstm_linear_enhanced_paper,original_1,mackey_1000,6.0,0.001,6.0,32.0,8.0,70.0,64.0,0.0338764749467372,0.0226062405854463,0.1439061313867569,0.1203640848398208,0.632921576499939,0.8188288807868958,1205.0,858.0,4735.87,0.0307002158628569,0.0274459905922412,0.035990972071886
1.0,qlstm_linear_enhanced_paper,original_1,mackey_1000,6.0,0.001,6.0,32.0,8.0,140.0,64.0,0.0295836608856916,0.0325237326323986,0.1354747414588928,0.1473212093114853,0.6595421433448792,0.7270157337188721,1205.0,1424.0,7103.23,0.0585353719070553,0.0657614320516586,0.0525904074311256
1.0,qlstm_linear_enhanced_paper,original_1,mackey_1000,6.0,0.001,6.0,32.0,16.0,1.0,64.0,2.3817774490453303e-06,4.199083832645556e-06,0.0012788084568455,0.0016308346530422,0.9999772310256958,0.9999682307243348,1205.0,1454.0,17741.04,0.0007995569292688,0.0008658405859023,0.0007471879362128
1.0,qlstm_linear_enhanced_paper,original_1,mackey_1000,6.0,0.001,6.0,32.0,16.0,70.0,64.0,0.0300025474280118,0.0172382500022649,0.1358273476362228,0.1093176156282424,0.6976690888404846,0.8615654706954956,1205.0,578.0,6614.49,0.0264551898257599,0.025951899588108,0.0344526916742324
1.0,qlstm_linear_enhanced_paper,original_1,mackey_1000,6.0,0.001,6.0,32.0,16.0,140.0,64.0,0.0338250212371349,0.0243109241127967,0.1540529578924179,0.1284989863634109,0.6088573336601257,0.7954617738723755,1205.0,1254.0,12795.49,0.0591107639484107,0.0640252605080604,0.053530178964138
1.0,qlstm_linear_enhanced_paper,original_2,mackey_1000,6.0,0.001,6.0,32.0,4.0,1.0,64.0,7.917880793684162e-06,9.004585081129335e-06,0.0021717436611652,0.0023521373514086,0.9999290704727172,0.9999310374259948,1277.0,934.0,3999.31,0.000306493602693,0.0003779981343541,0.000280054169707
1.0,qlstm_linear_enhanced_paper,original_2,mackey_1000,6.0,0.001,6.0,32.0,4.0,70.0,64.0,0.0340056642889976,0.024388026446104,0.1386431157588958,0.1212839186191558,0.6255440711975098,0.8067132234573364,1277.0,936.0,3587.4,0.0370448550416363,0.0309752002358436,0.042250283062458
1.0,qlstm_linear_enhanced_paper,original_2,mackey_1000,6.0,0.001,6.0,32.0,4.0,140.0,64.0,0.0523453876376152,0.0669817775487899,0.1945760399103164,0.2131076902151107,-0.1770113110542297,0.1683132648468017,1277.0,408.0,1556.54,0.055549189241396,0.0678485631942749,0.0551281012594699
1.0,qlstm_linear_enhanced_paper,original_2,mackey_1000,6.0,0.001,6.0,32.0,8.0,1.0,64.0,9.440615940548014e-06,1.0342710083932616e-05,0.0024440430570393,0.0025937515310943,0.9999099373817444,0.9999215602874756,1277.0,773.0,6764.57,0.0003130756580503,0.0002888127928599,0.0002629049995448
1.0,qlstm_linear_enhanced_paper,original_2,mackey_1000,6.0,0.001,6.0,32.0,8.0,70.0,64.0,0.0289340354502201,0.020892834290862,0.1300195455551147,0.1174343153834343,0.6962293982505798,0.8303495645523071,1277.0,764.0,6214.35,0.0303892625702752,0.027204131707549,0.0358673110604286
1.0,qlstm_linear_enhanced_paper,original_2,mackey_1000,6.0,0.001,6.0,32.0,8.0,140.0,64.0,0.0290248692035675,0.0314274467527866,0.136291965842247,0.1470410972833633,0.6671021580696106,0.7357593774795532,1277.0,1062.0,7669.85,0.0585057642310857,0.0656663551926612,0.0526654310524463
1.0,qlstm_linear_enhanced_paper,original_2,mackey_1000,6.0,0.001,6.0,32.0,16.0,1.0,64.0,8.886579962563701e-06,1.2901970876555424e-05,0.0024046045728027,0.0029814327135682,0.9999150037765504,0.9999019503593444,1277.0,929.0,16520.93,0.0004610182717442,0.0004888010444119,0.0003831094654742
1.0,qlstm_linear_enhanced_paper,original_2,mackey_1000,6.0,0.001,6.0,32.0,16.0,70.0,64.0,0.0007791482494212,0.0010113443713635,0.0213161837309598,0.0252397935837507,0.9939539432525636,0.992343246936798,1277.0,3557.0,57565.95,0.0266323727038171,0.0260483603924512,0.0345080085098743
1.0,qlstm_linear_enhanced_paper,original_2,mackey_1000,6.0,0.001,6.0,32.0,16.0,140.0,64.0,0.0266558434814214,0.0227431692183017,0.1361694633960724,0.1209518387913703,0.7057948708534241,0.8133457899093628,1277.0,999.0,14993.18,0.059158734511584,0.0642009824514389,0.053331408649683
1.0,qlstm_linear_enhanced_paper,original_3,mackey_1000,6.0,0.001,6.0,32.0,4.0,1.0,64.0,5.825721473229351e-06,6.559177563758567e-06,0.0018321980023756,0.001987092429772,0.9999467730522156,0.999950349330902,1349.0,1019.0,5723.85,0.0020831968868151,0.0021560483146458,0.0017687387298792
1.0,qlstm_linear_enhanced_paper,original_3,mackey_1000,6.0,0.001,6.0,32.0,4.0,70.0,64.0,0.0341209769248962,0.0245262067764997,0.1391599923372268,0.1209402829408645,0.624970018863678,0.8070325255393982,1349.0,765.0,3855.48,0.0377194709661934,0.0313061140477657,0.042729202657938
1.0,qlstm_linear_enhanced_paper,original_3,mackey_1000,6.0,0.001,6.0,32.0,4.0,140.0,64.0,0.0523486249148845,0.0670364201068878,0.1943647265434265,0.2127923518419265,-0.1238144785165786,0.2177085727453231,1349.0,405.0,2065.16,0.0555493970298104,0.0679826587438583,0.0547903962433338
1.0,qlstm_linear_enhanced_paper,original_3,mackey_1000,6.0,0.001,6.0,32.0,8.0,1.0,64.0,5.5930763664946426e-06,6.041037522663828e-06,0.0018687766278162,0.0019781694281846,0.9999462366104126,0.9999534487724304,1349.0,964.0,10851.34,0.0003172136493958,0.0003047194622922,0.0002474940556567
1.0,qlstm_linear_enhanced_paper,original_3,mackey_1000,6.0,0.001,6.0,32.0,8.0,70.0,64.0,0.033950675278902,0.0240116566419601,0.1417691558599472,0.1243596151471138,0.6257087588310242,0.8082714080810547,1349.0,471.0,5047.1,0.0305123041487402,0.0268130954355001,0.0361027084290981
1.0,qlstm_linear_enhanced_paper,original_3,mackey_1000,6.0,0.001,6.0,32.0,8.0,140.0,64.0,0.0311036892235279,0.0341514982283115,0.1403615921735763,0.1506685763597488,0.6364240050315857,0.7030941247940063,1349.0,839.0,8125.61,0.0584671776741743,0.0655468627810478,0.052678145468235
1.0,qlstm_linear_enhanced_paper,original_3,mackey_1000,6.0,0.001,6.0,32.0,16.0,1.0,64.0,2.8909807952004485e-06,3.5272905734018423e-06,0.0013781321467831,0.0015251248842105,0.9999719262123108,0.999972939491272,1349.0,714.0,16361.53,0.0002852786390576,0.0002651773102115,0.0002324405795661
1.0,qlstm_linear_enhanced_paper,original_3,mackey_1000,6.0,0.001,6.0,32.0,16.0,70.0,64.0,0.0012724604457616,0.0014969910262152,0.0273242499679327,0.0283456891775131,0.9900306463241576,0.9885457754135132,1349.0,2587.0,54416.31,0.0264331642538309,0.026230676099658,0.0341068021953105
1.0,qlstm_linear_enhanced_paper,original_3,mackey_1000,6.0,0.001,6.0,32.0,16.0,140.0,64.0,0.0302478019148111,0.0194876976311206,0.144623577594757,0.1138959378004074,0.6647213697433472,0.8504786491394043,1349.0,1497.0,28157.43,0.0591453886590898,0.064120627939701,0.0534394048154354
1.0,qlstm_linear_enhanced_paper,original_1,mackey_1000,7.0,0.001,6.0,8.0,4.0,1.0,64.0,7.7414315455826e-06,9.356321243103594e-06,0.0021603484638035,0.0024040655698627,0.999929428100586,0.9999276399612428,365.0,1598.0,4790.47,0.0014942995156161,0.001522124512121,0.001288954517804
1.0,qlstm_linear_enhanced_paper,original_1,mackey_1000,7.0,0.001,6.0,8.0,4.0,70.0,64.0,0.0336467027664184,0.0245792623609304,0.1382855474948883,0.1216131672263145,0.6307817697525024,0.8051087856292725,365.0,1117.0,2990.63,0.04172910294599,0.0367798320949077,0.0460020303726196
1.0,qlstm_linear_enhanced_paper,original_1,mackey_1000,7.0,0.001,6.0,8.0,4.0,140.0,64.0,0.0522263869643211,0.0672077238559722,0.1943380683660507,0.2131141126155853,-0.0223377384245395,0.314069539308548,365.0,414.0,1109.42,0.0545008476409647,0.0673554167151451,0.0528956800699234
1.0,qlstm_linear_enhanced_paper,original_1,mackey_1000,7.0,0.001,6.0,8.0,8.0,1.0,64.0,4.830817488254979e-06,5.809446065541124e-06,0.0016974225873127,0.0019344399916008,0.9999550580978394,0.999956488609314,365.0,1180.0,7172.5,0.0009494865254964,0.000979287433438,0.0008168094209395
1.0,qlstm_linear_enhanced_paper,original_1,mackey_1000,7.0,0.001,6.0,8.0,8.0,70.0,64.0,0.0315042026340961,0.0215661209076643,0.139341652393341,0.1175596266984939,0.6576277613639832,0.8291001319885254,365.0,851.0,4673.14,0.0382634295771519,0.0331134684383869,0.0441760905086994
1.0,qlstm_linear_enhanced_paper,original_1,mackey_1000,7.0,0.001,6.0,8.0,8.0,140.0,64.0,0.0281341597437858,0.0310378465801477,0.1330859363079071,0.1433181166648864,0.6807287335395813,0.751859724521637,365.0,1312.0,6534.67,0.0583282746374607,0.0653194934129715,0.0526173897087574
1.0,qlstm_linear_enhanced_paper,original_1,mackey_1000,7.0,0.001,6.0,8.0,16.0,1.0,64.0,2.797763954731636e-06,3.632688049037824e-06,0.0013571840245276,0.0015748396981507,0.9999740719795228,0.9999721050262452,365.0,1037.0,12956.86,0.0003682198643218,0.0004002007190138,0.0003212007286492
1.0,qlstm_linear_enhanced_paper,original_1,mackey_1000,7.0,0.001,6.0,8.0,16.0,70.0,64.0,0.006227470934391,0.0060411826707422,0.0608611851930618,0.0632663816213607,0.95343017578125,0.9527668356895448,365.0,2288.0,25572.56,0.0265075725813706,0.0254473015666008,0.0344003587961196
1.0,qlstm_linear_enhanced_paper,original_1,mackey_1000,7.0,0.001,6.0,8.0,16.0,140.0,64.0,0.0316957086324691,0.0196298230439424,0.1493396908044815,0.1127392053604126,0.6514410376548767,0.8389530777931213,365.0,1642.0,16736.63,0.0587498806416988,0.0641296505928039,0.053885031491518
1.0,qlstm_linear_enhanced_paper,original_2,mackey_1000,7.0,0.001,6.0,8.0,4.0,1.0,64.0,5.38774020242272e-06,5.03555747854989e-06,0.0017762915231287,0.0017821314977481,0.9999532103538512,0.99996155500412,437.0,1057.0,4560.69,0.0028857834171503,0.0030164888594299,0.0024132241960614
1.0,qlstm_linear_enhanced_paper,original_2,mackey_1000,7.0,0.001,6.0,8.0,4.0,70.0,64.0,0.0329489111900329,0.0253260899335145,0.1383350193500518,0.1231331303715705,0.6367954611778259,0.796990692615509,437.0,927.0,3598.89,0.0402281402299801,0.0349772237241268,0.0447461418807506
1.0,qlstm_linear_enhanced_paper,original_2,mackey_1000,7.0,0.001,6.0,8.0,4.0,140.0,64.0,0.0520227178931236,0.0669486299157142,0.1941794008016586,0.2132504731416702,-0.0044684126041829,0.3005756735801697,437.0,416.0,1626.39,0.0544583693974547,0.0672216489911079,0.0528955422341823
1.0,qlstm_linear_enhanced_paper,original_2,mackey_1000,7.0,0.001,6.0,8.0,8.0,1.0,64.0,4.8491365305380896e-06,6.056220627215225e-06,0.0015911307418718,0.0019355263793841,0.9999558925628662,0.9999536871910096,437.0,1771.0,15131.19,0.0022114611696451,0.0022983774542808,0.0018224589293822
1.0,qlstm_linear_enhanced_paper,original_2,mackey_1000,7.0,0.001,6.0,8.0,8.0,70.0,64.0,0.0258878991007804,0.023600423708558,0.1222564876079559,0.1243260949850082,0.7316059470176697,0.8076941967010498,437.0,785.0,6315.7,0.0327271423819992,0.0289296638220548,0.0390548780560493
1.0,qlstm_linear_enhanced_paper,original_2,mackey_1000,7.0,0.001,6.0,8.0,8.0,140.0,64.0,0.030611952766776,0.0327272191643714,0.1403885036706924,0.14857217669487,0.650409460067749,0.7240597009658813,437.0,867.0,6292.79,0.0582811189815402,0.0651658922433853,0.052633136510849
,,,,,,,,,,,,,,,,,,,,,,
,,,,,,,,,,,,,,,,,,,,,,
,,,,,,,,,,,,,,,,,,,,,,
,,,,,,,,,,,,,,,,,,,,,,
,,,,,,,,,,,,,,,,,,,,,,
,,,,,,,,,,,,,,,,,,,,,,
,,,,,,,,,,,,,,,,,,,,,,
,,,,,,,,,,,,,,,,,,,,,,
,,,,,,,,,,,,,,,,,,,,,,
,,,,,,,,,,,,,,,,,,,,,,
,,,,,,,,,,,,,,,,,,,,,,
,,,,,,,,,,,,,,,,,,,,,,
,,,,,,,,,,,,,,,,,,,,,,
,,,,,,,,,,,,,,,,,,,,,,
,,,,,,,,,,,,,,,,,,,,,,
,,,,,,,,,,,,,,,,,,,,,,
,,,,,,,,,,,,,,,,,,,,,,
,,,,,,,,,,,,,,,,,,,,,,
,,,,,,,,,,,,,,,,,,,,,,
,,,,,,,,,,,,,,,,,,,,,,
,,,,,,,,,,,,,,,,,,,,,,
,,,,,,,,,,,,,,,,,,,,,,
,,,,,,,,,,,,,,,,,,,,,,
,,,,,,,,,,,,,,,,,,,,,,
,,,,,,,,,,,,,,,,,,,,,,
,,,,,,,,,,,,,,,,,,,,,,
,,,,,,,,,,,,,,,,,,,,,,
,,,,,,,,,,,,,,,,,,,,,,
,,,,,,,,,,,,,,,,,,,,,,
,,,,,,,,,,,,,,,,,,,,,,
,,,,,,,,,,,,,,,,,,,,,,
,,,,,,,,,,,,,,,,,,,,,,
,,,,,,,,,,,,,,,,,,,,,,
,,,,,,,,,,,,,,,,,,,,,,
,,,,,,,,,,,,,,,,,,,,,,
,,,,,,,,,,,,,,,,,,,,,,
,,,,,,,,,,,,,,,,,,,,,,
,,,,,,,,,,,,,,,,,,,,,,
,,,,,,,,,,,,,,,,,,,,,,
,,,,,,,,,,,,,,,,,,,,,,
,,,,,,,,,,,,,,,,,,,,,,
,,,,,,,,,,,,,,,,,,,,,,
,,,,,,,,,,,,,,,,,,,,,,
,,,,,,,,,,,,,,,,,,,,,,
,,,,,,,,,,,,,,,,,,,,,,
,,,,,,,,,,,,,,,,,,,,,,
,,,,,,,,,,,,,,,,,,,,,,
,,,,,,,,,,,,,,,,,,,,,,
,,,,,,,,,,,,,,,,,,,,,,
,,,,,,,,,,,,,,,,,,,,,,
,,,,,,,,,,,,,,,,,,,,,,
,,,,,,,,,,,,,,,,,,,,,,
,,,,,,,,,,,,,,,,,,,,,,
,,,,,,,,,,,,,,,,,,,,,,
,,,,,,,,,,,,,,,,,,,,,,
,,,,,,,,,,,,,,,,,,,,,,
,,,,,,,,,,,,,,,,,,,,,,
,,,,,,,,,,,,,,,,,,,,,,
,,,,,,,,,,,,,,,,,,,,,,
,,,,,,,,,,,,,,,,,,,,,,
,,,,,,,,,,,,,,,,,,,,,,
,,,,,,,,,,,,,,,,,,,,,,
,,,,,,,,,,,,,,,,,,,,,,
,,,,,,,,,,,,,,,,,,,,,,
1.0,qlstm_linear_enhanced_paper,original_3,mackey_1000,7.0,0.001,6.0,32.0,16.0,70.0,64.0,0.0019469759427011,0.0027357037179172,0.0353766307234764,0.0384063944220542,0.9850963354110718,0.9793100953102112,1349.0,2896.0,94593.2,0.0268164390905035,0.0253382232040166,0.0345391705632209
1.0,qlstm_linear_enhanced_paper,original_3,mackey_1000,7.0,0.001,6.0,32.0,16.0,140.0,64.0,0.0292037148028612,0.0195502210408449,0.1421027332544326,0.1174235120415687,0.7009231448173523,0.8454959988594055,1349.0,1255.0,43817.54,0.0586541849188506,0.0638284236192703,0.0543126761913299
1.0,qlstm_linear_enhanced_paper,original_1,mackey_1000,8.0,0.001,6.0,8.0,4.0,1.0,64.0,5.424058144853916e-06,6.372470124915708e-06,0.0018139401217922,0.0020283150952309,0.9999494552612304,0.9999513626098632,365.0,1547.0,8532.51,0.0035279316827654,0.0038215441163629,0.0029387932736426
1.0,qlstm_linear_enhanced_paper,original_1,mackey_1000,8.0,0.001,6.0,8.0,4.0,70.0,64.0,0.0339891389012336,0.024340346455574,0.1410591006278991,0.1216787174344062,0.623030424118042,0.8082091212272644,365.0,893.0,4597.73,0.0401748443643252,0.0343259423971176,0.0448313057422637
1.0,qlstm_linear_enhanced_paper,original_1,mackey_1000,8.0,0.001,6.0,8.0,4.0,140.0,64.0,0.0522245541214942,0.0672292113304138,0.1943641901016235,0.2131671160459518,-0.1195529401302337,0.2145280838012695,365.0,412.0,2107.06,0.0651708833045429,0.0673529058694839,0.0528371296823024
1.0,qlstm_linear_enhanced_paper,original_1,mackey_1000,8.0,0.001,6.0,8.0,8.0,1.0,64.0,6.602751909667859e-06,7.480819022021023e-06,0.0020114593207836,0.0022216627839952,0.9999367594718932,0.9999423623085022,365.0,1561.0,17004.9,0.0038786772405728,0.0040294253267347,0.0032089226879179
1.0,qlstm_linear_enhanced_paper,original_1,mackey_1000,8.0,0.001,6.0,8.0,8.0,70.0,64.0,0.0313933417201042,0.0217779427766799,0.1383310556411743,0.1198068708181381,0.6667302846908569,0.8270217180252075,365.0,1391.0,14407.81,0.0309856699572669,0.0272102616727352,0.0359685979783535
1.0,qlstm_linear_enhanced_paper,original_1,mackey_1000,8.0,0.001,6.0,8.0,8.0,140.0,64.0,0.0290109012275934,0.032993908971548,0.1361913233995437,0.1496091932058334,0.667880654335022,0.7230414748191833,365.0,1604.0,14729.15,0.058383394498378,0.0656722486019134,0.052708052098751
1.0,qlstm_linear_enhanced_paper,original_1,mackey_1000,8.0,0.001,6.0,8.0,16.0,1.0,64.0,1.6852256976562785e-06,1.7113052308559418e-06,0.0010453764116391,0.0010246842866763,0.9999850392341614,0.9999869465827942,365.0,1734.0,39027.2,0.0050049902405589,0.0055871759541332,0.0041610007174313
1.0,qlstm_linear_enhanced_paper,original_1,mackey_1000,8.0,0.001,6.0,8.0,16.0,70.0,64.0,0.02289898134768,0.0165160503238439,0.1171241402626037,0.1062071770429611,0.7602503299713135,0.8706586360931396,365.0,1146.0,23487.98,0.0260977095199955,0.0248528197407722,0.0351226590573787
1.0,qlstm_linear_enhanced_paper,original_1,mackey_1000,8.0,0.001,6.0,8.0,16.0,140.0,64.0,0.02936901897192,0.0199544467031955,0.142668142914772,0.1143676117062568,0.6679151058197021,0.8398932814598083,365.0,1294.0,23714.55,0.0591014260426163,0.0643661171197891,0.0535233244299888
1.0,qlstm_linear_enhanced_paper,original_2,mackey_1000,8.0,0.001,6.0,8.0,4.0,1.0,64.0,5.599725682259304e-06,6.027688868925907e-06,0.00178281404078,0.0019386461935937,0.9999532103538512,0.9999534487724304,437.0,1215.0,9730.74,0.0022842892096377,0.0023486213758587,0.0019765347242355
1.0,qlstm_linear_enhanced_paper,original_2,mackey_1000,8.0,0.001,6.0,8.0,4.0,70.0,64.0,0.033476136624813,0.0245071928948164,0.138467788696289,0.1226318180561065,0.6334821581840515,0.8042482733726501,437.0,1007.0,7283.38,0.0344788605968157,0.0307156667113304,0.039654154330492
1.0,qlstm_linear_enhanced_paper,original_2,mackey_1000,8.0,0.001,6.0,8.0,4.0,140.0,64.0,0.0521646589040756,0.0672365501523017,0.1943281143903732,0.2132484316825866,0.4810665249824524,0.2456014901399612,437.0,453.0,3308.95,0.0652656224038865,0.0673829987645149,0.0524848960340023
1.0,qlstm_linear_enhanced_paper,original_2,mackey_1000,8.0,0.001,6.0,8.0,8.0,1.0,64.0,7.922036274976563e-06,9.28710142034106e-06,0.0022057960741221,0.0024284506216645,0.9999244809150696,0.9999287128448486,437.0,1205.0,19338.19,0.0028631800087168,0.0029120200779289,0.0024056646507233
1.0,qlstm_linear_enhanced_paper,original_2,mackey_1000,8.0,0.001,6.0,8.0,8.0,70.0,64.0,0.0324574075639247,0.0241354033350944,0.1408499330282211,0.1270995289087295,0.639039933681488,0.8073096871376038,437.0,581.0,8654.0,0.031488484599524,0.027107598260045,0.0375959649682045
1.0,qlstm_linear_enhanced_paper,original_2,mackey_1000,8.0,0.001,6.0,8.0,8.0,140.0,64.0,0.0331109352409839,0.0341165959835052,0.1458195149898529,0.1512111723423004,0.6140424609184265,0.7127187252044678,437.0,956.0,12626.45,0.0584709485992789,0.0658016055822372,0.0528408922255039
1.0,qlstm_linear_enhanced_paper,original_2,mackey_1000,8.0,0.001,6.0,8.0,16.0,1.0,64.0,1.7573545392224332e-06,3.1595361633662837e-06,0.0010697658872231,0.0013590938178822,0.9999839067459106,0.999976634979248,437.0,1262.0,41960.66,0.0017000340507365,0.001824177452363,0.0015035014366731
1.0,qlstm_linear_enhanced_paper,original_2,mackey_1000,8.0,0.001,6.0,8.0,16.0,70.0,64.0,0.0236338004469871,0.0131646478548645,0.1133797019720077,0.089318610727787,0.7596798539161682,0.8944889903068542,437.0,1462.0,43438.99,0.0273671634495258,0.0240102093666791,0.0388847813010215
1.0,qlstm_linear_enhanced_paper,original_2,mackey_1000,8.0,0.001,6.0,8.0,16.0,140.0,64.0,0.0361233204603195,0.0185658130794763,0.1570394784212112,0.1135620176792144,0.6094204783439636,0.8530728816986084,437.0,1171.0,31091.9,0.058883583638817,0.0638486668467521,0.0539804510772228
1.0,qlstm_linear_enhanced_paper,original_3,mackey_1000,8.0,0.001,6.0,8.0,4.0,1.0,64.0,5.6139365369745065e-06,6.998463959462242e-06,0.0018006224418058,0.0020754830911755,0.9999489188194276,0.9999468326568604,509.0,1338.0,13844.68,0.0012326897180173,0.0012975634308531,0.0010697422549128
1.0,qlstm_linear_enhanced_paper,original_3,mackey_1000,8.0,0.001,6.0,8.0,4.0,70.0,64.0,0.0339493602514267,0.0240790527313947,0.1387860029935836,0.1213334128260612,0.623593270778656,0.810585081577301,509.0,1011.0,9333.35,0.0366595161871777,0.0329216457903385,0.0416347980499267
1.0,qlstm_linear_enhanced_paper,original_3,mackey_1000,8.0,0.001,6.0,8.0,4.0,140.0,64.0,0.0522297360002994,0.0670326352119445,0.1944287717342376,0.2131902873516082,-0.1421857178211212,0.1990315914154052,509.0,413.0,3909.95,0.0651844346688853,0.0672206431627273,0.0529265962541103
1.0,qlstm_linear_enhanced_paper,original_3,mackey_1000,8.0,0.001,6.0,8.0,8.0,1.0,64.0,8.892215191735886e-06,9.346032129542436e-06,0.0023427414707839,0.002533882856369,0.9999160766601562,0.9999284744262696,509.0,1000.0,20894.82,0.0003209502727258,0.0003583006910048,0.0002853836631402
1.0,qlstm_linear_enhanced_paper,original_3,mackey_1000,8.0,0.001,6.0,8.0,8.0,70.0,64.0,0.0322306044399738,0.0223266035318374,0.1392634510993957,0.1181491762399673,0.6504208445549011,0.8227149844169617,509.0,649.0,12670.12,0.0304820001539256,0.026683771982789,0.035338781774044
1.0,qlstm_linear_enhanced_paper,original_3,mackey_1000,8.0,0.001,6.0,8.0,8.0,140.0,64.0,0.028867969289422,0.0312424879521131,0.1388515681028366,0.1444695144891739,0.6724762320518494,0.7393333315849304,509.0,1106.0,18785.61,0.0584966279566288,0.0657252669334411,0.0529810264706611
1.0,qlstm_linear_enhanced_paper,original_3,mackey_1000,8.0,0.001,6.0,8.0,16.0,1.0,64.0,1.50237883644877e-06,1.6183430489036257e-06,0.0010196197545155,0.000994217232801,0.9999885559082032,0.9999877214431764,509.0,1521.0,61772.84,0.0008638127124868,0.0009401675197295,0.0007878296310082
1.0,qlstm_linear_enhanced_paper,original_3,mackey_1000,8.0,0.001,6.0,8.0,16.0,70.0,64.0,0.0110491197556257,0.0088124461472034,0.0820577219128608,0.0759391859173774,0.8982689380645752,0.931038737297058,509.0,959.0,37012.64,0.025854869849152,0.0248938649892807,0.0348417945206165
1.0,qlstm_linear_enhanced_paper,original_3,mackey_1000,8.0,0.001,6.0,8.0,16.0,140.0,64.0,0.0308782681822776,0.0183525271713733,0.1475663483142852,0.1132660955190658,0.6629905700683594,0.8514729738235474,509.0,660.0,23214.59,0.0393263730220496,0.0435784123837947,0.0301132574677467
1.0,qlstm_linear_enhanced_paper,original_1,mackey_1000,8.0,0.001,6.0,16.0,4.0,1.0,64.0,9.007389962789604e-06,1.2051930752932094e-05,0.0023950587492436,0.0027709752321243,0.9999141097068788,0.9999105930328368,645.0,1338.0,7210.05,0.0039801848120987,0.0042247748933732,0.003397446591407
1.0,qlstm_linear_enhanced_paper,original_1,mackey_1000,8.0,0.001,6.0,16.0,4.0,70.0,64.0,0.0347429737448692,0.0243264362215995,0.1403286904096603,0.1203731298446655,0.6235665678977966,0.8091561794281006,645.0,778.0,3976.65,0.036653292675813,0.0323760025203228,0.0416168235242366
1.0,qlstm_linear_enhanced_paper,original_1,mackey_1000,8.0,0.001,6.0,16.0,4.0,140.0,64.0,0.0523804053664207,0.0672054141759872,0.1945128738880157,0.2130265086889267,-0.2632400393486023,0.0835409834980964,645.0,410.0,2094.07,0.0649647261533472,0.0674228444695472,0.0531293675303459
1.0,qlstm_linear_enhanced_paper,original_1,mackey_1000,8.0,0.001,6.0,16.0,8.0,1.0,64.0,9.056911039806437e-06,1.1969684237556066e-05,0.0023472141474485,0.0027777755167335,0.9999139904975892,0.9999099373817444,645.0,1067.0,11993.44,0.0022841701633296,0.0023313434794545,0.0019183688564226
1.0,qlstm_linear_enhanced_paper,original_1,mackey_1000,8.0,0.001,6.0,16.0,8.0,70.0,64.0,0.0345448516309261,0.023462064564228,0.1451144814491272,0.1235355213284492,0.6203038692474365,0.8113334774971008,645.0,932.0,9552.2,0.0311154274062977,0.0271428283303976,0.0366600379347801
1.0,qlstm_linear_enhanced_paper,original_1,mackey_1000,8.0,0.001,6.0,16.0,8.0,140.0,64.0,0.0394776165485382,0.0468380600214004,0.1511730551719665,0.1741742640733719,0.5395545959472656,0.6041833758354187,645.0,814.0,7449.69,0.0585045535117387,0.0658899322152137,0.0527678579092025
1.0,qlstm_linear_enhanced_paper,original_1,mackey_1000,8.0,0.001,6.0,16.0,16.0,1.0,64.0,4.256326064933091e-06,6.8017293415323365e-06,0.0015611450653523,0.0020198381971567,0.9999626874923706,0.9999479055404664,645.0,1181.0,26828.83,0.0008401351165957,0.0010205196449533,0.0007562281680293
1.0,qlstm_linear_enhanced_paper,original_1,mackey_1000,8.0,0.001,6.0,16.0,16.0,70.0,64.0,0.0052407262846827,0.0049371933564543,0.0573772676289081,0.05699148401618,0.957722544670105,0.9617122411727904,645.0,2450.0,49929.75,0.0262383164630995,0.0250826384872198,0.0350997149944305
1.0,qlstm_linear_enhanced_paper,original_1,mackey_1000,8.0,0.001,6.0,16.0,16.0,140.0,64.0,0.0294993482530117,0.0191783811897039,0.1429303884506225,0.1155336052179336,0.6770896911621094,0.845537006855011,645.0,1034.0,19527.26,0.0590696530416607,0.064317412674427,0.0535573549568653
1.0,qlstm_linear_enhanced_paper,original_2,mackey_1000,8.0,0.001,6.0,16.0,4.0,1.0,64.0,4.940004600939574e-06,5.501304713106947e-06,0.0016559099312871,0.0018292606109753,0.9999588131904602,0.999958038330078,717.0,975.0,7838.39,0.0013832305325195,0.0014367222320288,0.0011899279197677
1.0,qlstm_linear_enhanced_paper,original_2,mackey_1000,8.0,0.001,6.0,16.0,4.0,70.0,64.0,0.0346352234482765,0.0244838204234838,0.1391371488571167,0.1203679144382476,0.6183605194091797,0.8077853918075562,717.0,781.0,5726.17,0.0371648965196477,0.0334683172404766,0.0420434027910232
1.0,qlstm_linear_enhanced_paper,original_2,mackey_1000,8.0,0.001,6.0,16.0,4.0,140.0,64.0,0.0529024377465248,0.0665996447205543,0.1950162798166275,0.2122782170772552,-0.1787541508674621,0.1679174900054931,717.0,408.0,2928.57,0.0651926298936208,0.0669078528881073,0.0534186586737632
1.0,qlstm_linear_enhanced_paper,original_2,mackey_1000,8.0,0.001,6.0,16.0,8.0,1.0,64.0,6.5975382312899455e-06,8.123248335323296e-06,0.0020178235135972,0.0023215229157358,0.999941110610962,0.9999387264251708,717.0,1118.0,18368.86,0.0011239208804909,0.0011967737227678,0.0009283671970479
1.0,qlstm_linear_enhanced_paper,original_2,mackey_1000,8.0,0.001,6.0,16.0,8.0,70.0,64.0,0.0323745273053646,0.0212466269731521,0.1367802619934082,0.1144861206412315,0.6490772366523743,0.8331844806671143,717.0,775.0,11637.46,0.0306134521961212,0.0272274203598499,0.0351543761789798
1.0,qlstm_linear_enhanced_paper,original_2,mackey_1000,8.0,0.001,6.0,16.0,8.0,140.0,64.0,0.0303409695625305,0.032363623380661,0.1380892097949981,0.1480208486318588,0.6487537026405334,0.7337531447410583,717.0,1150.0,15616.34,0.05847511254251,0.0657996907830238,0.05279541015625
1.0,qlstm_linear_enhanced_paper,original_2,mackey_1000,8.0,0.001,6.0,16.0,16.0,1.0,64.0,4.702460500993766e-06,6.817571829742519e-06,0.0017432763706892,0.0020541797857731,0.9999549388885498,0.9999481439590454,717.0,1176.0,38704.49,0.0003104342191363,0.0003338861279189,0.0002777829940896
1.0,qlstm_linear_enhanced_paper,original_2,mackey_1000,8.0,0.001,6.0,16.0,16.0,70.0,64.0,0.0065450118854641,0.0042329467833042,0.0587618425488472,0.0455837026238441,0.937762439250946,0.967532515525818,717.0,2178.0,64603.89,0.0264210376060671,0.0252089109271764,0.0352759845554828
1.0,qlstm_linear_enhanced_paper,original_2,mackey_1000,8.0,0.001,6.0,16.0,16.0,140.0,64.0,0.0298567898571491,0.0194293037056922,0.1451204717159271,0.1150858029723167,0.6711216568946838,0.8501191735267639,717.0,1224.0,33411.79,0.0588718387298285,0.0638224780559539,0.0537499971687793
1.0,qlstm_linear_enhanced_paper,original_3,mackey_1000,8.0,0.001,6.0,16.0,4.0,1.0,64.0,4.949829872202827e-06,6.400273832696257e-06,0.0017281420296058,0.0020133014768362,0.9999530911445618,0.9999513626098632,789.0,1124.0,11753.23,0.0021484405733644,0.0022268663160502,0.0018733917968347
1.0,qlstm_linear_enhanced_paper,original_3,mackey_1000,8.0,0.001,6.0,16.0,4.0,70.0,64.0,0.0353058651089668,0.0242413748055696,0.1415198445320129,0.1193214505910873,0.6186037659645081,0.8099742531776428,789.0,744.0,7212.64,0.0357244759798049,0.0331525169312953,0.0402476489543914
1.0,qlstm_linear_enhanced_paper,original_3,mackey_1000,8.0,0.001,6.0,16.0,4.0,140.0,64.0,0.0523904077708721,0.0669037699699401,0.1945431679487228,0.2129240930080413,-0.1608545929193496,0.1830817461013794,789.0,407.0,3954.24,0.0652337301936414,0.0671263709664344,0.0531424582004547
1.0,qlstm_linear_enhanced_paper,original_3,mackey_1000,8.0,0.001,6.0,16.0,8.0,1.0,64.0,1.1140549759147689e-05,1.1581353646761272e-05,0.002718330360949,0.0028209888841956,0.9998919367790222,0.9999109506607056,789.0,935.0,20042.96,0.0003064972537686,0.0003326096048112,0.0002993851958308
1.0,qlstm_linear_enhanced_paper,original_3,mackey_1000,8.0,0.001,6.0,16.0,8.0,70.0,64.0,0.0326324701309204,0.0233855359256267,0.1419487446546554,0.1249240785837173,0.6361979842185974,0.8158037066459656,789.0,792.0,15743.24,0.0305572785437107,0.0268338117748498,0.0363362841308116
1.0,qlstm_linear_enhanced_paper,original_3,mackey_1000,8.0,0.001,6.0,16.0,8.0,140.0,64.0,0.0305497515946626,0.0333806835114955,0.1392980217933654,0.1506630331277847,0.6489133834838867,0.7165722846984863,789.0,1343.0,23238.49,0.058192303404212,0.0649244338274002,0.0530439913272857
1.0,qlstm_linear_enhanced_paper,original_3,mackey_1000,8.0,0.001,6.0,16.0,16.0,1.0,64.0,2.8157553515484324e-06,4.356774752523052e-06,0.0013929306296631,0.0016644420102238,0.9999728798866272,0.9999668598175048,789.0,909.0,38878.73,0.000554858893156,0.0006007287884131,0.0004997975192964
1.0,qlstm_linear_enhanced_paper,original_3,mackey_1000,8.0,0.001,6.0,16.0,16.0,70.0,64.0,0.0019632044713944,0.0020756651647388,0.0323940105736255,0.0343400686979293,0.9841476678848268,0.984620213508606,789.0,2435.0,84015.79,0.0263116978522804,0.0248669125139713,0.0356873571872711
1.0,qlstm_linear_enhanced_paper,original_3,mackey_1000,8.0,0.001,6.0,16.0,16.0,140.0,64.0,0.0288280397653579,0.020771874114871,0.1466290205717086,0.114631786942482,0.6759975552558899,0.8368173837661743,789.0,1404.0,49582.07,0.0572892953641712,0.060479711741209,0.0534171722829341
1.0,qlstm_linear_enhanced_paper,original_1,mackey_1000,8.0,0.001,6.0,32.0,4.0,1.0,64.0,5.761700776929501e-06,6.658102392975707e-06,0.0018374554347246,0.0020632825326174,0.999948799610138,0.9999496340751648,1205.0,1173.0,6491.79,0.0024653736501932,0.0025742002762854,0.0021145537029951
1.0,qlstm_linear_enhanced_paper,original_1,mackey_1000,8.0,0.001,6.0,32.0,4.0,70.0,64.0,0.0336272418498992,0.0244030132889747,0.1385665833950042,0.1214483901858329,0.6353227496147156,0.8048571348190308,1205.0,976.0,4973.18,0.0416079939653476,0.03623678535223,0.0451807864010334
1.0,qlstm_linear_enhanced_paper,original_1,mackey_1000,8.0,0.001,6.0,32.0,4.0,140.0,64.0,0.0521901696920394,0.067238338291645,0.1943680346012115,0.2132511734962463,-0.0965640619397163,0.2362007945775985,1205.0,406.0,2055.24,0.0648285200198491,0.0675209015607833,0.0533946342766284
1.0,qlstm_linear_enhanced_paper,original_1,mackey_1000,8.0,0.001,6.0,32.0,8.0,1.0,64.0,5.392481853050413e-06,7.246920176839922e-06,0.0018011376960203,0.002112619113177,0.999952495098114,0.9999443292617798,1205.0,1203.0,13601.5,0.0003927488083718,0.0004262726288288,0.0003513374540489
1.0,qlstm_linear_enhanced_paper,original_1,mackey_1000,8.0,0.001,6.0,32.0,8.0,70.0,64.0,0.0279546435922384,0.0210807379335165,0.1310240477323532,0.1170141100883483,0.700254499912262,0.8314521312713623,1205.0,1546.0,15862.51,0.0307651155938704,0.0270771905779838,0.0358563959598541
1.0,qlstm_linear_enhanced_paper,original_1,mackey_1000,8.0,0.001,6.0,32.0,8.0,140.0,64.0,0.0250140186399221,0.0264736339449882,0.1370971053838729,0.1324062645435333,0.7199828624725342,0.7785717844963074,1205.0,1994.0,18459.43,0.05851268209517,0.0659120306372642,0.0527168400585651
1.0,qlstm_linear_enhanced_paper,original_1,mackey_1000,8.0,0.001,6.0,32.0,16.0,1.0,64.0,9.353876521345228e-06,1.2986990441277158e-05,0.002480715047568,0.0029790822882205,0.9999110102653505,0.999902069568634,1205.0,1075.0,24594.03,0.0004758208116982,0.000506360491272,0.0004063991364091
1.0,qlstm_linear_enhanced_paper,original_1,mackey_1000,8.0,0.001,6.0,32.0,16.0,70.0,64.0,0.0015356466174125,0.0018100223969668,0.0302283931523561,0.0332638435065746,0.985865354537964,0.98626708984375,1205.0,3427.0,66500.74,0.0264663298924764,0.02529320679605,0.0351610295474529
1.0,qlstm_linear_enhanced_paper,original_1,mackey_1000,8.0,0.001,6.0,32.0,16.0,140.0,64.0,0.0301141124218702,0.0238688942044973,0.1468576192855835,0.1255551874637603,0.6650402545928955,0.8076825141906738,1205.0,1048.0,10752.83,0.0583253148943185,0.0628886520862579,0.0529779382050037
1.0,qlstm_linear_enhanced_paper,original_2,mackey_1000,8.0,0.001,6.0,32.0,4.0,1.0,64.0,7.6283549788058735e-06,8.083079592324793e-06,0.0021786896977573,0.0022177568171173,0.9999330639839172,0.9999374747276306,1277.0,798.0,3424.22,0.0029762351186946,0.003078645793721,0.0025751050561666
1.0,qlstm_linear_enhanced_paper,original_2,mackey_1000,8.0,0.001,6.0,32.0,4.0,70.0,64.0,0.034585814923048,0.0244127921760082,0.138883963227272,0.1201289594173431,0.6181379556655884,0.8080719709396362,1277.0,825.0,3250.74,0.0400052906738387,0.0347442775964736,0.0444725193083286
1.0,qlstm_linear_enhanced_paper,original_2,mackey_1000,8.0,0.001,6.0,32.0,4.0,140.0,64.0,0.0522735826671123,0.0670012831687927,0.1943142414093017,0.212883859872818,-0.0955388844013214,0.2429217100143432,1277.0,407.0,1577.69,0.0648692862855063,0.0673541948199272,0.053410243242979
1.0,qlstm_linear_enhanced_paper,original_2,mackey_1000,8.0,0.001,6.0,32.0,8.0,1.0,64.0,5.2101800065429416e-06,5.688462351827184e-06,0.0017494646599516,0.0018632133724167,0.9999558925628662,0.9999563694000244,1277.0,955.0,8456.11,0.000375656428514,0.0004244163283146,0.000323678163113
1.0,qlstm_linear_enhanced_paper,original_2,mackey_1000,8.0,0.001,6.0,32.0,8.0,70.0,64.0,0.0344078876078128,0.0245785117149353,0.1455301195383072,0.1259394884109497,0.6133962869644165,0.8062748908996582,1277.0,574.0,4646.17,0.0306822914216253,0.0269115567207336,0.03589703515172
1.0,qlstm_linear_enhanced_paper,original_2,mackey_1000,8.0,0.001,6.0,32.0,8.0,140.0,64.0,0.0305920727550983,0.0314560607075691,0.1412178426980972,0.1453861743211746,0.6482381820678711,0.7378113865852356,1277.0,889.0,6574.36,0.0584550644271075,0.0657177790999412,0.0528012663125991
1.0,qlstm_linear_enhanced_paper,original_2,mackey_1000,8.0,0.001,6.0,32.0,16.0,1.0,64.0,2.1600826585199684e-06,3.064660631935112e-06,0.0011911977780982,0.0013734424719586,0.999980330467224,0.999976396560669,1277.0,1082.0,20160.95,0.0005765232257544,0.0006419106503017,0.0004845532821491
1.0,qlstm_linear_enhanced_paper,original_2,mackey_1000,8.0,0.001,6.0,32.0,16.0,70.0,64.0,0.0237913895398378,0.0136173227801918,0.1178137362003326,0.088705874979496,0.7663862705230713,0.8911575675010681,1277.0,812.0,13674.31,0.026324688974354,0.0253705587238073,0.0349398404359817
1.0,qlstm_linear_enhanced_paper,original_2,mackey_1000,8.0,0.001,6.0,32.0,16.0,140.0,64.0,0.0326592475175857,0.0190709307789802,0.1513926088809967,0.110367327928543,0.6284635663032532,0.8523334860801697,1277.0,1220.0,18077.97,0.0588548616506159,0.0637533292174339,0.0537315011024475
1.0,qlstm_linear_enhanced_paper,original_3,mackey_1000,8.0,0.001,6.0,32.0,4.0,1.0,64.0,5.739901098422706e-06,5.091101229481865e-06,0.0018165316432714,0.0017893152544274,0.9999563097953796,0.9999611973762512,1349.0,887.0,5023.86,0.0013104906654916,0.001359186717309,0.0011083667632192
1.0,qlstm_linear_enhanced_paper,original_3,mackey_1000,8.0,0.001,6.0,32.0,4.0,70.0,64.0,0.034058466553688,0.024546468630433,0.1406557261943817,0.1220123693346977,0.6252518892288208,0.806036651134491,1349.0,788.0,4103.45,0.0369436846425135,0.0331823378801345,0.0417614504694938
1.0,qlstm_linear_enhanced_paper,original_3,mackey_1000,8.0,0.001,6.0,32.0,4.0,140.0,64.0,0.0517001114785671,0.066809743642807,0.1935310959815979,0.2128257751464843,0.4770253598690033,0.524924099445343,1349.0,406.0,2037.85,0.0647840814457999,0.0674670562148094,0.0532011315226554
1.0,qlstm_linear_enhanced_paper,original_3,mackey_1000,8.0,0.001,6.0,32.0,8.0,1.0,64.0,4.897488452115795e-06,5.206021342019085e-06,0.0017782698851078,0.0018697916530072,0.9999520778656006,0.9999605417251588,1349.0,1084.0,12557.37,0.0005527268600417,0.0006042300374247,0.0005131164216436
1.0,qlstm_linear_enhanced_paper,original_3,mackey_1000,8.0,0.001,6.0,32.0,8.0,70.0,64.0,0.0307291075587272,0.0226668268442153,0.1367667913436889,0.1233261227607727,0.66121906042099,0.8196967244148254,1349.0,897.0,9454.97,0.0306147957841555,0.0267249923199415,0.0360331758856773
1.0,qlstm_linear_enhanced_paper,original_3,mackey_1000,8.0,0.001,6.0,32.0,8.0,140.0,64.0,0.0305441506206989,0.0329466350376606,0.1398151069879531,0.1483959555625915,0.6467226147651672,0.7203652262687683,1349.0,996.0,9483.32,0.0584208848886191,0.0656173005700111,0.0528753846883773
1.0,qlstm_linear_enhanced_paper,original_3,mackey_1000,8.0,0.001,6.0,32.0,16.0,1.0,64.0,1.438620984117733e-06,1.5009424032541574e-06,0.0009511302341707,0.0009551528492011,0.9999898672103882,0.9999885559082032,1349.0,1026.0,24157.85,0.0005324040481355,0.0005666583892889,0.0004816384753212
1.0,qlstm_linear_enhanced_paper,original_3,mackey_1000,8.0,0.001,6.0,32.0,16.0,70.0,64.0,0.0043409136123955,0.0031128565315157,0.0500959269702434,0.0437922440469265,0.96545147895813,0.9759599566459656,1349.0,2045.0,44011.89,0.0265514525688356,0.0255669113248586,0.0349490828812122
1.0,qlstm_linear_enhanced_paper,original_3,mackey_1000,8.0,0.001,6.0,32.0,16.0,140.0,64.0,0.0292724575847387,0.0212160348892211,0.1444582790136337,0.1171986758708953,0.6707471013069153,0.8286660313606262,1349.0,981.0,19257.97,0.0589485019445419,0.0639825314283371,0.0535950362682342
1.0,qlstm_linear_enhanced_paper,original_1,mackey_1000,9.0,0.001,6.0,8.0,4.0,1.0,64.0,9.831566785578616e-06,1.1538093531271444e-05,0.0024875914677977,0.0026899599470198,0.999910295009613,0.9999120831489564,365.0,987.0,2917.95,0.0018054195796139,0.0017741909250617,0.00149058829993
1.0,qlstm_linear_enhanced_paper,original_1,mackey_1000,9.0,0.001,6.0,8.0,4.0,70.0,64.0,0.0341672077775001,0.0249043796211481,0.1394932717084884,0.1224908903241157,0.6177199482917786,0.8074558973312378,365.0,936.0,2579.48,0.0413460793594519,0.0352725684642791,0.0459943227469921
1.0,qlstm_linear_enhanced_paper,original_1,mackey_1000,9.0,0.001,6.0,8.0,4.0,140.0,64.0,0.0521734245121479,0.0672513470053672,0.1943825632333755,0.2133190333843231,-0.1387452483177185,-0.0722153410315513,365.0,406.0,1068.7,0.051991239720438,0.0677729398012161,0.0538341403007507
1.0,qlstm_linear_enhanced_paper,original_1,mackey_1000,9.0,0.001,6.0,8.0,8.0,1.0,64.0,5.754168341809418e-06,6.052124717825791e-06,0.0019246966112405,0.00203274236992,0.9999440908432008,0.9999536871910096,365.0,1203.0,13493.12,0.0014613158302381,0.0014720398467034,0.001206825254485
1.0,qlstm_linear_enhanced_paper,original_1,mackey_1000,9.0,0.001,6.0,8.0,8.0,70.0,64.0,0.0288040824234485,0.0227682702243328,0.132183089852333,0.1216569393873214,0.6927908658981323,0.8166464567184448,365.0,1646.0,9236.09,0.0366174572457869,0.0312896408140659,0.043684896081686
1.0,qlstm_linear_enhanced_paper,original_1,mackey_1000,9.0,0.001,6.0,8.0,8.0,140.0,64.0,0.0305363982915878,0.0308661721646785,0.13940991461277,0.1436303406953811,0.6504209637641907,0.7480832934379578,365.0,2748.0,24989.02,0.058507902547717,0.0657981112599372,0.0528714321553707
1.0,qlstm_linear_enhanced_paper,original_1,mackey_1000,9.0,0.001,6.0,8.0,16.0,1.0,64.0,1.4656601479146047e-06,3.143673438898986e-06,0.0009733908809721,0.0013530038995668,0.999986171722412,0.9999761581420898,365.0,1448.0,32501.31,0.0018487933324649,0.0019961204379796,0.0016011387342587
1.0,qlstm_linear_enhanced_paper,original_1,mackey_1000,9.0,0.001,6.0,8.0,16.0,70.0,64.0,0.0027752553578466,0.0027696401812136,0.0398647002875804,0.0429146140813827,0.9755976796150208,0.9795588850975036,365.0,3993.0,45194.37,0.0337352510541677,0.0295300986617803,0.0423215888440609
1.0,qlstm_linear_enhanced_paper,original_1,mackey_1000,9.0,0.001,6.0,8.0,16.0,140.0,64.0,0.0292847137898206,0.0206559207290411,0.1435904800891876,0.1170492693781852,0.6695592999458313,0.8320748209953308,365.0,1675.0,31044.83,0.0588209442794323,0.0643507465720176,0.0535662733018398
1.0,qlstm_linear_enhanced_paper,original_2,mackey_1000,9.0,0.001,6.0,8.0,4.0,1.0,64.0,6.097407549532363e-06,6.917228802194586e-06,0.0018635544693097,0.0020722323097288,0.9999461770057678,0.9999467134475708,437.0,1205.0,5085.96,0.0024327315273694,0.0024515120312571,0.0019657430239021
1.0,qlstm_linear_enhanced_paper,original_2,mackey_1000,9.0,0.001,6.0,8.0,4.0,70.0,64.0,0.0337393730878829,0.0241998676210641,0.1333904564380645,0.1194108724594116,0.6285881400108337,0.810088038444519,437.0,752.0,2959.06,0.0379700275758902,0.0326136089861393,0.0431402623653411
1.0,qlstm_linear_enhanced_paper,original_2,mackey_1000,9.0,0.001,6.0,8.0,4.0,140.0,64.0,0.0520886480808258,0.0672347545623779,0.1943532079458236,0.2134724706411361,0.0494262762367725,0.0864940360188484,437.0,411.0,3081.51,0.0519505307828593,0.0677195787429809,0.0537661612033844
1.0,qlstm_linear_enhanced_paper,original_2,mackey_1000,9.0,0.001,6.0,8.0,8.0,1.0,64.0,5.74488421989372e-06,6.160593784443336e-06,0.0018464246531948,0.0019762569572776,0.9999458193778992,0.9999528527259828,437.0,1589.0,13917.31,0.0021843055263161,0.0022449109237641,0.0018045169999822
1.0,qlstm_linear_enhanced_paper,original_2,mackey_1000,9.0,0.001,6.0,8.0,8.0,70.0,64.0,0.0223054215312004,0.0195149239152669,0.1149824261665344,0.1141932532191276,0.7755069136619568,0.8413743376731873,437.0,1669.0,13620.69,0.0382128107464975,0.033376146107912,0.0423346757888793
1.0,qlstm_linear_enhanced_paper,original_2,mackey_1000,9.0,0.001,6.0,8.0,8.0,140.0,64.0,0.030259184539318,0.0354695953428745,0.1383706182241439,0.1552027463912964,0.6529201865196228,0.6954917907714844,437.0,1305.0,9503.87,0.0585167105309665,0.0657181143760681,0.0529395416378974
1.0,qlstm_linear_enhanced_paper,original_2,mackey_1000,9.0,0.001,6.0,8.0,16.0,1.0,64.0,1.5510319144595996e-06,2.554428647272289e-06,0.0009459638386033,0.0012187741231173,0.9999878406524658,0.9999811053276062,437.0,1235.0,22170.18,0.0015240771579556,0.0016858043381944,0.0012109891977161
1.0,qlstm_linear_enhanced_paper,original_2,mackey_1000,9.0,0.001,6.0,8.0,16.0,70.0,64.0,0.0210940148681402,0.0100975558161735,0.1168320477008819,0.0812797248363494,0.7791368961334229,0.9227336645126344,437.0,1284.0,38383.83,0.0279445904824468,0.0251018106937408,0.0380516573786735
1.0,qlstm_linear_enhanced_paper,original_2,mackey_1000,9.0,0.001,6.0,8.0,16.0,140.0,64.0,0.0320192612707614,0.0213934332132339,0.1468258500099182,0.1209751814603805,0.6405344605445862,0.8255541920661926,437.0,852.0,23335.47,0.0579298199154436,0.0626971945166587,0.0536850802600383
1.0,qlstm_linear_enhanced_paper,original_3,mackey_1000,9.0,0.001,6.0,8.0,4.0,1.0,64.0,5.314000190992374e-06,7.097643447195878e-06,0.001767941750586,0.0021819737739861,0.9999538660049438,0.9999454021453856,509.0,1288.0,13882.58,0.0018455903395079,0.0018452988006174,0.0015390536282211
1.0,qlstm_linear_enhanced_paper,original_3,mackey_1000,9.0,0.001,6.0,8.0,4.0,70.0,64.0,0.0341060385107994,0.0241987816989421,0.1387517154216766,0.120119571685791,0.6241163015365601,0.8094688653945923,509.0,774.0,3999.03,0.0347096781349844,0.0306056514382362,0.0402611531317234
1.0,qlstm_linear_enhanced_paper,original_3,mackey_1000,9.0,0.001,6.0,8.0,4.0,140.0,64.0,0.0523493662476539,0.0670205056667327,0.1944991946220398,0.2130359560251236,-0.169483333826065,0.1733368784189224,509.0,409.0,2088.64,0.0518753490954016,0.0674665123224258,0.0538690350949764
1.0,qlstm_linear_enhanced_paper,original_3,mackey_1000,9.0,0.001,6.0,8.0,8.0,1.0,64.0,6.73498607284273e-06,7.564138286397792e-06,0.0019323367159813,0.0021164882928133,0.9999398589134216,0.9999417662620544,509.0,1024.0,22412.39,0.0002806524062179,0.0003113687271252,0.0002544756571296
1.0,qlstm_linear_enhanced_paper,original_3,mackey_1000,9.0,0.001,6.0,8.0,8.0,70.0,64.0,0.0307401251047849,0.022273926064372,0.1361751109361648,0.1189755052328109,0.666774332523346,0.8219442963600159,509.0,947.0,10198.78,0.0306598316464159,0.0266683232039213,0.0355042144656181
1.0,qlstm_linear_enhanced_paper,original_3,mackey_1000,9.0,0.001,6.0,8.0,8.0,140.0,64.0,0.0278847701847553,0.0306311883032321,0.1358601152896881,0.1435707360506057,0.6836674809455872,0.7505260109901428,509.0,1910.0,33650.64,0.0584206404164433,0.0655340179800987,0.0528314150869846
1.0,qlstm_linear_enhanced_paper,original_3,mackey_1000,9.0,0.001,6.0,8.0,16.0,1.0,64.0,5.766317372035701e-06,6.645637768087909e-06,0.0018485512118786,0.0020809648558497,0.9999518990516664,0.9999494552612304,509.0,997.0,23919.11,0.0007385916484054,0.0008460896788164,0.0005700385663658
1.0,qlstm_linear_enhanced_paper,original_3,mackey_1000,9.0,0.001,6.0,8.0,16.0,70.0,64.0,0.024528557434678,0.0140979550778865,0.123779185116291,0.095084011554718,0.7511729001998901,0.8869336247444153,509.0,1291.0,50223.31,0.026767984446552,0.0250931680202484,0.0359633304178714
1.0,qlstm_linear_enhanced_paper,original_3,mackey_1000,9.0,0.001,6.0,8.0,16.0,140.0,64.0,0.0333236418664455,0.0208449549973011,0.1460440456867218,0.123266763985157,0.6306893825531006,0.8302124738693237,509.0,897.0,17522.84,0.0587694989517331,0.0640167370438575,0.0540254637598991
1.0,qlstm_linear_enhanced_paper,original_1,mackey_1000,9.0,0.001,6.0,16.0,4.0,1.0,64.0,7.238125363073777e-06,9.969615348381922e-06,0.0021721753291785,0.0025625512935221,0.9999305605888368,0.9999236464500428,645.0,1242.0,3676.72,0.0018285405356436,0.0018070137593895,0.0015092495596036
1.0,qlstm_linear_enhanced_paper,original_1,mackey_1000,9.0,0.001,6.0,16.0,4.0,70.0,64.0,0.0335184186697006,0.024392670020461,0.1363471001386642,0.1216821521520614,0.6269710063934326,0.8091825842857361,645.0,1171.0,3176.78,0.0365974052498737,0.0313254594802856,0.0415909178555011
1.0,qlstm_linear_enhanced_paper,original_1,mackey_1000,9.0,0.001,6.0,16.0,4.0,140.0,64.0,0.0521053597331047,0.0672329440712928,0.1944540143013,0.2135845720767974,-0.2260278165340423,0.0824950635433197,645.0,404.0,1090.71,0.0519907508148915,0.0677268430590629,0.0539157278835773
1.0,qlstm_linear_enhanced_paper,original_1,mackey_1000,9.0,0.001,6.0,16.0,8.0,1.0,64.0,1.194147171190707e-05,1.539420372864697e-05,0.0027465482708066,0.0030710166320204,0.9998910427093506,0.9998816847801208,645.0,1328.0,8007.49,0.0021553410217165,0.0021834962535649,0.0018062621820718
1.0,qlstm_linear_enhanced_paper,original_1,mackey_1000,9.0,0.001,6.0,16.0,8.0,70.0,64.0,0.0319983698427677,0.0217659678310155,0.1401162594556808,0.1192403957247734,0.6566177606582642,0.8267461657524109,645.0,1026.0,5738.1,0.0353235720346371,0.0298870746046304,0.0421658493578434
1.0,qlstm_linear_enhanced_paper,original_1,mackey_1000,9.0,0.001,6.0,16.0,8.0,140.0,64.0,0.0371232293546199,0.0401584953069686,0.1485879868268966,0.1651850640773773,0.5472239851951599,0.628410279750824,645.0,1111.0,5616.38,0.0584970829077065,0.0660001561045646,0.052570030093193
1.0,qlstm_linear_enhanced_paper,original_1,mackey_1000,9.0,0.001,6.0,16.0,16.0,1.0,64.0,4.267043550498784e-06,4.802114744961727e-06,0.0017006238922476,0.0018323397962376,0.9999584555625916,0.999963104724884,645.0,1397.0,17448.97,0.0005340040137525,0.0005562745500355,0.0004680624988395
1.0,qlstm_linear_enhanced_paper,original_1,mackey_1000,9.0,0.001,6.0,16.0,16.0,70.0,64.0,0.0004538501088973,0.0006389775662682,0.0170547310262918,0.0204210691154003,0.9962071776390076,0.995403289794922,645.0,5344.0,59930.31,0.0266351401805877,0.0259715169668197,0.0344387181103229
1.0,qlstm_linear_enhanced_paper,original_1,mackey_1000,9.0,0.001,6.0,16.0,16.0,140.0,64.0,0.0305148810148239,0.0226665455847978,0.1447616517543792,0.125575765967369,0.6547207832336426,0.8108654618263245,645.0,1304.0,13382.6,0.0587784117087721,0.0643344298005104,0.0534382537007331
1.0,qlstm_linear_enhanced_paper,original_2,mackey_1000,9.0,0.001,6.0,16.0,4.0,1.0,64.0,6.7362984736973885e-06,7.79588572186185e-06,0.0019518125336617,0.0023319541942328,0.9999468922615052,0.9999401569366456,717.0,1030.0,4434.1,0.0019626364228315,0.0019460910698398,0.0015701132360845
1.0,qlstm_linear_enhanced_paper,original_2,mackey_1000,9.0,0.001,6.0,16.0,4.0,70.0,64.0,0.0337756872177124,0.0249070897698402,0.1355895847082138,0.1247323304414749,0.6232540607452393,0.8054991364479065,717.0,799.0,3085.27,0.0395579789247777,0.0335205420851707,0.0444888621568679
1.0,qlstm_linear_enhanced_paper,original_2,mackey_1000,9.0,0.001,6.0,16.0,4.0,140.0,64.0,0.0526295825839042,0.0668104290962219,0.1949564069509506,0.2129516005516052,-0.199569821357727,0.1494451165199279,717.0,403.0,1583.6,0.0518947274669901,0.0673245638608932,0.0541787184774875
1.0,qlstm_linear_enhanced_paper,original_2,mackey_1000,9.0,0.001,6.0,16.0,8.0,1.0,64.0,3.324374574731337e-06,4.190795152680948e-06,0.0013977678027004,0.0015860750572755,0.9999702572822572,0.9999682307243348,717.0,1582.0,25594.29,0.0014112005243077,0.0014661087188869,0.0011471426114439
1.0,qlstm_linear_enhanced_paper,original_2,mackey_1000,9.0,0.001,6.0,16.0,8.0,70.0,64.0,0.0324779227375984,0.0230919569730758,0.1398112475872039,0.1211674287915229,0.6508450508117676,0.81307053565979,717.0,841.0,6794.74,0.030986387696531,0.0277009196579456,0.0354921333491802
1.0,qlstm_linear_enhanced_paper,original_2,mackey_1000,9.0,0.001,6.0,16.0,8.0,140.0,64.0,0.0297430884093046,0.0320822075009346,0.1373618990182876,0.1474125236272812,0.6573130488395691,0.7257189154624939,717.0,1317.0,18026.26,0.0584341255016624,0.0656468346714973,0.0528703369200229
1.0,qlstm_linear_enhanced_paper,original_2,mackey_1000,9.0,0.001,6.0,16.0,16.0,1.0,64.0,7.581365366604587e-07,1.2559512470033951e-06,0.0006992410053499,0.0008694704738445,0.9999926686286926,0.9999904036521912,717.0,1606.0,51380.23,0.0011759607703424,0.0013478493783622,0.0008663947228342
1.0,qlstm_linear_enhanced_paper,original_2,mackey_1000,9.0,0.001,6.0,16.0,16.0,70.0,64.0,0.0071698552928864,0.0048480569384992,0.065444104373455,0.0543532818555831,0.939006507396698,0.9631857872009276,717.0,2046.0,60601.83,0.0261008333828714,0.0249244794249534,0.034844696521759
1.0,qlstm_linear_enhanced_paper,original_2,mackey_1000,9.0,0.001,6.0,16.0,16.0,140.0,64.0,0.029721226543188,0.0195895954966545,0.1449617147445678,0.1174200177192688,0.6697128415107727,0.8483611941337585,717.0,1490.0,40155.61,0.0587663492187857,0.0642047151923179,0.0536534637212753
1.0,qlstm_linear_enhanced_paper,original_3,mackey_1000,9.0,0.001,6.0,16.0,4.0,1.0,64.0,8.037761290324852e-06,1.0635582839313427e-05,0.0022897135931998,0.0026077930815517,0.999925971031189,0.9999191164970398,789.0,1289.0,7234.32,0.0019757739966735,0.0019558619242161,0.0015983341727405
1.0,qlstm_linear_enhanced_paper,original_3,mackey_1000,9.0,0.001,6.0,16.0,4.0,70.0,64.0,0.0340668223798275,0.024445317685604,0.1366736441850662,0.1217010915279388,0.6206644177436829,0.8098834753036499,789.0,731.0,7042.43,0.0416103013687663,0.0357901491224765,0.0456832572817802
1.0,qlstm_linear_enhanced_paper,original_3,mackey_1000,9.0,0.001,6.0,16.0,4.0,140.0,64.0,0.0524833649396896,0.0667818486690521,0.1945462822914123,0.2127416133880615,-0.1514644175767898,0.1870906352996826,789.0,409.0,3940.34,0.0519732487025774,0.067423291504383,0.054216381162405
1.0,qlstm_linear_enhanced_paper,original_3,mackey_1000,9.0,0.001,6.0,16.0,8.0,1.0,64.0,5.516254077519989e-06,6.145761744846823e-06,0.0018754955381155,0.0020060446113348,0.999948799610138,0.9999528527259828,789.0,1026.0,11899.46,0.0003399017907213,0.0003757366794161,0.0003157104074489
1.0,qlstm_linear_enhanced_paper,original_3,mackey_1000,9.0,0.001,6.0,16.0,8.0,70.0,64.0,0.0289226453751325,0.0234285946935415,0.1306867450475692,0.1239274367690086,0.6866228580474854,0.811322808265686,789.0,714.0,13959.44,0.0322286691516637,0.0281862337142229,0.0376954190433025
1.0,qlstm_linear_enhanced_paper,original_3,mackey_1000,9.0,0.001,6.0,16.0,8.0,140.0,64.0,0.0299413278698921,0.0310715120285749,0.139201670885086,0.1443201899528503,0.6558493375778198,0.7479098439216614,789.0,1202.0,21031.96,0.0583009612746536,0.0653831288218498,0.052777774631977
1.0,qlstm_linear_enhanced_paper,original_3,mackey_1000,9.0,0.001,6.0,16.0,16.0,1.0,64.0,4.085035016032634e-06,4.154971520620165e-06,0.0015601686900481,0.0016318025300279,0.9999622106552124,0.9999679923057556,789.0,1098.0,25619.84,0.0005395009589847,0.0005800153594464,0.0004405780928209
1.0,qlstm_linear_enhanced_paper,original_3,mackey_1000,9.0,0.001,6.0,16.0,16.0,70.0,64.0,0.0007488919072784,0.0012990586692467,0.0201588571071624,0.0268507339060306,0.99307382106781,0.9912960529327391,789.0,3845.0,81583.99,0.0261322711077001,0.0249926503747701,0.034694854170084
1.0,qlstm_linear_enhanced_paper,original_3,mackey_1000,9.0,0.001,6.0,16.0,16.0,140.0,64.0,0.0264564603567123,0.0216566324234008,0.1301500499248504,0.1210230961441993,0.715857744216919,0.8269787430763245,789.0,1819.0,35109.18,0.0582377864047884,0.0629602819681167,0.0543362647294998
1.0,qlstm_linear_enhanced_paper,original_1,mackey_1000,9.0,0.001,6.0,32.0,4.0,1.0,64.0,8.93539072421845e-06,1.0051916433440056e-05,0.0024056329857558,0.0025277731474488,0.9999197125434875,0.9999234080314636,1205.0,1099.0,6049.66,0.0026141569484025,0.0025966798420995,0.0021587961819022
1.0,qlstm_linear_enhanced_paper,original_1,mackey_1000,9.0,0.001,6.0,32.0,4.0,70.0,64.0,0.0337175130844116,0.0245204512029886,0.1354743689298629,0.1225985586643219,0.6248101592063904,0.8079976439476013,1205.0,1169.0,3154.54,0.0335566645695103,0.0302446186542511,0.0383552648127079
1.0,qlstm_linear_enhanced_paper,original_1,mackey_1000,9.0,0.001,6.0,32.0,4.0,140.0,64.0,0.0522315055131912,0.0672355890274047,0.194427341222763,0.2132433354854583,-0.2734470069408417,0.0706813409924507,1205.0,403.0,1084.92,0.0521496337088238,0.0678371712565422,0.0541977398097515
1.0,qlstm_linear_enhanced_paper,original_1,mackey_1000,9.0,0.001,6.0,32.0,8.0,1.0,64.0,3.451528073128429e-06,4.695843472291017e-06,0.0013999996008351,0.0016712421784177,0.99996680021286,0.9999644160270692,1205.0,1587.0,9664.18,0.0008371175441425,0.0008477406227029,0.0007161145331338
1.0,qlstm_linear_enhanced_paper,original_1,mackey_1000,9.0,0.001,6.0,32.0,8.0,70.0,64.0,0.0306858830153942,0.0215903129428625,0.1373741179704666,0.1168327629566192,0.6703356504440308,0.8284217119216919,1205.0,1277.0,7105.45,0.0314774335258536,0.0278489310294389,0.0355040356516838
1.0,qlstm_linear_enhanced_paper,original_1,mackey_1000,9.0,0.001,6.0,32.0,8.0,140.0,64.0,0.0275556277483701,0.0359397903084754,0.130089446902275,0.1524182111024856,0.683940589427948,0.6860061883926392,1205.0,2205.0,11083.11,0.0584959252737462,0.0659356415271759,0.0526059344410896
1.0,qlstm_linear_enhanced_paper,original_1,mackey_1000,9.0,0.001,6.0,32.0,16.0,1.0,64.0,4.941810857417295e-06,7.485479727620259e-06,0.0017910153837874,0.0021901526488363,0.999953031539917,0.9999431371688844,1205.0,1076.0,13723.14,0.0010209015221334,0.0010684232693165,0.0008844631374813
1.0,qlstm_linear_enhanced_paper,original_1,mackey_1000,9.0,0.001,6.0,32.0,16.0,70.0,64.0,0.0246273595839738,0.0118080265820026,0.1168534457683563,0.0822169631719589,0.7570023536682129,0.908207356929779,1205.0,948.0,10758.95,0.0268131535914209,0.0264124758541584,0.034145463258028
1.0,qlstm_linear_enhanced_paper,original_1,mackey_1000,9.0,0.001,6.0,32.0,16.0,140.0,64.0,0.0382263176143169,0.0426478236913681,0.1490447670221328,0.1634189188480377,0.5430871248245239,0.5883148908615112,1205.0,569.0,5823.78,0.0586918424814939,0.0640405565500259,0.0537412986159324
1.0,qlstm_linear_enhanced_paper,original_2,mackey_1000,9.0,0.001,6.0,32.0,4.0,1.0,64.0,5.99556733504869e-06,6.028518328093924e-06,0.0018556051654741,0.0019216868095099,0.9999472498893738,0.9999536871910096,1277.0,1151.0,4982.47,0.0023561303503811,0.0023282840847969,0.0019218862289562
1.0,qlstm_linear_enhanced_paper,original_2,mackey_1000,9.0,0.001,6.0,32.0,4.0,70.0,64.0,0.0342972539365291,0.0248631983995437,0.1418081670999527,0.1220945194363594,0.6209409832954407,0.8040770292282104,1277.0,890.0,3461.94,0.0341140818264749,0.0305335707962512,0.0391082055866718
1.0,qlstm_linear_enhanced_paper,original_2,mackey_1000,9.0,0.001,6.0,32.0,4.0,140.0,64.0,0.0520122647285461,0.067219577729702,0.1943472027778625,0.2136114984750747,0.256524384021759,0.3463023602962494,1277.0,406.0,1564.26,0.0520563775337197,0.0677751377224922,0.0540430769324302
1.0,qlstm_linear_enhanced_paper,original_2,mackey_1000,9.0,0.001,6.0,32.0,8.0,1.0,64.0,9.112133739108684e-06,9.708057405077852e-06,0.0022719600237905,0.0024722802918404,0.9999185800552368,0.9999260306358336,1277.0,1027.0,9229.58,0.0006827251316281,0.0007783208275213,0.0005502749700099
1.0,qlstm_linear_enhanced_paper,original_2,mackey_1000,9.0,0.001,6.0,32.0,8.0,70.0,64.0,0.0329179316759109,0.0218959394842386,0.1412606984376907,0.1181990280747413,0.643828809261322,0.8247476816177368,1277.0,773.0,6252.88,0.0318873638494147,0.0278187412768602,0.0362171120941638
1.0,qlstm_linear_enhanced_paper,original_2,mackey_1000,9.0,0.001,6.0,32.0,8.0,140.0,64.0,0.0324089415371418,0.0407355017960071,0.1439597606658935,0.1661930829286575,0.6136241555213928,0.6251906156539917,1277.0,777.0,10488.16,0.0583534687757492,0.0654270052909851,0.0528478510677814
1.0,qlstm_linear_enhanced_paper,original_2,mackey_1000,9.0,0.001,6.0,32.0,16.0,1.0,64.0,2.892064458137611e-06,4.508175152295735e-06,0.0013038297183811,0.0016158856451511,0.9999729990959167,0.999966025352478,1277.0,1287.0,23173.72,0.000726519303862,0.0007950888830237,0.0006390056805685
1.0,qlstm_linear_enhanced_paper,original_2,mackey_1000,9.0,0.001,6.0,32.0,16.0,70.0,64.0,0.0225184448063373,0.014177568256855,0.1134808659553527,0.0961717888712883,0.7711349129676819,0.8879656791687012,1277.0,983.0,16105.08,0.0264571424987581,0.0258538145571947,0.0343817435204982
1.0,qlstm_linear_enhanced_paper,original_2,mackey_1000,9.0,0.001,6.0,32.0,16.0,140.0,64.0,0.025749348104,0.0208732895553112,0.1341156214475631,0.1193528473377227,0.7209029197692871,0.8254546523094177,1277.0,1342.0,19989.53,0.0588713050819933,0.0645347014069557,0.0533556789159774
1.0,qlstm_linear_enhanced_paper,original_3,mackey_1000,9.0,0.001,6.0,32.0,4.0,1.0,64.0,6.303053851297591e-06,5.7266538533440325e-06,0.001834915485233,0.0018394254148006,0.999952793121338,0.999956488609314,1349.0,1071.0,11251.42,0.000490445640753,0.0004978671786375,0.0003808406181633
1.0,qlstm_linear_enhanced_paper,original_3,mackey_1000,9.0,0.001,6.0,32.0,4.0,70.0,64.0,0.0338127240538597,0.0244339909404516,0.1388051807880401,0.1216146126389503,0.6251379251480103,0.8075439929962158,1349.0,658.0,3373.57,0.0335334048916896,0.0300953742116689,0.0382502377033233
1.0,qlstm_linear_enhanced_paper,original_3,mackey_1000,9.0,0.001,6.0,32.0,4.0,140.0,64.0,0.0524640642106533,0.0669900625944137,0.1946124136447906,0.2128954380750656,-0.1919097304344177,0.1563883423805236,1349.0,404.0,2068.07,0.051987400291384,0.0675293803215026,0.0541979260742664
1.0,qlstm_linear_enhanced_paper,original_3,mackey_1000,9.0,0.001,6.0,32.0,8.0,1.0,64.0,6.6369666456012055e-06,6.979026693443302e-06,0.0019661758560687,0.0020925758872181,0.9999403357505798,0.999946653842926,1349.0,1201.0,25441.34,0.0004318387625971,0.000498091278132,0.0004055754689034
1.0,qlstm_linear_enhanced_paper,original_3,mackey_1000,9.0,0.001,6.0,32.0,8.0,70.0,64.0,0.0336093120276927,0.0234742183238267,0.1432125866413116,0.1231335252523422,0.6263973712921143,0.8144364356994629,1349.0,557.0,11089.96,0.0313700878371795,0.0274771433323621,0.0357247851788997
1.0,qlstm_linear_enhanced_paper,original_3,mackey_1000,9.0,0.001,6.0,32.0,8.0,140.0,64.0,0.0364564917981624,0.0338662266731262,0.1513536423444748,0.1530328840017318,0.559681236743927,0.7116673588752747,1349.0,1001.0,17466.97,0.0584566281177103,0.0657517239451408,0.0527796931564807
1.0,qlstm_linear_enhanced_paper,original_3,mackey_1000,9.0,0.001,6.0,32.0,16.0,1.0,64.0,1.4982429092924576e-06,2.304896042915061e-06,0.000976862385869,0.0012316403444856,0.99998539686203,0.9999827146530152,1349.0,1122.0,47366.09,0.0005497303558513,0.0006070238887332,0.0004445295489858
1.0,qlstm_linear_enhanced_paper,original_3,mackey_1000,9.0,0.001,6.0,32.0,16.0,70.0,64.0,0.0018966037314385,0.0015844588633626,0.0310979131609201,0.029891999438405,0.984457790851593,0.9881388545036316,1349.0,3544.0,73700.78,0.0266472264710399,0.0257020015269517,0.0346902199089527
1.0,qlstm_linear_enhanced_paper,original_3,mackey_1000,9.0,0.001,6.0,32.0,16.0,140.0,64.0,0.0267706420272588,0.0198585893958807,0.1353014260530471,0.1137842908501625,0.7069532871246338,0.8425206542015076,1349.0,1063.0,31958.31,0.0586962597444653,0.0640457049012184,0.0538636595010757
1.0,qlstm_linear_enhanced_paper,original_1,lorenz_1000,0.0,0.001,6.0,8.0,4.0,1.0,64.0,1.1337477872075397e-06,1.2813287639801274e-06,0.0008358638151548,0.000887926085852,0.9999876022338868,0.999986469745636,395.0,2078.0,11381.04,0.0054886751342564,0.006938868202269,0.0054307165555655
1.0,qlstm_linear_enhanced_paper,original_1,lorenz_1000,0.0,0.001,6.0,8.0,4.0,13.0,64.0,0.0001789659872883,0.0001771012175595,0.0102872811257839,0.0101924017071723,0.9980764985084534,0.9981098771095276,395.0,1805.0,9781.2,0.0385334853082895,0.0431789606809616,0.0384973101317882
1.0,qlstm_linear_enhanced_paper,original_1,lorenz_1000,0.0,0.001,6.0,8.0,4.0,25.0,64.0,0.0122430212795734,0.0123023297637701,0.0758740827441215,0.0788494125008583,0.8610886335372925,0.8598278164863586,395.0,3116.0,9329.52,0.041376462765038,0.0484233610332012,0.043597787618637
1.0,qlstm_linear_enhanced_paper,original_1,lorenz_1000,0.0,0.001,6.0,8.0,8.0,1.0,64.0,5.285735937832214e-07,5.000413239031332e-07,0.0005074575310572,0.0004806115757673,0.999994456768036,0.9999946355819702,395.0,1760.0,19578.6,0.0030420131981372,0.00359877361916,0.0031182274688035
1.0,qlstm_linear_enhanced_paper,original_1,lorenz_1000,0.0,0.001,6.0,8.0,8.0,13.0,64.0,0.0018388913013041,0.0020062497351318,0.0343619287014007,0.0352294705808162,0.9802497625350952,0.9785465598106384,395.0,1784.0,19856.87,0.0394451260566711,0.0483265854418277,0.0444228835403919
1.0,qlstm_linear_enhanced_paper,original_1,lorenz_1000,0.0,0.001,6.0,8.0,8.0,25.0,64.0,0.0126630077138543,0.0138210384175181,0.0789300426840782,0.0829576477408409,0.8598594069480896,0.8395963311195374,395.0,1921.0,11809.86,0.0455940067768096,0.0538064949214458,0.0501233525574207
1.0,qlstm_linear_enhanced_paper,original_1,lorenz_1000,0.0,0.001,6.0,8.0,16.0,1.0,64.0,2.0523821149254218e-06,2.438189767417498e-06,0.001141061191447,0.0012179466430097,0.9999780654907228,0.9999741911888124,395.0,1385.0,31545.5,0.0128927133977413,0.0142337894067168,0.0132645862177014
1.0,qlstm_linear_enhanced_paper,original_1,lorenz_1000,0.0,0.001,6.0,8.0,16.0,13.0,64.0,0.0035102404654026,0.0044487710110843,0.0450781136751174,0.0506504476070404,0.9626076817512512,0.9516503810882568,395.0,1257.0,15580.78,0.0377922680228948,0.0438575483858585,0.0406125821173191
1.0,qlstm_linear_enhanced_paper,original_1,lorenz_1000,0.0,0.001,6.0,8.0,16.0,25.0,64.0,0.007146259304136,0.007137956097722,0.0641800314188003,0.0656403675675392,0.9218670725822448,0.920516073703766,395.0,1568.0,17676.24,0.0437922349406613,0.0527242869138717,0.0524057187139987
1.0,qlstm_linear_enhanced_paper,original_2,lorenz_1000,0.0,0.001,6.0,8.0,4.0,1.0,64.0,1.348550995317055e-06,1.3953973621028126e-06,0.0009027864434756,0.0009267244022339,0.999985694885254,0.9999849796295166,467.0,1530.0,6515.28,0.0035935892956331,0.0040357518009841,0.0038135044742375
1.0,qlstm_linear_enhanced_paper,original_2,lorenz_1000,0.0,0.001,6.0,8.0,4.0,13.0,64.0,0.0001180438994197,0.0001297069829888,0.0087132910266518,0.0088866241276264,0.9987381100654602,0.9986180067062378,467.0,1401.0,5888.07,0.0376730661839246,0.0419083088636398,0.0390123277902603
1.0,qlstm_linear_enhanced_paper,original_2,lorenz_1000,0.0,0.001,6.0,8.0,4.0,25.0,64.0,0.0106503898277878,0.0106076067313551,0.0630635544657707,0.0653894692659378,0.8846012353897095,0.882504403591156,467.0,2923.0,23172.37,0.0383971957489848,0.0442098900675773,0.0384139865636825
1.0,qlstm_linear_enhanced_paper,original_2,lorenz_1000,0.0,0.001,6.0,8.0,8.0,1.0,64.0,6.157833354336617e-07,5.263685807221918e-07,0.0005541054415516,0.000515155668836,0.9999936819076538,0.9999943375587464,467.0,1781.0,29686.54,0.0020056406850926,0.0022890160325914,0.0022013352718204
1.0,qlstm_linear_enhanced_paper,original_2,lorenz_1000,0.0,0.001,6.0,8.0,8.0,13.0,64.0,0.000289443967631,0.0003241170197725,0.013510032556951,0.0144211174920201,0.9970296621322632,0.9965880513191224,467.0,1495.0,13172.68,0.03870595023036,0.0464972853660583,0.0413852222263813
1.0,qlstm_linear_enhanced_paper,original_2,lorenz_1000,0.0,0.001,6.0,8.0,8.0,25.0,64.0,0.0062875789590179,0.0083064315840601,0.052538514137268,0.0611860379576683,0.9348588585853576,0.9085444808006288,467.0,2594.0,41131.16,0.0416603261604905,0.0449742339551448,0.0385195910930633
1.0,qlstm_linear_enhanced_paper,original_2,lorenz_1000,0.0,0.001,6.0,8.0,16.0,1.0,64.0,8.519921266270103e-07,8.970147291620378e-07,0.0006921996828168,0.0007116129272617,0.9999908208847046,0.9999903440475464,467.0,1645.0,29764.55,0.0027774104848504,0.0032408463302999,0.002633046824485
1.0,qlstm_linear_enhanced_paper,original_2,lorenz_1000,0.0,0.001,6.0,8.0,16.0,13.0,64.0,0.0003874181420542,0.000423663703259,0.0148311862722039,0.0165230557322502,0.9959895610809326,0.9954894185066224,467.0,1705.0,30999.51,0.0377329817041754,0.0441896691918373,0.0396639890968799
1.0,qlstm_linear_enhanced_paper,original_2,lorenz_1000,0.0,0.001,6.0,8.0,16.0,25.0,64.0,0.0044753644615411,0.0052706897258758,0.0524297691881656,0.0573626495897769,0.9518648386001588,0.9412717819213868,467.0,1351.0,22063.44,0.0390272078414758,0.0433671623468399,0.0419425889849662
1.0,qlstm_linear_enhanced_paper,original_3,lorenz_1000,0.0,0.001,6.0,8.0,4.0,1.0,64.0,7.876311656218604e-07,9.527078077553596e-07,0.0007100653019733,0.0007647079182788,0.9999924898147584,0.9999911785125732,539.0,1745.0,9675.5,0.0039688050514087,0.0052204988896846,0.0041021090000867
1.0,qlstm_linear_enhanced_paper,original_3,lorenz_1000,0.0,0.001,6.0,8.0,4.0,13.0,64.0,0.0003877950948663,0.0003727069124579,0.0153373563662171,0.0148921879008412,0.9958286285400392,0.9960273504257202,539.0,1009.0,5680.43,0.0386337550356984,0.0446178056299686,0.0392106510698795
1.0,qlstm_linear_enhanced_paper,original_3,lorenz_1000,0.0,0.001,6.0,8.0,4.0,25.0,64.0,0.0102444756776094,0.0102508375421166,0.0613857023417949,0.0639009848237037,0.8874143362045288,0.8856948018074036,539.0,2241.0,12603.23,0.0385916087776422,0.0464831478893756,0.0405423305928707
1.0,qlstm_linear_enhanced_paper,original_3,lorenz_1000,0.0,0.001,6.0,8.0,8.0,1.0,64.0,1.246732040272036e-06,1.6517707308594254e-06,0.0008649473893456,0.0009435812826268,0.9999865293502808,0.9999821782112122,539.0,1691.0,19087.36,0.0019516464555636,0.0022370517253875,0.0020251660607755
1.0,qlstm_linear_enhanced_paper,original_3,lorenz_1000,0.0,0.001,6.0,8.0,8.0,13.0,64.0,0.0007207050803117,0.0007241441635414,0.0210001040250062,0.0207227207720279,0.9922733902931212,0.9923233389854432,539.0,969.0,11339.81,0.0375444579869508,0.0439558289945125,0.0399996973574161
1.0,qlstm_linear_enhanced_paper,original_3,lorenz_1000,0.0,0.001,6.0,8.0,8.0,25.0,64.0,0.0058628842234611,0.0077961394563317,0.0467919036746025,0.0557565130293369,0.937184751033783,0.9145589470863342,539.0,2488.0,51476.28,0.0418601742014288,0.04737039655447,0.0419929139316082
1.0,qlstm_linear_enhanced_paper,original_3,lorenz_1000,0.0,0.001,6.0,8.0,16.0,1.0,64.0,1.412951064594381e-06,1.6295473415084416e-06,0.0009174264268949,0.0009828491602092,0.9999858140945436,0.9999837875366212,539.0,1231.0,51201.56,0.0029177930322475,0.0036610220558941,0.002722528995946
1.0,qlstm_linear_enhanced_paper,original_3,lorenz_1000,0.0,0.001,6.0,8.0,16.0,13.0,64.0,0.0006881467415951,0.0008848218130879,0.019239667803049,0.0212677475064992,0.9926766157150269,0.9905388951301576,539.0,1242.0,28595.91,0.0373634560033679,0.0436834655702114,0.040104042738676
1.0,qlstm_linear_enhanced_paper,original_3,lorenz_1000,0.0,0.001,6.0,8.0,16.0,25.0,64.0,0.00832677539438,0.0079090408980846,0.0645954683423042,0.065189704298973,0.9102405309677124,0.9128406643867492,539.0,1585.0,34229.82,0.0422011452416578,0.0474601313471794,0.0451761670410633
1.0,qlstm_linear_enhanced_paper,original_1,lorenz_1000,0.0,0.001,6.0,16.0,4.0,1.0,64.0,1.154914457401901e-06,1.2522552879090654e-06,0.0008092850330285,0.0008424051338806,0.999987781047821,0.9999865889549256,691.0,1682.0,5040.47,0.0022186587215401,0.0026937313377857,0.0023794104345142
1.0,qlstm_linear_enhanced_paper,original_1,lorenz_1000,0.0,0.001,6.0,16.0,4.0,13.0,64.0,0.0001555710041429,0.0001281087315874,0.0093722529709339,0.008465482853353,0.9983733892440796,0.9986693859100342,691.0,1414.0,4152.06,0.0377405183389782,0.0425747707486152,0.0386992208659648
1.0,qlstm_linear_enhanced_paper,original_1,lorenz_1000,0.0,0.001,6.0,16.0,4.0,25.0,64.0,0.0105498740449547,0.0120354732498526,0.0652723610401153,0.0727371200919151,0.8824310302734375,0.8627548813819885,691.0,3220.0,9499.81,0.0373204594478011,0.0467951633036136,0.040681567043066
1.0,qlstm_linear_enhanced_paper,original_1,lorenz_1000,0.0,0.001,6.0,16.0,8.0,1.0,64.0,1.468720029151882e-06,1.6536438351977267e-06,0.0009636278846301,0.0009905168553814,0.9999852180480956,0.9999829530715942,691.0,1339.0,8201.03,0.0015674433088861,0.0015090827364474,0.0017008328577503
1.0,qlstm_linear_enhanced_paper,original_1,lorenz_1000,0.0,0.001,6.0,16.0,8.0,13.0,64.0,0.0015273741446435,0.0018319766968488,0.0315979942679405,0.0342474356293678,0.9836607575416564,0.9804677963256836,691.0,1188.0,13635.35,0.0379885606467723,0.0447421632707119,0.0392597243189811
1.0,qlstm_linear_enhanced_paper,original_1,lorenz_1000,0.0,0.001,6.0,16.0,8.0,25.0,64.0,0.0115783717483282,0.011616637930274,0.0748571529984474,0.0783400759100914,0.8713586330413818,0.8675584197044373,691.0,1924.0,21356.38,0.0430730916559696,0.0499296672642231,0.0468051582574844
1.0,qlstm_linear_enhanced_paper,original_1,lorenz_1000,0.0,0.001,6.0,16.0,16.0,1.0,64.0,8.61724799960939e-07,8.292859092762228e-07,0.0006904078181833,0.0006585209048353,0.9999912977218628,0.999991536140442,691.0,1274.0,28522.11,0.0020294340327382,0.0022234178613871,0.0018795792711898
1.0,qlstm_linear_enhanced_paper,original_1,lorenz_1000,0.0,0.001,6.0,16.0,16.0,13.0,64.0,0.0021462668664753,0.0027730965521186,0.0365420989692211,0.0396864153444767,0.9769150018692015,0.9708808660507202,691.0,861.0,10659.72,0.0376169219613075,0.044215440750122,0.0399203673005104
1.0,qlstm_linear_enhanced_paper,original_1,lorenz_1000,0.0,0.001,6.0,16.0,16.0,25.0,64.0,0.0068588922731578,0.006565851625055,0.065080277621746,0.0641127675771713,0.9252520203590392,0.925838589668274,691.0,1996.0,22357.23,0.0444281920790672,0.0508943349123001,0.050498392432928
1.0,qlstm_linear_enhanced_paper,original_2,lorenz_1000,0.0,0.001,6.0,16.0,4.0,1.0,64.0,9.69918914961454e-07,9.645780210121302e-07,0.0007408338133245,0.0007266423199325,0.9999896287918092,0.9999896287918092,763.0,1379.0,11138.03,0.0007110308506526,0.000734704255592,0.0007857970194891
1.0,qlstm_linear_enhanced_paper,original_2,lorenz_1000,0.0,0.001,6.0,16.0,4.0,13.0,64.0,0.0002227956865681,0.0002301979257026,0.0115269562229514,0.0120236063376069,0.9976441860198976,0.9975419044494628,763.0,1392.0,11224.8,0.0386281684041023,0.0443229749798774,0.0394922606647014
1.0,qlstm_linear_enhanced_paper,original_2,lorenz_1000,0.0,0.001,6.0,16.0,4.0,25.0,64.0,0.0114174680784344,0.0121480617672204,0.0748116448521614,0.078790858387947,0.8788679838180542,0.8662740588188171,763.0,2414.0,10153.62,0.0372134128585457,0.0494027696549892,0.0452134050428867
1.0,qlstm_linear_enhanced_paper,original_2,lorenz_1000,0.0,0.001,6.0,16.0,8.0,1.0,64.0,9.134794254350708e-07,9.338232302980032e-07,0.0007159971864894,0.0007187543087638,0.999990463256836,0.9999903440475464,763.0,1395.0,12364.11,0.0013583744061179,0.0013746920740231,0.0014440127415582
1.0,qlstm_linear_enhanced_paper,original_2,lorenz_1000,0.0,0.001,6.0,16.0,8.0,13.0,64.0,0.0008927181479521,0.0008884830749593,0.0235712081193923,0.0240133628249168,0.990516722202301,0.9906630516052246,763.0,765.0,6700.41,0.0367036268115043,0.0431672558188438,0.0396556891500949
1.0,qlstm_linear_enhanced_paper,original_2,lorenz_1000,0.0,0.001,6.0,16.0,8.0,25.0,64.0,0.0104029867798089,0.0111827263608574,0.0692980363965034,0.0740004703402519,0.8864346742630005,0.8746948838233948,763.0,1586.0,25893.68,0.0402245171368122,0.0464120171964168,0.0423126593232154
1.0,qlstm_linear_enhanced_paper,original_2,lorenz_1000,0.0,0.001,6.0,16.0,16.0,1.0,64.0,9.11307608930656e-07,9.991885008275858e-07,0.000745449680835,0.0007614876958541,0.9999905824661256,0.9999898672103882,763.0,1335.0,43942.72,0.0014394018973689,0.0015869605122134,0.0014518124517053
1.0,qlstm_linear_enhanced_paper,original_2,lorenz_1000,0.0,0.001,6.0,16.0,16.0,13.0,64.0,0.0013827824732288,0.0020679957233369,0.0287636816501617,0.0344382710754871,0.9853432774543762,0.9781384468078612,763.0,692.0,23074.41,0.0352647773921489,0.045719239860773,0.0417844131588935
1.0,qlstm_linear_enhanced_paper,original_2,lorenz_1000,0.0,0.001,6.0,16.0,16.0,25.0,64.0,0.004873211029917,0.004914691671729,0.0548785775899887,0.0551746673882007,0.9480611085891724,0.9463933706283568,763.0,813.0,13593.36,0.032568075797624,0.0352752804756164,0.0353514477610588
1.0,qlstm_linear_enhanced_paper,original_3,lorenz_1000,0.0,0.001,6.0,16.0,4.0,1.0,64.0,1.4929722738088458e-06,1.339444452241878e-06,0.0009212348377332,0.0008609978831373,0.9999873042106628,0.9999873638153076,835.0,1312.0,7224.88,0.0016563652548938,0.001752148498781,0.0018426207825541
1.0,qlstm_linear_enhanced_paper,original_3,lorenz_1000,0.0,0.001,6.0,16.0,4.0,13.0,64.0,0.0002461560943629,0.0002352395677007,0.0124586690217256,0.011842698790133,0.9974719882011414,0.9975237250328064,835.0,1467.0,8242.98,0.0381704755127429,0.0429502055048942,0.0392897948622703
1.0,qlstm_linear_enhanced_paper,original_3,lorenz_1000,0.0,0.001,6.0,16.0,4.0,25.0,64.0,0.0098981978371739,0.010875173844397,0.0611657947301864,0.0682883635163307,0.8939232230186462,0.8828526735305786,835.0,2491.0,13752.56,0.0365553116425871,0.0480706021189689,0.0423951372504234
1.0,qlstm_linear_enhanced_paper,original_3,lorenz_1000,0.0,0.001,6.0,16.0,8.0,1.0,64.0,5.508164804268745e-07,6.98724250014493e-07,0.0005618929280899,0.0006128580425865,0.9999943375587464,0.9999924302101136,835.0,1370.0,28785.49,0.0016024181619286,0.0018285850528627,0.0017064047278836
1.0,qlstm_linear_enhanced_paper,original_3,lorenz_1000,0.0,0.001,6.0,16.0,8.0,13.0,64.0,0.0007713997038081,0.0009101712494157,0.0220286510884761,0.0231290683150291,0.991827666759491,0.9903268814086914,835.0,1440.0,16533.3,0.0380175724625587,0.0440836288034915,0.0397477000951767
1.0,qlstm_linear_enhanced_paper,original_3,lorenz_1000,0.0,0.001,6.0,16.0,8.0,25.0,64.0,0.0103439446538686,0.0109923537820577,0.0714603140950203,0.0749126896262168,0.8867260217666626,0.8787223696708679,835.0,1148.0,24494.63,0.0392251191660761,0.0460580587387084,0.0427897684276104
1.0,qlstm_linear_enhanced_paper,original_3,lorenz_1000,0.0,0.001,6.0,16.0,16.0,1.0,64.0,7.707046165705833e-07,7.971798936523555e-07,0.0006468734354712,0.0006323436973616,0.9999917149543762,0.9999915957450868,835.0,1411.0,33477.1,0.0028523882385343,0.0030421905685216,0.0028804056346416
1.0,qlstm_linear_enhanced_paper,original_3,lorenz_1000,0.0,0.001,6.0,16.0,16.0,13.0,64.0,0.0021171742118895,0.0025518902111798,0.0353936403989791,0.0388111025094985,0.9775224924087524,0.97310870885849,835.0,980.0,22986.77,0.0381676360964775,0.0461264662444591,0.0414836704730987
1.0,qlstm_linear_enhanced_paper,original_3,lorenz_1000,0.0,0.001,6.0,16.0,16.0,25.0,64.0,0.0082823680713772,0.0088289100676774,0.0674856081604957,0.0718170925974845,0.9112931489944458,0.9038129448890686,835.0,1043.0,40161.17,0.0386500859426127,0.0432590059936046,0.0435156784951686
1.0,qlstm_linear_enhanced_paper,original_1,lorenz_1000,0.0,0.001,6.0,32.0,4.0,1.0,64.0,8.037926590986899e-07,7.858163826313103e-07,0.0006397201213985,0.0006399755366146,0.9999914169311525,0.9999917149543762,1283.0,1444.0,4284.55,0.0016679294407367,0.0020924962591379,0.0017903342377394
1.0,qlstm_linear_enhanced_paper,original_1,lorenz_1000,0.0,0.001,6.0,32.0,4.0,13.0,64.0,0.0005062196287326,0.0004784434568136,0.0165355131030082,0.0163004472851753,0.9945489168167114,0.9949034452438354,1283.0,1411.0,4229.99,0.0386111427098512,0.0444478131830692,0.0391519516706466
1.0,qlstm_linear_enhanced_paper,original_1,lorenz_1000,0.0,0.001,6.0,32.0,4.0,25.0,64.0,0.0116619570180773,0.012968024238944,0.068732239305973,0.0748174637556076,0.871508002281189,0.8512542247772217,1283.0,1805.0,5275.03,0.03798912409693,0.0458471737802028,0.038880567997694
1.0,qlstm_linear_enhanced_paper,original_1,lorenz_1000,0.0,0.001,6.0,32.0,8.0,1.0,64.0,1.6993138842735789e-06,1.511892492089828e-06,0.0009317118674516,0.0008815452456474,0.9999822378158568,0.9999837875366212,1283.0,1405.0,15587.81,0.0013689229032024,0.0016161369858309,0.0014414692996069
1.0,qlstm_linear_enhanced_paper,original_1,lorenz_1000,0.0,0.001,6.0,32.0,8.0,13.0,64.0,0.0006438566488213,0.0007665744051337,0.0193993598222732,0.0211250931024551,0.993179440498352,0.9918391704559326,1283.0,1262.0,7778.41,0.0357089430093765,0.0410311222076416,0.040308628231287
1.0,qlstm_linear_enhanced_paper,original_1,lorenz_1000,0.0,0.001,6.0,32.0,8.0,25.0,64.0,0.0156621392816305,0.0152285527437925,0.091168113052845,0.0909071490168571,0.8288261294364929,0.8280649781227112,1283.0,1003.0,6091.36,0.0392775390297174,0.0470665358006954,0.0429499894380569
1.0,qlstm_linear_enhanced_paper,original_1,lorenz_1000,0.0,0.001,6.0,32.0,16.0,1.0,64.0,3.654891543192207e-06,3.673286755656591e-06,0.0014369273558259,0.0014901331160217,0.9999607801437378,0.9999607801437378,1283.0,785.0,17997.4,0.0013695168658159,0.0014724599895998,0.0012989504029974
1.0,qlstm_linear_enhanced_paper,original_1,lorenz_1000,0.0,0.001,6.0,32.0,16.0,13.0,64.0,0.002454056404531,0.0029484655242413,0.0392534881830215,0.0425647795200347,0.9736015796661376,0.9681973457336426,1283.0,1196.0,14941.2,0.0372270341962575,0.0453239157795906,0.039588164538145
1.0,qlstm_linear_enhanced_paper,original_1,lorenz_1000,0.0,0.001,6.0,32.0,16.0,25.0,64.0,0.0103821400552988,0.0109246484935283,0.0738964900374412,0.0766668692231178,0.8843027353286743,0.8736270666122437,1283.0,924.0,10676.34,0.0380115426248974,0.044801440089941,0.0439014211297035
1.0,qlstm_linear_enhanced_paper,original_2,lorenz_1000,0.0,0.001,6.0,32.0,4.0,1.0,64.0,7.038345302134985e-07,7.255766263369878e-07,0.000638805096969,0.0006418835837393,0.9999929666519164,0.999992609024048,1355.0,1383.0,11289.54,0.0011464017385151,0.0012891164515167,0.0012895647669211
1.0,qlstm_linear_enhanced_paper,original_2,lorenz_1000,0.0,0.001,6.0,32.0,4.0,13.0,64.0,0.0002181762538384,0.0002409992739558,0.0112493783235549,0.0122101083397865,0.9976959824562072,0.9974337220191956,1355.0,1046.0,8520.09,0.0373867429792881,0.0425395742058754,0.0394284576177597
1.0,qlstm_linear_enhanced_paper,original_2,lorenz_1000,0.0,0.001,6.0,32.0,4.0,25.0,64.0,0.0085215466096997,0.0083299605175852,0.0578589364886283,0.0574700459837913,0.906798541545868,0.9081750512123108,1355.0,2308.0,9924.35,0.0368617143481969,0.0484446845948696,0.0429736226797103
1.0,qlstm_linear_enhanced_paper,original_2,lorenz_1000,0.0,0.001,6.0,32.0,8.0,1.0,64.0,8.711601253708068e-07,9.017633715302508e-07,0.0007154213963076,0.0007257788674905,0.9999905228614808,0.9999903440475464,1355.0,1002.0,9086.74,0.0003067928060772,0.0002905325673054,0.0003020756412297
1.0,qlstm_linear_enhanced_paper,original_2,lorenz_1000,0.0,0.001,6.0,32.0,8.0,13.0,64.0,0.001049441518262,0.0010563372634351,0.0258196741342544,0.0262289736419916,0.9887602925300598,0.9887495636940002,1355.0,1001.0,16709.02,0.0371944960206747,0.0429589077830314,0.0396686717867851
1.0,qlstm_linear_enhanced_paper,original_2,lorenz_1000,0.0,0.001,6.0,32.0,8.0,25.0,64.0,0.010618676431477,0.0107876118272542,0.0635620579123497,0.0669443979859352,0.8808281421661377,0.8774642944335938,1355.0,1521.0,13300.42,0.0391399452462792,0.0465599223971366,0.043937511742115
1.0,qlstm_linear_enhanced_paper,original_2,lorenz_1000,0.0,0.001,6.0,32.0,16.0,1.0,64.0,1.254809035344806e-06,1.3717369711230276e-06,0.0008523359429091,0.0008689592941664,0.9999877214431764,0.999986469745636,1355.0,1008.0,33162.77,0.0006551786034833,0.0005991890211589,0.0006062018219381
1.0,qlstm_linear_enhanced_paper,original_2,lorenz_1000,0.0,0.001,6.0,32.0,16.0,13.0,64.0,0.0006129019311629,0.0007122621173039,0.0187253709882497,0.0198934469372034,0.9934657216072084,0.9924994111061096,1355.0,1198.0,37417.45,0.0362970994785428,0.0444465205073356,0.0403530560433864
1.0,qlstm_linear_enhanced_paper,original_2,lorenz_1000,0.0,0.001,6.0,32.0,16.0,25.0,64.0,0.0082009779289364,0.0085141193121671,0.0699460208415985,0.0726408138871193,0.912320911884308,0.9061049818992616,1355.0,889.0,14798.0,0.0381816000574164,0.0435971692204475,0.0440044812858104
1.0,qlstm_linear_enhanced_paper,original_3,lorenz_1000,0.0,0.001,6.0,32.0,4.0,1.0,64.0,2.375156327616424e-06,2.402953896307736e-06,0.0011610955698415,0.001170466071926,0.9999770522117616,0.9999758005142212,1427.0,951.0,10099.95,0.0016288741957396,0.0017835786566138,0.0018370614852756
1.0,qlstm_linear_enhanced_paper,original_3,lorenz_1000,0.0,0.001,6.0,32.0,4.0,13.0,64.0,0.0004766307247336,0.0004790339153259,0.0169538054615259,0.016992000862956,0.994897186756134,0.9948772192001344,1427.0,1260.0,7139.11,0.0379223866388201,0.0435008406639099,0.0389093831181526
1.0,qlstm_linear_enhanced_paper,original_3,lorenz_1000,0.0,0.001,6.0,32.0,4.0,25.0,64.0,0.0119274305179715,0.0129761714488267,0.068528339266777,0.0738805010914802,0.8671430945396423,0.8510564565658569,1427.0,1427.0,7910.12,0.0369940860196948,0.0465306974947452,0.0411086678504943
1.0,qlstm_linear_enhanced_paper,original_3,lorenz_1000,0.0,0.001,6.0,32.0,8.0,1.0,64.0,1.563977889418311e-06,1.581308765707945e-06,0.0009415092063136,0.0009157034219242,0.9999847412109376,0.999984323978424,1427.0,1115.0,12899.97,0.0004893295961664,0.0004994928021915,0.0005516401142813
1.0,qlstm_linear_enhanced_paper,original_3,lorenz_1000,0.0,0.001,6.0,32.0,8.0,13.0,64.0,0.0008816445479169,0.000901582010556,0.0228052325546741,0.0234104171395301,0.9906336665153505,0.9904072880744934,1427.0,834.0,9901.11,0.0381460823118686,0.0438583716750144,0.0402093455195426
1.0,qlstm_linear_enhanced_paper,original_3,lorenz_1000,0.0,0.001,6.0,32.0,8.0,25.0,64.0,0.0131366150453686,0.0133124189451336,0.0837712660431861,0.086824357509613,0.8533850908279419,0.8478863835334778,1427.0,738.0,8555.37,0.039854977838695,0.0457170307636261,0.041947104036808
1.0,qlstm_linear_enhanced_paper,original_3,lorenz_1000,0.0,0.001,6.0,32.0,16.0,1.0,64.0,1.780885554580891e-06,1.7162429912787047e-06,0.0009913238463923,0.0009483149624429,0.9999811053276062,0.9999817609786988,1427.0,1139.0,26945.28,0.0009613532456569,0.0009404128650203,0.0009483988396823
1.0,qlstm_linear_enhanced_paper,original_3,lorenz_1000,0.0,0.001,6.0,32.0,16.0,13.0,64.0,0.0033958354033529,0.0040658400394022,0.0406422279775142,0.0447676926851272,0.9633855819702148,0.956819474697113,1427.0,1101.0,26130.03,0.0373100632801651,0.0438532792031765,0.0398231260478496
1.0,qlstm_linear_enhanced_paper,original_3,lorenz_1000,0.0,0.001,6.0,32.0,16.0,25.0,64.0,0.0038042871747165,0.0044063255190849,0.043759923428297,0.0500798448920249,0.9611823558807372,0.9523207545280457,1427.0,1544.0,33341.43,0.0376228499743673,0.040414061397314,0.0414230525493621
1.0,qlstm_linear_enhanced_paper,original_1,lorenz_1000,1.0,0.001,6.0,8.0,4.0,1.0,64.0,1.4205206753103994e-06,1.500040070823161e-06,0.0009001703001558,0.0008887723670341,0.9999847412109376,0.9999839663505554,395.0,1836.0,5460.99,0.0033017431385815,0.0039012341294437,0.0034152539446949
1.0,qlstm_linear_enhanced_paper,original_1,lorenz_1000,1.0,0.001,6.0,8.0,4.0,13.0,64.0,0.0005201242165639,0.0005509866168722,0.0173413679003715,0.0176745802164077,0.9944026470184326,0.9941051602363586,395.0,1858.0,5536.65,0.0388830754905939,0.0451368913054466,0.0395491980016231
1.0,qlstm_linear_enhanced_paper,original_1,lorenz_1000,1.0,0.001,6.0,8.0,4.0,25.0,64.0,0.0107856197282671,0.0107372747734189,0.0719637721776962,0.0748009905219078,0.8806312680244446,0.8803062438964844,395.0,2995.0,8882.37,0.0424938954412937,0.0556901879608631,0.050216969102621
1.0,qlstm_linear_enhanced_paper,original_1,lorenz_1000,1.0,0.001,6.0,8.0,8.0,1.0,64.0,1.1960407846345331e-06,1.318692966378876e-06,0.000797786808107,0.0008225972997024,0.9999871253967284,0.9999861121177672,395.0,1711.0,18889.75,0.004777433653362,0.0070004151202738,0.0046976809389889
1.0,qlstm_linear_enhanced_paper,original_1,lorenz_1000,1.0,0.001,6.0,8.0,8.0,13.0,64.0,0.0005197315476834,0.0005586403422057,0.0175076536834239,0.018369710072875,0.9944804310798644,0.9940798282623292,395.0,1618.0,9954.52,0.0421567149460315,0.0500920303165912,0.0453603006899356
1.0,qlstm_linear_enhanced_paper,original_1,lorenz_1000,1.0,0.001,6.0,8.0,8.0,25.0,64.0,0.0097307609394192,0.0101121207699179,0.0671783685684204,0.0711956247687339,0.8965843319892883,0.8874606490135193,395.0,3430.0,20226.72,0.0421949483454227,0.051608495414257,0.0471200533211231
1.0,qlstm_linear_enhanced_paper,original_1,lorenz_1000,1.0,0.001,6.0,8.0,16.0,1.0,64.0,1.3311994280229555e-06,1.5872398080318817e-06,0.0008383296662941,0.0009082299657166,0.999985933303833,0.9999837279319764,395.0,1413.0,17503.15,0.0026975921704433,0.0030750941950827,0.0027365577407181
1.0,qlstm_linear_enhanced_paper,original_1,lorenz_1000,1.0,0.001,6.0,8.0,16.0,13.0,64.0,0.0095694996416568,0.0084088426083326,0.062141615897417,0.0568745546042919,0.8949694037437439,0.9064746499061584,395.0,1320.0,16274.57,0.0377620123326778,0.0470185279846191,0.0418337434530258
1.0,qlstm_linear_enhanced_paper,original_1,lorenz_1000,1.0,0.001,6.0,8.0,16.0,25.0,64.0,0.0052112182602286,0.0065220664255321,0.0544592589139938,0.0602136328816413,0.9459887146949768,0.9307011365890504,395.0,2723.0,30845.26,0.0412104295359717,0.0470278672873973,0.0453436151146888
1.0,qlstm_linear_enhanced_paper,original_2,lorenz_1000,1.0,0.001,6.0,8.0,4.0,1.0,64.0,1.0038878599516463e-06,1.0005674084823113e-06,0.0007513555465266,0.0007380494498647,0.999989926815033,0.9999892115592957,467.0,1401.0,5999.66,0.0019508064957335,0.0021228895056992,0.0020763897337019
1.0,qlstm_linear_enhanced_paper,original_2,lorenz_1000,1.0,0.001,6.0,8.0,4.0,13.0,64.0,0.0003161320055369,0.0003093935956712,0.013670802116394,0.0136245526373386,0.9966304302215576,0.9966962337493896,467.0,1684.0,7152.73,0.0398737158626317,0.0471978895366191,0.0425554290413856
1.0,qlstm_linear_enhanced_paper,original_2,lorenz_1000,1.0,0.001,6.0,8.0,4.0,25.0,64.0,0.0089999083429574,0.0109433475881814,0.0652896091341972,0.0719008594751358,0.9013612270355223,0.8773689866065979,467.0,2386.0,10441.49,0.0429822351783514,0.0548812896013259,0.050890278071165
1.0,qlstm_linear_enhanced_paper,original_2,lorenz_1000,1.0,0.001,6.0,8.0,8.0,1.0,64.0,8.915424700717267e-07,8.508980045007775e-07,0.0007110647275112,0.0006989885587245,0.9999905824661256,0.9999910593032836,467.0,1647.0,14439.94,0.0021120630786754,0.0023072937037795,0.0023384366650134
1.0,qlstm_linear_enhanced_paper,original_2,lorenz_1000,1.0,0.001,6.0,8.0,8.0,13.0,64.0,0.0008934919605962,0.000909968803171,0.0225281156599521,0.0227560028433799,0.9904159307479858,0.990269422531128,467.0,1663.0,14582.32,0.0393015384674072,0.04474538564682,0.0397305004298687
1.0,qlstm_linear_enhanced_paper,original_2,lorenz_1000,1.0,0.001,6.0,8.0,8.0,25.0,64.0,0.0088814226910471,0.0113811697810888,0.0638437643647193,0.072657510638237,0.9063071012496948,0.8708508610725403,467.0,2967.0,25545.72,0.0400670742616057,0.0485609918832778,0.0435643419623374
1.0,qlstm_linear_enhanced_paper,original_2,lorenz_1000,1.0,0.001,6.0,8.0,16.0,1.0,64.0,7.514188382629072e-07,7.725496402599674e-07,0.0006436601397581,0.0006522890762425,0.9999921321868896,0.9999918341636658,467.0,1562.0,27998.65,0.0070100640878081,0.0078531205654144,0.0074382005259394
1.0,qlstm_linear_enhanced_paper,original_2,lorenz_1000,1.0,0.001,6.0,8.0,16.0,13.0,64.0,0.0025002663023769,0.0022704806178808,0.0382409393787384,0.0356096550822258,0.9734593033790588,0.9758871793746948,467.0,948.0,17447.1,0.0355121294036507,0.0411190390586853,0.0393355526030063
1.0,qlstm_linear_enhanced_paper,original_2,lorenz_1000,1.0,0.001,6.0,8.0,16.0,25.0,64.0,0.0074341371655464,0.007155483122915,0.0607826188206672,0.0606646090745925,0.920931041240692,0.9222840070724488,467.0,1463.0,24301.65,0.0386382314480013,0.0420623570680618,0.0409188754856586
1.0,qlstm_linear_enhanced_paper,original_3,lorenz_1000,1.0,0.001,6.0,8.0,4.0,1.0,64.0,1.065705987457477e-06,1.0929318250418874e-06,0.0008046834846027,0.0008177138515748,0.9999887943267822,0.9999884963035583,539.0,1703.0,17591.87,0.0023458563140593,0.0022945399396121,0.0024321898818016
1.0,qlstm_linear_enhanced_paper,original_3,lorenz_1000,1.0,0.001,6.0,8.0,4.0,13.0,64.0,0.0002154012763639,0.0002512845094315,0.0111626358702778,0.0125862387940287,0.9976913928985596,0.9973286390304564,539.0,1192.0,6608.33,0.0389994896948337,0.0465468019247055,0.0421874485909938
1.0,qlstm_linear_enhanced_paper,original_3,lorenz_1000,1.0,0.001,6.0,8.0,4.0,25.0,64.0,0.0096722338348627,0.0106533830985426,0.0646138340234756,0.0706874281167984,0.8925948143005371,0.8798268437385559,539.0,2200.0,12314.8,0.0418990828096866,0.0514908246695995,0.047276385128498
1.0,qlstm_linear_enhanced_paper,original_3,lorenz_1000,1.0,0.001,6.0,8.0,8.0,1.0,64.0,1.2940405440531322e-06,1.5155312667047838e-06,0.0008820792427286,0.0009565604268573,0.999986469745636,0.9999842643737792,539.0,1630.0,18596.08,0.0060169803211465,0.0082336915656924,0.0061105713248252
1.0,qlstm_linear_enhanced_paper,original_3,lorenz_1000,1.0,0.001,6.0,8.0,8.0,13.0,64.0,0.0006393055082298,0.0007113523315638,0.0203090105205774,0.0212076697498559,0.9931864738464355,0.9923970103263856,539.0,983.0,11343.05,0.0392285495996475,0.0439047515392303,0.0401499979197979
1.0,qlstm_linear_enhanced_paper,original_3,lorenz_1000,1.0,0.001,6.0,8.0,8.0,25.0,64.0,0.0100485188886523,0.0110642835497856,0.068081147968769,0.0727594718337059,0.8906360864639282,0.8760605454444885,539.0,1546.0,32498.41,0.0377999827265739,0.0490521863102912,0.0465683564543724
1.0,qlstm_linear_enhanced_paper,original_3,lorenz_1000,1.0,0.001,6.0,8.0,16.0,1.0,64.0,5.811181154058431e-07,6.790046995774901e-07,0.0005585310282185,0.000607528432738,0.9999938011169434,0.9999932050704956,539.0,1409.0,58369.0,0.0031035063089802,0.0035246890038251,0.0032348581589758
1.0,qlstm_linear_enhanced_paper,original_3,lorenz_1000,1.0,0.001,6.0,8.0,16.0,13.0,64.0,0.0034165079705417,0.003440307918936,0.0465370714664459,0.0470365360379219,0.963013231754303,0.9631484150886536,539.0,1269.0,30081.37,0.0382458694279193,0.0483423918485641,0.0443390980362892
1.0,qlstm_linear_enhanced_paper,original_3,lorenz_1000,1.0,0.001,6.0,8.0,16.0,25.0,64.0,0.0032368653919547,0.0033572360407561,0.0409767068922519,0.0426373556256294,0.9656826853752136,0.9630171060562134,539.0,1636.0,34965.82,0.0382173030326763,0.0448081046342849,0.0447043776512146
1.0,qlstm_linear_enhanced_paper,original_1,lorenz_1000,1.0,0.001,6.0,16.0,4.0,1.0,64.0,9.501165436631708e-07,8.945198146648181e-07,0.0007007076055742,0.0006716278730891,0.999989926815033,0.9999905228614808,691.0,1422.0,7943.32,0.0034638103563338,0.0042685521766543,0.0033438096288591
1.0,qlstm_linear_enhanced_paper,original_1,lorenz_1000,1.0,0.001,6.0,16.0,4.0,13.0,64.0,0.0003744280256796,0.0003894442052114,0.0152004761621356,0.015382956713438,0.995993673801422,0.995840549468994,691.0,1260.0,3749.92,0.0376000400632619,0.0430006086826324,0.0386351384222507
1.0,qlstm_linear_enhanced_paper,original_1,lorenz_1000,1.0,0.001,6.0,16.0,4.0,25.0,64.0,0.0116310538724064,0.0141997290775179,0.0691767409443855,0.0797512456774711,0.8702844381332397,0.8358601331710815,691.0,2778.0,15081.89,0.0403250977396965,0.0476790703833103,0.0425989516079425
1.0,qlstm_linear_enhanced_paper,original_1,lorenz_1000,1.0,0.001,6.0,16.0,8.0,1.0,64.0,8.977278866950655e-07,7.743502123958024e-07,0.000704554200638,0.0006711091846227,0.999990940093994,0.9999924898147584,691.0,1620.0,9886.77,0.0018001987016759,0.0019688117317855,0.0019263975555077
1.0,qlstm_linear_enhanced_paper,original_1,lorenz_1000,1.0,0.001,6.0,16.0,8.0,13.0,64.0,0.0009337550145573,0.0010964507237076,0.0237240735441446,0.0262984745204448,0.990012228488922,0.9882543683052064,691.0,1206.0,7377.5,0.0397551098838448,0.0453175716102123,0.0395283699035644
1.0,qlstm_linear_enhanced_paper,original_1,lorenz_1000,1.0,0.001,6.0,16.0,8.0,25.0,64.0,0.0129791162908077,0.0137127228081226,0.0781818032264709,0.083168476819992,0.8564346432685852,0.8418891429901123,691.0,1280.0,7797.94,0.03956616576761,0.0458893924951553,0.0406764186918735
1.0,qlstm_linear_enhanced_paper,original_1,lorenz_1000,1.0,0.001,6.0,16.0,16.0,1.0,64.0,1.08388269381976e-06,1.1669077366605052e-06,0.0008379449718631,0.000863344350364,0.9999885559082032,0.999987542629242,691.0,1455.0,33272.95,0.0019962569000199,0.0024746868293732,0.0019010520773008
1.0,qlstm_linear_enhanced_paper,original_1,lorenz_1000,1.0,0.001,6.0,16.0,16.0,13.0,64.0,0.0068783899769186,0.0076077599078416,0.0579113960266113,0.0623580515384674,0.9276358485221864,0.9201704859733582,691.0,1255.0,15839.17,0.0372623577713966,0.0453728027641773,0.0403362959623336
1.0,qlstm_linear_enhanced_paper,original_1,lorenz_1000,1.0,0.001,6.0,16.0,16.0,25.0,64.0,0.0057689524255692,0.0063264537602663,0.0576991885900497,0.0632291138172149,0.9379345178604126,0.9291794896125792,691.0,1689.0,19199.78,0.0401914786133501,0.0495983175933361,0.0477284938097
1.0,qlstm_linear_enhanced_paper,original_2,lorenz_1000,1.0,0.001,6.0,16.0,4.0,1.0,64.0,6.911092214068049e-07,7.16046145043947e-07,0.0006061640451662,0.0006137815653346,0.999992847442627,0.9999926686286926,763.0,1794.0,7623.56,0.0013875653967261,0.0013948808191344,0.0014306474477052
1.0,qlstm_linear_enhanced_paper,original_2,lorenz_1000,1.0,0.001,6.0,16.0,4.0,13.0,64.0,0.0001661244168644,0.000176870074938,0.0101351412013173,0.0103354603052139,0.998242735862732,0.9981172680854796,763.0,1258.0,10230.23,0.0378267057240009,0.0431974492967128,0.0393142215907573
1.0,qlstm_linear_enhanced_paper,original_2,lorenz_1000,1.0,0.001,6.0,16.0,4.0,25.0,64.0,0.014969315379858,0.0137048894539475,0.0821019113063812,0.0819964110851287,0.827565610408783,0.8433356881141663,763.0,2078.0,8726.28,0.0413352005183696,0.0506360046565532,0.0459057129919528
1.0,qlstm_linear_enhanced_paper,original_2,lorenz_1000,1.0,0.001,6.0,16.0,8.0,1.0,64.0,2.639756530697923e-06,2.279434283991577e-06,0.0011869898298755,0.0011182538000866,0.999972403049469,0.9999759793281556,763.0,1149.0,10279.44,0.0011162072303704,0.0011434188345447,0.0011666107457131
1.0,qlstm_linear_enhanced_paper,original_2,lorenz_1000,1.0,0.001,6.0,16.0,8.0,13.0,64.0,0.0004643057473003,0.0004452685534488,0.0160886626690626,0.0157873444259166,0.9951415061950684,0.9953137636184692,763.0,1167.0,10376.97,0.0394932851195335,0.0459111481904983,0.0406854264438152
1.0,qlstm_linear_enhanced_paper,original_2,lorenz_1000,1.0,0.001,6.0,16.0,8.0,25.0,64.0,0.0107700061053037,0.010450042784214,0.0769266113638877,0.0775684788823127,0.8854566216468811,0.8863406181335449,763.0,874.0,14309.49,0.0408169651404023,0.0492816381156444,0.0455513857305049
1.0,qlstm_linear_enhanced_paper,original_2,lorenz_1000,1.0,0.001,6.0,16.0,16.0,1.0,64.0,7.066184934956254e-07,7.94462323483458e-07,0.0006406469619832,0.0006653061136603,0.9999926686286926,0.9999918937683104,763.0,1187.0,21446.56,0.0006386183376889,0.0006130349938757,0.0006302354158833
1.0,qlstm_linear_enhanced_paper,original_2,lorenz_1000,1.0,0.001,6.0,16.0,16.0,13.0,64.0,0.0027614054270088,0.0026096662040799,0.0412126816809177,0.0395489931106567,0.9701271057128906,0.9720414280891418,763.0,863.0,15680.86,0.036007303930819,0.0417217649519443,0.0391657538712024
1.0,qlstm_linear_enhanced_paper,original_2,lorenz_1000,1.0,0.001,6.0,16.0,16.0,25.0,64.0,0.0046512386761605,0.0056719593703746,0.049522690474987,0.0555256083607673,0.9511529207229614,0.939323365688324,763.0,1975.0,32329.82,0.0393368576963742,0.0461725629866123,0.0462712310254573
1.0,qlstm_linear_enhanced_paper,original_3,lorenz_1000,1.0,0.001,6.0,16.0,4.0,1.0,64.0,7.554352237093553e-07,6.966424166421348e-07,0.0006296666688285,0.0006132130511105,0.9999918937683104,0.9999926686286926,835.0,1398.0,7845.57,0.0013677871262189,0.0014572497457265,0.0014388655545189
1.0,qlstm_linear_enhanced_paper,original_3,lorenz_1000,1.0,0.001,6.0,16.0,4.0,13.0,64.0,0.0001706894981907,0.0001805180654628,0.0101289236918091,0.0105918664485216,0.9981900453567504,0.9980754256248474,835.0,1108.0,11564.06,0.0391101982444524,0.0459210127592086,0.0407064817845821
1.0,qlstm_linear_enhanced_paper,original_3,lorenz_1000,1.0,0.001,6.0,16.0,4.0,25.0,64.0,0.007240948267281,0.007626730017364,0.0552184283733367,0.0570033490657806,0.9217104315757751,0.91806161403656,835.0,2429.0,24994.66,0.0395865205675363,0.0469745658338069,0.0404448993504047
1.0,qlstm_linear_enhanced_paper,original_3,lorenz_1000,1.0,0.001,6.0,16.0,8.0,1.0,64.0,5.340734219316801e-07,5.890340162295615e-07,0.0005607330822385,0.0005762351793237,0.999994456768036,0.9999939203262328,835.0,1646.0,35040.31,0.0022258786717429,0.0024392849300056,0.0022748464252799
1.0,qlstm_linear_enhanced_paper,original_3,lorenz_1000,1.0,0.001,6.0,16.0,8.0,13.0,64.0,0.000448001694167,0.0004458308394532,0.0165836978703737,0.016290945932269,0.9952298402786256,0.995243489742279,835.0,913.0,19615.85,0.0387320131063461,0.0426842868328094,0.0395552851259708
1.0,qlstm_linear_enhanced_paper,original_3,lorenz_1000,1.0,0.001,6.0,16.0,8.0,25.0,64.0,0.0143869910389184,0.0145048080012202,0.088329330086708,0.0879933461546897,0.8410484790802002,0.8361219763755798,835.0,1334.0,15423.41,0.0369130466133356,0.0465470217168331,0.0424363724887371
1.0,qlstm_linear_enhanced_paper,original_3,lorenz_1000,1.0,0.001,6.0,16.0,16.0,1.0,64.0,5.716466944249987e-07,6.148489433144277e-07,0.0005663450574502,0.000571823620703,0.999993860721588,0.9999935626983644,835.0,1444.0,33869.3,0.0021426886552944,0.0022661294788122,0.0022852020338177
1.0,qlstm_linear_enhanced_paper,original_3,lorenz_1000,1.0,0.001,6.0,16.0,16.0,13.0,64.0,0.0017206261400133,0.0017650238005444,0.0332135632634162,0.0331132300198078,0.9821577668190002,0.9813407063484192,835.0,897.0,21155.53,0.0368011463433504,0.044016808271408,0.0399408861994743
1.0,qlstm_linear_enhanced_paper,original_3,lorenz_1000,1.0,0.001,6.0,16.0,16.0,25.0,64.0,0.0052535086870193,0.0063241594471037,0.0528202950954437,0.0608426667749881,0.9440051913261414,0.9286088347434998,835.0,1575.0,33909.9,0.0386869754228327,0.0439766868948936,0.0404247604310512
1.0,qlstm_linear_enhanced_paper,original_1,lorenz_1000,1.0,0.001,6.0,32.0,4.0,1.0,64.0,1.11040048977884e-06,1.2727085731967236e-06,0.0007508609560318,0.0007511439034715,0.9999880790710448,0.99998676776886,1283.0,1558.0,8489.04,0.0017490773228928,0.0019559445790946,0.0018274105386808
1.0,qlstm_linear_enhanced_paper,original_1,lorenz_1000,1.0,0.001,6.0,32.0,4.0,13.0,64.0,0.000286794907879,0.0003266964922659,0.0131263108924031,0.0142358774319291,0.9969412684440612,0.9965223670005798,1283.0,1914.0,10416.01,0.0389396920800209,0.0457244627177715,0.0392494313418865
1.0,qlstm_linear_enhanced_paper,original_1,lorenz_1000,1.0,0.001,6.0,32.0,4.0,25.0,64.0,0.0109593607485294,0.0119390171021223,0.07049460709095,0.0766385495662689,0.8797267079353333,0.8663250207901001,1283.0,2766.0,15016.54,0.0391775596886873,0.0464544519782066,0.038831677287817
1.0,qlstm_linear_enhanced_paper,original_1,lorenz_1000,1.0,0.001,6.0,32.0,8.0,1.0,64.0,1.0254544804411123e-06,1.162935518550512e-06,0.0007644487195648,0.0008043182315304,0.9999890327453612,0.9999873638153076,1283.0,1276.0,7859.55,0.0005660313036059,0.0005751995486207,0.0005993562517687
1.0,qlstm_linear_enhanced_paper,original_1,lorenz_1000,1.0,0.001,6.0,32.0,8.0,13.0,64.0,0.0006528233643621,0.0007328115170821,0.0200881976634264,0.0205405335873365,0.9929872751235962,0.9921844601631165,1283.0,1227.0,7469.64,0.0399178327992558,0.0462242551147937,0.0395569913089275
1.0,qlstm_linear_enhanced_paper,original_1,lorenz_1000,1.0,0.001,6.0,32.0,8.0,25.0,64.0,0.0103389024734497,0.0106544513255357,0.067177876830101,0.0719776004552841,0.8869978189468384,0.8801657557487488,1283.0,1862.0,20908.51,0.038054066337645,0.0457919985055923,0.0402595326304435
1.0,qlstm_linear_enhanced_paper,original_1,lorenz_1000,1.0,0.001,6.0,32.0,16.0,1.0,64.0,1.4692069498778435e-06,1.5399515405079e-06,0.0009114275453612,0.0009370251791551,0.9999840259552002,0.9999837875366212,1283.0,1002.0,22653.06,0.0012220496428199,0.0014647142961621,0.0011880876263603
1.0,qlstm_linear_enhanced_paper,original_1,lorenz_1000,1.0,0.001,6.0,32.0,16.0,13.0,64.0,0.004134826362133,0.0053974818438291,0.0478320904076099,0.0534466616809368,0.9554875493049622,0.940661072731018,1283.0,1089.0,13653.66,0.0375115571543574,0.0463570803403854,0.0402636192739009
1.0,qlstm_linear_enhanced_paper,original_1,lorenz_1000,1.0,0.001,6.0,32.0,16.0,25.0,64.0,0.0106947915628552,0.0110664069652557,0.0716634690761566,0.076518028974533,0.8823282718658447,0.8750259876251221,1283.0,1117.0,22923.29,0.0396377299394872,0.0428288541734218,0.0391989536583423
1.0,qlstm_linear_enhanced_paper,original_2,lorenz_1000,1.0,0.001,6.0,32.0,4.0,1.0,64.0,1.44675652791193e-06,1.2731230754070566e-06,0.0008570189238525,0.0008012550533749,0.999984860420227,0.9999865293502808,1355.0,1210.0,5233.2,0.0014085414703004,0.0014828367857262,0.0014691434334963
1.0,qlstm_linear_enhanced_paper,original_2,lorenz_1000,1.0,0.001,6.0,32.0,4.0,13.0,64.0,0.0004685349122155,0.0004730835207737,0.01590689830482,0.0155110321938991,0.9950047135353088,0.9949755668640136,1355.0,1301.0,5601.27,0.0361136052757501,0.0413686670362949,0.0387563034892082
1.0,qlstm_linear_enhanced_paper,original_2,lorenz_1000,1.0,0.001,6.0,32.0,4.0,25.0,64.0,0.0097730681300163,0.0104004545137286,0.0646513625979423,0.0695688053965568,0.890049397945404,0.8827902674674988,1355.0,1645.0,6953.08,0.0382612412795424,0.0463874042034149,0.0428891032934188
1.0,qlstm_linear_enhanced_paper,original_2,lorenz_1000,1.0,0.001,6.0,32.0,8.0,1.0,64.0,2.1491714505827986e-06,2.2297349460131954e-06,0.0011510994518175,0.0011675361311063,0.9999768733978271,0.9999760389328004,1355.0,851.0,14083.53,0.0006494355620816,0.0006654133321717,0.0006882136221975
1.0,qlstm_linear_enhanced_paper,original_2,lorenz_1000,1.0,0.001,6.0,32.0,8.0,13.0,64.0,0.0009847152978181,0.001043397700414,0.0238393824547529,0.0251919254660606,0.9895079135894777,0.9888729453086852,1355.0,764.0,6778.12,0.0390465635806322,0.0450156852602958,0.0396239086985588
1.0,qlstm_linear_enhanced_paper,original_2,lorenz_1000,1.0,0.001,6.0,32.0,8.0,25.0,64.0,0.0181943327188491,0.0176189914345741,0.0917160138487815,0.0933890640735626,0.7922458052635193,0.796207070350647,1355.0,775.0,6881.67,0.0368725297972559,0.0481303110718727,0.0445251576602458
1.0,qlstm_linear_enhanced_paper,original_2,lorenz_1000,1.0,0.001,6.0,32.0,16.0,1.0,64.0,1.5377435147456708e-06,1.4023843277755077e-06,0.0009501373860985,0.0009138070745393,0.9999846816062928,0.999986171722412,1355.0,879.0,15950.37,0.0008165184641256,0.0008732773130759,0.0007751547964289
1.0,qlstm_linear_enhanced_paper,original_2,lorenz_1000,1.0,0.001,6.0,32.0,16.0,13.0,64.0,0.0018556889845058,0.0021053007803857,0.0329757705330848,0.0351623110473156,0.980211079120636,0.9774728417396544,1355.0,907.0,16422.61,0.0368759339675307,0.0429761186242103,0.0408269949257373
1.0,qlstm_linear_enhanced_paper,original_2,lorenz_1000,1.0,0.001,6.0,32.0,16.0,25.0,64.0,0.0037244586274027,0.0046111838892102,0.0433829762041568,0.0510565750300884,0.9619914293289183,0.9500447511672974,1355.0,1428.0,42660.83,0.0312791913747787,0.0384480245411396,0.0377198085188865
1.0,qlstm_linear_enhanced_paper,original_3,lorenz_1000,1.0,0.001,6.0,32.0,4.0,1.0,64.0,8.708677228241868e-07,1.0677481441234704e-06,0.0006800994160585,0.0007257944671437,0.9999908208847046,0.9999890327453612,1427.0,1147.0,6498.7,0.0013157058507204,0.0013806008500978,0.0013967129634693
1.0,qlstm_linear_enhanced_paper,original_3,lorenz_1000,1.0,0.001,6.0,32.0,4.0,13.0,64.0,0.0002186974306823,0.0002294718287885,0.0114196110516786,0.0115205002948641,0.9977011680603028,0.9975997805595398,1427.0,1168.0,6642.32,0.037566003575921,0.042685966938734,0.0393397286534309
1.0,qlstm_linear_enhanced_paper,original_3,lorenz_1000,1.0,0.001,6.0,32.0,4.0,25.0,64.0,0.011776627972722,0.0126989083364605,0.0690027102828025,0.0746554881334304,0.8668318390846252,0.8549396395683289,1427.0,1625.0,17047.28,0.0385003436356782,0.0464459881186485,0.0423560105264186
1.0,qlstm_linear_enhanced_paper,original_3,lorenz_1000,1.0,0.001,6.0,32.0,8.0,1.0,64.0,1.058895463756926e-06,1.2781409850504133e-06,0.0007679891423322,0.0008276965818367,0.9999890327453612,0.99998676776886,1427.0,986.0,11579.97,0.0005964857409708,0.0006524873897433,0.0006470007356256
1.0,qlstm_linear_enhanced_paper,original_3,lorenz_1000,1.0,0.001,6.0,32.0,8.0,13.0,64.0,0.0009556869626976,0.0010478079784661,0.0243545901030302,0.0252061262726783,0.989809274673462,0.988771677017212,1427.0,830.0,9798.47,0.0403193829581141,0.0467951297760009,0.0407191216945648
1.0,qlstm_linear_enhanced_paper,original_3,lorenz_1000,1.0,0.001,6.0,32.0,8.0,25.0,64.0,0.0073446286842226,0.0079958448186516,0.0613664761185646,0.0649826154112815,0.9217498898506165,0.914317786693573,1427.0,1386.0,15867.83,0.0373495979234576,0.0478003472089767,0.0428854674100875
1.0,qlstm_linear_enhanced_paper,original_3,lorenz_1000,1.0,0.001,6.0,32.0,16.0,1.0,64.0,9.910892231346224e-07,8.561486311009503e-07,0.0007355015259236,0.0006744108977727,0.9999903440475464,0.9999911189079284,1427.0,1106.0,26269.58,0.0004222103598294,0.0004190649779047,0.0003800081904046
1.0,qlstm_linear_enhanced_paper,original_3,lorenz_1000,1.0,0.001,6.0,32.0,16.0,13.0,64.0,0.002347836503759,0.0023487654980272,0.0357451923191547,0.0351653173565864,0.9747352004051208,0.9748033285140992,1427.0,934.0,22409.56,0.0354557566344738,0.0427122935652732,0.0405692011117935
1.0,qlstm_linear_enhanced_paper,original_3,lorenz_1000,1.0,0.001,6.0,32.0,16.0,25.0,64.0,0.00592418666929,0.0064305537380278,0.0591464713215827,0.0623492747545242,0.9371482729911804,0.9313238263130188,1427.0,968.0,20926.89,0.0386329748564296,0.0440118014812469,0.0431768149137496
1.0,qlstm_linear_enhanced_paper,original_1,lorenz_1000,2.0,0.001,6.0,8.0,4.0,1.0,64.0,1.1495948228912312e-06,1.3780904737359378e-06,0.0008149571367539,0.000891605799552,0.9999881982803344,0.9999860525131226,395.0,1645.0,9000.35,0.0039739891188219,0.0051006092689931,0.0037381676957011
1.0,qlstm_linear_enhanced_paper,original_1,lorenz_1000,2.0,0.001,6.0,8.0,4.0,13.0,64.0,0.0003220759390387,0.0003308713203296,0.0133213978260755,0.0133221382275223,0.9966779947280884,0.9965126514434814,395.0,1822.0,5420.63,0.0372501639649271,0.0443327650427818,0.0400554873049259
1.0,qlstm_linear_enhanced_paper,original_1,lorenz_1000,2.0,0.001,6.0,8.0,4.0,25.0,64.0,0.0099871363490819,0.0111918337643146,0.0671064853668212,0.0739322751760482,0.893279492855072,0.8755584955215454,395.0,4237.0,22527.0,0.0391506873071193,0.0478481687605381,0.0419116988778114
1.0,qlstm_linear_enhanced_paper,original_1,lorenz_1000,2.0,0.001,6.0,8.0,8.0,1.0,64.0,1.3757703527517151e-06,1.6237482896030997e-06,0.0008811167790554,0.0009521147585473,0.9999852776527404,0.9999827146530152,395.0,1847.0,11173.11,0.0044007127871736,0.0051072449423372,0.0041828854009509
1.0,qlstm_linear_enhanced_paper,original_1,lorenz_1000,2.0,0.001,6.0,8.0,8.0,13.0,64.0,0.001314383582212,0.0013103890232741,0.0277524944394826,0.027848944067955,0.9860230088233948,0.9859956502914428,395.0,1178.0,7226.7,0.0380111068487167,0.0454671494662761,0.0399170294404029
1.0,qlstm_linear_enhanced_paper,original_1,lorenz_1000,2.0,0.001,6.0,8.0,8.0,25.0,64.0,0.0104046305641531,0.0099492175504565,0.0709743425250053,0.0688404515385627,0.8827672600746155,0.8875225186347961,395.0,3164.0,18465.77,0.0435467477887868,0.0546832643449306,0.0495571717619895
1.0,qlstm_linear_enhanced_paper,original_1,lorenz_1000,2.0,0.001,6.0,8.0,16.0,1.0,64.0,5.852601816513925e-07,7.009363116594614e-07,0.0005762722576037,0.0006087831570766,0.999993622303009,0.9999926686286926,395.0,1880.0,40273.98,0.0047400987008586,0.0063332533463835,0.004744192585349
1.0,qlstm_linear_enhanced_paper,original_1,lorenz_1000,2.0,0.001,6.0,8.0,16.0,13.0,64.0,0.0066489987075328,0.0058895736001431,0.0566418394446373,0.0546387434005737,0.9278340339660645,0.938158929347992,395.0,945.0,11677.91,0.0402234818786382,0.0453330017626285,0.0409045927226543
1.0,qlstm_linear_enhanced_paper,original_1,lorenz_1000,2.0,0.001,6.0,8.0,16.0,25.0,64.0,0.0097695719450712,0.0103856995701789,0.072660706937313,0.0767102539539337,0.892616331577301,0.8793897032737732,395.0,1016.0,11834.52,0.0395397384547525,0.0464666299521923,0.0428034141659736
1.0,qlstm_linear_enhanced_paper,original_2,lorenz_1000,2.0,0.001,6.0,8.0,4.0,1.0,64.0,9.057329179995576e-07,9.441407655685908e-07,0.0007335514528676,0.0007607195875607,0.9999905228614808,0.9999900460243224,467.0,2032.0,8658.04,0.0017707870167214,0.0019203159026801,0.0017963611753657
1.0,qlstm_linear_enhanced_paper,original_2,lorenz_1000,2.0,0.001,6.0,8.0,4.0,13.0,64.0,0.0002854338381439,0.0002994345850311,0.0128409853205084,0.0135103492066264,0.9969629049301147,0.996801257133484,467.0,1119.0,4808.2,0.0362307442352175,0.0420397147536277,0.0387280732393264
1.0,qlstm_linear_enhanced_paper,original_2,lorenz_1000,2.0,0.001,6.0,8.0,4.0,25.0,64.0,0.0144679192453622,0.01624271646142,0.0838605239987373,0.091384045779705,0.8351382613182068,0.810547411441803,467.0,1768.0,14030.67,0.0407230965793132,0.0476131066679954,0.0423255153000354
1.0,qlstm_linear_enhanced_paper,original_2,lorenz_1000,2.0,0.001,6.0,8.0,8.0,1.0,64.0,9.146442607743666e-07,9.343037845610525e-07,0.000727635459043,0.00076068227645,0.9999902248382568,0.999989926815033,467.0,1479.0,12847.18,0.0020543084363453,0.002319861203432,0.0021134670823812
1.0,qlstm_linear_enhanced_paper,original_2,lorenz_1000,2.0,0.001,6.0,8.0,8.0,13.0,64.0,0.0006468341453,0.0006394588272087,0.0192999597638845,0.0192950367927551,0.9931106567382812,0.9932595491409302,467.0,1289.0,21211.93,0.0376187020912766,0.0429898537695407,0.0405936650931835
1.0,qlstm_linear_enhanced_paper,original_2,lorenz_1000,2.0,0.001,6.0,8.0,8.0,25.0,64.0,0.0135246813297271,0.0139740202575922,0.0845191702246666,0.0873651057481765,0.8520419597625732,0.8442949652671814,467.0,1325.0,11886.87,0.044695484265685,0.0537420809268951,0.0492628589272499
1.0,qlstm_linear_enhanced_paper,original_2,lorenz_1000,2.0,0.001,6.0,8.0,16.0,1.0,64.0,8.808943334770447e-07,7.974059030857461e-07,0.0007082029478624,0.000683847174514,0.999990701675415,0.999991536140442,467.0,1666.0,30264.27,0.0023174984147772,0.0024498468264937,0.0024227874819189
1.0,qlstm_linear_enhanced_paper,original_2,lorenz_1000,2.0,0.001,6.0,8.0,16.0,13.0,64.0,0.0011312392307445,0.0012321834219619,0.0259205978363752,0.0280217472463846,0.9880152344703674,0.9869310259819032,467.0,1170.0,38081.99,0.0386837970465421,0.0419972166419029,0.0373165495693683
1.0,qlstm_linear_enhanced_paper,original_2,lorenz_1000,2.0,0.001,6.0,8.0,16.0,25.0,64.0,0.004558274988085,0.0046542030759155,0.0546932369470596,0.0556775853037834,0.950953245162964,0.948916792869568,467.0,1158.0,35259.77,0.0396126359701156,0.0453902818262577,0.042747963219881
1.0,qlstm_linear_enhanced_paper,original_3,lorenz_1000,2.0,0.001,6.0,8.0,4.0,1.0,64.0,1.2677365930358064e-06,1.4751808521396017e-06,0.0008726501255296,0.0009209924028255,0.9999862909317015,0.999984085559845,539.0,1607.0,9016.2,0.0034902401501312,0.0036013768985867,0.0038040031213313
1.0,qlstm_linear_enhanced_paper,original_3,lorenz_1000,2.0,0.001,6.0,8.0,4.0,13.0,64.0,0.0001982911926461,0.000233811646467,0.0111087998375296,0.0122054889798164,0.9979288578033448,0.997510015964508,539.0,1473.0,15141.65,0.0385311314836144,0.0486814901232719,0.0438704155385494
1.0,qlstm_linear_enhanced_paper,original_3,lorenz_1000,2.0,0.001,6.0,8.0,4.0,25.0,64.0,0.0096082296222448,0.0104400748386979,0.0618996769189834,0.0654995217919349,0.8938983678817749,0.8834409713745117,539.0,2815.0,29233.28,0.0413047842681407,0.0536185763776302,0.0488126799464225
1.0,qlstm_linear_enhanced_paper,original_3,lorenz_1000,2.0,0.001,6.0,8.0,8.0,1.0,64.0,7.094975558175065e-07,7.772390517857275e-07,0.0006333052297122,0.0006550101679749,0.9999926686286926,0.9999915957450868,539.0,1549.0,17782.86,0.001667211507447,0.0017966501181945,0.0017032227478921
1.0,qlstm_linear_enhanced_paper,original_3,lorenz_1000,2.0,0.001,6.0,8.0,8.0,13.0,64.0,0.0005030036554671,0.0004879746993537,0.0172216072678565,0.0168620217591524,0.994686484336853,0.9948198795318604,539.0,1349.0,28759.79,0.0385079292580485,0.0473754853010177,0.0430477075278759
1.0,qlstm_linear_enhanced_paper,original_3,lorenz_1000,2.0,0.001,6.0,8.0,8.0,25.0,64.0,0.0121100163087248,0.0135742919519543,0.0790869668126106,0.0853109061717987,0.8679813146591187,0.8491637110710144,539.0,1618.0,18157.86,0.0421189177781343,0.049631793051958,0.0442773215472698
1.0,qlstm_linear_enhanced_paper,original_3,lorenz_1000,2.0,0.001,6.0,8.0,16.0,1.0,64.0,9.698051144368949e-07,1.0876215128519109e-06,0.000748795166146,0.000806389551144,0.9999903440475464,0.999988853931427,539.0,1253.0,29442.01,0.0032876590033993,0.0039503001607954,0.0035950560122728
1.0,qlstm_linear_enhanced_paper,original_3,lorenz_1000,2.0,0.001,6.0,8.0,16.0,13.0,64.0,0.0079482551664114,0.0097983488813042,0.0662756785750389,0.0729103535413742,0.9142756462097168,0.8945908546447754,539.0,762.0,32299.32,0.0418848074972629,0.0495379790663719,0.045296024531126
1.0,qlstm_linear_enhanced_paper,original_3,lorenz_1000,2.0,0.001,6.0,8.0,16.0,25.0,64.0,0.0068003642372787,0.0074982005171477,0.0595510154962539,0.0634015798568725,0.926596462726593,0.9153440594673156,539.0,1383.0,52151.92,0.0390363430811299,0.0441182292997837,0.0434818901121616
1.0,qlstm_linear_enhanced_paper,original_1,lorenz_1000,2.0,0.001,6.0,16.0,4.0,1.0,64.0,1.9138506104354747e-06,1.9433091438259e-06,0.0010810322128236,0.0010757279815152,0.9999796152114868,0.999979555606842,691.0,1500.0,8343.14,0.0021581417531706,0.0024983156472444,0.0022095225285738
1.0,qlstm_linear_enhanced_paper,original_1,lorenz_1000,2.0,0.001,6.0,16.0,4.0,13.0,64.0,0.0005979025736451,0.0005625726189464,0.0187830477952957,0.0181997083127498,0.9935911893844604,0.9940685033798218,691.0,1401.0,4177.19,0.0376720022410154,0.045382622629404,0.0408702902495861
1.0,qlstm_linear_enhanced_paper,original_1,lorenz_1000,2.0,0.001,6.0,16.0,4.0,25.0,64.0,0.0145410541445016,0.0153983402997255,0.0876312553882598,0.091506116092205,0.8355690240859985,0.8212511539459229,691.0,2588.0,14237.89,0.0448956735432148,0.0541162900626659,0.0484767816960811
1.0,qlstm_linear_enhanced_paper,original_1,lorenz_1000,2.0,0.001,6.0,16.0,8.0,1.0,64.0,1.880064019132988e-06,1.9715680537046865e-06,0.0010092331795021,0.0010361497988924,0.9999805688858032,0.999980330467224,691.0,1476.0,16469.48,0.0030187014723196,0.0036821980029344,0.0028018411248922
1.0,qlstm_linear_enhanced_paper,original_1,lorenz_1000,2.0,0.001,6.0,16.0,8.0,13.0,64.0,0.0006141801131889,0.0007031001732684,0.0195726528763771,0.0207437295466661,0.993408501148224,0.9924868941307068,691.0,1350.0,8253.29,0.0384639544412493,0.0471870154142379,0.0417145937681198
1.0,qlstm_linear_enhanced_paper,original_1,lorenz_1000,2.0,0.001,6.0,16.0,8.0,25.0,64.0,0.0093267271295189,0.011167868040502,0.0662971064448356,0.0759299173951149,0.8981057405471802,0.8730011582374573,691.0,2578.0,28038.12,0.0445583317428827,0.05291748046875,0.04819106310606
1.0,qlstm_linear_enhanced_paper,original_1,lorenz_1000,2.0,0.001,6.0,16.0,16.0,1.0,64.0,8.166584848368075e-07,7.565632813566481e-07,0.0006654286989942,0.0006221481016837,0.9999917149543762,0.9999919533729552,691.0,1245.0,28077.33,0.0026434949715621,0.0033566940110176,0.0027520437724888
1.0,qlstm_linear_enhanced_paper,original_1,lorenz_1000,2.0,0.001,6.0,16.0,16.0,13.0,64.0,0.0039815171621739,0.0051223901100456,0.0457634218037128,0.0514733232557773,0.9573349356651306,0.94427090883255,691.0,1292.0,29096.0,0.0405308358371257,0.046671912074089,0.0419306494295597
1.0,qlstm_linear_enhanced_paper,original_1,lorenz_1000,2.0,0.001,6.0,16.0,16.0,25.0,64.0,0.0068525564856827,0.0066476766951382,0.055508766323328,0.057314395904541,0.9268705248832704,0.926019012928009,691.0,2576.0,52292.54,0.0392141598794195,0.0440521351993083,0.0422426126897335
1.0,qlstm_linear_enhanced_paper,original_2,lorenz_1000,2.0,0.001,6.0,16.0,4.0,1.0,64.0,7.698833428548824e-07,6.770398499611474e-07,0.0006396346143446,0.0006008899072185,0.9999918341636658,0.9999927878379822,763.0,1429.0,6079.84,0.0015475008520297,0.0016147255664691,0.0017140578711405
1.0,qlstm_linear_enhanced_paper,original_2,lorenz_1000,2.0,0.001,6.0,16.0,4.0,13.0,64.0,0.0001578582741785,0.0001714818208711,0.0098952762782573,0.0103840371593832,0.9983029365539552,0.9981808066368104,763.0,1272.0,5417.3,0.0361791485920548,0.041921280324459,0.0389589294791221
1.0,qlstm_linear_enhanced_paper,original_2,lorenz_1000,2.0,0.001,6.0,16.0,4.0,25.0,64.0,0.0090766381472349,0.0098832985386252,0.0624141842126846,0.0658871382474899,0.9026668667793274,0.8925942778587341,763.0,1503.0,11954.44,0.0379253376275301,0.0479679107666015,0.0438231006264686
1.0,qlstm_linear_enhanced_paper,original_2,lorenz_1000,2.0,0.001,6.0,16.0,8.0,1.0,64.0,2.5258591449528467e-06,2.8445429052226245e-06,0.0011792896548286,0.0012044414179399,0.9999756813049316,0.9999719858169556,763.0,870.0,7781.82,0.0015066907275468,0.0016852699918672,0.0014769053086638
1.0,qlstm_linear_enhanced_paper,original_2,lorenz_1000,2.0,0.001,6.0,16.0,8.0,13.0,64.0,0.0011543151922523,0.0011530526680871,0.0266890432685613,0.0268309228122234,0.9875965118408204,0.9876891374588012,763.0,835.0,7518.31,0.0378198344260454,0.0445833131670951,0.0404801927506923
1.0,qlstm_linear_enhanced_paper,original_2,lorenz_1000,2.0,0.001,6.0,16.0,8.0,25.0,64.0,0.0113200554624199,0.0115999085828661,0.0728244334459304,0.0734947100281715,0.8782188892364502,0.8728763461112976,763.0,1065.0,9441.51,0.0375818066298961,0.0451763570308685,0.0403796583414077
1.0,qlstm_linear_enhanced_paper,original_2,lorenz_1000,2.0,0.001,6.0,16.0,16.0,1.0,64.0,3.715686887062475e-07,3.104768495632016e-07,0.0003714160993695,0.0003651001316029,0.9999960064888,0.9999968409538268,763.0,1508.0,27772.92,0.001120814087335,0.0014049796154722,0.0011875374475494
1.0,qlstm_linear_enhanced_paper,original_2,lorenz_1000,2.0,0.001,6.0,16.0,16.0,13.0,64.0,0.0039123753085732,0.0049683791585266,0.0494371838867664,0.0551946833729743,0.958127737045288,0.9470958709716796,763.0,931.0,30352.31,0.0400521218776702,0.0457185320556163,0.0413684509694576
1.0,qlstm_linear_enhanced_paper,original_2,lorenz_1000,2.0,0.001,6.0,16.0,16.0,25.0,64.0,0.0040224785916507,0.0043412190861999,0.0498518496751785,0.0519339255988597,0.9588995575904846,0.9537002444267272,763.0,1331.0,22071.77,0.041422547151645,0.0478887781500816,0.0465808734297752
1.0,qlstm_linear_enhanced_paper,original_3,lorenz_1000,2.0,0.001,6.0,16.0,4.0,1.0,64.0,7.907096346571052e-07,8.586429203205626e-07,0.0006670553702861,0.0006899384898133,0.9999918341636658,0.9999911785125732,835.0,1292.0,7205.49,0.0019549941061995,0.0018688440322875,0.0020469964947551
1.0,qlstm_linear_enhanced_paper,original_3,lorenz_1000,2.0,0.001,6.0,16.0,4.0,13.0,64.0,0.0003017379785887,0.0003100342291872,0.0136205311864614,0.0139055233448743,0.9967547059059144,0.9966924786567688,835.0,1433.0,8026.87,0.0366376230493187,0.0422048717737197,0.0395294278860092
1.0,qlstm_linear_enhanced_paper,original_3,lorenz_1000,2.0,0.001,6.0,16.0,4.0,25.0,64.0,0.0115470606833696,0.0116676269099116,0.0712283104658126,0.0708233416080474,0.8716083765029907,0.867967426776886,835.0,2559.0,14175.49,0.0392064884305,0.052051056176424,0.0469689704477787
1.0,qlstm_linear_enhanced_paper,original_3,lorenz_1000,2.0,0.001,6.0,16.0,8.0,1.0,64.0,1.567551180414739e-06,1.491452962909534e-06,0.0009392519132234,0.000923526182305,0.9999836683273317,0.9999841451644896,835.0,1246.0,14218.23,0.0018986808368936,0.0019215315114706,0.0019273986108601
1.0,qlstm_linear_enhanced_paper,original_3,lorenz_1000,2.0,0.001,6.0,16.0,8.0,13.0,64.0,0.0010916944593191,0.0011948466999456,0.0255274660885334,0.0273157693445682,0.9885870814323424,0.9875117540359496,835.0,912.0,10530.92,0.0372036838904023,0.0435492694377899,0.0389664582908153
1.0,qlstm_linear_enhanced_paper,original_3,lorenz_1000,2.0,0.001,6.0,16.0,8.0,25.0,64.0,0.0172831490635871,0.0179629474878311,0.092319518327713,0.097067005932331,0.7962521910667419,0.7858753800392151,835.0,780.0,16446.65,0.0380440851673483,0.0475341752171516,0.0433259606361389
1.0,qlstm_linear_enhanced_paper,original_3,lorenz_1000,2.0,0.001,6.0,16.0,16.0,1.0,64.0,6.582825449186203e-07,8.151045562954096e-07,0.0005865927087143,0.0006478515570051,0.9999932050704956,0.999991536140442,835.0,1271.0,29894.58,0.001221462781541,0.0012711948947981,0.0012804818106815
1.0,qlstm_linear_enhanced_paper,original_3,lorenz_1000,2.0,0.001,6.0,16.0,16.0,13.0,64.0,0.0036223945207893,0.0037235529161989,0.0474018082022666,0.0469902753829956,0.9619195461273192,0.9605830311775208,835.0,831.0,35463.68,0.0418505761772394,0.0484921149909496,0.045225765556097
1.0,qlstm_linear_enhanced_paper,original_3,lorenz_1000,2.0,0.001,6.0,16.0,16.0,25.0,64.0,0.0053867707028985,0.0057976697571575,0.0580761358141899,0.0605284050107002,0.941908836364746,0.9354645013809204,835.0,1064.0,23758.12,0.0374878183421161,0.0439257360994815,0.043332640081644
1.0,qlstm_linear_enhanced_paper,original_1,lorenz_1000,2.0,0.001,6.0,32.0,4.0,1.0,64.0,1.089211195903772e-06,9.503162914370478e-07,0.0007754747057333,0.0007332856184802,0.9999882578849792,0.999989926815033,1283.0,1640.0,4790.15,0.0021794425789266,0.0026252542156726,0.0022101229988038
1.0,qlstm_linear_enhanced_paper,original_1,lorenz_1000,2.0,0.001,6.0,32.0,4.0,13.0,64.0,0.0001936419284902,0.0002168690989492,0.0108217569068074,0.0114712184295058,0.9979383945465088,0.9976847171783448,1283.0,1835.0,5455.89,0.0370419109240174,0.0434185191988945,0.0391033589839935
1.0,qlstm_linear_enhanced_paper,original_1,lorenz_1000,2.0,0.001,6.0,32.0,4.0,25.0,64.0,0.0052097905427217,0.0053406385704874,0.0460619814693927,0.0475208722054958,0.9429622292518616,0.9427414536476136,1283.0,5003.0,14609.37,0.0395693652331829,0.0450335256755352,0.0376382283866405
1.0,qlstm_linear_enhanced_paper,original_1,lorenz_1000,2.0,0.001,6.0,32.0,8.0,1.0,64.0,2.421883209535736e-06,2.3801014776836382e-06,0.001187972840853,0.0011643815087154,0.9999768733978271,0.9999767541885376,1283.0,1246.0,13855.03,0.0029426218010485,0.0036904662847518,0.0029846865218132
1.0,qlstm_linear_enhanced_paper,original_1,lorenz_1000,2.0,0.001,6.0,32.0,8.0,13.0,64.0,0.001751729985699,0.0016544727841392,0.0333532281219959,0.0320735722780227,0.9812700152397156,0.9825214147567748,1283.0,1046.0,6400.2,0.0375521456822752,0.0442552417516708,0.0391747504472732
1.0,qlstm_linear_enhanced_paper,original_1,lorenz_1000,2.0,0.001,6.0,32.0,8.0,25.0,64.0,0.0155224781483411,0.01478439476341,0.0865961909294128,0.0860732048749923,0.8231576085090637,0.8291419148445129,1283.0,1259.0,14221.65,0.0386369138956069,0.0459506176412105,0.0412068925797939
1.0,qlstm_linear_enhanced_paper,original_1,lorenz_1000,2.0,0.001,6.0,32.0,16.0,1.0,64.0,1.1503310588523163e-06,1.2574740821946762e-06,0.0007824231870472,0.0008202296448871,0.9999881982803344,0.9999873638153076,1283.0,1162.0,26428.78,0.0016504694707691,0.0019772197119891,0.0017636474221944
1.0,qlstm_linear_enhanced_paper,original_1,lorenz_1000,2.0,0.001,6.0,32.0,16.0,13.0,64.0,0.0044463220983743,0.0061297942884266,0.0525818690657615,0.0596497990190982,0.9515276551246644,0.9334397315979004,1283.0,908.0,11436.97,0.0393003178760409,0.0449986867606639,0.0392051115632057
1.0,qlstm_linear_enhanced_paper,original_1,lorenz_1000,2.0,0.001,6.0,32.0,16.0,25.0,64.0,0.0026607336476445,0.0033070850186049,0.0381942838430404,0.0448242984712123,0.973609447479248,0.9655529260635376,1283.0,2563.0,29810.45,0.0392914741403526,0.0436548553407192,0.0408861115574836
1.0,qlstm_linear_enhanced_paper,original_2,lorenz_1000,2.0,0.001,6.0,32.0,4.0,1.0,64.0,1.1953073908443912e-06,1.313487359766441e-06,0.0008190046064555,0.0008258028537966,0.9999873042106628,0.9999858736991882,1355.0,1337.0,5844.69,0.0010175131901632,0.0009316898067481,0.0010670111514627
1.0,qlstm_linear_enhanced_paper,original_2,lorenz_1000,2.0,0.001,6.0,32.0,4.0,13.0,64.0,0.0003464120090939,0.0004080066573806,0.0145317325368523,0.0153316184878349,0.9964890480041504,0.9956700801849364,1355.0,1302.0,5517.46,0.0357669707387685,0.0420183688402175,0.0389265045523643
1.0,qlstm_linear_enhanced_paper,original_2,lorenz_1000,2.0,0.001,6.0,32.0,4.0,25.0,64.0,0.0107424519956111,0.0111929168924689,0.0693614110350608,0.0735015124082565,0.8791831135749817,0.8740835785865784,1355.0,2175.0,9370.72,0.0381608501076698,0.0491018146276474,0.0433399565517902
1.0,qlstm_linear_enhanced_paper,original_2,lorenz_1000,2.0,0.001,6.0,32.0,8.0,1.0,64.0,1.545900431665359e-06,1.481362687627552e-06,0.0009301661048084,0.0009156303131021,0.9999844431877136,0.9999850392341614,1355.0,1158.0,10219.29,0.0007899086282122,0.0007931149448268,0.0008301766938529
1.0,qlstm_linear_enhanced_paper,original_2,lorenz_1000,2.0,0.001,6.0,32.0,8.0,13.0,64.0,0.0011334016453474,0.0011274077696725,0.0266087613999843,0.0264448337256908,0.9879555106163024,0.987946629524231,1355.0,876.0,7887.7,0.0367378981783986,0.0445486158132553,0.0404820404946804
1.0,qlstm_linear_enhanced_paper,original_2,lorenz_1000,2.0,0.001,6.0,32.0,8.0,25.0,64.0,0.0089958636090159,0.0097054801881313,0.0614253692328929,0.0681688115000724,0.9003666043281555,0.8904069662094116,1355.0,1530.0,13439.76,0.0387274259701371,0.0467957891523838,0.0438288860023021
1.0,qlstm_linear_enhanced_paper,original_2,lorenz_1000,2.0,0.001,6.0,32.0,16.0,1.0,64.0,1.92412085198157e-06,1.9402700672799256e-06,0.0010602418333292,0.0010410392424091,0.9999793767929076,0.999979555606842,1355.0,1007.0,18350.94,0.0010894222941715,0.0013192086480557,0.0011877660872414
1.0,qlstm_linear_enhanced_paper,original_2,lorenz_1000,2.0,0.001,6.0,32.0,16.0,13.0,64.0,0.0012529711239039,0.0014393996680155,0.026829857379198,0.0281658787280321,0.986702561378479,0.984725296497345,1355.0,1383.0,45196.42,0.0393919108435511,0.0449950769543647,0.0410025380551815
1.0,qlstm_linear_enhanced_paper,original_2,lorenz_1000,2.0,0.001,6.0,32.0,16.0,25.0,64.0,0.0064986352808773,0.0071691242046654,0.0645967200398445,0.0674839466810226,0.9332783222198486,0.9263617992401124,1355.0,784.0,13233.0,0.0391891813940472,0.045965552330017,0.0444316193461418
1.0,qlstm_linear_enhanced_paper,original_3,lorenz_1000,2.0,0.001,6.0,32.0,4.0,1.0,64.0,1.633126203159918e-06,1.6211379261221737e-06,0.0009543422493152,0.0009180332417599,0.9999833106994628,0.9999833106994628,1427.0,1302.0,13603.05,0.0009121463343035,0.0008945996523834,0.0009918580763041
1.0,qlstm_linear_enhanced_paper,original_3,lorenz_1000,2.0,0.001,6.0,32.0,4.0,13.0,64.0,0.0001701452420093,0.000191616723896,0.0102918427437543,0.0108506027609109,0.9982647895812988,0.9979652762413024,1427.0,949.0,5271.58,0.0357758129015564,0.04134077206254,0.0386426784098148
1.0,qlstm_linear_enhanced_paper,original_3,lorenz_1000,2.0,0.001,6.0,32.0,4.0,25.0,64.0,0.0094297528266906,0.0105662532150745,0.0615023411810398,0.0670787990093231,0.8953603506088257,0.8809354901313782,1427.0,1973.0,11040.65,0.0386307600885629,0.0460933856666088,0.0403809882700443
1.0,qlstm_linear_enhanced_paper,original_3,lorenz_1000,2.0,0.001,6.0,32.0,8.0,1.0,64.0,1.3938789606982027e-06,1.3156218301446645e-06,0.00091343926033,0.0008543121512047,0.9999851584434508,0.9999860525131226,1427.0,1008.0,11651.72,0.0012250766856595,0.0011970048071816,0.0012439771089702
1.0,qlstm_linear_enhanced_paper,original_3,lorenz_1000,2.0,0.001,6.0,32.0,8.0,13.0,64.0,0.0006157910684123,0.0007158264634199,0.0192863997071981,0.0204325392842292,0.9936336874961852,0.9923499822616576,1427.0,1148.0,13318.82,0.0350953124463558,0.0437280945479869,0.0397868975996971
1.0,qlstm_linear_enhanced_paper,original_3,lorenz_1000,2.0,0.001,6.0,32.0,8.0,25.0,64.0,0.0101000303402543,0.0117913261055946,0.0667473524808883,0.0748925134539604,0.8902007937431335,0.8684292435646057,1427.0,1401.0,23952.13,0.0370381992310285,0.045418307185173,0.0422071330249309
1.0,qlstm_linear_enhanced_paper,original_3,lorenz_1000,2.0,0.001,6.0,32.0,16.0,1.0,64.0,1.468882601329824e-06,1.1029817414964782e-06,0.0008665872155688,0.0007592199835926,0.9999858140945436,0.9999887347221376,1427.0,1001.0,41209.86,0.0007545849948655,0.0008805394172668,0.0007571203750558
1.0,qlstm_linear_enhanced_paper,original_3,lorenz_1000,2.0,0.001,6.0,32.0,16.0,13.0,64.0,0.0019677660893648,0.0019142414676025,0.0345403626561164,0.0328890457749366,0.9797025918960572,0.9799562692642212,1427.0,722.0,31125.72,0.0393086584284901,0.0444804951548576,0.039996962994337
1.0,qlstm_linear_enhanced_paper,original_3,lorenz_1000,2.0,0.001,6.0,32.0,16.0,25.0,64.0,0.0078637143597006,0.0074372687377035,0.0641039311885833,0.0636515915393829,0.9148228764533995,0.918681025505066,1427.0,925.0,19991.09,0.033973661561807,0.038411371409893,0.0397255085408687
1.0,qlstm_linear_enhanced_paper,original_1,lorenz_1000,3.0,0.001,6.0,8.0,4.0,1.0,64.0,2.1041021227574674e-06,1.962591568371863e-06,0.0010636891238391,0.0010079664643853,0.9999780654907228,0.99997878074646,395.0,1563.0,4600.4,0.0025352575350552,0.0029319471213966,0.0026819226332008
1.0,qlstm_linear_enhanced_paper,original_1,lorenz_1000,3.0,0.001,6.0,8.0,4.0,13.0,64.0,0.0001417730818502,0.0001483491505496,0.0095151979476213,0.0096679478883743,0.9985088109970092,0.998416781425476,395.0,2050.0,6143.57,0.0385810473933816,0.0440838411450386,0.0388941615819931
1.0,qlstm_linear_enhanced_paper,original_1,lorenz_1000,3.0,0.001,6.0,8.0,4.0,25.0,64.0,0.0205256640911102,0.0219823662191629,0.1024208068847656,0.1048970818519592,0.7532803416252136,0.7347260117530823,395.0,2432.0,7029.47,0.0448583494871854,0.0520642139017581,0.0465138852596282
1.0,qlstm_linear_enhanced_paper,original_1,lorenz_1000,3.0,0.001,6.0,8.0,8.0,1.0,64.0,1.4072946896703795e-06,1.368992911920941e-06,0.000906828965526,0.0008800082141533,0.9999851584434508,0.9999852776527404,395.0,1752.0,10635.92,0.0024145328323356,0.0027750795707106,0.0024717997293919
1.0,qlstm_linear_enhanced_paper,original_1,lorenz_1000,3.0,0.001,6.0,8.0,8.0,13.0,64.0,0.0012256389018148,0.0012422257568687,0.0274943076074123,0.0277244839817285,0.9870047569274902,0.986919105052948,395.0,1439.0,8864.31,0.0370026977732777,0.0451751425862312,0.0402228496968746
1.0,qlstm_linear_enhanced_paper,original_1,lorenz_1000,3.0,0.001,6.0,8.0,8.0,25.0,64.0,0.0116282291710376,0.0112848468124866,0.0819414407014846,0.0806508883833885,0.87005215883255,0.8716565370559692,395.0,1585.0,17583.98,0.0409293781034648,0.0513613224029541,0.0456564128398895
1.0,qlstm_linear_enhanced_paper,original_1,lorenz_1000,3.0,0.001,6.0,8.0,16.0,1.0,64.0,5.65185985124117e-07,6.23687014922325e-07,0.0005411583697423,0.0005609564832411,0.9999942779541016,0.9999936819076538,395.0,1920.0,24278.65,0.0155107413418591,0.0190386045724153,0.0159127879887819
1.0,qlstm_linear_enhanced_paper,original_1,lorenz_1000,3.0,0.001,6.0,8.0,16.0,13.0,64.0,0.0003853483358398,0.0004973808536306,0.0150358201935887,0.0170466899871826,0.995973527431488,0.9946964979171752,395.0,1656.0,20517.72,0.038836669921875,0.0430110692977905,0.0394246540963649
1.0,qlstm_linear_enhanced_paper,original_1,lorenz_1000,3.0,0.001,6.0,8.0,16.0,25.0,64.0,0.0068752798251807,0.0082051986828446,0.0640687644481659,0.0700919330120086,0.9251443147659302,0.9068235754966736,395.0,2289.0,26381.74,0.0392906127704514,0.0461121089756488,0.0418120026588439
1.0,qlstm_linear_enhanced_paper,original_2,lorenz_1000,3.0,0.001,6.0,8.0,4.0,1.0,64.0,1.0200849374086829e-06,1.1431194479882834e-06,0.000769363483414,0.0008004371775314,0.999989092350006,0.9999879002571106,467.0,1955.0,8438.62,0.0011371004860848,0.0011701975017786,0.0011605483014136
1.0,qlstm_linear_enhanced_paper,original_2,lorenz_1000,3.0,0.001,6.0,8.0,4.0,13.0,64.0,0.0002478505775798,0.0002716369635891,0.0119790881872177,0.01247214153409,0.9973421096801758,0.9971349239349364,467.0,1351.0,5823.41,0.0376876104623079,0.0435596294701099,0.0393043532967567
1.0,qlstm_linear_enhanced_paper,original_2,lorenz_1000,3.0,0.001,6.0,8.0,4.0,25.0,64.0,0.011727669276297,0.0133655210956931,0.0763354822993278,0.0818409770727157,0.8685182332992554,0.8465951681137085,467.0,2634.0,11195.3,0.0386237489059567,0.0464706979691982,0.041576825082302
1.0,qlstm_linear_enhanced_paper,original_2,lorenz_1000,3.0,0.001,6.0,8.0,8.0,1.0,64.0,9.52660684561124e-07,9.876604281089385e-07,0.0007161567918956,0.0007352809188887,0.9999902248382568,0.9999897480010986,467.0,1743.0,15341.48,0.0020301277167163,0.0020776926539838,0.0021793802734464
1.0,qlstm_linear_enhanced_paper,original_2,lorenz_1000,3.0,0.001,6.0,8.0,8.0,13.0,64.0,0.0009128775564022,0.0010636281222105,0.024714283645153,0.0263947807252407,0.990245759487152,0.988599956035614,467.0,1081.0,9627.26,0.036809311248362,0.045802179723978,0.0415038429200649
1.0,qlstm_linear_enhanced_paper,original_2,lorenz_1000,3.0,0.001,6.0,8.0,8.0,25.0,64.0,0.010868564248085,0.0113513087853789,0.0656314119696617,0.0689395442605018,0.8793062567710876,0.8710527420043945,467.0,2874.0,24927.7,0.0370528965257108,0.0471986606717109,0.0425811558961868
1.0,qlstm_linear_enhanced_paper,original_2,lorenz_1000,3.0,0.001,6.0,8.0,16.0,1.0,64.0,7.097034426806204e-07,9.045755859915516e-07,0.0005837312783114,0.0006766725564375,0.9999927282333374,0.999991238117218,467.0,1766.0,54219.05,0.0020716122584417,0.0026616679970175,0.0017804038943722
1.0,qlstm_linear_enhanced_paper,original_2,lorenz_1000,3.0,0.001,6.0,8.0,16.0,13.0,64.0,0.0056993463076651,0.0050980425439774,0.0557224452495574,0.0533413253724575,0.9406458735466005,0.9467182755470276,467.0,788.0,25767.3,0.038623459264636,0.0437397770583629,0.0403423681855201
1.0,qlstm_linear_enhanced_paper,original_2,lorenz_1000,3.0,0.001,6.0,8.0,16.0,25.0,64.0,0.0069913533516228,0.0068207322619855,0.0591527298092842,0.0621634535491466,0.9247957468032836,0.9235674738883972,467.0,2322.0,61625.44,0.0447489971088038,0.0527935698628425,0.0500809103250503
1.0,qlstm_linear_enhanced_paper,original_3,lorenz_1000,3.0,0.001,6.0,8.0,4.0,1.0,64.0,6.810779495936004e-07,8.39761241877568e-07,0.0006107621011324,0.0006690059090033,0.999992847442627,0.9999909996986388,539.0,1718.0,17953.59,0.0031305670272558,0.0036848569288849,0.0031569639686495
1.0,qlstm_linear_enhanced_paper,original_3,lorenz_1000,3.0,0.001,6.0,8.0,4.0,13.0,64.0,0.0003823410952463,0.0003989441611338,0.0149797983467578,0.014884490519762,0.9958967566490172,0.9957812428474426,539.0,1525.0,8694.07,0.0366035118699073,0.0410286970436573,0.0383888967335224
1.0,qlstm_linear_enhanced_paper,original_3,lorenz_1000,3.0,0.001,6.0,8.0,4.0,25.0,64.0,0.0093192271888256,0.0111244367435574,0.0584813244640827,0.0682493522763252,0.8973300457000732,0.875072181224823,539.0,3226.0,17807.84,0.0391345707699656,0.0486161112785339,0.0411885008215904
1.0,qlstm_linear_enhanced_paper,original_3,lorenz_1000,3.0,0.001,6.0,8.0,8.0,1.0,64.0,8.23804555238894e-07,9.7335259852116e-07,0.0006708552245981,0.0007258848054334,0.999991238117218,0.999989926815033,539.0,1452.0,30593.57,0.0020050911465659,0.0023387311957776,0.0021999727468937
1.0,qlstm_linear_enhanced_paper,original_3,lorenz_1000,3.0,0.001,6.0,8.0,8.0,13.0,64.0,0.0003390050842426,0.0003245239786338,0.0143775129690766,0.0141401952132582,0.9964210391044616,0.996565580368042,539.0,1322.0,15239.83,0.0354424411430954,0.0425713621079921,0.0395093746483325
1.0,qlstm_linear_enhanced_paper,original_3,lorenz_1000,3.0,0.001,6.0,8.0,8.0,25.0,64.0,0.0114240441471338,0.0130820460617542,0.0766537711024284,0.0841375216841697,0.8749797940254211,0.8550071716308594,539.0,1418.0,29775.34,0.0381865378469228,0.0466167256236076,0.0405097305774688
1.0,qlstm_linear_enhanced_paper,original_3,lorenz_1000,3.0,0.001,6.0,8.0,16.0,1.0,64.0,1.0623081152516534e-06,1.0020395393439685e-06,0.0007444283110089,0.0007172721088863,0.9999887347221376,0.9999893307685852,539.0,1499.0,35041.58,0.0156207904219627,0.0177053865045309,0.0159420371055603
1.0,qlstm_linear_enhanced_paper,original_3,lorenz_1000,3.0,0.001,6.0,8.0,16.0,13.0,64.0,0.0065537258051335,0.0078885843977332,0.063806228339672,0.0692534074187278,0.9312394261360168,0.918243169784546,539.0,779.0,18308.32,0.0405402909964323,0.0474742613732814,0.0439809411764144
1.0,qlstm_linear_enhanced_paper,original_3,lorenz_1000,3.0,0.001,6.0,8.0,16.0,25.0,64.0,0.0050925104878842,0.0058593368157744,0.053822573274374,0.0593763142824173,0.9453755617141724,0.934921145439148,539.0,1352.0,29265.57,0.0393390498227543,0.0467588007450103,0.0438530892133712
1.0,qlstm_linear_enhanced_paper,original_1,lorenz_1000,3.0,0.001,6.0,16.0,4.0,1.0,64.0,1.3680204347110705e-06,1.2430759852577469e-06,0.0008767162216827,0.0008095020893961,0.9999853372573853,0.9999865889549256,691.0,1663.0,4811.05,0.0026330260559916,0.0030125905759632,0.0027467685285955
1.0,qlstm_linear_enhanced_paper,original_1,lorenz_1000,3.0,0.001,6.0,16.0,4.0,13.0,64.0,0.0001850906846811,0.000186162040336,0.0107357678934931,0.0106429411098361,0.9980320930480956,0.9980245232582092,691.0,1697.0,5045.87,0.0385326920077204,0.0440796799957752,0.0389518402516841
1.0,qlstm_linear_enhanced_paper,original_1,lorenz_1000,3.0,0.001,6.0,16.0,4.0,25.0,64.0,0.0213355552405118,0.0230349507182836,0.1030186414718627,0.1108290776610374,0.742752194404602,0.7132899761199951,691.0,1311.0,3799.15,0.0407620092853903,0.0510558485984802,0.0453528389334678
1.0,qlstm_linear_enhanced_paper,original_1,lorenz_1000,3.0,0.001,6.0,16.0,8.0,1.0,64.0,5.993836680318054e-07,5.639795972456341e-07,0.000578578794375,0.0005656381254084,0.9999935030937196,0.9999939799308776,691.0,1756.0,10739.05,0.002730345330201,0.0033214462455362,0.0029660735744982
1.0,qlstm_linear_enhanced_paper,original_1,lorenz_1000,3.0,0.001,6.0,16.0,8.0,13.0,64.0,0.0007267986075021,0.0007350458181463,0.0197043735533952,0.020258143544197,0.992204248905182,0.9921693205833436,691.0,1092.0,12195.44,0.0372326610609889,0.0448955595493316,0.0398744940757751
1.0,qlstm_linear_enhanced_paper,original_1,lorenz_1000,3.0,0.001,6.0,16.0,8.0,25.0,64.0,0.0125684160739183,0.0123514989390969,0.0761706829071044,0.078200027346611,0.862156331539154,0.8603602647781372,691.0,2291.0,25264.64,0.0412384051829576,0.0538605637848377,0.0479486212134361
1.0,qlstm_linear_enhanced_paper,original_1,lorenz_1000,3.0,0.001,6.0,16.0,16.0,1.0,64.0,2.6701943625084823e-06,2.51829692388128e-06,0.0012614560546353,0.0012136907316744,0.9999724626541138,0.999974012374878,691.0,1224.0,27777.49,0.0021541391033679,0.0025785623583942,0.0022303438745439
1.0,qlstm_linear_enhanced_paper,original_1,lorenz_1000,3.0,0.001,6.0,16.0,16.0,13.0,64.0,0.0040959934704005,0.0051756845787167,0.0509293600916862,0.054177351295948,0.9559486508369446,0.9440050721168518,691.0,1416.0,31770.37,0.041238983720541,0.0480362847447395,0.0446934290230274
1.0,qlstm_linear_enhanced_paper,original_1,lorenz_1000,3.0,0.001,6.0,16.0,16.0,25.0,64.0,0.0087213031947612,0.0082407779991626,0.0693213865160942,0.0681201741099357,0.9042485356330872,0.908089518547058,691.0,1247.0,14199.29,0.0385311519106229,0.0447884015738964,0.04220861941576
1.0,qlstm_linear_enhanced_paper,original_2,lorenz_1000,3.0,0.001,6.0,16.0,4.0,1.0,64.0,1.687551616669225e-06,1.686198288552987e-06,0.0010343454778194,0.0010161551181226,0.9999822974205016,0.9999817609786988,763.0,1383.0,5940.9,0.0014352010213769,0.0013941506622359,0.0015033363597467
1.0,qlstm_linear_enhanced_paper,original_2,lorenz_1000,3.0,0.001,6.0,16.0,4.0,13.0,64.0,0.0002020244864979,0.0002298554754815,0.0109926518052816,0.0118803791701793,0.99793142080307,0.9975627064704896,763.0,1384.0,5854.9,0.0378242753446102,0.0430698841810226,0.0396882183849811
1.0,qlstm_linear_enhanced_paper,original_2,lorenz_1000,3.0,0.001,6.0,16.0,4.0,25.0,64.0,0.0125128114596009,0.0136805232614278,0.0669002830982208,0.0734024047851562,0.8597900867462158,0.8433570265769958,763.0,2876.0,12200.01,0.0388271296396851,0.0458140857517719,0.0401150360703468
1.0,qlstm_linear_enhanced_paper,original_2,lorenz_1000,3.0,0.001,6.0,16.0,8.0,1.0,64.0,1.0312072618035018e-06,1.1389979590603616e-06,0.0007631530170328,0.0007983988034538,0.9999895691871644,0.9999881982803344,763.0,1506.0,13290.01,0.0009271976421587,0.0009536025463603,0.0009184312075376
1.0,qlstm_linear_enhanced_paper,original_2,lorenz_1000,3.0,0.001,6.0,16.0,8.0,13.0,64.0,0.0006443299353122,0.000639441597741,0.0195493344217538,0.0193254705518484,0.9932936429977416,0.99330335855484,763.0,1039.0,9422.47,0.0363366076722741,0.0426912941038608,0.0405576191842556
1.0,qlstm_linear_enhanced_paper,original_2,lorenz_1000,3.0,0.001,6.0,16.0,8.0,25.0,64.0,0.0083745196461677,0.0095523558557033,0.0591683983802795,0.0648913085460662,0.9084418416023254,0.8932201862335205,763.0,2326.0,20131.55,0.0395911046303808,0.0514874197542667,0.046079646795988
1.0,qlstm_linear_enhanced_paper,original_2,lorenz_1000,3.0,0.001,6.0,16.0,16.0,1.0,64.0,7.439948035425914e-07,8.864122378327011e-07,0.0006246527191251,0.0006476968410424,0.9999926686286926,0.9999910593032836,763.0,1301.0,23888.22,0.0099796791560947,0.0130034405738115,0.0095181707292795
1.0,qlstm_linear_enhanced_paper,original_2,lorenz_1000,3.0,0.001,6.0,16.0,16.0,13.0,64.0,0.0022839531302452,0.0026875799521803,0.0387632623314857,0.0406868159770965,0.975684404373169,0.9716728925704956,763.0,768.0,14001.09,0.0378294652327895,0.041077334433794,0.0402070805430412
1.0,qlstm_linear_enhanced_paper,original_2,lorenz_1000,3.0,0.001,6.0,16.0,16.0,25.0,64.0,0.0055861035361886,0.0053892820142209,0.0570069402456283,0.0560487918555736,0.941422402858734,0.9419363141059875,763.0,1286.0,21891.12,0.037614564721783,0.0445496402680873,0.0420209169387817
1.0,qlstm_linear_enhanced_paper,original_3,lorenz_1000,3.0,0.001,6.0,16.0,4.0,1.0,64.0,2.2654242002317915e-06,2.118250222338247e-06,0.0011090692132711,0.0010899278568103,0.9999759197235109,0.9999773502349854,835.0,1170.0,12023.82,0.0013230306329205,0.0015052577946335,0.0014120280975475
1.0,qlstm_linear_enhanced_paper,original_3,lorenz_1000,3.0,0.001,6.0,16.0,4.0,13.0,64.0,0.0007146180141717,0.0007586958818137,0.0216260999441146,0.02237937040627,0.992284059524536,0.9919699430465698,835.0,731.0,4086.23,0.0388301318511366,0.0463907197117805,0.0404503978788852
1.0,qlstm_linear_enhanced_paper,original_3,lorenz_1000,3.0,0.001,6.0,16.0,4.0,25.0,64.0,0.0154456440359354,0.0150363240391016,0.0875863134860992,0.0870069488883018,0.8232638239860535,0.8247624039649963,835.0,1981.0,10848.02,0.0392691329121589,0.0466826744377613,0.0420231111347675
1.0,qlstm_linear_enhanced_paper,original_3,lorenz_1000,3.0,0.001,6.0,16.0,8.0,1.0,64.0,9.83156610345759e-07,9.782036158867411e-07,0.0007321971934288,0.000733928871341,0.9999897480010986,0.9999896287918092,835.0,1411.0,16391.02,0.0010282408737111,0.0011557003017514,0.0011171308578923
1.0,qlstm_linear_enhanced_paper,original_3,lorenz_1000,3.0,0.001,6.0,16.0,8.0,13.0,64.0,0.0019991716835647,0.0019208849407732,0.0341849215328693,0.0343773365020751,0.9783498644828796,0.9797068238258362,835.0,802.0,9277.48,0.0363791858777403,0.0432968959212303,0.0394439063966274
1.0,qlstm_linear_enhanced_paper,original_3,lorenz_1000,3.0,0.001,6.0,16.0,8.0,25.0,64.0,0.0112025951966643,0.0115477088838815,0.0733716264367103,0.0752951204776763,0.8788354396820068,0.8712754249572754,835.0,2378.0,27285.18,0.036863278504461,0.0493384674191474,0.0435888804495334
1.0,qlstm_linear_enhanced_paper,original_3,lorenz_1000,3.0,0.001,6.0,16.0,16.0,1.0,64.0,1.0580240541457897e-06,1.2359874972389662e-06,0.0008272873819805,0.0008947293390519,0.9999891519546508,0.999987542629242,835.0,941.0,22308.7,0.0006945790839381,0.0007333530811592,0.0006588979740627
1.0,qlstm_linear_enhanced_paper,original_3,lorenz_1000,3.0,0.001,6.0,16.0,16.0,13.0,64.0,0.0084010381251573,0.0103362668305635,0.0723627135157585,0.0807073041796684,0.9091668725013732,0.8903077840805054,835.0,475.0,11625.29,0.038151055201888,0.0432111322879791,0.0403005294501781
1.0,qlstm_linear_enhanced_paper,original_3,lorenz_1000,3.0,0.001,6.0,16.0,16.0,25.0,64.0,0.0065513001754879,0.0070955851115286,0.0630385130643844,0.0669964253902435,0.9292287826538086,0.9197065234184264,835.0,1265.0,27489.27,0.039082147181034,0.0462377071380615,0.0451926663517952
1.0,qlstm_linear_enhanced_paper,original_1,lorenz_1000,3.0,0.001,6.0,32.0,4.0,1.0,64.0,1.1498324283820691e-06,1.2248954135429813e-06,0.0007968262652866,0.0007980584632605,0.9999876022338868,0.99998676776886,1283.0,1453.0,4329.63,0.0021203434211201,0.0023469862062484,0.0022189519368112
1.0,qlstm_linear_enhanced_paper,original_1,lorenz_1000,3.0,0.001,6.0,32.0,4.0,13.0,64.0,0.0004485452373046,0.0004574156191665,0.0154450200498104,0.0155486511066555,0.9953012466430664,0.9951637983322144,1283.0,1525.0,8370.79,0.0387421246618032,0.0446740500628948,0.0392104797065258
1.0,qlstm_linear_enhanced_paper,original_1,lorenz_1000,3.0,0.001,6.0,32.0,4.0,25.0,64.0,0.0099900355562567,0.0114295640960335,0.0689073055982589,0.0755051374435424,0.8881667256355286,0.870905876159668,1283.0,3167.0,9378.12,0.0386394195258617,0.0463003814220428,0.0410332046449184
1.0,qlstm_linear_enhanced_paper,original_1,lorenz_1000,3.0,0.001,6.0,32.0,8.0,1.0,64.0,1.5462621831829892e-06,1.8593165123093056e-06,0.0009173623984679,0.0010045013623312,0.9999839067459106,0.999980330467224,1283.0,1184.0,7164.91,0.0010012945975176,0.0011929566971957,0.0010938068153336
1.0,qlstm_linear_enhanced_paper,original_1,lorenz_1000,3.0,0.001,6.0,32.0,8.0,13.0,64.0,0.0006864535971544,0.0007593426853418,0.0196231734007596,0.0206382218748331,0.9926712512969972,0.9918946623802184,1283.0,1169.0,13026.08,0.0368394764140248,0.0442664064466953,0.0392127707600593
1.0,qlstm_linear_enhanced_paper,original_1,lorenz_1000,3.0,0.001,6.0,32.0,8.0,25.0,64.0,0.0095162540674209,0.0103725399821996,0.0696031749248504,0.0744585990905761,0.8969045877456665,0.88416588306427,1283.0,1679.0,18538.55,0.0354038011282682,0.0456877797842025,0.0401390045881271
1.0,qlstm_linear_enhanced_paper,original_1,lorenz_1000,3.0,0.001,6.0,32.0,16.0,1.0,64.0,1.6537285318918291e-06,1.7841053931988426e-06,0.0010397511068731,0.0010606434661895,0.9999841451644896,0.9999833106994628,1283.0,1267.0,28525.67,0.0013654715497978,0.0013081086799502,0.001362586626783
1.0,qlstm_linear_enhanced_paper,original_1,lorenz_1000,3.0,0.001,6.0,32.0,16.0,13.0,64.0,0.0028849511872977,0.0033837677910923,0.0401962175965309,0.0419603623449802,0.9693257212638856,0.9641497135162354,1283.0,765.0,9549.22,0.039144861139357,0.0446663573384285,0.0394392013549804
1.0,qlstm_linear_enhanced_paper,original_1,lorenz_1000,3.0,0.001,6.0,32.0,16.0,25.0,64.0,0.0091403061524033,0.0087250191718339,0.0688447430729866,0.0695497244596481,0.9006773233413696,0.9042254090309144,1283.0,993.0,11289.7,0.0375384179254372,0.0435168147087097,0.0415380969643592
1.0,qlstm_linear_enhanced_paper,original_2,lorenz_1000,3.0,0.001,6.0,32.0,4.0,1.0,64.0,1.3783228496322408e-06,1.28552255773684e-06,0.0009498773724772,0.0008825930417515,0.9999866485595704,0.999986469745636,1355.0,1046.0,8307.1,0.0003375934393261,0.0002914986689575,0.0003161636122968
1.0,qlstm_linear_enhanced_paper,original_2,lorenz_1000,3.0,0.001,6.0,32.0,4.0,13.0,64.0,0.0001991017197724,0.0002160796138923,0.0110663753002882,0.0115874093025922,0.9978562593460084,0.997711420059204,1355.0,1227.0,9731.8,0.0378053849563002,0.0427343659102916,0.039084568619728
1.0,qlstm_linear_enhanced_paper,original_2,lorenz_1000,3.0,0.001,6.0,32.0,4.0,25.0,64.0,0.0099340071901679,0.0104341935366392,0.0637461096048355,0.0677594318985939,0.8903622031211853,0.8851327896118164,1355.0,3343.0,14196.78,0.0390616107732057,0.0465544611215591,0.0403484627604484
1.0,qlstm_linear_enhanced_paper,original_2,lorenz_1000,3.0,0.001,6.0,32.0,8.0,1.0,64.0,1.436118168385292e-06,1.5480337651752052e-06,0.0009250295697711,0.0009466869523748,0.9999853372573853,0.9999837875366212,1355.0,1174.0,19483.38,0.0016349758021533,0.0019743496086448,0.0017241820460185
1.0,qlstm_linear_enhanced_paper,original_2,lorenz_1000,3.0,0.001,6.0,32.0,8.0,13.0,64.0,0.0007972531020641,0.0008621304878033,0.0224601700901985,0.0233900491148233,0.991481363773346,0.9907721877098083,1355.0,861.0,13911.21,0.0358544925227761,0.0430563986301422,0.0391865819692611
1.0,qlstm_linear_enhanced_paper,original_2,lorenz_1000,3.0,0.001,6.0,32.0,8.0,25.0,64.0,0.0075342049822211,0.0081976829096674,0.0503729730844497,0.0562806129455566,0.9168745875358582,0.907940685749054,1355.0,2164.0,19552.22,0.0357687626965343,0.0487157106399536,0.0437253564596176
1.0,qlstm_linear_enhanced_paper,original_2,lorenz_1000,3.0,0.001,6.0,32.0,16.0,1.0,64.0,1.6834908365126466e-06,1.8520200910643323e-06,0.0009983098134398,0.0010458444012328,0.9999830722808838,0.9999819993972778,1355.0,991.0,17812.24,0.0014897482935339,0.0016564583638682,0.0015183658106252
1.0,qlstm_linear_enhanced_paper,original_2,lorenz_1000,3.0,0.001,6.0,32.0,16.0,13.0,64.0,0.0049697454087436,0.0047405678778886,0.0529220774769783,0.0525744780898094,0.9471226334571838,0.9508463740348816,1355.0,695.0,12652.14,0.031720957159996,0.0374520607292652,0.0373449809849262
1.0,qlstm_linear_enhanced_paper,original_2,lorenz_1000,3.0,0.001,6.0,32.0,16.0,25.0,64.0,0.0045199054293334,0.0048709358088672,0.0521213673055172,0.0553317479789257,0.9519795775413512,0.9462466835975648,1355.0,1019.0,30352.42,0.031866957537002,0.033093474805355,0.035610444843769
1.0,qlstm_linear_enhanced_paper,original_3,lorenz_1000,3.0,0.001,6.0,32.0,4.0,1.0,64.0,1.7129783600466908e-06,1.464678689444554e-06,0.000899949169252,0.0007947453996166,0.9999839067459106,0.9999852776527404,1427.0,978.0,10165.13,0.0009612640133127,0.0009871626971289,0.0010157760698348
1.0,qlstm_linear_enhanced_paper,original_3,lorenz_1000,3.0,0.001,6.0,32.0,4.0,13.0,64.0,0.0003317614318802,0.0003128453681711,0.0137385129928588,0.0136043075472116,0.9965146780014038,0.9966644644737244,1427.0,1409.0,7909.39,0.038225700892508,0.0435546487569808,0.0390876568853855
1.0,qlstm_linear_enhanced_paper,original_3,lorenz_1000,3.0,0.001,6.0,32.0,4.0,25.0,64.0,0.010115991346538,0.0105057461187243,0.0670873373746872,0.0709612444043159,0.8894628882408142,0.8840699195861816,1427.0,1951.0,20122.55,0.0392896482720971,0.0467571876943111,0.0413689985871315
1.0,qlstm_linear_enhanced_paper,original_3,lorenz_1000,3.0,0.001,6.0,32.0,8.0,1.0,64.0,1.010039568427601e-06,9.277594585910264e-07,0.0007252144278027,0.0006808273028582,0.9999902248382568,0.999990463256836,1427.0,1149.0,24219.39,0.0010778351454064,0.0011103331344202,0.001166240661405
1.0,qlstm_linear_enhanced_paper,original_3,lorenz_1000,3.0,0.001,6.0,32.0,8.0,13.0,64.0,0.0008424905245192,0.0008247389341704,0.0221112947911024,0.0217287670820951,0.9913953542709352,0.9912722110748292,1427.0,1040.0,12064.46,0.0365378411486744,0.0430438369512558,0.0387868769466877
1.0,qlstm_linear_enhanced_paper,original_3,lorenz_1000,3.0,0.001,6.0,32.0,8.0,25.0,64.0,0.0090758120641112,0.0113074276596307,0.0609873682260513,0.0697679817676544,0.8998507857322693,0.8703957796096802,1427.0,1957.0,40757.48,0.0360757530666887,0.0477168969810009,0.0438020676374435
1.0,qlstm_linear_enhanced_paper,original_3,lorenz_1000,3.0,0.001,6.0,32.0,16.0,1.0,64.0,1.3201016599850846e-06,1.759119641064899e-06,0.000873316952493,0.0010042577050626,0.999986171722412,0.9999822974205016,1427.0,888.0,21316.04,0.000167355188023,0.0001335220586042,0.0001425071095582
1.0,qlstm_linear_enhanced_paper,original_3,lorenz_1000,3.0,0.001,6.0,32.0,16.0,13.0,64.0,0.0019327659392729,0.0023396518081426,0.0312639474868774,0.0339479222893714,0.9798322319984436,0.9751459956169128,1427.0,1022.0,24399.97,0.0388218561187386,0.0441847071051597,0.03989152982831
1.0,qlstm_linear_enhanced_paper,original_3,lorenz_1000,3.0,0.001,6.0,32.0,16.0,25.0,64.0,0.005614859983325,0.005608822684735,0.0590907074511051,0.0607435032725334,0.9415497183799744,0.942651391029358,1427.0,1055.0,22667.53,0.0392016052371925,0.0448434278368949,0.0437734127044677
1.0,qlstm_linear_enhanced_paper,original_1,lorenz_1000,4.0,0.001,6.0,8.0,4.0,1.0,64.0,2.325549075976596e-06,2.3776515263307374e-06,0.0011936801020056,0.0012100645108148,0.9999753832817078,0.999975323677063,395.0,2166.0,6398.88,0.004260789998807,0.0049435915425419,0.0044769621454179
1.0,qlstm_linear_enhanced_paper,original_1,lorenz_1000,4.0,0.001,6.0,8.0,4.0,13.0,64.0,0.0004020238993689,0.0004278059350326,0.0139446724206209,0.0141461687162518,0.9957011342048644,0.9954721927642822,395.0,2098.0,11455.32,0.040491658821702,0.0506206639111042,0.0433792471885681
1.0,qlstm_linear_enhanced_paper,original_1,lorenz_1000,4.0,0.001,6.0,8.0,4.0,25.0,64.0,0.0134081160649657,0.0139449108392,0.0781795531511306,0.0815092623233795,0.8509120941162109,0.8446664214134216,395.0,4631.0,25438.95,0.0440637875348329,0.056267499923706,0.0503105670213699
1.0,qlstm_linear_enhanced_paper,original_1,lorenz_1000,4.0,0.001,6.0,8.0,8.0,1.0,64.0,1.9795172647718573e-06,1.925957349158125e-06,0.0010173843475058,0.0010191272012889,0.9999793171882628,0.999980628490448,395.0,1530.0,9386.64,0.0027898630360141,0.0036557600833475,0.0030041758436709
1.0,qlstm_linear_enhanced_paper,original_1,lorenz_1000,4.0,0.001,6.0,8.0,8.0,13.0,64.0,0.0016387376235798,0.0017613018862903,0.0321862995624542,0.0334975682199001,0.9826745986938475,0.981077253818512,395.0,1956.0,11705.89,0.0378178665414452,0.045652836561203,0.0413668639957904
1.0,qlstm_linear_enhanced_paper,original_1,lorenz_1000,4.0,0.001,6.0,8.0,8.0,25.0,64.0,0.0104677192866802,0.0107165100052952,0.0724829658865928,0.0749986916780471,0.8880247473716736,0.8837754130363464,395.0,1639.0,18164.6,0.0374760270118713,0.0449375957250595,0.0403580293059349
1.0,qlstm_linear_enhanced_paper,original_1,lorenz_1000,4.0,0.001,6.0,8.0,16.0,1.0,64.0,9.860071941147908e-07,9.92170384961355e-07,0.0007744428585283,0.0007587256841361,0.9999894499778748,0.99998939037323,395.0,1850.0,22791.81,0.0041395991807803,0.0045323860831558,0.0043402216397225
1.0,qlstm_linear_enhanced_paper,original_1,lorenz_1000,4.0,0.001,6.0,8.0,16.0,13.0,64.0,0.0041136858053505,0.0035726819187402,0.0475087761878967,0.0435094237327575,0.9569242596626282,0.9618901014328004,395.0,849.0,10654.41,0.0395356982946395,0.0442836321890354,0.0393401943147182
1.0,qlstm_linear_enhanced_paper,original_1,lorenz_1000,4.0,0.001,6.0,8.0,16.0,25.0,64.0,0.0120965642854571,0.0135543700307607,0.0775412023067474,0.0858717337250709,0.8669306039810181,0.8436424136161804,395.0,1078.0,12311.83,0.0423306090136369,0.0456280559301376,0.0436402522027492
1.0,qlstm_linear_enhanced_paper,original_2,lorenz_1000,4.0,0.001,6.0,8.0,4.0,1.0,64.0,9.599932582204929e-07,9.67500909609953e-07,0.0007679277914576,0.000764510652516,0.9999897480010986,0.9999897480010986,467.0,1590.0,6828.93,0.0019079249701462,0.002160400385037,0.0020407207775861
1.0,qlstm_linear_enhanced_paper,original_2,lorenz_1000,4.0,0.001,6.0,8.0,4.0,13.0,64.0,0.0003844428865704,0.0004009663825854,0.0142619796097278,0.0144451390951871,0.9958850145339966,0.995743989944458,467.0,1438.0,11398.46,0.0395099107176065,0.0478246547281742,0.0418286100029945
1.0,qlstm_linear_enhanced_paper,original_2,lorenz_1000,4.0,0.001,6.0,8.0,4.0,25.0,64.0,0.0102036651223897,0.0114414487034082,0.0670292377471923,0.0725776553153991,0.8912267088890076,0.8731641173362732,467.0,1980.0,8305.56,0.0428381133824586,0.0537457764148712,0.0491154678165912
1.0,qlstm_linear_enhanced_paper,original_2,lorenz_1000,4.0,0.001,6.0,8.0,8.0,1.0,64.0,6.911485570526565e-07,7.983530849742237e-07,0.0006160641205497,0.0006399162812158,0.9999926686286926,0.9999917149543762,467.0,1460.0,12957.21,0.0011436783068347,0.0012270316947251,0.0011078424286097
1.0,qlstm_linear_enhanced_paper,original_2,lorenz_1000,4.0,0.001,6.0,8.0,8.0,13.0,64.0,0.0008668787777423,0.0008992543444037,0.0237325429916381,0.0242051500827074,0.99077707529068,0.990456759929657,467.0,1004.0,16769.27,0.0376740157604217,0.0469365753233432,0.0413211733102798
1.0,qlstm_linear_enhanced_paper,original_2,lorenz_1000,4.0,0.001,6.0,8.0,8.0,25.0,64.0,0.0138186886906623,0.0144412796944379,0.0826193019747734,0.0861745849251747,0.8471361398696899,0.8342137336730957,467.0,1658.0,26689.63,0.0373390167951583,0.0453898720443248,0.041501797735691
1.0,qlstm_linear_enhanced_paper,original_2,lorenz_1000,4.0,0.001,6.0,8.0,16.0,1.0,64.0,1.883143909253704e-06,2.0881711861875374e-06,0.0010583940893411,0.0011320295743644,0.9999800324440002,0.9999781250953674,467.0,1440.0,47001.87,0.0039062400115653,0.0045230444520711,0.0040589170530438
1.0,qlstm_linear_enhanced_paper,original_2,lorenz_1000,4.0,0.001,6.0,8.0,16.0,13.0,64.0,0.0062551316805183,0.0064534428529441,0.0600057169795036,0.0608022175729274,0.9334308505058287,0.9316895604133606,467.0,856.0,15467.55,0.0392389509826898,0.0446675606071949,0.0410518981516361
1.0,qlstm_linear_enhanced_paper,original_2,lorenz_1000,4.0,0.001,6.0,8.0,16.0,25.0,64.0,0.005168788600713,0.0053087747655808,0.0520287603139877,0.0532584190368652,0.9450900554656982,0.9425716400146484,467.0,2081.0,58080.42,0.040440984070301,0.0495432093739509,0.0498440526425838
1.0,qlstm_linear_enhanced_paper,original_3,lorenz_1000,4.0,0.001,6.0,8.0,4.0,1.0,64.0,8.69268433234538e-07,9.289221907238244e-07,0.0007177139050327,0.0007538252393715,0.9999909996986388,0.9999903440475464,539.0,2002.0,20831.84,0.0036140626529231,0.0039342832751572,0.0037662989925593
1.0,qlstm_linear_enhanced_paper,original_3,lorenz_1000,4.0,0.001,6.0,8.0,4.0,13.0,64.0,0.0001478873018641,0.0001444375084247,0.0091491499915719,0.0088225454092025,0.9984492659568788,0.9984705448150636,539.0,1530.0,8689.95,0.0399418596178293,0.0492886789143085,0.042636714875698
1.0,qlstm_linear_enhanced_paper,original_3,lorenz_1000,4.0,0.001,6.0,8.0,4.0,25.0,64.0,0.0103521412238478,0.0116078583523631,0.0735623389482498,0.0780589878559112,0.88396155834198,0.8681580424308777,539.0,1722.0,9708.98,0.0433956015855073,0.0527268424630165,0.0483631417155265
1.0,qlstm_linear_enhanced_paper,original_3,lorenz_1000,4.0,0.001,6.0,8.0,8.0,1.0,64.0,1.7375400602759328e-06,1.6217230722759268e-06,0.0010451152920722,0.0009712428436614,0.9999813437461852,0.9999825954437256,539.0,1342.0,15327.61,0.001970111974515,0.002178986556828,0.0021554923150688
1.0,qlstm_linear_enhanced_paper,original_3,lorenz_1000,4.0,0.001,6.0,8.0,8.0,13.0,64.0,0.0010329586220905,0.0010080088395625,0.0254670139402151,0.0247712917625904,0.9889344573020936,0.9891987442970276,539.0,936.0,19997.84,0.0377540912479162,0.0468504801392555,0.0422142371535301
1.0,qlstm_linear_enhanced_paper,original_3,lorenz_1000,4.0,0.001,6.0,8.0,8.0,25.0,64.0,0.0123727479949593,0.0125609179958701,0.079777143895626,0.0800088047981262,0.8630515933036804,0.8604573607444763,539.0,1466.0,16726.71,0.0367975493893027,0.0448496490716934,0.0409024246037006
1.0,qlstm_linear_enhanced_paper,original_3,lorenz_1000,4.0,0.001,6.0,8.0,16.0,1.0,64.0,1.839635842770804e-06,1.9662559225253062e-06,0.0010216376977041,0.0009973042178899,0.9999803900718688,0.9999799728393556,539.0,1410.0,33184.04,0.0021840147324837,0.0024374304339289,0.0020817553158849
1.0,qlstm_linear_enhanced_paper,original_3,lorenz_1000,4.0,0.001,6.0,8.0,16.0,13.0,64.0,0.0129884555935859,0.0127088967710733,0.0886001735925674,0.0881385877728462,0.8592711091041565,0.8759780526161194,539.0,651.0,28292.9,0.0400668002665042,0.0463818795979023,0.0411131009459495
1.0,qlstm_linear_enhanced_paper,original_3,lorenz_1000,4.0,0.001,6.0,8.0,16.0,25.0,64.0,0.0050167203880846,0.0063435235060751,0.0517742447555065,0.060194831341505,0.9462891221046448,0.9289510250091552,539.0,1527.0,32980.66,0.0384563960962825,0.0439556017518043,0.0426708906888961
1.0,qlstm_linear_enhanced_paper,original_1,lorenz_1000,4.0,0.001,6.0,16.0,4.0,1.0,64.0,1.8181175391873692e-06,1.8326644521948765e-06,0.0010704717133194,0.0010717759141698,0.9999809861183168,0.999980628490448,691.0,1602.0,4729.49,0.0030941830016672,0.0036087555345147,0.0033379406668245
1.0,qlstm_linear_enhanced_paper,original_1,lorenz_1000,4.0,0.001,6.0,16.0,4.0,13.0,64.0,0.0002855339553207,0.0002959973644465,0.0126581257209181,0.0129451807588338,0.9969375133514404,0.9968498349189758,691.0,1233.0,6816.05,0.0386017400771379,0.0456803739070892,0.0394054017961025
1.0,qlstm_linear_enhanced_paper,original_1,lorenz_1000,4.0,0.001,6.0,16.0,4.0,25.0,64.0,0.0103113129734992,0.011196200735867,0.0690375789999961,0.0746053233742713,0.8878470659255981,0.8729920983314514,691.0,3605.0,10551.19,0.0400054059922695,0.0506503842771053,0.04493373259902
1.0,qlstm_linear_enhanced_paper,original_1,lorenz_1000,4.0,0.001,6.0,16.0,8.0,1.0,64.0,1.3378183894019458e-06,1.472607777941448e-06,0.0009155118605121,0.000936743163038,0.9999856352806092,0.9999842643737792,691.0,1453.0,16082.38,0.0021186052355915,0.0025982183869928,0.0023300540633499
1.0,qlstm_linear_enhanced_paper,original_1,lorenz_1000,4.0,0.001,6.0,16.0,8.0,13.0,64.0,0.0014393890742212,0.0017154150409623,0.0297660641372203,0.0318789482116699,0.9846083521842957,0.9817201495170592,691.0,1673.0,10111.82,0.0365943573415279,0.0430418625473976,0.0396074764430522
1.0,qlstm_linear_enhanced_paper,original_1,lorenz_1000,4.0,0.001,6.0,16.0,8.0,25.0,64.0,0.0113280098885297,0.0125948134809732,0.0818611979484558,0.0862912908196449,0.8747918605804443,0.8581419587135315,691.0,1528.0,9249.08,0.0408830028027296,0.0470382235944271,0.0433718971908092
1.0,qlstm_linear_enhanced_paper,original_1,lorenz_1000,4.0,0.001,6.0,16.0,16.0,1.0,64.0,1.52087602600659e-06,1.5820240832908894e-06,0.0008881086832843,0.0008913131314329,0.9999837279319764,0.9999837279319764,691.0,983.0,12193.67,0.0007818575133569,0.0007840094622224,0.0007924707606434
1.0,qlstm_linear_enhanced_paper,original_1,lorenz_1000,4.0,0.001,6.0,16.0,16.0,13.0,64.0,0.0150623144581913,0.0140956239774823,0.0964508354663848,0.0940968468785286,0.8292151093482971,0.8497232794761658,691.0,733.0,9268.1,0.0392681874334812,0.0443398207426071,0.039725225418806
1.0,qlstm_linear_enhanced_paper,original_1,lorenz_1000,4.0,0.001,6.0,16.0,16.0,25.0,64.0,0.004727398045361,0.005978241097182,0.0495611056685447,0.0577024035155773,0.9504850506782532,0.934492528438568,691.0,2283.0,26785.44,0.0376773269640074,0.0447746627032756,0.0431151501834392
1.0,qlstm_linear_enhanced_paper,original_2,lorenz_1000,4.0,0.001,6.0,16.0,4.0,1.0,64.0,1.1806434940808683e-06,1.201215468427108e-06,0.0008367630653083,0.0008391645969823,0.9999884963035583,0.9999880790710448,763.0,1554.0,12274.81,0.0020949041005223,0.0023677391000092,0.0022252907510846
1.0,qlstm_linear_enhanced_paper,original_2,lorenz_1000,4.0,0.001,6.0,16.0,4.0,13.0,64.0,0.000130119282403,0.0001311113883275,0.0088795162737369,0.0087869828566908,0.9986779093742372,0.9986261129379272,763.0,1412.0,11041.01,0.0377705773338675,0.0438875928521156,0.0390845388174057
1.0,qlstm_linear_enhanced_paper,original_2,lorenz_1000,4.0,0.001,6.0,16.0,4.0,25.0,64.0,0.0099138123914599,0.0097692897543311,0.0644916370511055,0.0648887827992439,0.8953441977500916,0.8919538855552673,763.0,2786.0,11921.8,0.0373226193711161,0.0473798252642154,0.0418279282748699
1.0,qlstm_linear_enhanced_paper,original_2,lorenz_1000,4.0,0.001,6.0,16.0,8.0,1.0,64.0,5.900667474634247e-07,6.162367753859144e-07,0.0005558671546168,0.0005659647868014,0.9999936819076538,0.9999934434890748,763.0,1304.0,21181.92,0.000488848707755,0.0004564738483168,0.000391576293623
1.0,qlstm_linear_enhanced_paper,original_2,lorenz_1000,4.0,0.001,6.0,16.0,8.0,13.0,64.0,0.0005391831509768,0.0005950278718955,0.0176367703825235,0.0186644326895475,0.9942073225975036,0.993708074092865,763.0,1066.0,17542.13,0.0357311436906456,0.0418657287955284,0.0391340292990207
1.0,qlstm_linear_enhanced_paper,original_2,lorenz_1000,4.0,0.001,6.0,16.0,8.0,25.0,64.0,0.0112454267218709,0.0120761329308152,0.0744633749127388,0.0796721801161766,0.8751327991485596,0.8636153340339661,763.0,1261.0,11167.16,0.0368967980146408,0.0455379374325275,0.0414673313498497
1.0,qlstm_linear_enhanced_paper,original_2,lorenz_1000,4.0,0.001,6.0,16.0,16.0,1.0,64.0,7.054583193166764e-07,7.84875169301813e-07,0.0005628957878798,0.0005897102528251,0.9999933242797852,0.9999924898147584,763.0,1124.0,20482.25,0.0005084368604002,0.0005376004846766,0.0004944888059981
1.0,qlstm_linear_enhanced_paper,original_2,lorenz_1000,4.0,0.001,6.0,16.0,16.0,13.0,64.0,0.0023305057547986,0.0036986521445214,0.0373724959790706,0.0477126650512218,0.9748957753181458,0.9604287147521972,763.0,957.0,17372.2,0.0396647848188877,0.0468479767441749,0.0427872873842716
1.0,qlstm_linear_enhanced_paper,original_2,lorenz_1000,4.0,0.001,6.0,16.0,16.0,25.0,64.0,0.008606624789536,0.0084986947476863,0.0699718594551086,0.071971021592617,0.9071059226989746,0.9076682329177856,763.0,996.0,16667.18,0.0325025796062416,0.0362025946378707,0.0370476245880126
1.0,qlstm_linear_enhanced_paper,original_3,lorenz_1000,4.0,0.001,6.0,16.0,4.0,1.0,64.0,1.0165611001866637e-06,9.848581612459384e-07,0.0008001261739991,0.0007812894764356,0.9999892115592957,0.999989926815033,835.0,1322.0,13580.9,0.0016025537159293,0.0018083088798448,0.0017136695096269
1.0,qlstm_linear_enhanced_paper,original_3,lorenz_1000,4.0,0.001,6.0,16.0,4.0,13.0,64.0,0.0002710350090637,0.0003048472572118,0.0129113709554076,0.0137268910184502,0.9970818161964417,0.9967685341835022,835.0,1172.0,6596.57,0.0404075771570205,0.0497710369527339,0.0436911173164844
1.0,qlstm_linear_enhanced_paper,original_3,lorenz_1000,4.0,0.001,6.0,16.0,4.0,25.0,64.0,0.0072868191637098,0.0089510316029191,0.0548282340168952,0.0619356296956539,0.924385905265808,0.9051220417022704,835.0,1825.0,10265.78,0.0384847061708569,0.0475705377757549,0.0419710986316204
1.0,qlstm_linear_enhanced_paper,original_3,lorenz_1000,4.0,0.001,6.0,16.0,8.0,1.0,64.0,7.792946803419909e-07,9.336569632978352e-07,0.000703471538145,0.0007432513521052,0.999991774559021,0.999990165233612,835.0,1423.0,30197.49,0.0011998309695627,0.0013811298413202,0.0013521610526368
1.0,qlstm_linear_enhanced_paper,original_3,lorenz_1000,4.0,0.001,6.0,16.0,8.0,13.0,64.0,0.0011083016870543,0.0011267128866165,0.0261599197983741,0.0264618396759033,0.9883688688278198,0.9884384274482728,835.0,1155.0,13170.54,0.03800725992769,0.0477235168218612,0.0425332337617874
1.0,qlstm_linear_enhanced_paper,original_3,lorenz_1000,4.0,0.001,6.0,16.0,8.0,25.0,64.0,0.0112749161198735,0.012022765353322,0.0699980407953262,0.0735286101698875,0.8766068816184998,0.8640587329864502,835.0,1964.0,22824.94,0.0365177620202302,0.04714997112751,0.0431984066963195
1.0,qlstm_linear_enhanced_paper,original_3,lorenz_1000,4.0,0.001,6.0,16.0,16.0,1.0,64.0,1.129951783696015e-06,1.2933458037878154e-06,0.0008241845062002,0.0008870589081197,0.9999881982803344,0.9999868869781494,835.0,1224.0,51538.89,0.0007526559755206,0.0008466235594823,0.000733719789423
1.0,qlstm_linear_enhanced_paper,original_3,lorenz_1000,4.0,0.001,6.0,16.0,16.0,13.0,64.0,0.001667124335654,0.0020990017801523,0.0313992574810981,0.0343287587165832,0.9822049736976624,0.97748464345932,835.0,1032.0,24361.6,0.0391569001600146,0.0438897497951984,0.0395691618323326
1.0,qlstm_linear_enhanced_paper,original_3,lorenz_1000,4.0,0.001,6.0,16.0,16.0,25.0,64.0,0.0058758496306836,0.0062308656051754,0.0607757046818733,0.0620025470852851,0.9368222951889038,0.9319500923156738,835.0,820.0,17991.99,0.0385769498017099,0.044977631419897,0.043728120625019
1.0,qlstm_linear_enhanced_paper,original_1,lorenz_1000,4.0,0.001,6.0,32.0,4.0,1.0,64.0,3.454687202975037e-06,3.7209890706435536e-06,0.0013945501996204,0.0014598228735849,0.9999630451202391,0.9999611377716064,1283.0,992.0,2901.2,0.0015421880409121,0.0016146246343851,0.0016803100006654
1.0,qlstm_linear_enhanced_paper,original_1,lorenz_1000,4.0,0.001,6.0,32.0,4.0,13.0,64.0,0.0002413362381048,0.0002889692259486,0.0122564984485507,0.013447443023324,0.9974048733711244,0.9969273209571838,1283.0,1278.0,3727.3,0.0392705101519823,0.0472265258431434,0.0399549081921577
1.0,qlstm_linear_enhanced_paper,original_1,lorenz_1000,4.0,0.001,6.0,32.0,4.0,25.0,64.0,0.0135797373950481,0.015154717490077,0.0755292996764183,0.0817332714796066,0.8445327281951904,0.8235303163528442,1283.0,2805.0,8339.25,0.0389173679053783,0.0455362685024738,0.0402786694467067
1.0,qlstm_linear_enhanced_paper,original_1,lorenz_1000,4.0,0.001,6.0,32.0,8.0,1.0,64.0,1.3839414805261183e-06,1.434734144822869e-06,0.0009056492708623,0.0009376057423651,0.9999850392341614,0.9999845623970032,1283.0,1435.0,8707.74,0.0016446134890429,0.0019331106450408,0.0018545476486906
1.0,qlstm_linear_enhanced_paper,original_1,lorenz_1000,4.0,0.001,6.0,32.0,8.0,13.0,64.0,0.001050736173056,0.0010002192575484,0.0253225695341825,0.0251277908682823,0.9886944890022278,0.9894424080848694,1283.0,1151.0,12846.58,0.0358447158709168,0.0426167100667953,0.0393474139273166
1.0,qlstm_linear_enhanced_paper,original_1,lorenz_1000,4.0,0.001,6.0,32.0,8.0,25.0,64.0,0.0218768995255231,0.0227310247719287,0.1062554195523262,0.1116221696138382,0.7387821674346924,0.7175976037979126,1283.0,1055.0,6420.77,0.0361995181068778,0.0453921183943748,0.0406166352331638
1.0,qlstm_linear_enhanced_paper,original_1,lorenz_1000,4.0,0.001,6.0,32.0,16.0,1.0,64.0,2.159659743483644e-06,2.1794769509142498e-06,0.0011219383450224,0.0011359951458871,0.9999784231185912,0.9999776482582092,1283.0,1010.0,12780.45,0.0017288865288719,0.0019977674819529,0.0017935130745172
1.0,qlstm_linear_enhanced_paper,original_1,lorenz_1000,4.0,0.001,6.0,32.0,16.0,13.0,64.0,0.0026085088029503,0.0034338601399213,0.0402650088071823,0.0449380353093147,0.9718251824378968,0.963101089000702,1283.0,1255.0,15624.1,0.0397872529923915,0.0457306168973445,0.0400692708790302
1.0,qlstm_linear_enhanced_paper,original_1,lorenz_1000,4.0,0.001,6.0,32.0,16.0,25.0,64.0,0.0053376830182969,0.0060003888793289,0.0591441914439201,0.06246118247509,0.942855417728424,0.9324599504470824,1283.0,1377.0,28701.25,0.0377740727530585,0.0440755374729633,0.0415753908455371
1.0,qlstm_linear_enhanced_paper,original_2,lorenz_1000,4.0,0.001,6.0,32.0,4.0,1.0,64.0,2.3892739591246936e-06,2.675155883480329e-06,0.0010862986091524,0.0011615293333306,0.9999751448631288,0.999974012374878,1355.0,1256.0,10087.02,0.0013615551986731,0.0014367058174684,0.0014995755627751
1.0,qlstm_linear_enhanced_paper,original_2,lorenz_1000,4.0,0.001,6.0,32.0,4.0,13.0,64.0,0.0004043534572701,0.0004167707520537,0.0151663878932595,0.015884717926383,0.9956790804862976,0.9955471158027648,1355.0,1096.0,8786.98,0.0354824924841523,0.0400982499122619,0.036981426179409
1.0,qlstm_linear_enhanced_paper,original_2,lorenz_1000,4.0,0.001,6.0,32.0,4.0,25.0,64.0,0.0097833257168531,0.0099001778289675,0.0625939890742302,0.0659541338682174,0.8937263488769531,0.8907868266105652,1355.0,1490.0,11731.29,0.0374038813635706,0.0469022430479526,0.0426238738000392
1.0,qlstm_linear_enhanced_paper,original_2,lorenz_1000,4.0,0.001,6.0,32.0,8.0,1.0,64.0,9.635732567403466e-07,1.0154377605431364e-06,0.0007677566027268,0.0007802880136296,0.999990165233612,0.9999895691871644,1355.0,1381.0,18900.61,0.0013169794110581,0.0015452360967174,0.0014434666372835
1.0,qlstm_linear_enhanced_paper,original_2,lorenz_1000,4.0,0.001,6.0,32.0,8.0,13.0,64.0,0.0009998057503253,0.0010818524751812,0.0254963785409927,0.0266110450029373,0.9895539879798888,0.9888905882835388,1355.0,972.0,15745.33,0.0355989094823598,0.0432441346347332,0.0399930141866207
1.0,qlstm_linear_enhanced_paper,original_2,lorenz_1000,4.0,0.001,6.0,32.0,8.0,25.0,64.0,0.0137998722493648,0.0151794198900461,0.0868272557854652,0.0926014333963394,0.8453032970428467,0.8271691799163818,1355.0,1287.0,21115.64,0.0363015335053205,0.0474752224981784,0.0426227450370788
1.0,qlstm_linear_enhanced_paper,original_2,lorenz_1000,4.0,0.001,6.0,32.0,16.0,1.0,64.0,1.33735761664866e-06,1.299183736591658e-06,0.0008627512142993,0.0008538350230082,0.9999877214431764,0.9999876618385316,1355.0,1118.0,20292.19,0.0011154027481097,0.0013395851710811,0.0011056830408051
1.0,qlstm_linear_enhanced_paper,original_2,lorenz_1000,4.0,0.001,6.0,32.0,16.0,13.0,64.0,0.0020030704326927,0.0018333811312913,0.0332065299153327,0.0313044786453247,0.9802159070968628,0.9807733297348022,1355.0,733.0,24511.83,0.0380372604355216,0.0425553657114505,0.0393894352018833
1.0,qlstm_linear_enhanced_paper,original_2,lorenz_1000,4.0,0.001,6.0,32.0,16.0,25.0,64.0,0.0100061260163784,0.0093194535002112,0.0704894661903381,0.0700541138648986,0.8935293555259705,0.899067759513855,1355.0,903.0,14934.53,0.0310736157827907,0.0344941988587379,0.0350324884057045
1.0,qlstm_linear_enhanced_paper,original_3,lorenz_1000,4.0,0.001,6.0,32.0,4.0,1.0,64.0,1.3615610896522412e-06,1.4638515040132916e-06,0.000919239828363,0.000947986729443,0.99998676776886,0.9999871253967284,1427.0,1181.0,12426.35,0.0008136202872265,0.00071470241528,0.0008069555624388
1.0,qlstm_linear_enhanced_paper,original_3,lorenz_1000,4.0,0.001,6.0,32.0,4.0,13.0,64.0,0.0002944815496448,0.0003272572939749,0.0134447971358895,0.0141815580427646,0.9968461990356444,0.996516764163971,1427.0,893.0,5050.61,0.0382490282878279,0.0443223044276237,0.0392685830593109
1.0,qlstm_linear_enhanced_paper,original_3,lorenz_1000,4.0,0.001,6.0,32.0,4.0,25.0,64.0,0.0103172026574611,0.011811388656497,0.0629678219556808,0.0685395374894142,0.8842846155166626,0.8657106161117554,1427.0,1828.0,10125.38,0.0366516368463635,0.0464415438473224,0.0417177602648735
1.0,qlstm_linear_enhanced_paper,original_3,lorenz_1000,4.0,0.001,6.0,32.0,8.0,1.0,64.0,1.0946396287181417e-06,1.1731963240890764e-06,0.0008218751172535,0.0008419645600952,0.99998939037323,0.9999880194664,1427.0,887.0,18999.14,0.0003398178057977,0.0003516644937917,0.0003424364549573
1.0,qlstm_linear_enhanced_paper,original_3,lorenz_1000,4.0,0.001,6.0,32.0,8.0,13.0,64.0,0.0005047184531576,0.0004718835989478,0.0170106571167707,0.0163523256778717,0.9948354363441468,0.995084583759308,1427.0,1343.0,15291.85,0.0367376601323485,0.0447284691035747,0.0397476777434349
1.0,qlstm_linear_enhanced_paper,original_3,lorenz_1000,4.0,0.001,6.0,32.0,8.0,25.0,64.0,0.0083209304139018,0.0096183670684695,0.0631619319319725,0.0670535266399383,0.9092450141906738,0.8944548964500427,1427.0,1481.0,17156.9,0.0385885208845138,0.0439853332936763,0.0378364473581314
1.0,qlstm_linear_enhanced_paper,original_3,lorenz_1000,4.0,0.001,6.0,32.0,16.0,1.0,64.0,1.5702908058301546e-06,1.9643184714368545e-06,0.000949629175011,0.0010065189562737,0.9999833106994628,0.999979853630066,1427.0,817.0,19623.97,0.000887873902684,0.0010217843810096,0.0008829747093841
1.0,qlstm_linear_enhanced_paper,original_3,lorenz_1000,4.0,0.001,6.0,32.0,16.0,13.0,64.0,0.0058995368890464,0.0057810763828456,0.0563399866223335,0.0557489767670631,0.9352596998214722,0.9395651817321776,1427.0,832.0,35388.64,0.0365618888288736,0.0413588844239711,0.039570428431034
1.0,qlstm_linear_enhanced_paper,original_3,lorenz_1000,4.0,0.001,6.0,32.0,16.0,25.0,64.0,0.0072156777605414,0.007698621135205,0.0663388296961784,0.0686357989907264,0.9213171601295472,0.9128721356391908,1427.0,723.0,24098.41,0.0339984926912519,0.0404056459665298,0.0393066108226776
1.0,qlstm_linear_enhanced_paper,original_1,lorenz_1000,5.0,0.001,6.0,8.0,4.0,1.0,64.0,2.498581125109922e-06,2.633766825965722e-06,0.0012138279853388,0.0012493423419073,0.9999746680259703,0.9999735951423644,395.0,1749.0,5146.82,0.0065225454745814,0.0082104746252298,0.0063587985932827
1.0,qlstm_linear_enhanced_paper,original_1,lorenz_1000,5.0,0.001,6.0,8.0,4.0,13.0,64.0,0.0002771099389065,0.000312498275889,0.0126198101788759,0.0134214172139763,0.9970200657844543,0.9966624975204468,395.0,2599.0,7693.47,0.0363975783810019,0.0421045534312725,0.0383514501154422
1.0,qlstm_linear_enhanced_paper,original_1,lorenz_1000,5.0,0.001,6.0,8.0,4.0,25.0,64.0,0.0087277609854936,0.0108275851234793,0.0614939779043197,0.0709975287318229,0.9049354195594788,0.8770297169685364,395.0,3886.0,11535.77,0.0397588751278817,0.0502003394067287,0.0435242913663387
1.0,qlstm_linear_enhanced_paper,original_1,lorenz_1000,5.0,0.001,6.0,8.0,8.0,1.0,64.0,3.5379362088860944e-06,4.174728474026779e-06,0.0013874747091904,0.0015045010950416,0.9999630451202391,0.9999569654464722,395.0,1431.0,8657.35,0.006378336250782,0.0068833152763545,0.0070685134269297
1.0,qlstm_linear_enhanced_paper,original_1,lorenz_1000,5.0,0.001,6.0,8.0,8.0,13.0,64.0,0.0006704053957946,0.0008327330579049,0.0203140601515769,0.0228000804781913,0.992880880832672,0.9911507964134216,395.0,2639.0,15782.02,0.0413349142298102,0.0510644726455211,0.0473697781562805
1.0,qlstm_linear_enhanced_paper,original_1,lorenz_1000,5.0,0.001,6.0,8.0,8.0,25.0,64.0,0.0154705280438065,0.0150913521647453,0.090193435549736,0.0901322662830352,0.8232513070106506,0.8247594237327576,395.0,1267.0,7667.07,0.0422487571835517,0.0528301633894443,0.0476445406675338
1.0,qlstm_linear_enhanced_paper,original_1,lorenz_1000,5.0,0.001,6.0,8.0,16.0,1.0,64.0,2.929475840574014e-06,3.282190846221056e-06,0.0012768083252012,0.0013810913078486,0.9999687075614928,0.9999663829803468,395.0,1568.0,34532.91,0.007180588459596,0.0070276646874845,0.0079293670132756
1.0,qlstm_linear_enhanced_paper,original_1,lorenz_1000,5.0,0.001,6.0,8.0,16.0,13.0,64.0,0.0029520539101213,0.0030666661914438,0.040479939430952,0.0415143519639968,0.968737006187439,0.9680278301239014,395.0,1513.0,33906.72,0.03732894314453,0.047607135027647,0.0430443882942199
1.0,qlstm_linear_enhanced_paper,original_1,lorenz_1000,5.0,0.001,6.0,8.0,16.0,25.0,64.0,0.005636716261506,0.0058809677138924,0.0585733577609062,0.0613329261541366,0.9397562742233276,0.9360873699188232,395.0,2199.0,24925.64,0.0411249138414859,0.0487334318459034,0.0471595153212547
1.0,qlstm_linear_enhanced_paper,original_2,lorenz_1000,5.0,0.001,6.0,8.0,4.0,1.0,64.0,1.239121502294438e-06,1.272052486456232e-06,0.0008453584741801,0.0008596222032792,0.9999868869781494,0.9999871253967284,467.0,1821.0,7822.15,0.0059369164984673,0.0074605899862945,0.0061195315793156
1.0,qlstm_linear_enhanced_paper,original_2,lorenz_1000,5.0,0.001,6.0,8.0,4.0,13.0,64.0,0.0001722159358905,0.0001956937194336,0.0107735637575387,0.0115072205662727,0.9981853365898132,0.997921109199524,467.0,1548.0,6572.38,0.0387340780347585,0.0482758246362209,0.0439171083271503
1.0,qlstm_linear_enhanced_paper,original_2,lorenz_1000,5.0,0.001,6.0,8.0,4.0,25.0,64.0,0.0132386460900306,0.0134974215179681,0.0796341598033905,0.0809258893132209,0.8502432107925415,0.846149206161499,467.0,2097.0,8937.47,0.0398964043706655,0.0534817799925804,0.0491180308163166
1.0,qlstm_linear_enhanced_paper,original_2,lorenz_1000,5.0,0.001,6.0,8.0,8.0,1.0,64.0,1.3572071111411788e-06,1.6347206610589635e-06,0.0008627616334706,0.0009381576674059,0.9999855756759644,0.9999827146530152,467.0,1359.0,12084.18,0.0013537973980419,0.0014232177054509,0.0013831892283633
1.0,qlstm_linear_enhanced_paper,original_2,lorenz_1000,5.0,0.001,6.0,8.0,8.0,13.0,64.0,0.0012630181154236,0.0013059922493994,0.0280000269412994,0.0285121630877256,0.986433207988739,0.9861716032028198,467.0,1183.0,10579.92,0.0396678395569324,0.048389945179224,0.0446571931242942
1.0,qlstm_linear_enhanced_paper,original_2,lorenz_1000,5.0,0.001,6.0,8.0,8.0,25.0,64.0,0.0111068850383162,0.0121189141646027,0.073389284312725,0.0771035179495811,0.8772369027137756,0.864441454410553,467.0,1564.0,13967.11,0.0428577024489641,0.0493117459118366,0.0451419427990913
1.0,qlstm_linear_enhanced_paper,original_2,lorenz_1000,5.0,0.001,6.0,8.0,16.0,1.0,64.0,9.6280166417273e-07,9.516803061160316e-07,0.0007544883410446,0.0007442132337018,0.9999904036521912,0.9999905228614808,467.0,1566.0,49031.89,0.0073297130875289,0.0095021920278668,0.0077306791208684
1.0,qlstm_linear_enhanced_paper,original_2,lorenz_1000,5.0,0.001,6.0,8.0,16.0,13.0,64.0,0.0019055046141147,0.0020660685840994,0.0341614484786987,0.0354330725967884,0.9797177910804749,0.9782497882843018,467.0,1315.0,43174.55,0.0349805218167603,0.0436641424894332,0.0398792698979377
1.0,qlstm_linear_enhanced_paper,original_2,lorenz_1000,5.0,0.001,6.0,8.0,16.0,25.0,64.0,0.0078639667481184,0.0088002141565084,0.0687928348779678,0.0744557231664657,0.9145076870918274,0.9010350704193116,467.0,1494.0,44542.13,0.0428647626605298,0.053208153694868,0.0525123327970504
1.0,qlstm_linear_enhanced_paper,original_3,lorenz_1000,5.0,0.001,6.0,8.0,4.0,1.0,64.0,9.95973209683143e-07,9.085430860977796e-07,0.0007600642857141,0.0007165064453147,0.999989926815033,0.9999903440475464,539.0,1920.0,10516.5,0.0221281407400965,0.0213455371558666,0.0219961144030094
1.0,qlstm_linear_enhanced_paper,original_3,lorenz_1000,5.0,0.001,6.0,8.0,4.0,13.0,64.0,0.0006026736809872,0.0006584608345292,0.0196161624044179,0.0208094473928213,0.9935551285743712,0.992952525615692,539.0,1051.0,10922.25,0.0362051861360669,0.0425557121634483,0.0394515171647071
1.0,qlstm_linear_enhanced_paper,original_3,lorenz_1000,5.0,0.001,6.0,8.0,4.0,25.0,64.0,0.012827806174755,0.0131795853376388,0.0759911984205246,0.0785320252180099,0.856361448764801,0.8526114225387573,539.0,1314.0,7385.46,0.0341295482125133,0.0468379445374012,0.0421337783336639
1.0,qlstm_linear_enhanced_paper,original_3,lorenz_1000,5.0,0.001,6.0,8.0,8.0,1.0,64.0,6.259818405851547e-07,5.687364250661631e-07,0.0005480140680447,0.0005118597764521,0.9999932646751404,0.999993860721588,539.0,1838.0,21171.64,0.0071805533487349,0.0076326248236,0.0076476037502288
1.0,qlstm_linear_enhanced_paper,original_3,lorenz_1000,5.0,0.001,6.0,8.0,8.0,13.0,64.0,0.0006550673278979,0.0007217992097139,0.0203396342694759,0.0214303862303495,0.9929710030555724,0.9922946691513062,539.0,1152.0,24148.61,0.0378381967544555,0.0454215407371521,0.0404429137706756
1.0,qlstm_linear_enhanced_paper,original_3,lorenz_1000,5.0,0.001,6.0,8.0,8.0,25.0,64.0,0.0095785623416304,0.0105249928310513,0.0576861463487148,0.064502939581871,0.8930531740188599,0.8800656795501709,539.0,2028.0,40887.85,0.0407933454960584,0.0457215793430805,0.0409736856818199
1.0,qlstm_linear_enhanced_paper,original_3,lorenz_1000,5.0,0.001,6.0,8.0,16.0,1.0,64.0,8.708442464921973e-07,1.0209129186478094e-06,0.0007057967595756,0.0007631771732121,0.9999908208847046,0.9999893307685852,539.0,1487.0,56417.37,0.0011665159312542,0.0012653330340981,0.0012059864820912
1.0,qlstm_linear_enhanced_paper,original_3,lorenz_1000,5.0,0.001,6.0,8.0,16.0,13.0,64.0,0.0014184403698891,0.0013776061823591,0.0298897139728069,0.028801754117012,0.985259771347046,0.9853044152259828,539.0,1287.0,30202.43,0.0356465943157672,0.0439553260803222,0.0403215996921062
1.0,qlstm_linear_enhanced_paper,original_3,lorenz_1000,5.0,0.001,6.0,8.0,16.0,25.0,64.0,0.0074655199423432,0.0085025010630488,0.0653996914625167,0.0722310170531272,0.9186399579048156,0.9028918743133544,539.0,911.0,35563.7,0.041773308482435,0.0486640036106109,0.0473438464105129
1.0,qlstm_linear_enhanced_paper,original_1,lorenz_1000,5.0,0.001,6.0,16.0,4.0,1.0,64.0,3.0500082175421994e-06,3.343926664456376e-06,0.0012964594643563,0.0012909919023513,0.9999676942825316,0.9999645948410034,691.0,1630.0,4757.91,0.0047965709120035,0.0052404892630875,0.0050579817034304
1.0,qlstm_linear_enhanced_paper,original_1,lorenz_1000,5.0,0.001,6.0,16.0,4.0,13.0,64.0,0.0002492225903552,0.000260353583144,0.0119511568918824,0.0123248938471078,0.9973419904708862,0.9972293972969056,691.0,1521.0,4510.32,0.0366075232625007,0.0429267510771751,0.0385965220630168
1.0,qlstm_linear_enhanced_paper,original_1,lorenz_1000,5.0,0.001,6.0,16.0,4.0,25.0,64.0,0.0132877891883254,0.0152085330337286,0.0759852230548858,0.084750510752201,0.8517863154411316,0.8257644176483154,691.0,2904.0,8731.6,0.0364087159745395,0.0471778474748134,0.0434111095964908
1.0,qlstm_linear_enhanced_paper,original_1,lorenz_1000,5.0,0.001,6.0,16.0,8.0,1.0,64.0,2.15226805266866e-06,2.175032250306685e-06,0.0010700825368985,0.0010791595559567,0.9999771118164062,0.9999766945838928,691.0,1360.0,8245.23,0.0025170544860884,0.0028278317768126,0.0027729114517569
1.0,qlstm_linear_enhanced_paper,original_1,lorenz_1000,5.0,0.001,6.0,16.0,8.0,13.0,64.0,0.000998584087938,0.0009874125244095,0.0252760928124189,0.024965688586235,0.989359974861145,0.9894211888313292,691.0,1523.0,9335.21,0.0390027666464447,0.0472784452140331,0.042546484619379
1.0,qlstm_linear_enhanced_paper,original_1,lorenz_1000,5.0,0.001,6.0,16.0,8.0,25.0,64.0,0.0071095945313572,0.0079850144684314,0.0509857833385467,0.0540202148258686,0.925434410572052,0.911644458770752,691.0,3138.0,34022.71,0.0405225470662117,0.0455621778964996,0.0392438285052776
1.0,qlstm_linear_enhanced_paper,original_1,lorenz_1000,5.0,0.001,6.0,16.0,16.0,1.0,64.0,1.240366259480652e-06,1.3587260809799773e-06,0.0008488319581374,0.0008819993818178,0.9999882578849792,0.9999865889549256,691.0,1507.0,33397.34,0.0032284800196066,0.0036778624635189,0.00353231607005
1.0,qlstm_linear_enhanced_paper,original_1,lorenz_1000,5.0,0.001,6.0,16.0,16.0,13.0,64.0,0.0021103399340063,0.0029020824003964,0.0361880324780941,0.0411395691335201,0.9773802757263184,0.968707799911499,691.0,1464.0,18132.82,0.0355507096275687,0.0439027287065982,0.0395127050578594
1.0,qlstm_linear_enhanced_paper,original_1,lorenz_1000,5.0,0.001,6.0,16.0,16.0,25.0,64.0,0.0118019022047519,0.0118317455053329,0.0745199769735336,0.0753249302506446,0.8749643564224243,0.8697953224182129,691.0,832.0,9474.77,0.0389955163829856,0.0451167039573192,0.04360843449831
1.0,qlstm_linear_enhanced_paper,original_2,lorenz_1000,5.0,0.001,6.0,16.0,4.0,1.0,64.0,1.0651842785591723e-06,1.189370436804893e-06,0.0007768014911562,0.000816507032141,0.999988853931427,0.999988317489624,763.0,1208.0,9624.42,0.0011265794513747,0.0012954887934029,0.0012458190321922
1.0,qlstm_linear_enhanced_paper,original_2,lorenz_1000,5.0,0.001,6.0,16.0,4.0,13.0,64.0,0.0001142201217589,0.0001273633242817,0.0081116091459989,0.0086137056350708,0.9987809062004088,0.9986531734466552,763.0,2482.0,10491.18,0.0365518268197774,0.0425922609865665,0.0386169552803039
1.0,qlstm_linear_enhanced_paper,original_2,lorenz_1000,5.0,0.001,6.0,16.0,4.0,25.0,64.0,0.0126110389828681,0.0131896222010254,0.0727929472923278,0.0779532268643379,0.8608614206314087,0.8536558151245117,763.0,2040.0,8861.49,0.0360314643941819,0.0452424734830856,0.039637804031372
1.0,qlstm_linear_enhanced_paper,original_2,lorenz_1000,5.0,0.001,6.0,16.0,8.0,1.0,64.0,1.0799606116052018e-06,1.17642105124105e-06,0.0007816026336513,0.0008057435043156,0.9999896287918092,0.999988853931427,763.0,1360.0,21879.19,0.0008661715721245,0.0008761784411035,0.0008801928488537
1.0,qlstm_linear_enhanced_paper,original_2,lorenz_1000,5.0,0.001,6.0,16.0,8.0,13.0,64.0,0.001010718755424,0.0011571133509278,0.0256919469684362,0.0274648610502481,0.9891858100891112,0.98772931098938,763.0,1059.0,9569.23,0.0371024349704384,0.0435791984200477,0.0393705368041992
1.0,qlstm_linear_enhanced_paper,original_2,lorenz_1000,5.0,0.001,6.0,16.0,8.0,25.0,64.0,0.0094987200573086,0.0081840539351105,0.0629748478531837,0.0593866072595119,0.8956887125968933,0.9087297320365906,763.0,2432.0,21327.41,0.0413309961557388,0.0456972941756248,0.0405795499682426
1.0,qlstm_linear_enhanced_paper,original_2,lorenz_1000,5.0,0.001,6.0,16.0,16.0,1.0,64.0,1.4840657058812212e-06,1.7332606603304157e-06,0.0008771911961957,0.0009267915156669,0.9999849200248718,0.9999824166297911,763.0,1144.0,21078.05,0.0005844238417921,0.0005646588979288,0.0005627938662655
1.0,qlstm_linear_enhanced_paper,original_2,lorenz_1000,5.0,0.001,6.0,16.0,16.0,13.0,64.0,0.0018762623658403,0.002103014383465,0.0341651961207389,0.0369504243135452,0.9801400899887084,0.977515459060669,763.0,1361.0,24834.55,0.0357891329564154,0.0443298183381557,0.0401807390153408
1.0,qlstm_linear_enhanced_paper,original_2,lorenz_1000,5.0,0.001,6.0,16.0,16.0,25.0,64.0,0.0054797250777482,0.0054414556361734,0.0553014725446701,0.0555055364966392,0.9416481852531432,0.941435933113098,763.0,1793.0,29483.59,0.0397018065883053,0.0495717674493789,0.0483093149960041
1.0,qlstm_linear_enhanced_paper,original_3,lorenz_1000,5.0,0.001,6.0,16.0,4.0,1.0,64.0,1.2531050970210345e-06,1.4127978147371325e-06,0.0007961231749504,0.0008654440753161,0.9999866485595704,0.9999847412109376,835.0,1632.0,9199.99,0.0022751869983039,0.0024999645538628,0.0025401876773685
1.0,qlstm_linear_enhanced_paper,original_3,lorenz_1000,5.0,0.001,6.0,16.0,4.0,13.0,64.0,9.182056237477808e-05,9.095216228161009e-05,0.0073700491338968,0.0072047812864184,0.9990368485450744,0.9990346431732178,835.0,1203.0,12348.71,0.0354612918570637,0.0419022254645824,0.0388902053236961
1.0,qlstm_linear_enhanced_paper,original_3,lorenz_1000,5.0,0.001,6.0,16.0,4.0,25.0,64.0,0.0125628653913736,0.0136787071824073,0.0835873782634735,0.0870201289653778,0.858540952205658,0.8430781364440918,835.0,1404.0,7870.33,0.0364732307847589,0.0442228242754936,0.0384011454880237
1.0,qlstm_linear_enhanced_paper,original_3,lorenz_1000,5.0,0.001,6.0,16.0,8.0,1.0,64.0,1.2391442396619825e-06,1.4078922276894446e-06,0.0008515915251336,0.0008890539756976,0.9999871850013732,0.9999850988388062,835.0,1229.0,14130.56,0.0007339543342823,0.0007837599259801,0.0007535108597949
1.0,qlstm_linear_enhanced_paper,original_3,lorenz_1000,5.0,0.001,6.0,16.0,8.0,13.0,64.0,0.0006891549564898,0.0006741762626916,0.0203122682869434,0.0204159412533044,0.992668628692627,0.9928371906280518,835.0,1028.0,21987.26,0.0364646773785352,0.0421929694712162,0.0385103709995746
1.0,qlstm_linear_enhanced_paper,original_3,lorenz_1000,5.0,0.001,6.0,16.0,8.0,25.0,64.0,0.009150743484497,0.0097720334306359,0.0704790204763412,0.0730153247714042,0.899008572101593,0.8907032012939453,835.0,1278.0,14622.59,0.04006929397583,0.0475904904305934,0.0419976860284805
1.0,qlstm_linear_enhanced_paper,original_3,lorenz_1000,5.0,0.001,6.0,16.0,16.0,1.0,64.0,1.3828099554302753e-06,1.3313392628333531e-06,0.0009303668048232,0.0008606170304119,0.999986469745636,0.9999862313270568,835.0,1117.0,26550.24,0.0008568354998715,0.0009625127422623,0.0008291464182548
1.0,qlstm_linear_enhanced_paper,original_3,lorenz_1000,5.0,0.001,6.0,16.0,16.0,13.0,64.0,0.0028112074360251,0.0028135310858488,0.0416059382259845,0.041851207613945,0.970123291015625,0.9699271321296692,835.0,963.0,38469.36,0.0364099912345409,0.0464433170855045,0.0410542823374271
1.0,qlstm_linear_enhanced_paper,original_3,lorenz_1000,5.0,0.001,6.0,16.0,16.0,25.0,64.0,0.0091656139120459,0.0098396707326173,0.0681439712643623,0.0720311924815177,0.8997326493263245,0.886587381362915,835.0,972.0,21059.75,0.0393426182369391,0.0481286905705928,0.043178267776966
1.0,qlstm_linear_enhanced_paper,original_1,lorenz_1000,5.0,0.001,6.0,32.0,4.0,1.0,64.0,2.609957846289035e-06,2.662023234734079e-06,0.0012087286449968,0.0012080407468602,0.999972403049469,0.9999723434448242,1283.0,1634.0,4893.87,0.0027760121505707,0.0032034015748649,0.0029613866936415
1.0,qlstm_linear_enhanced_paper,original_1,lorenz_1000,5.0,0.001,6.0,32.0,4.0,13.0,64.0,0.0007871233974583,0.0008679757593199,0.0205275379121303,0.0217389725148677,0.9915095567703248,0.9907636642456056,1283.0,1836.0,5443.7,0.0366476884111762,0.0431609973311424,0.0388714857399463
1.0,qlstm_linear_enhanced_paper,original_1,lorenz_1000,5.0,0.001,6.0,32.0,4.0,25.0,64.0,0.0170443188399076,0.0168739613145589,0.0944819748401641,0.0969662964344024,0.8064754009246826,0.8044817447662354,1283.0,1506.0,4476.96,0.0382387573830783,0.0517025627195835,0.0476475469768047
1.0,qlstm_linear_enhanced_paper,original_1,lorenz_1000,5.0,0.001,6.0,32.0,8.0,1.0,64.0,1.3830286889060517e-06,1.327279619545152e-06,0.0008389871800318,0.0008197807474061,0.9999850392341614,0.9999858140945436,1283.0,1216.0,13658.3,0.0017489436198957,0.0019336647819727,0.0019424081547185
1.0,qlstm_linear_enhanced_paper,original_1,lorenz_1000,5.0,0.001,6.0,32.0,8.0,13.0,64.0,0.0015623100334778,0.0015631332062184,0.0295272935181856,0.0306280422955751,0.9832359552383424,0.9840514063835144,1283.0,975.0,5848.19,0.037929730862379,0.044723130762577,0.0396765731275081
1.0,qlstm_linear_enhanced_paper,original_1,lorenz_1000,5.0,0.001,6.0,32.0,8.0,25.0,64.0,0.0126608246937394,0.0129383606836199,0.0802558958530426,0.0827929228544235,0.8621755242347717,0.8568280339241028,1283.0,1081.0,11896.3,0.040565500408411,0.0458863228559494,0.0403021685779094
1.0,qlstm_linear_enhanced_paper,original_1,lorenz_1000,5.0,0.001,6.0,32.0,16.0,1.0,64.0,1.733117642288562e-06,1.7829063381213928e-06,0.0009875686373561,0.0009843906154856,0.9999814629554749,0.9999810457229614,1283.0,1067.0,23940.07,0.0020583930774591,0.0023599090054631,0.0021809239406138
1.0,qlstm_linear_enhanced_paper,original_1,lorenz_1000,5.0,0.001,6.0,32.0,16.0,13.0,64.0,0.0014283545315265,0.0016810452798381,0.0290393996983766,0.0306147746741771,0.9847403168678284,0.9820082783699036,1283.0,884.0,11076.93,0.0353609573096036,0.0438413359224796,0.0394615866243839
1.0,qlstm_linear_enhanced_paper,original_1,lorenz_1000,5.0,0.001,6.0,32.0,16.0,25.0,64.0,0.0103749521076679,0.0114468373358249,0.0708104074001312,0.0788929909467697,0.8843793272972107,0.8662354350090027,1283.0,1085.0,22190.47,0.0380440623395972,0.0445004552602767,0.0416138134896755
1.0,qlstm_linear_enhanced_paper,original_2,lorenz_1000,5.0,0.001,6.0,32.0,4.0,1.0,64.0,8.743904231778288e-07,1.0304447641829029e-06,0.0006843233131803,0.0007449442055076,0.999990940093994,0.9999896287918092,1355.0,1393.0,10943.1,0.0018944935523904,0.0020984369330108,0.0020796984899789
1.0,qlstm_linear_enhanced_paper,original_2,lorenz_1000,5.0,0.001,6.0,32.0,4.0,13.0,64.0,0.0002601498272269,0.0002444386773277,0.0126630375161767,0.0120150260627269,0.9973333477973938,0.9974278807640076,1355.0,1441.0,11520.16,0.0364850275218486,0.0425385236740112,0.0393843278288841
1.0,qlstm_linear_enhanced_paper,original_2,lorenz_1000,5.0,0.001,6.0,32.0,4.0,25.0,64.0,0.0138523383066058,0.0142572410404682,0.0776107832789421,0.081402488052845,0.8446714282035828,0.8350220322608948,1355.0,1846.0,7915.41,0.0359501355327665,0.0459063351154327,0.0407483614981174
1.0,qlstm_linear_enhanced_paper,original_2,lorenz_1000,5.0,0.001,6.0,32.0,8.0,1.0,64.0,9.032247589857434e-07,1.0590707688606926e-06,0.000721312186215,0.0007822893094271,0.9999910593032836,0.9999892115592957,1355.0,1268.0,20923.62,0.0008472799556329,0.000861445267219,0.0008851144229993
1.0,qlstm_linear_enhanced_paper,original_2,lorenz_1000,5.0,0.001,6.0,32.0,8.0,13.0,64.0,0.0008860724046826,0.0008589756907895,0.0228923503309488,0.0227481536567211,0.9908466339111328,0.9912258982658386,1355.0,730.0,12087.7,0.0370599152520298,0.0423934124410152,0.0393658727407455
1.0,qlstm_linear_enhanced_paper,original_2,lorenz_1000,5.0,0.001,6.0,32.0,8.0,25.0,64.0,0.0116924718022346,0.0118711069226264,0.0766166299581527,0.0798930674791336,0.8709751963615417,0.8663827180862427,1355.0,1269.0,11233.51,0.0381484638899564,0.0462141446769237,0.0418444275856018
1.0,qlstm_linear_enhanced_paper,original_2,lorenz_1000,5.0,0.001,6.0,32.0,16.0,1.0,64.0,7.913330932751705e-07,7.756597710795177e-07,0.0006512462859973,0.0006523350602947,0.999991774559021,0.9999918937683104,1355.0,1125.0,20441.53,0.0005090854829177,0.0004838870954699,0.0004836615407839
1.0,qlstm_linear_enhanced_paper,original_2,lorenz_1000,5.0,0.001,6.0,32.0,16.0,13.0,64.0,0.0021077936980873,0.0022189961746335,0.0365263223648071,0.0382025018334388,0.9776514768600464,0.9768329858779908,1355.0,862.0,28459.35,0.0355303234420716,0.0434015095233917,0.0394830964505672
1.0,qlstm_linear_enhanced_paper,original_2,lorenz_1000,5.0,0.001,6.0,32.0,16.0,25.0,64.0,0.004604120273143,0.0048613976687192,0.0457802861928939,0.0495782420039176,0.952376127243042,0.9474872946739196,1355.0,1547.0,45741.57,0.0374429780575964,0.0444483757019043,0.0431206487119197
1.0,qlstm_linear_enhanced_paper,original_3,lorenz_1000,5.0,0.001,6.0,32.0,4.0,1.0,64.0,2.4218447833845858e-06,2.4314549591508694e-06,0.0011832395102828,0.0012091764947399,0.9999743700027466,0.9999753832817078,1427.0,1226.0,6871.13,0.0012802289391402,0.0014312246348708,0.0014340264024212
1.0,qlstm_linear_enhanced_paper,original_3,lorenz_1000,5.0,0.001,6.0,32.0,4.0,13.0,64.0,0.0002132564404746,0.0002214153500972,0.0111827868968248,0.0112173641100525,0.997704803943634,0.9976626634597778,1427.0,1012.0,5724.32,0.0357410756871104,0.0420340895652771,0.0384693183004856
1.0,qlstm_linear_enhanced_paper,original_3,lorenz_1000,5.0,0.001,6.0,32.0,4.0,25.0,64.0,0.016187060624361,0.0170100517570972,0.0891275182366371,0.0926031321287155,0.8165299296379089,0.8010284304618835,1427.0,1198.0,6635.1,0.0353879736736416,0.0464509166777133,0.0418053306639194
1.0,qlstm_linear_enhanced_paper,original_3,lorenz_1000,5.0,0.001,6.0,32.0,8.0,1.0,64.0,8.385183036807575e-07,8.737587222640286e-07,0.0006690808804705,0.0006650742725469,0.9999911189079284,0.999990701675415,1427.0,1317.0,15127.52,0.0006279725173953,0.0006523472256958,0.0006589656695723
1.0,qlstm_linear_enhanced_paper,original_3,lorenz_1000,5.0,0.001,6.0,32.0,8.0,13.0,64.0,0.0063733286224305,0.0068145203404128,0.059830404818058,0.0648567229509353,0.9350104331970216,0.931298851966858,1427.0,538.0,6254.02,0.0371447240933775,0.0425912775099277,0.0394630879163742
1.0,qlstm_linear_enhanced_paper,original_3,lorenz_1000,5.0,0.001,6.0,32.0,8.0,25.0,64.0,0.0107060438022017,0.0108281672000885,0.0717633813619613,0.0759185776114463,0.8797975182533264,0.8778097629547119,1427.0,1190.0,25219.56,0.0408609315752983,0.0454167760908603,0.0408676601946353
1.0,qlstm_linear_enhanced_paper,original_3,lorenz_1000,5.0,0.001,6.0,32.0,16.0,1.0,64.0,9.41006305765768e-07,1.0037499578174902e-06,0.0007568753208033,0.0007628737948834,0.999990165233612,0.9999897480010986,1427.0,1178.0,28276.15,0.0008462001103907,0.0009750496828928,0.0008606389164924
1.0,qlstm_linear_enhanced_paper,original_3,lorenz_1000,5.0,0.001,6.0,32.0,16.0,13.0,64.0,0.0021441793069243,0.0028084313962608,0.0359129197895526,0.0396943762898445,0.9770438075065612,0.9697898626327516,1427.0,1027.0,24171.88,0.0354674986563623,0.0439219921827316,0.0395659878849983
1.0,qlstm_linear_enhanced_paper,original_3,lorenz_1000,5.0,0.001,6.0,32.0,16.0,25.0,64.0,0.0030188267119228,0.0035534650087356,0.041317980736494,0.0444385409355163,0.9687845706939696,0.9621434807777404,1427.0,1695.0,57415.32,0.0346172826571597,0.038785483688116,0.0406033582985401
1.0,qlstm_linear_enhanced_paper,original_1,lorenz_1000,6.0,0.001,6.0,8.0,4.0,1.0,64.0,1.1456110087237905e-06,1.3737874269281749e-06,0.0008118788828141,0.0008703086641617,0.9999879002571106,0.9999854564666748,395.0,2257.0,12540.36,0.0078908175230026,0.008574322797358,0.0082227773964405
1.0,qlstm_linear_enhanced_paper,original_1,lorenz_1000,6.0,0.001,6.0,8.0,4.0,13.0,64.0,0.0002402786340098,0.0002398671495029,0.0123051656410098,0.0123815750703215,0.9974842071533204,0.9974454045295716,395.0,1408.0,7570.98,0.0385021157562732,0.0454209074378013,0.0398914851248264
1.0,qlstm_linear_enhanced_paper,original_1,lorenz_1000,6.0,0.001,6.0,8.0,4.0,25.0,64.0,0.0078061781823635,0.0080873621627688,0.0535887964069843,0.0580113679170608,0.9152269959449768,0.9103674292564392,395.0,3786.0,11021.35,0.043648612871766,0.0476004593074321,0.041752140969038
1.0,qlstm_linear_enhanced_paper,original_1,lorenz_1000,6.0,0.001,6.0,8.0,8.0,1.0,64.0,1.7695077758617115e-06,1.874939471235848e-06,0.0010131935123354,0.0010434258729219,0.9999814629554749,0.999980628490448,395.0,1863.0,11372.92,0.0044704893836751,0.0061965300701558,0.0045591592788696
1.0,qlstm_linear_enhanced_paper,original_1,lorenz_1000,6.0,0.001,6.0,8.0,8.0,13.0,64.0,0.0009006250766105,0.0009938945295289,0.0223156474530696,0.0232560224831104,0.9906574487686156,0.989540696144104,395.0,1228.0,7494.01,0.0388923991471529,0.0461866334080696,0.0406774096190929
1.0,qlstm_linear_enhanced_paper,original_1,lorenz_1000,6.0,0.001,6.0,8.0,8.0,25.0,64.0,0.0185891091823577,0.0183421839028596,0.1008214429020881,0.1010769829154014,0.7828586101531982,0.782067060470581,395.0,1141.0,6936.69,0.0431199371814727,0.051661480218172,0.0476322583854198
1.0,qlstm_linear_enhanced_paper,original_1,lorenz_1000,6.0,0.001,6.0,8.0,16.0,1.0,64.0,2.124855427609873e-06,2.322904492757516e-06,0.0011073520872741,0.0011333699803799,0.9999786019325256,0.9999766945838928,395.0,1726.0,21732.34,0.0142436931841075,0.0170702207833528,0.0141862770542502
1.0,qlstm_linear_enhanced_paper,original_1,lorenz_1000,6.0,0.001,6.0,8.0,16.0,13.0,64.0,0.0028701089322566,0.0039626182988286,0.041956178843975,0.0483884327113628,0.970395803451538,0.9592429399490356,395.0,1320.0,29338.81,0.0410713197663426,0.0439214631915092,0.0393077172338962
1.0,qlstm_linear_enhanced_paper,original_1,lorenz_1000,6.0,0.001,6.0,8.0,16.0,25.0,64.0,0.0050980695523321,0.0062043499201536,0.0570986941456794,0.0625499412417411,0.9459646344184875,0.9324586391448976,395.0,2380.0,26694.59,0.0405760986937416,0.0465672872960567,0.0437594726681709
1.0,qlstm_linear_enhanced_paper,original_2,lorenz_1000,6.0,0.001,6.0,8.0,4.0,1.0,64.0,1.3861711067875149e-06,1.2457126103981864e-06,0.0008235189015977,0.0007902481593191,0.9999856352806092,0.9999871850013732,467.0,1827.0,7684.06,0.0065262369345873,0.0079708257690072,0.0065351002849638
1.0,qlstm_linear_enhanced_paper,original_2,lorenz_1000,6.0,0.001,6.0,8.0,4.0,13.0,64.0,0.0006657549529336,0.000665898725856,0.0203011184930801,0.0201827604323625,0.9928609728813172,0.9928766489028932,467.0,1008.0,8144.42,0.0343254588544368,0.0384728275239467,0.0367406867444515
1.0,qlstm_linear_enhanced_paper,original_2,lorenz_1000,6.0,0.001,6.0,8.0,4.0,25.0,64.0,0.0091973952949047,0.0105792060494422,0.0628672316670417,0.0678576231002807,0.8999248743057251,0.880946695804596,467.0,2253.0,18161.54,0.0431954469531774,0.0466714948415756,0.0410759150981903
1.0,qlstm_linear_enhanced_paper,original_2,lorenz_1000,6.0,0.001,6.0,8.0,8.0,1.0,64.0,6.637671390308242e-07,7.839026352485234e-07,0.0006419981946237,0.0006816138047724,0.9999939203262328,0.9999925494194032,467.0,1782.0,28828.94,0.0028681269381195,0.0037064142525196,0.0030698804184794
1.0,qlstm_linear_enhanced_paper,original_2,lorenz_1000,6.0,0.001,6.0,8.0,8.0,13.0,64.0,0.0012926193885505,0.0013156031491234,0.0288295689970254,0.0289952382445335,0.9863040447235109,0.985958218574524,467.0,1052.0,9440.42,0.0415069874376058,0.0503113530576229,0.0467341057956218
1.0,qlstm_linear_enhanced_paper,original_2,lorenz_1000,6.0,0.001,6.0,8.0,8.0,25.0,64.0,0.0195323582738637,0.0200880765914917,0.0988736525177955,0.10126993060112,0.7668352723121643,0.7575265765190125,467.0,1111.0,9819.0,0.0377534577623009,0.0472630895674228,0.042329803109169
1.0,qlstm_linear_enhanced_paper,original_2,lorenz_1000,6.0,0.001,6.0,8.0,16.0,1.0,64.0,6.279416311372188e-07,7.669282240385655e-07,0.0005701902555301,0.0006165106897242,0.9999934434890748,0.9999918937683104,467.0,1713.0,30430.2,0.0052614154526963,0.0072072348557412,0.0052413917146623
1.0,qlstm_linear_enhanced_paper,original_2,lorenz_1000,6.0,0.001,6.0,8.0,16.0,13.0,64.0,0.0012706334237009,0.0013925412204116,0.0275885686278343,0.0285483617335557,0.9864184856414796,0.985044240951538,467.0,1217.0,38249.1,0.0419987417757511,0.0428377129137516,0.0390402600169181
1.0,qlstm_linear_enhanced_paper,original_2,lorenz_1000,6.0,0.001,6.0,8.0,16.0,25.0,64.0,0.007839236408472,0.0083759957924485,0.0611218474805355,0.0667658224701881,0.9144975543022156,0.9055195450782776,467.0,1290.0,21489.33,0.0402924981382158,0.0474751442670822,0.0442557893693447
1.0,qlstm_linear_enhanced_paper,original_3,lorenz_1000,6.0,0.001,6.0,8.0,4.0,1.0,64.0,1.0480081300556776e-06,1.1196046898476195e-06,0.0007900805212557,0.0007916381000541,0.9999890327453612,0.9999884963035583,539.0,1681.0,17652.26,0.0014822248835116,0.0017012073658406,0.0015741375973448
1.0,qlstm_linear_enhanced_paper,original_3,lorenz_1000,6.0,0.001,6.0,8.0,4.0,13.0,64.0,0.0001963444810826,0.0002037588128587,0.0106338178738951,0.0109494365751743,0.9979139566421508,0.997829020023346,539.0,1632.0,9247.2,0.0379343591630458,0.0433734208345413,0.0395351983606815
1.0,qlstm_linear_enhanced_paper,original_3,lorenz_1000,6.0,0.001,6.0,8.0,4.0,25.0,64.0,0.0100557496771216,0.0115049872547388,0.0611725002527236,0.0654148459434509,0.8883334994316101,0.8701374530792236,539.0,2372.0,13234.43,0.0430791659280657,0.047244656831026,0.0422391109168529
1.0,qlstm_linear_enhanced_paper,original_3,lorenz_1000,6.0,0.001,6.0,8.0,8.0,1.0,64.0,1.2902710295747966e-06,1.366720539408561e-06,0.0008368560229428,0.0008518873364664,0.9999866485595704,0.9999863505363464,539.0,1370.0,16079.81,0.0042450828012079,0.0048586693592369,0.0045049572363495
1.0,qlstm_linear_enhanced_paper,original_3,lorenz_1000,6.0,0.001,6.0,8.0,8.0,13.0,64.0,0.0003040810697712,0.0003515822463668,0.0134466607123613,0.0145487124100327,0.9968082308769226,0.9962769150733948,539.0,1603.0,18731.4,0.0391724184155464,0.0460606552660465,0.0425216928124427
1.0,qlstm_linear_enhanced_paper,original_3,lorenz_1000,6.0,0.001,6.0,8.0,8.0,25.0,64.0,0.0130701148882508,0.0142474081367254,0.0785844177007675,0.0840068012475967,0.8560739159584045,0.8374874591827393,539.0,1478.0,17462.68,0.0381891619414091,0.0459005646407604,0.0426230952143669
1.0,qlstm_linear_enhanced_paper,original_3,lorenz_1000,6.0,0.001,6.0,8.0,16.0,1.0,64.0,8.050059818742739e-07,1.0119105127159855e-06,0.0006433074595406,0.0007068523555062,0.9999916553497314,0.999989688396454,539.0,1531.0,35590.9,0.0016786604654043,0.0018840219127014,0.0017744657816365
1.0,qlstm_linear_enhanced_paper,original_3,lorenz_1000,6.0,0.001,6.0,8.0,16.0,13.0,64.0,0.001889390987344,0.0022627022117376,0.032643087208271,0.0356880724430084,0.9799568057060242,0.9758254885673524,539.0,1158.0,27378.72,0.0416137682273983,0.0449477583169937,0.0411449000239372
1.0,qlstm_linear_enhanced_paper,original_3,lorenz_1000,6.0,0.001,6.0,8.0,16.0,25.0,64.0,0.0041800611652433,0.0056273471564054,0.0492290630936622,0.0598202683031559,0.9561095237731934,0.9395803809165956,539.0,2937.0,93523.24,0.0384483997606568,0.0460096523165702,0.0434971898794174
1.0,qlstm_linear_enhanced_paper,original_1,lorenz_1000,6.0,0.001,6.0,16.0,4.0,1.0,64.0,1.4206989362719469e-06,1.2920605740873723e-06,0.0009229424758814,0.0008929193136282,0.9999848008155824,0.9999862909317015,691.0,1736.0,5165.91,0.0030757304513826,0.0036938057746738,0.0031968078110367
1.0,qlstm_linear_enhanced_paper,original_1,lorenz_1000,6.0,0.001,6.0,16.0,4.0,13.0,64.0,0.0002157478156732,0.0002360849175602,0.0115153305232524,0.0117664104327559,0.9977470636367798,0.9974825978279114,691.0,1364.0,3965.44,0.0392544668167829,0.0479286052286624,0.0418557226657867
1.0,qlstm_linear_enhanced_paper,original_1,lorenz_1000,6.0,0.001,6.0,16.0,4.0,25.0,64.0,0.0071157277561724,0.0079989116638898,0.0557599142193794,0.0587224066257476,0.9234654903411864,0.9118983745574952,691.0,4964.0,14817.94,0.0428793670609593,0.0468086265027523,0.0409882515668869
1.0,qlstm_linear_enhanced_paper,original_1,lorenz_1000,6.0,0.001,6.0,16.0,8.0,1.0,64.0,1.0134599506272934e-06,9.45619831327349e-07,0.0007491062860935,0.0007240463164635,0.9999892115592957,0.9999900460243224,691.0,1567.0,9559.59,0.0023465224774554,0.0026244027540087,0.0024204237852245
1.0,qlstm_linear_enhanced_paper,original_1,lorenz_1000,6.0,0.001,6.0,16.0,8.0,13.0,64.0,0.0005976448301225,0.0006627992843277,0.01868437230587,0.0195501204580068,0.9936239719390868,0.9929358959197998,691.0,1332.0,8080.56,0.0388675771653652,0.0467124879360199,0.0408134832978248
1.0,qlstm_linear_enhanced_paper,original_1,lorenz_1000,6.0,0.001,6.0,16.0,8.0,25.0,64.0,0.0166065823286771,0.0172587037086486,0.094531238079071,0.0992853939533233,0.8121303915977478,0.799347996711731,691.0,900.0,9962.47,0.0380970936268568,0.0457544215023517,0.0411980897188186
1.0,qlstm_linear_enhanced_paper,original_1,lorenz_1000,6.0,0.001,6.0,16.0,16.0,1.0,64.0,1.320899059464864e-06,1.212616325574345e-06,0.0009013143135234,0.0008329261909238,0.9999859929084778,0.9999874830245972,691.0,1435.0,32344.41,0.002773747453466,0.0030256158206611,0.0025863531045615
1.0,qlstm_linear_enhanced_paper,original_1,lorenz_1000,6.0,0.001,6.0,16.0,16.0,13.0,64.0,0.0026101814582943,0.0036269614938646,0.0381246730685234,0.0428621992468833,0.9721161127090454,0.9615473747253418,691.0,1209.0,15050.44,0.042192143201828,0.0468565560877323,0.043076291680336
1.0,qlstm_linear_enhanced_paper,original_1,lorenz_1000,6.0,0.001,6.0,16.0,16.0,25.0,64.0,0.0143438577651977,0.0148871093988418,0.0869561806321144,0.0890028178691864,0.8426475524902344,0.8295318484306335,691.0,722.0,8329.65,0.0386236372093359,0.0462584644556045,0.0426259562373161
1.0,qlstm_linear_enhanced_paper,original_2,lorenz_1000,6.0,0.001,6.0,16.0,4.0,1.0,64.0,1.0222090622846736e-06,9.002104093269736e-07,0.0007212070631794,0.0006622089422307,0.999989688396454,0.9999905824661256,763.0,1305.0,5499.42,0.0014354411512613,0.0013868426904082,0.00152215489652
1.0,qlstm_linear_enhanced_paper,original_2,lorenz_1000,6.0,0.001,6.0,16.0,4.0,13.0,64.0,0.0005103239673189,0.0005006652791053,0.0153243551030755,0.0155720328912138,0.994556188583374,0.9946915507316588,763.0,1823.0,7665.66,0.0384144145995378,0.0445016659796237,0.0390404760837554
1.0,qlstm_linear_enhanced_paper,original_2,lorenz_1000,6.0,0.001,6.0,16.0,4.0,25.0,64.0,0.0123798949643969,0.0149650536477565,0.0720945075154304,0.0836859047412872,0.8640267252922058,0.8280196189880371,763.0,1999.0,8748.65,0.0441878765821456,0.0489101521670818,0.0434238463640213
1.0,qlstm_linear_enhanced_paper,original_2,lorenz_1000,6.0,0.001,6.0,16.0,8.0,1.0,64.0,8.501442607666831e-07,1.0251792446069885e-06,0.0006876070983707,0.0007494821329601,0.9999914169311525,0.9999898672103882,763.0,1287.0,11468.35,0.0010997082514222,0.0011038871016353,0.0011535693192854
1.0,qlstm_linear_enhanced_paper,original_2,lorenz_1000,6.0,0.001,6.0,16.0,8.0,13.0,64.0,0.000744150544051,0.0007146766874939,0.0216551478952169,0.0206365287303924,0.9920405745506288,0.992356538772583,763.0,1072.0,9448.71,0.0373115476220846,0.0419126786291599,0.038775086402893
1.0,qlstm_linear_enhanced_paper,original_2,lorenz_1000,6.0,0.001,6.0,16.0,8.0,25.0,64.0,0.0120468223467469,0.0123622864484786,0.0739137753844261,0.0775929614901542,0.8688548803329468,0.8600618839263916,763.0,1420.0,12318.97,0.0378836864605546,0.0453624241054058,0.0411138869822025
1.0,qlstm_linear_enhanced_paper,original_2,lorenz_1000,6.0,0.001,6.0,16.0,16.0,1.0,64.0,5.28154373569123e-07,5.645979399560019e-07,0.0005453110206872,0.0005568267661146,0.9999943375587464,0.9999940991401672,763.0,1463.0,45435.92,0.0017516823601908,0.0019073942676186,0.0018090939847752
1.0,qlstm_linear_enhanced_paper,original_2,lorenz_1000,6.0,0.001,6.0,16.0,16.0,13.0,64.0,0.0011863434920087,0.0013543795794248,0.0269491076469421,0.0281993243843317,0.9874498844146729,0.985654890537262,763.0,1002.0,18366.75,0.0388257544487714,0.0405435971915721,0.0389504395425319
1.0,qlstm_linear_enhanced_paper,original_2,lorenz_1000,6.0,0.001,6.0,16.0,16.0,25.0,64.0,0.0056799938902258,0.006616938393563,0.0592046715319156,0.0640151798725128,0.9408352375030518,0.929404079914093,763.0,1156.0,34318.13,0.0388290675150023,0.0484028346836566,0.0458924062550067
1.0,qlstm_linear_enhanced_paper,original_3,lorenz_1000,6.0,0.001,6.0,16.0,4.0,1.0,64.0,1.1631651659627096e-06,1.2698131968136297e-06,0.0008384951506741,0.0009038537391461,0.999987542629242,0.9999865889549256,835.0,1321.0,7373.96,0.0014552233042195,0.0014831308508291,0.0015620129415765
1.0,qlstm_linear_enhanced_paper,original_3,lorenz_1000,6.0,0.001,6.0,16.0,4.0,13.0,64.0,0.0002358996280236,0.0002299262268934,0.0116626201197505,0.0113451657816767,0.9976134300231934,0.9976016283035278,835.0,931.0,9724.4,0.0375259302556514,0.0437738448381423,0.0392965897917747
1.0,qlstm_linear_enhanced_paper,original_3,lorenz_1000,6.0,0.001,6.0,16.0,4.0,25.0,64.0,0.0142513010650873,0.0150120100006461,0.0826615244150161,0.0850462540984153,0.8417075872421265,0.8262332677841187,835.0,1629.0,9091.69,0.0431153154000639,0.0459017492830753,0.0404924340546131
1.0,qlstm_linear_enhanced_paper,original_3,lorenz_1000,6.0,0.001,6.0,16.0,8.0,1.0,64.0,9.910974085869384e-07,1.067223934114736e-06,0.0007460972992703,0.0007649125182069,0.9999901056289672,0.999988853931427,835.0,1377.0,28794.67,0.0007411714730551,0.0007210859330371,0.0007212835480459
1.0,qlstm_linear_enhanced_paper,original_3,lorenz_1000,6.0,0.001,6.0,16.0,8.0,13.0,64.0,0.0008122026920318,0.0008588673663325,0.0220489930361509,0.0224610939621925,0.9915450811386108,0.990876853466034,835.0,1094.0,23010.8,0.0383204009383916,0.0458677746355533,0.0408043973147869
1.0,qlstm_linear_enhanced_paper,original_3,lorenz_1000,6.0,0.001,6.0,16.0,8.0,25.0,64.0,0.0102639999240636,0.0107271671295166,0.0672661960124969,0.0712653771042823,0.8872844576835632,0.8790557384490967,835.0,1852.0,21313.36,0.0376486176624894,0.0452433228492736,0.0414573289453983
1.0,qlstm_linear_enhanced_paper,original_3,lorenz_1000,6.0,0.001,6.0,16.0,16.0,1.0,64.0,9.940308700606693e-07,1.1749363011404057e-06,0.0007601857068948,0.0008255002321675,0.9999900460243224,0.9999879598617554,835.0,1294.0,49752.1,0.0021626126021146,0.0021188880782574,0.0022481810301542
1.0,qlstm_linear_enhanced_paper,original_3,lorenz_1000,6.0,0.001,6.0,16.0,16.0,13.0,64.0,0.0023853525053709,0.0028403273317962,0.0352539308369159,0.0378056354820728,0.9755680561065674,0.97082781791687,835.0,1280.0,51680.87,0.0419150503352284,0.0455587208271026,0.0422511287033557
1.0,qlstm_linear_enhanced_paper,original_3,lorenz_1000,6.0,0.001,6.0,16.0,16.0,25.0,64.0,0.0068314708769321,0.0068302173167467,0.0615088269114494,0.0629454553127288,0.9268824458122252,0.9273062348365784,835.0,1195.0,42957.77,0.0415924961368242,0.0482314117252826,0.0463902689516544
1.0,qlstm_linear_enhanced_paper,original_1,lorenz_1000,6.0,0.001,6.0,32.0,4.0,1.0,64.0,3.4557335766294277e-06,3.505262611724902e-06,0.0013797265710309,0.001412020297721,0.9999638199806212,0.9999650120735168,1283.0,1051.0,5774.55,0.0015433783177286,0.0017277244478464,0.0016893815482035
1.0,qlstm_linear_enhanced_paper,original_1,lorenz_1000,6.0,0.001,6.0,32.0,4.0,13.0,64.0,0.0002530376659706,0.0002609179646242,0.0122374491766095,0.0120847728103399,0.9975095987319946,0.997339963912964,1283.0,1008.0,2929.14,0.037664159014821,0.0446960628032684,0.0392023995518684
1.0,qlstm_linear_enhanced_paper,original_1,lorenz_1000,6.0,0.001,6.0,32.0,4.0,25.0,64.0,0.0121173355728387,0.0120768574997782,0.0754641517996788,0.0769825801253318,0.8651060461997986,0.8633816838264465,1283.0,2001.0,5968.89,0.0430593378841877,0.0476484596729278,0.0406730026006698
1.0,qlstm_linear_enhanced_paper,original_1,lorenz_1000,6.0,0.001,6.0,32.0,8.0,1.0,64.0,9.03395971363352e-07,8.616424906904285e-07,0.0007062967633828,0.0006799137336201,0.9999907612800598,0.9999913573265076,1283.0,1249.0,14095.13,0.0014237297989893,0.0015385771403089,0.0015644782688468
1.0,qlstm_linear_enhanced_paper,original_1,lorenz_1000,6.0,0.001,6.0,32.0,8.0,13.0,64.0,0.0008573888917453,0.0009428464691154,0.022746218368411,0.0241832230240106,0.9910030961036682,0.9903796911239624,1283.0,1215.0,7430.54,0.0385350801050663,0.0456187836825847,0.0395041145384311
1.0,qlstm_linear_enhanced_paper,original_1,lorenz_1000,6.0,0.001,6.0,32.0,8.0,25.0,64.0,0.0161969047039747,0.0166101735085248,0.0970707684755325,0.0990402400493621,0.8162475824356079,0.8053727149963379,1283.0,802.0,4871.25,0.038794606924057,0.0478750541806221,0.0435375608503818
1.0,qlstm_linear_enhanced_paper,original_1,lorenz_1000,6.0,0.001,6.0,32.0,16.0,1.0,64.0,7.672733772778884e-07,9.273105092688638e-07,0.0006955668213777,0.0007676882087253,0.9999920129776,0.9999905824661256,1283.0,1333.0,28798.7,0.001607733417768,0.0017590409843251,0.001568782608956
1.0,qlstm_linear_enhanced_paper,original_1,lorenz_1000,6.0,0.001,6.0,32.0,16.0,13.0,64.0,0.0040552983991801,0.0047863805666565,0.0477820672094821,0.050812404602766,0.95652973651886,0.948487102985382,1283.0,735.0,9251.46,0.0413398185744881,0.0440456047654151,0.0389557741582393
1.0,qlstm_linear_enhanced_paper,original_1,lorenz_1000,6.0,0.001,6.0,32.0,16.0,25.0,64.0,0.0041055623441934,0.0061809974722564,0.0494771413505077,0.0605211704969406,0.9577585458755492,0.932028353214264,1283.0,2155.0,24783.87,0.0339456577267911,0.039246566593647,0.0391102954745292
1.0,qlstm_linear_enhanced_paper,original_2,lorenz_1000,6.0,0.001,6.0,32.0,4.0,1.0,64.0,1.9213016457797494e-06,1.9702697500179056e-06,0.001049087033607,0.0010545110562816,0.999979853630066,0.9999790787696838,1355.0,1170.0,4964.34,0.0012386312591843,0.001434426754713,0.0013717991532757
1.0,qlstm_linear_enhanced_paper,original_2,lorenz_1000,6.0,0.001,6.0,32.0,4.0,13.0,64.0,0.0007071451400406,0.0006888179341331,0.0202148184180259,0.0202997475862503,0.9924858808517456,0.9926888942718506,1355.0,1080.0,4536.93,0.0376052677631378,0.044333092868328,0.0390521734952926
1.0,qlstm_linear_enhanced_paper,original_2,lorenz_1000,6.0,0.001,6.0,32.0,4.0,25.0,64.0,0.0083618005737662,0.0083921262994408,0.0622013062238693,0.0633253082633018,0.9085702300071716,0.9095304608345032,1355.0,2717.0,21843.64,0.0415444802492857,0.0444575957953929,0.0398826263844966
1.0,qlstm_linear_enhanced_paper,original_2,lorenz_1000,6.0,0.001,6.0,32.0,8.0,1.0,64.0,2.1335538349376293e-06,2.3717086605756776e-06,0.0011164842871949,0.0011391529114916,0.9999779462814332,0.9999751448631288,1355.0,1003.0,16407.2,0.0006831229286035,0.0005985035095363,0.0007207699818536
1.0,qlstm_linear_enhanced_paper,original_2,lorenz_1000,6.0,0.001,6.0,32.0,8.0,13.0,64.0,0.0010197539813816,0.0008919466054067,0.0238802265375852,0.021857326850295,0.9892303347587584,0.9907068610191344,1355.0,872.0,14142.32,0.037171534076333,0.0427809841930866,0.0391854345798492
1.0,qlstm_linear_enhanced_paper,original_2,lorenz_1000,6.0,0.001,6.0,32.0,8.0,25.0,64.0,0.0105362022295594,0.0107760140672326,0.0714387446641922,0.0726449564099311,0.8840538263320923,0.8781027793884277,1355.0,1938.0,17152.94,0.0375118883326649,0.0462885200977325,0.0423806719481945
1.0,qlstm_linear_enhanced_paper,original_2,lorenz_1000,6.0,0.001,6.0,32.0,16.0,1.0,64.0,1.1075661632276024e-06,1.313630718868808e-06,0.0008392745512537,0.0009134473511949,0.9999883770942688,0.9999860525131226,1355.0,1092.0,19946.3,0.000799813325284,0.0007573437760584,0.0008248403319157
1.0,qlstm_linear_enhanced_paper,original_2,lorenz_1000,6.0,0.001,6.0,32.0,16.0,13.0,64.0,0.0035413375589996,0.0044407011009752,0.0457051694393157,0.0495448447763919,0.961858570575714,0.9536736011505128,1355.0,735.0,13599.91,0.0394325163215398,0.0412917956709861,0.0394034683704376
1.0,qlstm_linear_enhanced_paper,original_2,lorenz_1000,6.0,0.001,6.0,32.0,16.0,25.0,64.0,0.005789894144982,0.0055676829069852,0.0580173917114734,0.0566251687705516,0.9386637210845948,0.9403940439224244,1355.0,1458.0,38703.51,0.0357907164014048,0.0407740175724029,0.041414875537157
1.0,qlstm_linear_enhanced_paper,original_3,lorenz_1000,6.0,0.001,6.0,32.0,4.0,1.0,64.0,2.9409347916953266e-06,2.914694505307125e-06,0.0013162973336875,0.0012880667345598,0.9999693632125854,0.9999697804450988,1427.0,916.0,9721.21,0.0002107527543557,0.0001799671881599,0.000185177399544
1.0,qlstm_linear_enhanced_paper,original_3,lorenz_1000,6.0,0.001,6.0,32.0,4.0,13.0,64.0,0.0001272069202968,0.0001380790199618,0.0083386097103357,0.0086682941764593,0.9986310005187988,0.9985476732254028,1427.0,1053.0,5932.3,0.0367483403533697,0.0420279987156391,0.0387070141732692
1.0,qlstm_linear_enhanced_paper,original_3,lorenz_1000,6.0,0.001,6.0,32.0,4.0,25.0,64.0,0.0119421295821666,0.0133187528699636,0.0651827454566955,0.0720196589827537,0.8666542768478394,0.8494184613227844,1427.0,2379.0,24836.34,0.0430563742294907,0.0444347523152828,0.0392532870173454
1.0,qlstm_linear_enhanced_paper,original_3,lorenz_1000,6.0,0.001,6.0,32.0,8.0,1.0,64.0,1.0937844763247997e-06,1.1019374142051674e-06,0.0007728619384579,0.0007692903745919,0.9999884366989136,0.9999881386756896,1427.0,1322.0,27974.0,0.0018978310399688,0.001921190181747,0.0021161625627428
1.0,qlstm_linear_enhanced_paper,original_3,lorenz_1000,6.0,0.001,6.0,32.0,8.0,13.0,64.0,0.0005291083361953,0.0006261966773308,0.018556760624051,0.01967154443264,0.9943237900733948,0.9933197498321532,1427.0,957.0,11204.39,0.0384980581700801,0.0456689707934856,0.0408129207789897
1.0,qlstm_linear_enhanced_paper,original_3,lorenz_1000,6.0,0.001,6.0,32.0,8.0,25.0,64.0,0.0120812822133302,0.0127652436494827,0.0787368342280387,0.0817086920142173,0.8695196509361267,0.8575788736343384,1427.0,1070.0,12373.04,0.0384965376928448,0.0462202318012714,0.0428598746657371
1.0,qlstm_linear_enhanced_paper,original_3,lorenz_1000,6.0,0.001,6.0,32.0,16.0,1.0,64.0,1.0614736538627767e-06,1.1964893928961828e-06,0.0007581814425066,0.0008039807435125,0.999988615512848,0.9999871850013732,1427.0,1038.0,24674.12,0.0015281555824913,0.0015557764563709,0.0016175069613382
1.0,qlstm_linear_enhanced_paper,original_3,lorenz_1000,6.0,0.001,6.0,32.0,16.0,13.0,64.0,0.0026468131691217,0.0032565454021096,0.040827676653862,0.0465658865869045,0.9714980125427246,0.9651997089385986,1427.0,616.0,26554.89,0.0391267051920294,0.0410279743373394,0.0385225489735603
1.0,qlstm_linear_enhanced_paper,original_3,lorenz_1000,6.0,0.001,6.0,32.0,16.0,25.0,64.0,0.0046783769503235,0.0051723583601415,0.0512705519795417,0.0546852461993694,0.9504393339157104,0.9427590370178224,1427.0,1447.0,30554.19,0.0363038349896669,0.0409200377762317,0.041908424347639
1.0,qlstm_linear_enhanced_paper,original_1,lorenz_1000,7.0,0.001,6.0,8.0,4.0,1.0,64.0,7.717453627265058e-07,8.565944540350756e-07,0.0006695710471831,0.0006957274745218,0.9999921917915344,0.999990940093994,395.0,2117.0,6337.26,0.0031186795327812,0.0039297407492995,0.0032142086420208
1.0,qlstm_linear_enhanced_paper,original_1,lorenz_1000,7.0,0.001,6.0,8.0,4.0,13.0,64.0,0.0003189615381415,0.0003316058428026,0.0138299670070409,0.0139467073604464,0.996779441833496,0.9965258240699768,395.0,2212.0,12094.78,0.0388202959671616,0.0450802855193614,0.0404482372105121
1.0,qlstm_linear_enhanced_paper,original_1,lorenz_1000,7.0,0.001,6.0,8.0,4.0,25.0,64.0,0.0069097769446671,0.0091293575242161,0.0581819079816341,0.0667813569307327,0.924588143825531,0.8982105851173401,395.0,5381.0,29241.22,0.0417256243526935,0.0529026947915554,0.0472980029881
1.0,qlstm_linear_enhanced_paper,original_1,lorenz_1000,7.0,0.001,6.0,8.0,8.0,1.0,64.0,1.145644660027756e-06,1.1194010767212603e-06,0.0007960089133121,0.0007875558803789,0.9999879598617554,0.9999884366989136,395.0,1646.0,9954.89,0.0021285083261318,0.0022663259878754,0.0020913290791213
1.0,qlstm_linear_enhanced_paper,original_1,lorenz_1000,7.0,0.001,6.0,8.0,8.0,13.0,64.0,0.0011624556500464,0.0012365675065666,0.0258722957223653,0.0275335758924484,0.9879350066184998,0.9869990348815918,395.0,1905.0,11828.46,0.0372042367234826,0.0434571169316768,0.039351038634777
1.0,qlstm_linear_enhanced_paper,original_1,lorenz_1000,7.0,0.001,6.0,8.0,8.0,25.0,64.0,0.0110335424542427,0.0114815775305032,0.0747396647930145,0.0780818685889244,0.879705011844635,0.8705344796180725,395.0,2730.0,16751.52,0.041487730294466,0.0473929420113563,0.044279757887125
1.0,qlstm_linear_enhanced_paper,original_1,lorenz_1000,7.0,0.001,6.0,8.0,16.0,1.0,64.0,2.010868911384023e-06,2.031462372542592e-06,0.0011015975615009,0.0011217663995921,0.9999786615371704,0.9999784231185912,395.0,1681.0,37294.47,0.0046257246052846,0.0062951031140983,0.0046746795997023
1.0,qlstm_linear_enhanced_paper,original_1,lorenz_1000,7.0,0.001,6.0,8.0,16.0,13.0,64.0,0.0066341594792902,0.0069005950354039,0.0644282028079032,0.0642562881112098,0.9298287034034728,0.92694091796875,395.0,1041.0,14760.73,0.0393344115465879,0.046570885926485,0.0410036593675613
1.0,qlstm_linear_enhanced_paper,original_1,lorenz_1000,7.0,0.001,6.0,8.0,16.0,25.0,64.0,0.0060724732466042,0.0061469655483961,0.0559636875987052,0.0582700818777084,0.9344738125801086,0.9334264993667604,395.0,2188.0,24831.25,0.0373815670609474,0.0436536855995655,0.0404878109693527
1.0,qlstm_linear_enhanced_paper,original_2,lorenz_1000,7.0,0.001,6.0,8.0,4.0,1.0,64.0,7.710735872024088e-07,8.073781714301731e-07,0.0006895465194247,0.0007157940417528,0.9999917149543762,0.9999912977218628,467.0,1735.0,13485.36,0.0037139078602194,0.0047728079371154,0.0035858610644936
1.0,qlstm_linear_enhanced_paper,original_2,lorenz_1000,7.0,0.001,6.0,8.0,4.0,13.0,64.0,0.0001232765062013,0.0001277233241125,0.0086228158324956,0.0088127218186855,0.9987021684646606,0.9986727237701416,467.0,1489.0,12061.14,0.041572007164359,0.0504865422844886,0.0461530610918998
1.0,qlstm_linear_enhanced_paper,original_2,lorenz_1000,7.0,0.001,6.0,8.0,4.0,25.0,64.0,0.0043422579765319,0.0056224027648568,0.0477714389562606,0.0525644533336162,0.9541963338851928,0.939020574092865,467.0,2785.0,12299.99,0.0373650234192609,0.0464327819645404,0.0417623370885849
1.0,qlstm_linear_enhanced_paper,original_2,lorenz_1000,7.0,0.001,6.0,8.0,8.0,1.0,64.0,7.279565465978521e-07,7.723712656115822e-07,0.0006629531853832,0.0006847339682281,0.9999921917915344,0.9999916553497314,467.0,1343.0,12030.54,0.0019131239154376,0.0022417430300265,0.0020492756739258
1.0,qlstm_linear_enhanced_paper,original_2,lorenz_1000,7.0,0.001,6.0,8.0,8.0,13.0,64.0,0.000487805227749,0.0004974466282874,0.0168614666908979,0.017137574031949,0.9950448870658876,0.9947690963745116,467.0,1233.0,10865.62,0.039264478161931,0.048045415431261,0.0438664965331554
1.0,qlstm_linear_enhanced_paper,original_2,lorenz_1000,7.0,0.001,6.0,8.0,8.0,25.0,64.0,0.0127594638615846,0.0137509405612945,0.0822883322834968,0.0873979851603508,0.8589540719985962,0.8466672897338867,467.0,1109.0,9645.28,0.0400994855910539,0.0455888882279396,0.0419401638209819
1.0,qlstm_linear_enhanced_paper,original_2,lorenz_1000,7.0,0.001,6.0,8.0,16.0,1.0,64.0,6.866563921903435e-07,7.948677307467733e-07,0.0005930855986662,0.0006466245977208,0.9999927282333374,0.9999919533729552,467.0,1352.0,41547.9,0.0017302386695519,0.0020021570380777,0.001709884032607
1.0,qlstm_linear_enhanced_paper,original_2,lorenz_1000,7.0,0.001,6.0,8.0,16.0,13.0,64.0,0.0011667887447401,0.0012739206431433,0.0260916221886873,0.0276013314723968,0.987499475479126,0.9864568710327148,467.0,1096.0,20005.86,0.0381802722811698,0.0437759310007095,0.0396361984312534
1.0,qlstm_linear_enhanced_paper,original_2,lorenz_1000,7.0,0.001,6.0,8.0,16.0,25.0,64.0,0.008536135777831,0.0082697225734591,0.0672987401485443,0.0685781762003898,0.908363163471222,0.9109680652618408,467.0,1527.0,25153.16,0.0394868215339051,0.0444795340299606,0.0426759123802185
1.0,qlstm_linear_enhanced_paper,original_3,lorenz_1000,7.0,0.001,6.0,8.0,4.0,1.0,64.0,6.535050260936259e-07,7.13495808213338e-07,0.0006401684950105,0.0006605746457353,0.9999932646751404,0.9999927282333374,539.0,1778.0,9991.31,0.0024012335459701,0.0023549757897853,0.0025799507275223
1.0,qlstm_linear_enhanced_paper,original_3,lorenz_1000,7.0,0.001,6.0,8.0,4.0,13.0,64.0,0.0002231795515399,0.0002256682782899,0.0114246839657425,0.0116108851507306,0.997656524181366,0.9975940585136414,539.0,1539.0,8550.66,0.0386306228116154,0.0433331057429313,0.0392155684530735
1.0,qlstm_linear_enhanced_paper,original_3,lorenz_1000,7.0,0.001,6.0,8.0,4.0,25.0,64.0,0.010993393138051,0.0116179017350077,0.073900505900383,0.0751558989286422,0.8754045367240906,0.8683061599731445,539.0,1481.0,8291.45,0.0381762590259313,0.0470016151666641,0.0411633476614952
1.0,qlstm_linear_enhanced_paper,original_3,lorenz_1000,7.0,0.001,6.0,8.0,8.0,1.0,64.0,1.0825094705069205e-06,1.3007881989324233e-06,0.0007841621991246,0.0008685404318384,0.9999890327453612,0.999986469745636,539.0,1757.0,34730.47,0.0014035338594112,0.001504372456111,0.0014864963013678
1.0,qlstm_linear_enhanced_paper,original_3,lorenz_1000,7.0,0.001,6.0,8.0,8.0,13.0,64.0,0.0006409704801626,0.0006707333959639,0.0209256522357463,0.0216243490576744,0.9932041168212892,0.992826759815216,539.0,1111.0,13070.89,0.0363633649423718,0.0419855117797851,0.0394392050802707
1.0,qlstm_linear_enhanced_paper,original_3,lorenz_1000,7.0,0.001,6.0,8.0,8.0,25.0,64.0,0.0112885776907205,0.0115708690136671,0.0765958800911903,0.0777939185500145,0.8751806020736694,0.8702273368835449,539.0,1795.0,20785.93,0.0439009074121713,0.0538643077015876,0.0517800822854042
1.0,qlstm_linear_enhanced_paper,original_3,lorenz_1000,7.0,0.001,6.0,8.0,16.0,1.0,64.0,1.621540832275059e-06,2.0231975668139057e-06,0.0010110128205269,0.0011166274780407,0.9999826550483704,0.9999788999557496,539.0,976.0,22926.86,0.0009497510211076,0.0011282874038442,0.0009867382468655
1.0,qlstm_linear_enhanced_paper,original_3,lorenz_1000,7.0,0.001,6.0,8.0,16.0,13.0,64.0,0.0044022616930305,0.0046032685786485,0.0464983917772769,0.0478835143148899,0.9532016515731812,0.9501320719718932,539.0,699.0,29450.44,0.037066695280373,0.0422339402139186,0.0392468087375164
1.0,qlstm_linear_enhanced_paper,original_3,lorenz_1000,7.0,0.001,6.0,8.0,16.0,25.0,64.0,0.0078224875032901,0.0076276087202131,0.0670327395200729,0.0663962140679359,0.9159713983535768,0.91789311170578,539.0,1241.0,26357.61,0.0392873131980498,0.046958602964878,0.044810876250267
1.0,qlstm_linear_enhanced_paper,original_1,lorenz_1000,7.0,0.001,6.0,16.0,4.0,1.0,64.0,1.3998455870023465e-06,1.3395634823609726e-06,0.000847995863296,0.0008146777981892,0.9999856352806092,0.9999862313270568,691.0,1778.0,5287.52,0.003384896274656,0.0041199023835361,0.0034778921399265
1.0,qlstm_linear_enhanced_paper,original_1,lorenz_1000,7.0,0.001,6.0,16.0,4.0,13.0,64.0,0.000354629009962,0.0004067803383804,0.0149806160479784,0.0164771676063537,0.9962002635002136,0.9956812858581544,691.0,1674.0,5012.73,0.0385845893993973,0.0434836000204086,0.0396190211176872
1.0,qlstm_linear_enhanced_paper,original_1,lorenz_1000,7.0,0.001,6.0,16.0,4.0,25.0,64.0,0.0053402809426188,0.0062125544063746,0.0490010119974613,0.0516206249594688,0.942510426044464,0.9317925572395324,691.0,3490.0,19403.71,0.0411939840763807,0.0484910234808921,0.0432689115405082
1.0,qlstm_linear_enhanced_paper,original_1,lorenz_1000,7.0,0.001,6.0,16.0,8.0,1.0,64.0,7.253958642650105e-07,7.712715159868822e-07,0.0006434865063056,0.0006488483631983,0.9999921917915344,0.9999919533729552,691.0,1404.0,8508.14,0.0023792856954969,0.0027131575625389,0.0025375231634825
1.0,qlstm_linear_enhanced_paper,original_1,lorenz_1000,7.0,0.001,6.0,16.0,8.0,13.0,64.0,0.0006900167209096,0.0007618152303621,0.0201670937240123,0.0213594678789377,0.992658257484436,0.9918776750564576,691.0,968.0,10840.02,0.0374194158241152,0.0442453511059284,0.0402105562388896
1.0,qlstm_linear_enhanced_paper,original_1,lorenz_1000,7.0,0.001,6.0,16.0,8.0,25.0,64.0,0.0127463797107338,0.013590489514172,0.0791520848870277,0.0834807008504867,0.861629068851471,0.8461100459098816,691.0,2038.0,22733.31,0.038305533118546,0.0471197329461574,0.0429499000310897
1.0,qlstm_linear_enhanced_paper,original_1,lorenz_1000,7.0,0.001,6.0,16.0,16.0,1.0,64.0,1.2017526387353428e-06,1.167839286608796e-06,0.0007819967577233,0.0007484623929485,0.9999880790710448,0.9999881982803344,691.0,1433.0,18059.85,0.0017397242598235,0.0020614373497664,0.0017706595826894
1.0,qlstm_linear_enhanced_paper,original_1,lorenz_1000,7.0,0.001,6.0,16.0,16.0,13.0,64.0,0.0034594107419252,0.0038236645050346,0.0456473231315612,0.0477875247597694,0.9648621082305908,0.96191668510437,691.0,797.0,18008.17,0.0397570088505744,0.0482511222362518,0.0430463850498199
1.0,qlstm_linear_enhanced_paper,original_1,lorenz_1000,7.0,0.001,6.0,16.0,16.0,25.0,64.0,0.0105060460045933,0.0128422165289521,0.0774001777172088,0.0877785310149192,0.8868083357810974,0.8566290140151978,691.0,754.0,8674.67,0.0378939263108703,0.0465771965682506,0.0444863364100456
1.0,qlstm_linear_enhanced_paper,original_2,lorenz_1000,7.0,0.001,6.0,16.0,4.0,1.0,64.0,9.074074114323594e-07,8.348691835635691e-07,0.0007186403963714,0.0006471667438745,0.999990165233612,0.9999910593032836,763.0,1665.0,13474.65,0.0025581023655831,0.0029001089278608,0.0026729882229119
1.0,qlstm_linear_enhanced_paper,original_2,lorenz_1000,7.0,0.001,6.0,16.0,4.0,13.0,64.0,0.0002443020930513,0.0002665595384314,0.0121611142531037,0.0126865282654762,0.9973847270011902,0.9971572160720824,763.0,1376.0,11024.46,0.0387901671230793,0.045313898473978,0.0402550473809242
1.0,qlstm_linear_enhanced_paper,original_2,lorenz_1000,7.0,0.001,6.0,16.0,4.0,25.0,64.0,0.0139617379754781,0.0149020068347454,0.079228438436985,0.0849592760205268,0.8477373123168945,0.8311164379119873,763.0,2036.0,16475.59,0.0382534807547926,0.0468836314976215,0.0417697206139564
1.0,qlstm_linear_enhanced_paper,original_2,lorenz_1000,7.0,0.001,6.0,16.0,8.0,1.0,64.0,6.921089834577288e-07,7.601929610245861e-07,0.0006238147034309,0.0006673536263406,0.9999927878379822,0.9999919533729552,763.0,1507.0,24430.28,0.0015176335524301,0.0017880576197057,0.0015684065874665
1.0,qlstm_linear_enhanced_paper,original_2,lorenz_1000,7.0,0.001,6.0,16.0,8.0,13.0,64.0,0.0007867027306929,0.0007998635410331,0.0199287477880716,0.0200304165482521,0.9916831254959106,0.9916233420372008,763.0,1285.0,11739.37,0.037222833558917,0.0445315688848495,0.0410448014736175
1.0,qlstm_linear_enhanced_paper,original_2,lorenz_1000,7.0,0.001,6.0,16.0,8.0,25.0,64.0,0.0177890434861183,0.0180725716054439,0.1025724560022354,0.1017263531684875,0.7969071269035339,0.7853516936302185,763.0,1105.0,9900.09,0.0410533472895622,0.0499820634722709,0.0484724640846252
1.0,qlstm_linear_enhanced_paper,original_2,lorenz_1000,7.0,0.001,6.0,16.0,16.0,1.0,64.0,1.2027663842673064e-06,1.230262341778143e-06,0.0008195753325708,0.0008234217530116,0.999987542629242,0.9999869465827942,763.0,1185.0,21544.75,0.0005304799240548,0.0005058331298641,0.000525108713191
1.0,qlstm_linear_enhanced_paper,original_2,lorenz_1000,7.0,0.001,6.0,16.0,16.0,13.0,64.0,0.0024821455590426,0.0027028885670006,0.0382608510553836,0.0395222008228302,0.974692404270172,0.972871959209442,763.0,1047.0,19110.39,0.0391274351626634,0.047359362244606,0.042789276689291
1.0,qlstm_linear_enhanced_paper,original_2,lorenz_1000,7.0,0.001,6.0,16.0,16.0,25.0,64.0,0.0066889347508549,0.0069302329793572,0.0629390999674797,0.0641170516610145,0.9276680946350098,0.9233822226524352,763.0,947.0,16276.67,0.0392133788102202,0.0448542684316635,0.0433804541826248
1.0,qlstm_linear_enhanced_paper,original_3,lorenz_1000,7.0,0.001,6.0,16.0,4.0,1.0,64.0,1.0273632824464585e-06,1.0197650226473345e-06,0.000800919777248,0.0007999330991879,0.9999889135360718,0.9999892711639404,835.0,1332.0,14071.56,0.001798822346609,0.0020609584171324,0.0018036874243989
1.0,qlstm_linear_enhanced_paper,original_3,lorenz_1000,7.0,0.001,6.0,16.0,4.0,13.0,64.0,0.0002990426146425,0.0003117190499324,0.0134561322629451,0.013995393179357,0.9969000220298768,0.9966790676116944,835.0,1023.0,10645.38,0.0385434174910187,0.0436375699937343,0.039311047643423
1.0,qlstm_linear_enhanced_paper,original_3,lorenz_1000,7.0,0.001,6.0,16.0,4.0,25.0,64.0,0.0096322931349277,0.0101129775866866,0.0612538084387779,0.0647977218031883,0.8962506055831909,0.8870463371276855,835.0,3933.0,21793.83,0.0384053798392415,0.0471208058297634,0.0424580387771129
1.0,qlstm_linear_enhanced_paper,original_3,lorenz_1000,7.0,0.001,6.0,16.0,8.0,1.0,64.0,9.08553943190782e-07,9.492956110079832e-07,0.0007256526732817,0.0007145210402086,0.9999903440475464,0.9999898076057434,835.0,1342.0,28302.44,0.0025611140183173,0.003109851386398,0.0025789763312786
1.0,qlstm_linear_enhanced_paper,original_3,lorenz_1000,7.0,0.001,6.0,16.0,8.0,13.0,64.0,0.0002645829808898,0.0002768507401924,0.0126105239614844,0.0126916151493787,0.9972478151321412,0.9970574975013732,835.0,1163.0,13758.33,0.0366978105157613,0.0442349649965763,0.0402654558420181
1.0,qlstm_linear_enhanced_paper,original_3,lorenz_1000,7.0,0.001,6.0,16.0,8.0,25.0,64.0,0.0088595803827047,0.0100674452260136,0.0599451102316379,0.0671952664852142,0.9037964940071106,0.888428807258606,835.0,1595.0,18560.32,0.040378239005804,0.0466890893876552,0.0440804176032543
1.0,qlstm_linear_enhanced_paper,original_3,lorenz_1000,7.0,0.001,6.0,16.0,16.0,1.0,64.0,1.5925643310765736e-06,1.621340629753831e-06,0.0009770832257345,0.0009452177910134,0.999983012676239,0.9999829530715942,835.0,1246.0,47969.91,0.0019262344692833,0.002168676815927,0.0021245279349386
1.0,qlstm_linear_enhanced_paper,original_3,lorenz_1000,7.0,0.001,6.0,16.0,16.0,13.0,64.0,0.0007424893556162,0.0008464013808406,0.021159216761589,0.0226666238158941,0.992094337940216,0.99101984500885,835.0,937.0,21858.1,0.0364669343456625,0.0413959994912147,0.039171252399683
1.0,qlstm_linear_enhanced_paper,original_3,lorenz_1000,7.0,0.001,6.0,16.0,16.0,25.0,64.0,0.0073023587465286,0.007102231029421,0.0598022080957889,0.0601480789482593,0.9217910170555116,0.9214263558387756,835.0,1654.0,34630.41,0.0378326688789659,0.0455839484930038,0.0425891764461994
1.0,qlstm_linear_enhanced_paper,original_1,lorenz_1000,7.0,0.001,6.0,32.0,4.0,1.0,64.0,1.5690237660237472e-06,1.5773659924889216e-06,0.0009793309727683,0.0009930778760463,0.9999836087226868,0.9999834299087524,1283.0,1380.0,4151.2,0.0016506358922924,0.0019863410852849,0.0018231592839583
1.0,qlstm_linear_enhanced_paper,original_1,lorenz_1000,7.0,0.001,6.0,32.0,4.0,13.0,64.0,0.0011913289781659,0.0010639117099344,0.0228998363018035,0.0219134371727705,0.987114667892456,0.9885953664779664,1283.0,1674.0,4846.58,0.0392146548256278,0.0445725060999393,0.0390717349946498
1.0,qlstm_linear_enhanced_paper,original_1,lorenz_1000,7.0,0.001,6.0,32.0,4.0,25.0,64.0,0.0390875972807407,0.0427495501935482,0.1519262492656707,0.1599835008382797,0.4134087264537811,0.4232636094093323,1283.0,407.0,1185.08,0.0394483352079987,0.0437543019652366,0.0378778055310249
1.0,qlstm_linear_enhanced_paper,original_1,lorenz_1000,7.0,0.001,6.0,32.0,8.0,1.0,64.0,1.7242856529264827e-06,1.8315283796255244e-06,0.0010070952121168,0.0009869867935776,0.9999818801879884,0.9999820590019226,1283.0,1198.0,13566.42,0.0003563470105291,0.0003465938207227,0.0003492434334475
1.0,qlstm_linear_enhanced_paper,original_1,lorenz_1000,7.0,0.001,6.0,32.0,8.0,13.0,64.0,0.0027712045703083,0.0022556851617991,0.0283151101320981,0.0320618487894535,0.9698593020439148,0.9758801460266112,1283.0,1287.0,7824.16,0.0377964271232485,0.0449696965515613,0.0394366458058357
1.0,qlstm_linear_enhanced_paper,original_1,lorenz_1000,7.0,0.001,6.0,32.0,8.0,25.0,64.0,0.0120966294780373,0.0119472946971654,0.0779275670647621,0.0788328051567077,0.8647401332855225,0.8647268414497375,1283.0,1529.0,9441.21,0.037593674659729,0.0456634759902954,0.0424327701330184
1.0,qlstm_linear_enhanced_paper,original_1,lorenz_1000,7.0,0.001,6.0,32.0,16.0,1.0,64.0,9.29696227558452e-07,1.0310905054211617e-06,0.0007389597012661,0.0007781384629197,0.999990165233612,0.99998939037323,1283.0,1238.0,15781.1,0.0015683317906223,0.0019628768786787,0.0016242210986092
1.0,qlstm_linear_enhanced_paper,original_1,lorenz_1000,7.0,0.001,6.0,32.0,16.0,13.0,64.0,0.0050950306467711,0.006657984573394,0.0583344548940658,0.0662072449922561,0.9446855187416076,0.9283542037010192,1283.0,693.0,15750.48,0.0389509115368127,0.0453072562813758,0.0400955639779567
1.0,qlstm_linear_enhanced_paper,original_1,lorenz_1000,7.0,0.001,6.0,32.0,16.0,25.0,64.0,0.0108593422919511,0.0105813108384609,0.0690085515379905,0.0712766647338867,0.8789122104644775,0.8790523409843445,1283.0,781.0,16268.36,0.039031124777264,0.0448056608438491,0.0435698181390762
1.0,qlstm_linear_enhanced_paper,original_2,lorenz_1000,7.0,0.001,6.0,32.0,4.0,1.0,64.0,2.0213244624756044e-06,1.8427466557113803e-06,0.0010949445422738,0.0010285993339493,0.9999789595603944,0.9999803900718688,1355.0,1306.0,5656.62,0.0007823630265193,0.0007529237773269,0.0008273466373793
1.0,qlstm_linear_enhanced_paper,original_2,lorenz_1000,7.0,0.001,6.0,32.0,4.0,13.0,64.0,0.0001181205225293,0.0001331958192167,0.0086082704365253,0.0089808646589517,0.998733401298523,0.9985793232917786,1355.0,1322.0,5733.85,0.0378347547724843,0.0416819304227829,0.0384919978678226
1.0,qlstm_linear_enhanced_paper,original_2,lorenz_1000,7.0,0.001,6.0,32.0,4.0,25.0,64.0,0.0099190948531031,0.0118358284235,0.0724858567118644,0.0776777863502502,0.8914690017700195,0.8656116127967834,1355.0,2692.0,11672.17,0.0375480215996503,0.0464371815323829,0.0414490103721618
1.0,qlstm_linear_enhanced_paper,original_2,lorenz_1000,7.0,0.001,6.0,32.0,8.0,1.0,64.0,1.3043465969531098e-06,1.3016377806707169e-06,0.0008427996654063,0.0008217520080506,0.9999887943267822,0.9999881386756896,1355.0,1282.0,11674.35,0.001071163296001,0.0011366610415279,0.0011410670122131
1.0,qlstm_linear_enhanced_paper,original_2,lorenz_1000,7.0,0.001,6.0,32.0,8.0,13.0,64.0,0.0006939567974768,0.0008485571597702,0.0205413475632667,0.0226310715079307,0.9927836060523988,0.991064727306366,1355.0,869.0,7666.91,0.0369574345648288,0.044328823685646,0.0399271138012409
1.0,qlstm_linear_enhanced_paper,original_2,lorenz_1000,7.0,0.001,6.0,32.0,8.0,25.0,64.0,0.0125586651265621,0.0133171752095222,0.0771479979157447,0.079264186322689,0.8612691760063171,0.8474327921867371,1355.0,793.0,7031.06,0.037203324958682,0.0455624423921108,0.0421913154423236
1.0,qlstm_linear_enhanced_paper,original_2,lorenz_1000,7.0,0.001,6.0,32.0,16.0,1.0,64.0,1.0234509772999445e-06,1.158541749646247e-06,0.000765495467931,0.0008030400495044,0.9999889731407166,0.999987781047821,1355.0,879.0,16318.33,0.0003214223426766,0.0002850520249921,0.0003069008234888
1.0,qlstm_linear_enhanced_paper,original_2,lorenz_1000,7.0,0.001,6.0,32.0,16.0,13.0,64.0,0.0139959901571273,0.014449218288064,0.0929127857089042,0.0938229262828826,0.849324107170105,0.8411155343055725,1355.0,532.0,17687.07,0.036797640658915,0.0416315495967865,0.0398099608719348
1.0,qlstm_linear_enhanced_paper,original_2,lorenz_1000,7.0,0.001,6.0,32.0,16.0,25.0,64.0,0.0058056986890733,0.0057156141847372,0.0585144348442554,0.0592486187815666,0.9378738403320312,0.9372077584266664,1355.0,1094.0,18348.12,0.0370846370028124,0.0428268164396286,0.0429759323596954
1.0,qlstm_linear_enhanced_paper,original_3,lorenz_1000,7.0,0.001,6.0,32.0,4.0,1.0,64.0,1.0792931561809382e-06,1.1867031162182684e-06,0.0008137643453665,0.000852438271977,0.9999884366989136,0.9999874830245972,1427.0,1077.0,5925.32,0.0013018109777476,0.0014074709033593,0.0014151873765513
1.0,qlstm_linear_enhanced_paper,original_3,lorenz_1000,7.0,0.001,6.0,32.0,4.0,13.0,64.0,0.0002182348398491,0.000225833573495,0.0117076896131038,0.0116930976510047,0.9976757764816284,0.9975911378860474,1427.0,1045.0,5861.61,0.038864997588098,0.0433682911098003,0.0390775203704834
1.0,qlstm_linear_enhanced_paper,original_3,lorenz_1000,7.0,0.001,6.0,32.0,4.0,25.0,64.0,0.0140161216259002,0.0147573957219719,0.0816585198044776,0.0839527323842048,0.8436363339424133,0.8301538825035095,1427.0,2259.0,12919.01,0.0383313465863466,0.0453609302639961,0.0398972518742084
1.0,qlstm_linear_enhanced_paper,original_3,lorenz_1000,7.0,0.001,6.0,32.0,8.0,1.0,64.0,1.031420765684743e-06,1.1495899343572091e-06,0.000791750208009,0.000809090968687,0.9999890327453612,0.9999878406524658,1427.0,1270.0,14631.34,0.0013319510733708,0.0014051743783056,0.0015023711603134
1.0,qlstm_linear_enhanced_paper,original_3,lorenz_1000,7.0,0.001,6.0,32.0,8.0,13.0,64.0,0.001166449394077,0.0010197457158938,0.0263521019369363,0.0243002232164144,0.9878831505775452,0.9895167946815492,1427.0,920.0,19389.59,0.0373966008424758,0.0442653819918632,0.0395543165504932
1.0,qlstm_linear_enhanced_paper,original_3,lorenz_1000,7.0,0.001,6.0,32.0,8.0,25.0,64.0,0.0106874518096446,0.0117025319486856,0.0689689591526985,0.0738705173134803,0.8802777528762817,0.8662500381469727,1427.0,1105.0,13106.34,0.0393130907788872,0.046341523528099,0.0432897768914699
1.0,qlstm_linear_enhanced_paper,original_3,lorenz_1000,7.0,0.001,6.0,32.0,16.0,1.0,64.0,1.082959329323785e-06,1.0817963129738928e-06,0.0007713563391007,0.0007838700548745,0.9999901056289672,0.999988853931427,1427.0,1011.0,23909.16,0.0013090130349155,0.0014441009843721,0.0013329574139788
1.0,qlstm_linear_enhanced_paper,original_3,lorenz_1000,7.0,0.001,6.0,32.0,16.0,13.0,64.0,0.000903669395484,0.001197907840833,0.0237137507647275,0.0266707893460989,0.9906510710716248,0.987245500087738,1427.0,837.0,33197.44,0.0373216105625033,0.0420740246772766,0.0388568863272666
1.0,qlstm_linear_enhanced_paper,original_3,lorenz_1000,7.0,0.001,6.0,32.0,16.0,25.0,64.0,0.0067544733174145,0.0066243954934179,0.0635543167591095,0.0627699196338653,0.9286673069000244,0.9282739758491516,1427.0,884.0,34547.42,0.0370750642485088,0.0411494858562946,0.0429309159517288
1.0,qlstm_linear_enhanced_paper,original_1,lorenz_1000,8.0,0.001,6.0,8.0,4.0,1.0,64.0,1.6966821476671612e-06,1.619070985725557e-06,0.0009849078487604,0.0009501291788183,0.9999819397926332,0.99998277425766,395.0,2245.0,12705.26,0.0040126259904354,0.004135918803513,0.0042811445891857
1.0,qlstm_linear_enhanced_paper,original_1,lorenz_1000,8.0,0.001,6.0,8.0,4.0,13.0,64.0,0.0002541228896006,0.0002666981017682,0.0124668264761567,0.0129714226350188,0.9973021149635316,0.9971584677696228,395.0,2465.0,7379.65,0.0387709707021713,0.0470354296267032,0.0418787710368633
1.0,qlstm_linear_enhanced_paper,original_1,lorenz_1000,8.0,0.001,6.0,8.0,4.0,25.0,64.0,0.0111736133694648,0.0133841633796691,0.0664352551102638,0.0772817134857177,0.8738964200019836,0.8458855152130127,395.0,4234.0,22032.27,0.0435923673212528,0.0533123239874839,0.0476492829620838
1.0,qlstm_linear_enhanced_paper,original_1,lorenz_1000,8.0,0.001,6.0,8.0,8.0,1.0,64.0,5.213030362938298e-06,5.107388915348565e-06,0.0016411390388384,0.0016223910497501,0.99994558095932,0.999946355819702,395.0,1417.0,15976.37,0.008095865137875,0.0110709033906459,0.0082758450880646
1.0,qlstm_linear_enhanced_paper,original_1,lorenz_1000,8.0,0.001,6.0,8.0,8.0,13.0,64.0,0.001155424513854,0.0013555061304941,0.0274285431951284,0.0293172467499971,0.9876725077629088,0.9854779839515686,395.0,1930.0,21538.7,0.0375899102538824,0.044850505888462,0.0398926176130771
1.0,qlstm_linear_enhanced_paper,original_1,lorenz_1000,8.0,0.001,6.0,8.0,8.0,25.0,64.0,0.0142756439745426,0.0147976456210017,0.0857487171888351,0.0875852555036544,0.8381213545799255,0.8280520439147949,395.0,1339.0,8186.0,0.0416094845160841,0.0529233664274215,0.046669315546751
1.0,qlstm_linear_enhanced_paper,original_1,lorenz_1000,8.0,0.001,6.0,8.0,16.0,1.0,64.0,1.5827137076485087e-06,1.4903564533597091e-06,0.0009646836551837,0.0009387801401317,0.999983012676239,0.9999840259552002,395.0,1820.0,36599.11,0.0053971925750374,0.0061227143742144,0.0052754492498934
1.0,qlstm_linear_enhanced_paper,original_1,lorenz_1000,8.0,0.001,6.0,8.0,16.0,13.0,64.0,0.0021527572534978,0.0021381366532295,0.0360237844288349,0.0359048694372177,0.9770626425743104,0.9774823188781738,395.0,1626.0,36029.35,0.0413935139775276,0.048793502151966,0.0449198298156261
1.0,qlstm_linear_enhanced_paper,original_1,lorenz_1000,8.0,0.001,6.0,8.0,16.0,25.0,64.0,0.0037871205713599,0.0048773726448416,0.0471023395657539,0.053447887301445,0.9602557420730592,0.946486234664917,395.0,2227.0,25033.54,0.0440163037015332,0.048562541604042,0.0464329980313777
1.0,qlstm_linear_enhanced_paper,original_2,lorenz_1000,8.0,0.001,6.0,8.0,4.0,1.0,64.0,9.053908911482722e-07,9.10189498881664e-07,0.0007564889965578,0.0007308101630769,0.9999903440475464,0.9999904036521912,467.0,1507.0,6338.97,0.0016283630568068,0.001797578879632,0.0016545632388442
1.0,qlstm_linear_enhanced_paper,original_2,lorenz_1000,8.0,0.001,6.0,8.0,4.0,13.0,64.0,0.0004253756487742,0.0004117628268431,0.0155958151444792,0.0150016667321324,0.9954376816749572,0.9956112504005432,467.0,1459.0,6265.33,0.0385045308619737,0.0470606535673141,0.0412363596260547
1.0,qlstm_linear_enhanced_paper,original_2,lorenz_1000,8.0,0.001,6.0,8.0,4.0,25.0,64.0,0.0083997854962944,0.0091222869232296,0.0590845271944999,0.0624449290335178,0.9078226685523988,0.8983516097068787,467.0,5073.0,21986.42,0.0406739048659801,0.0464766770601272,0.0428290665149688
1.0,qlstm_linear_enhanced_paper,original_2,lorenz_1000,8.0,0.001,6.0,8.0,8.0,1.0,64.0,9.302287935497588e-07,9.99338340079703e-07,0.0006904210313223,0.000734333298169,0.9999907612800598,0.9999898076057434,467.0,1520.0,13446.4,0.0012695457902736,0.0013478028122335,0.0012349154567345
1.0,qlstm_linear_enhanced_paper,original_2,lorenz_1000,8.0,0.001,6.0,8.0,8.0,13.0,64.0,0.0006388964247889,0.0006431611254811,0.0197485778480768,0.0193454064428806,0.993155002593994,0.9931383728981018,467.0,1812.0,15980.56,0.0382100265473127,0.0462978109717369,0.0413272827863693
1.0,qlstm_linear_enhanced_paper,original_2,lorenz_1000,8.0,0.001,6.0,8.0,8.0,25.0,64.0,0.0087772002443671,0.0096052791923284,0.0652042627334594,0.0709038823843002,0.9064030647277832,0.8956156969070435,467.0,2642.0,23038.77,0.0386377794668078,0.0536824986338615,0.0483815781772136
1.0,qlstm_linear_enhanced_paper,original_2,lorenz_1000,8.0,0.001,6.0,8.0,16.0,1.0,64.0,1.250430386789958e-06,1.322223852184834e-06,0.0008387050474993,0.0008583444869145,0.9999869465827942,0.9999869465827942,467.0,1511.0,27183.75,0.0023846003226935,0.0028049990069121,0.0026246118359267
1.0,qlstm_linear_enhanced_paper,original_2,lorenz_1000,8.0,0.001,6.0,8.0,16.0,13.0,64.0,0.0073162224143743,0.0082612698897719,0.0621120110154151,0.0660880804061889,0.9212408661842346,0.9090516567230223,467.0,813.0,14994.69,0.0380804443731904,0.0422298647463321,0.0397330522537231
1.0,qlstm_linear_enhanced_paper,original_2,lorenz_1000,8.0,0.001,6.0,8.0,16.0,25.0,64.0,0.0281879175454378,0.0286104809492826,0.1187067180871963,0.1245496794581413,0.6743736863136292,0.6188199520111084,467.0,542.0,9433.07,0.0401199530396196,0.0486354976892471,0.0466544777154922
1.0,qlstm_linear_enhanced_paper,original_3,lorenz_1000,8.0,0.001,6.0,8.0,4.0,1.0,64.0,6.837641421952867e-07,7.397794661301305e-07,0.0006091951509006,0.0006373426294885,0.9999930262565612,0.9999921917915344,539.0,1797.0,10430.46,0.0024276910349726,0.002703896490857,0.0024879202246665
1.0,qlstm_linear_enhanced_paper,original_3,lorenz_1000,8.0,0.001,6.0,8.0,4.0,13.0,64.0,0.0001420926128048,0.000154226901941,0.0091933235526084,0.0096076866611838,0.9985087513923644,0.99835604429245,539.0,1351.0,7621.73,0.0373218793421983,0.04423613473773,0.0395972207188606
1.0,qlstm_linear_enhanced_paper,original_3,lorenz_1000,8.0,0.001,6.0,8.0,4.0,25.0,64.0,0.0095103047788143,0.0099213952198624,0.0553858317434787,0.0587258040904998,0.8934424519538879,0.8881261944770813,539.0,2010.0,11561.23,0.0385093295946717,0.0457670204341411,0.0419337563216686
1.0,qlstm_linear_enhanced_paper,original_3,lorenz_1000,8.0,0.001,6.0,8.0,8.0,1.0,64.0,1.2236366728757275e-06,1.2954398016518098e-06,0.00086314213695,0.0008752684225328,0.9999873638153076,0.999986469745636,539.0,1296.0,15212.83,0.0014306123135611,0.0015261485241353,0.00149886473082
1.0,qlstm_linear_enhanced_paper,original_3,lorenz_1000,8.0,0.001,6.0,8.0,8.0,13.0,64.0,0.0007507511181756,0.0008024942362681,0.0214091315865516,0.0215137861669063,0.9919657707214355,0.9914506673812866,539.0,1211.0,24672.92,0.0387242067605257,0.0470345430076122,0.0416209734976291
1.0,qlstm_linear_enhanced_paper,original_3,lorenz_1000,8.0,0.001,6.0,8.0,8.0,25.0,64.0,0.0084117855876684,0.0097105372697114,0.0677613094449043,0.0721678510308265,0.9094787836074828,0.8946959376335144,539.0,1425.0,16557.78,0.0374814141541719,0.0490118116140365,0.0443052425980567
1.0,qlstm_linear_enhanced_paper,original_3,lorenz_1000,8.0,0.001,6.0,8.0,16.0,1.0,64.0,8.944482488004724e-07,8.709938583706389e-07,0.0007135478081181,0.0006917339051142,0.9999905228614808,0.999990940093994,539.0,1445.0,52659.83,0.0022014435264281,0.0026715528219938,0.0025079012848436
1.0,qlstm_linear_enhanced_paper,original_3,lorenz_1000,8.0,0.001,6.0,8.0,16.0,13.0,64.0,0.0011484364513307,0.0012840748531743,0.0263570044189691,0.0269849766045808,0.987757444381714,0.9862297177314758,539.0,936.0,21945.91,0.0409898143261671,0.0469321087002754,0.0456241443753242
1.0,qlstm_linear_enhanced_paper,original_3,lorenz_1000,8.0,0.001,6.0,8.0,16.0,25.0,64.0,0.0054637603461742,0.0066379904747009,0.0561238080263137,0.0645582824945449,0.94270920753479,0.9264482855796814,539.0,2069.0,42767.75,0.0420529515379005,0.0449885018169879,0.0421193391084671
1.0,qlstm_linear_enhanced_paper,original_1,lorenz_1000,8.0,0.001,6.0,16.0,4.0,1.0,64.0,2.3109955691325013e-06,2.107345608237665e-06,0.0012166337110102,0.0011360433418303,0.9999791979789734,0.9999793767929076,691.0,1458.0,4367.99,0.0034783530049026,0.0040480410680174,0.0032938402146101
1.0,qlstm_linear_enhanced_paper,original_1,lorenz_1000,8.0,0.001,6.0,16.0,4.0,13.0,64.0,0.0003639010828919,0.0003879373252857,0.0143034979701042,0.0144133074209094,0.9962208271026612,0.9958840608596802,691.0,2231.0,12387.13,0.0381785616278648,0.0453598909080028,0.0388359613716602
1.0,qlstm_linear_enhanced_paper,original_1,lorenz_1000,8.0,0.001,6.0,16.0,4.0,25.0,64.0,0.0089359246194362,0.0108602354303002,0.0587625503540039,0.0658823102712631,0.9030416011810304,0.8789665102958679,691.0,3475.0,10333.72,0.0400097366422414,0.0458909310400486,0.041696261614561
1.0,qlstm_linear_enhanced_paper,original_1,lorenz_1000,8.0,0.001,6.0,16.0,8.0,1.0,64.0,2.314504399691941e-06,2.3249542664416367e-06,0.0011465124553069,0.0011365656973794,0.999975562095642,0.9999758005142212,691.0,1262.0,7915.76,0.0010300652938894,0.001197017263621,0.0011367235565558
1.0,qlstm_linear_enhanced_paper,original_1,lorenz_1000,8.0,0.001,6.0,16.0,8.0,13.0,64.0,0.0004913152079097,0.0005973103106953,0.0172226410359144,0.0187487546354532,0.9950105547904968,0.993678867816925,691.0,1642.0,10450.16,0.0389998577535152,0.0473677217960357,0.0422822795808315
1.0,qlstm_linear_enhanced_paper,original_1,lorenz_1000,8.0,0.001,6.0,16.0,8.0,25.0,64.0,0.0121087972074747,0.0115338321775197,0.079206183552742,0.0773021802306175,0.8668324947357178,0.8699203729629517,691.0,1694.0,18442.11,0.0415750043466687,0.0506175234913826,0.0438153855502605
1.0,qlstm_linear_enhanced_paper,original_1,lorenz_1000,8.0,0.001,6.0,16.0,16.0,1.0,64.0,1.4078844969844797e-06,1.2850853181589628e-06,0.000901368970517,0.0008719048928469,0.9999850988388062,0.9999867081642152,691.0,1447.0,18051.87,0.0100450003985315,0.0136201977729797,0.0101152947172522
1.0,qlstm_linear_enhanced_paper,original_1,lorenz_1000,8.0,0.001,6.0,16.0,16.0,13.0,64.0,0.0048029269091784,0.0060174604877829,0.0542640909552574,0.061129841953516,0.9479771256446838,0.9383589029312134,691.0,901.0,20053.4,0.0390044499188661,0.043417926877737,0.040608525276184
1.0,qlstm_linear_enhanced_paper,original_1,lorenz_1000,8.0,0.001,6.0,16.0,16.0,25.0,64.0,0.0036701071076095,0.0042604082264006,0.0448965951800346,0.0493365712463855,0.961820662021637,0.9544388055801392,691.0,3493.0,59819.29,0.0437539281944433,0.0482699908316135,0.0464257821440696
1.0,qlstm_linear_enhanced_paper,original_2,lorenz_1000,8.0,0.001,6.0,16.0,4.0,1.0,64.0,2.2515339423989644e-06,2.225525122412364e-06,0.0011413301108404,0.0010856438893824,0.9999783635139464,0.9999770522117616,763.0,1516.0,12376.65,0.00215507078683,0.0022287636529654,0.0020535390358418
1.0,qlstm_linear_enhanced_paper,original_2,lorenz_1000,8.0,0.001,6.0,16.0,4.0,13.0,64.0,0.0001722554588923,0.000179405673407,0.0100265843793749,0.0103321569040417,0.9981669783592224,0.9980902671813964,763.0,2030.0,16235.23,0.0385582901537418,0.047384463250637,0.0419583730399608
1.0,qlstm_linear_enhanced_paper,original_2,lorenz_1000,8.0,0.001,6.0,16.0,4.0,25.0,64.0,0.012287457473576,0.0145668918266892,0.0637795478105545,0.0755243599414825,0.8634836077690125,0.833315372467041,763.0,3124.0,13774.39,0.0398609206080436,0.0455608777701854,0.0437805354595184
1.0,qlstm_linear_enhanced_paper,original_2,lorenz_1000,8.0,0.001,6.0,16.0,8.0,1.0,64.0,1.715951270853111e-06,1.5950114402585314e-06,0.0009625247330404,0.0009137231390923,0.9999819397926332,0.9999830722808838,763.0,1277.0,11799.6,0.0016744809690862,0.0016848916420713,0.0016587486024945
1.0,qlstm_linear_enhanced_paper,original_2,lorenz_1000,8.0,0.001,6.0,16.0,8.0,13.0,64.0,0.0006520185852423,0.0007073020678944,0.0201812405139207,0.02109937928617,0.9930514097213744,0.9924391508102416,763.0,1333.0,21787.25,0.0375873625278472,0.0454105697572231,0.0398862585425376
1.0,qlstm_linear_enhanced_paper,original_2,lorenz_1000,8.0,0.001,6.0,16.0,8.0,25.0,64.0,0.0124253891408443,0.0118877533823251,0.0751833468675613,0.0777442455291748,0.8652236461639404,0.8661265969276428,763.0,2203.0,19304.46,0.0375062623992562,0.0465176962316036,0.0415530130267143
1.0,qlstm_linear_enhanced_paper,original_2,lorenz_1000,8.0,0.001,6.0,16.0,16.0,1.0,64.0,1.7266230543100392e-06,2.089698682539165e-06,0.0010610906174406,0.0011667602229863,0.9999817609786988,0.9999785423278807,763.0,1229.0,22484.4,0.0011444208910688,0.0013252138160169,0.0011755002196878
1.0,qlstm_linear_enhanced_paper,original_2,lorenz_1000,8.0,0.001,6.0,16.0,16.0,13.0,64.0,0.0029519733507186,0.0043318760581314,0.0419744029641151,0.0491133444011211,0.9690966606140136,0.9539554715156556,763.0,822.0,15222.99,0.0377687061205506,0.0420272871851921,0.0419672653079032
1.0,qlstm_linear_enhanced_paper,original_2,lorenz_1000,8.0,0.001,6.0,16.0,16.0,25.0,64.0,0.0101089822128415,0.0096435956656932,0.0763071179389953,0.0751270502805709,0.8877401351928711,0.8910137414932251,763.0,784.0,13208.67,0.0388893427120314,0.0441829562187194,0.0441550575196743
1.0,qlstm_linear_enhanced_paper,original_3,lorenz_1000,8.0,0.001,6.0,16.0,4.0,1.0,64.0,2.3423224320140434e-06,2.347009967706981e-06,0.0011071688495576,0.00113482598681,0.999976634979248,0.9999770522117616,835.0,1472.0,8414.79,0.0017611504532396,0.0017164376331493,0.0017387355910614
1.0,qlstm_linear_enhanced_paper,original_3,lorenz_1000,8.0,0.001,6.0,16.0,4.0,13.0,64.0,0.0003036256530322,0.0003228592686355,0.013444167561829,0.0140576856210827,0.996820330619812,0.9965579509735109,835.0,1215.0,6947.68,0.0378205724060535,0.0444017574191093,0.0403546430170536
1.0,qlstm_linear_enhanced_paper,original_3,lorenz_1000,8.0,0.001,6.0,16.0,4.0,25.0,64.0,0.0057282727211713,0.0060011520981788,0.0448453314602375,0.0493150502443313,0.9374197125434875,0.934597671031952,835.0,2513.0,14263.81,0.0388418652117252,0.0451349206268787,0.0418876707553863
1.0,qlstm_linear_enhanced_paper,original_3,lorenz_1000,8.0,0.001,6.0,16.0,8.0,1.0,64.0,8.68692609401478e-07,8.770838348937104e-07,0.000697243027389,0.0006898565334267,0.9999908804893494,0.999990701675415,835.0,1429.0,16775.97,0.0011681515956297,0.0012348416494205,0.0012433861847966
1.0,qlstm_linear_enhanced_paper,original_3,lorenz_1000,8.0,0.001,6.0,16.0,8.0,13.0,64.0,0.0007402583723887,0.000745985249523,0.0221397057175636,0.0222449917346239,0.9921271204948424,0.9920311570167542,835.0,964.0,11358.37,0.0359942823648452,0.0415883176028728,0.0393400266766548
1.0,qlstm_linear_enhanced_paper,original_3,lorenz_1000,8.0,0.001,6.0,16.0,8.0,25.0,64.0,0.0169563218951225,0.0167820826172828,0.0932228937745094,0.0943226143717765,0.8054616451263428,0.8035306930541992,835.0,791.0,9490.72,0.0364296428859233,0.0460699237883091,0.0422596111893653
1.0,qlstm_linear_enhanced_paper,original_3,lorenz_1000,8.0,0.001,6.0,16.0,16.0,1.0,64.0,3.179875648129382e-06,3.727369175976492e-06,0.0013933245791122,0.0014936910010874,0.9999659657478333,0.999960482120514,835.0,798.0,31677.06,0.000499280335498,0.0004757356364279,0.0004831697733607
1.0,qlstm_linear_enhanced_paper,original_3,lorenz_1000,8.0,0.001,6.0,16.0,16.0,13.0,64.0,0.0014659168664366,0.001368842436932,0.0289865974336862,0.0282758474349975,0.9844250679016112,0.9854617118835448,835.0,1223.0,28505.12,0.0404022540897131,0.0460927747189998,0.044642586261034
1.0,qlstm_linear_enhanced_paper,original_3,lorenz_1000,8.0,0.001,6.0,16.0,16.0,25.0,64.0,0.0066284141503274,0.00674401037395,0.0633186995983123,0.0634970664978027,0.9290712475776672,0.92672461271286,835.0,1138.0,24463.51,0.0405341279175546,0.0509876459836959,0.050554271787405
1.0,qlstm_linear_enhanced_paper,original_1,lorenz_1000,8.0,0.001,6.0,32.0,4.0,1.0,64.0,2.5898036710714223e-06,2.245008545287419e-06,0.0012040688889101,0.0011222707107663,0.9999735951423644,0.9999768137931824,1283.0,1225.0,6724.86,0.0010738908953499,0.0011152076767757,0.0010392881231382
1.0,qlstm_linear_enhanced_paper,original_1,lorenz_1000,8.0,0.001,6.0,32.0,4.0,13.0,64.0,0.0001918204070534,0.0001979900698643,0.0108975898474454,0.0108527224510908,0.9979804754257202,0.9978918433189392,1283.0,1231.0,6769.92,0.0385485403239727,0.046792846173048,0.0407346785068511
1.0,qlstm_linear_enhanced_paper,original_1,lorenz_1000,8.0,0.001,6.0,32.0,4.0,25.0,64.0,0.0106587726622819,0.0110022900626063,0.0680733472108841,0.0717137232422828,0.8822912573814392,0.8764436841011047,1283.0,2371.0,7146.14,0.0402754995971918,0.0438498482108116,0.0417447574436664
1.0,qlstm_linear_enhanced_paper,original_1,lorenz_1000,8.0,0.001,6.0,32.0,8.0,1.0,64.0,4.027903742098715e-06,4.630938747141045e-06,0.0015684284735471,0.0016706802416592,0.9999577403068542,0.9999538064002992,1283.0,1078.0,6562.9,0.0013077556737698,0.0013186966534703,0.0013623980339616
1.0,qlstm_linear_enhanced_paper,original_1,lorenz_1000,8.0,0.001,6.0,32.0,8.0,13.0,64.0,0.0071377176791429,0.0071090953424572,0.0462007448077201,0.0506204850971698,0.9230943918228148,0.9226357936859132,1283.0,1511.0,16826.84,0.0374451521784067,0.0434730872511863,0.0395532101392746
1.0,qlstm_linear_enhanced_paper,original_1,lorenz_1000,8.0,0.001,6.0,32.0,8.0,25.0,64.0,0.0144222229719161,0.0140124568715691,0.0859141275286674,0.0867437943816185,0.8378408551216125,0.8397352695465088,1283.0,1298.0,8160.1,0.0371164739131927,0.0471503771841526,0.0425758734345436
1.0,qlstm_linear_enhanced_paper,original_1,lorenz_1000,8.0,0.001,6.0,32.0,16.0,1.0,64.0,1.1573278015930557e-06,1.1212721346964829e-06,0.000823495676741,0.0008097097743302,0.999989092350006,0.9999895691871644,1283.0,1328.0,16586.24,0.0017590933945029,0.0018668277189135,0.002048839116469
1.0,qlstm_linear_enhanced_paper,original_1,lorenz_1000,8.0,0.001,6.0,32.0,16.0,13.0,64.0,0.00176948599983,0.0019475172739475,0.0305474083870649,0.0307798217982053,0.9824150800704956,0.9804912805557252,1283.0,824.0,10773.83,0.0383172316476702,0.0405941419303417,0.0395953580737113
1.0,qlstm_linear_enhanced_paper,original_1,lorenz_1000,8.0,0.001,6.0,32.0,16.0,25.0,64.0,0.0080642383545637,0.0082404082641005,0.062786690890789,0.0668984949588775,0.9151855111122132,0.9122138619422911,1283.0,1439.0,16690.08,0.0311991384045945,0.035330906510353,0.0324687510728836
1.0,qlstm_linear_enhanced_paper,original_2,lorenz_1000,8.0,0.001,6.0,32.0,4.0,1.0,64.0,1.8513826489652276e-06,2.0021459476993182e-06,0.0010526265250518,0.0010953536257147,0.999981164932251,0.9999794363975524,1355.0,1263.0,5394.67,0.0010308104217983,0.0009942649630829,0.0010134540498256
1.0,qlstm_linear_enhanced_paper,original_2,lorenz_1000,8.0,0.001,6.0,32.0,4.0,13.0,64.0,0.0003059200826101,0.0003300466632936,0.0139794759452342,0.0145680047571659,0.9967835545539856,0.9964763522148132,1355.0,911.0,7448.37,0.036506238207221,0.0427196472883224,0.0392627976834774
1.0,qlstm_linear_enhanced_paper,original_2,lorenz_1000,8.0,0.001,6.0,32.0,4.0,25.0,64.0,0.0113163515925407,0.0132085187360644,0.0662323236465454,0.0762864723801612,0.8802966475486755,0.8517853021621704,1355.0,1754.0,7788.04,0.0379141848534345,0.0456953346729278,0.0438515357673168
1.0,qlstm_linear_enhanced_paper,original_2,lorenz_1000,8.0,0.001,6.0,32.0,8.0,1.0,64.0,1.0565735237832996e-06,1.0439824791319552e-06,0.0007908922270871,0.0007746258634142,0.9999899864196776,0.9999893307685852,1355.0,1255.0,11445.29,0.000332632852951,0.0002942268038168,0.000296857295325
1.0,qlstm_linear_enhanced_paper,original_2,lorenz_1000,8.0,0.001,6.0,32.0,8.0,13.0,64.0,0.0008822232484817,0.0009078651200979,0.0221540592610836,0.0228993576020002,0.9908685684204102,0.9906635284423828,1355.0,884.0,7912.03,0.0366648331284523,0.0425972044467926,0.0397423058748245
1.0,qlstm_linear_enhanced_paper,original_2,lorenz_1000,8.0,0.001,6.0,32.0,8.0,25.0,64.0,0.0089599965140223,0.0090923374518752,0.0603712201118469,0.0624298863112926,0.9002404808998108,0.8983137011528015,1355.0,1769.0,28502.62,0.0366263978183269,0.0478506386280059,0.043059155344963
1.0,qlstm_linear_enhanced_paper,original_2,lorenz_1000,8.0,0.001,6.0,32.0,16.0,1.0,64.0,9.8388557034923e-07,9.857920986178217e-07,0.0007397987064905,0.0007551068556495,0.9999907612800598,0.9999903440475464,1355.0,1329.0,39601.82,0.0006919688836205,0.0007951630977913,0.0007168010924942
1.0,qlstm_linear_enhanced_paper,original_2,lorenz_1000,8.0,0.001,6.0,32.0,16.0,13.0,64.0,0.0015843933215364,0.0018010713392868,0.0291603673249483,0.0309532601386308,0.9832703471183776,0.9807222485542296,1355.0,809.0,14881.51,0.0371766695752739,0.0408343598246574,0.040578655898571
1.0,qlstm_linear_enhanced_paper,original_2,lorenz_1000,8.0,0.001,6.0,32.0,16.0,25.0,64.0,0.005396706983447,0.0064301337115466,0.0549375712871551,0.0634299144148826,0.941849410533905,0.9273231029510498,1355.0,747.0,22425.72,0.0366607600202163,0.041175503283739,0.0428211390972137
1.0,qlstm_linear_enhanced_paper,original_3,lorenz_1000,8.0,0.001,6.0,32.0,4.0,1.0,64.0,1.4243356645238237e-06,1.3759613466390874e-06,0.0009061148739419,0.0008800694486126,0.9999852180480956,0.9999853372573853,1427.0,1171.0,6653.86,0.0002607002592412,0.0002040459803538,0.0002121756115229
1.0,qlstm_linear_enhanced_paper,original_3,lorenz_1000,8.0,0.001,6.0,32.0,4.0,13.0,64.0,0.0002721302735153,0.0002814015024341,0.0128740239888429,0.0129654491320252,0.9971163272857666,0.9970047473907472,1427.0,1130.0,11987.72,0.0371146894991397,0.0441204197704792,0.0395800545811653
1.0,qlstm_linear_enhanced_paper,original_3,lorenz_1000,8.0,0.001,6.0,32.0,4.0,25.0,64.0,0.0138119170442223,0.0150718772783875,0.0837275311350822,0.0881800577044487,0.8438756465911865,0.8257747292518616,1427.0,1372.0,14341.64,0.0389458764344453,0.0440377257764339,0.0404405705630779
1.0,qlstm_linear_enhanced_paper,original_3,lorenz_1000,8.0,0.001,6.0,32.0,8.0,1.0,64.0,9.756679446581984e-07,9.99923486233456e-07,0.0007422620547004,0.0007471672724932,0.9999897480010986,0.9999895095825196,1427.0,1261.0,14790.91,0.0002956600103061,0.0002559346612542,0.0002926216693595
1.0,qlstm_linear_enhanced_paper,original_3,lorenz_1000,8.0,0.001,6.0,32.0,8.0,13.0,64.0,0.0004174249479547,0.0004563466936815,0.0154186123982071,0.0163860823959112,0.9956219792366028,0.9951483011245728,1427.0,779.0,9334.03,0.0376351911574602,0.0438159331679344,0.0395983904600143
1.0,qlstm_linear_enhanced_paper,original_3,lorenz_1000,8.0,0.001,6.0,32.0,8.0,25.0,64.0,0.0066922716796398,0.0077685369178652,0.0505636595189571,0.0558824241161346,0.927318274974823,0.9133724570274352,1427.0,1812.0,21051.09,0.0369545899331569,0.0471086390316486,0.0428800955414772
1.0,qlstm_linear_enhanced_paper,original_3,lorenz_1000,8.0,0.001,6.0,32.0,16.0,1.0,64.0,1.3041201327723684e-06,1.6998379805954755e-06,0.0008465654682368,0.0009827277390286,0.9999877214431764,0.9999839067459106,1427.0,824.0,19684.5,0.0004364758948213,0.000435027614003,0.0004165973805356
1.0,qlstm_linear_enhanced_paper,original_3,lorenz_1000,8.0,0.001,6.0,32.0,16.0,13.0,64.0,0.0032607417088001,0.003260230179876,0.0441105291247367,0.0439735800027847,0.9687917828559875,0.9682384729385376,1427.0,868.0,20227.6,0.0376066977158188,0.0408171266317367,0.0390928089618682
1.0,qlstm_linear_enhanced_paper,original_3,lorenz_1000,8.0,0.001,6.0,32.0,16.0,25.0,64.0,0.0047104735858738,0.0050494796596467,0.0543396286666393,0.0563532263040542,0.9493200778961182,0.9442766904830932,1427.0,1092.0,37032.67,0.0381558287060923,0.0445442572236061,0.0443025231361389
1.0,qlstm_linear_enhanced_paper,original_1,lorenz_1000,9.0,0.001,6.0,8.0,4.0,1.0,64.0,9.4200566991276e-07,9.936293281498363e-07,0.0007495630416087,0.0007668907055631,0.999989926815033,0.9999894499778748,395.0,2070.0,6165.52,0.0183287459425628,0.017939219251275,0.0180226825177669
1.0,qlstm_linear_enhanced_paper,original_1,lorenz_1000,9.0,0.001,6.0,8.0,4.0,13.0,64.0,0.0005547344335354,0.0005494650686159,0.018155924975872,0.0186002366244792,0.9940149784088136,0.9942340850830078,395.0,1343.0,3927.0,0.0371193507686257,0.0444300509989261,0.0388360992074012
1.0,qlstm_linear_enhanced_paper,original_1,lorenz_1000,9.0,0.001,6.0,8.0,4.0,25.0,64.0,0.0178650841116905,0.0181214120239019,0.0947510823607444,0.099331259727478,0.7994835376739502,0.786806583404541,395.0,2708.0,8473.33,0.0376981578767299,0.0464845225214958,0.0403765030205249
1.0,qlstm_linear_enhanced_paper,original_1,lorenz_1000,9.0,0.001,6.0,8.0,8.0,1.0,64.0,1.4118653552941396e-06,1.6080435898402357e-06,0.0009058761061169,0.0009677316993474,0.9999848008155824,0.99998277425766,395.0,1267.0,14313.78,0.0027559303445741,0.0029997914098203,0.0024530878290534
1.0,qlstm_linear_enhanced_paper,original_1,lorenz_1000,9.0,0.001,6.0,8.0,8.0,13.0,64.0,0.0008172339294105,0.0008450152236036,0.0209683012217283,0.0210118200629949,0.9913978576660156,0.9910039305686952,395.0,1813.0,11439.42,0.0395107882097363,0.0490145795047283,0.0447792112827301
1.0,qlstm_linear_enhanced_paper,original_1,lorenz_1000,9.0,0.001,6.0,8.0,8.0,25.0,64.0,0.0115373097360134,0.0113805755972862,0.0766084492206573,0.0777706876397132,0.8723482489585876,0.8720407485961914,395.0,1758.0,10898.71,0.0421761587262153,0.0534329786896705,0.0480725429952144
1.0,qlstm_linear_enhanced_paper,original_1,lorenz_1000,9.0,0.001,6.0,8.0,16.0,1.0,64.0,1.204547857014404e-06,1.2082741704944056e-06,0.0008147555054165,0.0008100178674794,0.9999873638153076,0.9999876022338868,395.0,1839.0,23023.84,0.0042721388628706,0.0050274604000151,0.0046062772162258
1.0,qlstm_linear_enhanced_paper,original_1,lorenz_1000,9.0,0.001,6.0,8.0,16.0,13.0,64.0,0.0038066133856773,0.0044947881251573,0.0495396591722965,0.053758330643177,0.9599295258522034,0.952559530735016,395.0,797.0,10267.37,0.0388213347643613,0.0430504791438579,0.0391676574945449
1.0,qlstm_linear_enhanced_paper,original_1,lorenz_1000,9.0,0.001,6.0,8.0,16.0,25.0,64.0,0.0091089094057679,0.0104225696995854,0.0758800283074379,0.0828290283679962,0.9034296870231628,0.8880524635314941,395.0,1385.0,15813.14,0.0401737540960311,0.0487537831068038,0.0450002402067184
1.0,qlstm_linear_enhanced_paper,original_2,lorenz_1000,9.0,0.001,6.0,8.0,4.0,1.0,64.0,9.468978419135964e-07,1.1488409654702991e-06,0.0007471690769307,0.000829787866678,0.9999898076057434,0.9999878406524658,467.0,1964.0,15794.74,0.0038308379938825,0.0040256599895656,0.0040161521174013
1.0,qlstm_linear_enhanced_paper,original_2,lorenz_1000,9.0,0.001,6.0,8.0,4.0,13.0,64.0,0.0001988699950743,0.0002060267579508,0.0107844779267907,0.010993055999279,0.9979377388954164,0.9978259801864624,467.0,1426.0,6168.09,0.0362735979259014,0.0429462678730487,0.0380152389407157
1.0,qlstm_linear_enhanced_paper,original_2,lorenz_1000,9.0,0.001,6.0,8.0,4.0,25.0,64.0,0.0100490842014551,0.0100322291254997,0.0639926567673683,0.0677083879709243,0.8891867995262146,0.8884300589561462,467.0,3180.0,23093.51,0.0409256640821695,0.0499122962355613,0.0460990443825721
1.0,qlstm_linear_enhanced_paper,original_2,lorenz_1000,9.0,0.001,6.0,8.0,8.0,1.0,64.0,7.666346277801495e-07,9.14565646326082e-07,0.0006834925152361,0.0007385864737443,0.9999923706054688,0.9999905228614808,467.0,1794.0,16181.04,0.0032871727133169,0.0032084847334772,0.0032116887159645
1.0,qlstm_linear_enhanced_paper,original_2,lorenz_1000,9.0,0.001,6.0,8.0,8.0,13.0,64.0,0.000433646433521,0.0004444133955985,0.0168136805295944,0.0171404890716075,0.995369791984558,0.995275855064392,467.0,1406.0,12876.17,0.0388751840218901,0.0469429939985275,0.0432018116116523
1.0,qlstm_linear_enhanced_paper,original_2,lorenz_1000,9.0,0.001,6.0,8.0,8.0,25.0,64.0,0.0095706572756171,0.0097708832472562,0.0681386440992355,0.0687442123889923,0.8959106206893921,0.8911681175231934,467.0,1779.0,28161.04,0.0417704463005065,0.0502903908491134,0.0439243838191032
1.0,qlstm_linear_enhanced_paper,original_2,lorenz_1000,9.0,0.001,6.0,8.0,16.0,1.0,64.0,1.697441007308953e-06,1.7607508198125288e-06,0.0009630013955757,0.000974127498921,0.9999820590019226,0.9999815225601196,467.0,1548.0,27860.02,0.0036403762409463,0.0035645079333335,0.0042561031877994
1.0,qlstm_linear_enhanced_paper,original_2,lorenz_1000,9.0,0.001,6.0,8.0,16.0,13.0,64.0,0.0018474727403372,0.0018904012395069,0.0334530919790267,0.0329128801822662,0.9810863137245178,0.9803186058998108,467.0,1019.0,18572.39,0.0408270075917244,0.0451305024325847,0.0410045199096202
1.0,qlstm_linear_enhanced_paper,original_2,lorenz_1000,9.0,0.001,6.0,8.0,16.0,25.0,64.0,0.0050079603679478,0.0053057135082781,0.0515501350164413,0.0551648139953613,0.948379397392273,0.943102777004242,467.0,2194.0,35997.84,0.0417149236632718,0.0453714467585086,0.0424976721405983
1.0,qlstm_linear_enhanced_paper,original_3,lorenz_1000,9.0,0.001,6.0,8.0,4.0,1.0,64.0,3.992928725438105e-07,4.770822101818339e-07,0.0004617065133061,0.0005112804356031,0.999995768070221,0.9999949932098388,539.0,1900.0,19142.13,0.0051120937336236,0.0060168309137225,0.005189539398998
1.0,qlstm_linear_enhanced_paper,original_3,lorenz_1000,9.0,0.001,6.0,8.0,4.0,13.0,64.0,0.0002651112154126,0.0002672140544746,0.0128791909664869,0.0128384307026863,0.997178852558136,0.99714994430542,539.0,1179.0,12576.98,0.0365234790369868,0.042866688221693,0.0394553840160369
1.0,qlstm_linear_enhanced_paper,original_3,lorenz_1000,9.0,0.001,6.0,8.0,4.0,25.0,64.0,0.0098717017099261,0.0112093454226851,0.0616761557757854,0.0687208473682403,0.8912516832351685,0.8738409876823425,539.0,2116.0,12157.98,0.039572063460946,0.044247169047594,0.0385951809585094
1.0,qlstm_linear_enhanced_paper,original_3,lorenz_1000,9.0,0.001,6.0,8.0,8.0,1.0,64.0,2.51000687967462e-06,3.0656917715532472e-06,0.0012075587874278,0.0013194527709856,0.9999735355377196,0.9999672770500184,539.0,1526.0,17641.18,0.0030409286729991,0.0031315670348703,0.0031403510365635
1.0,qlstm_linear_enhanced_paper,original_3,lorenz_1000,9.0,0.001,6.0,8.0,8.0,13.0,64.0,0.0005294035654515,0.0004872790304943,0.0175064802169799,0.0170152373611927,0.9943194389343262,0.9948212504386902,539.0,1033.0,12415.18,0.0385005746036768,0.0462072864174842,0.0419501736760139
1.0,qlstm_linear_enhanced_paper,original_3,lorenz_1000,9.0,0.001,6.0,8.0,8.0,25.0,64.0,0.0131099745631217,0.0129445726051926,0.0854306444525718,0.0856396183371543,0.8537797927856445,0.8552435636520386,539.0,971.0,20741.65,0.0379561675712466,0.0484464988112449,0.0440256930887699
1.0,qlstm_linear_enhanced_paper,original_3,lorenz_1000,9.0,0.001,6.0,8.0,16.0,1.0,64.0,6.820199018875428e-07,6.906927865202306e-07,0.0006351982010528,0.0006339430692605,0.9999934434890748,0.9999932646751404,539.0,1474.0,53074.06,0.001889200892765,0.0019408833468332,0.0019932852592319
1.0,qlstm_linear_enhanced_paper,original_3,lorenz_1000,9.0,0.001,6.0,8.0,16.0,13.0,64.0,0.0043413490056991,0.005626562051475,0.0502864457666873,0.0596314594149589,0.9539948105812072,0.9400178790092468,539.0,972.0,22706.51,0.0394014004617929,0.0440272912383079,0.0414401330053806
1.0,qlstm_linear_enhanced_paper,original_3,lorenz_1000,9.0,0.001,6.0,8.0,16.0,25.0,64.0,0.0046135317534208,0.0050462931394577,0.0469024889171123,0.0517473295331001,0.9506458044052124,0.9437803626060486,539.0,1853.0,39039.32,0.044123830480708,0.0503094792366027,0.0485487394034862
1.0,qlstm_linear_enhanced_paper,original_1,lorenz_1000,9.0,0.001,6.0,16.0,4.0,1.0,64.0,2.010483058256796e-06,2.5825343072938267e-06,0.0010967877460643,0.0012360799591988,0.99997878074646,0.9999731779098512,691.0,1433.0,4189.49,0.0020495744538493,0.0024768935982137,0.0021154326386749
1.0,qlstm_linear_enhanced_paper,original_1,lorenz_1000,9.0,0.001,6.0,16.0,4.0,13.0,64.0,0.0001993289770325,0.0002328634145669,0.0106784589588642,0.0118340356275439,0.9978562593460084,0.997521996498108,691.0,2446.0,7727.42,0.0370841743424534,0.0435256734490394,0.0387933664023876
1.0,qlstm_linear_enhanced_paper,original_1,lorenz_1000,9.0,0.001,6.0,16.0,4.0,25.0,64.0,0.0116220628842711,0.0119957337155938,0.0715618431568145,0.0774020850658416,0.871304988861084,0.8645123243331909,691.0,2831.0,8668.46,0.0398832365870475,0.0468089245259761,0.0432543717324733
1.0,qlstm_linear_enhanced_paper,original_1,lorenz_1000,9.0,0.001,6.0,16.0,8.0,1.0,64.0,9.185071121464716e-07,8.965077427092183e-07,0.0007359164883382,0.0007255228701978,0.9999900460243224,0.9999903440475464,691.0,1474.0,9405.91,0.0040834415471181,0.0051164263859391,0.0036225961521267
1.0,qlstm_linear_enhanced_paper,original_1,lorenz_1000,9.0,0.001,6.0,16.0,8.0,13.0,64.0,0.0013754512183368,0.0020174651872366,0.027844276279211,0.0332207791507244,0.9853720664978028,0.9784938097000122,691.0,1721.0,10938.57,0.0376067569479346,0.044228333979845,0.039535142481327
1.0,qlstm_linear_enhanced_paper,original_1,lorenz_1000,9.0,0.001,6.0,16.0,8.0,25.0,64.0,0.0119722196832299,0.0136710982769727,0.083542101085186,0.0880653336644172,0.8676530718803406,0.8450039625167847,691.0,1287.0,14296.74,0.0436280466616153,0.0556592121720314,0.0510901883244514
1.0,qlstm_linear_enhanced_paper,original_1,lorenz_1000,9.0,0.001,6.0,16.0,16.0,1.0,64.0,1.2716145647573285e-06,1.3328655086297658e-06,0.0008535312372259,0.0008579404093325,0.999986469745636,0.9999858736991882,691.0,1755.0,22124.56,0.0019464517128653,0.0025091804563999,0.0019854269921779
1.0,qlstm_linear_enhanced_paper,original_1,lorenz_1000,9.0,0.001,6.0,16.0,16.0,13.0,64.0,0.0022599184885621,0.0034995104651898,0.0375791229307651,0.0454862192273139,0.9760292768478394,0.9620031714439392,691.0,1282.0,26618.76,0.0398900911211967,0.0463009215891361,0.0422989837825298
1.0,qlstm_linear_enhanced_paper,original_1,lorenz_1000,9.0,0.001,6.0,16.0,16.0,25.0,64.0,0.014893720857799,0.0200081691145896,0.0876167491078376,0.1043930128216743,0.8421042561531067,0.7584112286567688,691.0,989.0,11546.93,0.0445189074509673,0.0525986962020397,0.0502546951174736
1.0,qlstm_linear_enhanced_paper,original_2,lorenz_1000,9.0,0.001,6.0,16.0,4.0,1.0,64.0,9.982361461879918e-07,1.0184980965277646e-06,0.0007311594672501,0.0007021512137725,0.9999893307685852,0.9999890327453612,763.0,1352.0,6107.13,0.0013978062663227,0.0014334906591102,0.0015123834600672
1.0,qlstm_linear_enhanced_paper,original_2,lorenz_1000,9.0,0.001,6.0,16.0,4.0,13.0,64.0,0.0002749314589891,0.0002969866327475,0.0126420818269252,0.0127639742568135,0.9970775842666626,0.996849536895752,763.0,1409.0,11360.19,0.0352775633335113,0.0419804789125919,0.0391225665807724
1.0,qlstm_linear_enhanced_paper,original_2,lorenz_1000,9.0,0.001,6.0,16.0,4.0,25.0,64.0,0.0116699915379285,0.013434206135571,0.0744910910725593,0.0822379067540168,0.8701080679893494,0.8472397923469543,763.0,2141.0,9453.02,0.0385581195354461,0.0462565012276172,0.0419776253402233
1.0,qlstm_linear_enhanced_paper,original_2,lorenz_1000,9.0,0.001,6.0,16.0,8.0,1.0,64.0,1.156272332991648e-06,1.1921362101929844e-06,0.0007992511382326,0.0008126480388455,0.9999882578849792,0.999987244606018,763.0,1517.0,13599.73,0.002715827897191,0.0031225658021867,0.0025558941997587
1.0,qlstm_linear_enhanced_paper,original_2,lorenz_1000,9.0,0.001,6.0,16.0,8.0,13.0,64.0,0.0004880253982264,0.0005033477791585,0.0174117740243673,0.0177135411649942,0.9947994351387024,0.994699239730835,763.0,1415.0,22619.05,0.0388555655255913,0.0471199378371238,0.0438191145658493
1.0,qlstm_linear_enhanced_paper,original_2,lorenz_1000,9.0,0.001,6.0,16.0,8.0,25.0,64.0,0.0105391731485724,0.0097930338233709,0.0699537843465805,0.0687264576554298,0.8814089894294739,0.8893709778785706,763.0,1652.0,14731.06,0.0394452916458249,0.0484909825026989,0.0441025756299495
1.0,qlstm_linear_enhanced_paper,original_2,lorenz_1000,9.0,0.001,6.0,16.0,16.0,1.0,64.0,7.370009598162142e-07,7.873080107856367e-07,0.0006096076685935,0.0006388815818354,0.9999921917915344,0.9999918341636658,763.0,1302.0,23352.7,0.001125819288427,0.0011303860228508,0.0011724029900506
1.0,qlstm_linear_enhanced_paper,original_2,lorenz_1000,9.0,0.001,6.0,16.0,16.0,13.0,64.0,0.0012466674670577,0.0012911525554955,0.0274590943008661,0.0274767260998487,0.986887753009796,0.9863829612731934,763.0,1279.0,23048.66,0.0399703823029995,0.0458907559514045,0.0427968390285968
1.0,qlstm_linear_enhanced_paper,original_2,lorenz_1000,9.0,0.001,6.0,16.0,16.0,25.0,64.0,0.0050635254010558,0.0069217816926538,0.0516136363148689,0.0607123710215091,0.9460505247116088,0.9227263927459716,763.0,2044.0,33037.39,0.0404642820358276,0.0494948253035545,0.0472077056765556
1.0,qlstm_linear_enhanced_paper,original_3,lorenz_1000,9.0,0.001,6.0,16.0,4.0,1.0,64.0,1.097858330467716e-06,1.1726416460078326e-06,0.0007961326627992,0.0008316933526657,0.9999890327453612,0.9999887943267822,835.0,1770.0,10165.32,0.0021386098233051,0.0022739220876246,0.002255494473502
1.0,qlstm_linear_enhanced_paper,original_3,lorenz_1000,9.0,0.001,6.0,16.0,4.0,13.0,64.0,0.0002499059191904,0.0002258184977108,0.0113800233229994,0.0109659861773252,0.997401773929596,0.997621476650238,835.0,1186.0,7078.54,0.0355924816802144,0.0409574508666992,0.0379465036094188
1.0,qlstm_linear_enhanced_paper,original_3,lorenz_1000,9.0,0.001,6.0,16.0,4.0,25.0,64.0,0.0104109356179833,0.0120668904855847,0.0639629065990448,0.070747509598732,0.8846957087516785,0.8625428676605225,835.0,2251.0,12837.71,0.0396671332418918,0.0469098165631294,0.0432754270732402
1.0,qlstm_linear_enhanced_paper,original_3,lorenz_1000,9.0,0.001,6.0,16.0,8.0,1.0,64.0,6.818545443820767e-07,6.153218237159308e-07,0.0006253274041227,0.0005780737847089,0.9999926686286926,0.99999338388443,835.0,1427.0,29600.14,0.0015903953230008,0.0015776454238221,0.0015946644125506
1.0,qlstm_linear_enhanced_paper,original_3,lorenz_1000,9.0,0.001,6.0,16.0,8.0,13.0,64.0,0.0004369133966974,0.0005002728430554,0.0161692649126052,0.0171666573733091,0.99537593126297,0.994725465774536,835.0,1035.0,20345.93,0.0375894917175173,0.0445750802755355,0.0393427945673465
1.0,qlstm_linear_enhanced_paper,original_3,lorenz_1000,9.0,0.001,6.0,16.0,8.0,25.0,64.0,0.0101863350719213,0.0110166370868682,0.0712714493274688,0.0758253335952758,0.8886525630950928,0.8757710456848145,835.0,1091.0,12757.37,0.0392444582656025,0.0465720035135746,0.0417412593960762
1.0,qlstm_linear_enhanced_paper,original_3,lorenz_1000,9.0,0.001,6.0,16.0,16.0,1.0,64.0,7.782408033563115e-07,8.708132099854993e-07,0.0006154631264507,0.0006550085381604,0.9999917149543762,0.9999910593032836,835.0,1500.0,52567.7,0.0017836573068052,0.002174352062866,0.0019719924312084
1.0,qlstm_linear_enhanced_paper,original_3,lorenz_1000,9.0,0.001,6.0,16.0,16.0,13.0,64.0,0.0032999557442963,0.0030645995866507,0.0442382134497165,0.0422864221036434,0.9646554589271544,0.9681698083877563,835.0,994.0,41042.99,0.0384066358208656,0.0431652292609214,0.040653970092535
1.0,qlstm_linear_enhanced_paper,original_3,lorenz_1000,9.0,0.001,6.0,16.0,16.0,25.0,64.0,0.0059179123491048,0.0059234802611172,0.0599343441426754,0.0596226118505001,0.936586618423462,0.934763729572296,835.0,1310.0,28220.49,0.0418816113637553,0.0510033629834651,0.0497474335134029
1.0,qlstm_linear_enhanced_paper,original_1,lorenz_1000,9.0,0.001,6.0,32.0,4.0,1.0,64.0,1.287236614189169e-06,1.2497204124883865e-06,0.0008722438942641,0.0008408508147113,0.9999871850013732,0.99998676776886,1283.0,1429.0,4262.7,0.0019125747610814,0.0021495656110346,0.0019992755260318
1.0,qlstm_linear_enhanced_paper,original_1,lorenz_1000,9.0,0.001,6.0,32.0,4.0,13.0,64.0,0.0003625665267463,0.0003393999359104,0.0148333134129643,0.0144803244620561,0.996146321296692,0.9963881373405457,1283.0,1346.0,3964.71,0.0372684508562088,0.0444995202124118,0.0395557433366775
1.0,qlstm_linear_enhanced_paper,original_1,lorenz_1000,9.0,0.001,6.0,32.0,4.0,25.0,64.0,0.010089399293065,0.0119891623035073,0.0607492625713348,0.0686174482107162,0.8886041641235352,0.8635134100914001,1283.0,2243.0,12300.17,0.0382153388112783,0.0460564047098159,0.0408754274249076
1.0,qlstm_linear_enhanced_paper,original_1,lorenz_1000,9.0,0.001,6.0,32.0,8.0,1.0,64.0,1.3237480516181677e-06,1.445991983928252e-06,0.0009018041891977,0.0009221353102475,0.9999862909317015,0.9999848008155824,1283.0,1290.0,14328.79,0.0019197790301404,0.0020832321606576,0.0019247861346229
1.0,qlstm_linear_enhanced_paper,original_1,lorenz_1000,9.0,0.001,6.0,32.0,8.0,13.0,64.0,0.0005448919837363,0.0005758121842518,0.0173592753708362,0.0184560716152191,0.9941943883895874,0.993924915790558,1283.0,1096.0,12520.03,0.0372739572077989,0.0444790013134479,0.0394025184214115
1.0,qlstm_linear_enhanced_paper,original_1,lorenz_1000,9.0,0.001,6.0,32.0,8.0,25.0,64.0,0.007086326368153,0.007756985258311,0.0572831407189369,0.0600693598389625,0.9222630858421326,0.915595531463623,1283.0,2008.0,21496.49,0.0392313143238425,0.0509974621236324,0.0468608438968658
1.0,qlstm_linear_enhanced_paper,original_1,lorenz_1000,9.0,0.001,6.0,32.0,16.0,1.0,64.0,1.751649165271374e-06,2.044685061264317e-06,0.0010169359156861,0.0011042010737583,0.9999821186065674,0.9999790191650392,1283.0,1051.0,13423.25,0.0012158146302681,0.0013534476747736,0.0012952940305694
1.0,qlstm_linear_enhanced_paper,original_1,lorenz_1000,9.0,0.001,6.0,32.0,16.0,13.0,64.0,0.0208096206188201,0.0232257638126611,0.099674716591835,0.106569766998291,0.7585834860801697,0.7122175097465515,1283.0,692.0,8914.08,0.0388507459312677,0.0433742105960845,0.0391291417181491
1.0,qlstm_linear_enhanced_paper,original_1,lorenz_1000,9.0,0.001,6.0,32.0,16.0,25.0,64.0,0.0075404029339551,0.0074622225947678,0.0528336912393569,0.0562328957021236,0.9215242862701416,0.9173439145088196,1283.0,2001.0,36773.32,0.0392648267249266,0.0443182550370693,0.0421724915504455
1.0,qlstm_linear_enhanced_paper,original_2,lorenz_1000,9.0,0.001,6.0,32.0,4.0,1.0,64.0,2.153682771677268e-06,2.680000989130349e-06,0.0011777621693909,0.001281508943066,0.9999772310256958,0.9999712109565736,1355.0,1067.0,4821.26,0.0018648584722541,0.0018824868602678,0.0018619863549247
1.0,qlstm_linear_enhanced_paper,original_2,lorenz_1000,9.0,0.001,6.0,32.0,4.0,13.0,64.0,0.0003100745962001,0.0003286453720647,0.0130929434671998,0.0135352257639169,0.9966793656349182,0.9965003132820128,1355.0,1116.0,5067.55,0.0356572894379496,0.0421029441058635,0.0382827073335647
1.0,qlstm_linear_enhanced_paper,original_2,lorenz_1000,9.0,0.001,6.0,32.0,4.0,25.0,64.0,0.0150889856740832,0.0146782882511615,0.082282580435276,0.0842251032590866,0.8320006132125854,0.8314240574836731,1355.0,1511.0,12119.51,0.0381389088928699,0.0451554842293262,0.0409832522273063
1.0,qlstm_linear_enhanced_paper,original_2,lorenz_1000,9.0,0.001,6.0,32.0,8.0,1.0,64.0,7.308973977160349e-07,7.867818112572422e-07,0.0006309731979854,0.0006321677356027,0.9999926686286926,0.9999916553497314,1355.0,1322.0,11937.88,0.0010841926676221,0.0010955464094877,0.0010783495381474
1.0,qlstm_linear_enhanced_paper,original_2,lorenz_1000,9.0,0.001,6.0,32.0,8.0,13.0,64.0,0.0006723087863065,0.0006247205892577,0.019582275301218,0.019198453053832,0.9928220510482788,0.9933212995529176,1355.0,1010.0,16021.47,0.0364379476755857,0.0422457195818424,0.039220917969942
1.0,qlstm_linear_enhanced_paper,original_2,lorenz_1000,9.0,0.001,6.0,32.0,8.0,25.0,64.0,0.0119600826874375,0.0122570162639021,0.076906219124794,0.078899085521698,0.872703492641449,0.8625643849372864,1355.0,1432.0,22639.22,0.038284301944077,0.0453121960163116,0.0397725105285644
1.0,qlstm_linear_enhanced_paper,original_2,lorenz_1000,9.0,0.001,6.0,32.0,16.0,1.0,64.0,2.079803607557551e-06,1.9997364688606467e-06,0.0010854391148313,0.00105392630212,0.9999817609786988,0.9999799728393556,1355.0,1364.0,37962.47,0.0014229580818209,0.0015117499278858,0.0014923634007573
1.0,qlstm_linear_enhanced_paper,original_2,lorenz_1000,9.0,0.001,6.0,32.0,16.0,13.0,64.0,0.0035928832367062,0.0039425282739102,0.0472075156867504,0.0490342117846012,0.961108386516571,0.9571281671524048,1355.0,852.0,15726.17,0.0348723575472831,0.0439524427056312,0.0439575016498565
1.0,qlstm_linear_enhanced_paper,original_2,lorenz_1000,9.0,0.001,6.0,32.0,16.0,25.0,64.0,0.006485900375992,0.0061499518342316,0.053468182682991,0.0536072887480258,0.93377423286438,0.9338103532791138,1355.0,971.0,27171.81,0.0376265591217411,0.0441374890506267,0.0414031222462654
1.0,qlstm_linear_enhanced_paper,original_3,lorenz_1000,9.0,0.001,6.0,32.0,4.0,1.0,64.0,2.5188219296978787e-06,2.398312517470913e-06,0.0012497431598603,0.0012031396618112,0.9999745488166808,0.9999762773513794,1427.0,1127.0,6621.84,0.0015728347119875,0.0017535600345581,0.001668038079515
1.0,qlstm_linear_enhanced_paper,original_3,lorenz_1000,9.0,0.001,6.0,32.0,4.0,13.0,64.0,0.0001622396666789,0.0001806143409339,0.0098350970074534,0.0103945638984441,0.9982890486717224,0.9980821013450624,1427.0,1095.0,6485.9,0.0375493248924613,0.045481514185667,0.0401110649108886
1.0,qlstm_linear_enhanced_paper,original_3,lorenz_1000,9.0,0.001,6.0,32.0,4.0,25.0,64.0,0.0126600982621312,0.0135457199066877,0.0764179825782775,0.0813610255718231,0.8569183945655823,0.8446291089057922,1427.0,1657.0,9628.05,0.0377301126718521,0.0450776629149913,0.0404385216534137
1.0,qlstm_linear_enhanced_paper,original_3,lorenz_1000,9.0,0.001,6.0,32.0,8.0,1.0,64.0,1.034416186485032e-06,1.1173636949024512e-06,0.0007695733220316,0.00078582088463,0.9999891519546508,0.9999880790710448,1427.0,1275.0,15047.92,0.0007373354426817,0.0006546179647557,0.0007328913779929
1.0,qlstm_linear_enhanced_paper,original_3,lorenz_1000,9.0,0.001,6.0,32.0,8.0,13.0,64.0,0.0005090242484584,0.0005121692665852,0.0166993830353021,0.0168763268738985,0.99464750289917,0.9945610761642456,1427.0,1022.0,21836.32,0.0330178048461675,0.0390540286898613,0.0383146740496158
1.0,qlstm_linear_enhanced_paper,original_3,lorenz_1000,9.0,0.001,6.0,32.0,8.0,25.0,64.0,0.0089409975335001,0.0095543377101421,0.0626793801784515,0.0674619525671005,0.9029726386070251,0.8941398859024048,1427.0,1392.0,29105.89,0.0375907901674509,0.0472373440861702,0.0424261391162872
1.0,qlstm_linear_enhanced_paper,original_3,lorenz_1000,9.0,0.001,6.0,32.0,16.0,1.0,64.0,1.9792955754383e-06,2.0753091121150646e-06,0.0011302387574687,0.0011293279239907,0.9999802708625792,0.9999804496765136,1427.0,879.0,33627.91,0.0017600180348381,0.0021065406035631,0.0018318187212571
1.0,qlstm_linear_enhanced_paper,original_3,lorenz_1000,9.0,0.001,6.0,32.0,16.0,13.0,64.0,0.0019132219022139,0.0018472413066774,0.0340206064283847,0.0323061421513557,0.9794272780418396,0.980466365814209,1427.0,1021.0,23692.82,0.0390639040619134,0.0444876179099082,0.0401944257318973
1.0,qlstm_linear_enhanced_paper,original_3,lorenz_1000,9.0,0.001,6.0,32.0,16.0,25.0,64.0,0.0041330750100314,0.0049123293720185,0.0499351806938648,0.054097756743431,0.9557769298553468,0.9459115266799928,1427.0,1480.0,31043.97,0.0334956780489948,0.0374684780836105,0.038341749459505
1.0,qlstm_linear_enhanced_paper,original_1,henon_1000,0.0,0.001,6.0,8.0,4.0,1.0,64.0,7.478179213649128e-06,7.4206391218467616e-06,0.0021964388433843,0.0022384710609912,0.9999539256095886,0.9999535083770752,380.0,1996.0,10995.14,0.0281572731211781,0.0260803084820508,0.0269314888864755
1.0,qlstm_linear_enhanced_paper,original_1,henon_1000,0.0,0.001,6.0,8.0,4.0,2.0,64.0,2.875469726859592e-05,3.174352605128661e-05,0.0037473356351256,0.0039286115206778,0.999823272228241,0.999804675579071,380.0,2072.0,6450.41,0.0293222337961196,0.0288003515452146,0.030371556058526
1.0,qlstm_linear_enhanced_paper,original_1,henon_1000,0.0,0.001,6.0,8.0,4.0,4.0,64.0,0.0027484374586492,0.0025429050438106,0.0356710627675056,0.0355887822806835,0.9827786087989808,0.9839642643928528,380.0,3435.0,18681.12,0.0750424850732088,0.0737388730049133,0.074912890791893
1.0,qlstm_linear_enhanced_paper,original_1,henon_1000,0.0,0.001,6.0,8.0,8.0,1.0,64.0,4.259328306943644e-06,4.387324679555604e-06,0.001654812018387,0.0016825846396386,0.9999736547470092,0.9999725818634032,380.0,1930.0,12078.22,0.0309385702013969,0.0303761959075927,0.0314782261848449
1.0,qlstm_linear_enhanced_paper,original_1,henon_1000,0.0,0.001,6.0,8.0,8.0,2.0,64.0,5.46641786058899e-06,5.562803835346131e-06,0.0016736312536522,0.0017699301242828,0.999967098236084,0.9999659657478333,380.0,2596.0,16013.48,0.0681813914328813,0.0689993277192115,0.0700620859861373
1.0,qlstm_linear_enhanced_paper,original_1,henon_1000,0.0,0.001,6.0,8.0,8.0,4.0,64.0,0.0053244978189468,0.0041036908514797,0.0464056096971035,0.0471953563392162,0.9668774008750916,0.9740282893180848,380.0,3758.0,22816.36,0.0734733801335096,0.072206325829029,0.0735473409295082
1.0,qlstm_linear_enhanced_paper,original_1,henon_1000,0.0,0.001,6.0,8.0,16.0,1.0,64.0,4.150755103182746e-06,4.029416686535114e-06,0.0015132281696423,0.0015226672403514,0.9999746680259703,0.9999754428863524,380.0,1476.0,18388.01,0.0213332336395978,0.020261213183403,0.021751832216978
1.0,qlstm_linear_enhanced_paper,original_1,henon_1000,0.0,0.001,6.0,8.0,16.0,2.0,64.0,2.5759864001884125e-05,2.58145882980898e-05,0.0037238569930195,0.0037544902879744,0.999841332435608,0.9998401999473572,380.0,1279.0,28424.98,0.0575153138488531,0.056074783205986,0.0573910176753997
1.0,qlstm_linear_enhanced_paper,original_1,henon_1000,0.0,0.001,6.0,8.0,16.0,4.0,64.0,0.0343558192253112,0.0272851176559925,0.1429372727870941,0.1274425089359283,0.756859540939331,0.8124057054519653,380.0,1737.0,21420.15,0.0755793940275907,0.0790499895811081,0.0795172303915023
1.0,qlstm_linear_enhanced_paper,original_2,henon_1000,0.0,0.001,6.0,8.0,4.0,1.0,64.0,1.791922841221094e-06,1.5219618489936693e-06,0.0010124100372195,0.0009286008425988,0.9999892711639404,0.999990701675415,452.0,1810.0,8048.1,0.034512479417026,0.0323624685406684,0.0333356149494648
1.0,qlstm_linear_enhanced_paper,original_2,henon_1000,0.0,0.001,6.0,8.0,4.0,2.0,64.0,2.1935849872534163e-05,1.875105590443127e-05,0.0031501399353146,0.003002357436344,0.9998642206192015,0.9998846054077148,452.0,2260.0,17958.22,0.0763715896755456,0.0765312388539314,0.0773320794105529
1.0,qlstm_linear_enhanced_paper,original_2,henon_1000,0.0,0.001,6.0,8.0,4.0,4.0,64.0,0.0005053593195043,0.0004588958690874,0.0137624992057681,0.013621917925775,0.9968650937080384,0.9971197843551636,452.0,4458.0,33023.62,0.0743810180574655,0.0728034675121307,0.0741609558463096
1.0,qlstm_linear_enhanced_paper,original_2,henon_1000,0.0,0.001,6.0,8.0,8.0,1.0,64.0,2.264916020067176e-06,2.0819195469812257e-06,0.0011391611769795,0.0010748772183433,0.9999862313270568,0.999987542629242,452.0,1801.0,15950.41,0.0143179873935878,0.0139673668891191,0.0151369962841272
1.0,qlstm_linear_enhanced_paper,original_2,henon_1000,0.0,0.001,6.0,8.0,8.0,2.0,64.0,8.111308125080541e-05,7.632565393578261e-05,0.0057970313355326,0.0058590662665665,0.999497890472412,0.999523103237152,452.0,1359.0,12295.61,0.0553537435829639,0.0522497147321701,0.0547988004982471
1.0,qlstm_linear_enhanced_paper,original_2,henon_1000,0.0,0.001,6.0,8.0,8.0,4.0,64.0,0.0050476714968681,0.0023850123398005,0.0353701300919055,0.0287939570844173,0.9684629440307616,0.985055148601532,452.0,3862.0,32978.39,0.0738362930715084,0.0722139626741409,0.0736579447984695
1.0,qlstm_linear_enhanced_paper,original_2,henon_1000,0.0,0.001,6.0,8.0,16.0,1.0,64.0,2.1094326712045586e-06,2.07323159884254e-06,0.0011003473773598,0.0010932778241112,0.9999868869781494,0.9999873638153076,452.0,1722.0,52346.51,0.003884868370369,0.0035735310520976,0.0037682563997805
1.0,qlstm_linear_enhanced_paper,original_2,henon_1000,0.0,0.001,6.0,8.0,16.0,2.0,64.0,1.5367151718237437e-05,2.0524244973785244e-05,0.0027476986870169,0.003280337434262,0.9999049305915833,0.9998724460601808,452.0,1452.0,25810.1,0.0743588641285896,0.0740610361099243,0.0747213289141655
1.0,qlstm_linear_enhanced_paper,original_2,henon_1000,0.0,0.001,6.0,8.0,16.0,4.0,64.0,0.0018404296133667,0.0016343930037692,0.031831044703722,0.0299198236316442,0.9884913563728333,0.9897341132164,452.0,2351.0,40957.71,0.0724645461887121,0.0753738954663276,0.0760191455483436
1.0,qlstm_linear_enhanced_paper,original_3,henon_1000,0.0,0.001,6.0,8.0,4.0,1.0,64.0,3.328548700665124e-06,3.147770030409447e-06,0.0013433112762868,0.0013266435125842,0.9999793171882628,0.9999802708625792,524.0,1428.0,15053.57,0.0193991795182228,0.0185503028333187,0.0200929585844278
1.0,qlstm_linear_enhanced_paper,original_3,henon_1000,0.0,0.001,6.0,8.0,4.0,2.0,64.0,4.611978511093184e-06,5.137318566994509e-06,0.0015274428296834,0.0016093285521492,0.999971568584442,0.9999677538871764,524.0,2251.0,12726.03,0.0445475056767463,0.0429951176047325,0.0440972968935966
1.0,qlstm_linear_enhanced_paper,original_3,henon_1000,0.0,0.001,6.0,8.0,4.0,4.0,64.0,0.0005450084572657,0.0006091207615099,0.0149186458438634,0.0162080209702253,0.996652901172638,0.9962130188941956,524.0,5492.0,49227.12,0.0752525251358747,0.0738878697156906,0.0751319751143455
1.0,qlstm_linear_enhanced_paper,original_3,henon_1000,0.0,0.001,6.0,8.0,8.0,1.0,64.0,2.9069285574223613e-06,2.538177113819984e-06,0.001259206328541,0.0012074237456545,0.9999831318855286,0.9999849200248718,524.0,1630.0,31156.03,0.0164037440903484,0.0156823080033063,0.0165950451046228
1.0,qlstm_linear_enhanced_paper,original_3,henon_1000,0.0,0.001,6.0,8.0,8.0,2.0,64.0,2.316797144885641e-05,1.97364752239082e-05,0.0032692705281078,0.0031340471468865,0.9998574256896972,0.999876856803894,524.0,1502.0,17375.05,0.0743506960570812,0.0750665962696075,0.0760271549224853
1.0,qlstm_linear_enhanced_paper,original_3,henon_1000,0.0,0.001,6.0,8.0,8.0,4.0,64.0,0.0010837049921974,0.0010561392409726,0.0217524543404579,0.0224011242389678,0.9933135509490968,0.9933682680130004,524.0,2247.0,25298.51,0.0761083640158176,0.0756267979741096,0.0767618268728256
1.0,qlstm_linear_enhanced_paper,original_3,henon_1000,0.0,0.001,6.0,8.0,16.0,1.0,64.0,1.291112539547612e-06,1.1426088804000756e-06,0.0007960420334711,0.0007639445830136,0.9999924898147584,0.9999932646751404,524.0,1756.0,40531.89,0.0165316849946975,0.0156056461855769,0.0167195741087198
1.0,qlstm_linear_enhanced_paper,original_3,henon_1000,0.0,0.001,6.0,8.0,16.0,2.0,64.0,2.700389813981019e-05,2.89218714897288e-05,0.0033382906112819,0.0035227858461439,0.9998335838317872,0.9998213052749634,524.0,1411.0,32073.2,0.0381783079355955,0.0367102734744548,0.03792529925704
1.0,qlstm_linear_enhanced_paper,original_3,henon_1000,0.0,0.001,6.0,8.0,16.0,4.0,64.0,0.0020868561696261,0.0017766254022717,0.0330383591353893,0.0310239698737859,0.9869365096092224,0.9888415932655334,524.0,1636.0,37430.71,0.0714186619967222,0.0741555318236351,0.0747459679841995
1.0,qlstm_linear_enhanced_paper,original_1,henon_1000,0.0,0.001,6.0,16.0,4.0,1.0,64.0,6.107604804128641e-06,5.400291684054537e-06,0.0018399661639705,0.0017699401360005,0.9999625086784364,0.9999666810035706,668.0,1516.0,8441.9,0.0202553834766149,0.0190606582909822,0.0206276103854179
1.0,qlstm_linear_enhanced_paper,original_1,henon_1000,0.0,0.001,6.0,16.0,4.0,2.0,64.0,5.173653789825039e-06,5.080875325802481e-06,0.0015843679429963,0.0016859428724274,0.999967873096466,0.9999680519104004,668.0,1828.0,5760.32,0.072410973906517,0.0728702247142791,0.0743342787027359
1.0,qlstm_linear_enhanced_paper,original_1,henon_1000,0.0,0.001,6.0,16.0,4.0,4.0,64.0,0.0015551605029031,0.0014702240005135,0.0266758613288402,0.0273239258676767,0.9903619289398192,0.990763247013092,668.0,3843.0,11645.8,0.0748791314661502,0.0734853446483612,0.074838787317276
1.0,qlstm_linear_enhanced_paper,original_1,henon_1000,0.0,0.001,6.0,16.0,8.0,1.0,64.0,1.11176370864996e-06,1.0532093028814415e-06,0.0008028037264011,0.0007938237395137,0.999993085861206,0.9999934434890748,668.0,1722.0,18094.06,0.0269198825582861,0.0263064298778772,0.0274207778275012
1.0,qlstm_linear_enhanced_paper,original_1,henon_1000,0.0,0.001,6.0,16.0,8.0,2.0,64.0,3.162611392326653e-05,3.4384054742986336e-05,0.0033462280407547,0.0037249049637466,0.999806821346283,0.9997847080230712,668.0,2183.0,13564.29,0.0722909525036811,0.0744659528136253,0.0760565921664238
1.0,qlstm_linear_enhanced_paper,original_1,henon_1000,0.0,0.001,6.0,16.0,8.0,4.0,64.0,0.0006533275009132,0.0005463051493279,0.0169720016419887,0.0167368482798337,0.9959909915924072,0.9965900182724,668.0,4384.0,25980.84,0.0748731754720211,0.0737077891826629,0.0750911012291908
1.0,qlstm_linear_enhanced_paper,original_1,henon_1000,0.0,0.001,6.0,16.0,16.0,1.0,64.0,1.9682120182551444e-06,1.9534759303496685e-06,0.0011173656675964,0.0010893141152337,0.9999880790710448,0.9999880194664,668.0,1661.0,21029.25,0.0277315892279148,0.0265384539961814,0.0282331258058547
1.0,qlstm_linear_enhanced_paper,original_1,henon_1000,0.0,0.001,6.0,16.0,16.0,2.0,64.0,7.844474748708308e-05,7.783972978359088e-05,0.0068485899828374,0.0068918108008801,0.9995298981666564,0.9995220899581908,668.0,1410.0,30913.03,0.0750838138163089,0.0777010545134544,0.0793426111340522
1.0,qlstm_linear_enhanced_paper,original_1,henon_1000,0.0,0.001,6.0,16.0,16.0,4.0,64.0,0.0021592862904071,0.0012752290349453,0.027702922001481,0.0254011247307062,0.9865086674690248,0.9920042157173156,668.0,3224.0,38606.16,0.0727900806814432,0.0757587775588035,0.0763381943106651
1.0,qlstm_linear_enhanced_paper,original_2,henon_1000,0.0,0.001,6.0,16.0,4.0,1.0,64.0,4.724498921859777e-06,4.705748324340675e-06,0.0015868617920204,0.001604025484994,0.999971330165863,0.9999709129333496,740.0,1107.0,9329.82,0.0119138364680111,0.0116246826946735,0.0126437218859791
1.0,qlstm_linear_enhanced_paper,original_2,henon_1000,0.0,0.001,6.0,16.0,4.0,2.0,64.0,1.4736476259713529e-05,1.3697479516849851e-05,0.0029701928142458,0.0027916533872485,0.9999107718467712,0.9999176859855652,740.0,1307.0,6063.99,0.0668766066431999,0.0655901655554771,0.0671667084097862
1.0,qlstm_linear_enhanced_paper,original_2,henon_1000,0.0,0.001,6.0,16.0,4.0,4.0,64.0,0.0012959332671016,0.001388193340972,0.0268644969910383,0.0284831691533327,0.9919896125793456,0.9912697672843932,740.0,3339.0,14651.57,0.0770835980772972,0.0758641958236694,0.0768376067280769
1.0,qlstm_linear_enhanced_paper,original_2,henon_1000,0.0,0.001,6.0,16.0,8.0,1.0,64.0,4.31737089456874e-06,4.340411123848753e-06,0.0016953566810116,0.0016638283850625,0.999973475933075,0.9999729990959167,740.0,1237.0,20044.04,0.0137224062345922,0.0133533431217074,0.0144113348796963
1.0,qlstm_linear_enhanced_paper,original_2,henon_1000,0.0,0.001,6.0,16.0,8.0,2.0,64.0,3.824841769528575e-05,3.656404805951752e-05,0.0040588877163827,0.0040499339811503,0.999766170978546,0.9997758865356444,740.0,1625.0,14524.88,0.0728707943111658,0.0737836062908172,0.0749117061495781
1.0,qlstm_linear_enhanced_paper,original_2,henon_1000,0.0,0.001,6.0,16.0,8.0,4.0,64.0,0.0230794288218021,0.0207058563828468,0.1088459864258766,0.1010494157671928,0.8453398942947388,0.8607470989227295,740.0,2523.0,23224.31,0.0769318684935569,0.0763247162103653,0.0773842260241508
1.0,qlstm_linear_enhanced_paper,original_2,henon_1000,0.0,0.001,6.0,16.0,16.0,1.0,64.0,1.463201556362037e-06,1.1932162351513398e-06,0.0008764640660956,0.0008260254980996,0.9999911189079284,0.9999929666519164,740.0,1375.0,24933.53,0.0073725458700209,0.0071656433865427,0.0075951875187456
1.0,qlstm_linear_enhanced_paper,original_2,henon_1000,0.0,0.001,6.0,16.0,16.0,2.0,64.0,3.0332053938764147e-05,2.963518818432931e-05,0.003892307402566,0.0037557166069746,0.999813199043274,0.999817430973053,740.0,1535.0,48345.84,0.0749624624848365,0.0743780732154846,0.074861854314804
1.0,qlstm_linear_enhanced_paper,original_2,henon_1000,0.0,0.001,6.0,16.0,16.0,4.0,64.0,0.0074743293225765,0.0020949435420334,0.0364903584122657,0.0291006006300449,0.9556742310523988,0.986901879310608,740.0,4475.0,76753.41,0.0721249189227819,0.0750133916735649,0.0755669474601745
1.0,qlstm_linear_enhanced_paper,original_3,henon_1000,0.0,0.001,6.0,16.0,4.0,1.0,64.0,9.342605267192994e-07,9.058007890416776e-07,0.0007113051833584,0.0006943690241314,0.9999942183494568,0.9999946355819702,812.0,1757.0,18338.66,0.0193834189325571,0.0182203408330678,0.0195753760635852
1.0,qlstm_linear_enhanced_paper,original_3,henon_1000,0.0,0.001,6.0,16.0,4.0,2.0,64.0,4.029533374705352e-05,3.1540384952677414e-05,0.0046575451269745,0.0042071640491485,0.999755084514618,0.9998027682304382,812.0,1516.0,9997.58,0.0650775548070669,0.0638875439763069,0.0655077472329139
1.0,qlstm_linear_enhanced_paper,original_3,henon_1000,0.0,0.001,6.0,16.0,4.0,4.0,64.0,0.0016245973529294,0.0014150898205116,0.0268028173595666,0.0259744767099618,0.9898711442947388,0.9911134839057922,812.0,2169.0,12222.94,0.0760776102542877,0.074880227446556,0.0760435163974762
1.0,qlstm_linear_enhanced_paper,original_3,henon_1000,0.0,0.001,6.0,16.0,8.0,1.0,64.0,3.079213911405532e-06,2.9609875582536915e-06,0.0013591536553576,0.0013455603038892,0.99998140335083,0.9999818801879884,812.0,1148.0,13493.41,0.0020743361907079,0.0020038357470184,0.0021801453549414
1.0,qlstm_linear_enhanced_paper,original_3,henon_1000,0.0,0.001,6.0,16.0,8.0,2.0,64.0,1.2302884897508193e-05,1.1726747288776096e-05,0.0026106780860573,0.0026011371519416,0.9999264478683472,0.9999292492866516,812.0,1460.0,16903.56,0.0725428409874439,0.0733326524496078,0.0745351761579513
1.0,qlstm_linear_enhanced_paper,original_3,henon_1000,0.0,0.001,6.0,16.0,8.0,4.0,64.0,0.0030919280834496,0.0030226083472371,0.0384967550635337,0.0391714684665203,0.981034219264984,0.9811034798622132,812.0,1660.0,20528.59,0.0745442122220993,0.0735863745212555,0.0749323219060897
1.0,qlstm_linear_enhanced_paper,original_3,henon_1000,0.0,0.001,6.0,16.0,16.0,1.0,64.0,4.423125119501492e-06,4.4534472181112505e-06,0.0016836039721965,0.0017192783998325,0.9999727606773376,0.9999727010726928,812.0,1513.0,55455.79,0.0095015426632016,0.0092775728553533,0.0101383998990058
1.0,qlstm_linear_enhanced_paper,original_3,henon_1000,0.0,0.001,6.0,16.0,16.0,2.0,64.0,3.891063533956185e-05,3.410083081689663e-05,0.004433368332684,0.0042187771759927,0.9997605085372924,0.9997884035110474,812.0,1150.0,26722.62,0.073906235396862,0.0735222473740577,0.0741072446107864
1.0,qlstm_linear_enhanced_paper,original_3,henon_1000,0.0,0.001,6.0,16.0,16.0,4.0,64.0,0.0014856586931273,0.0010712170042097,0.024528918787837,0.0217105541378259,0.9907652735710144,0.9933010339736938,812.0,2975.0,67019.49,0.0723872430622577,0.0753776282072067,0.0759211629629135
1.0,qlstm_linear_enhanced_paper,original_1,henon_1000,0.0,0.001,6.0,32.0,4.0,1.0,64.0,5.793839591206051e-06,5.245312422630377e-06,0.0018670902354642,0.0017609748756513,0.9999641180038452,0.9999673366546632,1244.0,1118.0,3740.62,0.0088713774923235,0.0085984859615564,0.0094462167471647
1.0,qlstm_linear_enhanced_paper,original_1,henon_1000,0.0,0.001,6.0,32.0,4.0,2.0,64.0,7.042870856821537e-05,7.25125428289175e-05,0.0059867915697395,0.0060079949907958,0.9995648264884948,0.999548077583313,1244.0,1426.0,4795.53,0.068037175387144,0.0677331760525703,0.0693767070770263
1.0,qlstm_linear_enhanced_paper,original_1,henon_1000,0.0,0.001,6.0,32.0,4.0,4.0,64.0,0.0008670361130498,0.0009249396971426,0.0183122046291828,0.0194677971303462,0.9946020245552064,0.9941915273666382,1244.0,3669.0,11041.59,0.0756041396409273,0.0742632523179054,0.0755290016531944
1.0,qlstm_linear_enhanced_paper,original_1,henon_1000,0.0,0.001,6.0,32.0,8.0,1.0,64.0,5.017575404053787e-06,4.938529400533298e-06,0.0017149791819974,0.001707985647954,0.9999690651893616,0.9999695420265198,1244.0,1192.0,9050.3,0.0066058949101716,0.0066374177113175,0.0067680673673748
1.0,qlstm_linear_enhanced_paper,original_1,henon_1000,0.0,0.001,6.0,32.0,8.0,2.0,64.0,2.4876670067897063e-05,2.795150430756621e-05,0.003358747344464,0.0036478056572377,0.9998485445976256,0.999830424785614,1244.0,1807.0,11458.05,0.071862893551588,0.0739102140069007,0.0756089985370636
1.0,qlstm_linear_enhanced_paper,original_1,henon_1000,0.0,0.001,6.0,32.0,8.0,4.0,64.0,0.000264727656031,0.0002224536583526,0.0113049652427434,0.0105667086318135,0.998366355895996,0.9986243844032288,1244.0,5118.0,29959.09,0.0758628472685813,0.0747452676296234,0.0760736912488937
1.0,qlstm_linear_enhanced_paper,original_1,henon_1000,0.0,0.001,6.0,32.0,16.0,1.0,64.0,2.108241687892587e-06,2.098092409141828e-06,0.0011846491834148,0.0011790550779551,0.9999880790710448,0.9999884366989136,1244.0,1155.0,14404.71,0.0242247337475419,0.0228510163724422,0.0245384834706783
1.0,qlstm_linear_enhanced_paper,original_1,henon_1000,0.0,0.001,6.0,32.0,16.0,2.0,64.0,1.6297972251777537e-05,1.6544392565265298e-05,0.0027401659172028,0.0028544184751808,0.9998993873596193,0.9998989105224608,1244.0,1662.0,21750.26,0.0732951894402504,0.0758796408772468,0.0778095498681068
1.0,qlstm_linear_enhanced_paper,original_1,henon_1000,0.0,0.001,6.0,32.0,16.0,4.0,64.0,0.0571883209049701,0.0563883185386657,0.1950131803750991,0.1949073672294616,0.5367333889007568,0.5427607297897339,1244.0,773.0,11190.49,0.0720768202096223,0.0740290731191635,0.0746830403804779
1.0,qlstm_linear_enhanced_paper,original_2,henon_1000,0.0,0.001,6.0,32.0,4.0,1.0,64.0,1.9782091840170324e-06,1.860548081822344e-06,0.0011010799789801,0.001033948152326,0.999988853931427,0.9999892711639404,1316.0,1221.0,5537.04,0.0027178782736882,0.0026695679407566,0.0027889548800885
1.0,qlstm_linear_enhanced_paper,original_2,henon_1000,0.0,0.001,6.0,32.0,4.0,2.0,64.0,1.2110785064578522e-05,1.1658597031782849e-05,0.0026142140850424,0.0026628479827195,0.9999266266822816,0.9999285340309144,1316.0,1291.0,5997.07,0.056059368699789,0.0538648478686809,0.0562359094619751
1.0,qlstm_linear_enhanced_paper,original_2,henon_1000,0.0,0.001,6.0,32.0,4.0,4.0,64.0,0.0031559485942125,0.0027869662735611,0.0363411717116832,0.0358299016952514,0.9802618026733398,0.982411563396454,1316.0,4226.0,18276.2,0.0749459162354469,0.0736019238829612,0.0749290585517883
1.0,qlstm_linear_enhanced_paper,original_2,henon_1000,0.0,0.001,6.0,32.0,8.0,1.0,64.0,2.783876652756589e-06,2.788102847262053e-06,0.0012895422987639,0.0013047259999439,0.999983012676239,0.9999827146530152,1316.0,1221.0,11059.55,0.0042025437578558,0.0041982964612543,0.0047005857340991
,,,,,,,,,,,,,,,,,,,,,,
1.0,qlstm_linear_enhanced_paper,original_2,henon_1000,0.0,0.001,6.0,32.0,8.0,4.0,64.0,0.0047537693753838,0.0020409326534718,0.0353132337331771,0.0308664068579673,0.9707339406013488,0.987159550189972,1316.0,3712.0,31414.1,0.0747392289340496,0.0736946910619735,0.0749771296977996
1.0,qlstm_linear_enhanced_paper,original_2,henon_1000,0.0,0.001,6.0,32.0,16.0,1.0,64.0,2.661319058461231e-06,2.2581571101909503e-06,0.001166119123809,0.0010966836707666,0.9999837875366212,0.9999860525131226,1316.0,1182.0,21611.74,0.0038821050198748,0.0038949493318796,0.0043497956357896
1.0,qlstm_linear_enhanced_paper,original_2,henon_1000,0.0,0.001,6.0,32.0,16.0,2.0,64.0,1.044040618580766e-05,9.946373211278114e-06,0.0022175568155944,0.0021712940651923,0.9999359250068665,0.99993896484375,1316.0,1472.0,26124.23,0.0313656724989414,0.0296299122273921,0.031183797866106
1.0,qlstm_linear_enhanced_paper,original_2,henon_1000,0.0,0.001,6.0,32.0,16.0,4.0,64.0,0.0005607695202343,0.0004916778998449,0.0147462282329797,0.0142815141007304,0.9965115189552308,0.9969252943992616,1316.0,3198.0,55330.27,0.0719520132988691,0.0738542005419731,0.0744958221912384
1.0,qlstm_linear_enhanced_paper,original_3,henon_1000,0.0,0.001,6.0,32.0,4.0,1.0,64.0,4.409430857776897e-06,4.167873157712165e-06,0.001602298929356,0.0015885332832112,0.999975323677063,0.999976396560669,1388.0,1255.0,7506.91,0.0038836460327729,0.0036010681651532,0.0039126011542975
1.0,qlstm_linear_enhanced_paper,original_3,henon_1000,0.0,0.001,6.0,32.0,4.0,2.0,64.0,3.537770680850372e-05,3.1250074243871495e-05,0.0034420164301991,0.0034217028878629,0.9997844696044922,0.9998056888580322,1388.0,1670.0,9758.27,0.0722995918244123,0.0725867673754692,0.0738923847675323
1.0,qlstm_linear_enhanced_paper,original_3,henon_1000,0.0,0.001,6.0,32.0,4.0,4.0,64.0,0.0027466677129268,0.0016263750148937,0.0309752058237791,0.0285374317318201,0.9828181862831116,0.9899144768714904,1388.0,3343.0,31595.77,0.0752085663378238,0.0738800913095474,0.0752078294754028
,,,,,,,,,,,,,,,,,,,,,,
1.0,qlstm_linear_enhanced_paper,original_3,henon_1000,0.0,0.001,6.0,32.0,8.0,2.0,64.0,4.7878864279482514e-05,4.225150041747838e-05,0.0047283302992582,0.0048813456669449,0.9997258186340332,0.9997482895851136,1388.0,1239.0,14483.27,0.0648566298186779,0.0616488493978977,0.0641283020377159
1.0,qlstm_linear_enhanced_paper,original_3,henon_1000,0.0,0.001,6.0,32.0,8.0,4.0,64.0,0.0132299344986677,0.0072012753225862,0.0628695413470268,0.0527947731316089,0.916209042072296,0.95393168926239,1388.0,2224.0,24707.02,0.0748225510120391,0.0734695270657539,0.0748664289712905
1.0,qlstm_linear_enhanced_paper,original_3,henon_1000,0.0,0.001,6.0,32.0,16.0,1.0,64.0,4.673177954828134e-06,4.675127456721384e-06,0.0017579175764694,0.0017820061184465,0.999971091747284,0.9999710321426392,1388.0,1120.0,27380.81,0.0037460718536749,0.0036555007100105,0.0038658822886645
1.0,qlstm_linear_enhanced_paper,original_3,henon_1000,0.0,0.001,6.0,32.0,16.0,2.0,64.0,3.0143231924739663e-05,3.220323924324475e-05,0.0038892996963113,0.0042970683425664,0.9998142123222352,0.9998018741607666,1388.0,996.0,40614.47,0.0713593006134033,0.0714984387159347,0.0727059692144393
1.0,qlstm_linear_enhanced_paper,original_3,henon_1000,0.0,0.001,6.0,32.0,16.0,4.0,64.0,0.0418032296001911,0.033992014825344,0.1611732840538025,0.1439286917448043,0.6931179761886597,0.758582592010498,1388.0,765.0,18355.92,0.0722221527248621,0.0733831524848938,0.0741080194711685
1.0,qlstm_linear_enhanced_paper,original_1,henon_1000,1.0,0.001,6.0,8.0,4.0,1.0,64.0,5.1218949010944925e-06,5.060871444584336e-06,0.001756796031259,0.0017591207288205,0.9999682307243348,0.9999684691429138,380.0,2213.0,6984.58,0.0205193616449832,0.0199292544275522,0.020145047456026
1.0,qlstm_linear_enhanced_paper,original_1,henon_1000,1.0,0.001,6.0,8.0,4.0,2.0,64.0,1.0445414773130324e-05,1.038658865581965e-05,0.0023185613099485,0.0024100197479128,0.9999353289604188,0.999935507774353,380.0,2127.0,6702.5,0.0742675200104713,0.0730033814907074,0.0740702748298645
1.0,qlstm_linear_enhanced_paper,original_1,henon_1000,1.0,0.001,6.0,8.0,4.0,4.0,64.0,0.0011034307535737,0.0010534431785345,0.0229463689029216,0.0235564410686492,0.9931594729423524,0.993376851081848,380.0,5518.0,17186.01,0.0740383028984069,0.0737178027629852,0.0748703181743621
,,,,,,,,,,,,,,,,,,,,,,
,,,,,,,,,,,,,,,,,,,,,,
1.0,qlstm_linear_enhanced_paper,original_1,henon_1000,1.0,0.001,6.0,8.0,8.0,4.0,64.0,0.0023397940676659,0.0050452081486582,0.0316027142107486,0.0358328595757484,0.9854661226272584,0.9681561589241028,380.0,3367.0,20364.66,0.0729110598564148,0.073122426867485,0.0745109021663665
1.0,qlstm_linear_enhanced_paper,original_1,henon_1000,1.0,0.001,6.0,8.0,16.0,1.0,64.0,7.665906309739512e-07,7.040433160909743e-07,0.0007024808437563,0.0006796537782065,0.9999952912330629,0.9999957084655762,380.0,1993.0,23934.75,0.031483064033091,0.0314436480402946,0.0319364480674266
1.0,qlstm_linear_enhanced_paper,original_1,henon_1000,1.0,0.001,6.0,8.0,16.0,2.0,64.0,1.8199041733169e-05,1.5992412954801694e-05,0.0030248588882386,0.0030483431182801,0.9998879432678224,0.9999008178710938,380.0,2263.0,26907.88,0.0729771889746189,0.0742954164743423,0.0747582167387008
1.0,qlstm_linear_enhanced_paper,original_1,henon_1000,1.0,0.001,6.0,8.0,16.0,4.0,64.0,0.0008271083352155,0.0007689119083806,0.0194061547517776,0.0189171489328145,0.9948748350143432,0.9951929450035096,380.0,8123.0,93086.66,0.0748977363109588,0.073931984603405,0.0746310353279113
,,,,,,,,,,,,,,,,,,,,,,
1.0,qlstm_linear_enhanced_paper,original_2,henon_1000,1.0,0.001,6.0,8.0,4.0,2.0,64.0,2.9852108127670363e-05,2.921638952102512e-05,0.0038866461254656,0.0039676059968769,0.9998182654380798,0.9998192191123962,452.0,1627.0,6836.3,0.0577136047184467,0.0555077567696571,0.0582640282809734
1.0,qlstm_linear_enhanced_paper,original_2,henon_1000,1.0,0.001,6.0,8.0,4.0,4.0,64.0,0.0010412734700366,0.0009581393678672,0.0218780767172575,0.0212866347283124,0.9935625791549684,0.994009792804718,452.0,2780.0,11606.09,0.07372382953763,0.0732072293758392,0.0744422003626823
1.0,qlstm_linear_enhanced_paper,original_2,henon_1000,1.0,0.001,6.0,8.0,8.0,1.0,64.0,5.591152330453042e-06,5.018025603931164e-06,0.0018068577628582,0.001703085610643,0.999965488910675,0.9999687075614928,452.0,1581.0,13868.59,0.0223656520247459,0.0211008694022893,0.022222289815545
1.0,qlstm_linear_enhanced_paper,original_2,henon_1000,1.0,0.001,6.0,8.0,8.0,2.0,64.0,3.6665900552179664e-05,4.0132072172127664e-05,0.0044431304559111,0.0046125114895403,0.9997733235359192,0.9997495412826538,452.0,1659.0,14284.1,0.0684361476451158,0.0637268275022506,0.0660242810845375
1.0,qlstm_linear_enhanced_paper,original_2,henon_1000,1.0,0.001,6.0,8.0,8.0,4.0,64.0,0.0021169122774153,0.0021866688039153,0.0307320244610309,0.0293029025197029,0.986812710762024,0.9862497448921204,452.0,2225.0,18863.74,0.0747767433524131,0.0752223506569862,0.0764524713158607
1.0,qlstm_linear_enhanced_paper,original_2,henon_1000,1.0,0.001,6.0,8.0,16.0,1.0,64.0,2.0905263227177784e-06,1.895358991532703e-06,0.0010740488069131,0.0010244384175166,0.9999873042106628,0.9999886751174928,452.0,1526.0,27352.74,0.0061243772972375,0.0058409059420228,0.0063181179575622
,,,,,,,,,,,,,,,,,,,,,,
,,,,,,,,,,,,,,,,,,,,,,
1.0,qlstm_linear_enhanced_paper,original_3,henon_1000,1.0,0.001,6.0,8.0,4.0,1.0,64.0,1.7916161141329212e-06,1.6992777318591834e-06,0.0010483395308256,0.0010261909337714,0.9999889731407166,0.9999895691871644,524.0,1844.0,19343.43,0.0072901778854429,0.0069525009021162,0.0075738299638032
1.0,qlstm_linear_enhanced_paper,original_3,henon_1000,1.0,0.001,6.0,8.0,4.0,2.0,64.0,1.3845510693499818e-05,1.5860590792726725e-05,0.0026928929146379,0.0028868147637695,0.9999143481254578,0.999901294708252,524.0,2043.0,11048.67,0.0768735781311988,0.0756155923008918,0.0763742327690124
1.0,qlstm_linear_enhanced_paper,original_3,henon_1000,1.0,0.001,6.0,8.0,4.0,4.0,64.0,0.0007740772562101,0.0007808871450833,0.0185010209679603,0.0185357425361871,0.995178759098053,0.9951112270355223,524.0,5250.0,28098.73,0.0760136239230632,0.0760018527507782,0.0769277140498161
1.0,qlstm_linear_enhanced_paper,original_3,henon_1000,1.0,0.001,6.0,8.0,8.0,1.0,64.0,3.2134987577592256e-06,2.981877742058714e-06,0.0013174865162,0.001281438046135,0.9999813437461852,0.9999819993972778,524.0,1563.0,18142.54,0.009797711065039,0.0097308810800313,0.010614288970828
1.0,qlstm_linear_enhanced_paper,original_3,henon_1000,1.0,0.001,6.0,8.0,8.0,2.0,64.0,1.668440381763503e-05,1.4934411410649773e-05,0.0028847455978393,0.0029252730309963,0.999899446964264,0.9999071955680848,524.0,1637.0,18879.08,0.075437032058835,0.0735421404242515,0.074562169611454
,,,,,,,,,,,,,,,,,,,,,,
1.0,qlstm_linear_enhanced_paper,original_3,henon_1000,1.0,0.001,6.0,8.0,16.0,1.0,64.0,6.493077080449439e-07,6.358940822792647e-07,0.0006602025241591,0.0006523439660668,0.9999961256980896,0.9999960064888,524.0,1649.0,58207.73,0.0270630894228816,0.0267756674438714,0.0276324730366468
1.0,qlstm_linear_enhanced_paper,original_3,henon_1000,1.0,0.001,6.0,8.0,16.0,2.0,64.0,3.59377299901098e-05,4.451529821380973e-05,0.0042009567841887,0.0046225977130234,0.9997864961624146,0.9997252821922302,524.0,1731.0,59727.42,0.07380864135921,0.075562298297882,0.0758693739771843
1.0,qlstm_linear_enhanced_paper,original_3,henon_1000,1.0,0.001,6.0,8.0,16.0,4.0,64.0,0.0038786116056144,0.0037185044493526,0.0434258244931697,0.0408740825951099,0.97555410861969,0.976636528968811,524.0,1851.0,42332.27,0.0787273772060871,0.0773176252841949,0.0778854489326477
1.0,qlstm_linear_enhanced_paper,original_1,henon_1000,1.0,0.001,6.0,16.0,4.0,1.0,64.0,4.74576927445014e-06,4.29244983024546e-06,0.0015125640202313,0.0014949640026316,0.9999706149101256,0.9999731183052064,668.0,1513.0,8303.87,0.0177987601608037,0.0169069766998291,0.0185932461172342
1.0,qlstm_linear_enhanced_paper,original_1,henon_1000,1.0,0.001,6.0,16.0,4.0,2.0,64.0,2.954969932034146e-05,2.7189309548703026e-05,0.0038710059598088,0.003738516010344,0.9998173117637634,0.9998297095298768,668.0,2132.0,6261.83,0.0743492808192968,0.0734351575374603,0.0744200497865676
1.0,qlstm_linear_enhanced_paper,original_1,henon_1000,1.0,0.001,6.0,16.0,4.0,4.0,64.0,0.0006165073136799,0.000617672863882,0.0173865519464015,0.0175408776849508,0.9962490797042848,0.9961546659469604,668.0,4027.0,11977.23,0.0743097603321075,0.0740079134702682,0.0751533880829811
1.0,qlstm_linear_enhanced_paper,original_1,henon_1000,1.0,0.001,6.0,16.0,8.0,1.0,64.0,5.697852429875638e-06,5.091047114547109e-06,0.0018202201463282,0.0017874020850285,0.9999681115150452,0.9999698400497437,668.0,1428.0,8922.1,0.0194573638029396,0.0183681976050138,0.0197508782148361
1.0,qlstm_linear_enhanced_paper,original_1,henon_1000,1.0,0.001,6.0,16.0,8.0,2.0,64.0,2.334325290576089e-05,2.0180885258014317e-05,0.0039106723852455,0.0034790872596204,0.9998565912246704,0.999874234199524,668.0,2233.0,13163.47,0.0759828694164753,0.0745918452739715,0.0757927373051643
1.0,qlstm_linear_enhanced_paper,original_1,henon_1000,1.0,0.001,6.0,16.0,8.0,4.0,64.0,0.0071451356634497,0.0013848267262801,0.0338974744081497,0.025663761422038,0.9565833806991576,0.9913151860237122,668.0,2943.0,17200.9,0.0732512734830379,0.0734253525733947,0.0748334303498268
1.0,qlstm_linear_enhanced_paper,original_1,henon_1000,1.0,0.001,6.0,16.0,16.0,1.0,64.0,8.36695107864216e-07,7.244236144288152e-07,0.0006736014038324,0.0006490887026302,0.9999948740005492,0.999995768070221,668.0,1398.0,17220.97,0.0218038139864802,0.0216303672641515,0.0229948665946722
1.0,qlstm_linear_enhanced_paper,original_1,henon_1000,1.0,0.001,6.0,16.0,16.0,2.0,64.0,7.444357834174298e-06,7.013988124526804e-06,0.0020514409989118,0.002060645725578,0.9999542236328124,0.9999564290046692,668.0,1937.0,23897.33,0.0754333853721618,0.0768365338444709,0.077193945646286
1.0,qlstm_linear_enhanced_paper,original_1,henon_1000,1.0,0.001,6.0,16.0,16.0,4.0,64.0,0.0026713858824223,0.0035189955960959,0.0363268293440341,0.0405075252056121,0.9832464456558228,0.9777808785438538,668.0,2730.0,33514.19,0.0738812666386365,0.0727511942386627,0.0735668241977691
1.0,qlstm_linear_enhanced_paper,original_2,henon_1000,1.0,0.001,6.0,16.0,4.0,1.0,64.0,1.214441795127641e-06,1.1909028216905426e-06,0.0008262560586445,0.0008155458490364,0.9999926686286926,0.999992609024048,740.0,1552.0,6855.31,0.0079333053901791,0.0074528018012642,0.0081766908988356
1.0,qlstm_linear_enhanced_paper,original_2,henon_1000,1.0,0.001,6.0,16.0,4.0,2.0,64.0,2.874097481253557e-05,2.975077040900942e-05,0.0039391294121742,0.0040202322416007,0.999822199344635,0.9998137354850768,740.0,1657.0,13220.3,0.0379523426294326,0.0359944701194763,0.0378771536052227
1.0,qlstm_linear_enhanced_paper,original_2,henon_1000,1.0,0.001,6.0,16.0,4.0,4.0,64.0,0.0008424769621342,0.0010274728992953,0.0187908373773098,0.0213513597846031,0.9947819709777832,0.9935487508773804,740.0,4304.0,30201.92,0.0750339388847351,0.0750165581703186,0.0760037451982498
1.0,qlstm_linear_enhanced_paper,original_2,henon_1000,1.0,0.001,6.0,16.0,8.0,1.0,64.0,2.389546807535225e-06,2.392885107838083e-06,0.0012149463873356,0.0011858243960887,0.9999857544898988,0.9999852180480956,740.0,1459.0,12701.26,0.0124054522719234,0.0123462891206145,0.0131876710802316
1.0,qlstm_linear_enhanced_paper,original_2,henon_1000,1.0,0.001,6.0,16.0,8.0,2.0,64.0,3.384410229045898e-05,3.736520011443645e-05,0.003709124866873,0.0042110220529139,0.9997906684875488,0.9997687339782716,740.0,1209.0,10810.04,0.0719955876469612,0.0688750073313713,0.0703509077429771
1.0,qlstm_linear_enhanced_paper,original_2,henon_1000,1.0,0.001,6.0,16.0,8.0,4.0,64.0,0.0244812965393066,0.02077317237854,0.1062294542789459,0.0991248711943626,0.8374943137168884,0.8603628873825073,740.0,2390.0,20417.4,0.0743140928447246,0.0747939944267273,0.0759684070944786
1.0,qlstm_linear_enhanced_paper,original_2,henon_1000,1.0,0.001,6.0,16.0,16.0,1.0,64.0,4.0928916860139e-06,4.157268449489493e-06,0.0016050873091444,0.0016438009915873,0.9999748468399048,0.9999741315841676,740.0,1590.0,28145.39,0.0300067858770489,0.0297099947929382,0.0307493042200803
1.0,qlstm_linear_enhanced_paper,original_2,henon_1000,1.0,0.001,6.0,16.0,16.0,2.0,64.0,1.4420586012420245e-05,1.305444038735004e-05,0.0027534700930118,0.0026953944470733,0.9999130964279176,0.9999195337295532,740.0,1327.0,36257.29,0.049231332167983,0.046798039227724,0.0489400401711463
1.0,qlstm_linear_enhanced_paper,original_2,henon_1000,1.0,0.001,6.0,16.0,16.0,4.0,64.0,0.0021910346113145,0.0018274281173944,0.0321491211652755,0.0306052267551422,0.986295223236084,0.9885082244873048,740.0,2854.0,72969.24,0.0742712989449501,0.0733006075024604,0.0740015283226966
1.0,qlstm_linear_enhanced_paper,original_3,henon_1000,1.0,0.001,6.0,16.0,4.0,1.0,64.0,1.5877973282840685e-06,1.4471684153249953e-06,0.0009780983673408,0.0009544268832542,0.9999903440475464,0.9999911785125732,812.0,1374.0,7465.59,0.0148726352490484,0.0138423992320895,0.0150459995493292
1.0,qlstm_linear_enhanced_paper,original_3,henon_1000,1.0,0.001,6.0,16.0,4.0,2.0,64.0,1.3169432349968702e-05,1.2557076843222603e-05,0.0025113588199019,0.0024612669367343,0.9999195337295532,0.999922215938568,812.0,1320.0,13259.34,0.046415926888585,0.043452899903059,0.0458760857582092
1.0,qlstm_linear_enhanced_paper,original_3,henon_1000,1.0,0.001,6.0,16.0,4.0,4.0,64.0,0.0010968793649226,0.0010925100650638,0.022625034675002,0.0225581768900156,0.993233561515808,0.9931501746177672,812.0,6036.0,32091.15,0.0738652735948562,0.0731909051537513,0.0744999125599861
1.0,qlstm_linear_enhanced_paper,original_3,henon_1000,1.0,0.001,6.0,16.0,8.0,1.0,64.0,2.5461406494287075e-06,2.66222377831582e-06,0.0012386738089844,0.0012761736288666,0.9999853372573853,0.9999843835830688,812.0,1403.0,15935.45,0.0151114623062312,0.014601563103497,0.0156868211925029
1.0,qlstm_linear_enhanced_paper,original_3,henon_1000,1.0,0.001,6.0,16.0,8.0,2.0,64.0,1.2577387678902596e-05,1.2533260814961976e-05,0.0025556187611073,0.0026447132695466,0.9999237060546876,0.9999220371246338,812.0,1137.0,13024.12,0.0304085301235318,0.0280640888959169,0.0295292288064956
1.0,qlstm_linear_enhanced_paper,original_3,henon_1000,1.0,0.001,6.0,16.0,8.0,4.0,64.0,0.0027070383075624,0.0021303314715623,0.0361956842243671,0.0328917950391769,0.9831098318099976,0.9866545796394348,812.0,2947.0,32263.29,0.0739551492035388,0.074416771531105,0.0756571963429451
1.0,qlstm_linear_enhanced_paper,original_3,henon_1000,1.0,0.001,6.0,16.0,16.0,1.0,64.0,2.419219526927918e-06,2.161210204576492e-06,0.0012346167350187,0.0011819521896541,0.9999852180480956,0.9999869465827942,812.0,1467.0,52614.05,0.0070637083612382,0.0069185136817395,0.0076273698359727
1.0,qlstm_linear_enhanced_paper,original_3,henon_1000,1.0,0.001,6.0,16.0,16.0,2.0,64.0,0.0001473128650104,0.0001466685062041,0.0083060711622238,0.0080780973657965,0.999092698097229,0.9990857839584352,812.0,629.0,24492.68,0.0543923381716012,0.0531993843615055,0.0554656349122524
,,,,,,,,,,,,,,,,,,,,,,
1.0,qlstm_linear_enhanced_paper,original_1,henon_1000,1.0,0.001,6.0,32.0,4.0,1.0,64.0,2.734105009949417e-06,2.415858716631192e-06,0.0012530918465927,0.0012151413829997,0.9999831318855286,0.9999849200248718,1244.0,1332.0,3926.4,0.0058081426657736,0.0056780069135129,0.0062660025432705
1.0,qlstm_linear_enhanced_paper,original_1,henon_1000,1.0,0.001,6.0,32.0,4.0,2.0,64.0,1.0451331036165357e-05,1.1422643183323087e-05,0.002405981067568,0.0024781851097941,0.9999359846115112,0.9999303817749025,1244.0,1453.0,7978.25,0.0657847557216882,0.0641437321901321,0.0663942396640777
1.0,qlstm_linear_enhanced_paper,original_1,henon_1000,1.0,0.001,6.0,32.0,4.0,4.0,64.0,0.0012450247304514,0.0012840210692957,0.0255948882550001,0.0251644290983676,0.9922723770141602,0.9919471740722656,1244.0,4370.0,12715.28,0.0743620529770851,0.0739224776625633,0.0751790478825569
,,,,,,,,,,,,,,,,,,,,,,
,,,,,,,,,,,,,,,,,,,,,,
,,,,,,,,,,,,,,,,,,,,,,
,,,,,,,,,,,,,,,,,,,,,,
1.0,qlstm_linear_enhanced_paper,original_1,henon_1000,1.0,0.001,6.0,32.0,16.0,2.0,64.0,1.8407821698929183e-05,1.57726517500123e-05,0.0030076855327934,0.0028074847068637,0.999887764453888,0.9999019503593444,1244.0,1726.0,20974.93,0.0718361791223287,0.0741785317659378,0.0752410069108009
1.0,qlstm_linear_enhanced_paper,original_1,henon_1000,1.0,0.001,6.0,32.0,16.0,4.0,64.0,0.0026094624772667,0.0027606419753283,0.0336954556405544,0.0356500335037708,0.983790636062622,0.9832751154899596,1244.0,3131.0,37245.06,0.0746316604316234,0.0736169293522834,0.0742926001548767
,,,,,,,,,,,,,,,,,,,,,,
,,,,,,,,,,,,,,,,,,,,,,
,,,,,,,,,,,,,,,,,,,,,,
1.0,qlstm_linear_enhanced_paper,original_2,henon_1000,1.0,0.001,6.0,32.0,8.0,1.0,64.0,4.047002221341245e-06,4.218911726638908e-06,0.0016427872469648,0.0016745700268074,0.9999761581420898,0.9999751448631288,1316.0,1025.0,9157.95,0.0010661762498784,0.0009661331423558,0.0011294307187199
,,,,,,,,,,,,,,,,,,,,,,
1.0,qlstm_linear_enhanced_paper,original_2,henon_1000,1.0,0.001,6.0,32.0,8.0,4.0,64.0,0.0019018155289813,0.0011755685554817,0.0274445656687021,0.023738007992506,0.9881800413131714,0.9926130771636964,1316.0,3571.0,29924.22,0.0733120180666446,0.0734572932124137,0.0748662278056144
1.0,qlstm_linear_enhanced_paper,original_2,henon_1000,1.0,0.001,6.0,32.0,16.0,1.0,64.0,4.206140147289261e-06,3.974928404204547e-06,0.0015629029367119,0.0014880169183015,0.9999749660491944,0.9999760389328004,1316.0,1177.0,20638.44,0.0008961017301771,0.000903864740394,0.0009951416868716
1.0,qlstm_linear_enhanced_paper,original_2,henon_1000,1.0,0.001,6.0,32.0,16.0,2.0,64.0,3.932179242838174e-05,4.7753423132235184e-05,0.0046578212641179,0.0049462490715086,0.9997596740722656,0.9997067451477052,1316.0,655.0,11508.81,0.0059557253029197,0.0059467898681759,0.0064705656841397
1.0,qlstm_linear_enhanced_paper,original_2,henon_1000,1.0,0.001,6.0,32.0,16.0,4.0,64.0,0.0025818708818405,0.0007022310746833,0.0195418931543827,0.0173080470412969,0.9839377999305724,0.9956279397010804,1316.0,3374.0,57285.85,0.0733724053949117,0.072208747267723,0.0729863047599792
1.0,qlstm_linear_enhanced_paper,original_3,henon_1000,1.0,0.001,6.0,32.0,4.0,1.0,64.0,2.4659991595399333e-06,2.3933439479151275e-06,0.0012348719174042,0.001233342452906,0.9999862313270568,0.999986171722412,1388.0,1305.0,6983.21,0.007164871552959,0.0067272731103003,0.0072536799125373
1.0,qlstm_linear_enhanced_paper,original_3,henon_1000,1.0,0.001,6.0,32.0,4.0,2.0,64.0,2.678354394447524e-05,2.5961839128285646e-05,0.0038908780552446,0.003836974967271,0.9998456239700316,0.9998423457145692,1388.0,1641.0,9319.88,0.0743925243616104,0.073961041867733,0.075074702501297
1.0,qlstm_linear_enhanced_paper,original_3,henon_1000,1.0,0.001,6.0,32.0,4.0,4.0,64.0,0.0001341566094197,0.0001426907983841,0.0083111831918358,0.008821502327919,0.999175786972046,0.9991077780723572,1388.0,4478.0,24132.76,0.0750531651079654,0.0749405696988105,0.0759895294904708
,,,,,,,,,,,,,,,,,,,,,,
,,,,,,,,,,,,,,,,,,,,,,
1.0,qlstm_linear_enhanced_paper,original_3,henon_1000,1.0,0.001,6.0,32.0,8.0,4.0,64.0,0.0018167699454352,0.0009524312918074,0.0230416040867567,0.0208489727228879,0.9887378215789796,0.9940270781517028,1388.0,3576.0,39188.44,0.0731534175574779,0.0731252580881118,0.0745338350534439
1.0,qlstm_linear_enhanced_paper,original_3,henon_1000,1.0,0.001,6.0,32.0,16.0,1.0,64.0,4.082667601323919e-06,4.276575054973364e-06,0.0016315866960212,0.0016595906345173,0.9999749660491944,0.999973714351654,1388.0,1212.0,27732.0,0.0148148339241743,0.0145749039947986,0.0159304793924093
1.0,qlstm_linear_enhanced_paper,original_3,henon_1000,1.0,0.001,6.0,32.0,16.0,2.0,64.0,1.722586057439912e-05,1.667674041527789e-05,0.0029641734436154,0.002863171743229,0.999893844127655,0.9998967051506042,1388.0,1208.0,27768.64,0.0372863005846738,0.036401130259037,0.0384973585605621
1.0,qlstm_linear_enhanced_paper,original_3,henon_1000,1.0,0.001,6.0,32.0,16.0,4.0,64.0,0.0002646970096975,0.0002651989343576,0.0121442759409546,0.0124995429068803,0.9983550310134888,0.9983413219451904,1388.0,2107.0,46660.94,0.0754739582538604,0.0744119212031364,0.0750194191932678
1.0,qlstm_linear_enhanced_paper,original_1,henon_1000,2.0,0.001,6.0,8.0,4.0,1.0,64.0,6.096096058172407e-06,5.908018010813976e-06,0.0019465490477159,0.0019184529082849,0.9999630451202391,0.9999635219573976,380.0,1707.0,5110.07,0.030452874302864,0.0285874754190444,0.0297889318317174
,,,,,,,,,,,,,,,,,,,,,,
,,,,,,,,,,,,,,,,,,,,,,
1.0,qlstm_linear_enhanced_paper,original_1,henon_1000,2.0,0.001,6.0,8.0,8.0,1.0,64.0,1.7927070530276978e-06,1.8413994666843791e-06,0.0010072083678096,0.001029702485539,0.9999892711639404,0.9999889135360718,380.0,2063.0,12378.66,0.0322364840656518,0.0309203639626503,0.0322472564876079
,,,,,,,,,,,,,,,,,,,,,,
,,,,,,,,,,,,,,,,,,,,,,
,,,,,,,,,,,,,,,,,,,,,,
1.0,qlstm_linear_enhanced_paper,original_1,henon_1000,2.0,0.001,6.0,8.0,16.0,2.0,64.0,2.5233544874936346e-05,2.159348150598817e-05,0.0036867600865662,0.0035588364116847,0.9998459815979004,0.9998674988746644,380.0,2159.0,26284.86,0.0744462944567203,0.073602981865406,0.0744166523218154
1.0,qlstm_linear_enhanced_paper,original_1,henon_1000,2.0,0.001,6.0,8.0,16.0,4.0,64.0,0.0005879148375242,0.0005233016563579,0.0158814098685979,0.0147557742893695,0.996349573135376,0.9967199563980104,380.0,5960.0,69777.56,0.0756515897810459,0.0739622116088867,0.0746235474944114
1.0,qlstm_linear_enhanced_paper,original_2,henon_1000,2.0,0.001,6.0,8.0,4.0,1.0,64.0,2.723029638218577e-06,2.733746441663243e-06,0.0012858770787715,0.001273967558518,0.9999843835830688,0.9999837875366212,452.0,1960.0,8141.88,0.0246485499665141,0.0232227984815835,0.0247232299298048
1.0,qlstm_linear_enhanced_paper,original_2,henon_1000,2.0,0.001,6.0,8.0,4.0,2.0,64.0,9.575951480655933e-06,1.1633261237875558e-05,0.0022673676721751,0.0024487618356943,0.9999405741691588,0.9999275207519532,452.0,2600.0,11176.66,0.0750452883541584,0.0743336752057075,0.0752911567687988
,,,,,,,,,,,,,,,,,,,,,,
1.0,qlstm_linear_enhanced_paper,original_2,henon_1000,2.0,0.001,6.0,8.0,8.0,1.0,64.0,3.601295020416728e-06,3.559663127816748e-06,0.0014640552690252,0.001448071678169,0.9999775290489196,0.9999780654907228,452.0,1582.0,13858.24,0.0195826325565576,0.0189467929303646,0.0202332213521003
1.0,qlstm_linear_enhanced_paper,original_2,henon_1000,2.0,0.001,6.0,8.0,8.0,2.0,64.0,1.2404242625052577e-05,1.4315633052319754e-05,0.0026741130277514,0.0028566063847392,0.9999235272407532,0.9999107718467712,452.0,1591.0,13969.46,0.0431964881718158,0.0421385653316974,0.0443939454853534
1.0,qlstm_linear_enhanced_paper,original_2,henon_1000,2.0,0.001,6.0,8.0,8.0,4.0,64.0,0.0004668098408728,0.0003370829217601,0.0145760457962751,0.0139846438542008,0.9971305131912231,0.997907817363739,452.0,6436.0,52994.57,0.0746899999678134,0.0753730088472366,0.0765130743384361
1.0,qlstm_linear_enhanced_paper,original_2,henon_1000,2.0,0.001,6.0,8.0,16.0,1.0,64.0,3.6678372907772423e-06,3.296911700090277e-06,0.001515103271231,0.0014563067816197,0.9999781250953674,0.999979853630066,452.0,1207.0,21101.67,0.0215701192617416,0.0199559219181537,0.0215776711702346
1.0,qlstm_linear_enhanced_paper,original_2,henon_1000,2.0,0.001,6.0,8.0,16.0,2.0,64.0,3.242611273890361e-05,4.65109187643975e-05,0.0040233056060969,0.0045737251639366,0.9997999668121338,0.9997105598449708,452.0,1484.0,25425.71,0.0741463519632816,0.073474571108818,0.0742127895355224
,,,,,,,,,,,,,,,,,,,,,,
1.0,qlstm_linear_enhanced_paper,original_3,henon_1000,2.0,0.001,6.0,8.0,4.0,1.0,64.0,1.313795223722991e-06,1.4127570011623902e-06,0.000912083836738,0.0009373843786306,0.9999918937683104,0.9999910593032836,524.0,1914.0,10712.63,0.0194897540844976,0.018181188032031,0.0195391774177551
1.0,qlstm_linear_enhanced_paper,original_3,henon_1000,2.0,0.001,6.0,8.0,4.0,2.0,64.0,1.4228163308871444e-05,1.2695601981249638e-05,0.0029356100130826,0.0028226615395396,0.9999138712882996,0.9999220371246338,524.0,1836.0,9927.4,0.0725397329777479,0.0717841982841491,0.07285887748003
,,,,,,,,,,,,,,,,,,,,,,
,,,,,,,,,,,,,,,,,,,,,,
1.0,qlstm_linear_enhanced_paper,original_3,henon_1000,2.0,0.001,6.0,8.0,8.0,2.0,64.0,2.767851219687145e-05,2.740298441494815e-05,0.0038889218121767,0.0039256857708096,0.9998347163200378,0.9998303055763244,524.0,1527.0,17266.51,0.0660901397466659,0.0642178580164909,0.065903753042221
,,,,,,,,,,,,,,,,,,,,,,
1.0,qlstm_linear_enhanced_paper,original_3,henon_1000,2.0,0.001,6.0,8.0,16.0,1.0,64.0,3.995306997239823e-06,4.0998256736202165e-06,0.0015429039485752,0.001547938096337,0.9999755024909972,0.999974489212036,524.0,1922.0,44094.64,0.0289653206244111,0.0272979587316513,0.0282257944345474
,,,,,,,,,,,,,,,,,,,,,,
1.0,qlstm_linear_enhanced_paper,original_3,henon_1000,2.0,0.001,6.0,8.0,16.0,4.0,64.0,0.0070691551081836,0.0035281281452625,0.0437821447849273,0.0438433960080146,0.9559540748596193,0.9776939153671264,524.0,3957.0,130923.49,0.0779497496783733,0.0761892646551132,0.076725535094738
1.0,qlstm_linear_enhanced_paper,original_1,henon_1000,2.0,0.001,6.0,16.0,4.0,1.0,64.0,7.046064638416283e-06,6.7897253757109866e-06,0.0021309845615178,0.002131019718945,0.9999565482139589,0.9999574422836304,668.0,1564.0,4667.38,0.0200970599427819,0.0185127966105937,0.0198385845869779
1.0,qlstm_linear_enhanced_paper,original_1,henon_1000,2.0,0.001,6.0,16.0,4.0,2.0,64.0,1.270014308829559e-05,1.1809082934632896e-05,0.0027278114575892,0.0026173072401434,0.99992173910141,0.9999260306358336,668.0,1364.0,4046.48,0.0554470352828502,0.0530718229711055,0.0556386262178421
,,,,,,,,,,,,,,,,,,,,,,
1.0,qlstm_linear_enhanced_paper,original_1,henon_1000,2.0,0.001,6.0,16.0,8.0,1.0,64.0,5.702134330931585e-06,5.656954272126313e-06,0.0018314284970983,0.0017883665859699,0.9999648332595824,0.9999648928642272,668.0,1321.0,7819.38,0.0278972355648875,0.0266095791012048,0.0279285050928592
1.0,qlstm_linear_enhanced_paper,original_1,henon_1000,2.0,0.001,6.0,16.0,8.0,2.0,64.0,1.6247955500148237e-05,1.6151030649780296e-05,0.0030292593874037,0.0030678308103233,0.9999096989631652,0.9999043941497804,668.0,1337.0,7943.01,0.0353804089128971,0.0350223109126091,0.0368743948638439
1.0,qlstm_linear_enhanced_paper,original_1,henon_1000,2.0,0.001,6.0,16.0,8.0,4.0,64.0,0.0153670217841863,0.0166247878223657,0.0842945426702499,0.0878357514739036,0.9010719656944276,0.8903653025627136,668.0,4006.0,22882.91,0.0731075495481491,0.0736268833279609,0.0749234929680824
1.0,qlstm_linear_enhanced_paper,original_1,henon_1000,2.0,0.001,6.0,16.0,16.0,1.0,64.0,5.25196219314239e-06,4.709616860054666e-06,0.001735582598485,0.0016850677784532,0.9999677538871764,0.9999712109565736,668.0,1293.0,27773.48,0.0140573274344205,0.0131145427003502,0.0144379772245883
1.0,qlstm_linear_enhanced_paper,original_1,henon_1000,2.0,0.001,6.0,16.0,16.0,2.0,64.0,1.1961334166699087e-05,1.3861288607586175e-05,0.0025001226458698,0.0028095045126974,0.999925971031189,0.999914050102234,668.0,1416.0,17626.11,0.0302062146365642,0.0299413781613111,0.0309816878288984
1.0,qlstm_linear_enhanced_paper,original_1,henon_1000,2.0,0.001,6.0,16.0,16.0,4.0,64.0,0.0016251689521595,0.0011190071236342,0.0275573395192623,0.0236750021576881,0.9898619651794434,0.9929752349853516,668.0,2674.0,50170.19,0.0781928941607475,0.076743759214878,0.0772715881466865
1.0,qlstm_linear_enhanced_paper,original_2,henon_1000,2.0,0.001,6.0,16.0,4.0,1.0,64.0,3.96320274376194e-06,3.7519639590755113e-06,0.0015206242678686,0.0014913850463926,0.9999761581420898,0.999976634979248,740.0,1401.0,5881.57,0.0285347936674952,0.02613415569067,0.0275725815445184
1.0,qlstm_linear_enhanced_paper,original_2,henon_1000,2.0,0.001,6.0,16.0,4.0,2.0,64.0,4.35648144048173e-05,5.896337097510696e-05,0.0045959972776472,0.0049044894985854,0.9997294545173644,0.9996345043182372,740.0,2608.0,11004.19,0.0784453965723514,0.0770339965820312,0.0778626576066017
,,,,,,,,,,,,,,,,,,,,,,
,,,,,,,,,,,,,,,,,,,,,,
,,,,,,,,,,,,,,,,,,,,,,
1.0,qlstm_linear_enhanced_paper,original_2,henon_1000,2.0,0.001,6.0,16.0,8.0,4.0,64.0,0.0433530956506729,0.0366795100271701,0.1630238443613052,0.1502655744552612,0.6807417869567871,0.7359858155250549,740.0,1326.0,20861.8,0.0745700873434543,0.0753150805830955,0.0764077380299568
1.0,qlstm_linear_enhanced_paper,original_2,henon_1000,2.0,0.001,6.0,16.0,16.0,1.0,64.0,2.923393822129583e-06,3.2119237403094303e-06,0.0013402230106294,0.0014131998177617,0.9999821186065674,0.9999801516532898,740.0,1235.0,34621.66,0.0159370777197182,0.014783245511353,0.0159355420619249
1.0,qlstm_linear_enhanced_paper,original_2,henon_1000,2.0,0.001,6.0,16.0,16.0,2.0,64.0,1.77284782694187e-05,2.012918412219733e-05,0.0031587665434926,0.0032852762378752,0.9998902678489684,0.99987530708313,740.0,1434.0,24771.21,0.0745831660926342,0.0743695944547653,0.0749788731336593
1.0,qlstm_linear_enhanced_paper,original_2,henon_1000,2.0,0.001,6.0,16.0,16.0,4.0,64.0,0.0016337484121322,0.0013762463349848,0.0238504149019718,0.0243083629757165,0.9898856282234192,0.9913982152938844,740.0,3226.0,55125.21,0.0779451824724674,0.0761987790465354,0.0767048746347427
1.0,qlstm_linear_enhanced_paper,original_3,henon_1000,2.0,0.001,6.0,16.0,4.0,1.0,64.0,1.0255143934045918e-06,9.669994369687629e-07,0.0007581958197988,0.0007474271696992,0.9999940991401672,0.9999945163726808,812.0,1421.0,7981.66,0.0079447959549725,0.007770427968353,0.0085383681580424
1.0,qlstm_linear_enhanced_paper,original_3,henon_1000,2.0,0.001,6.0,16.0,4.0,2.0,64.0,8.553204679628834e-06,7.738291060377378e-06,0.0021664225496351,0.0021259530913084,0.999948799610138,0.9999523758888244,812.0,1600.0,8799.28,0.0376844651997089,0.0375365167856216,0.0394920594990253
1.0,qlstm_linear_enhanced_paper,original_3,henon_1000,2.0,0.001,6.0,16.0,4.0,4.0,64.0,0.000792856211774,0.0007576260832138,0.0191419348120689,0.019228920340538,0.9950842261314392,0.995274782180786,812.0,3848.0,20985.1,0.0745386004447937,0.0731905922293663,0.0745333731174469
1.0,qlstm_linear_enhanced_paper,original_3,henon_1000,2.0,0.001,6.0,16.0,8.0,1.0,64.0,2.449580279062502e-06,2.237015678474563e-06,0.001110618468374,0.001085782656446,0.9999849796295166,0.9999861121177672,812.0,1169.0,13717.29,0.0027679679449647,0.0026925115380436,0.0028656574431806
1.0,qlstm_linear_enhanced_paper,original_3,henon_1000,2.0,0.001,6.0,16.0,8.0,2.0,64.0,1.4418009413930122e-05,1.4422890671994535e-05,0.0026704093907028,0.0027558899018913,0.9999114871025084,0.9999117255210876,812.0,1650.0,18531.54,0.0382695041596889,0.0377592369914054,0.0395927317440509
1.0,qlstm_linear_enhanced_paper,original_3,henon_1000,2.0,0.001,6.0,16.0,8.0,4.0,64.0,0.0005744493100792,0.0005703084170818,0.0162174757570028,0.0165680963546037,0.996466338634491,0.9964420795440674,812.0,3895.0,63504.9,0.0732670255005359,0.0738153904676437,0.0751123055815696
1.0,qlstm_linear_enhanced_paper,original_3,henon_1000,2.0,0.001,6.0,16.0,16.0,1.0,64.0,3.025873866135953e-06,2.8854867650807137e-06,0.0014220578595995,0.0013382238103076,0.999981701374054,0.99998277425766,812.0,1371.0,30659.07,0.0135194183327257,0.012436625547707,0.0133395809680223
1.0,qlstm_linear_enhanced_paper,original_3,henon_1000,2.0,0.001,6.0,16.0,16.0,2.0,64.0,7.75228636484826e-06,9.98250561679015e-06,0.00197868142277,0.0021181686315685,0.9999529719352722,0.9999385476112366,812.0,1462.0,33018.35,0.0423559311777353,0.0409794151782989,0.0429578870534896
1.0,qlstm_linear_enhanced_paper,original_3,henon_1000,2.0,0.001,6.0,16.0,16.0,4.0,64.0,0.0075469436123967,0.001295383204706,0.0302946548908948,0.02411949634552,0.9536139369010924,0.9918697476387024,812.0,3763.0,80917.79,0.077249501645565,0.0756793990731239,0.0762459859251976
1.0,qlstm_linear_enhanced_paper,original_1,henon_1000,2.0,0.001,6.0,32.0,4.0,1.0,64.0,4.273874310456449e-06,3.610067551562679e-06,0.0013359858421608,0.0013182101538404,0.9999736547470092,0.9999774694442748,1244.0,1298.0,3817.75,0.0091317807789891,0.0086115123704075,0.0095723001286387
1.0,qlstm_linear_enhanced_paper,original_1,henon_1000,2.0,0.001,6.0,32.0,4.0,2.0,64.0,3.9581602322869e-05,3.913061300409026e-05,0.0045978068374097,0.0045657749287784,0.999761164188385,0.999761164188385,1244.0,1593.0,4772.25,0.0737683244049549,0.0730770155787468,0.0742781907320022
1.0,qlstm_linear_enhanced_paper,original_1,henon_1000,2.0,0.001,6.0,32.0,4.0,4.0,64.0,0.0005018982919864,0.0005089737242087,0.0138306329026818,0.0150101389735937,0.9968855381011964,0.9968127012252808,1244.0,5465.0,15869.19,0.0741246365010738,0.0727157294750213,0.0740093812346458
1.0,qlstm_linear_enhanced_paper,original_1,henon_1000,2.0,0.001,6.0,32.0,8.0,1.0,64.0,2.0581037460942757e-06,1.8073036471832893e-06,0.0011236883001402,0.0010656766826286,0.9999874234199524,0.999988853931427,1244.0,1232.0,7445.97,0.0201738426461815,0.0191656742244958,0.0205056928098201
1.0,qlstm_linear_enhanced_paper,original_1,henon_1000,2.0,0.001,6.0,32.0,8.0,2.0,64.0,1.3202999070927037e-05,1.280819378735032e-05,0.0024089303333312,0.0024309761356562,0.9999191164970398,0.9999200701713562,1244.0,1945.0,20896.89,0.0736254394054412,0.0747806653380394,0.0757410749793052
1.0,qlstm_linear_enhanced_paper,original_1,henon_1000,2.0,0.001,6.0,32.0,8.0,4.0,64.0,0.000917914090678,0.0009846885222941,0.0203036107122898,0.0203490741550922,0.994378626346588,0.9938708543777466,1244.0,3458.0,20491.52,0.0723439179360866,0.072568766772747,0.0740333199501037
1.0,qlstm_linear_enhanced_paper,original_1,henon_1000,2.0,0.001,6.0,32.0,16.0,1.0,64.0,1.086833890440175e-06,1.0113669759448385e-06,0.0007881194469518,0.000788090575952,0.9999937415122986,0.9999940395355223,1244.0,1449.0,17992.71,0.0060685208532959,0.0055417930707335,0.0057354136370122
1.0,qlstm_linear_enhanced_paper,original_1,henon_1000,2.0,0.001,6.0,32.0,16.0,2.0,64.0,1.2274487744434737e-05,1.118675481848186e-05,0.0024451352655887,0.0022993087768554,0.999925434589386,0.9999308586120604,1244.0,1467.0,18079.44,0.0433649618178606,0.0425765961408615,0.0448220632970333
1.0,qlstm_linear_enhanced_paper,original_1,henon_1000,2.0,0.001,6.0,32.0,16.0,4.0,64.0,0.0340973772108554,0.030427461490035,0.1363413631916046,0.125976487994194,0.760339081287384,0.787590503692627,1244.0,2194.0,26119.31,0.075504619628191,0.0735863670706749,0.0742800757288932
1.0,qlstm_linear_enhanced_paper,original_2,henon_1000,2.0,0.001,6.0,32.0,4.0,1.0,64.0,3.541839078025077e-06,3.591949962356012e-06,0.0014240521704778,0.0014432338066399,0.999978482723236,0.9999777674674988,1316.0,1265.0,5480.5,0.0046626031631603,0.0044190613552927,0.0047501223161816
1.0,qlstm_linear_enhanced_paper,original_2,henon_1000,2.0,0.001,6.0,32.0,4.0,2.0,64.0,1.6844252968439832e-05,1.650306694500614e-05,0.0028114183805882,0.0027794407214969,0.9999002814292908,0.99989914894104,1316.0,1508.0,6553.99,0.0731234990060329,0.072189524769783,0.0733948871493339
1.0,qlstm_linear_enhanced_paper,original_2,henon_1000,2.0,0.001,6.0,32.0,4.0,4.0,64.0,0.0011260563042014,0.0010111320298165,0.021487645804882,0.0209807176142931,0.9930119514465332,0.9936636090278624,1316.0,2435.0,10188.62,0.0747929766774177,0.0734520256519317,0.0748385712504386
1.0,qlstm_linear_enhanced_paper,original_2,henon_1000,2.0,0.001,6.0,32.0,8.0,1.0,64.0,1.8174663409809e-06,1.582732352289895e-06,0.0010020743357017,0.000963399419561,0.999988853931427,0.9999902248382568,1316.0,1120.0,9649.01,0.0095376874320209,0.0091194259002804,0.0099763330072164
1.0,qlstm_linear_enhanced_paper,original_2,henon_1000,2.0,0.001,6.0,32.0,8.0,2.0,64.0,1.1157088010804728e-05,1.2943971341883298e-05,0.0023049076553434,0.0024767538998275,0.999931275844574,0.9999192357063292,1316.0,1290.0,11407.41,0.0646073505282402,0.0630533844232559,0.0648875460028648
1.0,qlstm_linear_enhanced_paper,original_2,henon_1000,2.0,0.001,6.0,32.0,8.0,4.0,64.0,0.0008304299553856,0.0008695657597854,0.0182202961295843,0.0192685313522815,0.9948935508728028,0.9945501089096068,1316.0,5677.0,48175.13,0.0721543125808239,0.0722009167075157,0.0736990272998809
1.0,qlstm_linear_enhanced_paper,original_2,henon_1000,2.0,0.001,6.0,32.0,16.0,1.0,64.0,7.153287242545048e-06,6.907877377670957e-06,0.0021913959644734,0.0021782161202281,0.999955713748932,0.9999571442604064,1316.0,1069.0,19134.73,0.0096597782801836,0.009006367996335,0.0097775217145681
1.0,qlstm_linear_enhanced_paper,original_2,henon_1000,2.0,0.001,6.0,32.0,16.0,2.0,64.0,2.9203427402535453e-05,2.246718577225693e-05,0.0037842334713786,0.0033567112404853,0.9998266100883484,0.99986469745636,1316.0,1383.0,37383.13,0.041145708784461,0.0409679599106311,0.0433399565517902
1.0,qlstm_linear_enhanced_paper,original_2,henon_1000,2.0,0.001,6.0,32.0,16.0,4.0,64.0,0.0278986319899559,0.0234633069485425,0.1301907747983932,0.1163078397512435,0.8085680603981018,0.8406999111175537,1316.0,1104.0,29555.64,0.0754046071320772,0.0732129737734794,0.0739002749323844
,,,,,,,,,,,,,,,,,,,,,,
,,,,,,,,,,,,,,,,,,,,,,
,,,,,,,,,,,,,,,,,,,,,,
,,,,,,,,,,,,,,,,,,,,,,
,,,,,,,,,,,,,,,,,,,,,,
1.0,qlstm_linear_enhanced_paper,original_3,henon_1000,2.0,0.001,6.0,32.0,8.0,4.0,64.0,0.0106090381741523,0.0079951202496886,0.0630254298448562,0.0572296306490898,0.9322883486747742,0.9486833214759828,1388.0,2347.0,40097.99,0.0733079567551612,0.0739275217056274,0.0751848220825195
1.0,qlstm_linear_enhanced_paper,original_3,henon_1000,2.0,0.001,6.0,32.0,16.0,1.0,64.0,4.34380535807577e-06,4.320801963331178e-06,0.0017174339154735,0.0017218851717188,0.9999735951423644,0.9999735355377196,1388.0,921.0,21603.37,0.008902447996661,0.0080661680549383,0.0087820375338196
1.0,qlstm_linear_enhanced_paper,original_3,henon_1000,2.0,0.001,6.0,32.0,16.0,2.0,64.0,2.94588171527721e-05,2.733373003138695e-05,0.0040369788184762,0.0039957277476787,0.999822199344635,0.9998342990875244,1388.0,946.0,21588.21,0.0731251139193773,0.0724949464201927,0.0732513517141342
1.0,qlstm_linear_enhanced_paper,original_3,henon_1000,2.0,0.001,6.0,32.0,16.0,4.0,64.0,0.0011422132374718,0.0008325771195814,0.0231443028897047,0.0199444815516471,0.9928690791130066,0.994779407978058,1388.0,2937.0,65460.51,0.0760253854095935,0.0742949172854423,0.0749594792723655
1.0,qlstm_linear_enhanced_paper,original_1,henon_1000,3.0,0.001,6.0,8.0,4.0,1.0,64.0,1.4482554888672894e-06,1.431073769708746e-06,0.0009219976491294,0.0009234738536179,0.9999912977218628,0.9999911785125732,380.0,2402.0,6886.27,0.0301765082404017,0.028323084115982,0.0297658815979957
1.0,qlstm_linear_enhanced_paper,original_1,henon_1000,3.0,0.001,6.0,8.0,4.0,2.0,64.0,1.1396838999644388e-05,9.848524314293172e-06,0.0024514875840395,0.0024109352380037,0.9999303221702576,0.9999398589134216,380.0,2775.0,8117.09,0.0736619975417852,0.0725711807608604,0.073651373386383
1.0,qlstm_linear_enhanced_paper,original_1,henon_1000,3.0,0.001,6.0,8.0,4.0,4.0,64.0,0.0011569821508601,0.0010679141851142,0.0242400262504816,0.0239556990563869,0.992830455303192,0.9932991862297058,380.0,4651.0,13758.1,0.0779045462608337,0.0775908678770065,0.0784434825181961
1.0,qlstm_linear_enhanced_paper,original_1,henon_1000,3.0,0.001,6.0,8.0,8.0,1.0,64.0,2.7739440611185277e-06,2.3459369913325645e-06,0.0012737805955111,0.0011784335365518,0.9999833106994628,0.9999858736991882,380.0,1777.0,10871.64,0.0310665847733616,0.0295660644769668,0.0304200444370508
1.0,qlstm_linear_enhanced_paper,original_1,henon_1000,3.0,0.001,6.0,8.0,8.0,2.0,64.0,1.1761202586058062e-05,1.0963506611005869e-05,0.002244888106361,0.0022229580208659,0.999927818775177,0.999932587146759,380.0,1793.0,10902.73,0.0527061659842729,0.0499937124550342,0.0522164851427078
1.0,qlstm_linear_enhanced_paper,original_1,henon_1000,3.0,0.001,6.0,8.0,8.0,4.0,64.0,0.0020950650796294,0.0026268856599926,0.0314883701503276,0.0335551761090755,0.986993134021759,0.9836564660072328,380.0,3719.0,21997.34,0.0737360637634992,0.0740343183279037,0.0753181353211402
1.0,qlstm_linear_enhanced_paper,original_1,henon_1000,3.0,0.001,6.0,8.0,16.0,1.0,64.0,5.65378741157474e-07,5.082745815343515e-07,0.000571644923184,0.0005527782486751,0.999996542930603,0.999997079372406,380.0,2163.0,26142.34,0.0310780398547649,0.0300786215811967,0.0312069375067949
,,,,,,,,,,,,,,,,,,,,,,
,,,,,,,,,,,,,,,,,,,,,,
,,,,,,,,,,,,,,,,,,,,,,
1.0,qlstm_linear_enhanced_paper,original_2,henon_1000,3.0,0.001,6.0,8.0,4.0,2.0,64.0,6.7842947828467e-06,7.123896466509905e-06,0.0018752827309072,0.0019442909397184,0.9999587535858154,0.999955415725708,452.0,2735.0,11262.31,0.0722820281982421,0.0710767060518264,0.0722884908318519
1.0,qlstm_linear_enhanced_paper,original_2,henon_1000,3.0,0.001,6.0,8.0,4.0,4.0,64.0,0.0006644785753451,0.0007771879900246,0.0184012129902839,0.0193876083940267,0.9958906769752502,0.9951189160346984,452.0,4401.0,17975.35,0.0733761459589004,0.0730457752943039,0.0743915140628814
1.0,qlstm_linear_enhanced_paper,original_2,henon_1000,3.0,0.001,6.0,8.0,8.0,1.0,64.0,3.4438014608895173e-06,3.168120883856318e-06,0.0014668442308902,0.0014082047855481,0.999979853630066,0.9999810457229614,452.0,1840.0,16228.28,0.0063435294199734,0.006120610050857,0.0065493187867105
1.0,qlstm_linear_enhanced_paper,original_2,henon_1000,3.0,0.001,6.0,8.0,8.0,2.0,64.0,1.554216942167841e-05,1.541485653433483e-05,0.002997319214046,0.0030159077141433,0.9999041557312012,0.9999037384986876,452.0,1162.0,10294.8,0.0728157736361026,0.0732228457927703,0.0742212906479835
1.0,qlstm_linear_enhanced_paper,original_2,henon_1000,3.0,0.001,6.0,8.0,8.0,4.0,64.0,0.0014213586691766,0.0014049432938918,0.0251106470823287,0.0241584610193967,0.9912441968917848,0.9912134408950806,452.0,2674.0,22731.28,0.0736912880092859,0.0738409161567688,0.0751319304108619
1.0,qlstm_linear_enhanced_paper,original_2,henon_1000,3.0,0.001,6.0,8.0,16.0,1.0,64.0,2.8664808269240893e-06,2.7045452952734195e-06,0.00128389603924,0.0012856752146035,0.9999825358390808,0.9999834299087524,452.0,1868.0,32358.15,0.0075001090764999,0.0071741822175681,0.0076525011099874
1.0,qlstm_linear_enhanced_paper,original_2,henon_1000,3.0,0.001,6.0,8.0,16.0,2.0,64.0,2.6103869458893317e-05,2.30856858252082e-05,0.0035787862725555,0.003583142068237,0.9998418688774108,0.9998592138290404,452.0,1676.0,29003.26,0.0750725097954273,0.07462028414011,0.0752770751714706
,,,,,,,,,,,,,,,,,,,,,,
1.0,qlstm_linear_enhanced_paper,original_3,henon_1000,3.0,0.001,6.0,8.0,4.0,1.0,64.0,2.2890360469318694e-06,2.3459701878891792e-06,0.0011977955000475,0.0012305726995691,0.9999857544898988,0.9999855756759644,524.0,1639.0,9310.95,0.0118205639533698,0.0114851929247379,0.0125685669481754
1.0,qlstm_linear_enhanced_paper,original_3,henon_1000,3.0,0.001,6.0,8.0,4.0,2.0,64.0,3.3450945920776576e-05,3.102152550127357e-05,0.0035915330518037,0.0036501018330454,0.9997984170913696,0.9998102188110352,524.0,1645.0,9212.93,0.0692528419196605,0.0669151991605758,0.0685595348477363
1.0,qlstm_linear_enhanced_paper,original_3,henon_1000,3.0,0.001,6.0,8.0,4.0,4.0,64.0,0.0010101621737703,0.0010970340808853,0.0220829136669635,0.0223199389874935,0.9937564730644226,0.993177592754364,524.0,3023.0,29890.99,0.074916910380125,0.0747574269771575,0.0757671445608139
1.0,qlstm_linear_enhanced_paper,original_3,henon_1000,3.0,0.001,6.0,8.0,8.0,1.0,64.0,6.681283139187144e-06,6.080731054680655e-06,0.0020269358064979,0.001972563797608,0.999958634376526,0.9999619722366332,524.0,1268.0,14350.68,0.0136349173262715,0.0131095079705119,0.0143328225240111
,,,,,,,,,,,,,,,,,,,,,,
,,,,,,,,,,,,,,,,,,,,,,
,,,,,,,,,,,,,,,,,,,,,,
1.0,qlstm_linear_enhanced_paper,original_3,henon_1000,3.0,0.001,6.0,8.0,16.0,2.0,64.0,6.3721872720634565e-06,6.269292953220429e-06,0.0018168643582612,0.0018262506928294,0.9999608397483826,0.9999611377716064,524.0,1746.0,39037.04,0.0755705676972866,0.075738176703453,0.0761394053697586
1.0,qlstm_linear_enhanced_paper,original_3,henon_1000,3.0,0.001,6.0,8.0,16.0,4.0,64.0,0.000939575547818,0.0008733841823413,0.0210128724575042,0.0204253830015659,0.9941903352737428,0.9945307374000548,524.0,2646.0,59277.28,0.0770859062671661,0.0756379440426826,0.076221153140068
1.0,qlstm_linear_enhanced_paper,original_1,henon_1000,3.0,0.001,6.0,16.0,4.0,1.0,64.0,1.1079716841777554e-06,1.068780306923145e-06,0.0008297965978272,0.0008099781698547,0.999993622303009,0.999993860721588,668.0,1590.0,4781.98,0.0218301948159933,0.0205314476042985,0.0219388492405414
1.0,qlstm_linear_enhanced_paper,original_1,henon_1000,3.0,0.001,6.0,16.0,4.0,2.0,64.0,3.659857247839682e-05,2.9976821679156277e-05,0.0034212009049952,0.0032712777610868,0.99977445602417,0.9998128414154052,668.0,2123.0,6217.93,0.0737176820635795,0.0729516744613647,0.0741569399833679
1.0,qlstm_linear_enhanced_paper,original_1,henon_1000,3.0,0.001,6.0,16.0,4.0,4.0,64.0,0.0015495374100282,0.0018571773543953,0.0275508873164653,0.0287446975708007,0.9903428554534912,0.988296389579773,668.0,5548.0,16159.02,0.0724703203886747,0.0719180926680564,0.0733875557780265
1.0,qlstm_linear_enhanced_paper,original_1,henon_1000,3.0,0.001,6.0,16.0,8.0,1.0,64.0,7.175678547355346e-06,6.6771681304089725e-06,0.002054821467027,0.0019565969705581,0.9999555945396424,0.9999582767486572,668.0,1538.0,9237.98,0.0070394929498434,0.0073973517864942,0.0077327736653387
1.0,qlstm_linear_enhanced_paper,original_1,henon_1000,3.0,0.001,6.0,16.0,8.0,2.0,64.0,2.7065270842285827e-05,3.103462586295791e-05,0.0037813570816069,0.0039585279300808,0.9998337626457214,0.999807059764862,668.0,1712.0,10389.0,0.0735930383205413,0.074272446334362,0.0754947662353515
,,,,,,,,,,,,,,,,,,,,,,
,,,,,,,,,,,,,,,,,,,,,,
,,,,,,,,,,,,,,,,,,,,,,
,,,,,,,,,,,,,,,,,,,,,,
,,,,,,,,,,,,,,,,,,,,,,
,,,,,,,,,,,,,,,,,,,,,,
1.0,qlstm_linear_enhanced_paper,original_2,henon_1000,3.0,0.001,6.0,16.0,4.0,4.0,64.0,0.0026568877510726,0.0029638905543833,0.0366154499351978,0.0381651408970356,0.9836273193359376,0.9812803864479064,740.0,2731.0,11595.56,0.0735796112567186,0.0732569769024849,0.0746104419231414
1.0,qlstm_linear_enhanced_paper,original_2,henon_1000,3.0,0.001,6.0,16.0,8.0,1.0,64.0,2.182957132390584e-06,1.9923570562241366e-06,0.0011387701379135,0.001078090746887,0.9999868869781494,0.9999879598617554,740.0,1410.0,12418.26,0.0142921574413776,0.0138775836676359,0.0149743342772126
1.0,qlstm_linear_enhanced_paper,original_2,henon_1000,3.0,0.001,6.0,16.0,8.0,2.0,64.0,1.4544989426212853e-05,1.294391040573828e-05,0.0026916083879768,0.0027323157992213,0.999910533428192,0.9999192357063292,740.0,1036.0,9211.11,0.0643625739961862,0.0620719343423843,0.0639921799302101
1.0,qlstm_linear_enhanced_paper,original_2,henon_1000,3.0,0.001,6.0,16.0,8.0,4.0,64.0,0.0037767458707094,0.0031473636627197,0.0379467941820621,0.034884937107563,0.9764671921730042,0.9805335998535156,740.0,2529.0,21580.97,0.074754037335515,0.0751021206378936,0.0762955769896507
,,,,,,,,,,,,,,,,,,,,,,
,,,,,,,,,,,,,,,,,,,,,,
,,,,,,,,,,,,,,,,,,,,,,
1.0,qlstm_linear_enhanced_paper,original_3,henon_1000,3.0,0.001,6.0,16.0,4.0,1.0,64.0,2.69760744231462e-06,2.6429604531585937e-06,0.001225464977324,0.0012253620661795,0.9999833106994628,0.9999834299087524,812.0,1448.0,7923.07,0.0065566342789679,0.0064214579761028,0.0069381264038383
1.0,qlstm_linear_enhanced_paper,original_3,henon_1000,3.0,0.001,6.0,16.0,4.0,2.0,64.0,1.581824108143337e-05,1.2974275705346372e-05,0.0029596113599836,0.0025690183974802,0.9999039769172668,0.999920129776001,812.0,1908.0,10898.91,0.0580695182085037,0.0546654276549816,0.0571224465966224
,,,,,,,,,,,,,,,,,,,,,,
1.0,qlstm_linear_enhanced_paper,original_3,henon_1000,3.0,0.001,6.0,16.0,8.0,1.0,64.0,2.9907994303357555e-06,3.0014598451089114e-06,0.0013506063260138,0.0013474302832037,0.9999816417694092,0.9999813437461852,812.0,1247.0,14125.06,0.0115748051553964,0.0109048560261726,0.0118566090241074
1.0,qlstm_linear_enhanced_paper,original_3,henon_1000,3.0,0.001,6.0,16.0,8.0,2.0,64.0,6.002472946420312e-05,5.812924064230174e-05,0.0050934455357491,0.0050255232490599,0.9996519088745116,0.9996549487113952,812.0,1157.0,13012.49,0.0730015207082033,0.0741533488035202,0.0754198804497718
1.0,qlstm_linear_enhanced_paper,original_3,henon_1000,3.0,0.001,6.0,16.0,8.0,4.0,64.0,0.0051899342797696,0.0039887391030788,0.0370565094053745,0.0347360968589782,0.9675664901733398,0.9748300909996032,812.0,4733.0,51354.53,0.0736263126134872,0.0739372670650482,0.0751931071281433
1.0,qlstm_linear_enhanced_paper,original_3,henon_1000,3.0,0.001,6.0,16.0,16.0,1.0,64.0,2.4327964638359845e-06,2.4618200313852867e-06,0.0012321765534579,0.0012672704178839,0.9999853372573853,0.9999849796295166,812.0,1344.0,30512.22,0.0152861355803906,0.0144531046971678,0.0155930100008845
1.0,qlstm_linear_enhanced_paper,original_3,henon_1000,3.0,0.001,6.0,16.0,16.0,2.0,64.0,4.268880729796365e-05,3.748030940187164e-05,0.0039609191007912,0.0042842268012464,0.9997388124465942,0.9997685551643372,812.0,1123.0,25612.92,0.0553064920008182,0.052906222641468,0.0548848770558834
1.0,qlstm_linear_enhanced_paper,original_3,henon_1000,3.0,0.001,6.0,16.0,16.0,4.0,64.0,0.0228465143591165,0.0184565559029579,0.1031295508146286,0.0983475968241691,0.8493735790252686,0.8777667284011841,812.0,1407.0,32198.19,0.0743945613503456,0.0729174017906189,0.0736383646726608
1.0,qlstm_linear_enhanced_paper,original_1,henon_1000,3.0,0.001,6.0,32.0,4.0,1.0,64.0,4.138290478294948e-06,4.040412022732198e-06,0.0014484324492514,0.0015010891947895,0.99997478723526,0.9999749064445496,1244.0,1432.0,4230.22,0.0071866807062178,0.0074939103797078,0.0081915780901908
,,,,,,,,,,,,,,,,,,,,,,
1.0,qlstm_linear_enhanced_paper,original_1,henon_1000,3.0,0.001,6.0,32.0,4.0,4.0,64.0,0.0008253352716565,0.0007848906097933,0.0208339877426624,0.0206965822726488,0.9948857426643372,0.9950754642486572,1244.0,5302.0,15269.38,0.0736628141254186,0.0733269974589347,0.0746723115444183
1.0,qlstm_linear_enhanced_paper,original_1,henon_1000,3.0,0.001,6.0,32.0,8.0,1.0,64.0,3.80994197257678e-06,3.670623982543475e-06,0.0015141469193622,0.0015398545656353,0.999976396560669,0.9999771118164062,1244.0,1218.0,7463.75,0.0042487486032769,0.0042390702292323,0.0045408932492136
1.0,qlstm_linear_enhanced_paper,original_1,henon_1000,3.0,0.001,6.0,32.0,8.0,2.0,64.0,2.09280460694572e-05,2.057308483927045e-05,0.0032019943464547,0.0032695932313799,0.9998709559440612,0.9998722672462464,1244.0,1158.0,7032.37,0.0668275229632854,0.0676942467689514,0.0696836188435554
1.0,qlstm_linear_enhanced_paper,original_1,henon_1000,3.0,0.001,6.0,32.0,8.0,4.0,64.0,0.0090863853693008,0.0089481770992279,0.0585151761770248,0.0562559328973293,0.942349374294281,0.9423776865005492,1244.0,4188.0,24503.35,0.0731737095862627,0.0731242150068283,0.0745309516787529
1.0,qlstm_linear_enhanced_paper,original_1,henon_1000,3.0,0.001,6.0,32.0,16.0,1.0,64.0,7.126985110517126e-06,6.446795850933995e-06,0.0019472429994493,0.0019170854939147,0.9999564290046692,0.9999606013298036,1244.0,1137.0,25123.64,0.0225474258884787,0.0212812237441539,0.0226844176650047
1.0,qlstm_linear_enhanced_paper,original_1,henon_1000,3.0,0.001,6.0,32.0,16.0,2.0,64.0,9.216564649250358e-05,7.159716915339231e-05,0.0054786927066743,0.0053120371885597,0.9994306564331056,0.9995576739311218,1244.0,1301.0,15949.31,0.0251511240378022,0.0241448692977428,0.0250103492289781
,,,,,,,,,,,,,,,,,,,,,,
1.0,qlstm_linear_enhanced_paper,original_2,henon_1000,3.0,0.001,6.0,32.0,4.0,1.0,64.0,4.068635917064967e-06,3.4724437227851013e-06,0.0015076654963195,0.0014120498672127,0.999975562095642,0.9999791383743286,1316.0,1337.0,5679.51,0.0060085303615778,0.0055971792899072,0.0061600105836987
,,,,,,,,,,,,,,,,,,,,,,
,,,,,,,,,,,,,,,,,,,,,,
1.0,qlstm_linear_enhanced_paper,original_2,henon_1000,3.0,0.001,6.0,32.0,8.0,1.0,64.0,3.476712208794197e-06,3.1780207336851163e-06,0.0014103573048487,0.0013583563268184,0.9999791979789734,0.9999806880950928,1316.0,1020.0,8802.37,0.0010962280910462,0.0010497029870748,0.0011488023446872
1.0,qlstm_linear_enhanced_paper,original_2,henon_1000,3.0,0.001,6.0,32.0,8.0,2.0,64.0,3.926084900740534e-05,3.402023867238313e-05,0.0047601675614714,0.0045477366074919,0.9997622966766356,0.9997893571853638,1316.0,1090.0,9512.33,0.0358760269358754,0.0342815294861793,0.0360927134752273
1.0,qlstm_linear_enhanced_paper,original_2,henon_1000,3.0,0.001,6.0,32.0,8.0,4.0,64.0,0.0002415444032521,0.0002320414641872,0.0110284863039851,0.0108558926731348,0.998507559299469,0.99856835603714,1316.0,4051.0,33942.75,0.073523374274373,0.073551058769226,0.0748583525419235
,,,,,,,,,,,,,,,,,,,,,,
1.0,qlstm_linear_enhanced_paper,original_2,henon_1000,3.0,0.001,6.0,32.0,16.0,2.0,64.0,3.739991370821372e-05,3.4795077226590365e-05,0.0044921548105776,0.0044136093929409,0.9997714161872864,0.999787986278534,1316.0,1502.0,26436.93,0.0724031053483486,0.0726246610283851,0.0730967372655868
1.0,qlstm_linear_enhanced_paper,original_2,henon_1000,3.0,0.001,6.0,32.0,16.0,4.0,64.0,0.0015028690686449,0.0017723655328154,0.0241186991333961,0.0259289685636758,0.9906577467918396,0.9890064001083374,1316.0,2936.0,50899.6,0.0751943938434124,0.0738621950149536,0.0745377168059349
1.0,qlstm_linear_enhanced_paper,original_3,henon_1000,3.0,0.001,6.0,32.0,4.0,1.0,64.0,3.488619768177159e-06,3.3919027373485733e-06,0.0014798304764553,0.0014730863040313,0.9999786019325256,0.9999788403511048,1388.0,1011.0,5668.78,0.0007568823057226,0.0007173237972892,0.0007560465601272
1.0,qlstm_linear_enhanced_paper,original_3,henon_1000,3.0,0.001,6.0,32.0,4.0,2.0,64.0,9.496908205619548e-06,9.95362006506184e-06,0.0020178521517664,0.0021619189064949,0.9999427199363708,0.9999378323554992,1388.0,1384.0,7706.66,0.0161796565167605,0.0152364587411284,0.0170565117150545
1.0,qlstm_linear_enhanced_paper,original_3,henon_1000,3.0,0.001,6.0,32.0,4.0,4.0,64.0,0.0017279187450185,0.0018249928252771,0.0272265970706939,0.0283821374177932,0.9892388582229614,0.9885923266410828,1388.0,4154.0,22950.99,0.073776575922966,0.0735223740339279,0.0747914761304855
1.0,qlstm_linear_enhanced_paper,original_3,henon_1000,3.0,0.001,6.0,32.0,8.0,1.0,64.0,1.739905769682082e-06,1.6780988971731858e-06,0.0010505069512873,0.0010213517816737,0.999989688396454,0.9999901056289672,1388.0,1251.0,14547.56,0.0013173620449379,0.0012428866466507,0.0013335526455193
1.0,qlstm_linear_enhanced_paper,original_3,henon_1000,3.0,0.001,6.0,32.0,8.0,2.0,64.0,0.001509794848971,0.0002002330584218,0.0145729500800371,0.0101353293284773,0.9907822012901306,0.9987825751304626,1388.0,1129.0,12932.78,0.0725864361971616,0.0730272606015205,0.0741138085722923
1.0,qlstm_linear_enhanced_paper,original_3,henon_1000,3.0,0.001,6.0,32.0,8.0,4.0,64.0,0.0446314215660095,0.0366262458264827,0.1673793196678161,0.1490175426006317,0.6700509786605835,0.7365275621414185,1388.0,1045.0,12094.93,0.073826465383172,0.0739608183503151,0.0752250477671623
1.0,qlstm_linear_enhanced_paper,original_3,henon_1000,3.0,0.001,6.0,32.0,16.0,1.0,64.0,4.3890377128263935e-06,4.047402853757376e-06,0.0016690307529643,0.0015923149185255,0.9999735951423644,0.9999760389328004,1388.0,993.0,22679.84,0.0132207218557596,0.0127793122082948,0.0140540990978479
1.0,qlstm_linear_enhanced_paper,original_3,henon_1000,3.0,0.001,6.0,32.0,16.0,2.0,64.0,1.2479495126171967e-05,1.652324863243848e-05,0.0025781288277357,0.002864979673177,0.9999226927757264,0.9998972415924072,1388.0,1143.0,26688.06,0.07199222818017,0.0711302161216735,0.0719966813921928
1.0,qlstm_linear_enhanced_paper,original_3,henon_1000,3.0,0.001,6.0,32.0,16.0,4.0,64.0,0.0409258902072906,0.0350117236375808,0.1593412607908249,0.144991934299469,0.7005418539047241,0.7497350573539734,1388.0,1097.0,25751.5,0.0746877133846282,0.0732746645808219,0.0739777684211731
1.0,qlstm_linear_enhanced_paper,original_1,henon_1000,4.0,0.001,6.0,8.0,4.0,1.0,64.0,3.64708785127732e-06,3.47826039615029e-06,0.0013821201864629,0.0013708322076126,0.9999773502349854,0.999978482723236,380.0,2108.0,6225.21,0.0250948863103985,0.023491159081459,0.0249855481088161
1.0,qlstm_linear_enhanced_paper,original_1,henon_1000,4.0,0.001,6.0,8.0,4.0,2.0,64.0,1.676454849075526e-05,1.88008834811626e-05,0.0029571966733783,0.0031811029184609,0.9999006986618042,0.999887466430664,380.0,1839.0,5347.46,0.0625566210597753,0.0601327270269393,0.0618961080908775
1.0,qlstm_linear_enhanced_paper,original_1,henon_1000,4.0,0.001,6.0,8.0,4.0,4.0,64.0,0.0005779791390523,0.0006205465178936,0.0166023056954145,0.0180226452648639,0.9964626431465148,0.9961257576942444,380.0,5922.0,16508.95,0.0775023974478244,0.0763245075941085,0.0771946981549263
,,,,,,,,,,,,,,,,,,,,,,
1.0,qlstm_linear_enhanced_paper,original_1,henon_1000,4.0,0.001,6.0,8.0,8.0,2.0,64.0,1.5661125871702097e-05,1.6652889826218598e-05,0.0027886810712516,0.0028764598537236,0.9999037384986876,0.999896764755249,380.0,2470.0,14703.76,0.0718987114727497,0.0738270059227943,0.0751441866159439
1.0,qlstm_linear_enhanced_paper,original_1,henon_1000,4.0,0.001,6.0,8.0,8.0,4.0,64.0,0.0005858272779732,0.0006631675059907,0.0182910580188035,0.0190648380666971,0.996368169784546,0.9958466291427612,380.0,3495.0,20795.53,0.0746288258582353,0.0756774619221687,0.0768160820007324
1.0,qlstm_linear_enhanced_paper,original_1,henon_1000,4.0,0.001,6.0,8.0,16.0,1.0,64.0,3.786766455959878e-06,3.930126240447862e-06,0.0014435542980208,0.0015100800665095,0.9999775886535645,0.9999764561653136,380.0,1732.0,21519.86,0.0236627441830933,0.0216074530035257,0.0235959701240062
1.0,qlstm_linear_enhanced_paper,original_1,henon_1000,4.0,0.001,6.0,8.0,16.0,2.0,64.0,6.25260581728071e-05,6.0563674196600914e-05,0.0058577745221555,0.0058979596942663,0.9996152520179749,0.9996348023414612,380.0,1581.0,19166.61,0.0731031823903322,0.0738340690732002,0.0745676532387733
1.0,qlstm_linear_enhanced_paper,original_1,henon_1000,4.0,0.001,6.0,8.0,16.0,4.0,64.0,0.0103563340380787,0.0108215920627117,0.0761217474937439,0.0736920461058616,0.9333052039146424,0.9299215078353882,380.0,3194.0,38489.63,0.0749982602894306,0.0747362375259399,0.0753430947661399
1.0,qlstm_linear_enhanced_paper,original_2,henon_1000,4.0,0.001,6.0,8.0,4.0,1.0,64.0,3.210000386388856e-06,3.0085816433711443e-06,0.0013839229941368,0.0013356815325096,0.9999805688858032,0.9999817609786988,452.0,1534.0,6597.01,0.0175656730309128,0.0164583995938301,0.0179613996297121
1.0,qlstm_linear_enhanced_paper,original_2,henon_1000,4.0,0.001,6.0,8.0,4.0,2.0,64.0,4.028274634038098e-05,3.821482823695988e-05,0.0049080387689173,0.0047734468244016,0.9997541308403016,0.999764621257782,452.0,2171.0,9163.8,0.0245976231992244,0.0238818619400262,0.0257113073021173
1.0,qlstm_linear_enhanced_paper,original_2,henon_1000,4.0,0.001,6.0,8.0,4.0,4.0,64.0,0.0049449056386947,0.0046621793881058,0.0498200468719005,0.0480653196573257,0.9688689112663268,0.9703441858291626,452.0,3951.0,16377.93,0.0776258774101734,0.0763674601912498,0.0773235037922859
,,,,,,,,,,,,,,,,,,,,,,
,,,,,,,,,,,,,,,,,,,,,,
1.0,qlstm_linear_enhanced_paper,original_2,henon_1000,4.0,0.001,6.0,8.0,8.0,4.0,64.0,0.0034519252367317,0.0017958102980628,0.033036608248949,0.0275278035551309,0.9784439206123352,0.988754153251648,452.0,4572.0,38535.33,0.0728068605065345,0.073642112314701,0.0749846920371055
1.0,qlstm_linear_enhanced_paper,original_2,henon_1000,4.0,0.001,6.0,8.0,16.0,1.0,64.0,2.593785893623135e-06,2.270566710649291e-06,0.0012423722073435,0.0011447975412011,0.9999839663505554,0.9999860525131226,452.0,1827.0,31602.64,0.0267308456823229,0.0247165076434612,0.0260604508221149
1.0,qlstm_linear_enhanced_paper,original_2,henon_1000,4.0,0.001,6.0,8.0,16.0,2.0,64.0,2.0902976757497527e-05,2.270084587507881e-05,0.0034449351951479,0.003649387974292,0.9998711943626404,0.9998612999916076,452.0,1717.0,30670.24,0.0757326357066631,0.077643297612667,0.0780265182256698
1.0,qlstm_linear_enhanced_paper,original_2,henon_1000,4.0,0.001,6.0,8.0,16.0,4.0,64.0,0.0042442763224244,0.002959334058687,0.0415789075195789,0.0387964807450771,0.9733193516731262,0.9813201427459716,452.0,3224.0,84867.77,0.0743682757019996,0.074109174311161,0.0747740194201469
1.0,qlstm_linear_enhanced_paper,original_3,henon_1000,4.0,0.001,6.0,8.0,4.0,1.0,64.0,1.2164205145381857e-06,1.2339104387137922e-06,0.0008391853771172,0.0008565275929868,0.9999925494194032,0.9999924898147584,524.0,1656.0,8894.17,0.0105651015415787,0.0096345394849777,0.0104375844821333
1.0,qlstm_linear_enhanced_paper,original_3,henon_1000,4.0,0.001,6.0,8.0,4.0,2.0,64.0,2.5695930162328292e-05,2.22269391088048e-05,0.0037540791090577,0.0034977542236447,0.9998427033424376,0.9998645186424256,524.0,1806.0,9931.42,0.0375093109905719,0.0364350117743015,0.0385001115500927
1.0,qlstm_linear_enhanced_paper,original_3,henon_1000,4.0,0.001,6.0,8.0,4.0,4.0,64.0,0.0003159569459967,0.0003716312348842,0.0120337372645735,0.0131067680194973,0.998035192489624,0.9976849555969238,524.0,4597.0,24151.57,0.0748137861490249,0.0732268840074539,0.0743909403681755
1.0,qlstm_linear_enhanced_paper,original_3,henon_1000,4.0,0.001,6.0,8.0,8.0,1.0,64.0,1.6783545788712215e-06,1.6903651385291596e-06,0.0009829889750108,0.0009917417773976,0.999989926815033,0.999989688396454,524.0,1962.0,22421.13,0.0218739815056324,0.020165292546153,0.0213764254003763
1.0,qlstm_linear_enhanced_paper,original_3,henon_1000,4.0,0.001,6.0,8.0,8.0,2.0,64.0,1.4119857041805515e-05,1.4718506463395896e-05,0.0028084414079785,0.0029915161430835,0.9999126195907592,0.999908685684204,524.0,1841.0,20919.24,0.0476572528481483,0.0452357195317745,0.0475705452263355
1.0,qlstm_linear_enhanced_paper,original_3,henon_1000,4.0,0.001,6.0,8.0,8.0,4.0,64.0,0.0010714378440752,0.0010714353993535,0.0209776759147644,0.0221255663782358,0.993341624736786,0.993304431438446,524.0,2717.0,30139.53,0.0721391774713993,0.0725686624646186,0.0739563703536987
,,,,,,,,,,,,,,,,,,,,,,
,,,,,,,,,,,,,,,,,,,,,,
1.0,qlstm_linear_enhanced_paper,original_3,henon_1000,4.0,0.001,6.0,8.0,16.0,4.0,64.0,0.0326109863817691,0.032620295882225,0.1420062184333801,0.1418122798204422,0.7717803120613098,0.7701221108436584,524.0,905.0,20920.16,0.0738853849470615,0.0736364126205444,0.0742895081639289
1.0,qlstm_linear_enhanced_paper,original_1,henon_1000,4.0,0.001,6.0,16.0,4.0,1.0,64.0,6.0082879826950375e-06,5.685752512363251e-06,0.0018526656785979,0.0018147532828152,0.9999628663063048,0.999964714050293,668.0,1200.0,3561.03,0.009152039187029,0.0086375530809164,0.0095146177336573
1.0,qlstm_linear_enhanced_paper,original_1,henon_1000,4.0,0.001,6.0,16.0,4.0,2.0,64.0,7.450927660102025e-05,8.116450771922246e-05,0.0059757232666015,0.0064401919953525,0.9995379447937012,0.9994968771934508,668.0,1717.0,5198.31,0.0609279569238424,0.0589638724923133,0.0608602873980999
,,,,,,,,,,,,,,,,,,,,,,
,,,,,,,,,,,,,,,,,,,,,,
,,,,,,,,,,,,,,,,,,,,,,
,,,,,,,,,,,,,,,,,,,,,,
1.0,qlstm_linear_enhanced_paper,original_1,henon_1000,4.0,0.001,6.0,16.0,16.0,1.0,64.0,9.26025131775532e-06,9.010469511849806e-06,0.0023227191995829,0.0023002629168331,0.9999436736106871,0.9999447464942932,668.0,1227.0,15280.45,0.0188274412415921,0.0178259965032339,0.0192498173564672
1.0,qlstm_linear_enhanced_paper,original_1,henon_1000,4.0,0.001,6.0,16.0,16.0,2.0,64.0,5.497521487995982e-05,4.753462417284027e-05,0.0049889171496033,0.0051006749272346,0.9996724128723145,0.999704897403717,668.0,1229.0,15289.59,0.0450149074196815,0.0441613458096981,0.0462220422923564
,,,,,,,,,,,,,,,,,,,,,,
1.0,qlstm_linear_enhanced_paper,original_2,henon_1000,4.0,0.001,6.0,16.0,4.0,1.0,64.0,4.049596100230701e-06,3.656022045106511e-06,0.0014921709662303,0.001480073435232,0.999976396560669,0.9999777674674988,740.0,1494.0,6481.5,0.0105789140798151,0.0100509319454431,0.0109959561377763
1.0,qlstm_linear_enhanced_paper,original_2,henon_1000,4.0,0.001,6.0,16.0,4.0,2.0,64.0,2.651236172823701e-05,2.6032375899376348e-05,0.0035647705662995,0.0035441026557236,0.9998397827148438,0.9998437166213988,740.0,2317.0,9745.43,0.0256964690983295,0.0254553165286779,0.0273850727826356
1.0,qlstm_linear_enhanced_paper,original_2,henon_1000,4.0,0.001,6.0,16.0,4.0,4.0,64.0,0.0034845010377466,0.0034363125450909,0.0419430471956729,0.0404985733330249,0.978147566318512,0.9782469272613524,740.0,3824.0,28929.21,0.0752476811408996,0.0737647414207458,0.0749465897679328
1.0,qlstm_linear_enhanced_paper,original_2,henon_1000,4.0,0.001,6.0,16.0,8.0,1.0,64.0,3.262799964431906e-06,3.310612100904109e-06,0.0014630986843258,0.0014396324986591,0.9999803900718688,0.9999797940254213,740.0,1643.0,14367.69,0.0137137595564126,0.0131212100386619,0.0143610751256346
,,,,,,,,,,,,,,,,,,,,,,
,,,,,,,,,,,,,,,,,,,,,,
,,,,,,,,,,,,,,,,,,,,,,
1.0,qlstm_linear_enhanced_paper,original_2,henon_1000,4.0,0.001,6.0,16.0,16.0,2.0,64.0,5.605863043456338e-05,6.955315620871261e-05,0.0055791740305721,0.0056420448236167,0.9996647834777832,0.999585747718811,740.0,822.0,14743.3,0.056528802588582,0.0534310154616832,0.0558147281408309
1.0,qlstm_linear_enhanced_paper,original_2,henon_1000,4.0,0.001,6.0,16.0,16.0,4.0,64.0,0.0161702670156955,0.0187587086111307,0.0956854224205017,0.1005901545286178,0.8937349915504456,0.8752104043960571,740.0,1295.0,22938.73,0.0748613461852073,0.074655957520008,0.0752753168344497
1.0,qlstm_linear_enhanced_paper,original_3,henon_1000,4.0,0.001,6.0,16.0,4.0,1.0,64.0,4.0616191654407885e-06,3.660895345092285e-06,0.0015777123626321,0.0015543525805696,0.9999765157699584,0.999978005886078,812.0,1349.0,7443.53,0.0130857097916305,0.0120578724890947,0.0134369991719722
,,,,,,,,,,,,,,,,,,,,,,
,,,,,,,,,,,,,,,,,,,,,,
1.0,qlstm_linear_enhanced_paper,original_3,henon_1000,4.0,0.001,6.0,16.0,8.0,1.0,64.0,1.8264076970808676e-06,1.4162882280288611e-06,0.0009644047240726,0.0008736732415854,0.9999886751174928,0.9999911189079284,812.0,1434.0,16420.94,0.0146260346285998,0.0137260500341653,0.0147841805592179
1.0,qlstm_linear_enhanced_paper,original_3,henon_1000,4.0,0.001,6.0,16.0,8.0,2.0,64.0,1.5573643395327963e-05,1.5312267350964248e-05,0.002828583586961,0.0029751874972134,0.9999047517776488,0.9999046921730042,812.0,1216.0,13990.06,0.0557929322123527,0.0520609356462955,0.0544917993247509
1.0,qlstm_linear_enhanced_paper,original_3,henon_1000,4.0,0.001,6.0,16.0,8.0,4.0,64.0,0.0093995910137891,0.0093232551589608,0.054228913038969,0.0517479665577411,0.9406413435935974,0.940396010875702,812.0,2929.0,32243.72,0.0741117801517248,0.0748894736170768,0.076037973165512
1.0,qlstm_linear_enhanced_paper,original_3,henon_1000,4.0,0.001,6.0,16.0,16.0,1.0,64.0,5.094293555885088e-06,5.018362571718171e-06,0.0018723898101598,0.001852277549915,0.9999691843986512,0.9999693036079408,812.0,1231.0,29176.64,0.020220555178821,0.0182308889925479,0.0195786543190479
1.0,qlstm_linear_enhanced_paper,original_3,henon_1000,4.0,0.001,6.0,16.0,16.0,2.0,64.0,7.4722520366776735e-06,7.437545264110668e-06,0.0020427170675247,0.0020395740866661,0.9999538064002992,0.9999539852142334,812.0,1566.0,35697.45,0.0535091746598482,0.0514831356704235,0.0538771413266658
,,,,,,,,,,,,,,,,,,,,,,
1.0,qlstm_linear_enhanced_paper,original_1,henon_1000,4.0,0.001,6.0,32.0,4.0,1.0,64.0,5.416252861323301e-06,4.588132924254751e-06,0.0017840730724856,0.0016674534417688,0.9999676942825316,0.9999719858169556,1244.0,1093.0,3178.42,0.0056662942748516,0.0054709748364984,0.0058937487192451
1.0,qlstm_linear_enhanced_paper,original_1,henon_1000,4.0,0.001,6.0,32.0,4.0,2.0,64.0,1.4775478121009655e-05,1.3772691090707667e-05,0.0025691555347293,0.0026397099718451,0.9999112486839294,0.9999182224273682,1244.0,1762.0,5162.9,0.0408426661044359,0.0400215722620487,0.0424537323415279
1.0,qlstm_linear_enhanced_paper,original_1,henon_1000,4.0,0.001,6.0,32.0,4.0,4.0,64.0,0.0011553487274795,0.0012285569682717,0.0233737640082836,0.0251180250197649,0.9928741455078124,0.9922981262207032,1244.0,3569.0,10345.77,0.0752574756741523,0.0736159682273864,0.0748745575547218
1.0,qlstm_linear_enhanced_paper,original_1,henon_1000,4.0,0.001,6.0,32.0,8.0,1.0,64.0,5.188313025428215e-06,4.937679477734491e-06,0.0018125023925676,0.0018438391853123,0.999968409538269,0.9999695420265198,1244.0,1316.0,8058.8,0.0250420164316892,0.0235163737088441,0.0248964708298444
1.0,qlstm_linear_enhanced_paper,original_1,henon_1000,4.0,0.001,6.0,32.0,8.0,2.0,64.0,2.6061747121275403e-05,2.6106672521564175e-05,0.00378233124502,0.0038107384461909,0.999839186668396,0.9998387694358826,1244.0,1138.0,6786.88,0.0645479422062635,0.0644876584410667,0.0664351284503936
1.0,qlstm_linear_enhanced_paper,original_1,henon_1000,4.0,0.001,6.0,32.0,8.0,4.0,64.0,0.0377681888639926,0.036391869187355,0.1476803719997406,0.1373312473297119,0.7321264147758484,0.7403934597969055,1244.0,2630.0,15916.44,0.0735258817672729,0.0742386057972908,0.0755141451954841
1.0,qlstm_linear_enhanced_paper,original_1,henon_1000,4.0,0.001,6.0,32.0,16.0,1.0,64.0,1.6794059547464713e-06,1.4846908698018524e-06,0.0009976590517908,0.0009116931469179,0.999990165233612,0.9999912977218628,1244.0,1279.0,15625.86,0.0102404637727886,0.0096960989758372,0.0107668992131948
1.0,qlstm_linear_enhanced_paper,original_1,henon_1000,4.0,0.001,6.0,32.0,16.0,2.0,64.0,1.2278544090804644e-05,1.2135913493693806e-05,0.0026332021225243,0.0026115146465599,0.9999241828918456,0.9999256134033204,1244.0,1524.0,18817.2,0.0671671189367771,0.0670161619782447,0.0680637806653976
1.0,qlstm_linear_enhanced_paper,original_1,henon_1000,4.0,0.001,6.0,32.0,16.0,4.0,64.0,0.0323275923728942,0.0235212631523609,0.1340008974075317,0.1137228533625602,0.7752735018730164,0.8410490155220032,1244.0,1439.0,17676.93,0.0744257010519504,0.0741584673523902,0.0747815445065498
1.0,qlstm_linear_enhanced_paper,original_2,henon_1000,4.0,0.001,6.0,32.0,4.0,1.0,64.0,1.0475486305949744e-05,8.83759912539972e-06,0.0023636121768504,0.0023192677181214,0.999935269355774,0.999944806098938,1316.0,1216.0,5222.5,0.0080430232454091,0.0072513213381171,0.0081211319193243
1.0,qlstm_linear_enhanced_paper,original_2,henon_1000,4.0,0.001,6.0,32.0,4.0,2.0,64.0,4.300388172850944e-05,5.210108793107793e-05,0.0038161838892847,0.0043400614522397,0.999739408493042,0.99968820810318,1316.0,1763.0,7450.92,0.0258358197286725,0.0253448039293289,0.0262633319944143
1.0,qlstm_linear_enhanced_paper,original_2,henon_1000,4.0,0.001,6.0,32.0,4.0,4.0,64.0,0.0086448201909661,0.0058474503457546,0.0532368086278438,0.0469061471521854,0.9448657035827636,0.9626917243003844,1316.0,4088.0,17300.62,0.0749682545661926,0.0733519569039344,0.0747122913599014
1.0,qlstm_linear_enhanced_paper,original_2,henon_1000,4.0,0.001,6.0,32.0,8.0,1.0,64.0,1.9887086182279745e-06,1.8551381799625237e-06,0.0010419348254799,0.0010539774084463,0.9999881386756896,0.9999890327453612,1316.0,1255.0,10987.48,0.0024679317371919,0.0025357517879456,0.0026932128239423
,,,,,,,,,,,,,,,,,,,,,,
,,,,,,,,,,,,,,,,,,,,,,
1.0,qlstm_linear_enhanced_paper,original_2,henon_1000,4.0,0.001,6.0,32.0,16.0,1.0,64.0,4.335340690886369e-06,3.9096571526897606e-06,0.0016360013978555,0.0015549388481304,0.9999732971191406,0.999975860118866,1316.0,1139.0,20392.13,0.0156635963357985,0.0144698489457368,0.0162145663052797
1.0,qlstm_linear_enhanced_paper,original_2,henon_1000,4.0,0.001,6.0,32.0,16.0,2.0,64.0,2.021787076955661e-05,2.073713403660804e-05,0.0031076821032911,0.0032899293582886,0.9998754858970642,0.9998736381530762,1316.0,1749.0,30922.9,0.0590914357453584,0.0564345642924308,0.058551725000143
1.0,qlstm_linear_enhanced_paper,original_2,henon_1000,4.0,0.001,6.0,32.0,16.0,4.0,64.0,0.0561337359249591,0.0338766053318977,0.1798581480979919,0.138799786567688,0.5936024188995361,0.761911153793335,1316.0,1527.0,26652.41,0.0739023700356483,0.0733592137694358,0.0739999040961265
1.0,qlstm_linear_enhanced_paper,original_3,henon_1000,4.0,0.001,6.0,32.0,4.0,1.0,64.0,3.5736491099669365e-06,3.1517265597358346e-06,0.0014564041048288,0.0014232448302209,0.9999779462814332,0.9999805092811584,1388.0,1230.0,12540.52,0.0052232944406569,0.0049136402085423,0.0053180139511823
1.0,qlstm_linear_enhanced_paper,original_3,henon_1000,4.0,0.001,6.0,32.0,4.0,2.0,64.0,2.7162808692082763e-05,2.8448790544644e-05,0.003558702301234,0.0037729004397988,0.9998326301574708,0.9998257160186768,1388.0,1605.0,8894.54,0.0471086792647838,0.045068185776472,0.0478226952254772
1.0,qlstm_linear_enhanced_paper,original_3,henon_1000,4.0,0.001,6.0,32.0,4.0,4.0,64.0,0.0047031762078404,0.0036568599753081,0.0472534075379371,0.0426373817026615,0.97047358751297,0.9772249460220336,1388.0,2522.0,13938.85,0.0772871769964695,0.0759534686803817,0.0768800005316734
1.0,qlstm_linear_enhanced_paper,original_3,henon_1000,4.0,0.001,6.0,32.0,8.0,1.0,64.0,3.6418532545212656e-06,3.507976771288668e-06,0.0015164876822382,0.0014711142284795,0.9999777674674988,0.999978482723236,1388.0,1095.0,12571.22,0.002883417205885,0.0026736846193671,0.0029021918307989
1.0,qlstm_linear_enhanced_paper,original_3,henon_1000,4.0,0.001,6.0,32.0,8.0,2.0,64.0,1.4543464203597978e-05,1.4393638593901414e-05,0.0028976686298847,0.0028352884110063,0.9999101161956788,0.9999125599861144,1388.0,1609.0,17893.56,0.0369816228747367,0.0365117602050304,0.0379084907472133
1.0,qlstm_linear_enhanced_paper,original_3,henon_1000,4.0,0.001,6.0,32.0,8.0,4.0,64.0,0.0022602777462452,0.002145882230252,0.0320653766393661,0.0306828189641237,0.9861125946044922,0.9865002036094666,1388.0,2784.0,30233.65,0.0730875417590141,0.0737523287534713,0.0750563144683837
1.0,qlstm_linear_enhanced_paper,original_3,henon_1000,4.0,0.001,6.0,32.0,16.0,1.0,64.0,2.186577830798342e-06,1.9798553694272414e-06,0.0010679762344807,0.0010327701456844,0.9999867081642152,0.9999880194664,1388.0,1173.0,25915.29,0.0011390980333089,0.0011263998458161,0.0011768282856792
1.0,qlstm_linear_enhanced_paper,original_3,henon_1000,4.0,0.001,6.0,32.0,16.0,2.0,64.0,1.1185878975084051e-05,1.0595547792036086e-05,0.0024656630121171,0.0025058137252926,0.9999310970306396,0.9999343156814576,1388.0,1291.0,29580.45,0.0356344062834978,0.0358005836606025,0.0375193394720554
1.0,qlstm_linear_enhanced_paper,original_3,henon_1000,4.0,0.001,6.0,32.0,16.0,4.0,64.0,0.0008617962594144,0.0005970001220703,0.0188748147338628,0.0167328603565692,0.9946556091308594,0.9962595105171204,1388.0,2896.0,64225.36,0.0735009282827377,0.0730619579553604,0.0737468600273132
1.0,qlstm_linear_enhanced_paper,original_1,henon_1000,5.0,0.001,6.0,8.0,4.0,1.0,64.0,3.1738857160235057e-06,3.0401060939766467e-06,0.0013916158350184,0.0013638290110975,0.9999805092811584,0.999981164932251,380.0,1848.0,5419.36,0.0271076686680316,0.026167994365096,0.0275329984724521
1.0,qlstm_linear_enhanced_paper,original_1,henon_1000,5.0,0.001,6.0,8.0,4.0,2.0,64.0,1.280017022509128e-05,1.2512826288002545e-05,0.0026193484663963,0.002670505316928,0.9999215006828308,0.9999221563339232,380.0,1464.0,4343.29,0.0681174043565988,0.0681072250008583,0.0692143663764
1.0,qlstm_linear_enhanced_paper,original_1,henon_1000,5.0,0.001,6.0,8.0,4.0,4.0,64.0,0.0022285813465714,0.0016344735631719,0.0301601439714431,0.0262049958109855,0.9860591292381288,0.9897481799125672,380.0,5965.0,17418.79,0.0733447037637233,0.0726667195558548,0.0740426480770111
1.0,qlstm_linear_enhanced_paper,original_1,henon_1000,5.0,0.001,6.0,8.0,8.0,1.0,64.0,2.323294438610901e-06,2.451919726809137e-06,0.0011380438227206,0.0011619806755334,0.9999856352806092,0.9999848008155824,380.0,1929.0,11621.86,0.0333566572517156,0.0307979565113782,0.0320034921169281
1.0,qlstm_linear_enhanced_paper,original_1,henon_1000,5.0,0.001,6.0,8.0,8.0,2.0,64.0,1.5810244804015383e-05,1.3454067811835556e-05,0.0026852148585021,0.0025281652342528,0.9999033212661744,0.999916672706604,380.0,2882.0,16960.98,0.0743368819355964,0.0728818252682685,0.0742611512541771
1.0,qlstm_linear_enhanced_paper,original_1,henon_1000,5.0,0.001,6.0,8.0,8.0,4.0,64.0,0.0205896999686956,0.0162056293338537,0.1001145616173744,0.0907586142420768,0.8649708032608032,0.8929757475852966,380.0,4056.0,23556.35,0.0748811781406402,0.0753683894872665,0.0765598639845848
1.0,qlstm_linear_enhanced_paper,original_1,henon_1000,5.0,0.001,6.0,8.0,16.0,1.0,64.0,3.7726990740338806e-06,3.4348761346336687e-06,0.0014303543139249,0.0014069027965888,0.9999770522117616,0.9999790787696838,380.0,1937.0,23494.71,0.0302545784041285,0.0282166879624128,0.0293666701763868
1.0,qlstm_linear_enhanced_paper,original_1,henon_1000,5.0,0.001,6.0,8.0,16.0,2.0,64.0,7.50882145439391e-06,7.494882993341889e-06,0.0019491674611344,0.0020302368793636,0.9999535083770752,0.9999544024467468,380.0,2841.0,33941.91,0.0686090618371963,0.0664928182959556,0.0678811073303222
1.0,qlstm_linear_enhanced_paper,original_1,henon_1000,5.0,0.001,6.0,8.0,16.0,4.0,64.0,0.0024616532027721,0.0026921012904495,0.0369283109903335,0.0378492809832096,0.984638810157776,0.983051896095276,380.0,3087.0,36866.75,0.0759572267532348,0.0735453367233276,0.0742460265755653
1.0,qlstm_linear_enhanced_paper,original_2,henon_1000,5.0,0.001,6.0,8.0,4.0,1.0,64.0,6.325184358502156e-07,5.351489562599454e-07,0.0005700756446458,0.0005447375006042,0.9999961256980896,0.9999967217445374,452.0,1826.0,7939.28,0.0201299238950014,0.0193136967718601,0.0205753035843372
1.0,qlstm_linear_enhanced_paper,original_2,henon_1000,5.0,0.001,6.0,8.0,4.0,2.0,64.0,4.512782834353857e-05,4.437052848516032e-05,0.0043789567425847,0.0044911876320838,0.9997206330299376,0.9997248649597168,452.0,1306.0,5593.85,0.072804969549179,0.0736498981714248,0.0745377838611602
1.0,qlstm_linear_enhanced_paper,original_2,henon_1000,5.0,0.001,6.0,8.0,4.0,4.0,64.0,0.0002707710955291,0.0002656917495187,0.0119239566847682,0.0122108925133943,0.9983199834823608,0.9983410239219666,452.0,4338.0,18104.03,0.0745884492993354,0.0744286254048347,0.0755302086472511
1.0,qlstm_linear_enhanced_paper,original_2,henon_1000,5.0,0.001,6.0,8.0,8.0,1.0,64.0,5.241676035439014e-07,5.432312377706694e-07,0.0005430336459539,0.0005430852179415,0.9999968409538268,0.9999966025352478,452.0,1625.0,13883.57,0.0273745127022266,0.0251018647104501,0.0263372473418712
1.0,qlstm_linear_enhanced_paper,original_2,henon_1000,5.0,0.001,6.0,8.0,8.0,2.0,64.0,8.808251550362911e-06,7.649177860002965e-06,0.0022437407169491,0.0021317319478839,0.9999460577964784,0.9999520778656006,452.0,1778.0,15361.18,0.0671906311064958,0.0639621838927269,0.0657452866435051
1.0,qlstm_linear_enhanced_paper,original_2,henon_1000,5.0,0.001,6.0,8.0,8.0,4.0,64.0,0.0007232517236843,0.0006314495694823,0.0157467927783727,0.015750914812088,0.995521605014801,0.9960753917694092,452.0,2851.0,24378.71,0.073812298476696,0.0741935148835182,0.0754932835698127
1.0,qlstm_linear_enhanced_paper,original_2,henon_1000,5.0,0.001,6.0,8.0,16.0,1.0,64.0,4.171685759501997e-06,4.174289642833173e-06,0.0016598497750237,0.0016897286986932,0.9999745488166808,0.999974489212036,452.0,1841.0,31653.01,0.0143354035913944,0.0130805876106023,0.0143589312210679
1.0,qlstm_linear_enhanced_paper,original_2,henon_1000,5.0,0.001,6.0,8.0,16.0,2.0,64.0,1.0956886399071664e-05,1.1129819540656172e-05,0.0025217386428266,0.0025729057379066,0.999933898448944,0.9999311566352844,452.0,1384.0,40939.45,0.0751952201128006,0.0756849199533462,0.0760400965809822
1.0,qlstm_linear_enhanced_paper,original_2,henon_1000,5.0,0.001,6.0,8.0,16.0,4.0,64.0,0.0006253284518606,0.0005552803049795,0.0176723506301641,0.016905402764678,0.9962342381477356,0.9965326189994812,452.0,3228.0,54976.76,0.0789894722402095,0.076559841632843,0.0771122947335243
1.0,qlstm_linear_enhanced_paper,original_3,henon_1000,5.0,0.001,6.0,8.0,4.0,1.0,64.0,4.900023668596987e-06,4.888133389613358e-06,0.0016228489112108,0.001633066451177,0.9999700784683228,0.9999694228172302,524.0,1620.0,9046.69,0.0189592805691063,0.0189474262297153,0.0204895976930856
1.0,qlstm_linear_enhanced_paper,original_3,henon_1000,5.0,0.001,6.0,8.0,4.0,2.0,64.0,2.2113330487627536e-05,2.087002394546289e-05,0.002856959355995,0.0028136831242591,0.9998634457588196,0.9998705983161926,524.0,1861.0,18761.87,0.0212965449318289,0.02076250128448,0.0220903232693672
,,,,,,,,,,,,,,,,,,,,,,
1.0,qlstm_linear_enhanced_paper,original_3,henon_1000,5.0,0.001,6.0,8.0,8.0,1.0,64.0,1.9056642486248163e-06,1.782423510121589e-06,0.0010674283839762,0.0010342306923121,0.999989092350006,0.9999898672103882,524.0,1794.0,20172.07,0.0366649724543094,0.0347816087305545,0.0353461652994155
1.0,qlstm_linear_enhanced_paper,original_3,henon_1000,5.0,0.001,6.0,8.0,8.0,2.0,64.0,1.1665121746773366e-05,1.148768023995217e-05,0.0023944349959492,0.0024953200481832,0.9999304413795472,0.9999287724494934,524.0,1719.0,19508.08,0.0729534924030304,0.0693958327174186,0.0709840431809425
1.0,qlstm_linear_enhanced_paper,original_3,henon_1000,5.0,0.001,6.0,8.0,8.0,4.0,64.0,0.0008571653743274,0.0006011517834849,0.0175085458904504,0.0166585333645343,0.9947113394737244,0.9962440133094788,524.0,2483.0,28045.56,0.0761778511106967,0.0765688866376876,0.0776571482419967
1.0,qlstm_linear_enhanced_paper,original_3,henon_1000,5.0,0.001,6.0,8.0,16.0,1.0,64.0,6.467190360126551e-06,6.342389042401919e-06,0.0019500501221045,0.0019543778616935,0.9999603033065796,0.9999611377716064,524.0,1126.0,25796.7,0.0083073920570313,0.0074999374337494,0.0081501966342329
1.0,qlstm_linear_enhanced_paper,original_3,henon_1000,5.0,0.001,6.0,8.0,16.0,2.0,64.0,1.250409331987612e-05,1.229226018040208e-05,0.0025899570900946,0.0025755416136235,0.999924898147583,0.9999271035194396,524.0,1412.0,32255.48,0.0313265120610594,0.0297149680554866,0.0314006470143795
1.0,qlstm_linear_enhanced_paper,original_3,henon_1000,5.0,0.001,6.0,8.0,16.0,4.0,64.0,0.0005560867139138,0.000577668310143,0.0166107881814241,0.0167277939617633,0.9965630769729614,0.9964181780815125,524.0,3533.0,77773.86,0.0734477337449789,0.0704965516924858,0.0714725404977798
1.0,qlstm_linear_enhanced_paper,original_1,henon_1000,5.0,0.001,6.0,16.0,4.0,1.0,64.0,4.98052395414561e-06,4.274940692994278e-06,0.0014335216255858,0.0014128297334536,0.9999691247940063,0.999973475933075,668.0,1895.0,5477.61,0.0208673204295337,0.0206316150724887,0.0221611689776182
1.0,qlstm_linear_enhanced_paper,original_1,henon_1000,5.0,0.001,6.0,16.0,4.0,2.0,64.0,2.8326876417850144e-05,2.715300433919765e-05,0.0035204961895942,0.0035281786695122,0.99982488155365,0.9998302459716796,668.0,2000.0,5800.71,0.0716195549815893,0.0725762620568275,0.0737213119864463
1.0,qlstm_linear_enhanced_paper,original_1,henon_1000,5.0,0.001,6.0,16.0,4.0,4.0,64.0,0.0023747505620121,0.0020735554862767,0.0356574095785617,0.034478697925806,0.9851801991462708,0.986925721168518,668.0,2233.0,6695.96,0.0754326775670051,0.0753277987241745,0.0763744339346885
,,,,,,,,,,,,,,,,,,,,,,
,,,,,,,,,,,,,,,,,,,,,,
,,,,,,,,,,,,,,,,,,,,,,
1.0,qlstm_linear_enhanced_paper,original_1,henon_1000,5.0,0.001,6.0,16.0,16.0,1.0,64.0,7.163606824178714e-06,6.354113338602474e-06,0.0020955088548362,0.00198156083934,0.9999568462371826,0.9999613165855408,668.0,1255.0,15088.26,0.020867240615189,0.0189217682927846,0.0203959476202726
1.0,qlstm_linear_enhanced_paper,original_1,henon_1000,5.0,0.001,6.0,16.0,16.0,2.0,64.0,2.3701475583948195e-05,2.2730153432348743e-05,0.0035584589932113,0.0036533407401293,0.9998541474342346,0.9998589158058168,668.0,1698.0,20756.17,0.0732306167483329,0.0733878463506698,0.0739220008254051
1.0,qlstm_linear_enhanced_paper,original_1,henon_1000,5.0,0.001,6.0,16.0,16.0,4.0,64.0,0.0051693990826606,0.0071962601505219,0.0541717708110809,0.0610630959272384,0.967278778553009,0.9539549350738524,668.0,2068.0,24548.07,0.0758197754621505,0.0732018500566482,0.0739741101861
1.0,qlstm_linear_enhanced_paper,original_2,henon_1000,5.0,0.001,6.0,16.0,4.0,1.0,64.0,2.611878926472855e-06,2.6321038149035303e-06,0.0012543856864795,0.0012489082291722,0.9999840259552002,0.9999836683273317,740.0,1622.0,6826.28,0.0112481831107288,0.010888579301536,0.0120347468182444
1.0,qlstm_linear_enhanced_paper,original_2,henon_1000,5.0,0.001,6.0,16.0,4.0,2.0,64.0,1.4691789147036616e-05,1.4275476132752374e-05,0.0027661363128572,0.002604785375297,0.999909520149231,0.9999106526374816,740.0,1632.0,6979.8,0.0266699906438589,0.0265889260917902,0.0281865075230598
1.0,qlstm_linear_enhanced_paper,original_2,henon_1000,5.0,0.001,6.0,16.0,4.0,4.0,64.0,0.0007371711544692,0.0006903508328832,0.017610078677535,0.0177167374640703,0.99542236328125,0.9956846237182616,740.0,3881.0,16024.66,0.0732827879488468,0.0725096613168716,0.0739085674285888
1.0,qlstm_linear_enhanced_paper,original_2,henon_1000,5.0,0.001,6.0,16.0,8.0,1.0,64.0,2.655161551956553e-06,2.2787419311498525e-06,0.0012583753559738,0.001170368748717,0.9999848008155824,0.9999865293502808,740.0,1559.0,13617.53,0.0042379561113193,0.0041025294922292,0.0043540550395846
1.0,qlstm_linear_enhanced_paper,original_2,henon_1000,5.0,0.001,6.0,16.0,8.0,2.0,64.0,6.851783109595999e-05,4.901051943306811e-05,0.0051762913353741,0.0049910172820091,0.9995797872543336,0.9996989965438844,740.0,1205.0,10629.29,0.0552036836743354,0.0508128590881824,0.0534419044852256
1.0,qlstm_linear_enhanced_paper,original_2,henon_1000,5.0,0.001,6.0,16.0,8.0,4.0,64.0,0.0146510517224669,0.0127859190106391,0.077844887971878,0.0735409632325172,0.90522563457489,0.91652113199234,740.0,2881.0,24363.42,0.0749992541968822,0.075444608926773,0.0766098499298095
1.0,qlstm_linear_enhanced_paper,original_2,henon_1000,5.0,0.001,6.0,16.0,16.0,1.0,64.0,4.41175643572933e-06,3.727102921402548e-06,0.001569528831169,0.0014761462807655,0.9999734163284302,0.9999771118164062,740.0,1349.0,23659.81,0.0106352992821484,0.009606278501451,0.0105815734714269
1.0,qlstm_linear_enhanced_paper,original_2,henon_1000,5.0,0.001,6.0,16.0,16.0,2.0,64.0,4.848628304898739e-05,4.268419070285745e-05,0.0051684668287634,0.0050652725622057,0.9997006058692932,0.9997342824935912,740.0,1039.0,31903.23,0.0564806386828422,0.0528361313045024,0.0551083013415336
1.0,qlstm_linear_enhanced_paper,original_2,henon_1000,5.0,0.001,6.0,16.0,16.0,4.0,64.0,0.001674375962466,0.0015061959857121,0.0295127537101507,0.0284227151423692,0.9895389676094056,0.9907214641571044,740.0,2204.0,37900.92,0.0757790967822074,0.073185846209526,0.0738844275474548
1.0,qlstm_linear_enhanced_paper,original_3,henon_1000,5.0,0.001,6.0,16.0,4.0,1.0,64.0,1.88303681625257e-06,1.8367775282968068e-06,0.0010259979171678,0.0009978511370718,0.9999885559082032,0.9999889135360718,812.0,1519.0,8503.31,0.0095096588134765,0.0094370367005467,0.0103262923657894
1.0,qlstm_linear_enhanced_paper,original_3,henon_1000,5.0,0.001,6.0,16.0,4.0,2.0,64.0,1.0294313142367171e-05,1.029343366099056e-05,0.0023407142143696,0.0023782991338521,0.999936819076538,0.999936580657959,812.0,1423.0,7943.97,0.0217141151428222,0.0207094475626945,0.0224265437573194
,,,,,,,,,,,,,,,,,,,,,,
1.0,qlstm_linear_enhanced_paper,original_3,henon_1000,5.0,0.001,6.0,16.0,8.0,1.0,64.0,3.0359778975252998e-06,2.873943230952136e-06,0.0012676116311922,0.0012279830407351,0.9999815225601196,0.9999825954437256,812.0,1508.0,17165.14,0.0027713146759197,0.002376357326284,0.0025504357181489
1.0,qlstm_linear_enhanced_paper,original_3,henon_1000,5.0,0.001,6.0,16.0,8.0,2.0,64.0,1.8700668078963645e-05,1.740751577017363e-05,0.0030631790868937,0.002988199936226,0.9998925924301147,0.9998939633369446,812.0,993.0,11555.61,0.0132275971584022,0.011763259768486,0.0129277678206563
1.0,qlstm_linear_enhanced_paper,original_3,henon_1000,5.0,0.001,6.0,16.0,8.0,4.0,64.0,0.0203946698457002,0.0184512976557016,0.101970188319683,0.0980353280901908,0.8647965788841248,0.8770202398300171,812.0,1418.0,16628.37,0.0726803794503212,0.0729100778698921,0.0744197517633438
1.0,qlstm_linear_enhanced_paper,original_3,henon_1000,5.0,0.001,6.0,16.0,16.0,1.0,64.0,5.590966338786529e-06,5.382606559578562e-06,0.0018885397585108,0.0018980473978444,0.9999655485153198,0.99996680021286,812.0,1404.0,32496.12,0.0185786597430706,0.0169106312096118,0.018368225544691
1.0,qlstm_linear_enhanced_paper,original_3,henon_1000,5.0,0.001,6.0,16.0,16.0,2.0,64.0,2.4474116798955947e-05,3.0342929676407948e-05,0.0035332490224391,0.0038840598426759,0.9998500347137452,0.9998114109039308,812.0,1246.0,28801.89,0.0363528493791818,0.0347386412322521,0.03622892126441
1.0,qlstm_linear_enhanced_paper,original_3,henon_1000,5.0,0.001,6.0,16.0,16.0,4.0,64.0,0.0432302579283714,0.0372060351073741,0.1647266447544098,0.152702659368515,0.6800732612609863,0.7310076355934143,812.0,1018.0,23914.6,0.0767011299729347,0.0740863382816314,0.0747193247079849
1.0,qlstm_linear_enhanced_paper,original_1,henon_1000,5.0,0.001,6.0,32.0,4.0,1.0,64.0,5.585038707067724e-06,4.903658918919973e-06,0.0017540286062285,0.0016856624279171,0.9999656677246094,0.9999693632125854,1244.0,1189.0,3558.58,0.0138210971839725,0.0133414575830101,0.0150423971936106
1.0,qlstm_linear_enhanced_paper,original_1,henon_1000,5.0,0.001,6.0,32.0,4.0,2.0,64.0,2.2382428142009303e-05,2.420291639282368e-05,0.0031937754247337,0.0033673103898763,0.9998626112937928,0.999848484992981,1244.0,1892.0,5577.51,0.0632620599120855,0.0625825449824333,0.0648333802819252
1.0,qlstm_linear_enhanced_paper,original_1,henon_1000,5.0,0.001,6.0,32.0,4.0,4.0,64.0,0.001353797619231,0.0014316556043922,0.0271759778261184,0.0283623244613409,0.9915784001350404,0.9910292625427246,1244.0,3822.0,11242.71,0.073602057993412,0.0728726759552955,0.074266068637371
1.0,qlstm_linear_enhanced_paper,original_1,henon_1000,5.0,0.001,6.0,32.0,8.0,1.0,64.0,3.6993794765294297e-06,3.42233420269622e-06,0.001448804163374,0.0014103971188887,0.9999772310256958,0.9999790191650392,1244.0,1319.0,7961.04,0.0123461664654314,0.0116525888442993,0.0126865664497017
1.0,qlstm_linear_enhanced_paper,original_1,henon_1000,5.0,0.001,6.0,32.0,8.0,2.0,64.0,1.9259154214523733e-05,1.5021646504465023e-05,0.0029597012326121,0.0028176542837172,0.9998806715011596,0.9999064803123474,1244.0,1514.0,9280.28,0.0546423222869634,0.050593864172697,0.0535098873078823
1.0,qlstm_linear_enhanced_paper,original_1,henon_1000,5.0,0.001,6.0,32.0,8.0,4.0,64.0,0.0014584984164685,0.0012222728691995,0.0236939210444688,0.0222330391407012,0.9909786581993104,0.9923270344734192,1244.0,2749.0,16063.86,0.0742088012397289,0.0746124759316444,0.075995810329914
1.0,qlstm_linear_enhanced_paper,original_1,henon_1000,5.0,0.001,6.0,32.0,16.0,1.0,64.0,5.806555236631539e-06,5.805390628665919e-06,0.0019005872309207,0.0019081006757915,0.9999666810035706,0.9999656677246094,1244.0,1087.0,13879.37,0.0158630719408392,0.0141518898308277,0.0158409569412469
1.0,qlstm_linear_enhanced_paper,original_1,henon_1000,5.0,0.001,6.0,32.0,16.0,2.0,64.0,3.452711825957522e-05,3.326419391669333e-05,0.0038859671913087,0.0040550120174884,0.999787449836731,0.9997952580451964,1244.0,1284.0,16050.53,0.0716800138354301,0.0724751055240631,0.0731405094265937
1.0,qlstm_linear_enhanced_paper,original_1,henon_1000,5.0,0.001,6.0,32.0,16.0,4.0,64.0,0.0041872356086969,0.006413746625185,0.0461102426052093,0.0533269681036472,0.97385972738266,0.9593667984008788,1244.0,1599.0,19437.33,0.0766947880387306,0.0741297304630279,0.0747652649879455
,,,,,,,,,,,,,,,,,,,,,,
,,,,,,,,,,,,,,,,,,,,,,
,,,,,,,,,,,,,,,,,,,,,,
1.0,qlstm_linear_enhanced_paper,original_2,henon_1000,5.0,0.001,6.0,32.0,8.0,1.0,64.0,5.07101503899321e-06,4.50604375146213e-06,0.0017669284716248,0.0016357004642486,0.999969482421875,0.9999731183052064,1316.0,947.0,8530.73,0.0095491745509207,0.0089447498321533,0.0096590928733348
1.0,qlstm_linear_enhanced_paper,original_2,henon_1000,5.0,0.001,6.0,32.0,8.0,2.0,64.0,2.8512600692920387e-05,2.9917675419710577e-05,0.0039303777739405,0.0039018306415528,0.9998340606689452,0.9998213648796082,1316.0,1117.0,9922.94,0.0741901494562626,0.0720047801733017,0.0732524693012237
,,,,,,,,,,,,,,,,,,,,,,
,,,,,,,,,,,,,,,,,,,,,,
1.0,qlstm_linear_enhanced_paper,original_2,henon_1000,5.0,0.001,6.0,32.0,16.0,2.0,64.0,3.393629231140949e-05,3.246327833039686e-05,0.0040746429003775,0.0040762992575764,0.999791383743286,0.9997992515563964,1316.0,880.0,15870.94,0.0468870859593153,0.0436798445880413,0.0459773875772953
1.0,qlstm_linear_enhanced_paper,original_2,henon_1000,5.0,0.001,6.0,32.0,16.0,4.0,64.0,0.0044598965905606,0.0017609696369618,0.0372302681207656,0.0301221068948507,0.9719825387001038,0.988989233970642,1316.0,3094.0,51815.75,0.0766267731785774,0.074201799929142,0.074808545410633
1.0,qlstm_linear_enhanced_paper,original_3,henon_1000,5.0,0.001,6.0,32.0,4.0,1.0,64.0,3.7770896597066894e-06,3.664911218947964e-06,0.0015557056758552,0.0015355236828327,0.9999768137931824,0.9999773502349854,1388.0,951.0,5363.22,0.002232736791484,0.0022161935921758,0.0024384402204304
,,,,,,,,,,,,,,,,,,,,,,
,,,,,,,,,,,,,,,,,,,,,,
1.0,qlstm_linear_enhanced_paper,original_3,henon_1000,5.0,0.001,6.0,32.0,8.0,1.0,64.0,1.6446682593596051e-06,1.4894297919454402e-06,0.0009614413138478,0.0008970352937467,0.999990165233612,0.999990940093994,1388.0,1060.0,11952.78,0.0048928307602182,0.0050646234303712,0.0055447476916015
1.0,qlstm_linear_enhanced_paper,original_3,henon_1000,5.0,0.001,6.0,32.0,8.0,2.0,64.0,1.895545756269712e-05,1.8952059690491296e-05,0.0031913518905639,0.003245765576139,0.9998871684074402,0.9998831748962402,1388.0,1024.0,11633.42,0.0441217847168445,0.0409591719508171,0.0436795800924301
1.0,qlstm_linear_enhanced_paper,original_3,henon_1000,5.0,0.001,6.0,32.0,8.0,4.0,64.0,0.0068152234889566,0.0104567417874932,0.0571511052548885,0.0708306804299354,0.957345962524414,0.9325062036514282,1388.0,2876.0,31848.22,0.073189727216959,0.0735051035881042,0.0750147998332977
,,,,,,,,,,,,,,,,,,,,,,
1.0,qlstm_linear_enhanced_paper,original_3,henon_1000,5.0,0.001,6.0,32.0,16.0,2.0,64.0,2.264583599753678e-05,2.3932012481964197e-05,0.003120276145637,0.0034197443164885,0.9998631477355956,0.9998513460159302,1388.0,1117.0,25636.88,0.0455864399671554,0.0431276001036167,0.0455040521919727
,,,,,,,,,,,,,,,,,,,,,,
,,,,,,,,,,,,,,,,,,,,,,
1.0,qlstm_linear_enhanced_paper,original_1,henon_1000,6.0,0.001,6.0,8.0,4.0,2.0,64.0,1.2274095752218273e-05,1.0419360478408636e-05,0.0021997550502419,0.0023282861802726,0.9999278783798218,0.9999381303787231,380.0,2249.0,6542.46,0.0738328240811824,0.073680356144905,0.0747225135564804
1.0,qlstm_linear_enhanced_paper,original_1,henon_1000,6.0,0.001,6.0,8.0,4.0,4.0,64.0,0.0004193806671537,0.0003839104028884,0.0122048482298851,0.0119113512337207,0.9974081516265868,0.9976023435592652,380.0,7015.0,20257.06,0.0724167495965957,0.073389746248722,0.0746233314275741
1.0,qlstm_linear_enhanced_paper,original_1,henon_1000,6.0,0.001,6.0,8.0,8.0,1.0,64.0,3.963187737099361e-06,3.614119350459077e-06,0.0015791157493367,0.0014894398627802,0.999975562095642,0.9999776482582092,380.0,1924.0,11706.38,0.028384905681014,0.0268613714724779,0.0280491579324007
,,,,,,,,,,,,,,,,,,,,,,
,,,,,,,,,,,,,,,,,,,,,,
1.0,qlstm_linear_enhanced_paper,original_1,henon_1000,6.0,0.001,6.0,8.0,16.0,1.0,64.0,3.54745498043485e-06,3.238178805986536e-06,0.0014827792765572,0.0014198139542713,0.999978244304657,0.999980330467224,380.0,1717.0,20972.09,0.0648270849138498,0.065261073410511,0.0657867193222045
1.0,qlstm_linear_enhanced_paper,original_1,henon_1000,6.0,0.001,6.0,8.0,16.0,2.0,64.0,2.8834212571382523e-05,2.405642408120912e-05,0.003827262436971,0.0034941248595714,0.9998317360877992,0.99985271692276,380.0,1691.0,20709.58,0.0673465702682733,0.0708239153027534,0.0718578174710273
1.0,qlstm_linear_enhanced_paper,original_1,henon_1000,6.0,0.001,6.0,8.0,16.0,4.0,64.0,0.0007284932071343,0.0007024779333733,0.0170048866420984,0.0184387937188148,0.9955297708511353,0.9956242442131042,380.0,4262.0,51936.72,0.0762094281613826,0.0753921568393707,0.0759761035442352
1.0,qlstm_linear_enhanced_paper,original_2,henon_1000,6.0,0.001,6.0,8.0,4.0,1.0,64.0,6.295091225183569e-06,6.607993327634176e-06,0.0020147403702139,0.0020608443301171,0.9999620914459229,0.9999595284461976,452.0,1604.0,6806.65,0.0224665062502026,0.0214250702410936,0.0227877777069807
1.0,qlstm_linear_enhanced_paper,original_2,henon_1000,6.0,0.001,6.0,8.0,4.0,2.0,64.0,4.449952393770218e-05,4.907367474515922e-05,0.0041615343652665,0.0043940092436969,0.99972403049469,0.9996932744979858,452.0,1408.0,6060.85,0.0681984208524227,0.0680615529417991,0.0694011449813842
1.0,qlstm_linear_enhanced_paper,original_2,henon_1000,6.0,0.001,6.0,8.0,4.0,4.0,64.0,0.0015532274264842,0.001390598132275,0.0279507916420698,0.0268292129039764,0.9903202652931212,0.9913110733032228,452.0,4700.0,19820.46,0.0730617318302393,0.0742001831531524,0.0752668753266334
1.0,qlstm_linear_enhanced_paper,original_2,henon_1000,6.0,0.001,6.0,8.0,8.0,1.0,64.0,2.539582737881574e-06,2.2330411866278155e-06,0.0012295134365558,0.0011656502028927,0.9999843835830688,0.9999861121177672,452.0,1724.0,15227.77,0.0176712919026613,0.0165916364639997,0.0178500097244977
,,,,,,,,,,,,,,,,,,,,,,
,,,,,,,,,,,,,,,,,,,,,,
1.0,qlstm_linear_enhanced_paper,original_2,henon_1000,6.0,0.001,6.0,8.0,16.0,1.0,64.0,1.714992436063767e-06,1.5248168665493722e-06,0.0010373612167313,0.0009802947752177,0.9999895095825196,0.9999907612800598,452.0,1437.0,25741.22,0.0071673874277621,0.0069190543144941,0.0075367162935435
1.0,qlstm_linear_enhanced_paper,original_2,henon_1000,6.0,0.001,6.0,8.0,16.0,2.0,64.0,2.838032742147334e-05,2.9007573175476864e-05,0.0039221071638166,0.004062149208039,0.999829649925232,0.999819815158844,452.0,1615.0,28380.56,0.0724740270525217,0.0755822584033012,0.0761845707893371
1.0,qlstm_linear_enhanced_paper,original_2,henon_1000,6.0,0.001,6.0,8.0,16.0,4.0,64.0,0.0006584827788174,0.0007778006256558,0.0162549875676631,0.0175867341458797,0.9959114789962769,0.9951594471931458,452.0,3814.0,64827.93,0.0752442099153995,0.0742884054780006,0.0748945549130439
1.0,qlstm_linear_enhanced_paper,original_3,henon_1000,6.0,0.001,6.0,8.0,4.0,1.0,64.0,5.388047611631919e-06,5.0394296522426885e-06,0.0016713995719328,0.0016410659300163,0.9999668598175048,0.9999685883522034,524.0,1494.0,8342.13,0.010959146823734,0.0108521366491913,0.0119394222274422
,,,,,,,,,,,,,,,,,,,,,,
1.0,qlstm_linear_enhanced_paper,original_3,henon_1000,6.0,0.001,6.0,8.0,4.0,4.0,64.0,0.0008807410486042,0.0007868648390285,0.0195968877524137,0.0193058624863624,0.9945367574691772,0.9950606226921082,524.0,3082.0,16967.85,0.075827482715249,0.0771642103791236,0.0779214948415756
1.0,qlstm_linear_enhanced_paper,original_3,henon_1000,6.0,0.001,6.0,8.0,8.0,1.0,64.0,1.1995928161923075e-06,1.2067743000443445e-06,0.0008132526418194,0.000818028463982,0.999993085861206,0.9999931454658508,524.0,1845.0,20919.26,0.0259601958096027,0.0242312029004097,0.0250613056123256
1.0,qlstm_linear_enhanced_paper,original_3,henon_1000,6.0,0.001,6.0,8.0,8.0,2.0,64.0,1.7877031496027485e-05,1.886468453449197e-05,0.0032984386198222,0.003331514308229,0.999891757965088,0.9998835921287536,524.0,1246.0,14513.72,0.0590976748615503,0.0572200343012809,0.0591778233647346
1.0,qlstm_linear_enhanced_paper,original_3,henon_1000,6.0,0.001,6.0,8.0,8.0,4.0,64.0,0.0009262232924811,0.0004873947764281,0.0186957847326993,0.0152246253564953,0.9942949414253236,0.9969623684883118,524.0,3495.0,38321.07,0.0742732174694538,0.075535275042057,0.0767026245594024
1.0,qlstm_linear_enhanced_paper,original_3,henon_1000,6.0,0.001,6.0,8.0,16.0,1.0,64.0,2.3933509964990662e-06,2.5444046514166985e-06,0.0012049759970977,0.0012031082296743,0.9999854564666748,0.9999846816062928,524.0,1717.0,40458.1,0.0183125189505517,0.0179805867373943,0.0193823967128992
1.0,qlstm_linear_enhanced_paper,original_3,henon_1000,6.0,0.001,6.0,8.0,16.0,2.0,64.0,1.8798365999828093e-05,1.6711424905224703e-05,0.0028665459249168,0.0028419375885277,0.999884068965912,0.9998959898948668,524.0,1308.0,30376.51,0.0725812502205371,0.076032318174839,0.0765022560954094
,,,,,,,,,,,,,,,,,,,,,,
1.0,qlstm_linear_enhanced_paper,original_1,henon_1000,6.0,0.001,6.0,16.0,4.0,1.0,64.0,1.4463573734246893e-06,1.586227654115646e-06,0.0008909867028705,0.0009426666074432,0.9999910593032836,0.9999901056289672,668.0,1501.0,4494.93,0.014683274552226,0.0141528025269508,0.0153490882366895
1.0,qlstm_linear_enhanced_paper,original_1,henon_1000,6.0,0.001,6.0,16.0,4.0,2.0,64.0,3.591838321881369e-05,3.690274388645776e-05,0.0043633189052343,0.0044590523466467,0.9997797012329102,0.9997716546058656,668.0,1747.0,5201.3,0.0418405227363109,0.0411969721317291,0.0438352040946483
,,,,,,,,,,,,,,,,,,,,,,
1.0,qlstm_linear_enhanced_paper,original_1,henon_1000,6.0,0.001,6.0,16.0,8.0,1.0,64.0,3.672428647405468e-06,3.507946075842483e-06,0.0014807471306994,0.0014513178030028,0.9999781847000122,0.9999792575836182,668.0,1275.0,7640.27,0.0130011469125747,0.0123330438509583,0.0133564267307519
1.0,qlstm_linear_enhanced_paper,original_1,henon_1000,6.0,0.001,6.0,16.0,8.0,2.0,64.0,7.510445720981807e-05,7.114743493730202e-05,0.005729860626161,0.0055483211763203,0.999535083770752,0.9995558261871338,668.0,1731.0,10644.0,0.0650257468223571,0.0642574056982994,0.0663474723696708
1.0,qlstm_linear_enhanced_paper,original_1,henon_1000,6.0,0.001,6.0,16.0,8.0,4.0,64.0,0.0015082334866747,0.0021042861044406,0.0283823367208242,0.0292713642120361,0.9907058477401732,0.9867511987686156,668.0,2866.0,17343.65,0.0741118095815181,0.0754489004611969,0.0766315087676048
1.0,qlstm_linear_enhanced_paper,original_1,henon_1000,6.0,0.001,6.0,16.0,16.0,1.0,64.0,1.7137034546976793e-06,1.7618461924939766e-06,0.0010021426714956,0.0010442254133522,0.9999895095825196,0.999989092350006,668.0,1626.0,19959.33,0.0454205892980098,0.0466277711093425,0.0464141964912414
1.0,qlstm_linear_enhanced_paper,original_1,henon_1000,6.0,0.001,6.0,16.0,16.0,2.0,64.0,4.458799958229065e-05,4.164098936598748e-05,0.0043888324871659,0.0042413705959916,0.9997258186340332,0.9997413158416748,668.0,2002.0,24464.44,0.0691816955804824,0.0723049044609069,0.0730054825544357
1.0,qlstm_linear_enhanced_paper,original_1,henon_1000,6.0,0.001,6.0,16.0,16.0,4.0,64.0,0.002860432723537,0.0018060599686577,0.0347309410572052,0.0295181851834058,0.98211270570755,0.9886656403541564,668.0,3667.0,43705.71,0.076422594487667,0.0758709982037544,0.0764334425330162
1.0,qlstm_linear_enhanced_paper,original_2,henon_1000,6.0,0.001,6.0,16.0,4.0,1.0,64.0,3.2707694117561914e-06,3.14190037897788e-06,0.0014620497822761,0.0014373363228514,0.9999800324440002,0.9999808073043824,740.0,1285.0,5528.69,0.0018062634975649,0.0017288553062826,0.0018347421428188
1.0,qlstm_linear_enhanced_paper,original_2,henon_1000,6.0,0.001,6.0,16.0,4.0,2.0,64.0,7.58176838644431e-06,6.8892095441697165e-06,0.0021023999433964,0.0020560144912451,0.9999530911445618,0.9999571442604064,740.0,1172.0,4966.11,0.0338875155895948,0.0330780893564224,0.0348756983876228
1.0,qlstm_linear_enhanced_paper,original_2,henon_1000,6.0,0.001,6.0,16.0,4.0,4.0,64.0,0.0011905181454494,0.0011056881630793,0.024949749931693,0.0248241443186998,0.9925836324691772,0.9930732250213624,740.0,3740.0,15691.97,0.0729553945362568,0.074229747056961,0.0753155350685119
1.0,qlstm_linear_enhanced_paper,original_2,henon_1000,6.0,0.001,6.0,16.0,8.0,1.0,64.0,4.63651258542086e-06,4.241425358486595e-06,0.001730911899358,0.0016860571922734,0.999971330165863,0.9999735355377196,740.0,1036.0,9376.71,0.0020564847975037,0.0019144082907587,0.0020687337964773
1.0,qlstm_linear_enhanced_paper,original_2,henon_1000,6.0,0.001,6.0,16.0,8.0,2.0,64.0,0.0002100505516864,0.0001724898756947,0.0091335820034146,0.0088607557117939,0.9987273812294006,0.998929500579834,740.0,1088.0,16269.41,0.0697367221117019,0.0685323476791381,0.0700856819748878
1.0,qlstm_linear_enhanced_paper,original_2,henon_1000,6.0,0.001,6.0,16.0,8.0,4.0,64.0,0.0144285010173916,0.011424059048295,0.0810780972242355,0.0726705715060234,0.9064182639122008,0.9261494874954224,740.0,2582.0,22080.89,0.0727252878248691,0.0739349350333213,0.0752084255218505
1.0,qlstm_linear_enhanced_paper,original_2,henon_1000,6.0,0.001,6.0,16.0,16.0,1.0,64.0,3.166184342262568e-06,2.8450187983253272e-06,0.001424096757546,0.0013471525162458,0.9999803900718688,0.9999821186065674,740.0,1248.0,22291.67,0.0089737448375672,0.0087511651217937,0.0094424756243824
1.0,qlstm_linear_enhanced_paper,original_2,henon_1000,6.0,0.001,6.0,16.0,16.0,2.0,64.0,1.5524321497650817e-05,1.5975829228409566e-05,0.0029910113662481,0.0031505783554166,0.9999063014984132,0.9999011158943176,740.0,1375.0,24692.11,0.0702316798269748,0.073679119348526,0.074351742863655
,,,,,,,,,,,,,,,,,,,,,,
,,,,,,,,,,,,,,,,,,,,,,
,,,,,,,,,,,,,,,,,,,,,,
,,,,,,,,,,,,,,,,,,,,,,
,,,,,,,,,,,,,,,,,,,,,,
,,,,,,,,,,,,,,,,,,,,,,
1.0,qlstm_linear_enhanced_paper,original_3,henon_1000,6.0,0.001,6.0,16.0,8.0,4.0,64.0,0.000691415159963,0.0005902723059989,0.0180818885564804,0.0172273200005292,0.9957156181335448,0.9963027238845824,812.0,2830.0,31342.38,0.072619566693902,0.0737959668040275,0.0751667097210884
,,,,,,,,,,,,,,,,,,,,,,
1.0,qlstm_linear_enhanced_paper,original_3,henon_1000,6.0,0.001,6.0,16.0,16.0,2.0,64.0,1.0200010365224443e-05,9.374159162689466e-06,0.0023742676712572,0.002367579145357,0.9999374747276306,0.9999425411224364,812.0,1417.0,32462.17,0.0368902046233415,0.0374310612678527,0.0386216789484024
1.0,qlstm_linear_enhanced_paper,original_3,henon_1000,6.0,0.001,6.0,16.0,16.0,4.0,64.0,0.008153636008501,0.0055533959530293,0.0583557933568954,0.0502154976129531,0.9479710459709167,0.9646515250205994,812.0,1983.0,44444.5,0.0767576918005943,0.0763014256954193,0.076817587018013
1.0,qlstm_linear_enhanced_paper,original_1,henon_1000,6.0,0.001,6.0,32.0,4.0,1.0,64.0,1.9844123926304742e-06,1.896235744425212e-06,0.0010155405616387,0.001013028435409,0.9999877214431764,0.9999880790710448,1244.0,1472.0,4390.11,0.0089393826201558,0.0088989520445466,0.0098329856991767
,,,,,,,,,,,,,,,,,,,,,,
1.0,qlstm_linear_enhanced_paper,original_1,henon_1000,6.0,0.001,6.0,32.0,4.0,4.0,64.0,0.0007925688987597,0.0008142477599903,0.0177998263388872,0.0191066581755876,0.9950891733169556,0.9948846101760864,1244.0,3183.0,9305.55,0.0720157243311405,0.0728095695376396,0.0742567926645279
1.0,qlstm_linear_enhanced_paper,original_1,henon_1000,6.0,0.001,6.0,32.0,8.0,1.0,64.0,1.6534937685719342e-06,1.6815450862850412e-06,0.0009789682226255,0.0009938613511621,0.999990165233612,0.9999902248382568,1244.0,1341.0,8242.33,0.0256969099864363,0.0242164470255374,0.0257038418203592
1.0,qlstm_linear_enhanced_paper,original_1,henon_1000,6.0,0.001,6.0,32.0,8.0,2.0,64.0,1.4895969798089936e-05,1.6152798707480542e-05,0.0028402032330632,0.0030133272521197,0.999912440776825,0.999908685684204,1244.0,1843.0,11266.42,0.0736475877463817,0.0747691914439201,0.0759428367018699
1.0,qlstm_linear_enhanced_paper,original_1,henon_1000,6.0,0.001,6.0,32.0,8.0,4.0,64.0,0.0024253688752651,0.0020381270442157,0.0327529944479465,0.0301433522254228,0.9851546883583068,0.9872663021087646,1244.0,2858.0,17323.55,0.0731072600930929,0.0743366181850433,0.0756443887948989
1.0,qlstm_linear_enhanced_paper,original_1,henon_1000,6.0,0.001,6.0,32.0,16.0,1.0,64.0,3.0770017929171445e-06,3.120519977528602e-06,0.0013277494581416,0.0013245671289041,0.9999810457229614,0.9999805688858032,1244.0,1172.0,14705.04,0.0270057874731719,0.0269987937062978,0.0284277237951755
1.0,qlstm_linear_enhanced_paper,original_1,henon_1000,6.0,0.001,6.0,32.0,16.0,2.0,64.0,1.700771645118948e-05,1.3834941455570515e-05,0.0028928518295288,0.0027696739416569,0.9999017715454102,0.9999170899391174,1244.0,1554.0,18848.46,0.0675206016749143,0.0700296014547348,0.0709383264183998
,,,,,,,,,,,,,,,,,,,,,,
,,,,,,,,,,,,,,,,,,,,,,
1.0,qlstm_linear_enhanced_paper,original_2,henon_1000,6.0,0.001,6.0,32.0,4.0,2.0,64.0,2.508047873561736e-05,2.5966746761696413e-05,0.0038317355792969,0.0039921561256051,0.9998456239700316,0.9998400807380676,1316.0,1428.0,6015.98,0.0205128559842705,0.0200368911027908,0.0218869484961032
1.0,qlstm_linear_enhanced_paper,original_2,henon_1000,6.0,0.001,6.0,32.0,4.0,4.0,64.0,0.0008748774998821,0.0008103280561044,0.0184288136661052,0.0185888949781656,0.994644582271576,0.994937539100647,1316.0,4814.0,20161.29,0.0710440937429666,0.0718352645635604,0.0732483565807342
1.0,qlstm_linear_enhanced_paper,original_2,henon_1000,6.0,0.001,6.0,32.0,8.0,1.0,64.0,2.438489445921732e-06,2.470473873472656e-06,0.0012679833453148,0.0012456473195925,0.9999852180480956,0.999984622001648,1316.0,1189.0,10618.29,0.0034839473199099,0.0034377288538962,0.0035747175570577
,,,,,,,,,,,,,,,,,,,,,,
,,,,,,,,,,,,,,,,,,,,,,
1.0,qlstm_linear_enhanced_paper,original_2,henon_1000,6.0,0.001,6.0,32.0,16.0,1.0,64.0,2.855563025150332e-06,2.69513998318871e-06,0.0013214519713073,0.0013146642595529,0.9999824166297911,0.9999833106994628,1316.0,930.0,16995.42,0.0075164017267525,0.0073543521575629,0.0077611445449292
,,,,,,,,,,,,,,,,,,,,,,
,,,,,,,,,,,,,,,,,,,,,,
,,,,,,,,,,,,,,,,,,,,,,
1.0,qlstm_linear_enhanced_paper,original_3,henon_1000,6.0,0.001,6.0,32.0,4.0,2.0,64.0,1.5830379197723232e-05,1.6742749721743166e-05,0.002669682726264,0.0027392401825636,0.9999020099639891,0.9998956918716432,1388.0,1851.0,10337.29,0.0267533743754029,0.0265025850385427,0.0281513947993516
,,,,,,,,,,,,,,,,,,,,,,
,,,,,,,,,,,,,,,,,,,,,,
1.0,qlstm_linear_enhanced_paper,original_3,henon_1000,6.0,0.001,6.0,32.0,8.0,2.0,64.0,3.6239442124497145e-05,2.855666753021069e-05,0.0042578079737722,0.0038798314053565,0.9997771978378296,0.9998216032981871,1388.0,1201.0,14029.3,0.0304833509027957,0.0300350841134786,0.0318027064204216
,,,,,,,,,,,,,,,,,,,,,,
,,,,,,,,,,,,,,,,,,,,,,
,,,,,,,,,,,,,,,,,,,,,,
,,,,,,,,,,,,,,,,,,,,,,
1.0,qlstm_linear_enhanced_paper,original_1,henon_1000,7.0,0.001,6.0,8.0,4.0,1.0,64.0,7.63484240451362e-06,6.948508598725312e-06,0.0019772103987634,0.0018945039482787,0.9999532103538512,0.9999576210975648,380.0,1828.0,5502.06,0.0323925422504544,0.0301379654556512,0.0313930809497833
1.0,qlstm_linear_enhanced_paper,original_1,henon_1000,7.0,0.001,6.0,8.0,4.0,2.0,64.0,6.075199780752882e-05,5.668016092386097e-05,0.0047748899087309,0.0047138174995779,0.999622404575348,0.9996464848518372,380.0,1932.0,5697.49,0.0744677044451236,0.0744847804307937,0.0753951370716095
1.0,qlstm_linear_enhanced_paper,original_1,henon_1000,7.0,0.001,6.0,8.0,4.0,4.0,64.0,0.0031643405091017,0.0028361831791698,0.0360541194677352,0.0348151288926601,0.9801520705223083,0.9820745587348938,380.0,4947.0,14646.8,0.0784134425222873,0.0765824690461158,0.0774028450250625
1.0,qlstm_linear_enhanced_paper,original_1,henon_1000,7.0,0.001,6.0,8.0,8.0,1.0,64.0,2.488635800546035e-06,2.344406539123156e-06,0.0011592748342081,0.0011415996123105,0.9999844431877136,0.9999852180480956,380.0,1798.0,19408.01,0.028799351863563,0.028002917766571,0.0294586550444364
1.0,qlstm_linear_enhanced_paper,original_1,henon_1000,7.0,0.001,6.0,8.0,8.0,2.0,64.0,6.879724969621748e-05,5.086473902338184e-05,0.0057124560698866,0.0052312114275991,0.9995754957199096,0.9996814727783204,380.0,1494.0,9229.59,0.0732239730656147,0.0730974227190017,0.074208989739418
1.0,qlstm_linear_enhanced_paper,original_1,henon_1000,7.0,0.001,6.0,8.0,8.0,4.0,64.0,0.000144199191709,0.0001474765595048,0.009174296632409,0.0088942432776093,0.9991133213043212,0.9990772604942322,380.0,7546.0,44068.86,0.0750281352549791,0.0730797499418258,0.0744610875844955
1.0,qlstm_linear_enhanced_paper,original_1,henon_1000,7.0,0.001,6.0,8.0,16.0,1.0,64.0,2.640499587869272e-06,2.240174580947496e-06,0.0012800432741641,0.0011799429776147,0.9999837875366212,0.9999862313270568,380.0,1538.0,18765.05,0.0220670050010085,0.0214691050350666,0.0228928439319133
,,,,,,,,,,,,,,,,,,,,,,
1.0,qlstm_linear_enhanced_paper,original_1,henon_1000,7.0,0.001,6.0,8.0,16.0,4.0,64.0,0.0442045629024505,0.0306609794497489,0.1634090393781662,0.1375447213649749,0.676814615726471,0.7852474451065063,380.0,1176.0,14819.75,0.0719132453203201,0.0736374109983444,0.0743141770362854
,,,,,,,,,,,,,,,,,,,,,,
,,,,,,,,,,,,,,,,,,,,,,
1.0,qlstm_linear_enhanced_paper,original_2,henon_1000,7.0,0.001,6.0,8.0,4.0,4.0,64.0,0.0004806726064998,0.0005269711255095,0.0164282210171222,0.0174480862915515,0.9970130324363708,0.9967054128646852,452.0,3265.0,13875.57,0.0756723448634147,0.0736624523997306,0.0749269798398017
,,,,,,,,,,,,,,,,,,,,,,
1.0,qlstm_linear_enhanced_paper,original_2,henon_1000,7.0,0.001,6.0,8.0,8.0,2.0,64.0,1.1709722457453609e-05,1.1308599823678378e-05,0.0023273797705769,0.0024087466299533,0.9999301433563232,0.9999295473098756,452.0,1987.0,27304.4,0.0367750562727451,0.0361145474016666,0.037784494459629
1.0,qlstm_linear_enhanced_paper,original_2,henon_1000,7.0,0.001,6.0,8.0,8.0,4.0,64.0,0.0054929908365011,0.0024073559325188,0.0400374718010425,0.0313086099922657,0.9657744765281676,0.9850338697433472,452.0,4069.0,33549.8,0.078086882084608,0.0768232718110084,0.0779372453689575
1.0,qlstm_linear_enhanced_paper,original_2,henon_1000,7.0,0.001,6.0,8.0,16.0,1.0,64.0,4.277968855603831e-06,3.7546396924881273e-06,0.0016716055106371,0.0015633632428944,0.9999735951423644,0.9999767541885376,452.0,1559.0,27468.51,0.0239087479189038,0.022580612450838,0.023701012134552
1.0,qlstm_linear_enhanced_paper,original_2,henon_1000,7.0,0.001,6.0,8.0,16.0,2.0,64.0,2.2222233383217823e-05,2.582450360932853e-05,0.0035004259552806,0.0036726256366819,0.9998626112937928,0.99983948469162,452.0,1435.0,26004.26,0.0703935086727142,0.0681729987263679,0.06953676789999
,,,,,,,,,,,,,,,,,,,,,,
1.0,qlstm_linear_enhanced_paper,original_3,henon_1000,7.0,0.001,6.0,8.0,4.0,1.0,64.0,3.7799352412548615e-06,3.810593852904276e-06,0.0014615522231906,0.0014281840994954,0.9999787211418152,0.9999774694442748,524.0,1600.0,8954.45,0.0232069112360477,0.0216529574245214,0.0233567953109741
1.0,qlstm_linear_enhanced_paper,original_3,henon_1000,7.0,0.001,6.0,8.0,4.0,2.0,64.0,2.8497270250227302e-05,2.542822949180845e-05,0.0037927830126136,0.0037580381613224,0.9998275637626648,0.9998419284820556,524.0,2201.0,21947.22,0.0724032692611217,0.0725842043757438,0.0736419036984443
1.0,qlstm_linear_enhanced_paper,original_3,henon_1000,7.0,0.001,6.0,8.0,4.0,4.0,64.0,0.0013818949228152,0.0009827946778386,0.0230135805904865,0.0210827849805355,0.9914467334747314,0.9938247799873352,524.0,4318.0,23561.9,0.0757576771080494,0.0737892463803291,0.0749391615390777
1.0,qlstm_linear_enhanced_paper,original_3,henon_1000,7.0,0.001,6.0,8.0,8.0,1.0,64.0,9.154858275906008e-07,8.825119266475667e-07,0.0007001467747613,0.0007049970445223,0.999994456768036,0.9999947547912598,524.0,1800.0,20578.99,0.0269895456731319,0.0265471544116735,0.0269872359931468
1.0,qlstm_linear_enhanced_paper,original_3,henon_1000,7.0,0.001,6.0,8.0,8.0,2.0,64.0,1.472650092182448e-05,1.3322863196663093e-05,0.0028825248591601,0.0027405258733779,0.9999102354049684,0.99991774559021,524.0,1640.0,18532.0,0.0676193907856941,0.0656028687953949,0.0675334334373474
1.0,qlstm_linear_enhanced_paper,original_3,henon_1000,7.0,0.001,6.0,8.0,8.0,4.0,64.0,0.0040003536269068,0.0036696698516607,0.035971000790596,0.0360458344221115,0.975369393825531,0.9770122170448304,524.0,3077.0,54532.98,0.076119852438569,0.0742680206894874,0.0756442323327064
1.0,qlstm_linear_enhanced_paper,original_3,henon_1000,7.0,0.001,6.0,8.0,16.0,1.0,64.0,6.700404355797218e-06,6.141691756056389e-06,0.0020467021968215,0.0019654261413961,0.999958634376526,0.9999618530273438,524.0,1560.0,62683.15,0.0135749356821179,0.0131418341770768,0.0146673060953617
1.0,qlstm_linear_enhanced_paper,original_3,henon_1000,7.0,0.001,6.0,8.0,16.0,2.0,64.0,0.0001647356111789,0.0001506905973656,0.0092917755246162,0.0087812701240181,0.99900883436203,0.99907648563385,524.0,717.0,21893.61,0.0675689410418272,0.0656338930130004,0.0668891668319702
1.0,qlstm_linear_enhanced_paper,original_3,henon_1000,7.0,0.001,6.0,8.0,16.0,4.0,64.0,0.0008697281009517,0.0007494285237044,0.0171500891447067,0.0164070073515176,0.9946268796920776,0.995303213596344,524.0,3896.0,91225.68,0.0747655171900987,0.0765043944120407,0.0770853906869888
1.0,qlstm_linear_enhanced_paper,original_1,henon_1000,7.0,0.001,6.0,16.0,4.0,1.0,64.0,1.8134069250663745e-06,1.7596197494640364e-06,0.0010559319052845,0.0010206901933997,0.999988853931427,0.9999891519546508,668.0,1800.0,8239.93,0.0151345688849687,0.0141840809956192,0.0154894283041358
1.0,qlstm_linear_enhanced_paper,original_1,henon_1000,7.0,0.001,6.0,16.0,4.0,2.0,64.0,3.184188244631514e-05,3.238578938180581e-05,0.0040584276430308,0.0041759116575121,0.9998042583465576,0.9997983574867249,668.0,2706.0,14889.6,0.0619979638606309,0.059500616043806,0.0619027502834796
1.0,qlstm_linear_enhanced_paper,original_1,henon_1000,7.0,0.001,6.0,16.0,4.0,4.0,64.0,0.0010107884882017,0.0009082959149964,0.0215649530291557,0.0211202856153249,0.9937113523483276,0.9942907691001892,668.0,3027.0,15830.43,0.0753560222685337,0.0731234923005104,0.0743968412280082
1.0,qlstm_linear_enhanced_paper,original_1,henon_1000,7.0,0.001,6.0,16.0,8.0,1.0,64.0,2.9353268473641947e-06,2.7615533326752484e-06,0.0012823587749153,0.0012333574704825,0.99998277425766,0.9999833703041076,668.0,1724.0,18550.0,0.0205881021916866,0.0195689387619495,0.0210952945053577
1.0,qlstm_linear_enhanced_paper,original_1,henon_1000,7.0,0.001,6.0,16.0,8.0,2.0,64.0,1.5922743841656484e-05,1.4519603610096963e-05,0.0028710630722343,0.0028475667349994,0.999911367893219,0.9999147057533264,668.0,1673.0,17065.17,0.0409633852541446,0.0407985597848892,0.0423724092543125
1.0,qlstm_linear_enhanced_paper,original_1,henon_1000,7.0,0.001,6.0,16.0,8.0,4.0,64.0,0.0011550810886546,0.0012929958757013,0.0225011985749006,0.0244029331952333,0.9928863048553468,0.9918938279151917,668.0,2326.0,25114.9,0.0759467527270317,0.074430875480175,0.0757424980401992
1.0,qlstm_linear_enhanced_paper,original_1,henon_1000,7.0,0.001,6.0,16.0,16.0,1.0,64.0,2.8480542368924944e-06,2.460474661347689e-06,0.0013704750454053,0.0012495779665187,0.9999833703041076,0.9999851584434508,668.0,1515.0,30836.84,0.0206794422119855,0.0200958587229251,0.0213681161403656
1.0,qlstm_linear_enhanced_paper,original_1,henon_1000,7.0,0.001,6.0,16.0,16.0,2.0,64.0,1.3834683159075212e-05,1.384128518111538e-05,0.0027631507255136,0.0028804691974073,0.9999150633811952,0.9999139308929444,668.0,1782.0,30319.25,0.0515463899821043,0.0494414195418357,0.0519718565046787
1.0,qlstm_linear_enhanced_paper,original_1,henon_1000,7.0,0.001,6.0,16.0,16.0,4.0,64.0,0.0012988498201593,0.0015501994639635,0.0250857900828123,0.0279731601476669,0.991908311843872,0.9902560710906982,668.0,2773.0,37577.61,0.0722799014300108,0.0742576345801353,0.0748950466513633
1.0,qlstm_linear_enhanced_paper,original_2,henon_1000,7.0,0.001,6.0,16.0,4.0,1.0,64.0,2.2575986804440618e-06,2.0871366359642707e-06,0.0010873059509322,0.0010560172377154,0.999986171722412,0.9999867081642152,740.0,1614.0,10479.55,0.0070813501719385,0.0064853550866246,0.0068484549410641
1.0,qlstm_linear_enhanced_paper,original_2,henon_1000,7.0,0.001,6.0,16.0,4.0,2.0,64.0,4.109851943212561e-05,3.838066913885996e-05,0.0045303436927497,0.0043000690639019,0.9997494220733644,0.9997631311416626,740.0,2561.0,19525.72,0.0257366638630628,0.0254459381103515,0.0274645742028951
1.0,qlstm_linear_enhanced_paper,original_2,henon_1000,7.0,0.001,6.0,16.0,4.0,4.0,64.0,0.0055135758593678,0.0056993379257619,0.0506358742713928,0.0523856319487094,0.9652088284492492,0.9636893272399902,740.0,3745.0,24331.67,0.0781940154731273,0.0764627233147621,0.0773573964834213
1.0,qlstm_linear_enhanced_paper,original_2,henon_1000,7.0,0.001,6.0,16.0,8.0,1.0,64.0,3.1575355023960583e-06,3.269361513957847e-06,0.0014133385848253,0.0014280244940891,0.9999805092811584,0.9999796748161316,740.0,1264.0,19910.15,0.0030937989708036,0.0030192874837666,0.0032735434360802
1.0,qlstm_linear_enhanced_paper,original_2,henon_1000,7.0,0.001,6.0,16.0,8.0,2.0,64.0,7.477743565686978e-06,6.9069610617589206e-06,0.0019785552285611,0.0019450901309028,0.9999545216560364,0.9999568462371826,740.0,1462.0,12835.47,0.0748915255069732,0.0751180946826934,0.0760312303900718
1.0,qlstm_linear_enhanced_paper,original_2,henon_1000,7.0,0.001,6.0,16.0,8.0,4.0,64.0,0.0010108558926731,0.0009864254388958,0.0215595345944166,0.0210369955748319,0.9937241077423096,0.9938263297080994,740.0,3468.0,28779.39,0.0755439657717943,0.0739293321967125,0.0752612352371215
1.0,qlstm_linear_enhanced_paper,original_2,henon_1000,7.0,0.001,6.0,16.0,16.0,1.0,64.0,2.668839897523867e-06,2.602012500574346e-06,0.0012716520577669,0.0012828975450247,0.9999834299087524,0.9999837279319764,740.0,1381.0,24735.01,0.0149548850953578,0.0143998265266418,0.0154757536947727
1.0,qlstm_linear_enhanced_paper,original_2,henon_1000,7.0,0.001,6.0,16.0,16.0,2.0,64.0,1.3974171451991424e-05,1.1608314707700629e-05,0.0023961146362125,0.0022978673223406,0.9999138116836548,0.9999284744262696,740.0,1285.0,40542.04,0.0377852331846952,0.0369232408702373,0.0381071269512176
1.0,qlstm_linear_enhanced_paper,original_2,henon_1000,7.0,0.001,6.0,16.0,16.0,4.0,64.0,0.0149579141288995,0.0144208278506994,0.0896192342042923,0.0885324105620384,0.9021543264389038,0.9061697125434875,740.0,1360.0,42395.47,0.0727354537695646,0.0745847076177597,0.0752236098051071
1.0,qlstm_linear_enhanced_paper,original_3,henon_1000,7.0,0.001,6.0,16.0,4.0,1.0,64.0,3.570578655853751e-06,3.399129582248861e-06,0.0014950988115742,0.0014173714444041,0.9999781847000122,0.9999792575836182,812.0,1326.0,13469.04,0.0100773242302238,0.0098525397479534,0.0107371853664517
1.0,qlstm_linear_enhanced_paper,original_3,henon_1000,7.0,0.001,6.0,16.0,4.0,2.0,64.0,1.2719444384856615e-05,1.045607768901391e-05,0.0027715738397091,0.0025232527405023,0.9999215006828308,0.99993497133255,812.0,1143.0,6413.97,0.0375160595402121,0.0363775603473186,0.0384502597153186
1.0,qlstm_linear_enhanced_paper,original_3,henon_1000,7.0,0.001,6.0,16.0,4.0,4.0,64.0,0.0010751454392448,0.0010350553784519,0.0221748687326908,0.0215053465217351,0.9933520555496216,0.9935089349746704,812.0,4262.0,23020.64,0.0751229271292686,0.0729002207517623,0.0741265416145324
,,,,,,,,,,,,,,,,,,,,,,
1.0,qlstm_linear_enhanced_paper,original_3,henon_1000,7.0,0.001,6.0,16.0,8.0,2.0,64.0,1.471481937187491e-05,1.495223659730982e-05,0.0028605880215764,0.0029685457702726,0.9999090433120728,0.9999064803123474,812.0,1504.0,30006.78,0.0731254085898399,0.0734832137823104,0.0748528689146041
1.0,qlstm_linear_enhanced_paper,original_3,henon_1000,7.0,0.001,6.0,16.0,8.0,4.0,64.0,0.0004733645473606,0.0003751551848836,0.0140252662822604,0.0133885843679308,0.9971128106117249,0.9977076053619384,812.0,3526.0,38894.59,0.077357118204236,0.0760793089866638,0.0772352740168571
1.0,qlstm_linear_enhanced_paper,original_3,henon_1000,7.0,0.001,6.0,16.0,16.0,1.0,64.0,4.257264663465321e-06,4.132241429033456e-06,0.0015791309997439,0.0015680195065215,0.9999739527702332,0.9999750256538392,812.0,1064.0,37106.58,0.0021050534211099,0.0021259339991956,0.0022465835791081
1.0,qlstm_linear_enhanced_paper,original_3,henon_1000,7.0,0.001,6.0,16.0,16.0,2.0,64.0,1.1670548701658843e-05,1.3038150427746588e-05,0.0026206322945654,0.0027917602565139,0.9999285936355592,0.9999194145202636,812.0,1346.0,30999.39,0.0645553179085254,0.0632298290729522,0.0647209361195564
1.0,qlstm_linear_enhanced_paper,original_3,henon_1000,7.0,0.001,6.0,16.0,16.0,4.0,64.0,0.0007156735518947,0.000626772060059,0.0168519429862499,0.0168892852962017,0.995640993118286,0.9961275458335876,812.0,2670.0,87831.54,0.0742133118212223,0.076129026710987,0.0767039731144905
1.0,qlstm_linear_enhanced_paper,original_1,henon_1000,7.0,0.001,6.0,32.0,4.0,1.0,64.0,2.655594016687246e-06,2.687543428692152e-06,0.0012062496971338,0.0012005779426544,0.9999841451644896,0.9999836683273317,1244.0,1081.0,3167.31,0.0077001446858048,0.0071097430773079,0.0079475594684481
1.0,qlstm_linear_enhanced_paper,original_1,henon_1000,7.0,0.001,6.0,32.0,4.0,2.0,64.0,3.190064671798609e-05,3.056686182389967e-05,0.0036841724067926,0.0036309955175966,0.9998119473457336,0.9998123645782472,1244.0,1882.0,5513.27,0.0605124626308679,0.0589586347341537,0.0616872794926166
1.0,qlstm_linear_enhanced_paper,original_1,henon_1000,7.0,0.001,6.0,32.0,4.0,4.0,64.0,0.0010505632963031,0.0010061854263767,0.0217765606939792,0.0223723854869604,0.9934718012809752,0.9936919808387756,1244.0,4660.0,13582.61,0.0753980167210102,0.0728972256183624,0.0742231681942939
1.0,qlstm_linear_enhanced_paper,original_1,henon_1000,7.0,0.001,6.0,32.0,8.0,1.0,64.0,3.726403519976884e-06,3.573492676878232e-06,0.0015235505998134,0.0014847383135929,0.999976933002472,0.9999778866767884,1244.0,1253.0,13463.58,0.0162984556518495,0.0155324200168251,0.0165160931646823
1.0,qlstm_linear_enhanced_paper,original_1,henon_1000,7.0,0.001,6.0,32.0,8.0,2.0,64.0,2.6922873075818643e-05,3.0014349249540828e-05,0.0034573117736727,0.0037698692176491,0.9998363852500916,0.9998135566711426,1244.0,1711.0,10347.0,0.0624696664512157,0.0600176453590393,0.0626404881477356
1.0,qlstm_linear_enhanced_paper,original_1,henon_1000,7.0,0.001,6.0,32.0,8.0,4.0,64.0,0.0009083648328669,0.0010550651932135,0.021554447710514,0.0231133978813886,0.9943580031394958,0.993388831615448,1244.0,2485.0,14435.78,0.0750509850680828,0.0725811719894409,0.0741036683320999
1.0,qlstm_linear_enhanced_paper,original_1,henon_1000,7.0,0.001,6.0,32.0,16.0,1.0,64.0,2.5558206289133523e-06,2.4413748178631067e-06,0.0011758833425119,0.0011965691810473,0.9999850392341614,0.999985694885254,1244.0,1323.0,16524.14,0.0081820850726217,0.0078739123418927,0.0083109969273209
1.0,qlstm_linear_enhanced_paper,original_1,henon_1000,7.0,0.001,6.0,32.0,16.0,2.0,64.0,3.4493095881771296e-05,2.948381916212384e-05,0.0043143606744706,0.0040254560299217,0.9997938871383668,0.999818742275238,1244.0,1032.0,22493.61,0.0522418498992919,0.0510029606521129,0.053676676005125
1.0,qlstm_linear_enhanced_paper,original_1,henon_1000,7.0,0.001,6.0,32.0,16.0,4.0,64.0,0.0017810284625738,0.0010631378972902,0.02703557908535,0.0233570095151662,0.9888537526130676,0.993358850479126,1244.0,2595.0,31221.05,0.0708709508180618,0.0723628848791122,0.0731611251831054
1.0,qlstm_linear_enhanced_paper,original_2,henon_1000,7.0,0.001,6.0,32.0,4.0,1.0,64.0,3.3999890547420364e-06,2.8569588721438777e-06,0.0013578397920355,0.0013137789210304,0.9999819397926332,0.9999839067459106,1316.0,1357.0,5746.77,0.0017785520292818,0.0015741585521027,0.0018421134445816
1.0,qlstm_linear_enhanced_paper,original_2,henon_1000,7.0,0.001,6.0,32.0,4.0,2.0,64.0,2.961602331197355e-05,3.1313429644797e-05,0.0035951463505625,0.0037397136911749,0.9998176097869872,0.9998096823692322,1316.0,1673.0,13082.87,0.0302173163741827,0.0298293251544237,0.031274028122425
1.0,qlstm_linear_enhanced_paper,original_2,henon_1000,7.0,0.001,6.0,32.0,4.0,4.0,64.0,0.0015429740305989,0.0012971676187589,0.0272128395736217,0.0261830110102891,0.9904251098632812,0.9919102787971495,1316.0,4689.0,19825.37,0.0756217427551746,0.0734284445643425,0.0746407061815261
1.0,qlstm_linear_enhanced_paper,original_2,henon_1000,7.0,0.001,6.0,32.0,8.0,1.0,64.0,4.098906629224075e-06,4.389438799989875e-06,0.0016129907453432,0.0017028658185154,0.999975323677063,0.9999732375144958,1316.0,1281.0,19955.28,0.0044037482934072,0.0041761980392038,0.0044138892553746
1.0,qlstm_linear_enhanced_paper,original_2,henon_1000,7.0,0.001,6.0,32.0,8.0,2.0,64.0,2.195661181758624e-05,2.7148942535859533e-05,0.0033331902232021,0.0038015423342585,0.9998660087585448,0.9998308420181274,1316.0,1149.0,10077.65,0.0352265464141964,0.0347974821925163,0.0365503020584583
1.0,qlstm_linear_enhanced_paper,original_2,henon_1000,7.0,0.001,6.0,32.0,8.0,4.0,64.0,0.0345025062561035,0.0298380851745605,0.1370502561330795,0.1282157450914383,0.7586284875869751,0.7918446660041809,1316.0,2163.0,18713.27,0.0772800870239734,0.0757197439670562,0.0769098624587059
1.0,qlstm_linear_enhanced_paper,original_2,henon_1000,7.0,0.001,6.0,32.0,16.0,1.0,64.0,3.1941533507051645e-06,3.016615210071905e-06,0.0014506507432088,0.0014416463673114,0.999980330467224,0.9999812245368958,1316.0,1191.0,32776.68,0.0052446777233853,0.0051933228969573,0.0055383327417075
1.0,qlstm_linear_enhanced_paper,original_2,henon_1000,7.0,0.001,6.0,32.0,16.0,2.0,64.0,1.1762715985241812e-05,1.802967744879425e-05,0.0025856625288724,0.0029623406007885,0.9999300241470336,0.9998912811279296,1316.0,1382.0,37565.03,0.0727034222334623,0.072425439953804,0.073334589600563
1.0,qlstm_linear_enhanced_paper,original_2,henon_1000,7.0,0.001,6.0,32.0,16.0,4.0,64.0,0.0041174907237291,0.0014073573984205,0.0280109196901321,0.0241869837045669,0.974435567855835,0.9911577105522156,1316.0,3521.0,60107.18,0.0716886516660451,0.0734835118055343,0.0741299539804458
1.0,qlstm_linear_enhanced_paper,original_3,henon_1000,7.0,0.001,6.0,32.0,4.0,1.0,64.0,3.313057277409825e-06,2.959402763735852e-06,0.0014002219540998,0.0013730733189731,0.9999799728393556,0.9999818801879884,1388.0,1219.0,11768.59,0.004648790275678,0.0038282172754406,0.004292223136872
1.0,qlstm_linear_enhanced_paper,original_3,henon_1000,7.0,0.001,6.0,32.0,4.0,2.0,64.0,2.5718138203956187e-05,2.511150341888424e-05,0.0037637199275195,0.0037843135651201,0.9998416304588318,0.9998455047607422,1388.0,1125.0,6247.92,0.0417424611747264,0.0400543846189975,0.0426324941217899
1.0,qlstm_linear_enhanced_paper,original_3,henon_1000,7.0,0.001,6.0,32.0,4.0,4.0,64.0,0.0012196276802569,0.0013232013443484,0.0239891167730093,0.02497517503798,0.9925084114074708,0.9916929006576538,1388.0,2638.0,14423.52,0.0768330551683902,0.074868343770504,0.0758649706840515
1.0,qlstm_linear_enhanced_paper,original_3,henon_1000,7.0,0.001,6.0,32.0,8.0,1.0,64.0,3.014143430846161e-06,2.8321917397988727e-06,0.0013679729308933,0.0013148306170478,0.9999818205833436,0.9999828338623048,1388.0,1105.0,12344.86,0.0036111372290179,0.0034556118771433,0.0036164873745292
1.0,qlstm_linear_enhanced_paper,original_3,henon_1000,7.0,0.001,6.0,32.0,8.0,2.0,64.0,6.5516214817762375e-06,6.943459538888419e-06,0.0018166792578995,0.0019821596797555,0.9999600648880004,0.9999568462371826,1388.0,1429.0,16235.02,0.0212213777005672,0.0206507183611392,0.022579438984394
1.0,qlstm_linear_enhanced_paper,original_3,henon_1000,7.0,0.001,6.0,32.0,8.0,4.0,64.0,0.0342246443033218,0.0344732329249382,0.134701982140541,0.128707617521286,0.7628523707389832,0.7570203542709351,1388.0,1834.0,36325.22,0.0753986280411481,0.0731089413166046,0.0745327323675155
1.0,qlstm_linear_enhanced_paper,original_3,henon_1000,7.0,0.001,6.0,32.0,16.0,1.0,64.0,2.835563236658345e-06,2.6216641799692297e-06,0.0012966182548552,0.0012407953618094,0.9999825358390808,0.999983847141266,1388.0,956.0,34408.13,0.0131147731095552,0.012700100429356,0.0138304950669407
1.0,qlstm_linear_enhanced_paper,original_3,henon_1000,7.0,0.001,6.0,32.0,16.0,2.0,64.0,1.749875082168728e-05,1.6531397704966366e-05,0.0029051881283521,0.0028871218673884,0.9998921155929564,0.9998978972434998,1388.0,1088.0,25092.47,0.0343512371182441,0.0331230200827121,0.0343158990144729
1.0,qlstm_linear_enhanced_paper,original_3,henon_1000,7.0,0.001,6.0,32.0,16.0,4.0,64.0,0.0404069684445858,0.0317363552749156,0.1596914529800415,0.1425513178110122,0.7048634886741638,0.7782465815544128,1388.0,759.0,17786.7,0.0720330107957124,0.0739457607269287,0.0745736062526702
1.0,qlstm_linear_enhanced_paper,original_1,henon_1000,8.0,0.001,6.0,8.0,4.0,1.0,64.0,1.8837928337234189e-06,1.7848005882115103e-06,0.0010984152322635,0.0010737845441326,0.9999884366989136,0.999988615512848,380.0,1785.0,9610.5,0.0175727089866995,0.0167223066091537,0.0175852812826633
1.0,qlstm_linear_enhanced_paper,original_1,henon_1000,8.0,0.001,6.0,8.0,4.0,2.0,64.0,4.959671059623361e-06,4.398684268380748e-06,0.0015577444573864,0.0015209385892376,0.9999708533287048,0.9999732375144958,380.0,2290.0,6809.14,0.0532496839761734,0.051013808697462,0.0528181605041027
1.0,qlstm_linear_enhanced_paper,original_1,henon_1000,8.0,0.001,6.0,8.0,4.0,4.0,64.0,0.0002078128163702,0.000225695897825,0.0108296787366271,0.0114394389092922,0.9987082481384276,0.99858558177948,380.0,5663.0,16359.62,0.0721542138606309,0.0723107010126113,0.0736383721232414
1.0,qlstm_linear_enhanced_paper,original_1,henon_1000,8.0,0.001,6.0,8.0,8.0,1.0,64.0,1.0569821824901736e-05,9.137920642388052e-06,0.0023992096539586,0.002247248776257,0.999934732913971,0.99994295835495,380.0,1627.0,9985.86,0.0375731686130166,0.0362099409103393,0.0368164889514446
1.0,qlstm_linear_enhanced_paper,original_1,henon_1000,8.0,0.001,6.0,8.0,8.0,2.0,64.0,1.4969040421419775e-05,1.3395986570685636e-05,0.0027780879754573,0.0027619074098765,0.9999080300331116,0.9999166131019592,380.0,2062.0,12395.76,0.0694954186677932,0.0692816898226738,0.0708324536681175
1.0,qlstm_linear_enhanced_paper,original_1,henon_1000,8.0,0.001,6.0,8.0,8.0,4.0,64.0,0.0028338893316686,0.0027322471141815,0.0353728607296943,0.0352111384272575,0.9825082421302797,0.9828094244003296,380.0,3436.0,32987.14,0.0741499867290258,0.0741126239299774,0.0753760710358619
1.0,qlstm_linear_enhanced_paper,original_1,henon_1000,8.0,0.001,6.0,8.0,16.0,1.0,64.0,4.130736215302022e-06,4.0223230826086365e-06,0.0015491489320993,0.0014647168572992,0.9999746680259703,0.9999752044677734,380.0,1933.0,23861.73,0.0343781562522053,0.0333192087709903,0.0339601226150989
1.0,qlstm_linear_enhanced_paper,original_1,henon_1000,8.0,0.001,6.0,8.0,16.0,2.0,64.0,2.4772287360974588e-05,2.334564305783715e-05,0.0035923332907259,0.0034843713510781,0.9998475313186646,0.9998546838760376,380.0,1865.0,22635.73,0.0737500257790088,0.0748329386115074,0.075353980064392
1.0,qlstm_linear_enhanced_paper,original_1,henon_1000,8.0,0.001,6.0,8.0,16.0,4.0,64.0,0.0002158300922019,0.0001944675022969,0.0103929452598094,0.0103818895295262,0.9986783266067504,0.9987974166870116,380.0,3987.0,46658.54,0.0719139866530895,0.0739297792315483,0.0745707303285598
1.0,qlstm_linear_enhanced_paper,original_2,henon_1000,8.0,0.001,6.0,8.0,4.0,1.0,64.0,2.3479385617974917e-06,2.2837082269688835e-06,0.0011893028859049,0.0011543423170223,0.9999855160713196,0.999985694885254,452.0,1800.0,7654.91,0.0233180001378059,0.0223362017422914,0.0235617607831954
1.0,qlstm_linear_enhanced_paper,original_2,henon_1000,8.0,0.001,6.0,8.0,4.0,2.0,64.0,9.72192174231168e-06,8.145407264237292e-06,0.0022703520953655,0.0021498780697584,0.9999400973320008,0.9999493360519408,452.0,1997.0,8425.8,0.0441681411117315,0.0415656454861164,0.0440363697707653
1.0,qlstm_linear_enhanced_paper,original_2,henon_1000,8.0,0.001,6.0,8.0,4.0,4.0,64.0,0.0017020739614963,0.0011522503336891,0.0269082132726907,0.024343192577362,0.9894579648971558,0.9927532076835632,452.0,5126.0,35385.19,0.0740542404353618,0.0748219192028045,0.075933076441288
1.0,qlstm_linear_enhanced_paper,original_2,henon_1000,8.0,0.001,6.0,8.0,8.0,1.0,64.0,3.133186737613869e-06,3.1698048132966505e-06,0.0014145893510431,0.0014493458438664,0.9999805688858032,0.9999803900718688,452.0,1704.0,15012.56,0.0082868565339595,0.0076296157203614,0.0081723872572183
1.0,qlstm_linear_enhanced_paper,original_2,henon_1000,8.0,0.001,6.0,8.0,8.0,2.0,64.0,1.2171097296231892e-05,1.0072414625028614e-05,0.0025261456612497,0.002445020712912,0.999926745891571,0.9999383091926576,452.0,1665.0,14478.27,0.0664195589721202,0.0658438876271247,0.0674993321299552
1.0,qlstm_linear_enhanced_paper,original_2,henon_1000,8.0,0.001,6.0,8.0,8.0,4.0,64.0,0.000715609814506,0.0005886380095034,0.017645826563239,0.0169410444796085,0.9955820441246032,0.9963332414627076,452.0,3852.0,32799.56,0.0741984650492668,0.0740923285484314,0.0753384307026863
1.0,qlstm_linear_enhanced_paper,original_2,henon_1000,8.0,0.001,6.0,8.0,16.0,1.0,64.0,3.252850547141861e-06,3.351039367771591e-06,0.001394699094817,0.0014397732447832,0.9999799728393556,0.9999793171882628,452.0,1795.0,31401.54,0.0384765390306711,0.037306971848011,0.0376896485686302
1.0,qlstm_linear_enhanced_paper,original_2,henon_1000,8.0,0.001,6.0,8.0,16.0,2.0,64.0,4.2089097405551e-05,3.7987338146194816e-05,0.0045932768844068,0.0046545262448489,0.9997530579566956,0.9997687339782716,452.0,1310.0,33989.53,0.0705686662346124,0.0712445676326751,0.0718642771244049
1.0,qlstm_linear_enhanced_paper,original_2,henon_1000,8.0,0.001,6.0,8.0,16.0,4.0,64.0,0.000248785217991,0.0001894209999591,0.0111640486866235,0.0098781660199165,0.9984803199768066,0.9988187551498412,452.0,4786.0,80705.33,0.0735612705349922,0.0757483914494514,0.0763183012604713
1.0,qlstm_linear_enhanced_paper,original_3,henon_1000,8.0,0.001,6.0,8.0,4.0,1.0,64.0,3.3491178328404203e-06,2.9865725537092658e-06,0.0013129789149388,0.0012483859900385,0.9999794363975524,0.9999815821647644,524.0,1695.0,17333.96,0.0052525967825204,0.0050024697557091,0.0053791212849318
1.0,qlstm_linear_enhanced_paper,original_3,henon_1000,8.0,0.001,6.0,8.0,4.0,2.0,64.0,1.0787543033075052e-05,1.1134313353977632e-05,0.0023244996555149,0.0022974738385528,0.9999330639839172,0.9999305605888368,524.0,1843.0,18939.69,0.0448236372321844,0.0428898856043815,0.044967234134674
1.0,qlstm_linear_enhanced_paper,original_3,henon_1000,8.0,0.001,6.0,8.0,4.0,4.0,64.0,0.0007554067997261,0.0007882773643359,0.0153149850666522,0.0164107866585254,0.9953435063362122,0.995049774646759,524.0,3694.0,19620.46,0.0746054533869028,0.0753550976514816,0.0763069689273834
1.0,qlstm_linear_enhanced_paper,original_3,henon_1000,8.0,0.001,6.0,8.0,8.0,1.0,64.0,3.960469712183112e-06,3.996979103249032e-06,0.0014292465057224,0.0014406868722289,0.9999762773513794,0.999976396560669,524.0,1667.0,30807.71,0.0115247190929949,0.0102569125592708,0.0110507635399699
1.0,qlstm_linear_enhanced_paper,original_3,henon_1000,8.0,0.001,6.0,8.0,8.0,2.0,64.0,3.628358172136359e-06,4.238762812747154e-06,0.001475570956245,0.0016404029447585,0.9999796748161316,0.9999754428863524,524.0,2254.0,24801.0,0.0680681079626083,0.0672311335802078,0.0687003657221794
1.0,qlstm_linear_enhanced_paper,original_3,henon_1000,8.0,0.001,6.0,8.0,8.0,4.0,64.0,0.0020005211699754,0.0014053258346393,0.0283282678574323,0.0245746560394763,0.987582504749298,0.9912408590316772,524.0,3066.0,34412.81,0.0732740905135869,0.0729741677641868,0.0743596628308296
1.0,qlstm_linear_enhanced_paper,original_3,henon_1000,8.0,0.001,6.0,8.0,16.0,1.0,64.0,4.605282356351381e-06,4.524401902017416e-06,0.0015997887821868,0.0016058036126196,0.9999717473983764,0.9999722838401794,524.0,1322.0,46662.53,0.0127052179537713,0.012348267249763,0.0134617751464247
1.0,qlstm_linear_enhanced_paper,original_3,henon_1000,8.0,0.001,6.0,8.0,16.0,2.0,64.0,1.6199557649088092e-05,1.450654508516891e-05,0.0027982611209154,0.002651625778526,0.9999010562896729,0.9999103546142578,524.0,1588.0,36391.91,0.0358998764306306,0.0354891940951347,0.0371604971587657
1.0,qlstm_linear_enhanced_paper,original_3,henon_1000,8.0,0.001,6.0,8.0,16.0,4.0,64.0,0.0004493312153499,0.0004965540720149,0.0162340328097343,0.0170800872147083,0.9972122311592102,0.996909201145172,524.0,3548.0,114687.4,0.0732782270759344,0.0752548649907112,0.0758569687604904
1.0,qlstm_linear_enhanced_paper,original_1,henon_1000,8.0,0.001,6.0,16.0,4.0,1.0,64.0,8.837817404128145e-06,8.456445357296616e-06,0.0022656619548797,0.0022783612366765,0.9999460577964784,0.999947190284729,668.0,1319.0,7227.23,0.0343228185549378,0.0335031189024448,0.0341988243162632
1.0,qlstm_linear_enhanced_paper,original_1,henon_1000,8.0,0.001,6.0,16.0,4.0,2.0,64.0,6.841676076874137e-05,6.746893632225692e-05,0.0058528832159936,0.0057874335907399,0.9995912313461304,0.9995858073234558,668.0,2279.0,6710.52,0.070344479009509,0.0699025243520736,0.0715482681989669
1.0,qlstm_linear_enhanced_paper,original_1,henon_1000,8.0,0.001,6.0,16.0,4.0,4.0,64.0,0.0007338208379223,0.0009674805914983,0.0202768538147211,0.0223252661526203,0.9954392313957214,0.9939205646514891,668.0,5894.0,16515.53,0.0767367735505104,0.07719287276268,0.0780458822846412
1.0,qlstm_linear_enhanced_paper,original_1,henon_1000,8.0,0.001,6.0,16.0,8.0,1.0,64.0,1.2695371651716414e-06,1.3036176369496388e-06,0.0008897297084331,0.0009093649568967,0.999992311000824,0.9999918937683104,668.0,1395.0,8407.5,0.0110580885782837,0.0101403500884771,0.0110263628885149
1.0,qlstm_linear_enhanced_paper,original_1,henon_1000,8.0,0.001,6.0,16.0,8.0,2.0,64.0,1.549210173834581e-05,1.4898283552611248e-05,0.0029689443763345,0.0029521735850721,0.9999071955680848,0.9999096393585204,668.0,1873.0,11130.42,0.0659693129360675,0.0648685917258262,0.0664107874035835
1.0,qlstm_linear_enhanced_paper,original_1,henon_1000,8.0,0.001,6.0,16.0,8.0,4.0,64.0,0.015083678998053,0.0151128405705094,0.0869948863983154,0.080733485519886,0.902105450630188,0.9006986618041992,668.0,3463.0,20395.44,0.0763115249574184,0.0764221772551536,0.0775096565485
1.0,qlstm_linear_enhanced_paper,original_1,henon_1000,8.0,0.001,6.0,16.0,16.0,1.0,64.0,5.96340260017314e-06,5.786895599158015e-06,0.0019050745759159,0.0018888233462348,0.9999650120735168,0.9999658465385436,668.0,1577.0,19584.13,0.0190849978476762,0.018101742491126,0.0195738524198532
1.0,qlstm_linear_enhanced_paper,original_1,henon_1000,8.0,0.001,6.0,16.0,16.0,2.0,64.0,2.503463110770099e-05,2.2182002794579603e-05,0.0033326246775686,0.0032746933866292,0.999845325946808,0.9998620748519896,668.0,1405.0,17065.55,0.0707664139568805,0.071870669722557,0.0726316720247268
1.0,qlstm_linear_enhanced_paper,original_1,henon_1000,8.0,0.001,6.0,16.0,16.0,4.0,64.0,0.0260154344141483,0.0236626639962196,0.1223632246255874,0.1135540753602981,0.8232369422912598,0.8393888473510742,668.0,2061.0,37841.89,0.0751651085913181,0.0771436616778373,0.0777326747775077
1.0,qlstm_linear_enhanced_paper,original_2,henon_1000,8.0,0.001,6.0,16.0,4.0,1.0,64.0,5.334698926162673e-06,5.014408088754863e-06,0.0017013846663758,0.0016530285356566,0.9999667406082152,0.9999684691429138,740.0,1440.0,9687.9,0.0216685431078076,0.0208664704114198,0.0222525019198656
1.0,qlstm_linear_enhanced_paper,original_2,henon_1000,8.0,0.001,6.0,16.0,4.0,2.0,64.0,7.151023510232335e-06,7.320817985601025e-06,0.0018756923964247,0.0018790604081004,0.9999558329582214,0.9999544620513916,740.0,2241.0,14903.81,0.0348340775817632,0.0334293916821479,0.0364607386291027
1.0,qlstm_linear_enhanced_paper,original_2,henon_1000,8.0,0.001,6.0,16.0,4.0,4.0,64.0,0.0027084953617304,0.0030367898289114,0.0362993478775024,0.0367740876972675,0.9832296967506408,0.9809024333953856,740.0,2985.0,12681.36,0.0716250821948051,0.0725258365273475,0.0737520456314086
1.0,qlstm_linear_enhanced_paper,original_2,henon_1000,8.0,0.001,6.0,16.0,8.0,1.0,64.0,7.048079623928061e-06,6.448912699852372e-06,0.001898696529679,0.0018307155696675,0.9999562501907348,0.9999597668647766,740.0,1615.0,14076.5,0.0247495159506797,0.0227629821747541,0.0242361854761838
1.0,qlstm_linear_enhanced_paper,original_2,henon_1000,8.0,0.001,6.0,16.0,8.0,2.0,64.0,6.283651600824669e-05,5.7311193813802674e-05,0.0054059033282101,0.0052706515416502,0.9996121525764464,0.9996469616889954,740.0,1195.0,10715.98,0.0704557068645954,0.0694165825843811,0.0710218548774719
1.0,qlstm_linear_enhanced_paper,original_2,henon_1000,8.0,0.001,6.0,16.0,8.0,4.0,64.0,0.0190059952437877,0.0156645011156797,0.0984945893287658,0.0909655466675758,0.8753344416618347,0.8969526886940002,740.0,3381.0,40704.62,0.0758570656180381,0.0758649036288261,0.0769520998001098
1.0,qlstm_linear_enhanced_paper,original_2,henon_1000,8.0,0.001,6.0,16.0,16.0,1.0,64.0,2.8181593734188937e-06,2.898581442423165e-06,0.0012428569607436,0.0012688625138252,0.999983012676239,0.9999819397926332,740.0,1440.0,42417.86,0.0096180097199976,0.0096928337588906,0.0104962484911084
1.0,qlstm_linear_enhanced_paper,original_2,henon_1000,8.0,0.001,6.0,16.0,16.0,2.0,64.0,6.9874799919489305e-06,7.867558451835066e-06,0.0018525910563766,0.0019960112404078,0.9999582171440125,0.9999516606330872,740.0,1304.0,34180.39,0.0397185035049915,0.0390339344739913,0.0399100966751575
1.0,qlstm_linear_enhanced_paper,original_2,henon_1000,8.0,0.001,6.0,16.0,16.0,4.0,64.0,0.0509967990219593,0.0427013039588928,0.1741538196802139,0.1640054136514663,0.604781985282898,0.6851319074630737,740.0,703.0,12677.85,0.074329661950469,0.076504647731781,0.0770545601844787
1.0,qlstm_linear_enhanced_paper,original_3,henon_1000,8.0,0.001,6.0,16.0,4.0,1.0,64.0,1.82404539827985e-06,1.7844073454398313e-06,0.0010376651771366,0.0010187182342633,0.9999892115592957,0.9999893307685852,812.0,1803.0,10038.85,0.001731824572198,0.0016437262529507,0.0017995211528614
1.0,qlstm_linear_enhanced_paper,original_3,henon_1000,8.0,0.001,6.0,16.0,4.0,2.0,64.0,8.83968186826678e-06,9.655735084379558e-06,0.0021208480466157,0.0021363792475312,0.9999459385871888,0.9999422430992126,812.0,1878.0,18765.16,0.0677651010453701,0.0661876127123832,0.0677246898412704
1.0,qlstm_linear_enhanced_paper,original_3,henon_1000,8.0,0.001,6.0,16.0,4.0,4.0,64.0,0.0005630721570923,0.0005833049654029,0.0161446202546358,0.0163785405457019,0.9965211749076844,0.9963565468788148,812.0,3418.0,18446.14,0.0715491116046905,0.0720354989171028,0.0733622387051582
1.0,qlstm_linear_enhanced_paper,original_3,henon_1000,8.0,0.001,6.0,16.0,8.0,1.0,64.0,3.026308377229725e-06,2.766563966360991e-06,0.0013584827538579,0.0012798182433471,0.9999821782112122,0.9999834299087524,812.0,1427.0,16413.26,0.0120701774023473,0.0108225839212536,0.0116960508748888
1.0,qlstm_linear_enhanced_paper,original_3,henon_1000,8.0,0.001,6.0,16.0,8.0,2.0,64.0,1.1962370081164408e-05,1.499203426647e-05,0.0025694253854453,0.0029354442376643,0.999926745891571,0.9999068975448608,812.0,1285.0,14479.42,0.0695591356605291,0.0699454173445701,0.0711791887879371
1.0,qlstm_linear_enhanced_paper,original_3,henon_1000,8.0,0.001,6.0,16.0,8.0,4.0,64.0,0.0111624328419566,0.010066881775856,0.0639309510588646,0.0585053078830242,0.9290109276771544,0.9351213574409484,812.0,2163.0,37594.63,0.07487388625741,0.0749348178505897,0.076138898730278
1.0,qlstm_linear_enhanced_paper,original_3,henon_1000,8.0,0.001,6.0,16.0,16.0,1.0,64.0,3.915517936547985e-06,4.0343829823541455e-06,0.0016273900400847,0.0016103765228763,0.9999764561653136,0.9999755024909972,812.0,1131.0,38839.77,0.0128323309123516,0.0126054976135492,0.0138043100014328
1.0,qlstm_linear_enhanced_paper,original_3,henon_1000,8.0,0.001,6.0,16.0,16.0,2.0,64.0,7.2240541157952975e-06,7.671181265322957e-06,0.0020472814794629,0.0021154128480702,0.9999552965164183,0.9999526143074036,812.0,1329.0,30296.26,0.0394460525363683,0.0382834486663341,0.0400266610085964
1.0,qlstm_linear_enhanced_paper,original_3,henon_1000,8.0,0.001,6.0,16.0,16.0,4.0,64.0,0.0012925984337925,0.0014474188210442,0.0255430862307548,0.027246480807662,0.9919266700744628,0.990902066230774,812.0,2558.0,85109.8,0.072339716926217,0.0743292719125747,0.0749545022845268
1.0,qlstm_linear_enhanced_paper,original_1,henon_1000,8.0,0.001,6.0,32.0,4.0,1.0,64.0,5.5191662795550656e-06,5.094983862363733e-06,0.0017657168209552,0.001708073541522,0.9999659061431884,0.99996817111969,1244.0,1308.0,3856.41,0.0131149386055767,0.0125808324664831,0.0137935830280184
1.0,qlstm_linear_enhanced_paper,original_1,henon_1000,8.0,0.001,6.0,32.0,4.0,2.0,64.0,2.0673516701208428e-05,2.009925083257258e-05,0.0031118248589336,0.0031873304396867,0.9998733401298524,0.9998742938041688,1244.0,1552.0,4698.97,0.0390825528651475,0.0384189449250698,0.0407097078859806
1.0,qlstm_linear_enhanced_paper,original_1,henon_1000,8.0,0.001,6.0,32.0,4.0,4.0,64.0,0.0004264724557287,0.0004006373346783,0.0129405707120895,0.0134147787466645,0.99748295545578,0.9975253343582152,1244.0,4037.0,11843.29,0.0728852778673172,0.0731615424156189,0.0744416713714599
1.0,qlstm_linear_enhanced_paper,original_1,henon_1000,8.0,0.001,6.0,32.0,8.0,1.0,64.0,3.2863026717677712e-06,3.2153720894712023e-06,0.0014031378086656,0.0014245994389057,0.9999801516532898,0.9999802708625792,1244.0,1130.0,10451.08,0.0035729420371353,0.003529735840857,0.0035845898091793
1.0,qlstm_linear_enhanced_paper,original_1,henon_1000,8.0,0.001,6.0,32.0,8.0,2.0,64.0,2.091911665047519e-05,2.044469874817878e-05,0.003329814877361,0.0032784165814518,0.9998707175254822,0.999874234199524,1244.0,1222.0,12029.6,0.0389619767665863,0.0372727811336517,0.039585530757904
1.0,qlstm_linear_enhanced_paper,original_1,henon_1000,8.0,0.001,6.0,32.0,8.0,4.0,64.0,0.0118373557925224,0.010867771692574,0.0692774727940559,0.0626836121082305,0.9251667261123656,0.9299384951591492,1244.0,5144.0,30354.96,0.0753275733441114,0.0752300173044204,0.0763918235898017
1.0,qlstm_linear_enhanced_paper,original_1,henon_1000,8.0,0.001,6.0,32.0,16.0,1.0,64.0,2.27678106057283e-06,2.370993115619058e-06,0.0011697089066728,0.0011814465979114,0.9999876618385316,0.9999870657920836,1244.0,1135.0,24594.62,0.0138938074000179,0.0135618261992931,0.0149250449612736
1.0,qlstm_linear_enhanced_paper,original_1,henon_1000,8.0,0.001,6.0,32.0,16.0,2.0,64.0,1.2605140000232495e-05,1.3782894711766858e-05,0.002626528032124,0.0027618152089416,0.9999248385429382,0.999916136264801,1244.0,1429.0,17466.32,0.0722945973277092,0.0728491097688674,0.0735057219862937
1.0,qlstm_linear_enhanced_paper,original_1,henon_1000,8.0,0.001,6.0,32.0,16.0,4.0,64.0,0.0189494788646698,0.016201177611947,0.1025694534182548,0.0966067537665367,0.8744792938232422,0.8939121961593628,1244.0,2100.0,36401.48,0.0716162726283073,0.0732591599225997,0.0739682540297508
1.0,qlstm_linear_enhanced_paper,original_2,henon_1000,8.0,0.001,6.0,32.0,4.0,1.0,64.0,1.6918272649490973e-06,1.5456282653758535e-06,0.0009752413025125,0.0009867396438494,0.9999896287918092,0.9999902248382568,1316.0,1255.0,8259.92,0.009688262315467,0.0090514402836561,0.0099460873752832
1.0,qlstm_linear_enhanced_paper,original_2,henon_1000,8.0,0.001,6.0,32.0,4.0,2.0,64.0,1.1687322512443645e-05,1.2515351045294665e-05,0.0023592677898705,0.0026178255211561,0.999927818775177,0.9999223351478576,1316.0,2049.0,8788.93,0.0719504527747631,0.0717107579112052,0.0729866623878479
1.0,qlstm_linear_enhanced_paper,original_2,henon_1000,8.0,0.001,6.0,32.0,4.0,4.0,64.0,0.0026082263793796,0.0009978789603337,0.0279973037540912,0.0226678736507892,0.983727753162384,0.9937268495559692,1316.0,3895.0,27705.42,0.0726651389151811,0.0733788162469863,0.0746178179979324
1.0,qlstm_linear_enhanced_paper,original_2,henon_1000,8.0,0.001,6.0,32.0,8.0,1.0,64.0,1.900537199617247e-06,1.7720088862915873e-06,0.0010691976640373,0.0010377942817285,0.9999886751174928,0.9999891519546508,1316.0,1350.0,11852.7,0.0181845128536224,0.0163041427731513,0.017703540623188
1.0,qlstm_linear_enhanced_paper,original_2,henon_1000,8.0,0.001,6.0,32.0,8.0,2.0,64.0,4.482579242903739e-05,4.833647108171135e-05,0.0045241122134029,0.0047907279804348,0.9997238516807556,0.9996978044509888,1316.0,1237.0,10902.02,0.0741429798305034,0.074521780014038,0.0756481364369392
1.0,qlstm_linear_enhanced_paper,original_2,henon_1000,8.0,0.001,6.0,32.0,8.0,4.0,64.0,0.0015170578844845,0.0013544780667871,0.0267871189862489,0.0255051478743553,0.9905948042869568,0.9914919137954712,1316.0,2071.0,17950.57,0.0766100082546472,0.0765527784824371,0.0776028931140899
1.0,qlstm_linear_enhanced_paper,original_2,henon_1000,8.0,0.001,6.0,32.0,16.0,1.0,64.0,3.7742026961495863e-06,3.547136429915554e-06,0.0015225923852995,0.0015103196492418,0.999977171421051,0.9999781250953674,1316.0,1182.0,32655.06,0.0081621021963655,0.0083210943266749,0.0089378366246819
1.0,qlstm_linear_enhanced_paper,original_2,henon_1000,8.0,0.001,6.0,32.0,16.0,2.0,64.0,5.872492238268023e-06,8.379629434784874e-06,0.0019364587496966,0.0022170816082507,0.9999640583992004,0.9999486207962036,1316.0,1577.0,41663.66,0.0745377771556377,0.0756372660398483,0.0761874169111251
1.0,qlstm_linear_enhanced_paper,original_2,henon_1000,8.0,0.001,6.0,32.0,16.0,4.0,64.0,0.0378554053604602,0.0320464074611663,0.1510520428419113,0.1388121545314788,0.7271634936332703,0.7758837342262268,1316.0,806.0,14592.69,0.0719350758939981,0.0737409368157386,0.0744022950530052
1.0,qlstm_linear_enhanced_paper,original_3,henon_1000,8.0,0.001,6.0,32.0,4.0,1.0,64.0,2.172575250369846e-06,2.060030510619981e-06,0.0010480547789484,0.0010331551311537,0.9999866485595704,0.9999870657920836,1388.0,1178.0,6710.5,0.0046649016439914,0.004495171830058,0.0049969758838415
1.0,qlstm_linear_enhanced_paper,original_3,henon_1000,8.0,0.001,6.0,32.0,4.0,2.0,64.0,1.870671803771984e-05,1.732574492052663e-05,0.0032221260480582,0.0031911111436784,0.9998969435691832,0.9999032616615297,1388.0,1217.0,6839.13,0.0325072284787893,0.0318605490028858,0.0335499309003353
1.0,qlstm_linear_enhanced_paper,original_3,henon_1000,8.0,0.001,6.0,32.0,4.0,4.0,64.0,0.0023444453254342,0.0031030580867081,0.0352274887263774,0.036992859095335,0.9855308532714844,0.9803853034973145,1388.0,2906.0,15934.93,0.0735414136201143,0.0741653740406036,0.0752472430467605
1.0,qlstm_linear_enhanced_paper,original_3,henon_1000,8.0,0.001,6.0,32.0,8.0,1.0,64.0,2.2649039692623774e-06,2.097335254802601e-06,0.0011449718149378,0.0011040909448638,0.999986171722412,0.9999870657920836,1388.0,1247.0,14296.54,0.0029362638713791,0.0026517962105572,0.0028208256699144
1.0,qlstm_linear_enhanced_paper,original_3,henon_1000,8.0,0.001,6.0,32.0,8.0,2.0,64.0,4.544188777799718e-05,4.404736682772637e-05,0.0044530951417982,0.004371962044388,0.9997206926345824,0.9997246861457824,1388.0,826.0,9419.11,0.0453419059514999,0.0428133867681026,0.0457459613680839
1.0,qlstm_linear_enhanced_paper,original_3,henon_1000,8.0,0.001,6.0,32.0,8.0,4.0,64.0,0.0011665149359032,0.0009104282944463,0.0229269731789827,0.0216051377356052,0.9927710890769958,0.9943250417709352,1388.0,2035.0,22713.77,0.0737073954194784,0.0734678879380226,0.0749099925160408
1.0,qlstm_linear_enhanced_paper,original_3,henon_1000,8.0,0.001,6.0,32.0,16.0,1.0,64.0,4.055178123962833e-06,3.782710791710997e-06,0.0015699024079367,0.0014629395445808,0.9999770522117616,0.9999778270721436,1388.0,1241.0,28471.42,0.0102717533707618,0.0104415817186236,0.0113220047205686
1.0,qlstm_linear_enhanced_paper,original_3,henon_1000,8.0,0.001,6.0,32.0,16.0,2.0,64.0,1.0837375157279894e-05,1.096873984351987e-05,0.002334265038371,0.0023806681856513,0.9999388456344604,0.9999346733093262,1388.0,1421.0,32527.79,0.0723044645041227,0.0742061659693718,0.074990838766098
1.0,qlstm_linear_enhanced_paper,original_3,henon_1000,8.0,0.001,6.0,32.0,16.0,4.0,64.0,0.0080537553876638,0.0082774590700864,0.0633718445897102,0.0607775263488292,0.9489408731460572,0.947456121444702,1388.0,1787.0,40107.13,0.0722281116992235,0.0741305351257324,0.0747615993022918
1.0,qlstm_linear_enhanced_paper,original_1,henon_1000,9.0,0.001,6.0,8.0,4.0,1.0,64.0,2.026432184720761e-06,2.104369059452438e-06,0.0010889834957197,0.0011198382126167,0.9999876022338868,0.9999867081642152,380.0,2137.0,6262.81,0.0342885976657271,0.0325029380619525,0.0335759595036506
1.0,qlstm_linear_enhanced_paper,original_1,henon_1000,9.0,0.001,6.0,8.0,4.0,2.0,64.0,1.0556754205026664e-05,1.16908404379501e-05,0.0020571677014231,0.0022021443583071,0.9999359846115112,0.9999290108680724,380.0,2728.0,8097.21,0.0631395254284143,0.0612280331552028,0.0632861703634262
1.0,qlstm_linear_enhanced_paper,original_1,henon_1000,9.0,0.001,6.0,8.0,4.0,4.0,64.0,0.0018072745297104,0.0011018008226528,0.0273978617042303,0.0236478541046381,0.98875629901886,0.993073582649231,380.0,6347.0,17683.26,0.0754520524293184,0.0747939869761467,0.0757584944367408
1.0,qlstm_linear_enhanced_paper,original_1,henon_1000,9.0,0.001,6.0,8.0,8.0,1.0,64.0,1.0046929673990236e-05,8.745764716877602e-06,0.0025349827483296,0.0023585148155689,0.9999412298202516,0.9999483823776244,380.0,1896.0,20311.46,0.0458152148872613,0.0427068024873733,0.0436069034039974
1.0,qlstm_linear_enhanced_paper,original_1,henon_1000,9.0,0.001,6.0,8.0,8.0,2.0,64.0,2.3021362721920013e-05,2.058041536656674e-05,0.0033110443037003,0.00333808735013,0.9998628497123718,0.9998718500137328,380.0,2313.0,13812.71,0.0754912432283163,0.073296345770359,0.0745517536997795
1.0,qlstm_linear_enhanced_paper,original_1,henon_1000,9.0,0.001,6.0,8.0,8.0,4.0,64.0,0.0009632686851546,0.0008730873232707,0.0201750192791223,0.0204588044434785,0.9940197467803956,0.994564950466156,380.0,3226.0,19046.28,0.0753215037286281,0.073152981698513,0.0745139569044113
1.0,qlstm_linear_enhanced_paper,original_1,henon_1000,9.0,0.001,6.0,8.0,16.0,1.0,64.0,7.99873760115588e-06,7.509756869694684e-06,0.0022198585793375,0.002151719527319,0.999950349330902,0.999953269958496,380.0,1805.0,34304.17,0.0265289157629013,0.0255095921456813,0.0263724140822887
1.0,qlstm_linear_enhanced_paper,original_1,henon_1000,9.0,0.001,6.0,8.0,16.0,2.0,64.0,8.828641512081958e-06,8.001644346222747e-06,0.0021503353491425,0.0021858494728803,0.9999460577964784,0.9999510645866394,380.0,1246.0,23103.02,0.0365056024864316,0.0352069400250911,0.037076711654663
1.0,qlstm_linear_enhanced_paper,original_1,henon_1000,9.0,0.001,6.0,8.0,16.0,4.0,64.0,0.0042494740337133,0.0020870212465524,0.0394272133708,0.0293468050658702,0.9732701778411864,0.9868956804275512,380.0,3336.0,59415.17,0.0777851421386003,0.077030561864376,0.077552244067192
1.0,qlstm_linear_enhanced_paper,original_2,henon_1000,9.0,0.001,6.0,8.0,4.0,1.0,64.0,1.221989009536628e-06,1.2216202094350592e-06,0.0008768202387727,0.0008423365070484,0.9999927878379822,0.9999924302101136,452.0,1649.0,11292.7,0.0200846860185265,0.0188729893416166,0.0199236720800399
1.0,qlstm_linear_enhanced_paper,original_2,henon_1000,9.0,0.001,6.0,8.0,4.0,2.0,64.0,9.159472028841265e-06,9.589019100531004e-06,0.0022997371852397,0.0024116965942084,0.9999436736106871,0.9999403357505798,452.0,2717.0,11411.67,0.07345717176795,0.0732742846012115,0.0741916894912719
1.0,qlstm_linear_enhanced_paper,original_2,henon_1000,9.0,0.001,6.0,8.0,4.0,4.0,64.0,0.0007890718406997,0.0007728548953309,0.0186312273144722,0.0186947882175445,0.9950947165489196,0.9951683282852172,452.0,6085.0,25318.41,0.0756508126854896,0.0750981569290161,0.0760784372687339
1.0,qlstm_linear_enhanced_paper,original_2,henon_1000,9.0,0.001,6.0,8.0,8.0,1.0,64.0,5.665397111442871e-06,5.355120265448932e-06,0.001823637750931,0.0017708842642605,0.999965250492096,0.9999665021896362,452.0,1699.0,14328.88,0.0250543465837836,0.0234785601496696,0.0248691495507955
1.0,qlstm_linear_enhanced_paper,original_2,henon_1000,9.0,0.001,6.0,8.0,8.0,2.0,64.0,2.450947977195028e-05,2.168216269637924e-05,0.0033998840954154,0.0033728822600096,0.9998495578765868,0.9998642206192015,452.0,1915.0,16818.19,0.0753900121897459,0.0751801058650016,0.0761490166187286
1.0,qlstm_linear_enhanced_paper,original_2,henon_1000,9.0,0.001,6.0,8.0,8.0,4.0,64.0,0.0013993391767144,0.0011693391716107,0.0264738276600837,0.0242872238159179,0.9914074540138244,0.9926969408988952,452.0,3081.0,25504.53,0.0804554909467697,0.0779486000537872,0.0789049938321113
1.0,qlstm_linear_enhanced_paper,original_2,henon_1000,9.0,0.001,6.0,8.0,16.0,1.0,64.0,1.296420236940321e-06,1.182917571895814e-06,0.0009095361456274,0.0008748695836402,0.9999922513961792,0.9999927282333374,452.0,1568.0,43928.56,0.0268425729125738,0.0255672056227922,0.026465406641364
1.0,qlstm_linear_enhanced_paper,original_2,henon_1000,9.0,0.001,6.0,8.0,16.0,2.0,64.0,3.37667552230414e-05,3.504293999867514e-05,0.0039030264597386,0.0042153084650635,0.9997930526733398,0.9997820854187012,452.0,1652.0,43335.74,0.0622719462960958,0.0604515708982944,0.0623643361032009
1.0,qlstm_linear_enhanced_paper,original_2,henon_1000,9.0,0.001,6.0,8.0,16.0,4.0,64.0,0.0012861718423664,0.0007961724768392,0.0226693898439407,0.0193402133882045,0.992076575756073,0.9950642585754396,452.0,4665.0,123292.72,0.0743000280112028,0.0736448541283607,0.0742936134338378
1.0,qlstm_linear_enhanced_paper,original_3,henon_1000,9.0,0.001,6.0,8.0,4.0,1.0,64.0,1.230193447554484e-06,1.1935176189581398e-06,0.0008806692785583,0.0008766361279413,0.9999925494194032,0.999992609024048,524.0,1433.0,14349.15,0.0111196005716919,0.0105391135439276,0.0115744555369019
1.0,qlstm_linear_enhanced_paper,original_3,henon_1000,9.0,0.001,6.0,8.0,4.0,2.0,64.0,1.3282854524732102e-05,1.4191114132700022e-05,0.0028609698638319,0.0030366329010576,0.9999189972877502,0.9999122023582458,524.0,1794.0,9856.39,0.0375819139182567,0.0367624647915363,0.0388295464217662
1.0,qlstm_linear_enhanced_paper,original_3,henon_1000,9.0,0.001,6.0,8.0,4.0,4.0,64.0,0.0017370674759149,0.0014344037044793,0.0290287006646394,0.0268839299678802,0.989179253578186,0.9910045266151428,524.0,4966.0,27048.24,0.0722583621740341,0.0707297772169113,0.0721619725227356
1.0,qlstm_linear_enhanced_paper,original_3,henon_1000,9.0,0.001,6.0,8.0,8.0,1.0,64.0,2.284458560097846e-06,2.0781781131518078e-06,0.0011116876266896,0.0010399200255051,0.9999860525131226,0.999987244606018,524.0,1651.0,18448.93,0.0162200460210442,0.0153853967785835,0.0165794175118207
1.0,qlstm_linear_enhanced_paper,original_3,henon_1000,9.0,0.001,6.0,8.0,8.0,2.0,64.0,6.087358542572474e-06,6.31998182143434e-06,0.0019611227326095,0.0020199851132929,0.9999623894691468,0.999960720539093,524.0,1552.0,17260.62,0.05168321095407,0.0467445217072963,0.049445055425167
1.0,qlstm_linear_enhanced_paper,original_3,henon_1000,9.0,0.001,6.0,8.0,8.0,4.0,64.0,0.0007948944694362,0.0008347145048901,0.0196928288787603,0.0190249495208263,0.9950768947601318,0.9947946667671204,524.0,5167.0,83597.01,0.0754752896726131,0.0736128315329551,0.074944406747818
1.0,qlstm_linear_enhanced_paper,original_3,henon_1000,9.0,0.001,6.0,8.0,16.0,1.0,64.0,1.7313802800345002e-06,1.5905277450656286e-06,0.0009641199721954,0.0009306275751441,0.9999893307685852,0.9999901056289672,524.0,2103.0,46864.05,0.0235243562608957,0.0215007308870553,0.0229588989168405
1.0,qlstm_linear_enhanced_paper,original_3,henon_1000,9.0,0.001,6.0,8.0,16.0,2.0,64.0,2.234534258604981e-05,2.165898695238866e-05,0.0034301171544939,0.0035325046628713,0.9998654127120972,0.9998661279678344,524.0,1037.0,24213.62,0.0310365227982401,0.0299053322523832,0.0315860919654369
1.0,qlstm_linear_enhanced_paper,original_3,henon_1000,9.0,0.001,6.0,8.0,16.0,4.0,64.0,0.0071104941889643,0.0054965899325907,0.0610550940036773,0.0583785995841026,0.9556632041931152,0.9657716751098632,524.0,2117.0,47355.38,0.073253782838583,0.0729840770363807,0.0737332925200462
1.0,qlstm_linear_enhanced_paper,original_1,henon_1000,9.0,0.001,6.0,16.0,4.0,1.0,64.0,5.1102115321555175e-06,4.626424015441444e-06,0.0017668814398348,0.0017038725782185,0.9999687075614928,0.9999717473983764,668.0,1301.0,3776.41,0.0165617366321384,0.0154892532154917,0.0165756475180387
1.0,qlstm_linear_enhanced_paper,original_1,henon_1000,9.0,0.001,6.0,16.0,4.0,2.0,64.0,6.463186582550406e-05,5.2034629334229976e-05,0.0049949092790484,0.004670615773648,0.99960458278656,0.9996772408485411,668.0,1783.0,9567.98,0.0290928807109594,0.0286576393991708,0.0303399953991174
1.0,qlstm_linear_enhanced_paper,original_1,henon_1000,9.0,0.001,6.0,16.0,4.0,4.0,64.0,0.0017153357621282,0.0017414554022252,0.0310020707547664,0.031717263162136,0.9893469214439392,0.98906010389328,668.0,3340.0,9782.3,0.0740738149732351,0.072581373155117,0.0739294588565826
1.0,qlstm_linear_enhanced_paper,original_1,henon_1000,9.0,0.001,6.0,16.0,8.0,1.0,64.0,3.5068228498857934e-06,3.248451321269385e-06,0.0014769454719498,0.0014492837944999,0.9999791979789734,0.9999802708625792,668.0,1527.0,9056.88,0.0277929510921239,0.025776881724596,0.0270624328404665
1.0,qlstm_linear_enhanced_paper,original_1,henon_1000,9.0,0.001,6.0,16.0,8.0,2.0,64.0,1.047915247909259e-05,8.418288416578434e-06,0.0024018455296754,0.0022115006577223,0.9999355673789978,0.9999479651451112,668.0,1518.0,9157.14,0.0452032476663589,0.0429510846734046,0.0443451702594757
1.0,qlstm_linear_enhanced_paper,original_1,henon_1000,9.0,0.001,6.0,16.0,8.0,4.0,64.0,0.0203178282827138,0.0153385447338223,0.1039816066622734,0.091573417186737,0.8666651248931885,0.8991812467575073,668.0,1795.0,10410.27,0.0795574612915515,0.0774032846093177,0.0784293562173843
1.0,qlstm_linear_enhanced_paper,original_1,henon_1000,9.0,0.001,6.0,16.0,16.0,1.0,64.0,2.7890332603419665e-06,2.205324335591285e-06,0.0012810071930289,0.0011452088365331,0.999983012676239,0.9999865293502808,668.0,1436.0,17465.68,0.0152515674009919,0.0134413363412022,0.014517861418426
1.0,qlstm_linear_enhanced_paper,original_1,henon_1000,9.0,0.001,6.0,16.0,16.0,2.0,64.0,3.55733536707703e-05,3.158923937007785e-05,0.0042669810354709,0.0040692114271223,0.9997838735580444,0.9998068809509276,668.0,1731.0,20841.75,0.0591222535818815,0.0574213787913322,0.0587417669594287
1.0,qlstm_linear_enhanced_paper,original_1,henon_1000,9.0,0.001,6.0,16.0,16.0,4.0,64.0,0.0005454348865896,0.0007681742426939,0.0144199738278985,0.0154832890257239,0.9966055154800416,0.9951937794685364,668.0,5350.0,91168.6,0.0733643863350153,0.0729209184646606,0.0736584290862083
1.0,qlstm_linear_enhanced_paper,original_2,henon_1000,9.0,0.001,6.0,16.0,4.0,1.0,64.0,3.999919954367215e-06,3.671255399240181e-06,0.0015665589598938,0.0015380752738565,0.999975323677063,0.9999770522117616,740.0,1394.0,10777.98,0.0096172752324491,0.0089598214253783,0.0096025913953781
1.0,qlstm_linear_enhanced_paper,original_2,henon_1000,9.0,0.001,6.0,16.0,4.0,2.0,64.0,4.845773946726695e-05,4.674605588661507e-05,0.0043759318068623,0.004514348693192,0.9997073411941528,0.999711275100708,740.0,1730.0,13309.55,0.0326097644865512,0.0330781564116478,0.0350200310349464
1.0,qlstm_linear_enhanced_paper,original_2,henon_1000,9.0,0.001,6.0,16.0,4.0,4.0,64.0,0.0008977500838227,0.0007368814549408,0.0174347534775733,0.0168806090950965,0.994416356086731,0.9954059720039368,740.0,5791.0,23988.01,0.0746861346065998,0.0736991986632347,0.0749117732048034
1.0,qlstm_linear_enhanced_paper,original_2,henon_1000,9.0,0.001,6.0,16.0,8.0,1.0,64.0,4.922432253806619e-06,4.317074854043312e-06,0.0018104055197909,0.0016846555517986,0.9999697804450988,0.9999732375144958,740.0,1408.0,12217.49,0.0169896592386066,0.0159905049949884,0.0173826329410076
1.0,qlstm_linear_enhanced_paper,original_2,henon_1000,9.0,0.001,6.0,16.0,8.0,2.0,64.0,9.98776886262931e-06,9.028365639096592e-06,0.0022671027109026,0.0022754471283406,0.999939262866974,0.9999438524246216,740.0,1642.0,14312.27,0.0573849409818649,0.0533343330025672,0.0553201809525489
1.0,qlstm_linear_enhanced_paper,original_2,henon_1000,9.0,0.001,6.0,16.0,8.0,4.0,64.0,0.0151353552937507,0.01611421816051,0.0893269851803779,0.0844403356313705,0.9015205502510072,0.8936148881912231,740.0,2839.0,38436.97,0.0762974642217159,0.0743929296731948,0.0756468027830123
1.0,qlstm_linear_enhanced_paper,original_2,henon_1000,9.0,0.001,6.0,16.0,16.0,1.0,64.0,3.296328713986441e-06,3.388414825167274e-06,0.0014256081776693,0.0014042736729606,0.9999797940254213,0.9999793171882628,740.0,1264.0,33360.57,0.0181205729953944,0.0160881988704204,0.0178083349019289
1.0,qlstm_linear_enhanced_paper,original_2,henon_1000,9.0,0.001,6.0,16.0,16.0,2.0,64.0,1.890354906208813e-05,2.326022331544664e-05,0.0029519698582589,0.0032998649403452,0.9998884797096252,0.9998565912246704,740.0,1293.0,22629.08,0.0295655578374862,0.0293975733220577,0.0305389035493135
1.0,qlstm_linear_enhanced_paper,original_2,henon_1000,9.0,0.001,6.0,16.0,16.0,4.0,64.0,0.0022078398615121,0.0024227988906204,0.0332228876650333,0.0358126275241375,0.9861775040626526,0.9848154187202454,740.0,1953.0,33722.7,0.0740719445049762,0.0738138779997825,0.0744684636592865
1.0,qlstm_linear_enhanced_paper,original_3,henon_1000,9.0,0.001,6.0,16.0,4.0,1.0,64.0,2.08879077945312e-06,1.9580440948629985e-06,0.0011618755524978,0.0011347784893587,0.9999870657920836,0.999987781047821,812.0,1419.0,7869.88,0.0049985415535047,0.0047463988885283,0.0051312637515366
1.0,qlstm_linear_enhanced_paper,original_3,henon_1000,9.0,0.001,6.0,16.0,4.0,2.0,64.0,7.446003110089805e-06,7.072352673276328e-06,0.0021012173965573,0.0020547944586724,0.999954342842102,0.99995619058609,812.0,1220.0,12381.03,0.0276360407471656,0.0268518403172492,0.0285728070884943
1.0,qlstm_linear_enhanced_paper,original_3,henon_1000,9.0,0.001,6.0,16.0,4.0,4.0,64.0,0.001800873898901,0.0017181548755615,0.0299796611070632,0.0292025078088045,0.9888544678688048,0.9891988039016724,812.0,3331.0,17867.18,0.0742116846144199,0.0732954740524292,0.074454665184021
1.0,qlstm_linear_enhanced_paper,original_3,henon_1000,9.0,0.001,6.0,16.0,8.0,1.0,64.0,1.1051034789488767e-06,1.0429496342112543e-06,0.0007838923484086,0.0007673620129935,0.9999938011169434,0.999993860721588,812.0,1538.0,16962.55,0.0045228492701426,0.0044766096398234,0.0047634616494178
1.0,qlstm_linear_enhanced_paper,original_3,henon_1000,9.0,0.001,6.0,16.0,8.0,2.0,64.0,2.4346762074856088e-05,2.238107299490366e-05,0.0035329451784491,0.0034657563082873,0.9998503923416138,0.9998603463172911,812.0,1035.0,21199.82,0.0423919457942247,0.0396526902914047,0.041836641728878
1.0,qlstm_linear_enhanced_paper,original_3,henon_1000,9.0,0.001,6.0,16.0,8.0,4.0,64.0,0.0013682288117706,0.0013768044300377,0.0234949085861444,0.0245350040495395,0.9915016293525696,0.9913671016693116,812.0,2663.0,29217.77,0.0766301840543746,0.0747886449098587,0.0760157778859138
1.0,qlstm_linear_enhanced_paper,original_3,henon_1000,9.0,0.001,6.0,16.0,16.0,1.0,64.0,3.4800909816112835e-06,3.041239779122406e-06,0.0013226422015577,0.0012635112507268,0.9999789595603944,0.9999816417694092,812.0,1267.0,28683.68,0.0093283143825829,0.0082902377471327,0.009128538891673
1.0,qlstm_linear_enhanced_paper,original_3,henon_1000,9.0,0.001,6.0,16.0,16.0,2.0,64.0,1.8364085917710327e-05,2.000073618546594e-05,0.003279484109953,0.0034972957801073,0.999886691570282,0.9998787641525269,812.0,863.0,19642.89,0.0545130785554647,0.0524340905249118,0.0547009110450744
1.0,qlstm_linear_enhanced_paper,original_3,henon_1000,9.0,0.001,6.0,16.0,16.0,4.0,64.0,0.0501977428793907,0.043824303895235,0.1784426271915435,0.1694200485944748,0.6124277710914612,0.6761232018470764,812.0,644.0,23308.59,0.0754596319049596,0.0750307813286781,0.0756406038999557
1.0,qlstm_linear_enhanced_paper,original_1,henon_1000,9.0,0.001,6.0,32.0,4.0,1.0,64.0,5.449591299111489e-06,5.500371116795577e-06,0.0017976448871195,0.0018028335180133,0.9999664425849916,0.9999656677246094,1244.0,1724.0,9175.93,0.0148579914122819,0.0140762804076075,0.0155924446880817
1.0,qlstm_linear_enhanced_paper,original_1,henon_1000,9.0,0.001,6.0,32.0,4.0,2.0,64.0,2.566835428297054e-05,2.701889388845302e-05,0.0035607730969786,0.0038331090472638,0.9998425841331482,0.9998310804367064,1244.0,1702.0,4962.7,0.0534913510084152,0.0519783161580562,0.0549607053399086
1.0,qlstm_linear_enhanced_paper,original_1,henon_1000,9.0,0.001,6.0,32.0,4.0,4.0,64.0,0.0007709094788879,0.0008863899856805,0.0185232385993003,0.019316429272294,0.9952013492584229,0.9944450855255128,1244.0,3833.0,11541.48,0.0750055067241191,0.0742083191871643,0.0752050578594207
1.0,qlstm_linear_enhanced_paper,original_1,henon_1000,9.0,0.001,6.0,32.0,8.0,1.0,64.0,3.3233725389436586e-06,3.169528326907312e-06,0.0013892225688323,0.0013552627060562,0.9999794363975524,0.999980092048645,1244.0,1195.0,7301.66,0.0070820797700434,0.0069743073545396,0.0074435980059206
1.0,qlstm_linear_enhanced_paper,original_1,henon_1000,9.0,0.001,6.0,32.0,8.0,2.0,64.0,1.0915036000369582e-05,1.057813369698124e-05,0.0022502318024635,0.0023671723902225,0.9999324083328248,0.999934196472168,1244.0,1810.0,10614.37,0.0723015610128641,0.0730989873409271,0.0746719092130661
1.0,qlstm_linear_enhanced_paper,original_1,henon_1000,9.0,0.001,6.0,32.0,8.0,4.0,64.0,0.0241986289620399,0.0230260137468576,0.1051493287086486,0.1020344793796539,0.8378009796142578,0.8441840410232544,1244.0,1778.0,16158.59,0.0751628339290619,0.073152482509613,0.074564516544342
1.0,qlstm_linear_enhanced_paper,original_1,henon_1000,9.0,0.001,6.0,32.0,16.0,1.0,64.0,2.119191549354582e-06,1.9800083919108147e-06,0.0011177817359566,0.0010836862493306,0.9999874234199524,0.9999882578849792,1244.0,1286.0,15795.18,0.0114490852691233,0.010736308991909,0.0111503638327121
1.0,qlstm_linear_enhanced_paper,original_1,henon_1000,9.0,0.001,6.0,32.0,16.0,2.0,64.0,8.216238711611368e-06,9.342436896986328e-06,0.002159132156521,0.0021354390773922,0.9999504685401917,0.9999447464942932,1244.0,1468.0,17520.44,0.0677340973168611,0.0687447562813758,0.0698678866028785
1.0,qlstm_linear_enhanced_paper,original_1,henon_1000,9.0,0.001,6.0,32.0,16.0,4.0,64.0,0.0046325717121362,0.0032369215041399,0.0458774082362651,0.0422469563782215,0.9710118770599364,0.979613721370697,1244.0,2966.0,34860.14,0.0743301209062337,0.0740908533334732,0.0747328922152519
1.0,qlstm_linear_enhanced_paper,original_2,henon_1000,9.0,0.001,6.0,32.0,4.0,1.0,64.0,2.107261934725102e-06,2.116282757924637e-06,0.0010725677711889,0.0010840110480785,0.9999870657920836,0.9999869465827942,1316.0,1348.0,5721.54,0.0132466237992048,0.0125418426468968,0.0135591076686978
1.0,qlstm_linear_enhanced_paper,original_2,henon_1000,9.0,0.001,6.0,32.0,4.0,2.0,64.0,4.588869342114776e-05,4.18070558225736e-05,0.0045104632154107,0.0043449657969176,0.9997242093086244,0.9997419714927672,1316.0,1744.0,13507.85,0.0351260052993893,0.0347264744341373,0.0366789922118186
1.0,qlstm_linear_enhanced_paper,original_2,henon_1000,9.0,0.001,6.0,32.0,4.0,4.0,64.0,0.0015312784817069,0.0014249681262299,0.0282462686300277,0.0276574827730655,0.9904499053955078,0.9910305142402648,1316.0,6763.0,28102.0,0.0738689318299293,0.072495199739933,0.0737804025411605
1.0,qlstm_linear_enhanced_paper,original_2,henon_1000,9.0,0.001,6.0,32.0,8.0,1.0,64.0,4.53750544693321e-06,4.27540862801834e-06,0.0016698340186849,0.0016797155840322,0.9999731183052064,0.9999747276306152,1316.0,1197.0,10464.85,0.0024113270104862,0.0022720398847013,0.0024593551643192
1.0,qlstm_linear_enhanced_paper,original_2,henon_1000,9.0,0.001,6.0,32.0,8.0,2.0,64.0,2.3580059860250916e-05,2.366370063100476e-05,0.0033192748669534,0.0034024354536086,0.9998543858528136,0.9998536109924316,1316.0,1537.0,13159.23,0.0468116465955972,0.0434620827436447,0.0459555275738239
1.0,qlstm_linear_enhanced_paper,original_2,henon_1000,9.0,0.001,6.0,32.0,8.0,4.0,64.0,0.0054726442322134,0.0037246323190629,0.0394133292138576,0.0340960398316383,0.9656143188476562,0.9764577746391296,1316.0,4425.0,36929.46,0.0768596336245536,0.0748283043503761,0.0760411098599433
1.0,qlstm_linear_enhanced_paper,original_2,henon_1000,9.0,0.001,6.0,32.0,16.0,1.0,64.0,2.281739625686896e-06,2.0833151666010963e-06,0.0011553410440683,0.0011165514588356,0.9999876618385316,0.9999886751174928,1316.0,1182.0,31424.12,0.0020267422078177,0.0019404250197112,0.0020961021073162
1.0,qlstm_linear_enhanced_paper,original_2,henon_1000,9.0,0.001,6.0,32.0,16.0,2.0,64.0,2.431528628221713e-05,2.551364559622016e-05,0.0035696390550583,0.0037243324331939,0.9998498558998108,0.9998416900634766,1316.0,973.0,17186.58,0.0243300963193178,0.0228883605450391,0.024212734773755
1.0,qlstm_linear_enhanced_paper,original_2,henon_1000,9.0,0.001,6.0,32.0,16.0,4.0,64.0,0.0035064062103629,0.0014953836798667,0.0319560281932354,0.026252394542098,0.9779908657073976,0.9906086921691896,1316.0,2663.0,45020.35,0.0776354651898145,0.076731339097023,0.0772573202848434
1.0,qlstm_linear_enhanced_paper,original_3,henon_1000,9.0,0.001,6.0,32.0,4.0,1.0,64.0,2.5299989374616416e-06,2.2221092876861803e-06,0.0010935730533674,0.0011234849225729,0.9999848008155824,0.999986171722412,1388.0,1305.0,13201.48,0.0081517247483134,0.0078031155280768,0.0086363209411501
1.0,qlstm_linear_enhanced_paper,original_3,henon_1000,9.0,0.001,6.0,32.0,4.0,2.0,64.0,1.916881046781782e-05,1.7459771697758697e-05,0.0032876527402549,0.0032009426504373,0.9998886585235596,0.9998956918716432,1388.0,1237.0,6725.6,0.0605640802532434,0.0593021064996719,0.0614819712936878
1.0,qlstm_linear_enhanced_paper,original_3,henon_1000,9.0,0.001,6.0,32.0,4.0,4.0,64.0,0.0005822914536111,0.0005634311237372,0.0160993114113807,0.0162770692259073,0.996388852596283,0.996468722820282,1388.0,4217.0,35160.46,0.0750531058758497,0.0742598325014114,0.0753553211688995
1.0,qlstm_linear_enhanced_paper,original_3,henon_1000,9.0,0.001,6.0,32.0,8.0,1.0,64.0,3.731612423507613e-06,3.1006788958620746e-06,0.0014740996994078,0.0013261190615594,0.9999769926071168,0.9999806880950928,1388.0,1068.0,12363.82,0.0051202590577304,0.0049642035737633,0.005480533465743
1.0,qlstm_linear_enhanced_paper,original_3,henon_1000,9.0,0.001,6.0,32.0,8.0,2.0,64.0,1.0889986697293352e-05,1.0440024198032916e-05,0.002302958862856,0.0024014050140976,0.9999330639839172,0.9999346137046814,1388.0,1301.0,14545.07,0.068698189407587,0.0659396797418594,0.0676286518573761
1.0,qlstm_linear_enhanced_paper,original_3,henon_1000,9.0,0.001,6.0,32.0,8.0,4.0,64.0,0.0225793719291687,0.0233548246324062,0.1129838079214096,0.1110525801777839,0.8487899899482727,0.8418077826499939,1388.0,1764.0,19540.83,0.0763115502893924,0.0744560286402702,0.0758093819022178
1.0,qlstm_linear_enhanced_paper,original_3,henon_1000,9.0,0.001,6.0,32.0,16.0,1.0,64.0,4.316254489822313e-06,4.467567123356275e-06,0.0016786273336037,0.001712461002171,0.9999748468399048,0.999974250793457,1388.0,977.0,21565.71,0.0009526423120405,0.0008901728433556,0.0009898756397888
1.0,qlstm_linear_enhanced_paper,original_3,henon_1000,9.0,0.001,6.0,32.0,16.0,2.0,64.0,1.761656858434435e-05,1.995195088966284e-05,0.0029449160210788,0.0031274487264454,0.9998973608016968,0.9998770952224731,1388.0,853.0,19651.32,0.0290819726884365,0.0275421626865863,0.0288445856422185
1.0,qlstm_linear_enhanced_paper,original_3,henon_1000,9.0,0.001,6.0,32.0,16.0,4.0,64.0,0.0089510204270482,0.0028362807352095,0.0485777854919433,0.0369933545589447,0.9433670043945312,0.982164978981018,1388.0,1617.0,36513.47,0.073555926606059,0.0731756910681724,0.0739100128412246
