Version,Model,Ansatz,Data,Learning Rate,Number Qubits,Hidden Size,Sequence Length,Prediction Step,Batch Size,Num Parameters,MSE Testing Mean,MSE Testing Std,MSE Testing Min,MSE Testing Max,MSE Testing Median,MSE Testing Mad,MSE Validation Mean,MSE Validation Std,MSE Validation Min,MSE Validation Max,MSE Validation Median,MSE Validation Mad,MAE Testing Mean,MAE Testing Std,MAE Testing Min,MAE Testing Max,MAE Testing Median,MAE Testing Mad,MAE Validation Mean,MAE Validation Std,MAE Validation Min,MAE Validation Max,MAE Validation Median,MAE Validation Mad,Correlation Testing Mean,Correlation Testing Std,Correlation Testing Min,Correlation Testing Max,Correlation Testing Median,Correlation Testing Mad,Correlation Validation Mean,Correlation Validation Std,Correlation Validation Min,Correlation Validation Max,Correlation Validation Median,Correlation Validation Mad,Epochs to Convergance Mean,Epochs to Convergance Std,Epochs to Convergance Min,Epochs to Convergance Max,Epochs to Convergance Median,Epochs to Convergance Mad,Total Training Time Mean,Total Training Time Std,Total Training Time Min,Total Training Time Max,Total Training Time Median,Total Training Time Mad,Training Loss after 100 epochs Mean,Training Loss after 100 epochs Std,Training Loss after 100 epochs Min,Training Loss after 100 epochs Max,Training Loss after 100 epochs Median,Training Loss after 100 epochs Mad,Validation Loss after 100 epochs Mean,Validation Loss after 100 epochs Std,Validation Loss after 100 epochs Min,Validation Loss after 100 epochs Max,Validation Loss after 100 epochs Median,Validation Loss after 100 epochs Mad,Testing Loss after 100 epochs Mean,Testing Loss after 100 epochs Std,Testing Loss after 100 epochs Min,Testing Loss after 100 epochs Max,Testing Loss after 100 epochs Median,Testing Loss after 100 epochs Mad
1.0,qlstm_paper,original_1,henon_1000,0.001,4.0,,8.0,1.0,64.0,82.0,0.00462144436023659,0.010232230571318968,0.0004406008229125,0.0351267158985137,0.00093832126003685,0.0003308110171929,0.00430019486520899,0.009799218463774425,0.0003923850890714,0.0335578136146068,0.00080076398444355,0.00027625128859654996,0.03308874685317274,0.03333634994523648,0.0154168177396059,0.130598172545433,0.021575296297669348,0.0043515432626009005,0.03132005147635932,0.03321759963407615,0.0144260702654719,0.1290267407894134,0.019919092766940552,0.0035853292793035507,0.9683671414852142,0.07292900059007007,0.7505836486816406,0.9972802996635436,0.9944542050361633,0.0019264519214630127,0.9702815532684326,0.06994373811285517,0.7612067461013794,0.9975375533103944,0.9951027929782867,0.001669168472290039,12509.4,4689.745946210733,5455.0,21199.0,12230.5,3713.5,61934.46000000001,29066.96876910112,24480.62,119622.28,55476.385,22880.999999999996,0.08022765129804606,0.0005866165006224637,0.0791500970721244,0.0811808865517377,0.08028625380247825,0.0004769256338476996,0.07918124720454209,0.0007768124114467679,0.0771473050117492,0.0799557417631149,0.0793564319610595,0.00040125101804729807,0.07986179068684571,0.0007569336195839349,0.0779071301221847,0.0806106701493263,0.0800874270498752,0.00044866651296614907
1.0,qlstm_paper,original_1,henon_1000,0.001,4.0,,4.0,1.0,64.0,82.0,0.0051484727649949,0.007850905130113184,0.0015022228471934,0.028626712039113,0.0025169620057567503,0.00047606491716580034,0.004685467458330039,0.007392329395192448,0.0013569905422627,0.0268055703490972,0.00221366155892605,0.0004218250978738,0.04567528497427699,0.02872831300613912,0.027456859126687,0.1309012919664383,0.0367767997086048,0.003157751634716998,0.04260261915624137,0.027824553644245326,0.025957902893424,0.1253545880317688,0.033794980496168095,0.0026350878179073056,0.9663425981998444,0.054706078185240335,0.802639365196228,0.9909377694129944,0.984632909297943,0.002978444099426325,0.9690628349781036,0.05147819911267911,0.8149521350860596,0.9916236400604248,0.9863256514072418,0.0025806725025177557,11214.3,1797.6160908269596,8575.0,15418.0,10720.5,835.0,28003.040999999997,6295.688052649131,21177.32,41708.41,25742.305,2767.4000000000015,0.07939494512975213,0.0025979113553834046,0.0719545140862465,0.0817782469093799,0.080227468162775,0.0006697122007608483,0.07864466756582257,0.0028068806144338153,0.0702838525176048,0.0802916511893272,0.07953587174415586,0.00023976713418959184,0.07926969453692431,0.002808012318300147,0.0709040910005569,0.0809288024902343,0.08012130111455909,0.00027042627334594727
1.0,qlstm_paper,original_1,henon_1000,0.001,4.0,,4.0,2.0,64.0,82.0,0.03256682138890023,0.0018745538606088896,0.0306764375418424,0.0368710085749626,0.03202064335346215,0.0010973494499921504,0.030839698016643474,0.0016714921140027752,0.0291352625936269,0.0349132046103477,0.0301527008414268,0.0007907133549452001,0.13423011898994444,0.0059387944407647015,0.1271696239709854,0.1451122313737869,0.13318815827369684,0.003585830330848694,0.12958964407443999,0.006110274461053098,0.1223044693470001,0.1418539136648178,0.12802666425704956,0.003767728805541992,0.7724204063415527,0.014986795139479717,0.737163245677948,0.7870395183563232,0.7773747444152832,0.007927417755126953,0.7841071784496307,0.013166301166943594,0.75117427110672,0.7971075773239136,0.7894426584243774,0.005874305963516235,12319.8,3520.4475794989476,7995.0,16840.0,12166.5,3708.0,29028.32,11539.035017484779,17405.27,56005.42,26689.695,8249.525,0.08016653716564173,0.0008694266333416099,0.0784838363528251,0.0815237440168857,0.08003291636705395,0.0005095668137073475,0.07935833856463428,0.0005872942181550504,0.0781447142362594,0.0799772143363952,0.07953501492738721,0.0002942904829979012,0.0800262078642845,0.0005570409638891234,0.0789004489779472,0.0806140899658203,0.08019032329320905,0.00027162954211235046
1.0,qlstm_paper,original_1,henon_1000,0.001,4.0,,4.0,4.0,64.0,82.0,0.06724335625767704,0.00045227353393128644,0.0665249153971672,0.0679074451327323,0.0673040822148323,0.0004602819681167533,0.06556284800171848,0.00046719603942523566,0.0648928880691528,0.0661471560597419,0.065544806420803,0.0004508905112743447,0.2206276044249534,0.0011007990421219723,0.2177881449460983,0.2216770201921463,0.2206588834524154,0.0006949454545974593,0.21870230138301844,0.0009687069172577193,0.2172746807336807,0.2200819253921508,0.2184904664754867,0.0008748918771743497,0.4081638216972351,0.006027376284396062,0.3989410698413849,0.4169144332408905,0.40711064636707306,0.0051435381174087524,0.42556095123291016,0.006274490758639391,0.4163726270198822,0.4365059435367584,0.4263015389442444,0.006062105298042325,12918.3,4144.449204659167,7371.0,22013.0,12356.0,2758.0,32496.51,20122.612614575173,15503.04,89943.62,27120.940000000002,6336.260000000002,0.0800998736172914,0.0009512688753954807,0.0785485856235027,0.0812745973467826,0.08013047948479646,0.0008180439472198972,0.07951268553733823,0.000389344216237497,0.0785474404692649,0.0798755660653114,0.07968188077211374,0.0001698136329651087,0.08019933253526684,0.00037214529825307723,0.0793038308620452,0.080558605492115,0.08036213740706441,0.0001712106168269903
1.0,qlstm_paper,original_1,henon_1000,0.001,4.0,,8.0,2.0,64.0,82.0,0.03526239469647403,0.009427470750811361,0.0310060419142246,0.0634420290589332,0.0323721375316381,0.0008646007627248972,0.03309593293815845,0.00921158623667782,0.0287594459950923,0.0606159977614879,0.03025429323315615,0.0008176201954484003,0.13961400538682933,0.025232575774693518,0.1266072541475296,0.2148531973361969,0.1308482363820076,0.0023694485425949097,0.13400286883115767,0.025811533768992145,0.1211918070912361,0.2109775096178054,0.1255875304341316,0.0028877407312393397,0.7460590332746506,0.09289735576968985,0.467966228723526,0.785424530506134,0.7750565409660339,0.0067507922649383545,0.7618836283683776,0.0873288812989966,0.5006003379821777,0.8004660606384277,0.7894865870475769,0.006008148193359375,10112.2,2835.1811864499946,6787.0,16142.0,9683.5,2314.5,56049.797,26890.62540934444,29510.86,121498.51,50054.515,11540.175,0.08038213633000847,0.001065235799736086,0.0791835539042949,0.0820724345743656,0.0801391672343015,0.0007746912539005057,0.07980255037546155,0.0001981523379033824,0.0794725641608238,0.0801974684000015,0.0798329599201679,8.935853838920593e-05,0.08066044673323629,0.00019518556447773935,0.0803481191396713,0.0810657665133476,0.08068087324500081,9.519234299659729e-05
1.0,qlstm_paper,original_1,henon_1000,0.001,4.0,,8.0,4.0,64.0,82.0,0.0678156808018684,0.0004588806373106084,0.0667447373270988,0.0683920532464981,0.0679690465331077,0.00030101463198665274,0.06557624861598008,0.00035392907061442507,0.0648697763681411,0.0661082565784454,0.0656339265406131,0.00016302242875095713,0.22212440371513362,0.001084663291450972,0.2198007404804229,0.2233642041683197,0.22254487872123715,0.0006420835852622986,0.21948109269142152,0.0007042872185631516,0.2179400324821472,0.220464825630188,0.21974501013755793,0.0005685240030288558,0.4027908980846405,0.007923920183344046,0.3929421603679657,0.4209998250007629,0.3993717432022095,0.003931060433387784,0.42696780860424044,0.005361945809842363,0.4203019738197326,0.4386458992958069,0.42494218051433563,0.0032800137996673584,13476.4,5402.2782453331665,5439.0,21892.0,13741.5,5804.0,68048.77200000001,32672.2593908272,24139.47,145639.82,60222.850000000006,15517.460000000006,0.07979648306965823,0.0010667151202651236,0.0786646373569965,0.082403140515089,0.07942361086606975,0.0005038518458604507,0.07976358756422992,0.00020583167211826823,0.0794489532709121,0.0801144689321518,0.07974104955792419,0.00016677752137191082,0.08062715157866472,0.00019633442266050032,0.080333225429058,0.0809595808386802,0.08060444518923755,0.00015967339277270232
1.0,qlstm_paper,original_1,henon_1000,0.001,4.0,,16.0,1.0,64.0,82.0,0.0037493906468928553,0.008728535289038334,0.0003636148758232,0.0284259915351867,0.0006889178184792,0.0002628505171742,0.0034851286068765222,0.008241927376300926,0.0003191691939719,0.0267882663756608,0.0005948899197392,0.00022570253349839996,0.029618534466458662,0.03571065629919492,0.0128992525860667,0.1302273720502853,0.0173513814806938,0.0031550452113152,0.027725147083401642,0.03464043033046122,0.0117090996354818,0.1253798007965088,0.0158008262515068,0.002671863883733701,0.9748243755764432,0.0599903996521454,0.8052025437355042,0.9977689385414124,0.9959381818771362,0.001474618911743164,0.9764990276760526,0.056638355135555984,0.8163452744483948,0.9980174899101256,0.9964166283607484,0.0012985467910765491,9587.777777777777,1233.3116915018124,7091.0,10874.0,10215.0,621.0,95808.42444444445,23506.612701112244,64705.43,150415.17,93753.98,13180.680000000008,0.07949343075354891,0.001497844309815123,0.0763777375221252,0.0816660091280937,0.0793024938553571,0.0006118636578321124,0.07880053255293101,0.00113515681747596,0.0761551111936569,0.080155111849308,0.0788411423563957,0.0007188022136687955,0.07931569384204012,0.001163052162286758,0.0765648856759071,0.0806633457541465,0.0792984217405319,0.0007413253188133101
1.0,qlstm_paper,original_1,henon_1000,0.001,4.0,,16.0,2.0,64.0,82.0,0.032546259669793944,0.001577388255522364,0.0307502634823322,0.0362729653716087,0.0324887260794639,0.000710655003786094,0.031059726451834,0.0016262702524735791,0.029312377795577,0.0350098609924316,0.0310097876936197,0.0006515737622976026,0.1323503678043683,0.006527605007144275,0.1245835199952125,0.1473593711853027,0.1310799717903137,0.0041660219430923184,0.1282461285591125,0.006566532308764162,0.120382510125637,0.1433277428150177,0.1283299326896667,0.0026456415653229037,0.7739553054173788,0.011703156355173128,0.7466623187065125,0.7876309156417847,0.7741948962211609,0.005387842655181885,0.7840627630551656,0.01223932455312543,0.7543678879737854,0.79731684923172,0.7846818566322327,0.0052242279052734375,9375.111111111111,2586.967355566249,6364.0,14292.0,9388.0,2329.0,91506.87111111112,22888.184961844127,60140.01,126064.7,93642.27,23159.630000000005,0.0797485590808921,0.0017154077777101358,0.0759034346789121,0.0818084925413131,0.0803999118506908,0.0007863931357861009,0.08008967505560977,0.0005960096189319984,0.0791439637541771,0.0814029946923255,0.0801827386021614,0.00020384043455129452,0.08062550094392561,0.0005907447226810496,0.0797032415866851,0.0819640085101127,0.0806642472743988,0.00015198439359659366
1.0,qlstm_paper,original_1,henon_1000,0.001,4.0,,16.0,4.0,64.0,82.0,0.06729822456836697,0.00036330389419969903,0.0664917826652526,0.067578949034214,0.06749842688441275,7.316097617150047e-05,0.06591472849249834,0.0003674235043633562,0.0651274695992469,0.0662213116884231,0.0660553909838199,0.00015709549188614585,0.22162095755338668,0.0005439839811815545,0.2203727811574936,0.2222185730934143,0.22183067351579666,0.00017246603965759277,0.22033504843711854,0.0006206166969107303,0.2188790738582611,0.2210269719362259,0.22048393636941904,0.0002676695585251132,0.4039048731327057,0.005384158804754163,0.3998043239116668,0.4161688387393951,0.4013286232948303,0.0014293491840363104,0.42043512761592866,0.005232363037918949,0.4155053496360779,0.4321203529834747,0.4187518209218979,0.0018534958362579623,9044.1,2065.5987727533147,5358.0,12533.0,9418.0,1735.0,87608.63100000001,31461.87733071008,48726.04,171062.31,84688.075,15414.869999999995,0.08003933608531949,0.0019055934448871286,0.0763543952256441,0.0827534608542919,0.0808034431189298,0.0008050497621297989,0.07985224425792692,0.00017521223115352062,0.0794803574681282,0.0801040530204773,0.07986814156174654,7.921084761619568e-05,0.08025600165128705,0.00017161595670627498,0.0798906162381172,0.0805005356669426,0.0802790634334087,7.658824324610625e-05
1.0,qlstm_paper,original_1,henon_1000,0.001,6.0,,16.0,2.0,64.0,122.0,0.0690872818231582,0.0,0.0690872818231582,0.0690872818231582,0.0690872818231582,0.0,0.0673034489154815,0.0,0.0673034489154815,0.0673034489154815,0.0673034489154815,0.0,0.2252563089132309,0.0,0.2252563089132309,0.2252563089132309,0.2252563089132309,0.0,0.2247242480516433,0.0,0.2247242480516433,0.2247242480516433,0.2247242480516433,0.0,0.3830901682376861,0.0,0.3830901682376861,0.3830901682376861,0.3830901682376861,0.0,0.4069609045982361,0.0,0.4069609045982361,0.4069609045982361,0.4069609045982361,0.0,5764.0,0.0,5764.0,5764.0,5764.0,0.0,85687.86,0.0,85687.86,85687.86,85687.86,0.0,0.0793651714920997,0.0,0.0793651714920997,0.0793651714920997,0.0793651714920997,0.0,0.0803454965353012,0.0,0.0803454965353012,0.0803454965353012,0.0803454965353012,0.0,0.0808966532349586,0.0,0.0808966532349586,0.0808966532349586,0.0808966532349586,0.0
1.0,qlstm_paper,original_1,henon_1000,0.001,6.0,,4.0,2.0,64.0,122.0,0.03966792548696197,0.001034383067333953,0.0385783314704895,0.041941188275814,0.0393354967236518,0.0006595626473426958,0.03746439971857596,0.000951971024938515,0.0365809872746467,0.0396908782422542,0.0371028184890747,0.0005218312144280035,0.16115178498956886,0.003866847868315936,0.1547039598226547,0.168869063258171,0.1598637700080871,0.003123596310615595,0.155791625380516,0.0033359357685282497,0.1504490077495575,0.1626649051904678,0.1548778712749481,0.001957923173904419,0.7166184186935425,0.008594087297824026,0.6987898945808411,0.7288452386856079,0.7187595963478088,0.004522502422332764,0.7329300112194486,0.007552479891554786,0.7157455682754517,0.7411313652992249,0.7353394031524658,0.004408478736877441,29788.777777777777,6642.672600990554,17984.0,42693.0,29142.0,4154.0,110863.56,24560.060431281967,67570.93,160380.21,115192.19,9352.690000000002,0.08058509429295854,0.0007082469476213745,0.079584676772356,0.0815968424081802,0.0807603187859058,0.0006124690175055986,0.07976778182718484,8.35978067038403e-05,0.0796104595065116,0.0799002945423126,0.0797866284847259,5.742162466049194e-05,0.08041235307852422,7.822751659573786e-05,0.0802641957998275,0.08052509278059,0.0804282128810882,5.899369716640124e-05
1.0,qlstm_paper,original_1,henon_1000,0.001,6.0,,4.0,1.0,64.0,122.0,0.028041501426034454,0.018521356659067165,0.0169983189553022,0.080197162926197,0.0223179701715707,0.0004996228963136014,0.02621599379926918,0.01893343501282199,0.0153201343491673,0.0795690193772316,0.0203351695090532,0.0005574207752943004,0.12109243455860347,0.04229270030788023,0.0894640758633613,0.2393424212932586,0.1090851873159408,0.003267675638198894,0.11517461803224349,0.0451727007845193,0.083198957145214,0.2417207658290863,0.1020020619034767,0.003415316343307495,0.7796606239345338,0.21831731276682523,0.1632388979196548,0.8903083205223083,0.851068913936615,0.0032910704612731934,0.7902319497532315,0.2254088831610289,0.1535794734954834,0.9009763598442078,0.864930272102356,0.003151834011077881,26475.88888888889,11017.597584918858,1065.0,38038.0,28653.0,7681.0,96277.78666666668,40921.47846891926,3838.2,138738.26,103097.32,27425.5,0.08035389739606114,0.0009666891520119683,0.0786301746964454,0.0813561961054802,0.0806793883442878,0.0005071803927420987,0.07957088864511909,0.0006237804442993783,0.0780717357993125,0.0803198143839836,0.0798042938113212,7.72997736930986e-05,0.0802000843816333,0.0006266477311970657,0.0787124037742614,0.0809490159153938,0.0804519727826118,6.381422281269422e-05
1.0,qlstm_paper,original_1,henon_1000,0.001,6.0,,8.0,1.0,64.0,122.0,0.0221347669139504,0.00012033326131072424,0.021932141855359,0.0222441945225,0.0221813656389713,3.967713564635017e-05,0.0202606949023902,0.00012175365283245075,0.0200619902461767,0.0203904770314693,0.0202951561659574,5.62751665711507e-05,0.1082994174212217,0.000379579465236656,0.1076624616980552,0.1086064279079437,0.10846439003944394,0.0001233667135238578,0.10167408734560007,0.0004892068733482272,0.1008353009819984,0.1020547300577163,0.1019031591713428,9.784847497940757e-05,0.8518750071525574,0.0009076934783883909,0.8510313034057617,0.8533927798271179,0.8515379726886749,0.00033470988273620605,0.8641492426395416,0.0009113447802227694,0.8632044196128845,0.8656442165374756,0.8638741672039032,0.00040838122367858887,22036.75,1484.773614898918,20334.0,23580.0,22116.5,1395.5,161638.105,9715.328219021992,146406.31,170091.6,165027.255,5059.735000000001,0.0780260737985372,0.003920361365817742,0.0725338719785213,0.0823618806898593,0.0786042712628841,0.0030956041067838475,0.07660603150725362,0.0036731992570271424,0.0711037591099739,0.0800443291664123,0.07763801887631415,0.0023067109286784987,0.07727105170488352,0.003672438284439486,0.0717911720275878,0.0807120651006698,0.07829048484563825,0.002328772097826004
1.0,qlstm_paper,original_1,henon_1000,0.001,6.0,,16.0,4.0,64.0,122.0,0.0720942550235324,0.0010572972545944883,0.0710984170436859,0.0748255029320716,0.0717982500791549,0.00030370801687239213,0.07114698323938579,0.0011436761724084935,0.0700644180178642,0.0740872472524643,0.0708297491073608,0.0003661960363387923,0.2279244677888022,0.0014914592703534203,0.2262588590383529,0.230754554271698,0.2274019122123718,0.0003210604190826971,0.22827350596586862,0.0019222391524813956,0.2262781262397766,0.2326191812753677,0.2275506854057312,0.00013586878776550293,0.32350118623839486,0.015182318889933776,0.2887030243873596,0.3417628109455108,0.3263991177082062,0.005736261606216431,0.3359093930986192,0.01578519007093316,0.3006726801395416,0.3554702401161194,0.3385280668735504,0.007199347019195501,6162.222222222223,2042.8451171930549,4232.0,9658.0,4921.0,689.0,102686.45666666668,30896.707313587103,63539.41,144862.0,98044.99,27114.28,0.07996570372747044,0.0019701266106481297,0.076389093324542,0.0826123915612697,0.0808272249996662,0.0008468925952911932,0.07983308368259001,0.0001790547350526146,0.0793978944420814,0.0800572708249092,0.0798687860369682,8.280575275419755e-05,0.08023868418402136,0.00017463803860678586,0.0798192545771598,0.0804714560508728,0.0802673995494842,7.717311382290926e-05
1.0,qlstm_paper,original_1,henon_1000,0.001,6.0,,16.0,1.0,64.0,122.0,0.0294376444071531,0.0,0.0294376444071531,0.0294376444071531,0.0294376444071531,0.0,0.0278714764863252,0.0,0.0278714764863252,0.0278714764863252,0.0278714764863252,0.0,0.1317515820264816,0.0,0.1317515820264816,0.1317515820264816,0.1317515820264816,0.0,0.1277007013559341,0.0,0.1277007013559341,0.1277007013559341,0.1277007013559341,0.0,0.7974252700805664,0.0,0.7974252700805664,0.7974252700805664,0.7974252700805664,0.0,0.8080851435661316,0.0,0.8080851435661316,0.8080851435661316,0.8080851435661316,0.0,5148.0,0.0,5148.0,5148.0,5148.0,0.0,76516.12,0.0,76516.12,76516.12,76516.12,0.0,0.078963828459382,0.0,0.078963828459382,0.078963828459382,0.078963828459382,0.0,0.0781842023134231,0.0,0.0781842023134231,0.0781842023134231,0.0781842023134231,0.0,0.0786907374858856,0.0,0.0786907374858856,0.0786907374858856,0.0786907374858856,0.0
1.0,qlstm_paper,original_1,henon_1000,0.001,6.0,,8.0,2.0,64.0,122.0,0.0473127737641334,0.013902624250887483,0.0375031493604183,0.0712735801935195,0.040237182751297895,0.0019430909305810998,0.045163025148212875,0.01392175690674155,0.0356185548007488,0.0691832974553108,0.037925124168395954,0.0017028804868459563,0.17573038488626477,0.031016125912535015,0.1504761427640915,0.2286661863327026,0.1618896052241325,0.007470607757568359,0.17127496376633639,0.03303090377634321,0.1458334475755691,0.2279336005449295,0.1556664034724235,0.006475172936916351,0.6268395930528641,0.16463589310536028,0.3424423336982727,0.7384434342384338,0.7132363021373749,0.01698973774909973,0.6442068740725517,0.1602181881623085,0.3672646582126617,0.7502642273902893,0.7296493053436279,0.014392495155334473,15740.5,9083.541531253104,2553.0,24239.0,18085.0,6096.0,113729.30500000001,63617.5514145163,18641.46,172667.69,131804.035,39861.020000000004,0.08030403107404703,0.0011906583715534807,0.07932620793581,0.0823410436511039,0.0797744363546371,0.0002469450235367057,0.07981577329337593,3.879233290596657e-05,0.0797595083713531,0.0798604488372802,0.0798215679824352,2.938136458395524e-05,0.08067744225263593,3.6714249601901195e-05,0.0806227624416351,0.0807228460907936,0.08068208023905751,2.647936344149504e-05
1.0,qlstm_paper,original_1,henon_1000,0.001,6.0,,4.0,4.0,64.0,122.0,0.0711054056882858,0.0013266498275166217,0.0677580311894416,0.0734081789851188,0.07136877998709676,0.00020623952150344849,0.0694834284484386,0.0014397863564370257,0.0659792125225067,0.0721359848976135,0.06972251087427135,0.0003591366112232555,0.2262985065579414,0.0021998162582252045,0.2206993997097015,0.2301230430603027,0.2265750393271446,0.000489257276058197,0.22490696310997005,0.002352895021143565,0.2191663533449173,0.2293810248374939,0.22522336989641184,0.0005168765783309937,0.34243047833442686,0.02556996311726118,0.2982547879219055,0.407221645116806,0.33717313408851624,0.0042159706354141235,0.3619681537151337,0.026905078845582842,0.3132673799991607,0.4280749261379242,0.35781311988830566,0.007392585277557345,12349.8,7037.7512999537,5211.0,30330.0,10155.5,1860.5,56636.516,37819.64604243334,26182.7,140075.59,37691.535,6915.315000000004,0.08037476148456332,0.0010619454430272567,0.0781929012387991,0.0819708988070488,0.08012525923550125,0.0008286271244287505,0.07975962460041042,0.00012916009277024764,0.0794718265533447,0.080017365515232,0.07976227253675455,4.807114601135254e-05,0.0804417848587036,0.00011601685858743911,0.0801938772201538,0.0806847587227821,0.0804403200745582,3.919750452040238e-05
1.0,qlstm_paper,original_1,henon_1000,0.001,6.0,,8.0,4.0,64.0,122.0,0.07358430251479145,0.0026635992049847935,0.0718293637037277,0.0807200819253921,0.0724486485123634,0.000537961721420302,0.07196815609931942,0.0029728080237468105,0.0699689164757728,0.0798540711402893,0.07068280130624766,0.0006123743951320579,0.23026382178068155,0.0038689700875549388,0.2273386418819427,0.240126371383667,0.22841631621122355,0.0009147077798843384,0.22948438525199885,0.004935643154556717,0.2259799689054489,0.2421063929796219,0.2271645367145538,0.001004040241241455,0.2890862898901105,0.08840370835670094,0.0277327168732881,0.3333690464496612,0.3206902742385864,0.011600181460380526,0.30745603889226913,0.09232121164901679,0.0349287539720535,0.3545394837856293,0.34042176604270935,0.013242885470390292,8277.8,4430.5108915338415,554.0,17807.0,8050.0,2230.5,62050.20700000001,31455.500577689127,7691.62,127041.33,58162.005000000005,17758.714999999997,0.07989658813923592,0.0011403265301470449,0.0786624871194362,0.0825710155069828,0.0793716818094253,0.00042288526892660105,0.0798318244516849,7.863325935338846e-05,0.0796329230070114,0.0799169316887855,0.07984820008277885,4.657357931135003e-05,0.08069759011268611,7.816149617061192e-05,0.080498568713665,0.0807792916893959,0.08071580156683916,4.566088318824768e-05
1.0,qlstm_paper,original_1,lorenz_1000,0.001,4.0,,16.0,25.0,64.0,87.0,0.04356883242726321,0.0040626200724553,0.0385808199644088,0.0516965016722679,0.042959058657288496,0.001448396593332301,0.04517185688018795,0.003331137574581212,0.0418899543583393,0.0516312979161739,0.043979531154036494,0.0008327197283506498,0.16173947453498838,0.009928138609504047,0.1514019221067428,0.1818910241127014,0.1589023023843765,0.0027710124850272994,0.16499667018651962,0.009220862904627576,0.1572088003158569,0.1835737824440002,0.1615706533193588,0.0018552541732788502,0.2385656788945198,0.250399396879625,-0.2806935608386993,0.4749770760536194,0.31462904810905457,0.049710094928741455,0.25332601070404054,0.22614803953336857,-0.1890620738267898,0.456973135471344,0.3391239792108536,0.031904175877571134,1406.1,1075.8349734043786,442.0,4332.0,1234.0,467.0,14441.896000000002,16016.59452472978,3789.45,61097.42,10672.7,4032.0700000000006,0.045494699643717815,0.00020615724097604782,0.0451919154988394,0.0457822808788882,0.04547134393619165,0.0002037003222438473,0.05161581635475156,0.0003435479932336766,0.0508834086358547,0.0520185679197311,0.05172746814787385,0.00019165500998495275,0.04815369844436641,0.0004655677901311499,0.0472176671028137,0.0489320755004882,0.048257712274789796,0.00015037506818774485
1.0,qlstm_paper,original_1,lorenz_1000,0.001,4.0,,4.0,13.0,64.0,87.0,0.03710210621356959,0.0011377686384885536,0.0356736443936824,0.039163202047348,0.0368491970002651,0.0007862038910389502,0.04091619662940499,0.0017062036824967138,0.0385283716022968,0.0437740087509155,0.0404166579246521,0.0015203449875116001,0.15032823830842973,0.00476481296773103,0.1454917788505554,0.1591549515724182,0.14832255244255066,0.002728179097175612,0.15591425746679302,0.004002794599144879,0.151027113199234,0.1629121452569961,0.1547901108860969,0.0030062943696975986,0.45649237036705015,0.02703711916328297,0.4030437171459198,0.4939072728157043,0.46448780596256256,0.01563361287117007,0.474929741024971,0.02041780298006184,0.4331102669239044,0.5046957731246948,0.4762507230043411,0.013759806752204923,2061.4,719.7973603730428,989.0,3231.0,1929.5,454.5,5135.061,3019.9918018744684,2169.43,13241.46,4195.215,1008.0050000000003,0.044138482790440275,0.0008727516311808276,0.0425742551684379,0.0453802067786455,0.044231829419732055,0.000785048771649647,0.05338495112955566,0.0013062862107544619,0.0502143651247024,0.0546015053987503,0.05371552705764765,0.0005868207663297514,0.046281789243221245,0.0010829235744006195,0.0439417213201522,0.0474816970527172,0.04656156897544855,0.000647559762001048
1.0,qlstm_paper,original_1,lorenz_1000,0.001,4.0,,4.0,25.0,64.0,87.0,0.04484299980103965,0.003883873933769424,0.039660420268774,0.0503475368022918,0.044534502550959545,0.003451908007264144,0.048121270909905395,0.003554323960180767,0.042889580130577,0.0521994903683662,0.0487735662609338,0.0033732224255800004,0.16505371332168575,0.00877952786815842,0.1534886360168457,0.177120104432106,0.16484045237302775,0.007548876106739044,0.17346050143241878,0.009267155995873489,0.1599395871162414,0.183620199561119,0.17598298192024225,0.00730462372303009,0.1697354296222329,0.20344026188081069,-0.1465295255184173,0.4049977362155914,0.2050467282533645,0.15244530141353613,0.17877414710819722,0.1843154578078847,-0.069882683455944,0.4023542106151581,0.18696184828877443,0.1671751495450735,1037.9,504.2575631559729,426.0,1703.0,985.0,505.0,2627.6310000000003,1763.0975869386812,931.84,7054.83,2170.1549999999997,1112.645,0.04495999306440347,0.001542855378096278,0.0417902115732431,0.0481082718819379,0.04514367990195745,0.0004903506487607991,0.053932055830955464,0.0004727815140374656,0.0532419569790363,0.0547535605728626,0.05389061197638505,0.00028764642775060134,0.04783416539430613,0.0011958490583414256,0.0459694638848304,0.0501149706542491,0.04739928804337975,0.0002916418015956983
1.0,qlstm_paper,original_1,lorenz_1000,0.001,4.0,,8.0,1.0,64.0,87.0,0.0010974983568302799,0.0006032273498889388,0.0006840017740614,0.0027774609625339,0.0008784903329796499,0.0001550184679218001,0.00102580646635028,0.0006024512954079511,0.0005794245516881,0.0027054548263549,0.0008246305224019501,0.00017663199105300004,0.02499818708747622,0.006086710145909072,0.0194467157125473,0.0411982350051403,0.023243492469191503,0.0018147071823477988,0.023874237202107858,0.005981355849333549,0.0178326684981584,0.0393432006239891,0.02197377569973465,0.0025350600481033013,0.9882083058357238,0.006590062102887064,0.969685673713684,0.9926201105117798,0.9905097782611847,0.0014337301254273016,0.9890389919281006,0.006550539978839461,0.9705323576927184,0.9937699437141418,0.9912153780460358,0.001821815967559759,10712.8,3718.2036469241434,2957.0,16009.0,11767.0,1369.0,52616.665,17525.870501576377,13423.73,73700.23,57910.229999999996,4276.110000000001,0.037251061927527154,0.004207575209484606,0.0300879498943686,0.0436797957867384,0.0365090663544833,0.002839963044971198,0.04311942681670182,0.005908615978550915,0.0327656231820583,0.0525651536881923,0.04244061745703215,0.004290096461772901,0.038155206106603105,0.004615828219190215,0.0303192976862192,0.0457956083118915,0.03756913170218465,0.0035516917705535507
1.0,qlstm_paper,original_1,lorenz_1000,0.001,4.0,,8.0,13.0,64.0,87.0,0.03939710780978198,0.0011009972438897632,0.0370045453310012,0.0410440526902675,0.03965960256755345,0.0005681756883859981,0.041782968118786734,0.0021901749166524536,0.0385248623788356,0.0448896884918212,0.042761148884892394,0.0015664454549551045,0.1593044593930244,0.004129273529367543,0.1499648839235305,0.1660884320735931,0.16038757562637324,0.00178615003824234,0.16098047643899915,0.0054728587101216955,0.1516376584768295,0.1686374247074127,0.16193716228008265,0.00459229946136476,0.4017147719860077,0.026089695801858603,0.3549414277076721,0.4561096727848053,0.3956371247768402,0.015997350215911865,0.44303071200847627,0.03816216091159974,0.3754093945026397,0.4869618415832519,0.4602593928575516,0.022873237729072515,1573.9,445.4659246227482,895.0,2438.0,1568.0,306.5,7076.666,1970.8186522671233,4003.28,10839.69,7134.424999999999,1328.7199999999998,0.04369301924481983,0.0009350453527960692,0.0414915770292282,0.0449459232389926,0.0437725050374865,0.0006264074705541051,0.052943832799792236,0.0015004828642816903,0.0489729717373847,0.0545073077082634,0.05328881181776515,0.0005440674722194498,0.04640368185937399,0.0012394498469383145,0.0432207807898521,0.0474348701536655,0.047046763822436305,0.000275304540991745
1.0,qlstm_paper,original_1,lorenz_1000,0.001,4.0,,8.0,25.0,64.0,87.0,0.04365229085087771,0.004828671904181823,0.0379609800875186,0.0494490228593349,0.0440148767083883,0.004966782405972502,0.046482886373996696,0.004080473282389521,0.0414308421313762,0.050962671637535,0.0467760786414146,0.0038170833140611475,0.16343609690666194,0.011566323087390204,0.1500092148780822,0.1778751909732818,0.16380685567855835,0.011708892881870298,0.17010913938283917,0.010377703988102336,0.1570068597793579,0.1815493553876876,0.17088709026575083,0.009719483554363265,0.18308251425623895,0.2768916490262315,-0.2519279420375824,0.4782765507698059,0.23273630440235135,0.2217799574136734,0.20027890875935556,0.2502733302940464,-0.1520405411720276,0.4764702618122101,0.2137343809008598,0.2537451460957527,886.8,434.31527718927873,419.0,1518.0,839.0,381.5,4480.8550000000005,2593.6627576200035,1889.12,9608.04,3895.185,1903.86,0.045105640171095675,0.0016081070253242949,0.0424655369482934,0.0477710347622633,0.04503582883626215,0.0011026766151190012,0.053243317455053285,0.0007062599967995973,0.0519638322293758,0.0543138645589351,0.053241536021232605,0.0004281550645828004,0.047823688387870725,0.00041653765109714443,0.047036662697792,0.0485219620168209,0.04767223633825775,9.186938405034845e-05
1.0,qlstm_paper,original_1,lorenz_1000,0.001,4.0,,16.0,1.0,64.0,87.0,0.000966310830942,0.0006287934852765982,0.0005917836097069,0.0025853479746729,0.0006681060185655,6.57014315946999e-05,0.0009447196239812002,0.0006580947272906565,0.0005770264542661,0.0027060562279075,0.0006517461151815,6.40955404378e-05,0.023166109704309,0.006554923333960218,0.0192276425659656,0.039592508226633,0.0201308093965053,0.0009006112813950001,0.022471534295214497,0.00657952901846946,0.0182691384106874,0.0391552112996578,0.0194906704127788,0.0011425260454415997,0.9896554681989882,0.006851741656292559,0.9718729853630066,0.9936403632164,0.9928417801856996,0.000678718090057262,0.989922497007582,0.007155020700018771,0.9707010984420776,0.9938359260559082,0.9930374622344972,0.0006973147392271839,9347.222222222223,3420.6868308954754,2770.0,15575.0,9091.0,1608.0,92964.19777777778,36679.391356679895,26110.94,150594.56,83253.14,19740.769999999997,0.0359180734182397,0.00576093193136062,0.027407756820321,0.0435752868652343,0.0341219864785671,0.005685113370418604,0.04190980622337919,0.007921986594377456,0.030331278219819,0.0531159229576587,0.040369726717472,0.007650371640920597,0.037304613739252056,0.006160067956988221,0.0284264013171196,0.0458653941750526,0.0362642668187618,0.0060714744031429985
1.0,qlstm_paper,original_1,lorenz_1000,0.001,4.0,,16.0,13.0,64.0,87.0,0.03887830488383766,0.0019455720903027922,0.0359564647078514,0.0415618121623992,0.03966942243278025,0.001573108136653848,0.04108424670994276,0.002683342572244398,0.0379846133291721,0.0456526950001716,0.040087256580591146,0.0020887590944766964,0.15797528624534604,0.00646397820162882,0.1484021991491317,0.1666416674852371,0.1605185866355896,0.005212917923927293,0.15854174792766568,0.006974931255076506,0.1491210907697677,0.1706713140010833,0.15829929709434504,0.006487630307674408,0.41543668806552886,0.049216689440405144,0.3449769020080566,0.488189697265625,0.3983573317527771,0.045252174139022855,0.4431284934282303,0.05173998883691575,0.3379981517791748,0.5009289979934692,0.46230590343475336,0.031808599829673795,1646.9,509.29096791519873,960.0,2485.0,1608.5,418.0,15349.712,4747.328205544251,8919.02,23223.97,14811.805,3797.99,0.044670983441173956,0.001683257802086333,0.0411664336919784,0.0480282522737979,0.04476799294352525,0.0009012578055262489,0.053201486170291856,0.0010499451812922649,0.0509772822260856,0.0545755289494991,0.053478065878152806,0.0007260069251060416,0.04685146734118457,0.0007732049057117916,0.0450594052672386,0.0476413741707801,0.0470654666423797,0.00046608410775665285
1.0,qlstm_paper,original_1,lorenz_1000,0.001,4.0,,4.0,1.0,64.0,87.0,0.0022867999505251303,0.0007691696794122358,0.0010353117249906,0.002880435436964,0.00275175401475275,6.602797657254979e-05,0.00220230055856512,0.0007885300476506399,0.000927363988012,0.0027430804912,0.0027110544033348,3.067846409974986e-05,0.03651113286614413,0.007036203774422008,0.0246344804763793,0.0416485108435153,0.040789207443594905,0.00046465732157229683,0.035445715487003294,0.0073422476092336935,0.0230185184627771,0.0406212657690048,0.04002470709383485,0.00042258575558664843,0.9750588119029999,0.008476871548686937,0.9685683250427246,0.9889063835144044,0.9699009656906128,0.0006369948387145996,0.9759832799434662,0.008676151779410479,0.9699817895889282,0.9900329113006592,0.9703633189201356,0.0003426969051362194,7140.8,5725.0142148295145,2910.0,17134.0,3729.0,688.5,16976.974,11883.987454529897,6363.72,37229.31,10628.55,4089.269999999999,0.03720079271122807,0.004123252629882595,0.0278274746611714,0.0420479040592908,0.03784788418561215,0.0027171820402145525,0.042657785862684185,0.005945374447695714,0.0290654189884662,0.0488190166652202,0.0435642562806606,0.004133677110075951,0.03794148843735452,0.004562343384990039,0.0275121014565229,0.0432113446295261,0.03880491666495795,0.0032465308904647515
1.0,qlstm_paper,original_1,lorenz_1000,0.001,6.0,,16.0,25.0,64.0,129.0,0.04456167295575138,0.0020246876161623462,0.042436197400093,0.0500608831644058,0.04403213597834105,0.0006628874689340522,0.04468110278248781,0.002271824047021103,0.0422836355865001,0.0505932420492172,0.04392943717539305,0.00114503130316735,0.16369339227676388,0.005292909688968684,0.1593990623950958,0.1787757128477096,0.1619324162602424,0.001331314444541959,0.16452223211526867,0.006055655764558073,0.1589509099721908,0.180999681353569,0.16192340105772016,0.002113305032253307,0.24092295169830322,0.12628006634906272,-0.1280767172574997,0.3319972157478332,0.27747189998626703,0.01911790668964386,0.2758258253335953,0.12581954007870866,-0.0824341624975204,0.3777555227279663,0.31689745187759394,0.03211787343025202,1506.5,462.18508197474307,527.0,2054.0,1563.5,335.0,23301.238,9775.663148490541,7517.85,45695.19,22529.54,5043.33,0.04544759988784784,0.00023202892364646642,0.0449950815074973,0.0457255699568324,0.045493598820434605,0.00020709157817890012,0.05171556212007995,0.00041882648151453594,0.0509206131100654,0.0522493980824947,0.05179779604077335,0.00022199191153049816,0.048498478531837405,0.0005361533310032635,0.0475939884781837,0.0498156622052192,0.04841093905270095,0.00019037723541259766
1.0,qlstm_paper,original_1,lorenz_1000,0.001,6.0,,4.0,13.0,64.0,129.0,0.03955261856317517,0.0023672596595597692,0.0382610559463501,0.046585526317358,0.0387725215405225,0.0001893099397421022,0.042827495560049965,0.0026357364193205857,0.041353303939104,0.0506816767156124,0.0419874638319015,0.00013745203614234577,0.15815420895814897,0.006375657979844533,0.1533464640378952,0.1766850799322128,0.15656371414661405,0.001468650996685042,0.1629285618662834,0.0069908512319832505,0.1595892757177353,0.1837450712919235,0.16056761890649796,0.0006336048245429993,0.3754736840724945,0.10530836954122055,0.0614157915115356,0.432329922914505,0.40802136063575745,0.008728951215744046,0.3853747337125242,0.12459967786254846,0.0140778115019202,0.4415994882583618,0.4289201647043228,0.011435434222221319,1713.2,381.4322482433807,803.0,2176.0,1908.5,171.5,7771.088000000001,2730.6894384122115,2924.23,13019.47,7174.76,1366.5150000000003,0.04458055499941106,0.0007400169840576812,0.0436951495707035,0.0457536660134792,0.04463398866355415,0.0007611700333654998,0.05408330373466012,0.00042258342775094456,0.0535007119178772,0.0551110543310642,0.05404376424849025,0.00020964443683624961,0.04696246162056919,0.0002445217956970069,0.0464416593313217,0.0473586097359657,0.0469778627157211,0.00012402422726154674
1.0,qlstm_paper,original_1,lorenz_1000,0.001,6.0,,4.0,25.0,64.0,129.0,0.04227914400398727,0.002174337868932988,0.0398875102400779,0.0478361584246158,0.04227298125624655,0.0011548101902008473,0.04506149068474764,0.002368553989183913,0.0430079400539398,0.0516991093754768,0.0447928328067064,0.0007614791393279995,0.1599550232291221,0.005374528541777883,0.1552732288837433,0.1748703718185424,0.15969921648502344,0.0018944889307021956,0.1668498814105987,0.005975440275671163,0.1623588502407074,0.1838488280773162,0.165837250649929,0.002391047775745392,0.28653582781553266,0.16873590017871956,-0.2005752772092819,0.4222671091556549,0.31653593480587006,0.04206664860248566,0.30530763417482376,0.14246701821164007,-0.1050280779600143,0.4105800986289978,0.3345281481742859,0.0377361923456192,1292.4,379.3247157779203,420.0,2032.0,1324.0,90.5,5822.968999999999,2127.084711187827,1634.9,9495.7,5213.945,1339.955,0.044826924055814704,0.0013685942730840503,0.042319305986166,0.0479979783296585,0.044720396213233454,0.0005183378234506,0.053574607148766475,0.0007957407823555463,0.0518552549183368,0.0549471266567707,0.05363181978464125,0.0003257133066653997,0.047254759818315444,0.0008046343433967347,0.0455470792949199,0.0481274724006652,0.0474994238466024,0.0002485346049070497
1.0,qlstm_paper,original_1,lorenz_1000,0.001,6.0,,8.0,1.0,64.0,129.0,0.00099001629860135,0.00034670858792848675,0.0005493779317475,0.0015122847398743,0.0009038001589942,0.00028295087395235,0.00088043014402497,0.00035309370049726275,0.0004640963161364,0.0014700376195833,0.0008116667158901,0.00029817310860374996,0.02222075164318079,0.004400420404758971,0.0167782790958881,0.0294172074645757,0.021411221474409048,0.0041045807301998485,0.020800603646784953,0.0047673959519406225,0.0151973217725753,0.0289298556745052,0.0201508253812789,0.0045519913546740514,0.9896298527717591,0.00368553819929595,0.9841228723526,0.9942182898521424,0.990580677986145,0.0029842555522919256,0.9908898293972015,0.0036779546181788794,0.9847318530082704,0.9952426552772522,0.9916627109050751,0.0030698180198669434,12986.1,3426.8810732209545,7028.0,17583.0,12859.0,3249.5,110970.053,34132.564029468405,53271.46,170084.02,121574.51999999999,16658.719999999994,0.03950154416263099,0.0015812726019313276,0.0354772789403796,0.0416340742260217,0.0401020195335149,0.0005753004923462479,0.046155229210853514,0.002446710001325046,0.040730807930231,0.0494810417294502,0.046647131443023654,0.0012847278267145018,0.04064933843910688,0.0017745675376906317,0.0366495214402675,0.0432526618242263,0.04117353260517115,0.0007991250604390994
1.0,qlstm_paper,original_1,lorenz_1000,0.001,6.0,,8.0,13.0,64.0,129.0,0.04141176939010616,0.0036037375285048545,0.0387244001030921,0.0469532385468483,0.03913517110049715,0.0003496725112199471,0.04452918022871015,0.004620873267898774,0.0409641899168491,0.0527437478303909,0.04191385395824905,0.0006233509629964516,0.162744165956974,0.008299694560122845,0.1558074355125427,0.1790007501840591,0.1582754030823707,0.0014306157827377042,0.167651255428791,0.011574198511566467,0.1591486483812332,0.1876387596130371,0.16054376214742655,0.001233033835887909,0.28427042737603186,0.1871192330373754,-0.044538103044033,0.4141094982624054,0.4026544690132141,0.011164292693138123,0.2717844061553478,0.2520921084261141,-0.2049065679311752,0.4376971125602722,0.4232682436704635,0.011975213885307312,1434.9,600.0990668214707,416.0,2029.0,1710.5,212.5,11885.520999999999,6117.3581427908075,3138.85,24683.67,12795.3,2201.1500000000005,0.044177475273609136,0.0010466703806971908,0.0424703501164913,0.0465653788298368,0.04414766915142535,0.0005478343926369998,0.05389098040759559,0.0005792431834821729,0.0527379401028156,0.0547416917979717,0.05367714725434775,0.00036860071122644944,0.0471373219043016,0.00018223817104571778,0.0467718318104743,0.0474588386714458,0.0471161045134067,0.00013569742441180144
1.0,qlstm_paper,original_1,lorenz_1000,0.001,6.0,,8.0,25.0,64.0,129.0,0.04448570460081095,0.0022065057600267634,0.0408943928778171,0.048788696527481,0.043749554082751205,0.0005875453352928474,0.0455423098057508,0.0025733124325453115,0.0430167503654956,0.0509292893111705,0.04439513012766835,0.0009128451347351005,0.1648415759205818,0.006019689811259488,0.157130017876625,0.1770658791065216,0.16231360286474225,0.0015436261892319003,0.16774593144655228,0.0067732275476612095,0.1614061892032623,0.1817307472229004,0.16464544087648392,0.002527229487896021,0.1871236794628203,0.19694943811866727,-0.3223046660423279,0.3830539882183075,0.2716786414384842,0.018802151083946256,0.22350426372140647,0.17813211761952605,-0.2245296835899353,0.3756694197654724,0.30431701242923737,0.03637753427028656,1107.6,379.94531185421937,414.0,1545.0,1243.0,174.5,9097.961000000001,3920.4042103371175,3185.77,17323.11,9401.355,1794.755,0.04501065104268486,0.0014638325837509475,0.0424837701953947,0.0473514519631862,0.0447057232260704,0.0007407409138977493,0.05328155234456058,0.0008879638689079059,0.0522578358650207,0.0550997294485569,0.0528816692531108,0.0005677789449691495,0.04776013605296607,0.00046568282795332003,0.0471445322036743,0.0487805753946304,0.047642452642321545,0.00030997209250925584
1.0,qlstm_paper,original_1,lorenz_1000,0.001,6.0,,16.0,13.0,64.0,129.0,0.04114967770874496,0.0031961874829043242,0.0385928675532341,0.0474397130310535,0.03977132402360435,0.000758910551667203,0.042431007698178265,0.003382957885188796,0.0403645560145378,0.049242116510868,0.0407249983400106,0.00025741197168824975,0.16335350126028056,0.008058727015723575,0.1563337296247482,0.1798446327447891,0.160559594631195,0.0021602585911750655,0.16283135116100309,0.008571035114023585,0.1561935842037201,0.1801692843437194,0.1595082357525825,0.001801684498786954,0.3247376993298531,0.14649658833732554,0.0271649248898029,0.4280681610107422,0.38991548120975494,0.024734362959861755,0.36362598910927774,0.13567740395241287,0.0910124704241752,0.4501127302646637,0.42726950347423553,0.014686599373817444,1584.5,524.3434466072786,694.0,2368.0,1723.5,368.5,28694.741,13682.665108113588,10810.43,63149.98,27359.225,5267.395,0.04498887991532678,0.001314332425044453,0.0425337510183453,0.0479804847389459,0.0450254034250974,0.0006988955661654493,0.053659838438034,0.0007614620275346649,0.0517008267343044,0.0545646175742149,0.0538714732974767,0.00031219236552714955,0.04723082296550269,0.0005333670377042967,0.0456873401999473,0.0476570576429367,0.04739753715693945,9.789131581780172e-05
1.0,qlstm_paper,original_1,lorenz_1000,0.001,6.0,,16.0,1.0,64.0,129.0,0.0006116172298789,0.0,0.0006116172298789,0.0006116172298789,0.0006116172298789,0.0,0.0004820771282538,0.0,0.0004820771282538,0.0004820771282538,0.0004820771282538,0.0,0.0167698059231042,0.0,0.0167698059231042,0.0167698059231042,0.0167698059231042,0.0,0.0148275829851627,0.0,0.0148275829851627,0.0148275829851627,0.0148275829851627,0.0,0.9937798380851746,0.0,0.9937798380851746,0.9937798380851746,0.9937798380851746,0.0,0.9949854612350464,0.0,0.9949854612350464,0.9949854612350464,0.9949854612350464,0.0,8947.0,0.0,8947.0,8947.0,8947.0,0.0,143520.58,0.0,143520.58,143520.58,143520.58,0.0,0.0392889823764562,0.0,0.0392889823764562,0.0392889823764562,0.0392889823764562,0.0,0.0470700673758983,0.0,0.0470700673758983,0.0470700673758983,0.0470700673758983,0.0,0.0408411063253879,0.0,0.0408411063253879,0.0408411063253879,0.0408411063253879,0.0
1.0,qlstm_paper,original_1,lorenz_1000,0.001,6.0,,4.0,1.0,64.0,129.0,0.0009223529836162401,0.00024031793876478676,0.0006798842223361,0.0013487513642758,0.00077725175651715,8.01778223831e-05,0.00083397115813563,0.00029980650581871814,0.0006053650286048,0.0013851210242137,0.0006197290203998999,1.4107063179799953e-05,0.02092430554330344,0.0028413486054007643,0.0177943389862775,0.0269400440156459,0.01961280498653645,0.0014134375378489512,0.01947406325489278,0.0036833794825728433,0.0160245820879936,0.0275259129703044,0.0175448432564735,0.0014021079987287487,0.9902695477008819,0.002569626634520109,0.9858157634735109,0.9928457736968994,0.99179607629776,0.000905156135559082,0.9912030637264252,0.003222442364171381,0.985448956489563,0.993782639503479,0.9934399724006654,0.00029435753822310007,13844.4,3922.6477588486073,9328.0,23182.0,12830.0,1376.0,52219.394,12790.620681626206,34730.55,81021.92,47597.195,6468.669999999998,0.04198235489428037,0.003009795132877289,0.0364700650796294,0.0465636175125837,0.043052379600703655,0.0009409075602888999,0.04923265650868411,0.0039694439742235755,0.0423920080065727,0.0538327470421791,0.050628935918211854,0.0019602309912443473,0.043232645466923666,0.0030527815112202043,0.037364836782217,0.0467676147818565,0.0443853121250867,0.0013190489262342973
,,,,,,,,,,,,,,,,,,,,,,,,,,,,,,,,,,,,,,,,,,,,,,,,,,,,,,,,,,,,,,,,,,,,,,,,,,,,
1.0,qlstm_paper,original_1,mackey_1000,0.001,4.0,,4.0,1.0,64.0,77.0,0.00150340393593065,0.0005259386990633684,0.0004086292174179,0.0020943807903677,0.0016290934290736502,0.00028931611450384994,0.0018258361145853396,0.0006069968966035167,0.0005769636482,0.0025937841273844,0.00196057005086905,0.0002945057349279499,0.03160274503752586,0.007095507021715541,0.0156128415837883,0.0381925590336322,0.033355088904499994,0.0036073438823223045,0.03483999799937006,0.007702906548224985,0.0175121240317821,0.0431524403393268,0.037149166688323,0.003101648762822151,0.985214626789093,0.005218877469870895,0.9793494939804076,0.9959983229637146,0.9839906096458435,0.0029562115669249933,0.9858934700489044,0.00473020104317871,0.9799925088882446,0.995656430721283,0.9848085939884186,0.0023704469203948975,7993.9,2876.2342550633807,4795.0,13868.0,7493.0,1921.5,18642.657,7229.448680971531,10452.47,30078.74,17262.894999999997,6434.4649999999965,0.050813530348241306,0.007596346964968776,0.039552928507328,0.0597118757665157,0.053115393407642805,0.006242352165281795,0.05348100997507567,0.007997251002332159,0.0415270440280437,0.0627303645014762,0.0558035913854837,0.006603937596082653,0.0421019453555345,0.006489396641325123,0.0324284508824348,0.0497989133000373,0.04382232204079625,0.0056107714772223975
1.0,qlstm_paper,original_1,mackey_1000,0.001,4.0,,4.0,140.0,64.0,77.0,0.05202810578048224,0.0007230375873524931,0.0499372705817222,0.0527652315795421,0.0521870963275432,3.6993995308900324e-05,0.06665837019681926,0.001402361947153549,0.0625134259462356,0.0673383027315139,0.0672081038355827,6.35273754596502e-05,0.19388468414545054,0.0017891044799758127,0.1885343790054321,0.1948757022619247,0.19441347569227213,2.6836991310147384e-05,0.21259528845548625,0.0017839867328453738,0.2073742449283599,0.2136825621128082,0.21327745914459223,8.198618888856368e-05,-0.11886467337608338,0.1475269209883992,-0.2527077794075012,0.2125741392374038,-0.1566313207149505,0.0573787242174149,0.1341807037591934,0.1263331778919744,-0.1865405142307281,0.331560879945755,0.16232372820377344,0.034078665077686296,1004.4,1595.1980566688264,405.0,5771.0,420.0,12.5,2129.531,3101.8860076264896,798.49,11151.71,839.55,31.92999999999995,0.05604746818232035,0.004907608277456394,0.0514975189192531,0.0656545075277487,0.055052399842275446,0.0026631759117460956,0.0672664791345596,0.00020119440869158212,0.0669809281826019,0.0676669850945472,0.0672430358827114,0.00015442073345184326,0.05273954346776004,0.0004694297357066787,0.0521837435662746,0.0538997501134872,0.052600232884287806,0.00017405301332475837
1.0,qlstm_paper,original_1,mackey_1000,0.001,4.0,,8.0,1.0,64.0,77.0,0.0008783363271504099,0.0006049015456417304,0.0004600218962877,0.0021580085158348,0.0005421303212642,6.917999417049996e-05,0.00117604396655219,0.0006637540447216059,0.0006795792141929,0.0026596495881676,0.0008042667177505501,0.00010746764019135005,0.02355631534010167,0.00757934464029301,0.018184719607234,0.0386500693857669,0.01906865928322075,0.0007897010073066001,0.02708807215094562,0.007833509957550494,0.0210274420678615,0.0438906587660312,0.02268527634441845,0.0014713909476994982,0.9914488792419434,0.005970238361546598,0.9788771867752076,0.9955677390098572,0.9947525560855865,0.000677257776260265,0.9910729944705963,0.005234805064496814,0.9794213771820068,0.9949038624763488,0.9940333068370819,0.0007576644420622669,7011.1,1790.0975643802212,3844.0,9846.0,7362.0,853.5,34878.895,16727.623052292427,17064.47,80939.57,32970.119999999995,3247.029999999999,0.039983232067897855,0.013961062704032705,0.0119073784910142,0.0541794210672378,0.0454581774771213,0.0053337594494223504,0.04258011616766448,0.014830511915281949,0.0128044039011001,0.0587308965623378,0.0481079928576946,0.004951735958457,0.03305269423872229,0.011871059043350231,0.0094293653964996,0.0462852381169796,0.03727893158793445,0.004025302827358249
1.0,qlstm_paper,original_1,mackey_1000,0.001,4.0,,8.0,70.0,64.0,77.0,0.04021724313497537,0.0039507979281053224,0.0355772525072097,0.0452397875487804,0.038102474063634845,0.002227278426289593,0.03125787731260058,0.0036251763863154583,0.0278957150876522,0.0362497344613075,0.029012822546064798,0.001085122115910048,0.15068627446889873,0.009447629992542556,0.1403648406267166,0.1648494303226471,0.14510018378496164,0.004354029893875094,0.14156275689601894,0.0075168401721198855,0.1348946094512939,0.1516705304384231,0.13627792894840235,0.0013811141252517561,0.5237183928489685,0.07200289001132716,0.4244408309459686,0.6046835780143738,0.5701743364334106,0.029520124197006226,0.7476401329040527,0.03054766684886373,0.7068271636962891,0.7763661742210388,0.7671173810958862,0.009186536073684692,3257.8,1115.6840771472898,1835.0,5839.0,3164.5,610.5,14219.317,4747.194152545374,7664.12,23819.76,14048.849999999999,3232.1800000000003,0.057057621661159685,0.0043364361919058445,0.0450125841630829,0.0609255991876125,0.05860917808281045,0.0009126046465502968,0.062194948270916886,0.006033518974786233,0.0451472327113151,0.0667692720890045,0.06450888141989705,0.0013422928750514498,0.051055461168289115,0.0028439440928116873,0.0432006530463695,0.0534307174384593,0.0521175563335418,0.0007894579321146462
1.0,qlstm_paper,original_1,mackey_1000,0.001,4.0,,8.0,140.0,64.0,77.0,0.037220871821045824,0.0010604183008504258,0.0357353687286376,0.0384796634316444,0.03745897673070425,0.0009673964232206483,0.04123702310025688,0.0011225881606930616,0.0399433001875877,0.0441957674920558,0.041168948635458905,0.0002951323986053467,0.15559423416852947,0.002783916537602784,0.1514094322919845,0.1589106917381286,0.1566721498966217,0.0020729303359984935,0.16524263918399806,0.0019189441259597913,0.1626781225204467,0.1698868870735168,0.16509874165058136,0.0007279068231582364,0.5312361538410186,0.01883473606066641,0.5079948902130127,0.5561912655830383,0.5258227586746216,0.016230732202529907,0.6332572102546692,0.01679998523328549,0.5893828868865967,0.6534543633460999,0.635422557592392,0.006018400192260742,5615.0,929.060170279622,4153.0,7164.0,5650.0,623.5,21822.081,3733.36819907828,16511.57,28627.59,20933.205,2693.055000000002,0.05846472345292564,7.67773994170904e-05,0.0583242829889059,0.0585466893389821,0.0585063097532838,1.723319292065012e-05,0.06588312089443202,0.00022348441475857991,0.0654693692922592,0.0660802870988845,0.0659623444080352,0.00010785460472110403,0.052664581686258274,0.00016134640445776983,0.0524143315851688,0.0529350973665714,0.052648710086941705,0.0001423135399819045
1.0,qlstm_paper,original_1,mackey_1000,0.001,4.0,,16.0,1.0,64.0,77.0,0.00104529274685768,0.0006697763243732689,0.0003242014499846,0.0021599244792014,0.0005603350582531999,0.00012751018221024993,0.0013223698915680398,0.0007854108947254108,0.0004163325356785,0.0026682496536523,0.00078315587597895,0.00021671464492099997,0.025867002643644766,0.008352121563169218,0.0153726711869239,0.0389421246945858,0.020180826075375052,0.002588379196822703,0.028988127969205323,0.009251201271668032,0.016933724284172,0.0440536327660083,0.02294243499636645,0.0033757872879504984,0.9898809254169464,0.00656242772126208,0.978967547416687,0.9968569874763488,0.9946555197238922,0.0012098550796507679,0.9898980021476745,0.006108780544579672,0.9793922901153564,0.9968259334564208,0.9941408932209015,0.0015661418437957209,6558.3,908.568770099435,5148.0,7837.0,6448.0,891.5,64251.240000000005,15778.020331105547,46575.12,104666.59,62762.369999999995,7119.5350000000035,0.04525789478793735,0.009747325377327937,0.0321098182350397,0.0615471668541431,0.0476353615522384,0.0085029175505042,0.04932641275227066,0.010389982745852509,0.0357660800218582,0.0659089311957359,0.05137621611356735,0.0091504640877247,0.03873022105544803,0.008645331297320208,0.0273760538548231,0.0525010265409946,0.040449332445859895,0.007629951462149651
1.0,qlstm_paper,original_1,mackey_1000,0.001,4.0,,16.0,70.0,64.0,77.0,0.03945440463721748,0.0023364439453277424,0.0356982052326202,0.0413018986582756,0.040823588147759396,0.00036856345832345094,0.027922417409717994,0.0024793649980344662,0.0239348672330379,0.0300060752779245,0.029328387230634648,0.0003992002457380017,0.15461721271276468,0.006138701906696127,0.144562155008316,0.1594694107770919,0.15827320516109467,0.0007968470454216003,0.13101629614830013,0.004093751323315237,0.1245786398649215,0.1356323510408401,0.132741704583168,0.0018614828586577953,0.542959600687027,0.04405513465639784,0.5069364905357361,0.6109787821769714,0.5184436142444611,0.009275615215301514,0.7770213067531586,0.016066261775025042,0.7646952867507935,0.8034710884094238,0.767783135175705,0.0025090575218200684,3085.6,1481.6503771133052,734.0,4496.0,3815.5,537.5,26480.718,11365.613628518082,6239.37,37356.7,31882.655,4395.964999999998,0.058014937324656346,0.0037020766689413696,0.0485457732445663,0.061204694211483,0.05930681671533315,0.0007608042409022533,0.06240234747529024,0.004461323961145566,0.0513039194047451,0.0660030990839004,0.06397974491119379,0.0011892355978488992,0.051266029477119404,0.002611971670297504,0.0446784310042858,0.0534155704081058,0.052125211805105154,0.0007062293589115004
1.0,qlstm_paper,original_1,mackey_1000,0.001,4.0,,4.0,70.0,64.0,77.0,0.0416795670986175,0.0035776925825132923,0.0365196503698825,0.0462051928043365,0.042335508391261045,0.00345596112310885,0.0348661974072456,0.0028308322957115817,0.0315360464155674,0.0396529026329517,0.0345827620476484,0.0021341368556023026,0.151769608259201,0.011308118209668427,0.1380473375320434,0.1687975823879242,0.151309497654438,0.009514071047306033,0.14924467653036114,0.006613455741813158,0.1410476714372635,0.1602723002433776,0.14862108230590815,0.004619166254997198,0.49063152372837066,0.06693922649563926,0.3949481248855591,0.5807927250862122,0.4842049479484558,0.06543034315109253,0.7168081521987915,0.02271202795342115,0.6783581376075745,0.7402684688568115,0.7204350233078003,0.01758548617362976,4658.2,1749.1835695546652,2569.0,8278.0,4064.0,643.5,10644.703,6749.349125623967,5102.77,28974.4,8032.49,1391.705,0.05905728489160535,0.0011605759103315808,0.0572959130836857,0.0606856333712736,0.05947882061203315,0.0007732543680403006,0.06508041620254512,0.0016287762258337445,0.0622614100575447,0.066733218729496,0.06585055217146871,0.0008001029491424422,0.052322918921709025,0.0008466680085705171,0.0509674996137619,0.0531835928559303,0.0526988841593265,0.0004454199224710534
1.0,qlstm_paper,original_1,mackey_1000,0.001,4.0,,16.0,140.0,64.0,77.0,0.0329693783074617,0.0070355062193107895,0.0299042575061321,0.0540456436574459,0.0308137517422437,0.0003070337697863492,0.04248985834419723,0.007058418685648425,0.0358496159315109,0.0626437216997146,0.0420262701809406,0.0015781894326209987,0.14410470426082606,0.01786352791463948,0.1362644582986831,0.1973672658205032,0.13783480972051615,0.0012999400496482572,0.16650409698486326,0.013009553657700079,0.1547459065914154,0.2041541486978531,0.16473100334405893,0.0024970546364783963,0.574091586470604,0.22370027991687824,-0.0968885719776153,0.6552444696426392,0.6486700475215912,0.002892404794692993,0.5779982268810272,0.12383179454104824,0.2162430882453918,0.6750738024711609,0.5960510075092316,0.020632117986679077,2997.0,881.1531081486349,1887.0,4805.0,2914.0,581.5,23790.059,6090.650624270695,14521.38,36014.94,24836.934999999998,4822.925000000001,0.05899714236147695,0.0001393105612435118,0.0587083203718066,0.0592345618642866,0.05901890643872315,8.63722525537014e-05,0.06445663273334498,0.00020679683437021087,0.0641306340694427,0.0647237226366996,0.06451804935932155,0.00012512505054475265,0.05322080366313453,0.00021012314946442748,0.0529107302427291,0.0536096952855587,0.0531560238450765,5.577690899370019e-05
1.0,qlstm_paper,original_1,mackey_1000,0.001,6.0,,16.0,1.0,64.0,115.0,0.0010667877569276777,7.451224747106188e-05,0.0008658486767672,0.0011310548288747,0.0010847646044567,1.3395445421300134e-05,0.0017135882646672777,0.00013353126336237758,0.0013510842109099,0.0018160430481657,0.001746876630932,3.978738095619986e-05,0.026784154276053067,0.0009242619228127757,0.0242960657924413,0.0275984480977058,0.0270522646605968,0.0002928748726844996,0.03165642358362669,0.0011745115898267617,0.0284821297973394,0.0326153151690959,0.0319187901914119,0.000359944999217994,0.9898303813404508,0.0006647132916926011,0.9892268776893616,0.9916101098060608,0.9897177219390868,0.00015902519226063117,0.9873770011795892,0.001015574250223736,0.9865608215332032,0.9901384115219116,0.9871121644973756,0.0002665519714355469,7183.333333333333,1293.0658658140092,5668.0,9573.0,7363.0,1242.0,115667.96888888889,19714.434363102497,92730.27,148327.57,117967.13,20146.160000000003,0.05146036826901961,0.005261599519787807,0.0435429934412241,0.0581282272934913,0.0510724328458309,0.005421345680952004,0.0559942813383208,0.005804386281027034,0.0480795502662658,0.0640332549810409,0.0569564178586006,0.005527108907699606,0.04424055996868341,0.004820872226020894,0.0376062020659446,0.0509201809763908,0.0449274219572544,0.004422049969434801
1.0,qlstm_paper,original_1,mackey_1000,0.001,6.0,,16.0,140.0,64.0,115.0,0.03477391861379142,0.005614741292793487,0.0325963161885738,0.0515823252499103,0.03281157277524465,0.00015401281416419985,0.04488831646740432,0.004581175847583601,0.0432678386569023,0.0586299113929271,0.043353255838155705,5.558133125305523e-05,0.1466387614607811,0.01447271021319967,0.1411834508180618,0.1899753510951995,0.14156806468963617,0.0002556145191192766,0.16860505938529968,0.010393922509947851,0.1647848486900329,0.1997492015361786,0.16499192267656326,0.00014276802539826827,0.5771594002842904,0.14184893178515287,0.1519732624292373,0.6293435096740723,0.6257286667823792,0.0020972490310668945,0.559964406490326,0.07189608377513942,0.3442830443382263,0.5847545266151428,0.5839645564556122,0.0004917383193969727,4987.2,1092.6662619482674,3953.0,8089.0,4681.5,325.0,69373.86799999999,17396.112845739306,50881.34,107328.14,63140.825,3554.7249999999985,0.05904352124780411,0.00010637017477756918,0.0588747402653098,0.0591855603270232,0.05905488715507085,8.373777382075093e-05,0.06461739689111705,4.326451789955098e-05,0.064533345401287,0.0646906048059463,0.06463014334440226,2.5957822799696495e-05,0.05314252004027363,4.164099258605029e-05,0.0530670285224914,0.0531950779259204,0.05314423888921735,3.917142748835131e-05
1.0,qlstm_paper,original_1,mackey_1000,0.001,6.0,,8.0,140.0,64.0,115.0,0.04105649441480632,0.005708286539447437,0.0365767180919647,0.0524071305990219,0.037771800532937,0.000586049631238001,0.05034306198358531,0.007303898611836959,0.0443568490445613,0.0660273879766464,0.04631920158863061,0.0007053185254335091,0.16376284509897227,0.01590246958226193,0.1518791913986206,0.1949802935123443,0.1551364660263061,0.002520553767681094,0.18319238573312754,0.013880327683679266,0.1718391478061676,0.2107236981391906,0.1747236400842666,0.0012481287121773044,0.42928178086876867,0.20527266765007185,-0.0562753900885582,0.5558201670646667,0.538925975561142,0.010706305503845215,0.5224702745676041,0.13474558496086253,0.2237448692321777,0.6209713220596313,0.5868723094463348,0.032073765993118286,10703.0,3773.3211896153234,419.0,15965.0,11412.5,956.0,73771.411,29044.91900214509,2588.38,123312.25,73921.8,5707.019999999997,0.05850599724799389,2.618802892434307e-05,0.0584434745833277,0.0585420168936252,0.05851296032778915,1.0633608326298533e-05,0.06601562723517414,7.881577252421743e-05,0.0658366978168487,0.0660944283008575,0.0660403296351432,3.669783473019689e-05,0.052611372247338264,9.829757834257545e-05,0.0524072498083114,0.0527808330953121,0.052616698667407,4.4697895646102215e-05
1.0,qlstm_paper,original_1,mackey_1000,0.001,6.0,,8.0,70.0,64.0,115.0,0.04139324612915511,0.0028339288887717245,0.0384075567126274,0.0451581850647926,0.040959618985652854,0.0024280063807964047,0.03209001161158081,0.0026725427842718185,0.0293422751128673,0.0355277545750141,0.0316269444301724,0.0022107334807515023,0.15180097371339793,0.005960929858902497,0.1446030586957931,0.1613081842660904,0.15081583708524698,0.004854142665863023,0.14302209615707398,0.00597506089130591,0.1363274753093719,0.1506055891513824,0.1421801745891571,0.005209870636463193,0.5048454523086547,0.048949380784891236,0.4403458833694458,0.5585494041442871,0.5115551650524139,0.041167616844177246,0.7424555420875549,0.025649911888580044,0.7092529535293579,0.7684235572814941,0.7479917705059052,0.019193142652511597,3811.9,1822.0230761436585,1787.0,6665.0,3557.5,1690.0,29112.082000000002,17495.968120488677,12310.37,66799.31,24099.055,11732.244999999999,0.05909486723442866,0.0013802462434254151,0.0552939180698659,0.0603694087929195,0.059543279517028,0.0004325511140955973,0.06501160711050027,0.0019353828864736914,0.059502936899662,0.0662207677960395,0.06574768573045725,0.0004680342972278456,0.052432698011398285,0.0011449841293887503,0.049148429185152,0.0531315505504608,0.05287106335163115,0.00025472417473789907
1.0,qlstm_paper,original_1,mackey_1000,0.001,6.0,,8.0,1.0,64.0,115.0,0.00111960982903833,0.00032024794577442054,0.0009093775297515,0.0020529017783701,0.0010159323574043,6.742606638000001e-05,0.0017550747143104096,0.0003228987815904509,0.0015024073654785,0.0026872591115534,0.0016773258685134,8.483423152934994e-05,0.026099410839378778,0.003615494049194823,0.0240038000047206,0.0367584750056266,0.02494884282350535,0.0006217435002327,0.03136459514498707,0.0038774491644084762,0.0289014521986246,0.0427417755126953,0.030139434151351452,0.0007295077666640004,0.9891103744506836,0.0031769447105000426,0.9798423647880554,0.9911551475524902,0.9901028275489807,0.0006940960884093128,0.9869935095310212,0.0026123786313782906,0.9794381856918336,0.9890175461769104,0.987667590379715,0.0006594657897948664,9270.2,1538.684490075857,5525.0,11070.0,9885.0,765.0,75285.987,16542.63890499944,42533.6,110912.45,78268.64,3071.9500000000044,0.05093176625668997,0.009816503011399774,0.0293863352388143,0.0596779428422451,0.05459705423563715,0.0046071585267782045,0.05405122768133874,0.010556211419190291,0.030829356983304,0.0650662332773208,0.057666540145873954,0.00583658739924435,0.042323033511638616,0.008668927124298148,0.0232290774583816,0.0513641498982906,0.045263173058629,0.00475444458425045
1.0,qlstm_paper,original_1,mackey_1000,0.001,6.0,,4.0,140.0,64.0,115.0,0.05219469852745527,8.797550999111097e-05,0.0520868301391601,0.0524264946579933,0.0521743204444646,3.1221657991447466e-05,0.06721449494361872,6.07802405959531e-05,0.0670598074793815,0.0672689601778984,0.0672376118600368,1.3586133718504478e-05,0.19438350349664685,1.7320765762250915e-05,0.1943517327308654,0.1944132298231125,0.19438299536705012,1.2859702110304405e-05,0.21324112862348552,0.0002227599889940899,0.2126383483409881,0.2134835720062255,0.21328935027122495,8.208304643630981e-05,-0.06206093914806843,0.17867041632669967,-0.2378810197114944,0.3041900396347046,-0.1279223710298538,0.10277971625328067,0.08626087503507732,0.13776273877505832,-0.1757812052965164,0.2567796111106872,0.11725696176290505,0.08480589836835864,417.4,9.697422337920525,402.0,432.0,420.5,6.0,1494.508,387.96234030637567,1305.46,2653.86,1373.4299999999998,27.475000000000136,0.05605193514946014,0.004929335651178215,0.0515082191430135,0.0654111852248509,0.0550678447923726,0.0027675871582081013,0.06730928793549533,0.00012540914562549774,0.0671421959996223,0.0675617828965187,0.0672730430960655,1.9289553165456608e-05,0.05265827439725396,0.00043528096494388637,0.0523154623806476,0.0535349734127521,0.05245065875351425,0.00011952221393584858
1.0,qlstm_paper,original_1,mackey_1000,0.001,6.0,,4.0,70.0,64.0,115.0,0.045480111986398654,0.0008627680669519731,0.0436805859208107,0.0465371645987033,0.04559631086885925,0.0007443036884069512,0.03770758323371408,0.0017007525527138387,0.0358428619801998,0.042429219931364,0.0372488647699356,0.0005610994994640003,0.16359035968780514,0.0022474166513819604,0.1598826199769973,0.1676080524921417,0.16378740221261975,0.001021750271320343,0.15580873787403102,0.004062255738977865,0.1512778848409652,0.1670040488243103,0.15477380156517023,0.001409754157066373,0.4246130406856537,0.010693196673635417,0.4099867343902588,0.4435153305530548,0.4237065315246582,0.00686982274055481,0.6954494833946228,0.007790215237558298,0.6861883997917175,0.7100290060043335,0.6948745250701904,0.00479009747505188,5430.8,7244.638594160512,1461.0,26859.0,2724.0,1122.0,18822.942000000003,24365.42450749414,4945.16,90790.58,11910.575,4360.555,0.059519124734732795,0.0011273336312644057,0.0564749485088719,0.0605477061536577,0.05987023251752055,0.00037746710909740064,0.06573265492916103,0.0014482043679302835,0.0616299360990524,0.0666454583406448,0.06637576594948766,0.00022251904010769236,0.05266217216849321,0.0008158047066865767,0.0503376126289367,0.05318184196949,0.05301336757838725,0.00012677907943724892
1.0,qlstm_paper,original_1,mackey_1000,0.001,6.0,,4.0,1.0,64.0,115.0,0.00242157729808236,9.524107552954007e-05,0.0022921075578778,0.0025680505204945,0.00244486017618325,9.835220407695012e-05,0.0031544073484837598,0.00013389690431915682,0.0029340169858187,0.0033374386839568,0.00318587932270015,0.00011165277101095003,0.039963431283831556,0.0007707347825533278,0.0388627424836158,0.0410924553871154,0.04014975205063815,0.0006618052721023976,0.046247868984937636,0.0008238211742853134,0.0451921299099922,0.0474310480058193,0.04641014523804185,0.0009139105677604502,0.9761677324771881,0.0009592170511216467,0.9747512936592102,0.9774794578552246,0.9758881628513336,0.0009486675262451172,0.9757505178451538,0.0010226397845867778,0.9743249416351318,0.9773423671722412,0.975507527589798,0.000870048999786377,6459.7,1266.8543760038087,4849.0,8845.0,6064.5,630.0,25218.481,10443.39183540046,17235.72,54620.35,21462.324999999997,2180.269999999997,0.053235062099993166,0.005976740072417772,0.0380953893065452,0.0614332500845193,0.054318134486675204,0.00265640262514355,0.05601181387901301,0.0064323573183585605,0.0395572669804096,0.0643692389130592,0.0577149409800767,0.0027150698006153003,0.044036384113132904,0.005279112851020122,0.0305964071303606,0.0508987493813037,0.045491665601730305,0.0022882241755723502
1.0,qlstm_paper,original_1,mackey_1000,0.001,6.0,,16.0,70.0,64.0,115.0,0.03803262934088703,0.002774954498666701,0.0360005684196949,0.0438374578952789,0.036327132955193506,0.0001298859715461488,0.02756125703454011,0.0030373871134290347,0.0253983046859502,0.0343076139688491,0.02577419299632305,0.00020275637507439874,0.14837613701820368,0.005108719708751525,0.1449604630470276,0.1632224321365356,0.14721085131168365,0.001463137567043346,0.13170648664236068,0.007191692596268989,0.126710444688797,0.1467536240816116,0.12719918787479395,0.0003820806741714061,0.5683952540159225,0.05260100500462533,0.4510547816753387,0.6040598750114441,0.5986173152923584,0.005304902791976929,0.7743343710899353,0.024050592857269456,0.724325954914093,0.7923144698143005,0.7878765761852264,0.003421574831008911,3445.0,1398.3655459142292,1941.0,6250.0,3277.0,1038.0,52620.66499999999,22441.332873326064,27308.11,90255.53,49726.25,20612.385000000002,0.0598820346511072,0.0012851972307674055,0.0569982052677207,0.0609929164250691,0.0603639831145604,0.00027479231357575157,0.06466605812311166,0.0014208453666293187,0.0618041828274726,0.0657223761081695,0.0653762333095073,0.0001624263823032518,0.052583669498562746,0.0008793289870886266,0.0506909899413585,0.0532563440501689,0.0529880076646804,0.00011464022099975241
1.0,qlstm_paper,original_2,henon_1000,0.001,4.0,,16.0,4.0,64.0,154.0,0.06503634154796598,0.0008034757831318262,0.0630536824464798,0.0658811852335929,0.06516261026263234,0.0004772171378135473,0.06328794248402114,0.0007927085678491362,0.0614370815455913,0.0640424042940139,0.06348486617207524,0.0005031563341617584,0.21770259886980053,0.0016352581650592387,0.2132889479398727,0.2191531956195831,0.21816522628068918,0.0007866844534873962,0.2161020502448082,0.0015151485847111402,0.2123434543609619,0.2174587696790695,0.216526061296463,0.0007844567298888883,0.4365427702665329,0.011588890793821858,0.4239963591098785,0.4651020765304565,0.4347255676984787,0.0070625245571136475,0.45686793625354766,0.01094355819680632,0.4465869665145874,0.4822496771812439,0.4539726674556732,0.0067580342292785645,4544.9,970.5451509332269,2633.0,6283.0,4511.5,650.0,68572.26500000001,20090.959893172476,33785.68,105048.28,65451.784999999996,11558.564999999999,0.07831373248249288,0.0025191931559966985,0.0728229500353336,0.0811152517795562,0.07899777181446549,0.002108921855688062,0.07816002964973448,0.002126556526622931,0.0724431201815605,0.0801252722740173,0.07870100811123845,0.0010073781013489047,0.0786185353994369,0.00203761622813345,0.0731747522950172,0.0805374681949615,0.0791083499789238,0.0009923614561557562
1.0,qlstm_paper,original_2,henon_1000,0.001,4.0,,16.0,2.0,64.0,154.0,0.024825398996472313,0.0033962456563708197,0.0192342828959226,0.0285622142255306,0.026153095066547352,0.001892488449811899,0.02313297241926188,0.003527348803511165,0.0172451455146074,0.0268212240189313,0.0245388764888048,0.0020359670743345503,0.10808923617005343,0.00859424060380203,0.0915946215391159,0.1195546463131904,0.11093136668205256,0.004600089043378851,0.10305852070450776,0.008635798424765875,0.0869119614362716,0.113732174038887,0.10622901469469065,0.00535069406032565,0.8323231041431427,0.02529832486297021,0.8041066527366638,0.8740355968475342,0.8225884139537811,0.014223933219909668,0.8436350226402283,0.02623596569800299,0.8159920573234558,0.8867123126983643,0.833350658416748,0.015484720468521118,5474.7,2872.455536644562,2540.0,10335.0,4845.5,2211.5,77037.04699999999,37780.63573298285,34766.21,144926.46,75398.99,31853.720000000005,0.07741849612444635,0.0029598015609339132,0.0705041706562042,0.081030822917819,0.07779461238533256,0.001883502677083003,0.0776299752295017,0.002593575041541348,0.0705369263887405,0.0803915411233902,0.07788019254803655,0.0006880387663841039,0.07824864163994782,0.0024310905577085576,0.0716318786144256,0.0808983296155929,0.0783905237913131,0.000611327588558204
1.0,qlstm_paper,original_2,henon_1000,0.001,4.0,,4.0,1.0,64.0,154.0,0.0001079624023986549,2.2834374783809546e-05,6.657963967882097e-05,0.0001343882031505,0.00011663211625995,1.2684467947100003e-05,9.654701098039663e-05,2.225870472374072e-05,5.7258217566413805e-05,0.0001268638734472,0.00010398026643079999,1.4368175470733987e-05,0.007615414308384,0.0008479008172552269,0.0063429940491914,0.0090151382610201,0.007898723706603,0.0005100045818835497,0.00716944560408587,0.0008362981907395794,0.0058689247816801,0.0085881734266877,0.0073897719848900496,0.0005888135638087997,0.9993323385715485,0.00014051081754600796,0.9991709589958192,0.9995885491371156,0.9992788434028625,7.987022399907895e-05,0.9993960678577423,0.00013962551342957706,0.9992071390151978,0.9996439814567566,0.9993487894535065,9.113550186162778e-05,3105.0,389.3124709022304,2536.0,3884.0,3124.5,328.0,10544.282000000001,2850.820321208616,8035.79,18378.42,9883.2,1154.210000000001,0.06131058197468516,0.011301998971014257,0.0438352029770612,0.0780434370040893,0.0592877550050616,0.007718956656754001,0.060383028909563985,0.011369189705066928,0.0417173169553279,0.077348455786705,0.0582286305725574,0.006973914802074401,0.06091310791671271,0.011338025921940342,0.0423592180013656,0.077834740281105,0.0590782351791858,0.0075054224580526005
1.0,qlstm_paper,original_2,henon_1000,0.001,4.0,,4.0,2.0,64.0,154.0,0.024802348017692523,0.0030589711403501796,0.0189751852303743,0.0274063609540462,0.02652322128415105,0.0008210185915231514,0.022669736109673932,0.0031600347412375817,0.0167944673448801,0.0253068301826715,0.02446572389453645,0.0008225860074162483,0.10641873404383655,0.00852306336145251,0.0911274850368499,0.1137106716632843,0.11105054616928095,0.0017425194382667542,0.10004464164376255,0.008233594035144344,0.0851889252662658,0.1067007407546043,0.10458479449152945,0.0017011798918246945,0.8316094398498535,0.022631933987426824,0.812239944934845,0.8745648860931396,0.8189758062362671,0.00634351372718811,0.8459638118743896,0.023293388614851876,0.8264467120170593,0.8891295790672302,0.8327422142028809,0.006166636943817139,5416.9,2435.091228270514,2883.0,10698.0,3927.5,724.5,20478.704000000005,11863.452576324651,8985.91,48167.22,14872.66,4791.19,0.07753568399697539,0.0021627546700241414,0.0742302127182483,0.0816966280341148,0.07798380553722375,0.0012595448642969478,0.07653272598981854,0.001961839394970919,0.0740372762084007,0.0801135897636413,0.0766979083418846,0.0017397999763488978,0.07735579311847682,0.0017892584088784202,0.0750932469964027,0.0806419029831886,0.07761702686548225,0.0016408935189246993
1.0,qlstm_paper,original_2,henon_1000,0.001,4.0,,4.0,4.0,64.0,154.0,0.06398240663111204,0.0011913508366586283,0.0621184520423412,0.0665251389145851,0.0637753531336784,0.0006749890744686404,0.059755732864141396,0.001562592992727066,0.0569912195205688,0.0623946823179721,0.0596797782927751,0.0012139305472373962,0.2114372700452804,0.00252858306976091,0.2072534412145614,0.216175228357315,0.211503617465496,0.0017403289675712447,0.206082671880722,0.00300710128066354,0.2005874365568161,0.2112315446138382,0.20609330385923386,0.002432040870189639,0.452838796377182,0.016423847158114447,0.4173952937126159,0.4781634509563446,0.4558775871992111,0.009208694100379944,0.5011503756046295,0.019679162929942047,0.4671103656291961,0.5346800088882446,0.5022830367088318,0.015368461608886719,7806.7,2554.8604286731597,4937.0,11815.0,7048.0,2103.5,27440.878999999997,8560.362982200522,15559.94,39175.32,28727.535,8643.635,0.07941915627568955,0.0024904912364199358,0.075312753021717,0.08481070920825,0.07890397571027274,0.0013546401634812466,0.07883612066507335,0.0022535887659900907,0.075946532189846,0.0845530182123184,0.07878696545958515,0.000805508345365552,0.07957023009657854,0.002123880494157005,0.0768768116831779,0.0849877819418907,0.0794734470546245,0.00079404562711715
1.0,qlstm_paper,original_2,henon_1000,0.001,4.0,,8.0,1.0,64.0,154.0,0.00015313529511327737,5.318044839263905e-05,7.802234904374927e-05,0.000261521548964,0.0001595993817318,4.7980465751649994e-05,0.00013444263749985322,4.9007190571702015e-05,6.543130439240485e-05,0.0002389051223872,0.00014039706729809999,4.3428568460486614e-05,0.00870276005007321,0.0014565689126944065,0.0065064807422459,0.0112366648390889,0.008664751425385399,0.0009524440392851487,0.00819143736734981,0.0014264061644033053,0.0059213303029537,0.0105263944715261,0.008177189156413,0.0009053505491465,0.9990538656711578,0.00032725868117777264,0.9983842372894288,0.9995194673538208,0.9990122318267822,0.0002966821193694513,0.9991586863994598,0.00030635775098747863,0.9985061287879944,0.9995901584625244,0.9991203844547272,0.0002723336219788153,3295.9,802.5585897615202,2420.0,5057.0,3225.0,655.5,23376.981,9527.127733490772,15285.4,47356.51,20336.370000000003,4550.0300000000025,0.06338024448603387,0.009269808227225429,0.0443390641361475,0.0776623159646987,0.0646038746461272,0.005031949095428,0.06257370710372923,0.009232923941379938,0.0425151921808719,0.076630026102066,0.06488114967942235,0.004546357318758951,0.06295435950160023,0.00909614224902141,0.0435621552169323,0.0772753655910492,0.06500898674130434,0.004511188715696338
1.0,qlstm_paper,original_2,henon_1000,0.001,4.0,,8.0,2.0,64.0,154.0,0.022386297397315468,0.002956707558366315,0.0172606855630874,0.0278333406895399,0.022595833055675002,0.0020925803110003506,0.020033137127757027,0.002961946505044444,0.0148775484412908,0.0255543310195207,0.0202156119048595,0.0021066619083285523,0.10144018381834027,0.009276941249181799,0.0867115557193756,0.1151608824729919,0.09928360208868975,0.006245821714401252,0.09440294876694674,0.008918266752936728,0.0801687389612197,0.1086592301726341,0.0928307697176933,0.006061788648366949,0.850217479467392,0.021737654544918328,0.8098837733268738,0.8870585560798645,0.8489877283573151,0.015385240316390991,0.8657982647418976,0.021802342957724655,0.824714183807373,0.9027631282806396,0.8648197054862976,0.015238553285598755,7464.0,2052.6207150859605,2519.0,10464.0,7915.5,1118.0,51494.528999999995,18493.082137140605,16131.41,88914.9,49620.68,9646.055,0.07768904693424698,0.0028833985566013944,0.0737342581152915,0.0821383237838745,0.077359864115715,0.002532380446791646,0.07673229053616519,0.0024745547255683306,0.0734714567661285,0.0798760429024696,0.07737563923001284,0.0024011135101318568,0.077796346694231,0.0022629804657560188,0.0748408362269401,0.0806329697370529,0.07836933806538575,0.0022014640271664013
1.0,qlstm_paper,original_2,henon_1000,0.001,4.0,,8.0,4.0,64.0,154.0,0.06455849930644031,0.0010731661973701688,0.0627873912453651,0.0657920464873313,0.0651542134582996,0.00046222284436225197,0.06190833970904347,0.0011479401491276855,0.0597628019750118,0.062914177775383,0.0625811256468296,0.0002841129899024894,0.2165365174412727,0.0022037686318901193,0.2122463285923004,0.2187914252281189,0.21795105189085004,0.0006196796894073625,0.21344120949506756,0.0023103960844034206,0.208804503083229,0.2155395150184631,0.21502703428268427,0.0002909004688263356,0.4480901837348938,0.01474597057257052,0.4307947754859924,0.4722936451435089,0.4400249570608139,0.006724253296852167,0.47503896355628966,0.014991736777344215,0.4613110721111297,0.5022459626197815,0.46641153097152704,0.004207804799079895,5834.9,2018.3111975114243,3658.0,10340.0,5071.5,1137.0,43451.16799999999,18470.512407251077,23409.76,76721.72,38231.41,13230.744999999999,0.07801890112459654,0.0020672800836658138,0.0731220327317714,0.0807089686393737,0.07807987406849856,0.0010500591248273905,0.07790759727358812,0.001811407109854378,0.0730921402573585,0.0797059014439582,0.07866336032748215,0.0002627447247505535,0.07889616116881364,0.0016602035293635424,0.0745024606585502,0.0805860161781311,0.07958984747529024,0.00027830526232720115
1.0,qlstm_paper,original_2,henon_1000,0.001,4.0,,16.0,1.0,64.0,154.0,0.00015819945983818476,7.569254981974039e-05,9.635619062464684e-05,0.0003498429141473,0.00013447886522040001,3.0685976526e-05,0.00014208647698976082,7.163293839348046e-05,8.4638551925309e-05,0.0003263853141106,0.00011881490718220001,2.780430077107228e-05,0.009118104679509959,0.002174426063411843,0.0072910226881504,0.0136542348191142,0.00809498829767105,0.0007975192274898503,0.00869768429547543,0.0021889663961563474,0.0068552144803106,0.0133792692795395,0.00768414093181485,0.0008110087364911998,0.9990243732929229,0.0004696568468242852,0.9978336691856384,0.999407947063446,0.9991682171821594,0.00018903613090520688,0.9991169989109039,0.0004468117221127151,0.997965395450592,0.9994741678237916,0.9992639720439911,0.0001731216907502331,2936.7,520.7819217292397,2088.0,3856.0,2829.5,446.0,42799.62,14273.639189009227,27633.75,79403.83,37601.71000000001,6082.560000000001,0.06106732485815878,0.013327609209992038,0.0389935763552784,0.0772715024650096,0.0639833649620413,0.00897451806813486,0.0606347098946571,0.013447825033619845,0.0378680564463138,0.0759367644786834,0.0645085852593183,0.008272539824247353,0.06082113757729527,0.013335526403912565,0.038516417145729,0.0761026293039321,0.06470867246389385,0.00862982124090195
1.0,qlstm_paper,original_2,henon_1000,0.001,6.0,,4.0,2.0,64.0,230.0,0.0272485507652163,0.0007828830762464453,0.0257955249398946,0.0283836238086223,0.02748696878552435,0.0003484534099697494,0.025024182163178872,0.0008089110581319511,0.0234326422214508,0.0261155515909194,0.0253246165812015,0.00037764199078084947,0.11755119338631628,0.0048970346740422836,0.1096885427832603,0.125345766544342,0.11792855709791181,0.0036358647048473497,0.11033694371581074,0.004537712514945016,0.1020175814628601,0.1181962937116622,0.1105905286967754,0.003037646412849447,0.8133787631988525,0.006000893202967115,0.8046752214431763,0.8246212005615234,0.8115269839763641,0.00261494517326355,0.8285890877246856,0.006099995665188787,0.8204828500747681,0.840538740158081,0.8263584673404694,0.002840667963027954,5094.4,1956.4200060314247,3653.0,10861.0,4541.5,193.0,29460.019,12348.720646896543,19542.18,60429.61,24268.025,2246.67,0.08009219959378239,0.000773165350341406,0.0790782250463962,0.0814361341297626,0.0799572572112083,0.0006756410002708504,0.07926934212446209,0.00037411571217004115,0.07850843667984,0.0798771381378173,0.07927913591265676,0.0001705177128314972,0.07993393912911409,0.00036462729547126954,0.0791913047432899,0.0805216878652572,0.07991923764348025,0.00017444044351574983
1.0,qlstm_paper,original_2,henon_1000,0.001,6.0,,4.0,4.0,64.0,230.0,0.06478641331195827,0.0006512651581834807,0.063695877790451,0.0657767802476883,0.0648285821080207,0.00045227259397505326,0.06158021725714202,0.0007335134903754498,0.0605782195925712,0.0628051161766052,0.06150751188397405,0.0006820186972617999,0.21443391293287273,0.0015006291859747253,0.212129145860672,0.2169299870729446,0.21388913691043848,0.001359507441520691,0.21029157787561412,0.0019380395219228104,0.2078685015439987,0.2144064456224441,0.21021357923746103,0.0011194646358489851,0.4416040629148483,0.009139152536756016,0.4275456964969635,0.4567181766033172,0.4410002827644348,0.0062641501426697055,0.47819744348526,0.009534424441441314,0.4624160826206207,0.4912287592887878,0.4794168323278427,0.008879512548446655,6873.6,1555.8674236579413,4951.0,10287.0,6429.5,567.0,43826.996,20716.090355479817,25990.41,97307.51,35277.815,4507.060000000003,0.07959348794072862,0.0010265227589233061,0.0783650267869234,0.0813568361103534,0.07959867827594275,0.000896383449435198,0.07898215949535367,0.000489084574857844,0.0782199501991272,0.079611450433731,0.07892309129238126,0.0004473514854908059,0.07968311831355093,0.0004805208436918286,0.0790138319134712,0.0803535133600235,0.07958938181400295,0.00045211240649224715
1.0,qlstm_paper,original_2,henon_1000,0.001,6.0,,8.0,1.0,64.0,230.0,0.00045887252708774,0.00022985271443968122,0.0001209374240715,0.0007584507111459,0.00047365989303209996,0.00022106984397400007,0.00040660264567118,0.00020132088495988446,0.0001094876424758,0.0006693179602734,0.0004189706232864,0.00019519799388945,0.01515242997556919,0.004252700874653928,0.0082393381744623,0.0206116270273923,0.01601174520328635,0.0029297689907252494,0.01431104755029077,0.003978501676067688,0.0078707356005907,0.0192973967641592,0.01501371245831245,0.0029493244364857986,0.9971644818782807,0.0014196909028492551,0.9953325986862184,0.9992558360099792,0.9970712959766388,0.0013691484928130548,0.9974555253982544,0.0012621105576784198,0.9958167672157288,0.9993194937705994,0.997378021478653,0.0012254714965820868,4116.2,820.2617630976102,3222.0,5692.0,4061.5,737.5,49796.603,17162.438862317355,34808.14,93372.94,45790.025,10391.18,0.07131337746977802,0.008407971316070609,0.049447301030159,0.0805596023797989,0.07448352370411154,0.004800623282790198,0.07027751579880707,0.008305345089611128,0.0478844344615936,0.0781287252902984,0.07355795428156844,0.0035834275186062067,0.07081094644963737,0.0083590611793872,0.0483109168708324,0.0787602737545967,0.07418815791606895,0.003577642142772751
1.0,qlstm_paper,original_2,henon_1000,0.001,6.0,,8.0,2.0,64.0,230.0,0.02630295827984806,0.002202292298229531,0.0220786649733781,0.0285285897552967,0.027209795080125297,0.00090279057621955,0.023983268439769688,0.002313641322348264,0.0195490401238203,0.0263490602374076,0.02508620917797085,0.0005182782188058004,0.111237471550703,0.006983555685212412,0.0959345325827598,0.1203561872243881,0.1134222969412803,0.003922805190086351,0.1043867647647857,0.007109817053074392,0.0885725021362304,0.111327163875103,0.1067644134163856,0.003404323011636741,0.8211478888988495,0.01648189140940831,0.8045787811279297,0.852975070476532,0.8142740428447723,0.0067456066608428955,0.8365691781044007,0.01727346479900315,0.8187013268470764,0.8698907494544983,0.8283022940158844,0.003964662551879883,5119.1,1471.1597092090306,3446.0,7388.0,4702.5,1075.5,68030.579,36485.155597714656,37158.68,142012.03,51704.744999999995,11456.785000000003,0.07858119532465932,0.0020895219915782227,0.0747216377407312,0.0821738228201866,0.0784227797761559,0.0011798961088061444,0.07791364267468447,0.00177620923072803,0.0738405287265777,0.0796643570065498,0.07841729372739785,0.0010413154959678442,0.0788605615496635,0.0016482238021332878,0.0752353221178054,0.0805106535553932,0.0793407596647739,0.0009766817092895508
1.0,qlstm_paper,original_2,henon_1000,0.001,6.0,,8.0,4.0,64.0,230.0,0.06580398306250568,0.0009727605857172549,0.0636809766292572,0.0676159784197807,0.0657616704702377,0.0004235915839672505,0.06340922005474561,0.0009644048524107147,0.0610861741006374,0.0647754594683647,0.0635679922997951,0.000442579388618497,0.21911728829145427,0.0020843661035718237,0.2137015759944915,0.2221804857254028,0.21946064382791514,0.0007387250661849837,0.2161654576659202,0.0019061732730723325,0.211382046341896,0.2187142223119735,0.2165243253111839,0.0009545311331748962,0.4304794192314148,0.01389090110233884,0.4039735794067383,0.4600257277488708,0.43127870559692383,0.006264388561248724,0.45494313836097716,0.01304863683855818,0.4360929727554321,0.4861695468425751,0.4528396278619766,0.005890399217605563,5602.5,2016.4038410001108,3276.0,9752.0,5169.5,1508.5,75021.66900000001,33642.03699721004,36894.16,142161.2,67247.47,25200.935,0.07925832644104952,0.0007466838773709759,0.077799168229103,0.0807730689644813,0.0792716026306152,0.00034837983548639817,0.07918484061956402,0.0007804025483552134,0.0770613774657249,0.0798168927431106,0.0793898999691009,0.00020943582057955656,0.08008548021316525,0.000737228893993485,0.0780783295631408,0.0806789174675941,0.0802807174623012,0.00019671767950060065
1.0,qlstm_paper,original_2,henon_1000,0.001,6.0,,16.0,1.0,64.0,230.0,0.0003248727540873111,0.0001486113837378726,0.0001466236717533,0.0005717031308449,0.0002496346714906,4.557405191009999e-05,0.00029140621902311114,0.00013582370553488733,0.0001292571250814,0.0005131211946718,0.0002239871100755,5.15937863384e-05,0.013165882685118178,0.0031747552115658525,0.0084771877154707,0.0179075170308351,0.0123869646340608,0.0018849587067962005,0.012500029678146,0.0030760490903848393,0.0080430852249264,0.017095411196351,0.0117289666086435,0.0021315533667803,0.9980006350411309,0.0009149343311489611,0.9964836239814758,0.9990979433059692,0.998461663722992,0.0002998113632201038,0.998187435997857,0.0008455182157371585,0.9968027472496032,0.9991976022720336,0.9986050724983216,0.00032389163970936163,3875.1111111111113,718.3489471535008,3063.0,5333.0,3623.0,465.0,90035.84666666666,20274.07818755325,67114.98,132076.39,86592.68,15475.310000000012,0.06691504253281483,0.011728564235621507,0.0460700012743473,0.0799122378230094,0.0702192522585392,0.008728603273630106,0.06616574939754269,0.011411021887414276,0.0467929020524024,0.0787277892231941,0.0689456537365913,0.009548433125019101,0.06648975362380341,0.011473662840834162,0.0467963255941867,0.0792277157306671,0.0690337270498275,0.010091587901115487
1.0,qlstm_paper,original_2,henon_1000,0.001,6.0,,16.0,2.0,64.0,230.0,0.02795963804237541,0.0006016989500437418,0.0268770717084407,0.0287550278007984,0.0279914867132902,0.0004416853189468505,0.026490424061194,0.0006162694939492264,0.0253383740782737,0.0272274985909461,0.0266663786023855,0.0005413861945271006,0.11599178425967689,0.004111537856610842,0.1090801805257797,0.1218662038445472,0.11511471495032305,0.003034055233001702,0.11160142160952086,0.003750093035404724,0.1052826195955276,0.1173011139035224,0.110954787582159,0.003307748585939449,0.808951236307621,0.004517656433105213,0.8030117154121399,0.8172107338905334,0.8087111413478851,0.003255903720855713,0.8186930119991302,0.004684236135874026,0.8128888010978699,0.8274363279342651,0.8172331750392914,0.0038486123085021973,4190.125,673.8555923749539,2916.0,5267.0,4290.0,446.5,116732.51874999999,34121.289114904655,72130.33,165338.49,105901.095,29345.504999999997,0.07935510347597297,0.0012043342453142295,0.0766771301627159,0.0811816789209842,0.0794321039691567,0.0003976155072450485,0.07916845288127657,0.0007937452600833628,0.077352337539196,0.0799534916877746,0.07941724359989161,0.00043337419629094903,0.07973291538655755,0.0007425336598410825,0.078026033937931,0.0804825723171234,0.0799348466098308,0.00041648745536804893
1.0,qlstm_paper,original_2,henon_1000,0.001,6.0,,16.0,4.0,64.0,230.0,0.0651699006557464,0.001078918894656208,0.0631853938102722,0.0662970915436744,0.06558083370327944,0.0005749315023422449,0.0636004852131009,0.0011686794542405065,0.0613216385245323,0.0648957937955856,0.06402924284338951,0.0007179789245128979,0.21799176745116708,0.002276697853939842,0.2132548540830612,0.2207598984241485,0.218834713101387,0.001114070415496854,0.21639234200119972,0.0023679490782520093,0.2114374190568924,0.2188657969236374,0.21738479286432266,0.0011734068393707553,0.4345145635306835,0.01524290730985158,0.4188037514686584,0.4624872207641601,0.42889632284641266,0.008321061730384799,0.4523799680173397,0.015817583833582435,0.43504199385643,0.4829892218112945,0.44664232432842255,0.010280176997184753,5244.5,1293.762826023379,3304.0,7590.0,5231.0,741.5,123572.14374999999,26270.478890203893,71936.32,163851.24,123354.87,11018.18,0.07942545311525459,0.0021294189548070304,0.0753882057964801,0.0817216902971267,0.08056009188294411,0.0009401526302098423,0.07938668597489593,0.0003742974172506599,0.0786299929022789,0.0797389671206474,0.07958722487092015,0.0001247264444827964,0.07980145700275895,0.0003521769943828204,0.0791001468896865,0.0801483392715454,0.07998850941658014,0.0001223832368851055
1.0,qlstm_paper,original_2,henon_1000,0.001,6.0,,4.0,1.0,64.0,230.0,0.00039961377769937007,0.0002234348059262708,0.000109945081931,0.0008165326435118,0.00041122153925240003,0.00019463482749415003,0.0003532081718730695,0.00019388814671436545,9.569864778313786e-05,0.0007058047340251,0.0003774045617319,0.00017685042257655002,0.014290013024583409,0.004202572277105112,0.007109438534826,0.0198073126375675,0.01604537852108475,0.0033570555970072495,0.013627679878845769,0.004089518227694527,0.0067999619059264,0.0192749071866273,0.015120837837457601,0.0033380896784365507,0.9975283205509186,0.0013813721868136668,0.9949561953544616,0.999323546886444,0.9974620342254639,0.001195996999740545,0.9977884471416474,0.0012157050902404508,0.995575785636902,0.9994015097618104,0.9976443350315094,0.0011111497879027765,3961.3,893.7471734221037,2525.0,5439.0,3916.5,555.0,24317.056000000004,6504.745929521306,13158.26,37996.78,24127.745000000003,3975.6049999999996,0.06994429081678386,0.009974691749202708,0.043647001683712,0.0805416710674762,0.07240216638892885,0.004294511303305645,0.06910464763641355,0.010067964011526351,0.0422358289361,0.0794146507978439,0.07215156033635135,0.004523728042840951,0.0696302585303783,0.01011818160081336,0.0427606031298637,0.0800628140568733,0.07269145175814626,0.004570182412862743
1.0,qlstm_paper,original_2,lorenz_1000,0.001,4.0,,16.0,13.0,64.0,159.0,0.032062769867479766,0.006545251580797724,0.023568969219923,0.0401364006102085,0.0309047000482678,0.006295509636402101,0.032732166908681345,0.0068391548104286,0.0234636683017015,0.0419483929872512,0.03171136230230325,0.006708343513309949,0.13695884719491,0.018135957038363553,0.1128655821084976,0.1570164412260055,0.1352224200963974,0.0176673084497452,0.1369447901844978,0.017502286184173786,0.1118329241871833,0.1579263657331466,0.1363092884421348,0.016937941312789903,0.5623800098896027,0.142447920109254,0.3809341490268707,0.741753339767456,0.5926259756088257,0.12943977117538452,0.5683033704757691,0.12274546663986757,0.3939079642295837,0.7338113784790039,0.5861423313617706,0.12056624889373779,2093.4,1368.7153246749303,544.0,4300.0,1648.0,1092.5,28131.752,18450.07959035288,7400.0,56937.77,21584.105,14042.735,0.042271625832654494,0.0021244558630908548,0.0364053950179368,0.0449640046805143,0.042798457480967,0.0005389614030718998,0.05033126622438426,0.0011245416651051883,0.0471820048987865,0.0513804033398628,0.05062534473836415,0.0003458168357611015,0.04559731073677535,0.0016408444981673989,0.0415205843746662,0.0477952696382999,0.04579208046197885,0.0006490685045719494
1.0,qlstm_paper,original_2,lorenz_1000,0.001,4.0,,16.0,1.0,64.0,159.0,1.243504771082371e-05,4.3038597231483715e-06,5.921769115957432e-06,1.7673031834419817e-05,1.3327584838407349e-05,3.633235792221967e-06,1.3634980905408157e-05,4.3845124920335325e-06,7.61525143389008e-06,2.023698471020907e-05,1.36548483169463e-05,4.695343250205042e-06,0.0026565127773210103,0.0005024372270812114,0.0018535305280238,0.0032444531098008,0.0028085956582799,0.0003544297069311502,0.00276238035876298,0.000498893625605077,0.001982087502256,0.0034432040993124,0.0028334911912679,0.00042828498408200005,0.9998700439929962,4.465019745735296e-05,0.9998149871826172,0.9999381303787231,0.9998620748519897,3.650784492498227e-05,0.9998578608036042,4.3993340381869924e-05,0.99979168176651,0.999919891357422,0.9998566210269928,4.470348358148746e-05,2902.2,255.18887123070238,2437.0,3385.0,2925.0,158.5,44107.113,12313.729524655842,32247.85,68325.9,40051.285,4694.669999999998,0.018510366566479163,0.00603311877859133,0.0056508403271436,0.0274683011695742,0.01974261095747345,0.0033033365849405487,0.02112363572232419,0.006901977864334166,0.0071279588155448,0.0320768915116786,0.0216495264321565,0.002843519672751451,0.019513003621250333,0.006367072541537789,0.005427099764347,0.0288155768066644,0.020932604558765798,0.003334742970764597
1.0,qlstm_paper,original_2,lorenz_1000,0.001,4.0,,8.0,25.0,64.0,159.0,0.035794244334101624,0.00806839097442685,0.0254829619079828,0.0440449863672256,0.040130978450179045,0.003631846979260455,0.03795189615339036,0.00826778520678042,0.0271798614412546,0.0454356297850608,0.04362125322222705,0.0017115902155637533,0.1436564639210701,0.017677593873055533,0.1206538304686546,0.160644918680191,0.15495320409536362,0.005150489509105641,0.14881388694047923,0.017224075494081437,0.1263916194438934,0.1646919250488281,0.16127546131610865,0.0029561966657638966,0.4723456144332886,0.18003994358640785,0.2803880572319031,0.7003182172775269,0.3882743269205093,0.09877932071685785,0.45245704650878904,0.15813707990003273,0.2960927784442901,0.6558626890182495,0.3685536682605743,0.07021769881248474,1679.3,1344.3317336133964,450.0,3909.0,853.0,397.0,11358.446,8009.382711722795,2943.03,24689.8,7468.715,4520.04,0.041469206186011395,0.0024295307770332854,0.0376370904967188,0.0458470787853002,0.04097642246633765,0.0014930952806026,0.050879966095089865,0.002382295718369338,0.0469037182629108,0.0537725575268268,0.05132085829973215,0.0019001532346010486,0.04574636928737158,0.0027384318964697022,0.0416303612291812,0.0493758544325828,0.046630507335066754,0.002604249864816645
1.0,qlstm_paper,original_2,lorenz_1000,0.001,4.0,,8.0,13.0,64.0,159.0,0.03239189237356181,0.007987158243238009,0.0214641317725181,0.040245946496725,0.038280192762613255,0.0015915688127278935,0.03386431057006115,0.008603429584993624,0.0224193334579467,0.0423140563070774,0.040046688169240896,0.001585341989994056,0.13761029392480845,0.02120852204236662,0.1087899133563041,0.1576321274042129,0.15292171388864514,0.004629813134670258,0.1394269280135631,0.02095451019556585,0.1111984476447105,0.1589671820402145,0.1539383307099342,0.004664815962314592,0.5428390204906464,0.16516071377634256,0.3721349537372589,0.7668519616127014,0.4240873456001282,0.040740877389907865,0.5470671147108078,0.14537785804400738,0.4019598066806793,0.7408192157745361,0.4504680335521698,0.04225814342498779,1794.4,1356.500143752296,488.0,3963.0,824.0,284.0,11873.329,8302.72771581057,3231.54,24864.04,7464.33,3955.685,0.04154941905289884,0.0016709289649114768,0.0392607480287551,0.0439647924154996,0.0419054446741938,0.0014812043868005532,0.05061948448419566,0.0022089637018893123,0.0461940020322799,0.0539566799998283,0.0502904728055,0.0013633277267217497,0.045405841246247254,0.001446679890040187,0.0419855490326881,0.0475090034306049,0.04575511254370205,0.0006482116878032511
1.0,qlstm_paper,original_2,lorenz_1000,0.001,4.0,,8.0,1.0,64.0,159.0,1.2086960168744554e-05,4.073580895623098e-06,7.414842457365012e-06,2.233465238532517e-05,1.1014927622454707e-05,1.7405100152245723e-06,1.3233111621957505e-05,4.8077186452159954e-06,8.085484296316281e-06,2.513962499506306e-05,1.1887288565048948e-05,2.3302959561988246e-06,0.0026081653079017596,0.0003887470800193342,0.0020479671657085,0.0035324196796864,0.0025260519469156497,0.0001725420588627501,0.0026963640237226403,0.00042407625599883434,0.0020902908872812,0.0036617706064134,0.0026007134001701498,0.00025113800074905027,0.9998720407485961,4.174338263814141e-05,0.9997674226760864,0.999920666217804,0.9998828172683716,1.6301870346180358e-05,0.9998605608940124,4.970291338204595e-05,0.9997366070747375,0.9999159574508668,0.9998731315135956,2.2023916244506836e-05,3306.1,490.4374475914334,2273.0,3978.0,3330.5,328.5,30224.352000000003,10254.848849514849,19895.86,47695.71,26347.985,6113.675000000001,0.022287340154871292,0.005187079967868325,0.0144261933863162,0.0339658183977007,0.02216351665556425,0.0030546342022717,0.025301247090101193,0.005921651578779096,0.018093341961503,0.0401222817599773,0.02496014256030315,0.0027608871459960486,0.023357495665550183,0.005116755854366075,0.0158468838781118,0.035139974206686,0.0229954840615391,0.0029313247650862
1.0,qlstm_paper,original_2,lorenz_1000,0.001,4.0,,4.0,25.0,64.0,159.0,0.039489906653761814,0.00405905572431109,0.0282443277537822,0.0430524498224258,0.0405068416148424,0.0018281228840351,0.04273044019937511,0.00486723697589402,0.0292181223630905,0.0466071665287017,0.044696070253849,0.0015761665999889478,0.15191217362880705,0.009118316557357493,0.1272299438714981,0.1589415520429611,0.1552043259143829,0.002445235848426791,0.15945906192064283,0.010610486478924016,0.1310001015663147,0.1664318889379501,0.16434463858604426,0.001480877399444594,0.39528183937072753,0.09865894226031606,0.2964375019073486,0.6522159576416016,0.37377604842185974,0.0575474947690964,0.3898817837238312,0.08990948068711938,0.2879175245761871,0.6225511431694031,0.365467831492424,0.05339960753917694,1156.4,1117.6145310436868,431.0,4178.0,623.5,178.0,3651.489,3558.1850406561207,1336.34,13320.96,1985.0549999999998,560.5249999999999,0.04244669142644847,0.0030476059060756916,0.0372656149324029,0.0479598063975572,0.0426591975614428,0.0019962850958109013,0.05190775245428081,0.002954891222629775,0.0473859645426273,0.0550723709166049,0.05283325910568235,0.002037128433585146,0.04597985632717603,0.0034063919678683973,0.0398785173892974,0.0507395006716251,0.04653243161737915,0.0026562288403510527
1.0,qlstm_paper,original_2,lorenz_1000,0.001,4.0,,4.0,13.0,64.0,159.0,0.02978419158607718,0.008153098505777624,0.0195681359618902,0.0388311110436916,0.0318657513707876,0.006802961230278001,0.0312496962025761,0.008198811737721733,0.0207569804042577,0.0405890233814716,0.032300429418683,0.008117290213704102,0.1319440588355064,0.021894147274678383,0.1038611382246017,0.157378688454628,0.1357018910348415,0.02133532240986824,0.1343913689255714,0.020717522646898,0.1070137098431587,0.1589663177728653,0.1365730799734592,0.021180998533964143,0.5938266456127167,0.16137989642512043,0.4075858294963836,0.7913220524787903,0.5676642209291458,0.15612427890300756,0.5889648824930191,0.1361062238856675,0.4362539947032928,0.7635620832443237,0.568428561091423,0.12942716479301458,2689.6,1786.51382306435,620.0,5522.0,2264.5,1372.0,10970.023000000001,9618.621991091082,1936.34,32655.43,6995.59,4632.62,0.04243545211851592,0.0018270741592861007,0.0380268603563308,0.0444192539900541,0.042758721206337155,0.0009169587865472013,0.05148243382573124,0.002228495559806402,0.0455532968044281,0.05402822047472,0.052040450274944305,0.0008560437709092435,0.04660837091505523,0.0019677706038725086,0.0412327833473682,0.0492713898420333,0.046759083867073004,0.00038542971014974767
1.0,qlstm_paper,original_2,lorenz_1000,0.001,4.0,,4.0,1.0,64.0,159.0,1.4414155521080829e-05,1.0612218371262714e-05,6.606410806853091e-06,4.350634117145091e-05,1.0701002793211956e-05,3.300485104773543e-06,1.545359209558228e-05,1.0193051751944093e-05,7.430255209328607e-06,4.296211773180403e-05,1.3185936495574424e-05,5.359564511309145e-06,0.00271232825471084,0.0007920376356239961,0.0019448160892352,0.00469939596951,0.00249398662708695,0.00040615152101960007,0.00278391200117762,0.0007368024302199072,0.001993725541979,0.0044890935532748,0.00271903618704525,0.0005906998412684001,0.9998485088348389,0.00011108619268774819,0.9995446801185608,0.9999292492866516,0.9998918771743774,2.9236078262384613e-05,0.9998368680477142,0.000109747413583186,0.9995388388633728,0.9999200105667114,0.9998656511306763,5.1349401473999023e-05,3372.4,373.9786624929289,3052.0,4427.0,3309.0,127.5,10532.617999999999,1206.595809596569,9354.89,13896.68,10272.740000000002,545.5149999999976,0.02439375395886594,0.0068957311884896635,0.0091804355382919,0.0326065586879849,0.025822555366903498,0.0048800143413245504,0.02798930555582041,0.007808464823669604,0.0113507863134145,0.0388002917170524,0.030497681349515852,0.004768816754221951,0.02511996058747166,0.006928173001908959,0.0094130570068955,0.0338567309081554,0.0265428200364112,0.0047307386994362
1.0,qlstm_paper,original_2,lorenz_1000,0.001,4.0,,16.0,25.0,64.0,159.0,0.02170370426028962,0.007623835752197543,0.0150368176400661,0.0405514761805534,0.01801945175975555,0.002784649841487399,0.022856290452182258,0.008169948599824317,0.0159306842833757,0.0432266928255558,0.019083519466221298,0.002949544228613399,0.11128863543272012,0.01832544760205479,0.0947430655360221,0.1565990597009658,0.10316216200590125,0.007771927863359451,0.11412047296762462,0.020345621541024615,0.096744030714035,0.1636234074831009,0.10481424629688255,0.00787696987390514,0.7400772422552109,0.1259357486625688,0.4036298096179962,0.8343977332115173,0.7986466884613037,0.03366246819496155,0.714630302786827,0.12617072911310695,0.3986246883869171,0.8164454698562622,0.7788861393928528,0.034746021032333374,4911.8,2038.357073723836,484.0,7336.0,5776.0,1244.5,65606.952,26047.858326368332,5850.56,93585.21,73846.17,7241.620000000003,0.044051915862494004,0.0009532846952639089,0.0418417793181207,0.0453976972235573,0.04412645122243295,0.0003634271108442014,0.05145014673471445,0.001998964483687024,0.047538373619318,0.0541671328246593,0.05210159905254835,0.0009490121155977457,0.049150979518890324,0.002727927461158534,0.0436065606772899,0.0523429363965988,0.04972968995571135,0.002403089776635097
1.0,qlstm_paper,original_2,lorenz_1000,0.001,6.0,,4.0,1.0,64.0,237.0,2.2879543803355772e-05,1.821899193390868e-05,4.941734459862346e-06,6.102690167608671e-05,1.5552623153780587e-05,4.463400273380102e-06,2.4698191600691645e-05,1.945240592317623e-05,5.2268783292674925e-06,6.556571315741166e-05,1.72369809661177e-05,5.595441507466601e-06,0.0034564677625894095,0.0012396283098954296,0.0017053305637091,0.0058862841688096,0.00305169867351645,0.00047784310299905,0.0035672400030307,0.0012693949674453344,0.001702855923213,0.0059728859923779,0.00319003476761275,0.0005955682136118499,0.9997593700885773,0.00018880764999823895,0.9993690252304076,0.9999468922615052,0.999836653470993,4.7534704208429535e-05,0.9997359037399292,0.0002088739299036224,0.999299168586731,0.999944269657135,0.9998176097869873,6.267428398137875e-05,3967.7,733.8377272939842,2429.0,5137.0,4062.5,373.5,23298.527000000002,9866.659136956188,13063.84,51293.26,21469.855000000003,2125.5,0.026387555515393568,0.005508120760127456,0.0179390882141888,0.034927606396377,0.02584350900724525,0.004406106658279901,0.029117968864738893,0.006565180979138091,0.0204368643462657,0.0410442911088466,0.028010715730488252,0.004997323267161853,0.02710687611252065,0.00531820645129364,0.0189019255340099,0.0355405509471893,0.0266026202589273,0.004201229661703151
1.0,qlstm_paper,original_2,lorenz_1000,0.001,6.0,,8.0,13.0,64.0,237.0,0.03928685896098608,0.0007418060253525322,0.0376691818237304,0.0402544289827346,0.03946146555244915,0.0005119852721691028,0.040957343578338565,0.0007958538593965841,0.0390727072954177,0.0419181175529956,0.0411558393388986,0.00012417137622834987,0.15683676302433008,0.0016547344888793712,0.1534881144762039,0.1590946614742279,0.15687150508165354,0.0012224093079566956,0.15787822157144543,0.0018785883989961133,0.1535512506961822,0.1597265303134918,0.15864448994398114,0.0009375512599945068,0.39878977835178375,0.01867887258299921,0.3715068697929382,0.4389833807945251,0.3945770710706711,0.011973053216934204,0.42320534586906433,0.021594144853224494,0.4051365256309509,0.473064661026001,0.4141930937767028,0.0047317445278168,777.6,162.69369993948752,545.0,1159.0,750.5,104.5,9870.177999999998,2452.8229766161276,6098.52,14002.52,9304.755,1260.0149999999994,0.042023891210555976,0.0016778542334161212,0.0394311619922518,0.0445597067475318,0.04223786862567065,0.001444781292229847,0.05172065459191795,0.0015363358519476203,0.0489707626402378,0.0538231059908866,0.05219364352524275,0.000698521733284,0.04560196250677104,0.0010881704397891843,0.042917925864458,0.0466572903096675,0.045983128249645205,0.0005417522042989453
1.0,qlstm_paper,original_2,lorenz_1000,0.001,6.0,,8.0,1.0,64.0,237.0,1.6823302757984493e-05,7.713982748048127e-06,8.68483039084822e-06,3.077951623708941e-05,1.2640547993214568e-05,3.2152556741493754e-06,1.8517744592827512e-05,8.522041684276245e-06,1.1085640835517552e-05,3.341519186506048e-05,1.2954082649230259e-05,1.7266888789890808e-06,0.0030502904206513703,0.000717642700612726,0.0023100895341485,0.0041220616549253,0.00272477685939515,0.00040967657696455,0.00318935320246959,0.0007451711140956841,0.0024035770911723,0.004290644545108,0.00274891720619045,0.00030147854704405024,0.9998203754425049,8.284827013358307e-05,0.999671459197998,0.9999070763587952,0.9998658001422882,3.299117088317871e-05,0.9998028099536895,9.222153088007049e-05,0.9996421337127686,0.9998898506164552,0.9998611509799956,2.309679985057489e-05,4431.2,960.3124283273647,3114.0,6170.0,4227.5,607.0,56970.191999999995,21034.43788577998,33197.46,106510.2,50524.735,9680.050000000003,0.0315628697164356,0.007054052636378867,0.0166929464787244,0.0418050840497016,0.03209140151739115,0.003837687335908401,0.03633110802620645,0.00875244847530516,0.0179667063057422,0.0497746132314205,0.036905242130160304,0.004791103303432499,0.03248715959489339,0.007124047078415603,0.0174678079783916,0.0431793294847011,0.0326560735702514,0.004160380922257902
1.0,qlstm_paper,original_2,lorenz_1000,0.001,6.0,,4.0,25.0,64.0,237.0,0.040972686186432794,0.0016958623335705874,0.0374881699681282,0.0430566221475601,0.0414305813610553,0.0012035761028528526,0.04492706805467601,0.0010205445275584216,0.0429254285991191,0.0468280985951423,0.0450554676353931,0.0006777998059987987,0.1556513205170631,0.0029525110695407977,0.1495995223522186,0.159058004617691,0.1569926589727401,0.001501351594924899,0.16493291705846783,0.0021241775765592215,0.162431389093399,0.1697010993957519,0.16444938629865646,0.0009456127882003923,0.3593188464641571,0.05301629794972801,0.3000408411026001,0.4743421375751495,0.34133176505565643,0.035505637526512146,0.3536894738674164,0.04974391382568328,0.2969577014446258,0.4640189111232757,0.33139862120151514,0.03150621056556699,578.0,73.67496182557545,482.0,675.0,564.0,72.0,3112.4219999999996,401.72652593026515,2628.64,3789.87,3011.5249999999996,321.0199999999995,0.04382739139720794,0.0018091506196720303,0.0404372602701187,0.0476827714592218,0.043811883032321905,0.0009728962555527465,0.05338242426514621,0.0013499487774946257,0.050631858408451,0.0552128665149211,0.053942285478115054,0.0008642636239528517,0.04731466360390182,0.0014935034345801839,0.044674277305603,0.0495200231671333,0.0475974399596452,0.000844143331050852
1.0,qlstm_paper,original_2,lorenz_1000,0.001,6.0,,4.0,13.0,64.0,237.0,0.03673107847571368,0.0042915961475998125,0.0244093351066112,0.0398907698690891,0.0382588226348161,0.0010337401181459496,0.0387545987963676,0.004710285313354809,0.0253590047359466,0.0419089347124099,0.040637964382767594,0.0011898688971995995,0.15123344436287878,0.01059414329963902,0.1202684566378593,0.1586875021457672,0.1544690951704979,0.002223633229732458,0.15383087322115893,0.010641526845181139,0.1230558231472969,0.1605419963598251,0.15735401213169095,0.0023910775780677934,0.4541465282440186,0.09318270657878203,0.3811140060424804,0.7187942266464233,0.42121081054210663,0.025920018553733826,0.464905321598053,0.08180923051427086,0.4013761281967163,0.6879080533981323,0.4338320642709732,0.022845774888992254,1319.0,777.0248387278234,588.0,3538.0,1092.0,196.0,7509.196000000001,4121.532325876385,3099.69,18789.36,6325.635,1256.955,0.04268610585480924,0.0013099743650781285,0.0399692349135875,0.0446583043783903,0.04262173827737565,0.0006666346453130002,0.05209350772202011,0.0013114798140579076,0.0492423735558986,0.0541744641959667,0.05232250131666655,0.0008256919682026014,0.04555348604917521,0.0012718892012427996,0.0428219065070152,0.0473583154380321,0.04585328884422775,0.0006824973970651523
1.0,qlstm_paper,original_2,lorenz_1000,0.001,6.0,,16.0,13.0,64.0,237.0,0.03652081824839111,0.005160603995965593,0.0252839792519807,0.0403040833771228,0.0388234872370958,0.0006759986281395028,0.0376189345493912,0.005587017865328463,0.0248441118746995,0.0413595773279666,0.0403193496167659,0.0007911473512649501,0.14915554672479625,0.01472302804751494,0.116260141134262,0.1603458374738693,0.1558653190732002,0.002074763178825406,0.14965788424015042,0.014413146766796316,0.1161097884178161,0.1590400338172912,0.15620565414428705,0.00211320072412495,0.46722267270088197,0.11552343427392413,0.3779297769069671,0.7128717303276062,0.41931501030921936,0.019990369677543668,0.47058513164520266,0.10289634588676051,0.3848298788070678,0.6990483999252319,0.42059068381786346,0.017859235405921964,1394.3,1167.6708483129994,728.0,4184.0,827.0,69.5,37527.378000000004,41965.53785901684,16125.47,152937.49,18786.095,1507.6550000000007,0.04364838817156845,0.0011034787897677674,0.0414862960577011,0.0452049992978572,0.043787983059883046,0.0006071602925657969,0.05214750804007048,0.0012387251563087478,0.0499846786260604,0.0542597211897373,0.0521266050636768,0.0006672404706478015,0.046552175655961,0.0009844647560872518,0.045290432870388,0.0486553013324737,0.04644092172384255,0.000797398388385797
1.0,qlstm_paper,original_2,lorenz_1000,0.001,6.0,,16.0,25.0,64.0,237.0,0.032086438188950156,0.010095961918504507,0.0209684800356626,0.0438717156648635,0.0270542446523904,0.006085764616727801,0.032990183681249584,0.009869572541606505,0.021632395684719,0.0442357063293457,0.0281698796898126,0.006537484005093602,0.1340289364258448,0.023027781298424047,0.109048381447792,0.1603439450263977,0.1179369837045669,0.008888602256774902,0.13662692987256575,0.022404261725310605,0.1103543043136596,0.163685917854309,0.1212994754314422,0.010945171117782607,0.5440539220968882,0.21049246679923758,0.2942664623260498,0.7684304714202881,0.6814914345741272,0.08693903684616089,0.5317112671004401,0.18895585520422822,0.2992027997970581,0.7459597587585449,0.6360733509063721,0.10988640785217285,2663.5555555555557,1935.2600233624141,564.0,5972.0,2757.0,1961.0,73113.44111111111,50376.538075925215,11948.04,128007.72,102654.43,25353.290000000008,0.0438725520615224,0.0012659155490321458,0.0411171731021669,0.0451791104343202,0.0443822468320528,0.0007656609846486001,0.05046975074542889,0.001636382294849879,0.0472649745643138,0.0523627996444702,0.0513516291975975,0.0010111704468727042,0.047798888136943135,0.0020732951898094465,0.0435205288231372,0.0500816367566585,0.0479638986289501,0.0016001090407372007
1.0,qlstm_paper,original_2,lorenz_1000,0.001,6.0,,16.0,1.0,64.0,237.0,1.8278489187650847e-05,3.8806185748508094e-06,1.2146958397352137e-05,2.6566734959487803e-05,1.787877408787608e-05,2.7450278139440343e-06,1.9649638943519676e-05,3.449802043623256e-06,1.410853201377904e-05,2.682907143025659e-05,1.9659677491290495e-05,2.11016958928667e-06,0.00322791852522636,0.0003498344549990991,0.0027321302331984,0.0040417853742837,0.0031653329497202502,0.00022903759963814976,0.0033231074223294297,0.00037069681950408385,0.0028489080723375,0.0040774038061499,0.003187732072547,0.0001963309478014998,0.9998064041137695,4.067364359123622e-05,0.9997154474258424,0.9998695254325868,0.9998140633106232,2.467632293701172e-05,0.9997924566268921,3.632756162569266e-05,0.9997165203094482,0.9998494386672974,0.9997943639755248,2.3543834686112763e-05,3499.2,733.1129244529795,2692.0,5241.0,3340.5,313.5,92816.352,28669.413223130952,60620.94,147371.18,81752.83,14211.594999999998,0.027562818937003568,0.008612846787540226,0.0177483133040368,0.0419223705306649,0.0267558505758643,0.007730506919324399,0.03249541148543355,0.010733873787166335,0.0216258112341165,0.0518153980374336,0.0315403342247009,0.0089536001905799,0.02908123116940256,0.008911915217544758,0.0188119914382696,0.0451535694301128,0.0290072131901979,0.007697721011936651
1.0,qlstm_paper,original_2,lorenz_1000,0.001,6.0,,8.0,25.0,64.0,237.0,0.038922534696757764,0.005467974804619134,0.0279510989785194,0.0441731736063957,0.04080072976648805,0.0018851067870854984,0.04071995858103032,0.005766162056577358,0.0291417371481657,0.0453171804547309,0.043380606919527,0.0012965053319930996,0.1513259783387184,0.011771787407671874,0.1278994530439376,0.1615780740976333,0.15623015165328974,0.002622142434120206,0.1554831206798553,0.013192263004854453,0.1279536783695221,0.1642919331789016,0.1612317711114883,0.002067826688289656,0.4087059646844864,0.1314544848580911,0.2720600068569183,0.6625741124153137,0.36915427446365356,0.05552101135253909,0.40965497195720674,0.11538465150880861,0.2779211401939392,0.634246826171875,0.37257884442806244,0.04927359521389013,1265.4,1351.372280313608,474.0,4315.0,596.5,115.0,17732.094,23385.027053664577,5172.99,78130.27,6631.88,1308.4300000000003,0.04367090731859202,0.0020757134584581853,0.0392666948959231,0.0468049705028533,0.0442337187007069,0.00158346518874165,0.05189515948295588,0.0020109180667600996,0.04849124699831,0.0544283352792263,0.05232064053416245,0.0014291144907474483,0.04622742310166354,0.002337423430361599,0.0403947420418262,0.0486000850796699,0.04694064334034915,0.0012106467038392986
1.0,qlstm_paper,original_2,mackey_1000,0.001,4.0,,4.0,140.0,64.0,149.0,0.05263310857117172,0.004386511897244092,0.0401483811438083,0.0564044639468193,0.0533496309071779,0.0008740611374378447,0.06455114930868146,0.005352714984032876,0.0485370606184005,0.0668662041425705,0.06646804139018056,0.0003750845789909363,0.19265282452106475,0.011020933462732514,0.1599416881799698,0.1990626752376556,0.19551163911819455,0.0011224001646041593,0.20843040943145746,0.010397431171774022,0.1772731095552444,0.2125790268182754,0.21199554204940796,0.00045913457870486174,-0.1271433169022202,0.21154466215904028,-0.2406903654336929,0.4821381270885467,-0.21507254242897028,0.008165635168552413,0.20220633894205092,0.1352821653693,0.1076815575361251,0.571327269077301,0.14621194452047345,0.014838293194770799,916.1,1481.3243027777542,409.0,5360.0,423.5,6.5,2689.398,4107.2830506986,1174.85,14976.54,1223.67,27.575000000000045,0.056252431444995074,0.004999785689212371,0.0517010165236166,0.0659173135128286,0.0550537489147649,0.0026819072190846505,0.06667220070958134,0.0003976696904252078,0.0659493282437324,0.0673091486096382,0.0667948797345161,0.00012901052832604842,0.053834926337003666,0.000843567477059304,0.0527566708624362,0.0554840080440044,0.05351276695728295,0.00047911889851095027
1.0,qlstm_paper,original_2,mackey_1000,0.001,4.0,,8.0,1.0,64.0,149.0,8.812732994555909e-05,1.151263691985246e-05,6.714161281706765e-05,0.000114047077659,8.7960775999818e-05,3.984059731010348e-06,0.00010861830451173043,1.4722089239413682e-05,7.806419307598844e-05,0.0001377460430376,0.00010868802200995,2.807675627950005e-06,0.00761153348721558,0.0005126802901707514,0.0067169521935284,0.0087697505950927,0.007587140193209,0.00015319464728235027,0.008536355011165089,0.000579912808349553,0.0072843758389353,0.009660261683166,0.008544045500457249,0.00012483820319175026,0.9991586029529571,0.00011151382653994741,0.9989063143730164,0.9993563294410706,0.9991539120674133,5.1140785217229645e-05,0.9991699159145355,0.00011494197237234854,0.9989394545555116,0.9994074106216432,0.9991747140884399,1.9311904907226562e-05,3287.3,581.7695505954226,2697.0,4791.0,3086.5,278.0,22482.709,5940.2346533254895,16985.61,36604.82,19896.67,2730.369999999999,0.006487662610597871,0.001667534965450794,0.0046124091837555,0.0108510582707822,0.0061290219193324,0.0006669738795608,0.007207234483212201,0.0018190720365148952,0.0049890880472958,0.0118755605071783,0.00696108257398005,0.0009005956817418497,0.00546209819149222,0.0013449018604940644,0.0038750690873712,0.00901058036834,0.0051265137735753506,0.0005143701564520003
1.0,qlstm_paper,original_2,mackey_1000,0.001,4.0,,8.0,140.0,64.0,149.0,0.037729334086179685,0.006746981176142274,0.0332777351140975,0.0574377067387104,0.035494616255164105,0.001277521252632155,0.04276275672018523,0.007517406797527311,0.037369780242443,0.0649740695953369,0.040718715637922245,0.0008273925632238457,0.15683749616146087,0.015008881269022743,0.1441226154565811,0.200433000922203,0.1535453125834465,0.0021942481398582597,0.16947608292102812,0.013435545433788394,0.1602715700864792,0.2092586755752563,0.1654264479875564,0.0016941204667091092,0.4873996630311012,0.23360208055510667,-0.2095357030630111,0.6032235622406006,0.5640307068824768,0.020359188318252563,0.5863459289073945,0.153576484432671,0.1288474202156067,0.6792951822280884,0.633123129606247,0.011038631200790405,1982.0,662.5207921265566,556.0,2880.0,2137.5,263.5,11329.151999999998,4449.197048659004,2969.98,19849.03,11626.09,2721.0649999999996,0.05812346283346409,0.0014202213877417438,0.0548867057077586,0.05971923423931,0.0586167054716497,0.0003410354256630013,0.06417479515075677,0.0015171678519904342,0.0607597529888153,0.0655486658215522,0.06488781049847595,0.00036425516009330056,0.053888912871479934,0.0016358807275591047,0.050862681120634,0.0566138625144958,0.05435141362249845,0.0007808692753314521
1.0,qlstm_paper,original_2,mackey_1000,0.001,4.0,,16.0,1.0,64.0,149.0,8.44800968479685e-05,2.026272623472643e-05,4.482537769945338e-05,0.000121064200357,8.055728540057316e-05,1.5673220332246274e-05,0.00010680673512976715,2.5827567694148243e-05,5.680335743818432e-05,0.0001554995978949,0.00010651209959174667,1.630266342541364e-05,0.0073902928270399,0.0009685670568093604,0.0052889357320964,0.0089030442759394,0.00737592997029415,0.0007416540756821997,0.008349124481901461,0.0011017646164469055,0.0059983609244227,0.0102330613881349,0.008347093593329101,0.0006654711905867004,0.999203360080719,0.00019922864633252404,0.9988422989845276,0.9995892643928528,0.9992387592792511,0.00015032291412347965,0.9991829454898834,0.00019900278803303812,0.9988088607788086,0.9995668530464172,0.9991859197616577,0.0001264512538908802,3088.8,609.6142714864868,1865.0,3743.0,3288.5,332.0,43431.219,12331.544543185537,24242.37,70683.73,44728.854999999996,5703.940000000006,0.010886727527249567,0.010780267793352158,0.0041426496114581,0.0407102312892675,0.0063057323219254495,0.0017396014067344498,0.0119448772165924,0.011210579752770837,0.0046335738152265,0.0425489693880081,0.0071080776397138504,0.0018204457592219006,0.00918330233544105,0.008831947025862931,0.0035814594011753,0.0335413441061973,0.00540396734140805,0.0014040517853572503
1.0,qlstm_paper,original_2,mackey_1000,0.001,4.0,,4.0,70.0,64.0,149.0,0.035528865084052036,0.0013931992988870671,0.0326322577893734,0.0375038534402847,0.0354822743684053,0.0008282680064439496,0.029289879463612983,0.000751056204654322,0.0280147604644298,0.0302931237965822,0.02935347426682705,0.0005955575034022002,0.1397742018103599,0.0032715287695830033,0.1331552118062973,0.1445547640323639,0.13931493461132044,0.0022707208991050443,0.13577337861061095,0.0018355549907437833,0.1313274651765823,0.1376160979270935,0.13637186586856842,0.0004993304610251964,0.6023389220237731,0.015266075144556844,0.5809998512268066,0.6362177133560181,0.6031249463558197,0.007050067186355591,0.7578658938407898,0.006792058215746825,0.7488122582435608,0.7687140107154846,0.7567056119441986,0.0056569576263427734,1904.4,622.7784838929488,1153.0,3045.0,1670.0,263.0,5695.487,1680.4978216769575,3282.89,8592.13,5050.25,1242.9,0.047368438252144325,0.005424137033065076,0.0412155203521251,0.0596292689442634,0.046181476157572454,0.003606723621487652,0.04647974669933315,0.009153652269713132,0.0353390425443649,0.0662425309419632,0.044366620481014196,0.0059277545660734,0.04597574323415752,0.0026408931198352984,0.0435735881328582,0.0528646633028984,0.045086000114679295,0.0011901613324880496
1.0,qlstm_paper,original_2,mackey_1000,0.001,4.0,,8.0,70.0,64.0,149.0,0.033589893579482985,0.0015225627095519906,0.0316163673996925,0.0368168912827968,0.0330606810748577,0.000980859622359248,0.025021459348499742,0.0013411512126865045,0.0227262396365404,0.0267791952937841,0.02552118618041275,0.0006182519719004527,0.1384669885039329,0.004168940322033969,0.1330761313438415,0.1477973163127899,0.1371591761708259,0.0017915964126586637,0.12904704809188838,0.0056046794100399824,0.1186347305774688,0.1346051841974258,0.13190884888172144,0.0025815144181251526,0.6306140661239624,0.017717573990231123,0.5934662818908691,0.6590065360069275,0.6336833536624908,0.0108431875705719,0.7966475248336792,0.013011812240131303,0.7815305590629578,0.8197076320648193,0.7916973233222961,0.006209015846252441,1716.4,916.5984071555001,594.0,3819.0,1645.5,445.0,10290.475999999999,4933.243620556763,3897.39,21883.1,9623.470000000001,2465.8950000000013,0.04695160987062582,0.007827156617217806,0.0350045609391397,0.0580066769487328,0.0470921699371602,0.007136737927794453,0.04740011580288407,0.011986754169748488,0.0302000120282173,0.0637449771165847,0.0479195043444633,0.011000027880072549,0.04561693333089347,0.0037928922535266593,0.0400317534804344,0.0516382791101932,0.04456706717610355,0.002039158716797801
1.0,qlstm_paper,original_2,mackey_1000,0.001,4.0,,16.0,140.0,64.0,149.0,0.034645962901413405,0.0023124819510827966,0.0290242116898298,0.0364801734685897,0.035460220649838406,0.0008858460932970012,0.02604502886533732,0.005670394218928199,0.0210509467869997,0.0420898087322711,0.0251331459730863,0.002277595922350899,0.14795939326286311,0.007349119712669029,0.1338677406311035,0.156612753868103,0.14924192428588864,0.0035465359687805037,0.12944471612572667,0.012891642751710584,0.1150008514523506,0.1629229187965393,0.12856087088584894,0.007474403828382506,0.6079824268817902,0.029585031169626734,0.5802491307258606,0.6786531805992126,0.6014162302017212,0.014669209718704224,0.7794765055179596,0.0637149095595546,0.5971633195877075,0.8322460055351257,0.7894350588321686,0.022520750761032104,3489.8,1614.5598037855398,619.0,6147.0,3572.0,1343.5,41382.113,20761.185428288554,6766.61,74090.16,38451.41,18155.844999999998,0.05873377001844341,0.0004492565350596434,0.0577806709334254,0.0595929967239499,0.0587841381784528,0.00020301295444369663,0.06298110038042067,0.000756433690303162,0.0613978728652,0.0639761984348297,0.06302215903997416,0.0004728399217128962,0.05486340709030624,0.0010988344389213035,0.0525354854762554,0.0562535412609577,0.055168163031339604,0.0008276905864476984
1.0,qlstm_paper,original_2,mackey_1000,0.001,4.0,,4.0,1.0,64.0,149.0,0.00010189183012697363,3.142118634597383e-05,6.925153866177425e-05,0.0001817417651182,8.946868911152706e-05,1.12212655949094e-05,0.00013686004167534797,4.752719372018381e-05,9.049991058418529e-05,0.0002568794006947,0.0001187603847938,2.436471550021009e-05,0.00806909333914514,0.0010589274102361425,0.0068361889570951,0.0106293363496661,0.0078136543743312,0.0005956266541033996,0.00942163113504643,0.001493247689540414,0.0077888071537017,0.0130287054926157,0.0089453174732625,0.00092094903811815,0.9990200757980346,0.00030066939171985826,0.9982675909996032,0.9993290305137634,0.9991354942321777,0.00010982155799871274,0.9989493668079377,0.00036811975409690697,0.998017191886902,0.999308466911316,0.9990969598293304,0.00017818808555608578,2554.0,524.0973192070343,1804.0,3884.0,2506.0,129.0,8738.494999999999,3106.3861507875995,5700.44,16717.46,7758.08,406.0499999999997,0.00734046777011821,0.004665055057389297,0.0036375150317326,0.0180273892357945,0.0055396161740645,0.0008853871840984002,0.00800155038014049,0.005199518014646219,0.0037994761951267,0.0199779346585273,0.00594172254204745,0.00099154165945945,0.00594901605509217,0.0036063467360604277,0.0029647091869264,0.0144422268494963,0.0046083070337772005,0.0006138763856143007
1.0,qlstm_paper,original_2,mackey_1000,0.001,4.0,,16.0,70.0,64.0,149.0,0.028910417295992325,0.005868352775071456,0.0171372834593057,0.0360020324587821,0.03013084083795545,0.0034471238031983514,0.0184313183650374,0.004143994647106079,0.012731927447021,0.0247040297836065,0.017109891399741152,0.002565591130405701,0.12987936362624167,0.01450021219568857,0.1015194654464721,0.1458102315664291,0.13290415704250336,0.010209977626800551,0.11060849651694293,0.012503310037320518,0.092338353395462,0.1287356168031692,0.10694959759712215,0.007960163056850447,0.691162395477295,0.06580887855682951,0.6147507429122925,0.8258450031280518,0.6762423813343048,0.03608757257461548,0.8516306638717651,0.037692177083627675,0.7935760617256165,0.8985169529914856,0.8651781380176544,0.022065430879592896,3869.5,1987.5006037734931,541.0,6683.0,4247.5,1355.0,46826.519,22276.3066956008,6437.99,78169.88,51035.92,16567.535,0.03674151640799307,0.006966698293153568,0.0256549068209197,0.0472053806814882,0.03543189395633005,0.004435397270652949,0.03468474596738811,0.008575539488754075,0.0250318422913551,0.0486785806715488,0.0311077274382114,0.003536648117005851,0.0403880044817924,0.0031676091382013146,0.034289788454771,0.044300589710474,0.04146922938525675,0.001860020682215701
1.0,qlstm_paper,original_2,mackey_1000,0.001,6.0,,16.0,140.0,64.0,223.0,0.03447053664260437,0.0035692545791065618,0.0271852519363164,0.0386044755578041,0.0358338020741939,0.0011214315891266008,0.02823809968928491,0.0052761705428023414,0.0237403884530067,0.0383690446615219,0.0266603883355855,0.0024607144296169003,0.14919036295678878,0.009773117901977062,0.1300351321697235,0.1621439158916473,0.1479440331459045,0.008398890495300293,0.13573935959074226,0.012372976196768743,0.1222736984491348,0.158994048833847,0.1327605694532394,0.007094353437423706,0.6064047945870293,0.04179548408113222,0.5523012280464172,0.6923472881317139,0.5912610292434692,0.015468597412109375,0.755086170302497,0.059314623709707665,0.6403661370277405,0.8024364709854126,0.7775242924690247,0.02097982168197632,3624.0,1208.7956357006294,1982.0,6111.0,3663.0,970.0,70915.49555555556,20508.880538506084,35964.5,109771.9,72884.38,11888.14,0.05878687577529082,0.0005400519979021326,0.0573547398671507,0.0592635250650346,0.058968769852072,0.00021072989329699865,0.06371439703636694,0.000984888157679502,0.0614452548325061,0.0647474005818367,0.0640267729759216,0.0006766617298125943,0.053921754575437915,0.0006333538321432518,0.0530154891312122,0.0551926158368587,0.053906001150608,0.0004736892879008969
1.0,qlstm_paper,original_2,mackey_1000,0.001,6.0,,4.0,70.0,64.0,223.0,0.036451496556401196,0.00037959541550552396,0.0360105969011783,0.0372442975640296,0.0364296585321426,0.0003151819109916479,0.03019813168793911,0.0003470458918194382,0.0295137017965316,0.030709221959114,0.03016135375946755,0.0003181062638759509,0.14149042963981626,0.0010851573510970857,0.1394249349832534,0.1431278437376022,0.1415690928697586,0.0007539615035057068,0.1366300195455551,0.0011798501397201596,0.1349635422229766,0.1386278867721557,0.1360882967710495,0.0007596015930176475,0.5885462641716004,0.0047753877076757816,0.5805628299713135,0.5965000987052917,0.5876955687999725,0.0034137070178985596,0.7513696312904358,0.00301377444852564,0.7461041808128357,0.7553919553756714,0.7519080936908722,0.0023223161697387695,2546.0,672.795362647514,1799.0,3967.0,2524.5,583.0,13112.073999999999,3245.700598681893,8925.12,18839.03,13207.47,2771.7050000000017,0.05016081672575734,0.005603852357591488,0.0443795468244287,0.058297310438421,0.04838261194527145,0.00395237447486985,0.05124018937349316,0.009130631352037653,0.04040302708745,0.0639491528272628,0.04871208406984805,0.007170252501964548,0.04711547903716558,0.002907094214238286,0.0440956614911556,0.0516814365983009,0.045638080686330754,0.0013875961303711042
1.0,qlstm_paper,original_2,mackey_1000,0.001,6.0,,16.0,70.0,64.0,223.0,0.02824677113029688,0.006888764424230681,0.0169164985418319,0.0363617166876792,0.0297433044761419,0.005999831482768097,0.018272449883321867,0.004208942713215268,0.0126597322523593,0.0245407186448574,0.0175367929041385,0.0033968398347496986,0.12760382642348606,0.015675377689344627,0.1018333658576011,0.1469811350107193,0.1319620162248611,0.011814214289188385,0.11067872328890689,0.012340198558901769,0.0929679125547409,0.1283494234085083,0.1095174998044967,0.011514663696288993,0.6983474360571967,0.07951354306177683,0.6075533628463745,0.825798749923706,0.6788486838340759,0.06758594512939453,0.8532161315282186,0.03639534502411903,0.7974720001220703,0.902576506137848,0.8607981204986572,0.027177631855010986,3673.222222222222,2066.9927580251447,673.0,6959.0,3187.0,1933.0,76406.40777777779,42756.61554557864,13980.75,138073.08,67793.13,41979.619999999995,0.04309447843259494,0.010207422525253057,0.0269911808686123,0.0580486795968479,0.0433965110116534,0.006074232773648401,0.043377628549933406,0.012655356958059296,0.024607153609395,0.0622480772435665,0.043583832681179,0.0087515898048878,0.04292232874366966,0.005008305132041755,0.0354432798922061,0.0510390140116214,0.0423909239470958,0.002937752753496198
1.0,qlstm_paper,original_2,mackey_1000,0.001,6.0,,16.0,1.0,64.0,223.0,0.00013322062259243884,3.768969667352844e-05,5.138639608048834e-05,0.0001919285277836,0.0001377330772811,1.8303446267949993e-05,0.0001749386865412285,4.54623780712393e-05,6.474470137618482e-05,0.0002395460032857,0.00017447698337485,2.3012726160250003e-05,0.00920251938514407,0.0015193967778245822,0.0057438551448285,0.0114985043182969,0.009436288848519301,0.0006124246865511001,0.01067051454447206,0.0016999938023993474,0.0063481912948191,0.0128931766375899,0.01091878069564695,0.0007667592726648001,0.9987258613109589,0.0003662648786897633,0.9981569051742554,0.9995102286338806,0.9986680448055267,0.00018957257270807437,0.9986590504646301,0.0003506259440426011,0.9981644153594972,0.9995104670524596,0.9986625909805298,0.00017639994621276855,2972.3,322.1673633377534,2442.0,3468.0,2907.5,227.5,73670.367,20605.43439264994,55409.78,131534.31,66622.79500000001,4777.930000000011,0.016060403259471008,0.012485534563376957,0.0035285637946799,0.0451935291290283,0.011022896436043,0.0034468541387467997,0.01783794970251615,0.013920249847363425,0.0040035513229668,0.051128901541233,0.01202131668105715,0.0036520594730973,0.01369734108448024,0.01104300272400686,0.0031861029565334,0.0404326431453228,0.0088650886900722,0.0026579415425658005
1.0,qlstm_paper,original_2,mackey_1000,0.001,6.0,,8.0,140.0,64.0,223.0,0.035231829807162246,0.0003100760695314524,0.0345724746584892,0.0356008037924766,0.035335723310708944,0.00015190988779064177,0.04148344919085498,0.0010137260283751416,0.0397247411310672,0.0428335480391979,0.04155026748776435,0.0008399318903684512,0.15117651969194412,0.0009446114332721846,0.149491086602211,0.1531335413455963,0.1510791629552841,0.0005127191543578963,0.16531850099563597,0.001707014440067121,0.163171648979187,0.1681424975395202,0.16497360169887534,0.0015263035893440524,0.5663901686668396,0.004166831785748666,0.5594540238380432,0.573970377445221,0.5668070614337921,0.0029410123825073242,0.6202712833881379,0.01293674992745498,0.603169858455658,0.6426835060119629,0.6191064715385437,0.012079060077667236,2248.8,917.3529091903508,964.0,3745.0,1970.0,673.0,23069.89,14831.990881176403,8724.8,62527.91,17612.435,6101.54,0.05852660690434273,0.00012557805126368004,0.0583061585202813,0.058727488387376,0.05852404073812065,7.415818981824918e-05,0.06603379622101781,0.00032490034457260725,0.06551144272089,0.0665170922875404,0.0661244876682758,0.00025984644889830155,0.052635257691144896,0.00018680107962850412,0.0523319914937019,0.0529267825186252,0.052641041576862294,0.0001609660685061992
1.0,qlstm_paper,original_2,mackey_1000,0.001,6.0,,8.0,70.0,64.0,223.0,0.03515865914523597,0.0020834847473708124,0.031556986272335,0.0373133048415184,0.03587832860648625,0.001168727874755849,0.026399296149611423,0.0017042580814753004,0.0227704066783189,0.0278440192341804,0.027312871068716,0.0004020622000098506,0.14210069030523298,0.003135762183232741,0.1366225183010101,0.1460553705692291,0.14293498545885086,0.0019693821668624323,0.1314598731696605,0.004943605085200305,0.1202336400747299,0.1353753954172134,0.1338388174772262,0.0013057142496109009,0.6116709589958191,0.026460001865360287,0.5829107761383057,0.6588761806488037,0.6019771099090576,0.014140099287033081,0.7842261970043183,0.015526215312332961,0.772139847278595,0.818061888217926,0.7758521139621735,0.003591001033782959,1598.0,1250.5918598807525,733.0,4369.0,1035.0,275.5,16688.232,12100.352558140445,7406.51,43080.01,11636.119999999999,3790.329999999999,0.04579526229451093,0.006368353043400163,0.03600100076033,0.0548700052830908,0.044732547261648645,0.004722226618064793,0.04580971412360663,0.009694073777658749,0.0305671021342277,0.0589983835816383,0.0448753852397203,0.008180454373359701,0.044595296308398216,0.002941839725645379,0.0410983674228191,0.0493374168872833,0.043743746355175944,0.0019160900264978444
1.0,qlstm_paper,original_2,mackey_1000,0.001,6.0,,8.0,1.0,64.0,223.0,0.0001117700927352161,5.6764103172956365e-05,1.9960536519647576e-05,0.0002173847460653,0.00010431986083857223,3.4900447644758156e-05,0.00015330118076231514,8.156836260857998e-05,2.500450864317827e-05,0.0002987394691444,0.0001312550884904,4.341961903261347e-05,0.008183222590014288,0.0023230940125178404,0.0034602107480168,0.0119506102055311,0.008183138445019649,0.0013174465857445994,0.009634840814396702,0.0028889701566823943,0.0038784174248576,0.0143842194229364,0.0094206258654594,0.0019213708583265504,0.9989328622817993,0.0005471380160149701,0.9979382157325744,0.9998250603675842,0.9989963173866272,0.00035199522972112485,0.9988304495811462,0.0006205060182796347,0.99772971868515,0.9998095631599426,0.9989957511425018,0.0003324449062347967,3632.4,1001.239451879519,2216.0,5880.0,3580.0,637.0,42696.254,11444.171724374988,23804.22,67603.39,41969.32,5104.98,0.011150481880176779,0.007235712870728322,0.0041054755216464,0.0264864647760987,0.008007974200882,0.0035773001494817497,0.01222773920744653,0.007976755373430748,0.0045594898983836,0.0290538128465414,0.008632760029286101,0.003729104530066251,0.009212056756950861,0.005965472734877324,0.003655040403828,0.0221077799797058,0.00661061471328135,0.0027667615795507992
1.0,qlstm_paper,original_2,mackey_1000,0.001,6.0,,4.0,1.0,64.0,223.0,0.0001268702559172555,2.6430958225943653e-05,8.974978845799342e-05,0.0001770529779605,0.0001200282858917,1.3597462384449995e-05,0.00017272429831787,3.888230360818021e-05,0.0001157699880423,0.0002516607637517,0.0001673575898166,1.2448108464000002e-05,0.009002465056255418,0.0009566845508440255,0.0076645375229418,0.0106020523235201,0.008720131125301098,0.00066124927252535,0.01061393273994323,0.0011770981697575694,0.0087514072656631,0.0128582203760743,0.0104707195423543,0.0004227086901664994,0.998779034614563,0.0002461902951620274,0.9983207583427428,0.9991271495819092,0.9988353848457336,0.00011670589447021484,0.9986742615699769,0.0002963750549810214,0.9980769157409668,0.9991111755371094,0.9987155199050903,9.34600830078125e-05,2698.4,602.8260445601202,1805.0,3710.0,2719.5,486.5,15106.013,3310.4652784134432,9695.39,19920.8,15299.970000000001,1956.4199999999992,0.01716653435723852,0.014789021443743184,0.0044825120363384,0.0503981985151767,0.0112849411088973,0.006675235473085201,0.01812578015960749,0.015386456427989392,0.004686473403126,0.0524148792028427,0.0123040159232914,0.0074714291840792,0.013888475345447609,0.012023758143517064,0.0036478044930845,0.0411018244922161,0.0089227294083684,0.005090247024782
1.0,qlstm_paper,original_2,mackey_1000,0.001,6.0,,4.0,140.0,64.0,223.0,0.05162721797823903,0.002704328067306835,0.0435896180570125,0.0533181391656398,0.05241949670016765,0.00021153315901759756,0.0648041971027851,0.006061737456960435,0.0466308370232582,0.0673237442970275,0.06676819548010825,0.0001260936260223458,0.19182940274477003,0.008608050350478746,0.1660395115613937,0.1958000510931015,0.19449501484632487,0.00017377734184265137,0.2088996514678001,0.011556682636063142,0.17425037920475,0.2134789377450943,0.2126679122447967,0.0004387125372886519,-0.07230156213045118,0.17820558529412242,-0.2285857498645782,0.4054911732673645,-0.12230789288878435,0.08443301916122435,0.1955782279372215,0.17736562633168615,-0.158043771982193,0.6147965788841248,0.2006771489977836,0.046736359596252455,1001.0,1427.8714928171933,405.0,5242.0,425.0,13.5,6940.842,13095.67619215503,1954.57,46116.44,2094.985,116.2600000000001,0.05613496154902446,0.004966578104322615,0.0514852069932708,0.0661973783539401,0.0550161107546753,0.0025932630265338534,0.06725139021873469,0.0005117575360976687,0.0667233243584632,0.0685338824987411,0.06707190722227091,0.000348299741745009,0.052973716706037476,0.0005138460497592865,0.0523818805813789,0.0542366877198219,0.0529449954628944,0.00028565153479575417
1.0,qlstm_paper,original_3,henon_1000,0.001,4.0,,16.0,2.0,64.0,226.0,0.024494032189249938,0.004192847719776054,0.0159257687628269,0.0276750307530164,0.02691089082509275,0.0007632048800587481,0.022914392314851227,0.004297966814126634,0.0140588209033012,0.0263111274689435,0.0253528412431478,0.0008762096986174479,0.10655980408191676,0.008304998265928705,0.0891726538538932,0.113731250166893,0.1109000816941261,0.001496691256761551,0.1013629868626594,0.008760957906007871,0.0834563970565795,0.1085226163268089,0.10631271451711655,0.0012659355998039523,0.8345762610435485,0.030849855158382327,0.8108407855033875,0.8969016671180725,0.8169212341308594,0.005992531776428223,0.8451333463191986,0.03160405999323678,0.8200280070304871,0.909611165523529,0.8272614181041718,0.006634026765823364,4133.5,1692.3798184804734,2103.0,7113.0,3325.0,863.5,82307.44200000001,25959.34574167338,35935.04,121226.93,86033.13,20188.634999999995,0.07691668767482038,0.001758521594422694,0.0737008355557918,0.0801548548042774,0.076969195716083,0.0008386965841055,0.07714499458670612,0.0019148416751352114,0.0735622644424438,0.0796008855104446,0.07772534713149065,0.0011751912534236977,0.07779347673058505,0.0017915413124436068,0.0746115297079086,0.0801317989826202,0.07826507091522211,0.0012496821582317838
1.0,qlstm_paper,original_3,henon_1000,0.001,4.0,,4.0,2.0,64.0,226.0,0.02239218149334187,0.0037768423440296614,0.0180188938975334,0.0275992359966039,0.02157648187130685,0.003265810199081901,0.02041575945913786,0.0037166482057533635,0.0162325259298086,0.0256020799279212,0.01950143277645105,0.0030581653118133493,0.10119112804532046,0.010925378666692362,0.0862121880054473,0.1136549562215805,0.1007099114358425,0.01196495071053505,0.09506602510809894,0.009873166597858625,0.0817356407642364,0.1065592095255851,0.09399083629250525,0.01034193113446235,0.8495595216751098,0.02801642338594734,0.8107735514640808,0.8823316097259521,0.8558119535446167,0.024105161428451538,0.8627347648143768,0.02749502507309818,0.8241245746612549,0.8940309286117554,0.869645357131958,0.022655099630355835,4519.5,1606.3850877046884,1904.0,6519.0,4894.0,1266.5,19451.5,5798.0246092872,10809.12,27092.51,20064.09,5037.785,0.07726403273642059,0.001491400667335778,0.0736055947840213,0.0791873462498188,0.07770993523299685,0.0005979642271995503,0.07641388848423955,0.0016069805913887022,0.073454737663269,0.0792419463396072,0.07674086466431615,0.0008200816810131004,0.07726729512214658,0.0015250353156461768,0.0743723213672638,0.0799418836832046,0.07758278772234914,0.0007198564708232602
1.0,qlstm_paper,original_3,henon_1000,0.001,4.0,,4.0,4.0,64.0,226.0,0.06412746161222453,0.000909501750107201,0.062055230140686,0.0651844814419746,0.0644234307110309,0.00044084340333939986,0.06061240918934341,0.0009972193313383402,0.0581702403724193,0.0619079805910587,0.060856154188513756,0.0005577038973570564,0.21252761781215662,0.002282303782720424,0.2070382833480835,0.214950829744339,0.21293947100639338,0.001805901527404813,0.20815280675888057,0.0019314024141619682,0.2033315300941467,0.2103714793920517,0.20842377841472626,0.0012421384453773499,0.45068354308605196,0.01241876447254273,0.435887336730957,0.478672981262207,0.4467651546001434,0.0062362998723983765,0.4906260222196579,0.012773126322285389,0.4736222326755523,0.5214373469352722,0.48753267526626587,0.007553517818450872,3810.7,1088.5148643909279,2352.0,5630.0,3647.5,946.5,17182.719999999998,5394.906928077628,9938.34,26239.97,15881.875,5461.485,0.0784307618066668,0.0018987972043825214,0.0736259266734123,0.0805681683123111,0.07876474354416126,0.0008384428918362039,0.07780027762055394,0.0011747613432047058,0.07464499771595,0.0790123045444488,0.0778974257409572,0.0004390366375446528,0.07856625691056249,0.0010758305317700814,0.0757400840520858,0.0797768384218216,0.07868533581495285,0.0005150996148586551
1.0,qlstm_paper,original_3,henon_1000,0.001,4.0,,8.0,1.0,64.0,226.0,0.00011630542285270842,2.7924798948113135e-05,7.773763354634866e-05,0.0001837888848967,0.0001142192886618,8.3202357928e-06,0.00010115852419401092,2.4341211333026545e-05,6.608707190025598e-05,0.0001591424806974,9.911830056806914e-05,8.821829396730856e-06,0.00764850536361332,0.0007986270096978494,0.0064552752301096,0.0093363374471664,0.007565703708678449,0.0005035703070461507,0.007146548014134139,0.0007733156020360227,0.0059678978286683,0.0087980180978775,0.00711493333801625,0.00040789926424624964,0.9992813527584076,0.0001725456387568947,0.9988627433776855,0.9995187520980836,0.9992943108081818,5.251169204711914e-05,0.9993675768375396,0.00015226683575451615,0.9990040063858032,0.9995858073234558,0.9993806481361389,5.480647087102719e-05,2294.3,342.1537812154061,1677.0,2953.0,2313.5,255.0,21264.949999999997,6551.771568272203,13940.78,38385.28,19481.29,1844.0200000000004,0.06074801553040739,0.010286250217487632,0.0395282868295907,0.0709036011248827,0.06534444745630019,0.0031712079420685504,0.059529641270637465,0.010161245605133984,0.0374257937073707,0.0683653727173805,0.06444728001952166,0.002850778400897952,0.060163665190339055,0.009963467328654432,0.0386343486607074,0.069219172000885,0.064972635358572,0.0026434808969498028
1.0,qlstm_paper,original_3,henon_1000,0.001,4.0,,8.0,2.0,64.0,226.0,0.02345643006265159,0.0033193067092639477,0.0183509886264801,0.0275309141725301,0.02327708993107075,0.0034244479611516,0.0212028000503778,0.0032270633827042755,0.0161774065345525,0.0252028405666351,0.02084056660532945,0.003435785882175,0.10443669185042377,0.008851001269753148,0.0899436771869659,0.1147737801074981,0.1049469076097011,0.008073505014181151,0.09746441468596453,0.008586108238097705,0.0831629931926727,0.1077067628502845,0.0975648127496242,0.007913623005151749,0.8423586428165436,0.02471529578479959,0.8118954300880432,0.8796893954277039,0.8437864482402802,0.025651097297668457,0.8573419392108917,0.02393707065911728,0.8273218274116516,0.89393550157547,0.8602016568183899,0.025814950466156006,4749.7,1838.1204013883312,2592.0,8689.0,4715.0,1635.5,47791.751,20767.19223814546,22337.17,87695.63,46434.41499999999,12988.889999999994,0.07621438123285765,0.0026270601546407465,0.0723184745758771,0.0802131060510873,0.076203641295433,0.0022309355437756043,0.07547088414430615,0.0025039642935298714,0.0708169564604759,0.0788360014557838,0.07553852722048755,0.0024296678602695465,0.07658490613102907,0.00231877506976704,0.0724034681916236,0.0797560587525367,0.0766285918653011,0.002279192209243802
1.0,qlstm_paper,original_3,henon_1000,0.001,4.0,,8.0,4.0,64.0,226.0,0.06406869702041146,0.0012174077310185996,0.0620020143687725,0.0658884197473526,0.06424336135387415,0.0009677447378635476,0.061241126060485804,0.0015160322440279492,0.0589217916131019,0.063539057970047,0.06130100972950455,0.0014211628586054056,0.2150784865021705,0.002973241309286552,0.2097101956605911,0.2192783206701278,0.21524363756179804,0.0026931911706924577,0.2119692355394363,0.0031364462029884574,0.2070550620555877,0.2162106484174728,0.2122497260570526,0.0028921067714690885,0.45487321019172666,0.01664733495195517,0.4293746650218963,0.4824593067169189,0.45325604081153864,0.01390244066715235,0.48381133675575255,0.019692418659847718,0.4534438550472259,0.5134153366088867,0.48394177854061127,0.018408089876174955,5765.7,2401.0359035216447,2627.0,10946.0,5366.0,1396.5,52449.75,22563.42553702784,21825.34,96058.63,49419.925,17864.335,0.07833248298615213,0.0015830768630154606,0.0756679028272628,0.081767201423645,0.0782398676499724,0.0007778737694024984,0.07819862589240069,0.0013142896861061473,0.0756443962454795,0.0794494822621345,0.07877379283308975,0.000659435987472555,0.07916966155171389,0.0012165659016712392,0.0767554193735122,0.0803294777870178,0.07969508692622179,0.0006221346557140559
1.0,qlstm_paper,original_3,henon_1000,0.001,4.0,,16.0,1.0,64.0,226.0,0.00012515527887439865,5.68296564706099e-05,5.768099435954355e-05,0.0002655713469721,0.0001109272234316,2.0437011698950003e-05,0.00011217330102224572,5.3237717297785004e-05,5.135477113071829e-05,0.0002457940136082,9.683325697551481e-05,2.013969060493519e-05,0.00791766126640136,0.0018318988111002315,0.005307069979608,0.012088150717318,0.0078222281299531,0.0005713589489460004,0.007531295390799589,0.0018504971957304037,0.0049982513301074,0.0118873482570052,0.0073509197682141494,0.00040479167364540014,0.9992326557636261,0.00034273747909244456,0.9983958005905152,0.9996445775032043,0.9993156492710114,0.00012293457984913214,0.9993082880973816,0.0003207910397536338,0.9985135793685912,0.9996803998947144,0.9993975162506104,0.00012007355690007993,2448.7,339.33789944537585,1800.0,3219.0,2492.0,130.0,51321.504,20039.959808003212,31389.67,96301.32,43387.75,3048.035,0.05798295646905893,0.012809262932241062,0.0373476684093475,0.078880613297224,0.0606822973117232,0.00823716819286345,0.0575395058840513,0.012934505747187061,0.0356095135211944,0.077490895986557,0.060717450454831096,0.0089322477579117,0.05787880495190616,0.012912884514666916,0.0362758412957191,0.0781160742044448,0.06082311458885665,0.00907206907868385
1.0,qlstm_paper,original_3,henon_1000,0.001,4.0,,16.0,4.0,64.0,226.0,0.06391668899191744,0.0011452293491245541,0.0616613328456878,0.0654373094439506,0.0643463805317878,0.000575929880142198,0.062084741476509255,0.0014047327431895523,0.0595839135348796,0.0639054402709007,0.0625084787607193,0.000861391425132696,0.21520095401340059,0.0029010100948246857,0.2091699391603469,0.2186196446418762,0.2162089794874191,0.001679718494415311,0.2136887262264887,0.003120778194476428,0.2078296542167663,0.2172747999429702,0.2149121016263961,0.0018912106752395907,0.452421098947525,0.01578936775131637,0.4312596917152405,0.482733815908432,0.4465856254100799,0.008604437112808228,0.4728770289156172,0.018614862136083557,0.4484767913818359,0.505479097366333,0.4675328731536865,0.012118637561798096,5226.555555555556,1868.6572190932013,2328.0,8514.0,5015.0,1064.0,93444.3711111111,33367.50435559671,42114.68,156273.75,88966.99,21263.160000000003,0.07832285356190466,0.0018885389800397927,0.0754115808755159,0.0811504684388637,0.0788246192038059,0.0009543828666210008,0.07814104110002511,0.0011736884035722544,0.0756751373410224,0.0796708911657333,0.0784287750720977,0.000954546034336104,0.07860994918478857,0.001136257284839848,0.0762259438633918,0.0800764188170433,0.0788861066102981,0.000927239656448392
1.0,qlstm_paper,original_3,henon_1000,0.001,4.0,,4.0,1.0,64.0,226.0,9.63965743721842e-05,1.991722536819265e-05,7.245044980663806e-05,0.0001384544884786,9.791070260689594e-05,1.5294008335314236e-05,8.581774018238052e-05,1.9179483989150817e-05,6.22257066424936e-05,0.0001265013270312,8.751649875193834e-05,1.5398105460904702e-05,0.00728685734793539,0.0008656189000557079,0.0062014092691242,0.0091436086222529,0.0070739495567977,0.0005060737021267501,0.00688493396155531,0.0008657651271389975,0.0057407468557357,0.0087465792894363,0.0066752736456692,0.0004832779522985003,0.9994056582450866,0.0001235030424441791,0.9991469383239746,0.999557375907898,0.9993923306465149,9.29236412048895e-05,0.9994644105434418,0.00011980278587120144,0.999211311340332,0.9996107816696168,0.999452143907547,9.462237358104364e-05,2469.3,253.8460360139587,2119.0,3045.0,2469.0,128.0,11043.929,2479.214512709419,8811.43,17781.83,10310.49,745.6499999999996,0.05680016383528704,0.008131929616432373,0.0418017141520977,0.068339692056179,0.0572999218478798,0.0062916228547692,0.055822047963738394,0.008460572633633753,0.0404250547289848,0.0673592612147331,0.05692743696272365,0.006926929578185047,0.05642808862030503,0.00828993687384335,0.041017085313797,0.0679273605346679,0.05728087574243545,0.006500855088233951
1.0,qlstm_paper,original_3,henon_1000,0.001,6.0,,4.0,2.0,64.0,338.0,0.02153799468651409,0.00371773863120756,0.0141150774434208,0.0266338847577571,0.02096232771873465,0.00241811107844115,0.01949146632105105,0.003698011308474211,0.0123781654983758,0.0247091017663478,0.01880402956157915,0.00238091219216585,0.09782398194074626,0.009955407277886985,0.0825171619653701,0.1127633154392242,0.0948034934699535,0.007926415652036653,0.09144217520952222,0.00919770680673576,0.0777308568358421,0.1058118641376495,0.08834427595138544,0.006582479923963554,0.8556821882724762,0.02706703156548313,0.8179352283477783,0.9086564779281616,0.8602338433265686,0.017518728971481323,0.8693584680557251,0.026798107627553254,0.8309707641601562,0.9196495413780212,0.8748339414596558,0.017162561416625977,6167.3,2711.6937529890797,2661.0,12625.0,6252.0,1099.5,46239.895,19952.950011394933,18349.06,86364.73,47605.59,14012.375000000004,0.07728065729141231,0.0031520619738747845,0.0706013843417167,0.0805580116808414,0.0782102327793836,0.002048711478710191,0.07634204402565953,0.003203127004099572,0.069849357008934,0.0791280046105384,0.0779822207987308,0.0010737776756286552,0.07721213400363919,0.002967463221612658,0.0711618289351463,0.079806238412857,0.07874047756195066,0.0010067820549010953
1.0,qlstm_paper,original_3,henon_1000,0.001,6.0,,4.0,4.0,64.0,338.0,0.06451996341347692,0.0010831239416380666,0.0617410317063331,0.0657200813293457,0.06465268880128855,0.000551100820302998,0.06096680425107476,0.0012576140531485262,0.0578952468931674,0.0621983967721462,0.061223911121487604,0.0007795393466949498,0.21324280500411988,0.002568720211652205,0.2067308276891708,0.2156630903482437,0.21452625840902323,0.0009423494338989813,0.20873966217041012,0.002588366730582116,0.2022947967052459,0.2111516296863556,0.2100867554545402,0.0007706284523010531,0.44526834785938263,0.014863787171276987,0.4285611510276794,0.4833296239376068,0.4435871690511703,0.007808208465576144,0.48592197000980375,0.01596979854442357,0.4705118238925934,0.5242082476615906,0.48261497914791107,0.010253548622131348,3839.4,821.5331034109338,2621.0,4831.0,4061.0,597.0,28882.906,5449.404681407318,19195.75,37258.31,29810.445,3557.3150000000005,0.079222519993782,0.0016683318820364837,0.0757359080016613,0.0818007700145244,0.07950864136219024,0.0010806001722812528,0.07860186398029323,0.001082850276246034,0.0757081359624862,0.0796732455492019,0.07900453358888625,0.0005012862384319514,0.07932066246867173,0.0010496007248664003,0.0765192359685897,0.0803624093532562,0.07971316203474996,0.0004945844411849976
1.0,qlstm_paper,original_3,henon_1000,0.001,6.0,,8.0,1.0,64.0,338.0,0.00012633310179803329,2.7185523004278776e-05,8.161235018633306e-05,0.0001936588378157,0.0001251446228707,1.0244024451749997e-05,0.00011230943564438287,2.5196665187094846e-05,6.943174230400473e-05,0.0001735391560941,0.00011290813927185,1.0138097422900005e-05,0.00792571255005891,0.0009438475484224005,0.0060764346271753,0.0097670890390872,0.0080306606832891,0.0005045970901846491,0.00753663606010371,0.0009749828819020812,0.0056256102398037,0.009368946775794,0.007583200931548999,0.0005564191378653002,0.9992182791233063,0.00016785479988313113,0.9988033771514891,0.9994953274726868,0.9992238581180573,6.103515625e-05,0.999297457933426,0.00015847570381124173,0.998912513256073,0.999565601348877,0.9992936849594116,6.449222564702817e-05,2460.2,305.4127698705475,1911.0,2944.0,2432.5,191.5,41855.292,13132.914220431654,32017.96,77519.81,35895.104999999996,2468.279999999999,0.06730966303497546,0.007784477899768941,0.052234885841608,0.076614137366414,0.06915940120816225,0.006027697026729548,0.06616895236074921,0.0075860480014757516,0.0513283312320709,0.075115866959095,0.0681536123156547,0.0056188516318798065,0.0667637970298528,0.007579620166769416,0.0518920794129371,0.0756976976990699,0.06883158162236205,0.0055132769048214444
1.0,qlstm_paper,original_3,henon_1000,0.001,6.0,,16.0,4.0,64.0,338.0,0.06512574478983878,0.0006450464093252479,0.0640740692615509,0.0657299980521202,0.065349455922842,0.00029814988374710083,0.06338160578161472,0.0009205121183164313,0.0618732161819934,0.0643128454685211,0.0636701807379722,0.0004215650260448525,0.21793364360928533,0.0014724124128728385,0.2156128585338592,0.2194465845823288,0.21833756566047663,0.0008440464735031683,0.21628652885556215,0.001809649554689634,0.2133678942918777,0.2181078493595123,0.21683518588542935,0.0009239166975021501,0.4350226819515228,0.009292302628449454,0.426379919052124,0.4500918686389923,0.4318094700574875,0.004408895969390869,0.45542188733816147,0.012911040429547162,0.4423885941505432,0.4765764474868774,0.4513612538576126,0.005918994545936612,3392.25,711.2005255200534,2876.0,4604.0,3044.5,160.5,96974.4625,20726.97464394693,81941.68,132345.79,86805.19,4508.000000000007,0.07868474544957278,0.0020796694189177223,0.0750956203788519,0.0800390727818012,0.079802144318819,0.00022269822657109556,0.07823259569704527,0.0006109503795891927,0.0772942081093788,0.0789713114500045,0.0783324316143989,0.0003959536552428991,0.0786845553666353,0.0005850295127213061,0.0778055116534233,0.0794212594628334,0.07875572517514225,0.00040647014975550566
1.0,qlstm_paper,original_3,henon_1000,0.001,6.0,,8.0,4.0,64.0,338.0,0.06472668796777722,0.001454367296210798,0.061341717839241,0.0660823360085487,0.06527162715792655,0.0006535500288009505,0.06224915720522398,0.001641430193293007,0.0582018494606018,0.063639760017395,0.0631363801658153,0.0004801079630852023,0.2167067617177963,0.0037581728868279164,0.2074457854032516,0.2199304103851318,0.21851673722267145,0.001346774399280548,0.21387546509504313,0.003654358920073718,0.20451620221138,0.2169093936681747,0.21575554460287094,0.0009095296263694486,0.4455362558364868,0.020023510321454618,0.4261792004108429,0.4915347993373871,0.43836165964603424,0.009498536586761502,0.4701462388038635,0.021278833314177525,0.4516233205795288,0.521885871887207,0.4587605148553848,0.0066589415073394775,5124.6,2691.262164858712,2476.0,10943.0,4026.5,1381.5,80750.503,35288.36701848417,35369.54,152986.91,71699.79500000001,23152.400000000012,0.07868801124393936,0.0016333512164980943,0.0755661364644765,0.0809518363326788,0.0787531673908233,0.0008834742009639976,0.07864173501729962,0.0013986424745651873,0.0756440386176109,0.0796790868043899,0.07942860573530194,0.00023322924971580505,0.07956294566392892,0.0013338238322935362,0.0767219364643096,0.0805494785308837,0.08030914887785905,0.000229787081480054
1.0,qlstm_paper,original_3,henon_1000,0.001,6.0,,16.0,1.0,64.0,338.0,0.0001865009122411303,0.00013501746330939885,7.737564737908542e-05,0.0004969289875589,0.00011108438411605,3.322715929237581e-05,0.00017021307285174016,0.00012755934220063482,6.687955465167761e-05,0.0004683074657805,0.0001013009969028,3.399070919834154e-05,0.00933651458472007,0.0035624423501188353,0.0059905047528445,0.0166585464030504,0.00736605096608395,0.0012563478667288997,0.00889274361543353,0.0035156253222868687,0.0055924393236637,0.0162570774555206,0.0070011385250836,0.0013019067700952,0.9988545954227448,0.0008255876433584497,0.9969689846038818,0.9995247721672058,0.999316304922104,0.00020748376846302374,0.9989441990852356,0.0007888079393084986,0.997109830379486,0.999588906764984,0.9993710517883301,0.00021266937255853824,2674.6,384.8756162710234,1911.0,3258.0,2747.0,234.0,86786.675,16258.913010153077,67982.78,127324.4,85172.825,9551.745000000003,0.0655367030575871,0.0133121790083263,0.0346103020012378,0.0800713680684566,0.07030132543295614,0.006184397265315056,0.06500336229801174,0.013288955709964823,0.0349401347339153,0.0788760557770729,0.0703876949846744,0.006379138678312302,0.06548091806471343,0.013106002044396388,0.0361511148512363,0.0793764591217041,0.07077419012784955,0.006360594183206544
1.0,qlstm_paper,original_3,henon_1000,0.001,6.0,,16.0,2.0,64.0,338.0,0.026992851247390065,0.0015210086286848424,0.0246571023017168,0.0284114442765712,0.027759049087762798,0.0005554845556616523,0.025457548598448388,0.0015289341741902668,0.0231701638549566,0.0267682541161775,0.02629487775266165,0.00044744741171599996,0.11210932582616802,0.004064668188065351,0.106700025498867,0.1177928000688552,0.1133032068610191,0.002955798059701892,0.10702038183808323,0.004527535665907646,0.1004347205162048,0.1129891350865364,0.1085850074887275,0.00289743766188625,0.8161911169687907,0.011457176545899752,0.805395245552063,0.8338171243667603,0.8106181919574738,0.004540234804153442,0.8263595998287201,0.011610132515561306,0.8163912296295166,0.8438681960105896,0.8200167715549469,0.003419727087020874,2945.8333333333335,1083.9239543846647,1546.0,4612.0,2468.0,498.5,108138.46166666667,35486.83716527741,45707.7,142021.89,125320.35,13612.529999999999,0.07800200538088875,0.0014501533930082583,0.0757119469344616,0.0798687353730201,0.07819567844271655,0.0013378089293837464,0.07882103944818174,0.0007205138762659515,0.0772702172398567,0.0793249383568763,0.07911871001124375,0.00019101053476335006,0.07935459166765209,0.0007498189553499481,0.07772908359766,0.0798771530389785,0.079654011875391,0.0002026706933974387
1.0,qlstm_paper,original_3,henon_1000,0.001,6.0,,8.0,2.0,64.0,338.0,0.02416785992681976,0.004364339714808611,0.0140605438500642,0.0289711263030767,0.02516346517950295,0.0032009966671466498,0.02189383683726187,0.004278057125961489,0.0121902218088507,0.0265086367726326,0.0229145474731922,0.00322539824992415,0.10404369235038753,0.010927484130127155,0.0801958367228508,0.1170001551508903,0.10754777118563649,0.007491331547498752,0.09724903032183643,0.010837039874795376,0.074357695877552,0.1104252338409423,0.10016518831253049,0.008020870387554148,0.8367819130420685,0.03213001266508666,0.8008311986923218,0.9100571870803832,0.8297233283519745,0.02398964762687683,0.8518575966358185,0.031390117576897164,0.8173831701278687,0.9218244552612304,0.8445952832698822,0.02442118525505066,4830.7,2453.7527605690025,2084.0,8332.0,3886.0,1658.0,76579.916,36269.390299583254,29147.5,115614.64,82705.19,32083.844999999994,0.07833166189491746,0.0016630992064685666,0.0748734638094902,0.0817186646163463,0.07861771248280999,0.0005455609411001011,0.07769711464643474,0.0015694634961674568,0.0748062804341316,0.0793793946504592,0.07813895866274831,0.001008585095405544,0.07865798547863953,0.0015003113980577376,0.075892835855484,0.080260045826435,0.07909421995282165,0.0009633265435695509
1.0,qlstm_paper,original_3,henon_1000,0.001,6.0,,4.0,1.0,64.0,338.0,0.00011284402462478355,8.283987157567124e-05,5.0506016123108566e-05,0.0003545720828697,9.345263970317319e-05,1.6372581740126806e-05,0.00010127623718289573,7.72779131346803e-05,4.4880529458168894e-05,0.0003271780151408,8.292353959404863e-05,1.5095196431483442e-05,0.007602269900962669,0.002461803487557579,0.0053897486068308,0.01458999235183,0.00729423295706505,0.0007322432938963001,0.007208792585879499,0.002376795063856606,0.0050682956352829,0.0139336893334984,0.0069005810655653,0.0006277647335082002,0.9993034958839416,0.0005134292178083095,0.9978066086769104,0.9996901154518129,0.9994231760501862,0.00010272860527033023,0.9993673026561737,0.00048443996857543364,0.9979515671730042,0.9997212290763856,0.9994826018810272,9.429454803461246e-05,2805.1,616.78188202962,1987.0,4138.0,2667.5,320.5,20787.063000000002,4247.167460607246,15734.88,28982.01,19218.635,2759.620000000001,0.06590747814625497,0.008926395290803309,0.0461004052311182,0.0774117395281791,0.06671788617968555,0.00537323001772165,0.06503766104578967,0.0091260572991958,0.0442434400320053,0.0768789201974868,0.0657462552189827,0.005141964182257652,0.06557191722095007,0.009002175041888185,0.0454066656529903,0.0774507969617843,0.06633703783154485,0.005040358752012249
1.0,qlstm_paper,original_3,lorenz_1000,0.001,4.0,,16.0,25.0,64.0,231.0,0.01595638329163189,0.0020749622939188273,0.0124321095645427,0.019326414912939,0.01582083292305465,0.0013677794486284499,0.01684745559468862,0.0022695372257608096,0.0129404803737998,0.0208008028566837,0.0164462942630052,0.0020179292187094983,0.09634847640991208,0.005897324704927201,0.0865720584988594,0.1055307537317276,0.09761823713779445,0.0038814842700958044,0.0980479449033737,0.006662688690466294,0.0861088931560516,0.1106413304805755,0.09848948568105695,0.0037224553525447984,0.8239381372928619,0.023701845494118183,0.7891266942024231,0.8660447001457214,0.8244856894016266,0.014266759157180786,0.8073252022266388,0.02899538467224351,0.7545852065086365,0.8560308814048767,0.8110750019550323,0.0201413631439209,4142.6,1075.703974149022,2614.0,5976.0,3841.0,911.0,72528.639,26903.53796543103,41306.79,136711.15,63734.36,14174.034999999996,0.043066505094369205,0.0017140335310474404,0.0398212261497974,0.0451310173504882,0.04326749054921995,0.0015304986801412505,0.04976928979158396,0.0023031691395373013,0.0437564700841903,0.0527489706873893,0.04994851537048815,0.0007118918001652007,0.04665188491344448,0.0027846275976565827,0.0395443886518478,0.0506821162998676,0.0468978453427553,0.0009071324020623987
1.0,qlstm_paper,original_3,lorenz_1000,0.001,4.0,,16.0,1.0,64.0,231.0,9.653318602431683e-06,4.048778638707892e-06,4.053969860251527e-06,1.6580694136791863e-05,1.0096454388985876e-05,3.6531475871015573e-06,1.0712633320508758e-05,4.2623583833918675e-06,4.416942829266191e-06,1.6981070075416937e-05,1.1126970093755517e-05,4.4536714085552376e-06,0.00232437636004754,0.0004932877759265353,0.001491701346822,0.0030359446536749,0.0024503297172486,0.0005005300045013501,0.00242168341064821,0.000509908818310383,0.0015381759731099,0.0030992194078862,0.0025032965932041,0.0004725147737190498,0.9998979806900025,4.3042322894581616e-05,0.999826192855835,0.9999565482139589,0.9998930394649506,3.838539123524054e-05,0.9998872399330139,4.524833364842708e-05,0.9998189210891724,0.9999533891677856,0.9998816251754761,4.589557647705078e-05,2572.8,389.033880272657,2109.0,3542.0,2481.0,202.5,44699.939,6679.212498961909,36230.99,60343.06,42663.505,3051.5699999999997,0.02207464189967136,0.00934100003937017,0.0052851707441732,0.0394215499982237,0.0251011063344776,0.0052063534501940005,0.0253430529031902,0.011178292535453162,0.0065785343758761,0.0476525351405143,0.0272090276703238,0.007800018414854998,0.023150956165045443,0.00952339179097309,0.0058291396126151,0.0405003167688846,0.026397221721708698,0.00544524565339085
1.0,qlstm_paper,original_3,lorenz_1000,0.001,4.0,,4.0,1.0,64.0,231.0,9.217074375555966e-06,3.652696333294837e-06,4.363506832305575e-06,1.651056118134875e-05,9.01476551007363e-06,3.1538852454104922e-06,9.75275502241857e-06,3.5485230789910837e-06,4.959590114594903e-06,1.6985686670523137e-05,9.922167009790428e-06,2.707221938180737e-06,0.00231866590911517,0.00048600648602161855,0.0015871990472078,0.0030697786714881,0.00230534607544535,0.0003971050027758,0.0023745385929941696,0.0004429803113148986,0.0016760097350925,0.0030661062337458,0.00240445439703755,0.0003354251384734999,0.9999031543731689,3.837769739275028e-05,0.9998247623443604,0.999954640865326,0.9999040961265564,3.230571746837274e-05,0.9998969852924346,3.8547997499559645e-05,0.999817430973053,0.9999489188194276,0.9998953342437744,2.9027462005615234e-05,2773.8,279.80557535546,2270.0,3186.0,2760.5,222.5,12469.922999999999,3185.1518023982785,9104.07,21323.74,11750.994999999999,1094.8099999999995,0.025186833627521943,0.006768199696328754,0.0155241989530622,0.0370857851579785,0.02517249146476385,0.00468052309006455,0.028332795202732037,0.008868347229040554,0.0184284746646881,0.0450385622680187,0.025615157559513997,0.004409486427903149,0.025773032195866064,0.006875104022317928,0.0159649737179279,0.0382645055651664,0.025314248166978352,0.003881592303514451
1.0,qlstm_paper,original_3,lorenz_1000,0.001,4.0,,4.0,13.0,64.0,231.0,0.022112815082073172,0.0052417489347114515,0.0170089304447174,0.0363650470972061,0.02075830008834595,0.0009199082851409999,0.02362896949052807,0.005524756006977646,0.0191537402570247,0.0393540449440479,0.0220384262502193,0.0017676996067165999,0.11093680039048193,0.014512367540189614,0.0949783697724342,0.1497789174318313,0.1073951497673988,0.002812471240758896,0.11470007970929141,0.014623777046923928,0.1005455702543258,0.1550723612308502,0.1107007525861263,0.0053094327449798515,0.7413198828697205,0.0961343114193413,0.4667862057685852,0.8200575113296509,0.7690588235855103,0.012191593647003174,0.7122936844825745,0.08357637056882347,0.4743422865867615,0.779479444026947,0.7413713335990906,0.028230994939804077,3031.0,1032.6723584951812,706.0,4212.0,3166.5,853.0,15195.190000000002,7387.358274721756,2975.46,29097.01,14898.869999999999,4055.654999999999,0.04235699893906707,0.0017005363814339104,0.0378721702843904,0.0444395028054714,0.042817479558289004,0.00024894978851079663,0.051649615913629474,0.0022062985509376776,0.0459614507853984,0.0543622188270092,0.05248888395726675,0.0007720924913883521,0.04530316293239588,0.0022180911672013185,0.0396743677556514,0.047544278204441,0.04612326435744755,0.0007344242185354545
1.0,qlstm_paper,original_3,lorenz_1000,0.001,4.0,,4.0,25.0,64.0,231.0,0.03959099613130087,0.004551298330665668,0.0264190770685672,0.0427136123180389,0.0408518891781568,0.001122117042541549,0.042895066365599595,0.004782820115888421,0.028920579701662,0.0458010211586952,0.04451306164264675,0.0009695552289486035,0.1517578564584255,0.009304835959584654,0.1244218125939369,0.1572364419698715,0.15519376099109644,0.0009603202342987061,0.15899230986833568,0.009987085602369944,0.1296203732490539,0.1652918756008148,0.1622930690646171,0.0022132694721221924,0.3898567408323288,0.10857472697365277,0.3099763393402099,0.6980974674224854,0.3603670448064804,0.031133338809013394,0.3839333951473236,0.09600421920587564,0.3125009834766388,0.6478878855705261,0.34724181890487665,0.012628465890884427,763.8,671.238973838677,425.0,2767.0,561.5,67.5,3403.5409999999997,2750.422951632894,1854.81,11478.83,2481.265,281.77,0.041774856196716406,0.002930031581734628,0.0364079085178673,0.0471381306648254,0.04191850069910285,0.002095190621912501,0.05118992514908308,0.0025057321356150063,0.0473963059484958,0.0544419959187507,0.0518500935286283,0.0015986207872628992,0.045092901960015246,0.002304771390369215,0.0408033914864063,0.0482598058879375,0.04540627077221865,0.002008799463510503
1.0,qlstm_paper,original_3,lorenz_1000,0.001,4.0,,8.0,1.0,64.0,231.0,7.639504951839627e-06,2.7183013366898305e-06,3.4832576147891814e-06,1.1293357601971366e-05,6.907598844918539e-06,2.2556462226930307e-06,8.144198091031285e-06,2.9777009777666575e-06,3.95761117033544e-06,1.2184243132651318e-05,6.78354831507022e-06,2.0899910850857846e-06,0.00208940043812613,0.0004047369687447832,0.0014037670334801,0.0026353043504059,0.0020259671728126,0.00035944837145505005,0.0021482912474311403,0.0004254684436227664,0.0014570744242519,0.0027409130707383,0.00202011025976385,0.0003415697719901501,0.9999202370643616,2.99272280092102e-05,0.9998792409896852,0.9999642968177797,0.9999321401119232,2.4259090423583984e-05,0.9999149680137634,3.133060988222699e-05,0.9998719692230223,0.9999589323997498,0.9999293982982635,2.1606683731134613e-05,2808.7,343.08659256811535,2319.0,3510.0,2821.5,251.0,27898.831,8224.944654846558,20762.16,48012.88,24459.57,2683.135,0.019040769445709822,0.007289306155937523,0.0043017543386667,0.0310152301564812,0.01766521595418445,0.0024775465019047024,0.021366145741194435,0.008351689920592277,0.0050368541851639,0.0363533534109592,0.01985358539968725,0.00306758098304275,0.01986355739645655,0.007372839799511768,0.0047803395427763,0.032181791961193,0.01836648955941195,0.0025946502573787993
1.0,qlstm_paper,original_3,lorenz_1000,0.001,4.0,,8.0,13.0,64.0,231.0,0.020191022008657418,0.002190506997200993,0.0171446911990642,0.0238694585859775,0.02041785605251785,0.0020756162703036984,0.02149743083864445,0.0018880810231745393,0.0184366889297962,0.0243315603584051,0.0211945883929729,0.0015927068889140996,0.1055055774748325,0.005719172100017824,0.0966933667659759,0.1136535853147506,0.10622473061084745,0.005275491625070551,0.10861518532037731,0.005079935015283286,0.1005624383687973,0.1152329593896865,0.1092126183211803,0.0037473700940609048,0.778225177526474,0.0275428532943658,0.7363322973251343,0.8163975477218628,0.774855762720108,0.02668440341949463,0.7480573713779449,0.025667618280193864,0.714397668838501,0.7884923815727234,0.7539369165897369,0.024945378303527832,3304.6,872.2780749279441,1873.0,5127.0,3115.5,348.0,30546.504999999997,9467.319158929045,15750.86,47268.26,28543.08,5391.810000000001,0.040109253395348744,0.0019025264862138037,0.0367969024926424,0.0425616970285773,0.0407879082486033,0.0016201422549783975,0.04873610325157636,0.0029908813881527867,0.0443256646394729,0.0528619438409805,0.04955796338617795,0.0022735577076673508,0.04371550418436522,0.003143970172199203,0.0388056524097919,0.0474946238100528,0.0441567227244377,0.002606643363833351
1.0,qlstm_paper,original_3,lorenz_1000,0.001,4.0,,8.0,25.0,64.0,231.0,0.03197904191911218,0.007587462899530178,0.0231420248746871,0.04225679859519,0.02818042039871215,0.004776288755238101,0.034185515344142874,0.007584972750533998,0.0255394615232944,0.0441156215965747,0.03004590980708595,0.004266201518475999,0.1352658294141292,0.017082533660514345,0.1148907095193862,0.1565093100070953,0.12607089802622795,0.010685116052627654,0.14160709306597707,0.01617235120541724,0.1233442798256874,0.1634887605905532,0.1314335688948631,0.00789232179522515,0.5615001291036605,0.16231832748481817,0.3309566378593445,0.7302757501602173,0.6585352420806885,0.06972280144691467,0.5285197675228119,0.1386151143998411,0.320028156042099,0.679718554019928,0.6105742454528809,0.0646660327911377,1957.0,1298.3878465235264,447.0,4381.0,2362.0,1208.0,16691.402,10970.06128854511,3921.68,37225.55,19975.370000000003,10066.060000000001,0.04159847686067218,0.0020051043122162123,0.0382468568161129,0.0444828618317842,0.04128780616447325,0.0013239786960184477,0.04979871809482569,0.002891956122684396,0.0459318831562995,0.0541154034435749,0.04925426654517645,0.002325436100363752,0.04503950700163837,0.0027439929996274626,0.0405908189713954,0.0489895567297935,0.045124797150492654,0.0021041315048932994
1.0,qlstm_paper,original_3,lorenz_1000,0.001,4.0,,16.0,13.0,64.0,231.0,0.02485029492527241,0.004800498670052748,0.0207865703850984,0.0385789647698402,0.023650009185075697,0.0013641146942972998,0.02512300983071323,0.004633703484572608,0.0212456118315458,0.038155224174261,0.02345013245940205,0.0009700106456876009,0.1161679409444332,0.013812075893357423,0.1055616363883018,0.1555550545454025,0.11242880672216415,0.002940762788057348,0.11619798019528386,0.012566642523637017,0.1068079024553299,0.1513740718364715,0.1108032241463661,0.00204329565167425,0.7066503316164017,0.09724539187456355,0.4218294322490692,0.7676934003829956,0.7377773821353912,0.01580512523651123,0.6959451645612716,0.07793839795530343,0.4743990004062652,0.7515786290168762,0.7248696088790894,0.014904588460922241,2704.1,784.1010712911952,694.0,3292.0,3026.0,208.5,51105.19600000001,20736.465223910847,12286.53,99034.84,51884.065,3702.9299999999967,0.0419997433945536,0.001677048081083319,0.0383184706792235,0.043692598119378,0.04259725958108895,0.0006948316469788489,0.04985912591218946,0.0024682571474522134,0.043360136449337,0.0524404793977737,0.050361916422843905,0.0009693056344985997,0.0445692010223865,0.0026912962647466345,0.037996269762516,0.0482122972607612,0.0449948105961084,0.0010581184178590497
1.0,qlstm_paper,original_3,lorenz_1000,0.001,6.0,,16.0,25.0,64.0,345.0,0.015752137638628413,0.0026985861362371754,0.0126720052212476,0.0207771584391593,0.0154513833113014,0.0017758239991962988,0.017671051590392933,0.0028547345792650884,0.0143598848953843,0.0223671663552522,0.01765970978885885,0.0025759255513549007,0.09727875019113218,0.00797587788289251,0.0887289494276046,0.1106704398989677,0.09553090110421175,0.0064341574907302995,0.10269927854339278,0.00884076542946373,0.0921442136168479,0.1169076263904571,0.10334381461143491,0.007707685232162503,0.8292701343695322,0.032240488317118066,0.7654182314872742,0.8610526323318481,0.8335122168064117,0.01777920126914978,0.7956538498401642,0.040013082228511555,0.7258816957473755,0.8424544334411621,0.7990580201148987,0.03232279419898987,4413.0,1176.1142234777483,2720.0,6460.0,4226.5,680.5,118124.45666666668,30150.42721867617,73037.02,166080.13,111787.95000000001,20910.405,0.043176318484323954,0.0020482154045532333,0.0400856518083148,0.0453982378045717,0.04419134805599845,0.0007952323390377526,0.05030933146675421,0.002243805708419809,0.0468507818877697,0.0523895658552646,0.0512976944446563,0.0010397639125585487,0.047132693851987484,0.002710991143037959,0.0429829806089401,0.0494064539670944,0.04865856282413,0.0007464159280061965
1.0,qlstm_paper,original_3,lorenz_1000,0.001,6.0,,16.0,13.0,64.0,345.0,0.0332795204594731,0.007419261354701568,0.021504133939743,0.040389034897089,0.0382051523774862,0.0019732359796762466,0.03320209402590986,0.007466524216101648,0.0216191709041595,0.0400330275297164,0.038372011855244595,0.0015077870339155058,0.13920940607786178,0.02146340426904266,0.1064169704914093,0.1581145524978637,0.15471505373716354,0.0031819492578506053,0.13758820593357082,0.02019552486609137,0.1058327555656433,0.1551980227231979,0.1531085148453712,0.001756705343723311,0.5360232263803482,0.16078243333195064,0.3762670457363128,0.7682557106018066,0.43227918446063995,0.04854863882064825,0.5522842139005661,0.13484676528369394,0.4295763373374939,0.7608801126480103,0.46024931967258453,0.028949633240699796,1802.4,1335.2503285901112,536.0,3948.0,862.0,276.5,69005.23199999999,58455.37617261714,16045.57,167961.57,35547.545,18275.274999999998,0.04228725280612704,0.0019410150168058392,0.0390772894024848,0.0445936359465122,0.0429200656712055,0.0014174623414873987,0.050351139903068484,0.002781300742160417,0.0455580167472362,0.0532086379826068,0.0519885905086994,0.0009418874979018471,0.04556692987680431,0.0020134181504410996,0.0420940220355987,0.0478579215705394,0.0461362730711698,0.0012498125433922022
1.0,qlstm_paper,original_3,lorenz_1000,0.001,6.0,,8.0,25.0,64.0,345.0,0.03733442071825261,0.007162809262765292,0.0255330838263034,0.0434603802859783,0.0412915330380201,0.0015279706567525517,0.039283011108636814,0.007672341617362088,0.0267780423164367,0.0452588610351085,0.04385041631758205,0.0008248183876276537,0.14762582629919047,0.015406349189056881,0.1226820275187492,0.1602294296026229,0.1572120487689972,0.0013482198119163513,0.15234771370887754,0.01617259693600647,0.1245719641447067,0.1658662855625152,0.1616185903549194,0.0023802518844604492,0.43984624147415163,0.15909921808754598,0.2966078817844391,0.6938388347625732,0.35473325848579407,0.03998005390167236,0.4222104877233505,0.14619816153556095,0.3053000569343567,0.6568431854248047,0.3408490866422653,0.02796916663646698,1420.8,1315.5670868488614,503.0,3671.0,590.0,49.0,21357.616,18675.644246079544,7257.59,53204.17,8656.145,1153.1100000000006,0.042883759653195686,0.0016070668329788156,0.0386216029524803,0.0444560337811708,0.04350180588662615,0.00042616669088599984,0.05168687663972373,0.0024950769163572667,0.0449398905038833,0.0539857223629951,0.0526551343500614,0.0006188526749611005,0.04662323705852028,0.0021129525097682675,0.0410194844007492,0.0487151965498924,0.046816119924187646,0.0009886529296636998
1.0,qlstm_paper,original_3,lorenz_1000,0.001,6.0,,16.0,1.0,64.0,345.0,8.4853881617164e-06,3.880923222597515e-06,2.529092398617649e-06,1.5256627193593886e-05,7.546604592789663e-06,2.7961607429460864e-06,9.46731802287104e-06,4.400300159069029e-06,3.058248239540262e-06,1.7605125322006643e-05,8.440240208074101e-06,2.118041948051541e-06,0.0021347486763260695,0.0005162192346347749,0.0011542148422449,0.002918746555224,0.0021774612832814,0.00035379547625779997,0.00223438070388506,0.0005357981584363063,0.0012502394383773,0.0031419785227626,0.00211957434657955,0.0003239865181967499,0.9999106109142304,4.0833741389347877e-05,0.9998403787612916,0.9999749064445496,0.9999190866947174,2.8878450393621247e-05,0.999900472164154,4.6332794097157296e-05,0.9998166561126708,0.9999685287475586,0.9999103248119354,2.4378299713079254e-05,2505.4,303.2408943397971,1930.0,2953.0,2591.0,216.5,94252.142,32291.218471125798,56487.37,148165.58,78561.29000000001,10871.79,0.019689463593531346,0.007517238511880101,0.0055450204061344,0.0337894102558493,0.01919394554570315,0.002662182133644801,0.022522720275446717,0.008093832945298722,0.006921715568751,0.0383856147527694,0.02199415583163495,0.0019682589918375,0.020622887602075913,0.007616751574550388,0.0059006125666201,0.0348481573164463,0.0200166273862123,0.0030089421197772494
1.0,qlstm_paper,original_3,lorenz_1000,0.001,6.0,,8.0,13.0,64.0,345.0,0.030822408758103777,0.008835674966618528,0.0172084104269742,0.0390404909849166,0.03678731806576245,0.0018520206212997471,0.0323784483596682,0.009047890172278972,0.0184442903846502,0.0402293168008327,0.0391750112175941,0.0008212830871343509,0.13323146402835842,0.02467642461785525,0.0961346104741096,0.1553758531808853,0.1507705748081207,0.0037798434495925903,0.13539740219712257,0.0241234551940956,0.0992841720581054,0.1566285490989685,0.15255957841873163,0.00368428975343707,0.5734693020582199,0.1706911542529392,0.4086830914020538,0.8227694630622864,0.46093688905239105,0.04373081028461462,0.5695850789546967,0.1489131178440697,0.4420686662197113,0.7927125692367554,0.46153476834297175,0.018816426396369906,2091.9,1782.1356542081753,696.0,6238.0,889.0,171.5,38505.32400000001,33591.38917742438,10058.89,92909.42,12962.67,2513.2300000000005,0.040268372446298537,0.0013679040644323157,0.0390688728541135,0.04323699362576,0.0393988375551998,0.0002822714857757015,0.04961246438324446,0.0015639633412326296,0.0475583039224147,0.0526805929839611,0.0493764337152242,0.0013626702129840955,0.044050048291683165,0.0015673790931753952,0.0412573926150798,0.0468897446990013,0.0442597437649965,0.0010255780071020508
1.0,qlstm_paper,original_3,lorenz_1000,0.001,6.0,,8.0,1.0,64.0,345.0,7.918974915810395e-06,2.774649146968373e-06,2.761099040071713e-06,1.2400814739521591e-05,7.679522923353943e-06,1.7226748241228051e-06,8.721023982616316e-06,2.736349029525484e-06,3.44897875947936e-06,1.2677676750172395e-05,8.923725999920862e-06,2.122741989296628e-06,0.0021668042056262,0.0004459946760166275,0.0012520891614258,0.0029039215296506,0.0021133759291842,0.0002714534057304001,0.0022794614895246504,0.00041593636968939335,0.0014387568226084,0.0029604660812765,0.0022946713725104503,0.0003017415292561,0.9999170362949371,2.9337724040080956e-05,0.999868631362915,0.9999715089797974,0.9999194443225861,1.823902130121402e-05,0.9999080419540405,2.9472647171161274e-05,0.9998640418052672,0.9999653100967408,0.9999075829982758,2.2113323211725433e-05,2540.1,316.83353673498647,2188.0,3374.0,2521.0,96.0,42192.13,11453.926064016654,31912.59,68664.97,36147.54,3067.8350000000028,0.01992573842406268,0.004512678238294896,0.0130272314883768,0.0279895387589931,0.019398235110566,0.0024703168310224993,0.021792716812342353,0.0051024629698796274,0.014285453595221,0.0318676680326461,0.0217782696709036,0.00332377385348075,0.020694379042833992,0.004535691854392671,0.0140390796586871,0.028909683227539,0.0204128921031951,0.00279969815164805
1.0,qlstm_paper,original_3,lorenz_1000,0.001,6.0,,4.0,25.0,64.0,345.0,0.040814637765288306,0.0017231410849180137,0.0385873578488826,0.0429685078561306,0.04075713269412515,0.001950806006789249,0.04454800039529796,0.0008896599961140456,0.0432239770889282,0.0464019961655139,0.04454526305198665,0.0005119461566209516,0.1548944845795631,0.0028052749843768075,0.1507811844348907,0.1587758213281631,0.15462334454059595,0.0027075335383414945,0.16351039856672284,0.0017117651448118262,0.1607505232095718,0.1662155836820602,0.16335070133209226,0.0015417560935020586,0.364400127530098,0.054086233504521034,0.2942099869251251,0.4370690882205963,0.3649110794067383,0.057877153158187894,0.3618893831968307,0.051199052929461815,0.2898207604885101,0.4335685968399048,0.36080688238143915,0.054090589284896795,510.4,51.25660932991959,455.0,617.0,500.5,40.5,4245.451,1377.9008626925959,3231.76,7419.94,3734.61,480.49,0.04270770742557939,0.0021976610753590797,0.0390809219330549,0.0470668658614158,0.042348929122090304,0.0016259734053164533,0.05103732123970979,0.0026429029480755386,0.0457507111132144,0.0546195544302463,0.05138285458087915,0.0018966812640428508,0.04472055435180659,0.002834225111615171,0.0394962392747402,0.0483964905142784,0.0452436134219169,0.0017031300812959498
1.0,qlstm_paper,original_3,lorenz_1000,0.001,6.0,,4.0,1.0,64.0,345.0,7.2027537498797756e-06,2.172208129841314e-06,3.866176939482102e-06,1.0696886420191731e-05,7.127158824005164e-06,1.556164306748542e-06,8.117209836200345e-06,2.178225618569211e-06,4.916675152344396e-06,1.1869291483890264e-05,8.03699299467553e-06,1.8399116470391164e-06,0.0020298570161684697,0.0003285100937089488,0.0014330683043226,0.002547345822677,0.00202072493266305,0.0002595378900877999,0.00211811505723739,0.0003475735169584276,0.0015336233191192,0.0027391060721129,0.00208952836692325,0.0002785781980491999,0.9999238312244415,2.182388804327009e-05,0.9998891949653624,0.9999587535858154,0.9999244213104248,1.6748905181940277e-05,0.9999139904975891,2.259336841322045e-05,0.9998745918273926,0.9999470114707948,0.9999155700206757,1.8298625946155944e-05,2538.8,291.1675806129522,2106.0,3017.0,2511.0,285.5,21111.928999999996,7550.952517165566,14607.8,40001.13,17787.065,2005.4299999999994,0.01635175588075067,0.004741039854556029,0.0066485107410699,0.0214318377897143,0.01692039836198085,0.003477333672344698,0.01728379037231203,0.004393400648227001,0.007209206931293,0.0212183985859155,0.0182507513090968,0.0024854587391018503,0.016661556530743787,0.004669307106229534,0.0067677330225706,0.0216068662703037,0.01723680365830655,0.00347134098410605
1.0,qlstm_paper,original_3,lorenz_1000,0.001,6.0,,4.0,13.0,64.0,345.0,0.031567091494798624,0.00690782661681243,0.0234313886612653,0.0388594754040241,0.03396354801952835,0.004694299772381803,0.032930596917867636,0.007657403450232415,0.0240484364330768,0.041060347110033,0.03434106707572935,0.006668286398053152,0.13646304979920382,0.018333898311392094,0.1138837561011314,0.1548831909894943,0.14353767037391654,0.010953783988952706,0.13898410424590107,0.018918432316080692,0.1162754446268081,0.1585181057453155,0.14429952949285504,0.014162503182888003,0.5649858206510544,0.14572759719692402,0.4073712527751922,0.7343735098838806,0.524358719587326,0.112051397562027,0.5576703995466232,0.1307906025170071,0.415364146232605,0.7097558975219727,0.5358957201242447,0.11960580945014954,2175.3,1493.77040069751,648.0,4570.0,1806.0,1072.0,18612.816000000003,16151.997168337542,4556.0,59433.9,14837.535,8833.6,0.04284130714833732,0.0017058136998606655,0.0389896817505359,0.0451620310544967,0.04280971763655535,0.0012449332512915537,0.05212257690727706,0.0017540443797432117,0.0481595173478126,0.0539357028901577,0.0528108272701501,0.0010362789034843514,0.04545404464006418,0.0017134429777783686,0.0412140414118766,0.0469272434711456,0.04597901552915565,0.0008767154067755023
1.0,qlstm_paper,original_3,mackey_1000,0.001,4.0,,4.0,1.0,64.0,221.0,8.782301956670507e-05,1.8765629025790915e-05,4.477169568417594e-05,0.0001181657062261,9.2910006060265e-05,9.502709872301313e-06,0.00011470752106103152,2.766303303105541e-05,5.2898441936122254e-05,0.0001634649379411,0.00011661644384724999,1.5101952158142516e-05,0.007552652573212931,0.0008107478833415692,0.0055556115694344,0.0086562484502792,0.0078222970478236,0.0003854944370686999,0.00867361780256029,0.0010866178888694251,0.0060135833919048,0.0103199174627661,0.00884296512231225,0.0005087479948997498,0.9991577446460724,0.00018053138613644402,0.9988620281219482,0.9995763897895812,0.9991098344326019,9.226799011219367e-05,0.9991193056106568,0.000214125480308602,0.9987363815307616,0.9995927214622498,0.999106377363205,0.0001182854175568182,1843.0,339.4136119839627,1432.0,2702.0,1827.0,151.5,8872.579999999998,2682.994899428622,6023.68,14837.69,7753.345,969.0300000000002,0.00664488512091335,0.0035382636025430084,0.003261836967431,0.014881813339889,0.0048722019302658,0.0007687752484344,0.0072609964292496,0.00392287894455889,0.0036002406850457,0.0162056218832731,0.00532889249734575,0.0007710915524512499,0.0052490935195236895,0.002619303530391025,0.0027487971819937,0.0114709688350558,0.00399717397522175,0.0006076387362554498
1.0,qlstm_paper,original_3,mackey_1000,0.001,4.0,,4.0,70.0,64.0,221.0,0.03449352420866484,0.0009456457400691108,0.0334645621478557,0.0363176353275775,0.03422053717076775,0.0006320085376501014,0.027686930447816803,0.0018155936940833447,0.0249327328056097,0.0297548007220029,0.02853373065590855,0.0009984094649553004,0.13871772289276119,0.002979887970968786,0.1342060267925262,0.1441212296485901,0.13885305821895594,0.0021091923117637495,0.13218702599406237,0.005681241626119517,0.1222850680351257,0.1375544816255569,0.13583281636238095,0.001437187194824191,0.617798513174057,0.013629751340018738,0.5964154601097107,0.6330281496047974,0.6234807968139648,0.008386790752410889,0.7732841551303864,0.017731211892411104,0.7530800104141235,0.7992291450500488,0.7642752230167389,0.009377151727676392,2148.3,798.7229870236614,1236.0,3621.0,1850.5,525.5,9737.133,5933.421283777262,5392.92,26296.23,8452.675,2774.2700000000004,0.04309806867192185,0.0021550071714418716,0.0411349659164746,0.0471530962321493,0.04216389471871985,0.00078908116039305,0.039879615232348405,0.00407950234499291,0.0362059585750103,0.047505110502243,0.03759829513728615,0.0012219361960888013,0.04378427192568774,0.0005164271176517529,0.042886558920145,0.0446168854832649,0.0438971519470214,0.00047888606786729987
1.0,qlstm_paper,original_3,mackey_1000,0.001,4.0,,8.0,70.0,64.0,221.0,0.033832009136676756,0.0015937857173024532,0.0323766060173511,0.0370641350746154,0.032959721982479054,0.0005010329186916525,0.024459551833569963,0.0017046611319202257,0.0223797615617513,0.0267708636820316,0.02429117076098915,0.0016757501289248501,0.1395484879612922,0.003101418922303669,0.1334940046072006,0.144363597035408,0.13916337490081787,0.0018887966871262152,0.12697114422917363,0.00675611854932942,0.1191106364130973,0.1368098109960556,0.12611294165253634,0.006255954504013048,0.6316595792770385,0.018091166631079757,0.5980148911476135,0.6531039476394653,0.6354995369911194,0.009337097406387329,0.801119464635849,0.015517238308681201,0.7803400754928589,0.8209635615348816,0.8018658757209778,0.015264004468917847,1640.4,836.9529496931115,507.0,3043.0,1568.5,827.0,14888.072999999999,11290.92657671907,3942.8,44636.25,12274.48,6418.360000000001,0.03660777645806467,0.0042691054914489645,0.032475144498878,0.045945463495122,0.0345103981801205,0.0018794286168283998,0.03318656031042333,0.006076575944379592,0.0270330496132373,0.0473028644919395,0.03035817481577395,0.0025641014799476,0.039929327741265244,0.0018070932237340433,0.038075502961874,0.0438157506287097,0.0392897278070449,0.0011108722537756
1.0,qlstm_paper,original_3,mackey_1000,0.001,4.0,,4.0,140.0,64.0,221.0,0.04921220317482942,0.004103115840761661,0.0417249053716659,0.0527842864394187,0.0518821068108081,0.0007358863949776043,0.06163130477070805,0.007605026079216557,0.0474090538918972,0.0675102695822715,0.0664870142936706,0.0008537620306015015,0.18531704246997832,0.01314702386375388,0.1600763499736786,0.194689393043518,0.1939686089754104,0.000669121742248549,0.20351418554782863,0.014531956031016655,0.1752315163612365,0.2136255949735641,0.21178691089153284,0.0017822608351707597,0.15107601396739484,0.23071058009248352,-0.2113813161849975,0.4566415846347809,0.2168490812182426,0.20138841308653355,0.2787198580801487,0.2039647920487839,-0.1178595870733261,0.5932332873344421,0.26914821565151215,0.10629351437091829,1448.3,1576.8151476948717,408.0,5280.0,433.0,24.5,6059.407000000001,6359.417524960993,1540.06,19517.81,1625.88,76.18000000000018,0.05613707944737846,0.0049072681074786365,0.0516381730040949,0.0655102589064174,0.0550182668699158,0.0025167011707607004,0.06729069352149958,0.00027592096014567117,0.0666796043515205,0.0676925405859947,0.0673352181911468,0.00016512349247930352,0.05288013145327562,0.0005752453634864223,0.0521454215049743,0.0538040995597839,0.05288042500615115,0.000647367909550698
1.0,qlstm_paper,original_3,mackey_1000,0.001,4.0,,8.0,1.0,64.0,221.0,9.759569293234447e-05,2.786156863380777e-05,5.3479194320971146e-05,0.0001431186537956,0.00010250381092189142,1.9126346160158575e-05,0.00011902044134327479,3.5664509080717776e-05,6.215910980245098e-05,0.0001802238111849,0.0001169777642644,2.803489041979246e-05,0.008093116013333141,0.0011861691758395473,0.0061410944908857,0.0098743857815861,0.0084311510436236,0.0006713345646857998,0.00894172266125675,0.0013546723223568048,0.0065620164386928,0.0109924441203475,0.0090477145276963,0.00105577846989035,0.9990669906139373,0.00026911165235643026,0.9986136555671692,0.9994937777519226,0.9990228116512299,0.00017550587654108218,0.9990898668766022,0.0002747629546754989,0.9986141920089722,0.9995275139808656,0.9991096258163452,0.0002117156982421875,2205.3,520.9047993635689,1538.0,3353.0,2186.0,406.0,20481.064000000002,7300.533506890027,13015.54,38149.86,18379.835,3553.829999999999,0.008493572842562528,0.005373880361451111,0.0034658566117286,0.0220772244036197,0.007338405423797649,0.00302807068801485,0.00933833075687285,0.005529082898555902,0.0037897056899964,0.0228735990822315,0.0081328295636922,0.0032971925102174,0.006840066495351449,0.004051295284784882,0.0028015368152409,0.016754675656557,0.005847435677424051,0.0023927538422867504
1.0,qlstm_paper,original_3,mackey_1000,0.001,4.0,,16.0,1.0,64.0,221.0,9.684977885624429e-05,3.125701418116387e-05,4.3386800825828686e-05,0.0001397757150698,9.81681041594075e-05,2.7314883482145707e-05,0.00011749584555214784,3.802607028681015e-05,5.815845725010149e-05,0.0001736771373543,0.0001215513111674,3.3436474041049236e-05,0.007976601691916529,0.0014232840367972173,0.0052971416153013,0.0099209174513816,0.008111490169539999,0.0011241855099797002,0.00882623870857054,0.0015753774341492601,0.0060230251401662,0.0109562817960977,0.009074055589735501,0.00122079253196715,0.9990889132022858,0.0003076851889855956,0.998659372329712,0.9996311068534852,0.9990582168102264,0.00026553869247436523,0.9991003513336182,0.00028976116970084613,0.9986807107925416,0.9995556473731996,0.999066561460495,0.0002553761005401056,2197.1,256.32653003542185,1756.0,2574.0,2174.5,217.0,41291.867,9445.343801792553,31109.74,65889.53,39817.61,3945.540000000001,0.00703750025713811,0.002280593948655529,0.0029436434153467,0.0098163178190588,0.0080355648417025,0.0013563308515585999,0.007963134068995662,0.00260396986348996,0.0033436631783843,0.0113345477730035,0.008842517621815149,0.0012653218582272512,0.00585077879950398,0.001824471075857191,0.0025577507913112,0.0080944523215293,0.0064974373672157006,0.0009459294378757503
1.0,qlstm_paper,original_3,mackey_1000,0.001,4.0,,16.0,70.0,64.0,221.0,0.02899843631312247,0.008139625787456677,0.0117962658405303,0.0348718240857124,0.0334733538329601,0.0013548135757445977,0.02023505289107556,0.004862182152080604,0.0109102679416537,0.0244052167981863,0.0225069904699921,0.0018412033095956005,0.13032606393098828,0.021553947288581236,0.0841757282614708,0.146150916814804,0.14254113286733625,0.0034393668174743514,0.11528994813561436,0.014984584961233186,0.0847165882587432,0.1274850815534591,0.12326414510607715,0.003483455628156648,0.6912620544433594,0.09053238743555998,0.6258951425552368,0.8826842308044434,0.6448078751564026,0.018720954656600952,0.8339735567569733,0.04180304972149527,0.7946555614471436,0.9128818511962892,0.817137748003006,0.020461291074752808,2550.5,2012.185441255353,496.0,6139.0,1410.5,804.5,42644.846000000005,31390.174295483994,8196.02,100339.04,31661.775,21878.579999999998,0.0278827765025198,0.0028875797418498224,0.0260350869761572,0.0362058484719859,0.026631569800277498,0.0004884804495506982,0.026225499249994698,0.0027103858461252285,0.0245769899338483,0.0339820645749568,0.025104122236371,0.0004158746451139485,0.035052301362156826,0.0015647587006992838,0.0332365520298481,0.0388613827526569,0.0347044728696346,0.000836605206131949
1.0,qlstm_paper,original_3,mackey_1000,0.001,4.0,,16.0,140.0,64.0,221.0,0.035136869549751246,0.0013189352516739567,0.033160425722599,0.0376800037920475,0.0351255442947149,0.0011006258428097014,0.027101454697549304,0.000678900820251134,0.0261281616985797,0.0282144807279109,0.0271676182746887,0.0005857488140464003,0.14846937507390973,0.0028697940773354954,0.1442028433084488,0.152781143784523,0.1478326022624969,0.0025377273559570035,0.1352680504322052,0.0014759793477035687,0.1327151209115982,0.1369638592004776,0.13556061685085297,0.0011790096759795865,0.5980374455451966,0.015446618961690518,0.5647923946380615,0.6186540126800537,0.5978667438030243,0.010078012943267822,0.7702514290809631,0.008739809818618336,0.7548527121543884,0.7852746248245239,0.7704028189182281,0.0067022740840911865,1803.5,636.957494657218,1265.0,3409.0,1572.0,211.0,27254.007999999994,9170.877795316868,18251.36,49236.96,22636.465,3412.334999999999,0.058860264485701884,0.0002670912658206361,0.0583893074654042,0.0593241020105779,0.05888367327861485,0.00016583129763604945,0.0640265882015228,0.00078922857869022,0.062657743692398,0.0652760937809944,0.06426687538623806,0.00027828663587569497,0.05355147384107108,0.000626642816132876,0.0527253784239292,0.0552400089800357,0.05341283231973645,0.00023174285888669446
1.0,qlstm_paper,original_3,mackey_1000,0.001,4.0,,8.0,140.0,64.0,221.0,0.03603047765791411,0.0010623612266016243,0.0349117964506149,0.0383191555738449,0.03562974557280535,0.0004996117204427476,0.040158862248063046,0.0011203961837393357,0.037332896143198,0.0412361919879913,0.04044286720454685,0.0006092842668295011,0.15533368885517118,0.0015104493021789785,0.1536534130573272,0.1590210050344467,0.15493135154247278,0.0010247305035590987,0.16567346304655073,0.0020398785893428317,0.1617852598428726,0.1690581440925598,0.1662491261959076,0.0007508993148803433,0.5555055439472198,0.015546626039221625,0.5192867517471313,0.5713104605674744,0.5611707270145416,0.006116151809692383,0.6374214172363282,0.014818091036051244,0.6220024824142456,0.6756297945976257,0.6343252956867218,0.006520003080368042,1395.2,517.4900578755113,897.0,2629.0,1216.5,294.0,10771.633,5056.856409523707,6295.38,21550.71,8521.435,2028.8349999999996,0.05783430244773622,0.0010553811061626136,0.0552219124510884,0.0586293693631887,0.058252281276509096,0.00032014399766925467,0.0645831741392612,0.0017875960201023172,0.0605686791241169,0.0659659802913665,0.0654197409749031,0.0005441047251223893,0.05268246904015537,0.00038586673663500593,0.0518936179578304,0.0532210767269134,0.0527404341846704,0.00023730471730230157
1.0,qlstm_paper,original_3,mackey_1000,0.001,6.0,,16.0,140.0,64.0,331.0,0.03614044785499567,0.0005919092869372198,0.0353207103908062,0.0369311608374118,0.036330441012978554,0.000492716208100246,0.026366677507758098,0.0012227354637510904,0.0234410837292671,0.0276408903300762,0.0264910468831658,0.0009050155058502995,0.14916355460882186,0.0025263261467098172,0.1460299789905548,0.1544358134269714,0.1485246047377586,0.001152947545051547,0.13272062614560123,0.004201182085408662,0.1218905821442604,0.1375197470188141,0.13312935084104535,0.0022349655628204484,0.5864770948886872,0.0059049806538605185,0.5777259469032288,0.595781147480011,0.5853257179260254,0.005754441022872925,0.7774632334709167,0.014186044605838893,0.7627242803573608,0.8110352158546448,0.7770845592021942,0.010070770978927612,2197.6,1062.8801625771364,1117.0,5136.0,1876.0,304.5,55809.34900000001,24876.512755430354,27584.64,122367.44,49155.065,10650.434999999998,0.05859121712855988,0.0006865794933490831,0.056609870865941,0.0591037520207464,0.05875186668708915,0.00018484238535165093,0.06349106319248672,0.001200928403731087,0.0600001700222492,0.0643163844943046,0.06390501931309694,0.00023683905601500077,0.05375495962798591,0.00029515977350996075,0.053425908088684,0.0543819516897201,0.0536287650465965,0.00010727159678940168
1.0,qlstm_paper,original_3,mackey_1000,0.001,6.0,,16.0,1.0,64.0,331.0,9.927654100462648e-05,2.9993539413267738e-05,6.116234726505354e-05,0.0001640750997466,9.480741573497653e-05,2.453650085952506e-05,0.00011685120844044761,3.769856132298763e-05,6.652109004789963e-05,0.0002029350580414,0.0001109777585952,2.2204392735099053e-05,0.008021525945514382,0.0012002183484116729,0.006392600480467,0.0103974100202322,0.00794764561578625,0.0010328299831599001,0.00878736823797221,0.0014627797961544666,0.0067278807982802,0.0118241626769304,0.00871877931058405,0.0009473301470279997,0.9990610718727112,0.0002827423538489013,0.9984670281410216,0.999430775642395,0.9991010129451752,0.0002308487892151434,0.9991018593311309,0.00029109498178696655,0.9984370470046996,0.999492347240448,0.9991468191146851,0.00017091631889343262,2574.8,324.8488263792868,2149.0,2991.0,2598.5,345.0,81083.44,22387.432548291014,62378.22,144221.02,75202.23000000001,7884.485000000001,0.00864438356598835,0.003441020992325527,0.0036501541733741,0.0138283378444612,0.0075124329421668995,0.0017020310275256503,0.00968124791979785,0.0037753499790762262,0.0040363310836255,0.0154344579204916,0.0084842666983604,0.0020101908594369502,0.007274131337180681,0.002809156281239148,0.0031857476569712,0.0115355448797345,0.0063007061835378,0.00139940693043175
1.0,qlstm_paper,original_3,mackey_1000,0.001,6.0,,8.0,140.0,64.0,331.0,0.035725563392043094,0.001152316634546943,0.0342042334377765,0.0381103605031967,0.03559988550841805,0.0008658543229102984,0.040337864682078325,0.0017933939587751627,0.0362501591444015,0.0422065928578376,0.0408484786748886,0.0008674301207065027,0.15368646383285517,0.002208715070206271,0.1503413170576095,0.1583878248929977,0.15381541103124613,0.001405939459800734,0.16510588228702544,0.003073911699267646,0.1586429923772812,0.1678111106157302,0.16618356108665466,0.0013211145997047424,0.5605524837970733,0.01700226286451037,0.526634693145752,0.5818654298782349,0.5652137100696564,0.009745180606842041,0.6340974628925323,0.023212773526975407,0.6093037724494934,0.6879464387893677,0.6288082301616669,0.012422144412994385,1691.8,504.9892672126805,1095.0,2493.0,1463.0,306.0,21433.364,6865.944330891709,12970.04,32310.85,19100.355,5500.564999999999,0.05846751993522044,0.00015536714742411836,0.0581244388595223,0.058723805937916,0.0585045688785612,3.723171539605011e-05,0.06572899818420405,0.0004392198879401379,0.0647416785359382,0.0663224980235099,0.06585424393415445,0.0001937747001648435,0.05283804684877391,0.00021318965012611548,0.052605964243412,0.0533243082463741,0.05281223542988295,0.00014837458729744998
1.0,qlstm_paper,original_3,mackey_1000,0.001,6.0,,8.0,70.0,64.0,331.0,0.03454413078725332,0.001965225266250367,0.0317592024803161,0.0374346002936363,0.034413773566484396,0.0017527658492326528,0.025626054406166034,0.0017329341357873141,0.0221173707395792,0.0274483412504196,0.026150726713240098,0.0007501021027564985,0.1390275046229362,0.0028006616129444667,0.1341539770364761,0.1428767293691635,0.139925442636013,0.002421490848064395,0.13163347393274302,0.005795267563535887,0.1198368594050407,0.1367401927709579,0.13373739272356028,0.001213081181049347,0.6194714128971099,0.023805279158985115,0.5828240513801575,0.660080075263977,0.6194204688072205,0.017633676528930664,0.7908094167709351,0.015907516135811674,0.7753779888153076,0.8212217092514038,0.7855466604232788,0.007080018520355225,1249.1,786.7652063989611,553.0,2934.0,865.5,278.0,17987.113,11522.35804974316,7485.37,38140.14,11496.21,3583.059999999999,0.04069364064683513,0.007095881118725881,0.0332656548255019,0.051095534943872,0.036378890275955145,0.0026526966442664453,0.03879634290933605,0.010755443371243458,0.0283241849392652,0.0542848892509937,0.0319366659969091,0.0034654028713703,0.041990125179290724,0.0030416863517819357,0.0383003763854503,0.0466439239680767,0.040720047429203904,0.002035902813076952
1.0,qlstm_paper,original_3,mackey_1000,0.001,6.0,,8.0,1.0,64.0,331.0,0.0001098520126106101,3.1611800707274e-05,5.191468153498136e-05,0.000168315556948,0.00010751406080084999,2.0130020857350012e-05,0.000134027268359172,3.6621094827952735e-05,6.975176802370697e-05,0.00018754597113,0.00013166770077075,2.3990054614800006e-05,0.00843983693048352,0.0013050610567422957,0.0056892954744398,0.0105363866314291,0.00848522828891865,0.0007278383709490499,0.009414230799302408,0.0013971383988955557,0.0066494159400463,0.011348788626492,0.00938363326713435,0.0009405217133462498,0.9989506661891937,0.00029443524899448964,0.9984381794929504,0.999508798122406,0.998976469039917,0.00021716952323919125,0.9989744126796722,0.0002819775968697035,0.9985623955726624,0.9994762539863586,0.9989895820617676,0.00018224120140081235,2815.9,679.4289440405082,2090.0,4581.0,2825.5,269.5,44970.039000000004,23882.29998648097,29586.96,115163.06,39920.515,3875.2350000000006,0.00814996897941451,0.002363277527104669,0.0037822008132934,0.0114616500213742,0.0090170804178342,0.0013943853089586006,0.0089922773186117,0.002557000751351692,0.0042827031575143,0.0124866385012865,0.0103323119692504,0.0012847916223108994,0.006807672069407951,0.0019224569706711985,0.0032981317490339,0.0095993997529149,0.00760551146231585,0.0010070747230201999
1.0,qlstm_paper,original_3,mackey_1000,0.001,6.0,,4.0,140.0,64.0,331.0,0.049201745539903606,0.00461861271697572,0.0399949327111244,0.0526776872575283,0.0519079659134149,0.0005456153303384989,0.061324851214885664,0.008879442015123551,0.0452677197754383,0.0676001980900764,0.06692536920309061,0.00018280372023583846,0.18513694852590556,0.01417328479705701,0.159699335694313,0.1949560493230819,0.1941499039530754,0.0003922879695892473,0.20231419801712036,0.01682803775373033,0.1718789935111999,0.2138649076223373,0.21299506723880765,0.0006534382700919966,0.10904367864131928,0.2731807931287927,-0.2204844504594802,0.4762902855873108,0.0693318136036396,0.26185013353824604,0.28088709339499474,0.2256162519627718,-0.1383263617753982,0.6103978753089905,0.2093876153230667,0.0791966132819653,1506.2,1656.1162881875173,405.0,4270.0,433.5,26.5,11481.232999999998,14082.161834892431,2596.31,43250.1,2793.2250000000004,191.48000000000047,0.05608689555552293,0.00485951572482446,0.0514772085217474,0.0656202452050315,0.0550220655277371,0.0023884486355301507,0.06728892475366588,0.00029873993578149246,0.0667941868305206,0.0678217113018035,0.06725174188613886,0.00021247938275335831,0.05290034972131248,0.0005967594549532863,0.0519156418740749,0.0540678650140762,0.0528226606547832,0.00036014616489410053
1.0,qlstm_paper,original_3,mackey_1000,0.001,6.0,,4.0,70.0,64.0,331.0,0.034769395366311025,0.0009203655011596582,0.0338076911866664,0.0364763848483562,0.03441868722438805,0.0006103366613388027,0.02787203919142479,0.0015033294930361543,0.0247470811009407,0.0297465976327657,0.02762982808053485,0.0012915302067995002,0.14026331752538676,0.002437916804211309,0.1371939033269882,0.1456000804901123,0.14035276323556894,0.0013463199138641496,0.1326880648732185,0.004340952284949201,0.1226515471935272,0.1376326531171798,0.13372144103050232,0.0026081427931785445,0.6146663904190064,0.012629943724988964,0.5943360924720764,0.6313991546630859,0.6185734570026398,0.008961737155914307,0.7701848268508911,0.014440491251727151,0.7520965337753296,0.7989947199821472,0.7710932791233063,0.013527870178222656,2571.7,614.4272210766707,1644.0,3347.0,2715.0,584.0,17872.679999999997,6054.410583107161,10523.51,32024.7,18417.754999999997,3849.419999999999,0.04644811743249491,0.00447952240606799,0.0410787951615121,0.0575432177219125,0.045743518302010094,0.0026269211537307997,0.045216862112283665,0.007476342491347293,0.0365487858653068,0.0629452094435691,0.044945981353521305,0.004500234499573701,0.04524296000599857,0.0020480140363509786,0.0438645109534263,0.0511360019445419,0.044591907411813694,0.0006025433540344446
1.0,qlstm_paper,original_3,mackey_1000,0.001,6.0,,4.0,1.0,64.0,331.0,9.791170596143135e-05,1.5036432539397735e-05,7.289944187505171e-05,0.0001230112247867,0.00010080288848255348,8.910355973046519e-06,0.00012831824133169436,2.431445523390234e-05,9.05543492990546e-05,0.0001614337379578,0.00013405241043070002,1.6411213437099974e-05,0.007969952421262801,0.0006198268372961087,0.0068460702896118,0.0089526604861021,0.0080483905039727,0.0004539033398032006,0.00921008451841767,0.0008650080079518407,0.007798018399626,0.0104358196258544,0.009513797238469051,0.00044292723760004996,0.9990605473518371,0.0001514037648304781,0.9988165497779846,0.9993031620979308,0.9990270435810088,9.191036224348581e-05,0.9990184247493744,0.00018361280905063718,0.998762845993042,0.999303936958313,0.9989732801914214,0.00011366605758650339,2128.4,293.5521078105214,1681.0,2580.0,2126.5,249.5,15872.404999999999,2663.6031901777337,12122.64,21774.18,15606.91,1839.9250000000002,0.007906504271086242,0.004625197031748578,0.004327544895932,0.017597371712327,0.006122729019261849,0.0009722082875669,0.00856988066807384,0.0049770585556649,0.0045369556173682,0.0188226550817489,0.00672007538378235,0.0011327501852065,0.006348486640490531,0.003582732221518326,0.003545589512214,0.0138352336362004,0.0049909299705177,0.00070666475221515
1.0,qlstm_paper,original_3,mackey_1000,0.001,6.0,,16.0,70.0,64.0,331.0,0.030213201211558398,0.006349552735337069,0.0156194511801004,0.0346536114811897,0.034036286175251,0.0006173253059386999,0.020677458701862175,0.004253557119613052,0.0121007673442363,0.0243942718952894,0.0238909348845481,0.0005033370107412997,0.1337359100580215,0.01458033345441751,0.1008716449141502,0.1454073786735534,0.1427071094512939,0.0027002692222595215,0.1167884709106551,0.012270940171032588,0.0891010537743568,0.1266299784183502,0.1252008080482483,0.001429170370101901,0.6747436589664884,0.07223801069383134,0.6257349848747253,0.8424493670463562,0.6318483948707581,0.006113409996032715,0.8310615552796258,0.038166946041898075,0.7960848212242126,0.904979646205902,0.8027464747428894,0.006661653518676758,2773.3333333333335,2039.4631646587786,833.0,6119.0,1146.0,313.0,72525.99,52266.786031160045,22345.65,157145.64,30594.42,8248.769999999997,0.0366787552879548,0.00790907122720595,0.0264243297278881,0.0501165427267551,0.0354898135281271,0.005223219593366,0.035569686856534694,0.009678262309229071,0.0248184874653816,0.0528002604842186,0.0330575704574584,0.0050183776766060985,0.03893891059690047,0.003796863327536189,0.0345570370554924,0.0458343215286731,0.0386922173202037,0.0022576488554476998
