Version,Model,Ansatz,Data,Learning Rate,Number Qubits,Hidden Size,Sequence Length,Prediction Step,Batch Size,Num Parameters,MSE Testing Mean,MSE Testing Std,MSE Testing Min,MSE Testing Max,MSE Testing Median,MSE Testing Mad,MSE Validation Mean,MSE Validation Std,MSE Validation Min,MSE Validation Max,MSE Validation Median,MSE Validation Mad,MAE Testing Mean,MAE Testing Std,MAE Testing Min,MAE Testing Max,MAE Testing Median,MAE Testing Mad,MAE Validation Mean,MAE Validation Std,MAE Validation Min,MAE Validation Max,MAE Validation Median,MAE Validation Mad,Correlation Testing Mean,Correlation Testing Std,Correlation Testing Min,Correlation Testing Max,Correlation Testing Median,Correlation Testing Mad,Correlation Validation Mean,Correlation Validation Std,Correlation Validation Min,Correlation Validation Max,Correlation Validation Median,Correlation Validation Mad,Epochs to Convergance Mean,Epochs to Convergance Std,Epochs to Convergance Min,Epochs to Convergance Max,Epochs to Convergance Median,Epochs to Convergance Mad,Total Training Time Mean,Total Training Time Std,Total Training Time Min,Total Training Time Max,Total Training Time Median,Total Training Time Mad,Training Loss after 100 epochs Mean,Training Loss after 100 epochs Std,Training Loss after 100 epochs Min,Training Loss after 100 epochs Max,Training Loss after 100 epochs Median,Training Loss after 100 epochs Mad,Validation Loss after 100 epochs Mean,Validation Loss after 100 epochs Std,Validation Loss after 100 epochs Min,Validation Loss after 100 epochs Max,Validation Loss after 100 epochs Median,Validation Loss after 100 epochs Mad,Testing Loss after 100 epochs Mean,Testing Loss after 100 epochs Std,Testing Loss after 100 epochs Min,Testing Loss after 100 epochs Max,Testing Loss after 100 epochs Median,Testing Loss after 100 epochs Mad
1.0,qlstm_linear_enhanced_paper,original_1,henon_1000,0.001,6.0,8.0,4.0,1.0,64.0,380.0,4.278940739115771e-06,2.2596341866122503e-06,1.4482554888672894e-06,7.63484240451362e-06,3.64708785127732e-06,1.7632950175539013e-06,4.1307385648300015e-06,2.1421727899406804e-06,1.431073769708746e-06,7.4206391218467616e-06,3.47826039615029e-06,1.6934598079387797e-06,0.0015289029688573888,0.00042953761110819456,0.0009219976491294,0.0021964388433843,0.0013916158350184,0.00036518019624060005,0.0015180340528280667,0.00042610432627216425,0.0009234738536179,0.0022384710609912,0.0013708322076126,0.00038828852120789984,0.999973734219869,1.3880817128869403e-05,0.9999532103538512,0.9999912977218628,0.9999773502349854,1.1086463928222656e-05,0.9999743633800082,1.320357450010042e-05,0.9999535083770752,0.9999911785125732,0.999978482723236,1.0132789612038451e-05,2002.6666666666667,216.5692088507095,1707.0,2402.0,1996.0,168.0,6999.555555555556,1892.8771598173041,5110.07,10995.14,6262.81,760.75,0.027306935687859787,0.005155586494145231,0.0175727089866995,0.0342885976657271,0.0281572731211781,0.0030623868107796,0.025771387335326867,0.0047174715146438605,0.0167223066091537,0.0325029380619525,0.026167994365096,0.0026768352836369982,0.026856024232175556,0.00491887729600664,0.0175852812826633,0.0335759595036506,0.0275329984724521,0.002547450363636003
1.0,qlstm_linear_enhanced_paper,original_1,henon_1000,0.001,6.0,16.0,4.0,1.0,64.0,668.0,4.72040155727882e-06,2.4162925735979774e-06,1.1079716841777554e-06,8.837817404128145e-06,5.045367743150564e-06,1.5314669781218981e-06,4.3940657178609396e-06,2.2557337865253707e-06,1.068780306923145e-06,8.456445357296616e-06,4.459436922843452e-06,1.7783020211936673e-06,0.00155789606506,0.0004778995163150564,0.0008297965978272,0.0022656619548797,0.00163972273003305,0.00035210239002479997,0.00153790756594385,0.00047194026560518434,0.0008099781698547,0.0022783612366765,0.00159941829042505,0.00037346821045505004,0.9999709963798523,1.4869613631013917e-05,0.9999460577964784,0.999993622303009,0.9999689161777496,9.387731552013001e-06,0.9999727487564087,1.4165474901414213e-05,0.999947190284729,0.999993860721588,0.9999724328517914,1.1354684829711914e-05,1519.9,204.21775143214165,1200.0,1895.0,1514.5,135.5,5897.227000000001,1854.1562102533326,3561.03,8441.9,5129.795,1461.075,0.01907031566370274,0.006220625819714786,0.009152039187029,0.0343228185549378,0.0189479100517928,0.00263422909192745,0.01816103029996151,0.006158937386216329,0.0086375530809164,0.0335031189024448,0.0177098866552114,0.0028716446831822014,0.01942870654165741,0.006105875958450399,0.0095146177336573,0.0341988243162632,0.01921591535210605,0.0028340937569737504
1.0,qlstm_linear_enhanced_paper,original_1,henon_1000,0.001,6.0,32.0,4.0,1.0,64.0,1244.0,4.355016494628217e-06,1.3583606562692565e-06,1.9844123926304742e-06,5.793839591206051e-06,4.845063585889875e-06,7.233741143863881e-07,3.998257670900784e-06,1.2237207992160796e-06,1.896235744425212e-06,5.500371116795577e-06,4.3142724734934745e-06,8.558756690035807e-07,0.0015227854019030402,0.0002907753646661451,0.0010155405616387,0.0018670902354642,0.00160123052773995,0.00023082952247935004,0.0014873044914565502,0.0002655180024593764,0.001013028435409,0.0018028335180133,0.00158427131827915,0.00019763287855315004,0.999973326921463,8.368214051755247e-06,0.9999641180038452,0.9999877214431764,0.9999706745147704,4.88758087152652e-06,0.9999751567840576,7.640552929011398e-06,0.9999656677246094,0.9999880790710448,0.9999734461307526,5.692243575938782e-06,1304.7,190.7642786267911,1081.0,1724.0,1303.0,149.0,4304.175000000001,1666.1320524811354,3167.31,9175.93,3837.08,335.82000000000016,0.00950978304259473,0.003133845175803802,0.0056662942748516,0.0148579914122819,0.00890538005623965,0.002407968370243949,0.00918601560406382,0.0029452775849714186,0.0054709748364984,0.0140762804076075,0.008604999165981949,0.002211124170571549,0.01015788163058453,0.003311308631339816,0.0058937487192451,0.0155924446880817,0.0095092584379017,0.0024024774320424006
1.0,qlstm_linear_enhanced_paper,original_1,henon_1000,0.001,6.0,8.0,8.0,1.0,64.0,380.0,4.777231112029767e-06,3.2869959042522625e-06,1.7927070530276978e-06,1.0569821824901736e-05,3.3685658991089444e-06,9.680169341663714e-07,4.358599014153697e-06,2.7550796829202114e-06,1.8413994666843791e-06,9.137920642388052e-06,3.033019538634107e-06,9.401165357303394e-07,0.0015933034737826623,0.0005456044552583321,0.0010072083678096,0.0025349827483296,0.0014264481724239001,0.0002777888439595501,0.001536188050522425,0.00048550143324011593,0.001029702485539,0.0023585148155689,0.001333936699666,0.00024828565074125006,0.999970979988575,1.971586231115785e-05,0.999934732913971,0.9999892711639404,0.9999794363975524,5.99026680003778e-06,0.9999732971191406,1.6722422752986643e-05,0.99994295835495,0.9999889135360718,0.9999812245368958,6.16908073425293e-06,1868.0,122.86781515108015,1627.0,2063.0,1910.0,66.0,13545.26125,3717.6098067657576,9985.86,20311.46,11892.3,753.5100000000002,0.0335213671671226,0.00536902345119431,0.028384905681014,0.0458152148872613,0.0316515344195067,0.002278652694076299,0.03193020168691869,0.004820188293044695,0.0268613714724779,0.0427068024873733,0.03058707620948545,0.0018025850877165517,0.033010028069838854,0.004672456012648976,0.0280491579324007,0.0436069034039974,0.0317408591508865,0.001801509410142902
1.0,qlstm_linear_enhanced_paper,original_1,henon_1000,0.001,6.0,16.0,8.0,1.0,64.0,668.0,3.883943065829953e-06,2.0321951332235877e-06,1.11176370864996e-06,7.175678547355346e-06,3.5896257486456307e-06,2.110367631757981e-06,3.662493398337574e-06,1.8870138680006035e-06,1.0532093028814415e-06,6.6771681304089725e-06,3.3781986985559342e-06,1.8937147387987352e-06,0.001454881865356525,0.0004199270535273454,0.0008028037264011,0.002054821467027,0.0014788463013246,0.0003469780203886499,0.0014211891757440127,0.0003949876366917355,0.0007938237395137,0.0019565969705581,0.00145030079875135,0.00033758353674784997,0.9999767616391182,1.2336593417569735e-05,0.9999555945396424,0.999993085861206,0.9999786913394928,1.2099742889404297e-05,0.9999776557087898,1.1691646594203605e-05,0.9999582767486572,0.9999934434890748,0.9999797642230988,1.1026859283391754e-05,1491.25,158.07257035931312,1275.0,1724.0,1477.5,119.5,10966.02125,4281.387546288112,7640.27,18550.0,8989.49,876.0499999999997,0.019219282956328188,0.007612997305056357,0.0070394929498434,0.0278972355648875,0.0200227329973131,0.007395902089774599,0.018312596599571365,0.007173924676241963,0.0073973517864942,0.0266095791012048,0.01896856818348165,0.007073087617754948,0.019421681470703275,0.007429176250464383,0.0077327736653387,0.0279285050928592,0.0204230863600969,0.00703217554837465
1.0,qlstm_linear_enhanced_paper,original_1,henon_1000,0.001,6.0,32.0,8.0,1.0,64.0,1244.0,3.5292095693269707e-06,1.1004214254378425e-06,1.6534937685719342e-06,5.188313025428215e-06,3.6993794765294297e-06,4.130768047616584e-07,3.379600987803618e-06,1.0754118229736265e-06,1.6815450862850412e-06,4.938529400533298e-06,3.42233420269622e-06,2.5280587578890803e-07,0.0014343333508198002,0.00024566895664699615,0.0009789682226255,0.0018125023925676,0.001448804163374,7.474643643939991e-05,0.0014251350011262,0.0002565449254814576,0.0009938613511621,0.0018438391853123,0.0014245994389057,0.00011525512672960021,0.9999783568912082,6.81867436188636e-06,0.999968409538269,0.999990165233612,0.9999772310256958,2.9206275939941406e-06,0.9999791714880202,6.744146144703871e-06,0.9999695420265198,0.9999902248382568,0.9999790191650392,1.9073486329235223e-06,1244.0,66.01346663960148,1130.0,1341.0,1232.0,40.0,8826.501111111113,1884.4269421376678,7301.66,13463.58,8058.8,612.8299999999999,0.013451895166912788,0.008222701020480509,0.0035729420371353,0.0256969099864363,0.0123461664654314,0.007827676180750101,0.012829337217327567,0.007642106263830293,0.003529735840857,0.0242164470255374,0.0116525888442993,0.007413518615067001,0.013627312611788444,0.00815192904923892,0.0035845898091793,0.0257038418203592,0.0126865664497017,0.0078191263601184
1.0,qlstm_linear_enhanced_paper,original_1,henon_1000,0.001,6.0,8.0,16.0,1.0,64.0,380.0,3.484402043341106e-06,2.055855651704063e-06,5.65378741157474e-07,7.99873760115588e-06,3.7726990740338806e-06,3.780560291488655e-07,3.2907966998310358e-06,1.967799512143607e-06,5.082745815343515e-07,7.509756869694684e-06,3.4348761346336687e-06,5.945405519014457e-07,0.0013547880678540444,0.0004577241449399627,0.000571644923184,0.0022198585793375,0.0014435542980208,0.00010559463407850008,0.0013209194940928333,0.000450394958057758,0.0005527782486751,0.002151719527319,0.0014198139542713,0.0001028532860800999,0.9999786880281236,1.2736443549780641e-05,0.999950349330902,0.999996542930603,0.9999775886535645,2.920627594105163e-06,0.9999798668755425,1.224248958633624e-05,0.999953269958496,0.999997079372406,0.9999790787696838,3.874301910400391e-06,1810.4444444444443,208.0737642232309,1476.0,2163.0,1805.0,132.0,23486.967777777772,4507.942155610295,18388.01,34304.17,23494.71,2522.619999999999,0.03173475800496004,0.01246635727170267,0.0213332336395978,0.0648270849138498,0.0302545784041285,0.0041235778480767996,0.030796289237009118,0.012962094327412965,0.020261213183403,0.065261073410511,0.0282166879624128,0.005102520808577503,0.03187443978256643,0.012662598837220065,0.021751832216978,0.0657867193222045,0.0293666701763868,0.004593452438712099
1.0,qlstm_linear_enhanced_paper,original_1,henon_1000,0.001,6.0,16.0,16.0,1.0,64.0,668.0,4.1994356681445625e-06,2.6853154484248117e-06,8.36695107864216e-07,9.26025131775532e-06,2.8480542368924944e-06,2.0113591290282784e-06,3.885182227097377e-06,2.576443524661997e-06,7.244236144288152e-07,9.010469511849806e-06,2.460474661347689e-06,1.736051046918874e-06,0.001500386356686511,0.0005156464186786163,0.0006736014038324,0.0023227191995829,0.0013704750454053,0.00036833237390970015,0.0014481255461254443,0.0005079991245463541,0.0006490887026302,0.0023002629168331,0.0012495779665187,0.00043548981193450016,0.9999746812714471,1.623810080836894e-05,0.9999436736106871,0.9999948740005492,0.999983012676239,1.1861324310191712e-05,0.9999764098061455,1.5699605908706807e-05,0.9999447464942932,0.999995768070221,0.9999851584434508,1.0609626770130554e-05,1443.111111111111,153.01666172489877,1227.0,1661.0,1436.0,143.0,20470.93222222222,5138.603173543431,15088.26,30836.84,19584.13,2363.16,0.022636001029362224,0.008869359895841686,0.0140573274344205,0.0454205892980098,0.0206794422119855,0.0018520009703934005,0.021810870824588602,0.009573466982210697,0.0131145427003502,0.0466277711093425,0.0189217682927846,0.0027085989713668997,0.023020640119082357,0.009165804777685412,0.0144379772245883,0.0464141964912414,0.0203959476202726,0.002598918974399598
1.0,qlstm_linear_enhanced_paper,original_1,henon_1000,0.001,6.0,32.0,16.0,1.0,64.0,1244.0,3.0929796568873117e-06,1.9012408603788201e-06,1.086833890440175e-06,7.126985110517126e-06,2.27678106057283e-06,5.973751058263588e-07,2.9732481152677792e-06,1.781730036744438e-06,1.0113669759448385e-06,6.446795850933995e-06,2.370993115619058e-06,7.495268619095441e-07,0.0012899312617566999,0.0003669404900521203,0.0007881194469518,0.0019472429994493,0.0011758833425119,0.0001518661156296999,0.0012766993475249557,0.0003719772731709933,0.000788090575952,0.0019170854939147,0.0011814465979114,0.00014312053099270017,0.9999818073378669,1.1553355115343735e-05,0.9999564290046692,0.9999937415122986,0.9999874234199524,2.7418136595569464e-06,0.9999824033843147,1.0936862309187747e-05,0.9999606013298036,0.9999940395355223,0.9999870657920836,4.231929779163757e-06,1224.7777777777778,110.0573363476993,1087.0,1449.0,1172.0,85.0,17627.25222222222,4033.5157352661345,13879.37,25123.64,15795.18,1390.4700000000012,0.01549722015754212,0.007051077550534658,0.0060685208532959,0.0270057874731719,0.0138938074000179,0.005711722327396199,0.014743651470376345,0.006942691717414848,0.0055417930707335,0.0269987937062978,0.0135618261992931,0.0056879138574004,0.015820033382624336,0.007365924590548099,0.0057354136370122,0.0284277237951755,0.0149250449612736,0.006614048033952701
1.0,qlstm_linear_enhanced_paper,original_2,henon_1000,0.001,6.0,8.0,4.0,1.0,64.0,452.0,2.6032128711709187e-06,1.7124454246232309e-06,6.325184358502156e-07,6.295091225183569e-06,2.347938561797492e-06,8.620618245913639e-07,2.5589658077608746e-06,1.8385863502147926e-06,5.351489562599454e-07,6.607993327634176e-06,2.2837082269688835e-06,7.617463779752143e-07,0.0011904498928093,0.00042103957285622546,0.0005700756446458,0.0020147403702139,0.0011893028859049,0.00019462010823189995,0.0011629300840597715,0.00044534876091746666,0.0005447375006042,0.0020608443301171,0.0011543423170223,0.00022574147442349995,0.9999843920980181,1.0317603047059518e-05,0.9999620914459229,0.9999961256980896,0.9999855160713196,4.947185516357422e-06,0.9999843750681195,1.1235319856486442e-05,0.9999595284461976,0.9999967217445374,0.999985694885254,5.00679016102179e-06,1740.4285714285713,138.10333309607302,1534.0,1960.0,1800.0,151.0,8068.647142857143,1431.6109313807924,6597.01,11292.7,7939.28,284.3699999999999,0.023246545530855617,0.005091778361279676,0.0175656730309128,0.034512479417026,0.0224665062502026,0.0023365823552011986,0.021998803530420528,0.00473623286037913,0.0164583995938301,0.0323624685406684,0.0214250702410936,0.0021113734692335025,0.023266965523362132,0.004635062289454113,0.0179613996297121,0.0333356149494648,0.0227877777069807,0.0022124741226434985
1.0,qlstm_linear_enhanced_paper,original_2,henon_1000,0.001,6.0,16.0,4.0,1.0,64.0,740.0,3.4918450511314504e-06,1.2128980399162438e-06,1.214441795127641e-06,5.334698926162673e-06,3.96320274376194e-06,7.612961780978367e-07,3.3168268297837735e-06,1.1436801275000283e-06,1.1909028216905426e-06,5.014408088754863e-06,3.656022045106511e-06,1.0239182302029808e-06,0.0013886220145245777,0.0002640256489949628,0.0008262560586445,0.0017013846663758,0.0014921709662303,9.469082579010007e-05,0.0013693772683230111,0.0002614428672776779,0.0008155458490364,0.0016530285356566,0.001480073435232,0.00012395204976200017,0.999978760878245,7.465215720234454e-06,0.9999667406082152,0.9999926686286926,0.999976396560669,5.066394805908203e-06,0.9999794032838609,7.113548543937953e-06,0.9999684691429138,0.999992609024048,0.9999777674674988,5.900859832874694e-06,1434.3333333333333,155.32117262841751,1107.0,1622.0,1440.0,112.0,7983.177777777777,1945.6251981862497,5528.69,10777.98,6855.31,1326.6200000000008,0.01226471830288771,0.007595044771988728,0.0018062634975649,0.0285347936674952,0.0105789140798151,0.002645608689636,0.011576850407032454,0.007053600804919441,0.0017288553062826,0.02613415569067,0.0100509319454431,0.0025981301441788994,0.012440220853831155,0.0074351625220159916,0.0018347421428188,0.0275725815445184,0.0109959561377763,0.0028192652389407
1.0,qlstm_linear_enhanced_paper,original_2,henon_1000,0.001,6.0,32.0,4.0,1.0,64.0,1316.0,3.8947498199247225e-06,2.813913695798919e-06,1.6918272649490973e-06,1.0475486305949744e-05,3.3999890547420364e-06,1.2927271200169344e-06,3.468772969686792e-06,2.3092330032393595e-06,1.5456282653758535e-06,8.83759912539972e-06,2.8569588721438777e-06,7.406761142192408e-07,0.0014002940983378145,0.00043416268602869976,0.0009752413025125,0.0023636121768504,0.0013578397920355,0.0002567598130554,0.0013704327367511859,0.00042308545352155394,0.0009867396438494,0.0023192677181214,0.0013137789210304,0.00022976787295190008,0.9999766860689435,1.760984558243094e-05,0.999935269355774,0.9999896287918092,0.9999819397926332,6.3776969911888415e-06,0.9999788658959525,1.4586458507371924e-05,0.999944806098938,0.9999902248382568,0.9999839067459106,5.364418029785156e-06,1285.5714285714287,56.07611445388221,1216.0,1357.0,1265.0,49.0,5949.682857142858,957.8706599642815,5222.5,8259.92,5679.51,142.47000000000025,0.006592210455398428,0.003745805957026397,0.0017785520292818,0.0132466237992048,0.0060085303615778,0.0032906520878895995,0.006157795915247029,0.0035221743082240325,0.0015741585521027,0.0125418426468968,0.0055971792899072,0.0029276113491505996,0.006738218312550814,0.003828143525855647,0.0018421134445816,0.0135591076686978,0.0061600105836987,0.0033710557036102
1.0,qlstm_linear_enhanced_paper,original_2,henon_1000,0.001,6.0,8.0,8.0,1.0,64.0,452.0,3.345437377788585e-06,1.593821234447519e-06,5.241676035439014e-07,5.665397111442871e-06,3.288494099251693e-06,8.862447202773183e-07,3.1411158332161904e-06,1.4704098403723543e-06,5.432312377706694e-07,5.355120265448932e-06,3.1689628485764842e-06,1.0114824817719636e-06,0.0013609615780296124,0.0003829308302138589,0.0005430336459539,0.001823637750931,0.00143932231003415,0.00025498500326650013,0.0013204006027080625,0.00036716282555947254,0.0005430852179415,0.0017708842642605,0.00142813823185855,0.0002687177038751499,0.9999795183539391,9.838555858501014e-06,0.999965250492096,0.9999968409538268,0.9999802112579346,5.096197128240387e-06,0.9999806210398674,9.229747848509328e-06,0.9999665021896362,0.9999966025352478,0.9999807178974152,6.109476089477539e-06,1694.5,89.34623663031364,1581.0,1840.0,1701.5,88.0,14794.7875,894.9590058174455,13858.24,16228.28,14670.72,794.6399999999994,0.01762460113968696,0.007088417236290676,0.0063435294199734,0.0273745127022266,0.01862696222960945,0.0053681795950979,0.016617164539638848,0.006543846667159463,0.006120610050857,0.0251018647104501,0.01776921469718215,0.0047555966302752495,0.01767132751410821,0.006842560491978852,0.0065493187867105,0.0263372473418712,0.019041615538299,0.0048660766333341494
1.0,qlstm_linear_enhanced_paper,original_2,henon_1000,0.001,6.0,16.0,8.0,1.0,64.0,740.0,3.841377368492734e-06,1.467352036875378e-06,2.182957132390584e-06,7.048079623928061e-06,3.262799964431906e-06,1.0545709301368342e-06,3.6213090829227845e-06,1.3151459823500502e-06,1.9923570562241366e-06,6.448912699852372e-06,3.310612100904109e-06,1.0064627531392034e-06,0.0015137666422459445,0.0002633304463053952,0.0011387701379135,0.001898696529679,0.0014630986843258,0.0002481522969902,0.0014630219536936556,0.00025534645193643916,0.001078090746887,0.0018307155696675,0.0014396324986591,0.00024642469361429997,0.9999765753746033,9.337342349649313e-06,0.9999562501907348,0.9999868869781494,0.9999803900718688,6.4969062806286004e-06,0.9999776350127326,8.359574876227318e-06,0.9999597668647766,0.9999879598617554,0.9999796748161316,6.4373016357421875e-06,1403.4444444444443,186.086665061149,1036.0,1643.0,1410.0,149.0,14303.292222222222,3327.6706538083495,9376.71,20044.04,13617.53,1199.2700000000004,0.011695687841468745,0.006963226202344447,0.0020564847975037,0.0247495159506797,0.0137137595564126,0.0032758996821939997,0.011165348709457412,0.00647192582023498,0.0019144082907587,0.0227629821747541,0.0131212100386619,0.0028692949563265003,0.0120277295613454,0.0069408457503495075,0.0020687337964773,0.0242361854761838,0.0143610751256346,0.003021557815373001
1.0,qlstm_linear_enhanced_paper,original_2,henon_1000,0.001,6.0,32.0,8.0,1.0,64.0,1316.0,3.216021980279038e-06,1.12735767435442e-06,1.8174663409809e-06,5.07101503899321e-06,3.1302944307753933e-06,1.0550990054980502e-06,3.103627977907308e-06,1.1130157860135092e-06,1.582732352289895e-06,4.50604375146213e-06,2.9830617904735846e-06,1.2234514201736606e-06,0.0013773630256764,0.0002706206835007213,0.0010020743357017,0.0017669284716248,0.0013499498018063,0.00028679479146374994,0.0013656752649694199,0.00027664251475501987,0.000963399419561,0.0017028658185154,0.00133154116338115,0.00029895309126005,0.9999807178974152,6.680468271444998e-06,0.999969482421875,0.999988853931427,0.9999811053276062,6.407499313298981e-06,0.999981266260147,6.538553463454591e-06,0.9999731183052064,0.9999902248382568,0.999981701374054,7.152557372991364e-06,1160.5,122.67375432422374,947.0,1350.0,1193.0,80.5,11107.821,3120.7189655572956,8530.73,19955.28,10541.57,1101.8450000000003,0.00564032772963396,0.005080685482612472,0.0010661762498784,0.0181845128536224,0.00384324553888285,0.0020894679881166504,0.005300416966201681,0.004566893305208065,0.0009661331423558,0.0163041427731513,0.00380696344655,0.00214609201066195,0.005745896010193921,0.004963276642841379,0.0011294307187199,0.017703540623188,0.00399430340621615,0.0021902246517129503
1.0,qlstm_linear_enhanced_paper,original_2,henon_1000,0.001,6.0,8.0,16.0,1.0,64.0,452.0,2.804198084049858e-06,9.741214664108182e-07,1.296420236940321e-06,4.277968855603831e-06,2.730133360273612e-06,7.886554840297315e-07,2.6228317437926307e-06,9.441247349840286e-07,1.182917571895814e-06,4.174289642833173e-06,2.4875560029613553e-06,8.364195309695788e-07,0.00128888194449239,0.00025249164419098997,0.0009095361456274,0.0016716055106371,0.00126313412329175,0.00020742911146955003,0.0012552525324280802,0.00025905640617357375,0.0008748695836402,0.0016897286986932,0.0012152363779023,0.00022973923478275006,0.9999828696250915,5.961370399334567e-06,0.9999735951423644,0.9999922513961792,0.9999832510948181,4.589557647705078e-06,0.9999839425086975,5.845097815471265e-06,0.999974489212036,0.9999927282333374,0.9999847412109375,5.155801773071289e-06,1635.0,202.80335302948026,1207.0,1868.0,1645.0,166.0,32495.454999999998,8687.107286733888,21101.67,52346.51,31502.09,4091.465,0.01765409705694761,0.010961112191074188,0.003884868370369,0.0384765390306711,0.017952761426568,0.009671231918036951,0.016671548062004098,0.010499742444828132,0.0035735310520976,0.037306971848011,0.016518254764378,0.00919651170261205,0.01751287123188372,0.010658620355459985,0.0037682563997805,0.0376896485686302,0.01796830119565125,0.0094064527656883
1.0,qlstm_linear_enhanced_paper,original_2,henon_1000,0.001,6.0,16.0,16.0,1.0,64.0,740.0,3.1050944784283274e-06,8.459379859187374e-07,1.463201556362037e-06,4.41175643572933e-06,3.0447890821960755e-06,3.13744408231287e-07,3.0029423641053654e-06,8.307243774165896e-07,1.1932162351513398e-06,4.157268449489493e-06,3.0552525913662976e-06,3.9320116229646395e-07,0.001344439646345525,0.00021394272886723778,0.0008764640660956,0.0016050873091444,0.0013821598840877,0.00012490537483244993,0.0013327948545338,0.00022148561946497546,0.0008260254980996,0.0016438009915873,0.0013757130946032,9.662436787040006e-05,0.999981015920639,5.1331850908521365e-06,0.9999734163284302,0.9999911189079284,0.9999812543392181,1.9669532775878906e-06,0.9999814331531525,5.2096130346111535e-06,0.9999741315841676,0.9999929666519164,0.9999810457229614,2.2053718568004754e-06,1360.25,110.38087470209683,1235.0,1590.0,1362.0,88.0,29270.6875,6510.053973633303,22291.67,42417.86,26539.46,3563.7199999999993,0.014452365174656675,0.006855041543357884,0.0073725458700209,0.0300067858770489,0.0127950921887531,0.003499214909970699,0.013774648308753926,0.00674209487246915,0.0071656433865427,0.0297099947929382,0.012046330142766199,0.00301604019477965,0.014760552498046262,0.006910986034266233,0.0075951875187456,0.0307493042200803,0.0130286635830998,0.0032465332187712496
1.0,qlstm_linear_enhanced_paper,original_2,henon_1000,0.001,6.0,32.0,16.0,1.0,64.0,1316.0,3.807718229609236e-06,1.4386184323280315e-06,2.281739625686896e-06,7.153287242545048e-06,3.4841780234273747e-06,7.72410544414015e-07,3.549103354316685e-06,1.4326796180079257e-06,2.0833151666010963e-06,6.907877377670957e-06,3.2818758199937292e-06,6.604169584534247e-07,0.0015008069458417126,0.00030934764606798293,0.0011553410440683,0.0021913959644734,0.00148662156425415,0.00015727471327410005,0.0014626296615460376,0.00031613376577244764,0.0010966836707666,0.0021782161202281,0.00146483164280645,0.00012013729428875003,0.9999769181013107,9.159051790205726e-06,0.999955713748932,0.9999876618385316,0.9999787509441376,4.410743713378906e-06,0.9999783039093018,9.0834036834843e-06,0.9999571442604064,0.9999886751174928,0.9999796748161316,3.725290298406403e-06,1131.5,85.01911549763382,930.0,1191.0,1179.5,7.0,24453.54,6206.5261569476215,16995.42,32776.68,21125.09,3060.0150000000012,0.006631438152544375,0.004436440917307864,0.0008961017301771,0.0156635963357985,0.0063805397250689,0.0028888366301543997,0.006385528176906462,0.004097895685595948,0.000903864740394,0.0144698489457368,0.0062738375272601,0.0025557093322277,0.0069588051701429746,0.00455810304578741,0.0009951416868716,0.0162145663052797,0.0066497386433183505,0.00271386303938925
1.0,qlstm_linear_enhanced_paper,original_3,henon_1000,0.001,6.0,8.0,4.0,1.0,64.0,524.0,2.8586734401869762e-06,1.4516740261434461e-06,1.2164205145381857e-06,5.388047611631919e-06,2.8087923737984966e-06,1.2560867048705404e-06,2.775793245746172e-06,1.3755776122153699e-06,1.1935176189581398e-06,5.0394296522426885e-06,2.6662713707992225e-06,1.1989184258709429e-06,0.0012290164420846398,0.0002885085645428924,0.0008391853771172,0.0016713995719328,0.00125538720749315,0.00027517552371135,0.00122046577162106,0.0002776677382109057,0.0008565275929868,0.0016410659300163,0.0012394793448038,0.0002576916886028,0.9999826133251191,8.805082910167687e-06,0.9999668598175048,0.9999925494194032,0.9999825954437256,7.838010787908356e-06,0.9999828636646271,8.53830035006853e-06,0.9999685883522034,0.999992609024048,0.9999835789203644,6.794929504394531e-06,1632.3,151.8190040805169,1428.0,1914.0,1629.5,100.5,12134.113000000001,3833.4311660705475,8342.13,19343.43,10011.79,1393.6400000000012,0.01380623129662121,0.005691269526310743,0.0052525967825204,0.0232069112360477,0.01147008226253085,0.005198694928549201,0.013179782778024621,0.005407364264266548,0.0050024697557091,0.0216529574245214,0.0111686647869646,0.005191179458051949,0.014295150944963036,0.005805895705577319,0.0053791212849318,0.0233567953109741,0.0122539945878088,0.0057775189634413
1.0,qlstm_linear_enhanced_paper,original_3,henon_1000,0.001,6.0,16.0,4.0,1.0,64.0,812.0,2.1859167228891843e-06,1.0110731299045547e-06,9.342605267192994e-07,4.0616191654407885e-06,1.88303681625257e-06,8.145706260620502e-07,2.0669092211594234e-06,9.270089528608521e-07,9.058007890416776e-07,3.660895345092285e-06,1.8367775282968068e-06,8.061829248617869e-07,0.0011079349076478335,0.0002779790672681121,0.0007113051833584,0.0015777123626321,0.0010376651771366,0.00018779980018740006,0.0010827396698813111,0.00026842784223828753,0.0006943690241314,0.0015543525805696,0.0010187182342633,0.00020664383191620005,0.999986833996243,5.981385050565591e-06,0.9999765157699584,0.9999942183494568,0.9999885559082032,5.24520874045642e-06,0.9999874499109056,5.712801857815196e-06,0.999978005886078,0.9999946355819702,0.9999889135360718,5.4836273193359375e-06,1490.6666666666667,163.94240180963286,1326.0,1803.0,1421.0,72.0,9892.621111111112,3489.4893938430605,7443.53,18338.66,7981.66,521.6499999999996,0.009795615930731045,0.005062291209308194,0.001731824572198,0.0193834189325571,0.0095096588134765,0.0035760509781539995,0.009332466676520768,0.0046916679105739895,0.0016437262529507,0.0182203408330678,0.0094370367005467,0.0030155787244438995,0.01016990355371182,0.005075178038182196,0.0017995211528614,0.0195753760635852,0.0103262923657894,0.0033881659619510998
1.0,qlstm_linear_enhanced_paper,original_3,henon_1000,0.001,6.0,32.0,4.0,1.0,64.0,1388.0,3.216302502551116e-06,7.134937413930266e-07,2.172575250369846e-06,4.409430857776897e-06,3.4008385227934923e-06,6.235453611225239e-07,3.0014125229627098e-06,6.929072526934966e-07,2.060030510619981e-06,4.167873157712165e-06,3.0555646617358434e-06,6.357836355164181e-07,0.0013588701112893875,0.00019564647502925197,0.0010480547789484,0.001602298929356,0.0014283130294643,0.00015068927314130002,0.001347930490737725,0.000186292463983135,0.0010331551311537,0.0015885332832112,0.001398159074597,0.00015109061496334998,0.9999807924032211,4.1720856444588024e-06,0.999975323677063,0.9999866485595704,0.9999792873859406,3.2186508178710938e-06,0.9999817982316017,3.958881266520679e-06,0.999976396560669,0.9999870657920836,0.9999811947345734,4.32133674621582e-06,1181.75,123.42887628103887,951.0,1305.0,1224.5,63.5,8717.901249999999,3022.3735368474786,5363.22,13201.48,7245.0599999999995,1729.0599999999995,0.004590855973947275,0.0022492883945881476,0.0007568823057226,0.0081517247483134,0.0046568459598347,0.0015986545477062503,0.004287750438379525,0.0021350006340005805,0.0007173237972892,0.0078031155280768,0.0041616945527493,0.00134872330818325,0.004700537720054788,0.0023436546657543585,0.0007560465601272,0.0086363209411501,0.00464459951035675,0.0014690788229928
1.0,qlstm_linear_enhanced_paper,original_3,henon_1000,0.001,6.0,8.0,8.0,1.0,64.0,524.0,2.749526244214293e-06,1.6668979833299167e-06,9.154858275906008e-07,6.681283139187144e-06,2.284458560097846e-06,9.290401976613794e-07,2.582002000255872e-06,1.522891428603961e-06,8.825119266475667e-07,6.080731054680655e-06,2.078178113151808e-06,8.714038131074637e-07,0.0011898199510242888,0.00036887929645391135,0.0007001467747613,0.0020269358064979,0.0011116876266896,0.0002057988895103999,0.0011656700517050553,0.00035563278192118116,0.0007049970445223,0.001972563797608,0.0010399200255051,0.00022189156152309993,0.9999835557407803,1.0361552937391557e-05,0.999958634376526,0.999994456768036,0.9999860525131226,4.708766937366882e-06,0.9999844431877136,9.561092036157065e-06,0.9999619722366332,0.9999947547912598,0.999987244606018,5.245208740123353e-06,1686.6666666666667,188.76440342395068,1268.0,1962.0,1667.0,127.0,21888.593333333334,5312.512242966284,14350.68,31156.03,20578.99,2130.0600000000013,0.019896648115374935,0.008227103810256582,0.009797711065039,0.0366649724543094,0.0164037440903484,0.005470237415284001,0.01887669610894383,0.00785800191048594,0.0097308810800313,0.0347816087305545,0.0156823080033063,0.005425395444035499,0.019771496661835187,0.0077097276310738976,0.010614288970828,0.0353461652994155,0.0165950451046228,0.005544281564652899
1.0,qlstm_linear_enhanced_paper,original_3,henon_1000,0.001,6.0,16.0,8.0,1.0,64.0,812.0,2.507441465127158e-06,6.656140633014243e-07,1.1051034789488767e-06,3.079213911405532e-06,2.7684700398822315e-06,2.8912586458318465e-07,2.3701789899632786e-06,7.011542017323954e-07,1.0429496342112543e-06,3.0014598451089114e-06,2.7143938723384053e-06,2.668298293428961e-07,0.0011791804645326376,0.0001976006314465776,0.0007838923484086,0.0013591536553576,0.0012531427200882998,0.00010567548451945023,0.001150472926383325,0.00020705278590465838,0.0007673620129935,0.0013474302832037,0.00125207833480085,9.44169587456e-05,0.9999849423766136,4.1128217189953036e-06,0.99998140335083,0.9999938011169434,0.9999835789203644,1.996755599975586e-06,0.9999855905771255,4.273880594327043e-06,0.9999813437461852,0.999993860721588,0.9999839067459106,2.115964889415345e-06,1359.25,141.24070765894655,1148.0,1538.0,1415.0,108.0,15529.1375,1408.5303138533259,13493.41,17165.14,16174.355,889.4899999999998,0.0081898684467887,0.005308622528765844,0.0020743361907079,0.0151114623062312,0.0080488272127695,0.0052791859023273,0.007700545917032238,0.005002738337906041,0.0020038357470184,0.014601563103497,0.0076495967805385,0.0051151623483747,0.008297920227050712,0.005400713059215892,0.0021801453549414,0.0156868211925029,0.0082297562621533,0.00552170968148855
1.0,qlstm_linear_enhanced_paper,original_3,henon_1000,0.001,6.0,32.0,8.0,1.0,64.0,1388.0,2.6728478511965173e-06,8.436418054364012e-07,1.6446682593596051e-06,3.731612423507613e-06,2.6395237000542693e-06,9.472366855334257e-07,2.450951891811807e-06,7.451690885453921e-07,1.4894297919454402e-06,3.507976771288668e-06,2.464763497300737e-06,7.112899993444444e-07,0.0012525800654353666,0.00021182089271876064,0.0009614413138478,0.0015164876822382,0.00125647237291555,0.0002117963740602501,0.0011890903212284833,0.0001978139835983455,0.0008970352937467,0.0014711142284795,0.0012094607809558,0.0001523836399428501,0.9999837676684061,5.2829654470063525e-06,0.9999769926071168,0.999990165233612,0.9999839961528778,5.930662155151367e-06,0.9999850193659463,4.679333701933862e-06,0.999978482723236,0.999990940093994,0.9999849498271942,4.708766937200348e-06,1137.6666666666667,80.17827358802106,1060.0,1251.0,1100.0,36.0,13012.796666666667,1015.6632337158917,11952.78,14547.56,12467.52,318.6999999999998,0.0034602116948614166,0.0012929263305047707,0.0013173620449379,0.0051202590577304,0.0032737005501985,0.0010047067771666,0.0033421343929754665,0.0013503818630924676,0.0012428866466507,0.0050646234303712,0.0030646482482552,0.00111730681965125,0.0036163897796843837,0.0015026610990905263,0.0013335526455193,0.0055447476916015,0.0032593396026640497,0.0011821504449471998
1.0,qlstm_linear_enhanced_paper,original_3,henon_1000,0.001,6.0,8.0,16.0,1.0,64.0,524.0,3.479166949205137e-06,2.175678938335198e-06,6.493077080449439e-07,6.700404355797218e-06,3.194328996869445e-06,1.6830825870783887e-06,3.377717966657201e-06,2.08167360835686e-06,6.358940822792647e-07,6.342389042401919e-06,3.3221151625184575e-06,1.9555468497856054e-06,0.0013455981970764124,0.0004870229468230384,0.0006602025241591,0.0020467021968215,0.00137393997283645,0.00049296507495455,0.001327946258243125,0.0004837847260930299,0.0006523439660668,0.0019654261413961,0.00137552316300565,0.0005118751432747,0.9999786987900734,1.3472691468648426e-05,0.999958634376526,0.9999961256980896,0.9999804794788361,1.043081283574887e-05,0.9999792277812958,1.2876500270305618e-05,0.9999611377716064,0.9999960064888,0.9999795854091644,1.2099742889348786e-05,1644.375,292.6016650243125,1126.0,2103.0,1683.0,181.0,45662.348750000005,10606.874170481893,25796.7,62683.15,45378.585,4883.59,0.01862306449329476,0.006833802568829757,0.0083073920570313,0.0289653206244111,0.0174221019726246,0.005409569153562201,0.017768828605767298,0.006584265808521396,0.0074999374337494,0.0272979587316513,0.0167931164614856,0.00457623181864615,0.018899801885709125,0.006592954673185028,0.0081501966342329,0.0282257944345474,0.018050985410809503,0.004748561885207901
1.0,qlstm_linear_enhanced_paper,original_3,henon_1000,0.001,6.0,16.0,16.0,1.0,64.0,812.0,3.848794272521951e-06,1.0514255857939817e-06,2.419219526927918e-06,5.590966338786529e-06,3.915517936547985e-06,8.896440704120323e-07,3.730088615662276e-06,1.0762994539779995e-06,2.161210204576492e-06,5.382606559578562e-06,4.0343829823541455e-06,9.931432032317393e-07,0.0015402831033699445,0.00023826259013216174,0.0012321765534579,0.0018885397585108,0.0015791309997439,0.0002564887981862001,0.0015221063383957889,0.0002539579077489754,0.0011819521896541,0.0018980473978444,0.0015680195065215,0.00028425804339350007,0.9999765687518649,6.507163090992065e-06,0.9999655485153198,0.9999853372573853,0.9999764561653136,5.245208740345397e-06,0.9999772972530789,6.704834881880718e-06,0.99996680021286,0.9999869465827942,0.9999755024909972,6.19888305641858e-06,1310.2222222222222,141.50679432276803,1064.0,1513.0,1344.0,113.0,37282.65777777778,9545.45589261983,28683.68,55455.79,32496.12,3812.4399999999987,0.012048413175054678,0.005377860240093125,0.0021050534211099,0.020220555178821,0.0128323309123516,0.0035040165297687,0.01124988959377831,0.004818274309869996,0.0021259339991956,0.0182308889925479,0.012436625547707,0.004146387800574299,0.012202741448870902,0.005180518677387228,0.0022465835791081,0.0195786543190479,0.0133395809680223,0.0042110420763493
1.0,qlstm_linear_enhanced_paper,original_3,henon_1000,0.001,6.0,32.0,16.0,1.0,64.0,1388.0,3.860282788537006e-06,8.155414023255154e-07,2.186577830798342e-06,4.673177954828134e-06,4.199461045573116e-06,1.669604898779653e-07,3.7714630991558806e-06,8.990443836227563e-07,1.9798553694272414e-06,4.675127456721384e-06,4.16198895436537e-06,3.4242816582263913e-07,0.0015486366464755874,0.0002251566093860131,0.0010679762344807,0.0017579175764694,0.0016503087244927502,7.376575376839996e-05,0.0015255953621817126,0.0002473647738105922,0.0010327701456844,0.0017820061184465,0.0016259527765214,0.00012599286856124995,0.9999767988920212,4.891826766927278e-06,0.999971091747284,0.9999867081642152,0.9999749064445496,1.7285346985973504e-06,0.99997728317976,5.42274835276763e-06,0.9999710321426392,0.9999880194664,0.9999751448631287,2.1457672119695737e-06,1074.125,118.40231997304782,921.0,1241.0,1056.5,108.5,26219.571249999997,4051.9942045474268,21565.71,34408.13,26648.050000000003,2895.789999999999,0.008270292806992024,0.005245030303491444,0.0009526423120405,0.0148148339241743,0.0095871006837114,0.004430677206255551,0.008029267475649186,0.005133123731560119,0.0008901728433556,0.0145749039947986,0.00925387488678095,0.004423233214765751,0.008743962753214825,0.005629689051003814,0.0009898756397888,0.0159304793924093,0.0100520211271941,0.0049402681179345
1.0,qlstm_linear_enhanced_paper,original_1,henon_1000,0.001,6.0,8.0,4.0,2.0,64.0,380.0,1.8744909842401587e-05,1.6075789053981792e-05,4.959671059623361e-06,6.075199780752882e-05,1.2274095752218273e-05,1.8286809790879488e-06,1.8497932766573893e-05,1.5348674866693554e-05,4.398684268380748e-06,5.668016092386097e-05,1.16908404379501e-05,1.8423161236569285e-06,0.0027426096429633887,0.0009209822427534102,0.0015577444573864,0.0047748899087309,0.0024514875840395,0.00039431988261639985,0.0028184845965976,0.000919830536655215,0.0015209385892376,0.0047138174995779,0.0024109352380037,0.0002595700789243,0.999885360399882,0.0001004103454064942,0.999622404575348,0.9999708533287048,0.9999278783798218,8.106231689453125e-06,0.9998862809605069,9.592797382598101e-05,0.9996464848518372,0.9999732375144958,0.9999290108680724,1.0848045349232116e-05,2164.0,390.697382182738,1464.0,2775.0,2127.0,195.0,6456.3388888888885,1150.5316550615917,4343.29,8117.09,6542.46,844.9700000000003,0.06362394607729377,0.013911043661790157,0.0293222337961196,0.0744677044451236,0.0681174043565988,0.005715419724583601,0.06255798269477149,0.014089462264128034,0.0288003515452146,0.0744847804307937,0.0681072250008583,0.0063775554299354,0.0639361844708522,0.013853902556904066,0.030371556058526,0.0753951370716095,0.0692143663764,0.005928196012973799
1.0,qlstm_linear_enhanced_paper,original_1,henon_1000,0.001,6.0,16.0,4.0,2.0,64.0,668.0,3.876671139551036e-05,2.2109574019646866e-05,5.173653789825039e-06,7.450927660102025e-05,3.3880132832564414e-05,1.3366623079491546e-05,3.7116570047146526e-05,2.2409853282636685e-05,5.080875325802481e-06,8.116450771922246e-05,3.118130553048104e-05,1.2546830475912433e-05,0.00403701447648923,0.001283882023191894,0.0015843679429963,0.0059757232666015,0.0039647168014198,0.0007868541870266002,0.004037442791741301,0.0013384902195046366,0.0016859428724274,0.0064401919953525,0.00395721383392805,0.0006996690062806002,0.9997623980045318,0.00013465114594071696,0.9995379447937012,0.999967873096466,0.9997919797897339,8.133053779613153e-05,0.9997696816921234,0.00013803385518473157,0.9994968771934508,0.9999680519104004,0.9998055994510651,7.718801498401984e-05,1967.9,349.82751464114426,1364.0,2706.0,1914.0,203.0,6965.498,2970.6653229126973,4046.48,14889.6,6009.32,754.6100000000001,0.061174833029508546,0.014446203655655607,0.0290928807109594,0.0743492808192968,0.06617122143506995,0.006893106549978295,0.060312676616012986,0.014677727035709423,0.0286576393991708,0.0734351575374603,0.0647015701979398,0.008209379389882102,0.06207577120512718,0.014341462984766053,0.0303399953991174,0.0744200497865676,0.06672550924122325,0.0075201001018286515
1.0,qlstm_linear_enhanced_paper,original_1,henon_1000,0.001,6.0,32.0,4.0,2.0,64.0,1244.0,2.948275823655422e-05,1.7696998672912973e-05,1.0451331036165357e-05,7.042870856821537e-05,2.402539121248992e-05,8.562584298488218e-06,2.9840801630598435e-05,1.8165092615290945e-05,1.1422643183323087e-05,7.25125428289175e-05,2.561090514063835e-05,8.674934178998228e-06,0.003638785099610625,0.00109433980388996,0.002405981067568,0.0059867915697395,0.00337727426085615,0.00055750843603165,0.0037138012994546,0.0010658284312831242,0.0024781851097941,0.0060079949907958,0.0034991529537364502,0.0005966995377093499,0.9998204633593559,0.00010930918799190254,0.9995648264884948,0.9999359846115112,0.9998525977134705,4.965066909790039e-05,0.999815508723259,0.00011347585100974738,0.999548077583313,0.9999303817749025,0.9998397827148438,5.647540092473813e-05,1657.75,169.18684198246623,1426.0,1892.0,1647.5,154.5,5432.672500000001,1011.2812307754702,4698.97,7978.25,5062.799999999999,327.18999999999915,0.05809766850434239,0.011813576004261125,0.0390825528651475,0.0737683244049549,0.0618872612714767,0.007272912189364402,0.057114242110401364,0.011823393024436456,0.0384189449250698,0.0730770155787468,0.060770589858293506,0.007877429947257052,0.05933674285188314,0.011514915506677116,0.0407097078859806,0.0742781907320022,0.0632603298872709,0.007208000868558849
1.0,qlstm_linear_enhanced_paper,original_1,henon_1000,0.001,6.0,8.0,8.0,2.0,64.0,380.0,2.221237770884597e-05,1.9628081665024145e-05,5.46641786058899e-06,6.879724969621748e-05,1.5661125871702097e-05,3.899923285644036e-06,1.8782058435005767e-05,1.378581848628254e-05,5.562803835346131e-06,5.086473902338184e-05,1.3454067811835556e-05,3.198822014383042e-06,0.003027714805544443,0.0011935079185565116,0.0016736312536522,0.0057124560698866,0.0027780879754573,0.0005329563282430003,0.002961245631532958,0.0010346523650348028,0.0017699301242828,0.0052312114275991,0.0027619074098765,0.0005389493890106001,0.9998640503202166,0.00012130366940822407,0.9995754957199096,0.999967098236084,0.9999037384986876,2.4080276489368835e-05,0.999883132321494,8.66295738239732e-05,0.9996814727783204,0.9999659657478333,0.9999166131019592,1.9848346710205078e-05,2230.0,444.7211004021027,1494.0,2882.0,2313.0,283.0,13431.28714285714,2563.794585986696,9229.59,16960.98,13812.71,2200.7700000000004,0.0693333979696035,0.00719612525933843,0.0527061659842729,0.0754912432283163,0.0718987114727497,0.002438170462846695,0.06876818995390614,0.007879069724606936,0.0499937124550342,0.0738270059227943,0.0728818252682685,0.0009451806545257985,0.07018244372946873,0.00755712867599126,0.0522164851427078,0.0751441866159439,0.074208989739418,0.0009351968765258928
1.0,qlstm_linear_enhanced_paper,original_1,henon_1000,0.001,6.0,16.0,8.0,2.0,64.0,668.0,2.6910131055046804e-05,1.9340480125219904e-05,1.047915247909259e-05,7.510445720981807e-05,1.9795604202954564e-05,5.786584551970009e-06,2.634177587879094e-05,1.88016778244416e-05,8.418288416578434e-06,7.114743493730202e-05,1.8165957953897308e-05,6.697011940559609e-06,0.003504903812427,0.0009584275640007858,0.0024018455296754,0.005729860626161,0.0031877437140792,0.0004551470046863001,0.00347373913973565,0.0009370267963702927,0.0022115006577223,0.0055483211763203,0.00327345903497185,0.00043866911437360004,0.9998370110988617,0.0001214069216278652,0.999535083770752,0.9999355673789978,0.9998818933963776,3.88026237487793e-05,0.9998373165726662,0.00011845097129276278,0.9995558261871338,0.9999479651451112,0.9998893141746522,4.202127456659488e-05,1782.5,287.1375976774898,1337.0,2233.0,1721.5,177.5,11632.0625,2695.014748539189,7943.01,17065.17,10887.21,2003.165,0.05930112022906536,0.015148162138912683,0.0353804089128971,0.0759828694164753,0.0654975298792123,0.009290423989295998,0.05890352465212341,0.015577808170325778,0.0350223109126091,0.0745918452739715,0.0645629987120628,0.009965900331735604,0.06046179123222825,0.015482225043469269,0.0368743948638439,0.0760565921664238,0.06637912988662714,0.009545534849166905
1.0,qlstm_linear_enhanced_paper,original_1,henon_1000,0.001,6.0,32.0,8.0,2.0,64.0,1244.0,1.9775734674314866e-05,5.426703731640923e-06,1.0915036000369582e-05,2.6922873075818643e-05,2.091911665047519e-05,5.1426304708002135e-06,1.996123137359973e-05,6.509790230676342e-06,1.057813369698124e-05,3.0014349249540828e-05,2.044469874817878e-05,5.661973773385391e-06,0.003065474020938044,0.00047135131192395195,0.0022502318024635,0.00378233124502,0.0032019943464547,0.0002553174272179998,0.003156172577291667,0.000511861696370537,0.0023671723902225,0.0038107384461909,0.0032695932313799,0.00045193894766269987,0.9998789363437228,3.340788727331556e-05,0.9998363852500916,0.9999324083328248,0.9998709559440612,3.176927566517218e-05,0.9998776316642761,4.038961322142014e-05,0.9998135566711426,0.999934196472168,0.999874234199524,3.5464763641468444e-05,1572.0,303.566943010745,1138.0,1945.0,1711.0,197.0,11079.095555555556,3890.9869729845923,6786.88,20896.89,10614.37,1334.0900000000001,0.06432076804339881,0.010753014054181083,0.0389619767665863,0.0736475877463817,0.0668275229632854,0.005474038049578703,0.06406947266724372,0.0121882084559777,0.0372727811336517,0.0747806653380394,0.0676942467689514,0.007074944674968692,0.06597994143764174,0.011738122078869592,0.039585530757904,0.0759428367018699,0.0696836188435554,0.006057456135749803
1.0,qlstm_linear_enhanced_paper,original_1,henon_1000,0.001,6.0,8.0,16.0,2.0,64.0,380.0,2.5207808960203693e-05,1.5956784359176467e-05,7.50882145439391e-06,6.25260581728071e-05,2.5002916117955465e-05,5.317585419106761e-06,2.3357843929261435e-05,1.5554768181150354e-05,7.494882993341889e-06,6.0563674196600914e-05,2.246956228191266e-05,4.911087671644053e-06,0.0034765436284942,0.0011295879679313796,0.0019491674611344,0.0058577745221555,0.00363954668864605,0.00040120177436619997,0.0034317765093873622,0.001110893228298006,0.0020302368793636,0.0058979596942663,0.00348924810532475,0.00035307358484715006,0.9998461678624153,9.79801305772887e-05,0.9996152520179749,0.9999535083770752,0.9998467564582825,2.810359001159668e-05,0.999857023358345,9.357040219348713e-05,0.9996348023414612,0.9999544024467468,0.999861091375351,3.0308961868286133e-05,1865.625,504.34386521003705,1246.0,2841.0,1778.0,433.0,25146.82125,4450.156041487303,19166.61,33941.91,24693.940000000002,2972.489999999998,0.06553165500517931,0.01214142814055955,0.0365056024864316,0.0744462944567203,0.0707931254059076,0.003201727755367749,0.06564548285678025,0.012919185108761696,0.0352069400250911,0.0748329386115074,0.0722134485840797,0.0023507289588451524,0.0666628945618867,0.012517269889520165,0.037076711654663,0.075353980064392,0.07313723489642135,0.0019188635051250527
1.0,qlstm_linear_enhanced_paper,original_1,henon_1000,0.001,6.0,16.0,16.0,2.0,64.0,668.0,3.283975527463351e-05,2.186255869782731e-05,7.444357834174298e-06,7.844474748708308e-05,2.503463110770099e-05,1.3073296941001901e-05,3.091481120362813e-05,2.0791290247403143e-05,7.013988124526804e-06,7.783972978359088e-05,2.2730153432348743e-05,8.888868251233363e-06,0.0038554576329058437,0.0013881849780730704,0.0020514409989118,0.0068485899828374,0.0035584589932113,0.0008303734939546,0.003886857923741089,0.0013580975613709653,0.002060645725578,0.0068918108008801,0.0036533407401293,0.0007728715427220002,0.9998007482952542,0.00013032905815594904,0.9995298981666564,0.9999542236328124,0.999845325946808,8.06450843809925e-05,0.9998089538680183,0.00012772809419615117,0.9995220899581908,0.9999564290046692,0.9998589158058168,5.513429641723633e-05,1623.3333333333333,252.93477420078088,1229.0,2002.0,1698.0,282.0,22352.58,5255.732374300148,15289.59,30913.03,20841.75,3622.6899999999987,0.061065076788266434,0.014963757534656142,0.0302062146365642,0.0754333853721618,0.0691816955804824,0.006251689791679393,0.0614518367995818,0.016062033416810152,0.0299413781613111,0.0777010545134544,0.071870669722557,0.005830384790897397,0.06266811841891866,0.01572736924073512,0.0309816878288984,0.0793426111340522,0.0726316720247268,0.006710939109325395
1.0,qlstm_linear_enhanced_paper,original_1,henon_1000,0.001,6.0,32.0,16.0,2.0,64.0,1244.0,2.5827378158282956e-05,2.372219081865012e-05,8.216238711611368e-06,9.216564649250358e-05,1.665284435148351e-05,4.376328433863819e-06,2.2694516792398646e-05,1.7930750577853494e-05,9.342436896986328e-06,7.159716915339231e-05,1.4803796602791408e-05,3.1424624467035747e-06,0.00321837214287366,0.0009771153769535697,0.002159132156521,0.0054786927066743,0.0028165088733658,0.00028127513360235,0.0031632160069420302,0.000938143091092345,0.0021354390773922,0.0053120371885597,0.0027885793242603,0.00033316761255265,0.9998425841331482,0.00014689929354060836,0.9994306564331056,0.9999504685401917,0.9999005794525146,2.4557113647460938e-05,0.9998606979846955,0.00011112260496237987,0.9995576739311218,0.9999447464942932,0.9999090433120728,1.919269561767578e-05,1444.7,190.4379426479923,1032.0,1726.0,1467.5,126.5,18795.05,2161.03471045238,15949.31,22493.61,18448.32,1689.8949999999995,0.061228573340922555,0.015193564326458764,0.0251511240378022,0.0732951894402504,0.0676273494958877,0.004438038729131254,0.06188973337411876,0.016231491084533273,0.0241448692977428,0.0758796408772468,0.0693871788680553,0.004126641899347298,0.06320758704096074,0.01605719871494277,0.0250103492289781,0.0778095498681068,0.07040310651063915,0.003970257937908152
1.0,qlstm_linear_enhanced_paper,original_2,henon_1000,0.001,6.0,8.0,4.0,2.0,64.0,452.0,2.410441073960909e-05,1.5270493270222243e-05,6.7842947828467e-06,4.512782834353857e-05,2.1935849872534163e-05,1.2776377843692899e-05,2.4013117884654395e-05,1.56249554745175e-05,7.123896466509905e-06,4.907367474515922e-05,1.875105590443127e-05,1.0605648640193976e-05,0.003244228402359578,0.001053441165380127,0.0018752827309072,0.0049080387689173,0.0031501399353146,0.0008827722631394998,0.003287026063642522,0.001053777362300387,0.0019442909397184,0.0047734468244016,0.003002357436344,0.0009652485605329002,0.9998515976799859,9.422470619068602e-05,0.9997206330299376,0.9999587535858154,0.9998642206192015,7.94529914855957e-05,0.9998510215017531,9.706637949891821e-05,0.9996932744979858,0.999955415725708,0.9998846054077148,6.538629531860352e-05,2091.222222222222,517.2039738993543,1306.0,2735.0,2171.0,544.0,9765.495555555557,3588.9722508109976,5593.85,17958.22,9163.8,2247.870000000001,0.06273764860298893,0.016664219326889825,0.0245976231992244,0.0763715896755456,0.0722820281982421,0.004083607345819404,0.06198695778018894,0.017185064798073354,0.0238818619400262,0.0765312388539314,0.0710767060518264,0.0032569691538811008,0.06345045007765288,0.016709196666996,0.0257113073021173,0.0773320794105529,0.0722884908318519,0.0030026659369468967
1.0,qlstm_linear_enhanced_paper,original_2,henon_1000,0.001,6.0,16.0,4.0,2.0,64.0,740.0,2.5837274127601024e-05,1.4898295824991558e-05,7.151023510232335e-06,4.845773946726695e-05,2.651236172823701e-05,1.4586157703888603e-05,2.689513616537119e-05,1.725647112120761e-05,6.8892095441697165e-06,5.896337097510696e-05,2.6032375899376348e-05,1.234829323948361e-05,0.0034133993580729998,0.000975848359631673,0.0018756923964247,0.0045959972776472,0.0035647705662995,0.0008111612405627996,0.0034016395349882895,0.0010457757135753972,0.0018790604081004,0.0049044894985854,0.0035441026557236,0.0009393172804265998,0.999841935104794,9.089360006553536e-05,0.9997073411941528,0.9999558329582214,0.9998397827148438,9.036064147938117e-05,0.9998340341779921,0.00010694856579109757,0.9996345043182372,0.9999571442604064,0.9998437166213988,8.05854797362171e-05,1913.888888888889,501.99877034918995,1172.0,2608.0,1730.0,511.0,11079.87777777778,4430.223946255182,4966.11,19525.72,11004.19,3899.619999999999,0.040300980789793814,0.017975804115939107,0.0256964690983295,0.0784453965723514,0.0338875155895948,0.007217524945735895,0.0395216056042247,0.017583392076563033,0.0254459381103515,0.0770339965820312,0.0330781564116478,0.006489230319857597,0.04136657135354144,0.017252138451572127,0.0273850727826356,0.0778626576066017,0.0350200310349464,0.0068335235118866
1.0,qlstm_linear_enhanced_paper,original_2,henon_1000,0.001,6.0,32.0,4.0,2.0,64.0,1316.0,2.6318776820387158e-05,1.298071462510266e-05,1.1687322512443645e-05,4.588869342114776e-05,2.508047873561736e-05,1.2969693671038837e-05,2.7409333597461227e-05,1.425864765671702e-05,1.1658597031782849e-05,5.210108793107793e-05,2.5966746761696413e-05,1.3451395716401748e-05,0.003362632755722271,0.0007238836207263198,0.0023592677898705,0.0045104632154107,0.0035951463505625,0.0007837279699743002,0.0034967158987585433,0.0007287500291553497,0.0026178255211561,0.0043449657969176,0.0037397136911749,0.0006052521057426999,0.999840225492205,7.829331325754332e-05,0.9997242093086244,0.999927818775177,0.9998456239700316,8.10027122499779e-05,0.9998328515461513,8.563025091832414e-05,0.99968820810318,0.9999285340309144,0.9998400807380676,8.225440978992804e-05,1636.5714285714287,232.50244677229105,1291.0,2049.0,1673.0,165.0,8771.087142857143,2999.353731411935,5997.07,13507.85,7450.92,1434.9400000000005,0.044689331123871426,0.020430375372883555,0.0205128559842705,0.0731234990060329,0.0351260052993893,0.014613149315118801,0.043957517881478544,0.020244545055656482,0.0200368911027908,0.072189524769783,0.0347264744341373,0.014689583331346501,0.045531537117702574,0.02020151401570932,0.0218869484961032,0.0733948871493339,0.0366789922118186,0.014792043715715398
1.0,qlstm_linear_enhanced_paper,original_2,henon_1000,0.001,6.0,8.0,8.0,2.0,64.0,452.0,2.5365493115714344e-05,2.2736071709399497e-05,8.808251550362911e-06,8.111308125080541e-05,1.3973206023365492e-05,3.714219019457232e-06,2.4612571337456757e-05,2.1767172938745776e-05,7.649177860002965e-06,7.632565393578261e-05,1.4865244793327292e-05,5.804874035675313e-06,0.003301093034679025,0.001156273890894523,0.0022437407169491,0.0057970313355326,0.0028357161208987,0.00053625216241925,0.0033378091757185124,0.0011954528868817606,0.0021317319478839,0.0058590662665665,0.00293625704944125,0.0005093733780086001,0.9998439252376556,0.00014117562696414212,0.999497890472412,0.9999460577964784,0.9999138414859772,2.4259090423639496e-05,0.999846413731575,0.00013609739396620293,0.999523103237152,0.9999520778656006,0.9999072551727295,3.7044286728016296e-05,1639.5,256.39520276323424,1162.0,1987.0,1662.0,184.5,15600.751250000001,4786.003927078512,10294.8,27304.4,14381.185000000001,1532.7849999999999,0.06069717644713814,0.0132506429508541,0.0367750562727451,0.0753900121897459,0.066805095039308,0.007297797873616257,0.05905483476817602,0.013282904188317781,0.0361145474016666,0.0751801058650016,0.06384450569748876,0.010356970131397192,0.06082705594599243,0.012977066487299465,0.037784494459629,0.0761490166187286,0.0658847838640213,0.009300369769334745
1.0,qlstm_linear_enhanced_paper,original_2,henon_1000,0.001,6.0,16.0,8.0,2.0,64.0,740.0,5.568849007886007e-05,6.217946342738492e-05,7.477743565686978e-06,0.0002100505516864,3.6046259992872365e-05,2.642437357280869e-05,4.7702509277764815e-05,5.033013031646376e-05,6.9069610617589206e-06,0.0001724898756947,3.696462408697698e-05,2.2183641704032198e-05,0.004302631947211875,0.0021757279698732027,0.0019785552285611,0.0091335820034146,0.00388400629162785,0.00140709104016425,0.004292029203497762,0.002073407592502215,0.0019450901309028,0.0088607557117939,0.0041304780170321,0.0012691678712144498,0.9996600598096848,0.0003765543597667959,0.9987273812294006,0.9999545216560364,0.9997784197330475,0.0001635551452637829,0.9997050017118454,0.00031230287870971825,0.998929500579834,0.9999568462371826,0.999772310256958,0.00013613700866693668,1307.75,221.16834651459507,1036.0,1642.0,1207.0,145.0,12413.55625,2291.307453158226,9211.11,16269.41,11822.755000000001,1841.4899999999998,0.067112691886723,0.006888275486947701,0.0552036836743354,0.0748915255069732,0.07009621448814865,0.0037849454209208516,0.06524309562519189,0.008455697055294692,0.0508128590881824,0.0751180946826934,0.06870367750525469,0.005747172981500612,0.06689445581287141,0.007986563255720896,0.0534419044852256,0.0760312303900718,0.07021829485893245,0.0052531734108924935
1.0,qlstm_linear_enhanced_paper,original_2,henon_1000,0.001,6.0,32.0,8.0,2.0,64.0,1316.0,2.8215500303000834e-05,1.1177657955773032e-05,1.1157088010804728e-05,4.482579242903739e-05,2.6046330276585653e-05,8.65211859490955e-06,2.9338499947092107e-05,1.0715682480005315e-05,1.2943971341883298e-05,4.833647108171135e-05,2.8533308977785055e-05,5.178269020689184e-06,0.003695338382385616,0.0008248073939549414,0.0023049076553434,0.0047601675614714,0.0036317839985713,0.00060241867322475,0.00382017115286235,0.0007591245375953677,0.0024767538998275,0.0047907279804348,0.00385168648790565,0.0005726505769416499,0.9998286465803782,6.831886201334522e-05,0.9997238516807556,0.999931275844574,0.9998442232608794,5.1856040954589844e-05,0.9998187025388082,6.702918559608068e-05,0.9996978044509888,0.9999192357063292,0.9998261034488678,3.212690353393555e-05,1236.6666666666667,150.8649138210148,1090.0,1537.0,1193.0,86.5,10830.263333333334,1217.164995685557,9512.33,13159.23,10489.835,742.2349999999997,0.055142449960112534,0.016586439687854972,0.0352265464141964,0.0741901494562626,0.0557094985619187,0.018457066081464295,0.05368683983882266,0.016809190876235856,0.0342815294861793,0.074521780014038,0.053257733583450304,0.0186036489903927,0.055397782474756206,0.01651257941599796,0.0360927134752273,0.0756481364369392,0.05542153678834435,0.0183510836213827
1.0,qlstm_linear_enhanced_paper,original_2,henon_1000,0.001,6.0,8.0,16.0,2.0,64.0,452.0,2.5801712278431903e-05,9.10069135472157e-06,1.0956886399071664e-05,4.2089097405551e-05,2.610386945889332e-05,6.322243280010291e-06,2.7979318878755697e-05,9.94691241673243e-06,1.1129819540656172e-05,4.65109187643975e-05,2.582450360932853e-05,5.300258635543287e-06,0.0035817000963207107,0.0006038603477318442,0.0025217386428266,0.0045932768844068,0.0035787862725555,0.00034332089126110034,0.003807123103696389,0.0006174641237437526,0.0025729057379066,0.0046545262448489,0.0036726256366819,0.00039228820241990004,0.9998433589935303,5.3636593046612645e-05,0.9997530579566956,0.999933898448944,0.9998418688774108,4.190206527698859e-05,0.9998271995120578,6.173946971995168e-05,0.9997105598449708,0.9999311566352844,0.99983948469162,3.2961368560791016e-05,1525.0,135.44576610420702,1310.0,1717.0,1484.0,131.0,31506.538888888885,6249.565049913374,25425.71,43335.74,29003.26,3193.16,0.07224596999585625,0.003981877476681405,0.0622719462960958,0.0757326357066631,0.0741463519632816,0.0015862837433814891,0.07232616717616712,0.00493481400457599,0.0604515708982944,0.077643297612667,0.0740610361099243,0.0016238838434218944,0.0731364178160826,0.004478369842317316,0.0623643361032009,0.0780265182256698,0.0747213289141655,0.0014632418751716059
1.0,qlstm_linear_enhanced_paper,original_2,henon_1000,0.001,6.0,16.0,16.0,2.0,64.0,740.0,2.4712839300870353e-05,1.592240441661927e-05,6.9874799919489305e-06,5.605863043456338e-05,1.77284782694187e-05,3.7543068174272776e-06,2.597423170098207e-05,1.8361792042122514e-05,7.867558451835066e-06,6.955315620871261e-05,2.012918412219733e-05,8.520869414496701e-06,0.0034159857572779997,0.0011720257170435852,0.0018525910563766,0.0055791740305721,0.0029910113662481,0.0005948967300355998,0.0034653362818061893,0.0011380178735431311,0.0019960112404078,0.0056420448236167,0.0032852762378752,0.0005898817908019001,0.9998498625225491,9.661722505111952e-05,0.9996647834777832,0.9999582171440125,0.9998902678489684,2.354383468639032e-05,0.9998411271307204,0.00010964426692756298,0.999585747718811,0.9999516606330872,0.99987530708313,5.316734313964844e-05,1268.2222222222222,202.02902859505545,822.0,1535.0,1304.0,71.0,30896.054444444442,9680.11220861401,14743.3,48345.84,31903.23,7211.119999999999,0.05434304181900284,0.01572227811853164,0.0295655578374862,0.0749624624848365,0.0564806386828422,0.016762135177850697,0.05342741351988576,0.0162922206314164,0.0293975733220577,0.0743780732154846,0.0528361313045024,0.015912890434265095,0.05473462968236863,0.016042731111841325,0.0305389035493135,0.0749788731336593,0.0551083013415336,0.017001174390315996
1.0,qlstm_linear_enhanced_paper,original_2,henon_1000,0.001,6.0,32.0,16.0,2.0,64.0,1316.0,2.3607799701292403e-05,1.1620672822552948e-05,5.872492238268023e-06,3.932179242838174e-05,2.431528628221713e-05,1.2552570296975318e-05,2.4453936021018308e-05,1.175189560285567e-05,8.379629434784874e-06,4.7753423132235184e-05,2.246718577225693e-05,9.996092558139932e-06,0.0033806501887738223,0.0009244711812014919,0.0019364587496966,0.0046578212641179,0.0035696390550583,0.0009225157555193,0.003461983003136134,0.0008857410444164061,0.0021712940651923,0.0049462490715086,0.0033567112404853,0.0007195880170910995,0.9998560481601291,7.105065583170674e-05,0.9997596740722656,0.9999640583992004,0.9998498558998108,7.843971252441406e-05,0.9998503194914924,7.236551446241969e-05,0.9997067451477052,0.9999486207962036,0.99986469745636,6.544589996360095e-05,1285.888888888889,343.1703316768655,655.0,1749.0,1383.0,194.0,27184.690000000002,10059.56979449254,11508.81,41663.66,26436.93,10565.99,0.04760222548308469,0.022814533075418825,0.0059557253029197,0.0745377771556377,0.0468870859593153,0.022556989639997502,0.04669275538374975,0.023159343624748002,0.0059467898681759,0.0756372660398483,0.0436798445880413,0.020791484043002198,0.04803943458116713,0.023037801183007627,0.0064705656841397,0.0761874169111251,0.0459773875772953,0.021764652803540303
1.0,qlstm_linear_enhanced_paper,original_3,henon_1000,0.001,6.0,8.0,4.0,2.0,64.0,524.0,1.8501502988025702e-05,8.868197510946035e-06,4.611978511093184e-06,3.3450945920776576e-05,1.4228163308871444e-05,7.885167178756092e-06,1.761840631944425e-05,7.522852563452273e-06,5.137318566994509e-06,3.102152550127357e-05,1.5860590792726725e-05,5.009433152736165e-06,0.002926307756246744,0.0006880853314510635,0.0015274428296834,0.0037927830126136,0.0028609698638319,0.0005364702083170002,0.0029302765485933664,0.0006419663486933145,0.0016093285521492,0.0037580381613224,0.0028868147637695,0.0005893409252167,0.9998871088027954,5.339999607729002e-05,0.9997984170913696,0.999971568584442,0.9999138712882996,5.042552947998047e-05,0.9998912347687615,4.597781206706907e-05,0.9998102188110352,0.9999677538871764,0.999901294708252,3.069639205932617e-05,1920.0,189.91635585757805,1645.0,2251.0,1843.0,49.0,13594.624444444446,4622.5725182127535,9212.93,21947.22,11048.67,1677.3600000000006,0.052980926115479686,0.018895833779085727,0.0212965449318289,0.0768735781311988,0.0448236372321844,0.023527092300355504,0.05186046390897692,0.018883922789609767,0.02076250128448,0.0756155923008918,0.0429951176047325,0.0222326163202525,0.05332434011830219,0.01861364613509338,0.0220903232693672,0.0763742327690124,0.044967234134674,0.022876910865306802
1.0,qlstm_linear_enhanced_paper,original_3,henon_1000,0.001,6.0,16.0,4.0,2.0,64.0,812.0,1.46419567954581e-05,1.0042203613926799e-05,7.446003110089805e-06,4.029533374705352e-05,1.1506878763611894e-05,2.810435489664087e-06,1.2785953458660515e-05,7.343193474007899e-06,7.072352673276328e-06,3.1540384952677414e-05,1.0374755675002234e-05,2.3909205992822535e-06,0.0027036614192183497,0.000794333903846215,0.0021012173965573,0.0046575451269745,0.00242603651713575,0.00031500379554925007,0.002557016006903675,0.0006500343439059969,0.0020547944586724,0.0042071640491485,0.0024197830352932,0.00021631957497450006,0.9999107494950294,6.096750282645238e-05,0.999755084514618,0.999954342842102,0.9999291598796844,1.8209218978992858e-05,0.9999209344387054,4.622364220902164e-05,0.9998027682304382,0.99995619058609,0.9999357759952545,1.4603137970026214e-05,1501.0,265.4651577891155,1143.0,1908.0,1469.5,199.5,11057.405,3597.0896627447305,6413.97,18765.16,10448.244999999999,2218.53,0.04523484769742931,0.015996092839349735,0.0217141151428222,0.0677651010453701,0.04205019604414695,0.01521673873066905,0.043708606157451826,0.01556262895831504,0.0207094475626945,0.0661876127123832,0.0404947083443403,0.0139067936688662,0.04564657993614669,0.015548336075908574,0.0224265437573194,0.0677246898412704,0.04268407262861725,0.014274819754064048
1.0,qlstm_linear_enhanced_paper,original_3,henon_1000,0.001,6.0,32.0,4.0,2.0,64.0,1388.0,2.2280626694737293e-05,7.541115071693565e-06,9.496908205619548e-06,3.537770680850372e-05,2.2443474335887004e-05,4.529701982391998e-06,2.1531761717596964e-05,6.763788719226396e-06,9.95362006506184e-06,3.1250074243871495e-05,2.128563755832147e-05,4.60954470327124e-06,0.0032315787975675876,0.0005767621568327037,0.0020178521517664,0.0038908780552446,0.0033648345852270002,0.00029637652914974973,0.003263638092903375,0.000545678470711915,0.0021619189064949,0.003836974967271,0.0033113227691500997,0.00046728423330935024,0.9998668357729912,4.666074379377521e-05,0.9997844696044922,0.9999427199363708,0.9998671412467957,3.215670585621222e-05,0.9998689666390419,4.2545473716954966e-05,0.9998056888580322,0.9999378323554992,0.9998705983161926,3.045797348022461e-05,1466.25,244.24206742492171,1125.0,1851.0,1494.5,216.5,8228.661250000001,1449.39566819621,6247.92,10337.29,8300.6,1459.5700000000002,0.046443449531216124,0.019904269004288416,0.0161796565167605,0.0743925243616104,0.0444255702197551,0.01690535293892025,0.04557150986511256,0.020083701800965404,0.0152364587411284,0.073961041867733,0.04256128519773475,0.0163997607305646,0.0474577606655657,0.01991224220000593,0.0170565117150545,0.075074702501297,0.04522759467363355,0.0166652882471681
1.0,qlstm_linear_enhanced_paper,original_3,henon_1000,0.001,6.0,8.0,8.0,2.0,64.0,524.0,1.507056837605584e-05,7.1433762516255936e-06,3.628358172136359e-06,2.767851219687145e-05,1.472650092182448e-05,3.150530574203005e-06,1.4558483346465639e-05,6.631819204962852e-06,4.238762812747154e-06,2.740298441494815e-05,1.4718506463395896e-05,4.1461780710960755e-06,0.0027626079455431445,0.0006894600840903407,0.001475570956245,0.0038889218121767,0.0028825248591601,0.0004159137606621001,0.0028004744866241557,0.0006466227432422278,0.0016404029447585,0.0039256857708096,0.0029252730309963,0.0004062412772326998,0.9999087452888489,4.331495048836195e-05,0.9998347163200378,0.9999796748161316,0.9999102354049684,2.0205974578857422e-05,0.9999099241362678,4.139824503957814e-05,0.9998303055763244,0.9999754428863524,0.999908685684204,2.5093555450439453e-05,1657.5555555555557,261.548003289437,1246.0,2254.0,1637.0,110.0,18783.92222222222,2712.2001884766623,14513.72,24801.0,18532.0,1265.4900000000016,0.06477299974196483,0.009366426597352259,0.0476572528481483,0.075437032058835,0.0676193907856941,0.0067313052713871,0.06269518948263587,0.010199067470382473,0.0452357195317745,0.0750665962696075,0.0656028687953949,0.007939271628856603,0.06443381599254075,0.009698365402980797,0.0475705452263355,0.0760271549224853,0.0675334334373474,0.007028736174106598
1.0,qlstm_linear_enhanced_paper,original_3,henon_1000,0.001,6.0,16.0,8.0,2.0,64.0,812.0,2.0513474939636784e-05,1.4444596449443362e-05,1.1962370081164408e-05,6.002472946420312e-05,1.471481937187491e-05,2.411934474366717e-06,2.020636293309508e-05,1.3718129653006955e-05,1.1726747288776096e-05,5.812924064230174e-05,1.499203426647e-05,2.4154815037036315e-06,0.003087208114771333,0.0007669549506429635,0.0025556187611073,0.0050934455357491,0.002828583586961,0.00023459549993270004,0.0031511552580114443,0.0007043408149299196,0.0026011371519416,0.0050255232490599,0.0029685457702726,0.0002126558683813,0.9998774528503418,8.280013196572405e-05,0.9996519088745116,0.999926745891571,0.9999090433120728,1.6450881958007812e-05,0.9998767044809129,8.052955948080129e-05,0.9996549487113952,0.9999292492866516,0.9999064803123474,1.2516975402832031e-05,1270.7777777777778,211.0301599181068,993.0,1650.0,1216.0,181.0,16967.044444444444,5435.707634755184,11555.61,30006.78,14479.42,2424.1400000000012,0.05203549059935739,0.02076959672969724,0.0132275971584022,0.0731254085898399,0.0557929322123527,0.0172085884958506,0.05113498266372411,0.021781407242074193,0.011763259768486,0.0741533488035202,0.0520609356462955,0.021271716803312295,0.052707253748344,0.021697250467043194,0.0129277678206563,0.0754198804497718,0.0544917993247509,0.0200433768332004
1.0,qlstm_linear_enhanced_paper,original_3,henon_1000,0.001,6.0,32.0,8.0,2.0,64.0,1388.0,0.00021128694663729268,0.0004910124846524602,6.5516214817762375e-06,0.001509794848971,2.7597449843597133e-05,1.7275950540351914e-05,4.572722190231619e-05,5.982250131455721e-05,6.943459538888419e-06,0.0002002330584218,2.3754363610350993e-05,1.5062621741890325e-05,0.004777605267008725,0.0038286424367339096,0.0018166792578995,0.0145729500800371,0.0037245799321680498,0.0009153308346867501,0.004216635890770638,0.002417358880896415,0.0019821596797555,0.0101353293284773,0.00356279849074775,0.0009852785151452002,0.9987120404839516,0.00299847480969696,0.9907822012901306,0.9999600648880004,0.9998321831226349,0.0001036226749420166,0.9997205436229706,0.00036327831787941466,0.9987825751304626,0.9999568462371826,0.9998523890972137,9.316205978388004e-05,1219.75,224.78253379655635,826.0,1609.0,1220.0,143.5,13896.44125,2457.7695900218023,9419.11,17893.56,14256.285,1651.12,0.04803641219623381,0.017622717979099718,0.0212213777005672,0.0725864361971616,0.044731845334172196,0.017186639457941102,0.04644823889248069,0.0173002837803987,0.0206507183611392,0.0730272606015205,0.04188627935945985,0.01580688264220955,0.0484483675099909,0.017175095888008324,0.022579438984394,0.0741138085722923,0.044712770730257,0.01616279780864715
1.0,qlstm_linear_enhanced_paper,original_3,henon_1000,0.001,6.0,8.0,16.0,2.0,64.0,524.0,3.798709826696569e-05,4.86395815566912e-05,6.3721872720634565e-06,0.0001647356111789,2.057185429293895e-05,7.249902409967035e-06,3.6945784643192914e-05,4.437769924139179e-05,6.269292953220429e-06,0.0001506905973656,1.918520592880668e-05,8.31480565466336e-06,0.0037915960710960877,0.002177775147252599,0.0018168643582612,0.0092917755246162,0.00310241826809935,0.00042008003219965004,0.0037943142524454127,0.0020392858269175584,0.0018262506928294,0.0087812701240181,0.0031823617173358,0.00056877802126105,0.9997706487774849,0.0002922732239557137,0.99900883436203,0.9999608397483826,0.9998747408390045,4.565715789789371e-05,0.9997729733586311,0.0002719264569331721,0.99907648563385,0.9999611377716064,0.9998810589313506,5.289912223810367e-05,1368.75,328.59464009627425,717.0,1746.0,1411.5,248.0,34496.098750000005,10915.858497474486,21893.61,59727.42,32164.34,5550.135000000002,0.053246327443048316,0.019370903628158777,0.0310365227982401,0.0755705676972866,0.05287362448871135,0.020321321301162203,0.05309830675832921,0.020505022276401864,0.0297149680554866,0.076032318174839,0.0511720832437276,0.0213619330897927,0.05418409220874308,0.01998659772329265,0.0314006470143795,0.0765022560954094,0.052407233044505105,0.020913863554596904
1.0,qlstm_linear_enhanced_paper,original_3,henon_1000,0.001,6.0,16.0,16.0,2.0,64.0,812.0,3.160696619487963e-05,4.048707485551578e-05,7.2240541157952975e-06,0.0001473128650104,1.5017317309684586e-05,7.6691642334481e-06,3.16096854021402e-05,3.9849685608577165e-05,7.437545264110668e-06,0.0001466685062041,1.6519443306606263e-05,8.96508004188945e-06,0.0034576671663671303,0.0018111540696879329,0.00197868142277,0.0083060711622238,0.0029500582022592,0.0009050589287653999,0.0035394951933994502,0.0017310662105901689,0.0020395740866661,0.0080780973657965,0.0031445280183106,0.0010277372784912502,0.9998056888580322,0.0002493760608942831,0.999092698097229,0.9999552965164183,0.9999076426029205,4.690885543823242e-05,0.999804002046585,0.0002486317477312322,0.9990857839584352,0.9999539852142334,0.9998990893363953,5.4210424423217773e-05,1213.1,271.3088461513926,629.0,1566.0,1287.5,151.0,28774.662,4502.545189651737,19642.89,35697.45,29549.074999999997,3191.1850000000013,0.05112276744097466,0.011742325280465666,0.0363528493791818,0.073906235396862,0.05395075641572469,0.011099693365395048,0.049820747599005656,0.01168052088307011,0.0347386412322521,0.0735222473740577,0.05195861309766765,0.01112520694732665,0.05155918933451172,0.011543778031482927,0.03622892126441,0.0741072446107864,0.0542890261858701,0.010881524533033399
1.0,qlstm_linear_enhanced_paper,original_3,henon_1000,0.001,6.0,32.0,16.0,2.0,64.0,1388.0,1.878797936822391e-05,6.863487428683132e-06,1.0837375157279894e-05,3.0143231924739663e-05,1.749875082168728e-05,5.147085175849497e-06,1.9412956337166382e-05,6.833207562127985e-06,1.0595547792036086e-05,3.220323924324475e-05,1.667674041527789e-05,5.708000571758021e-06,0.0030265432368549554,0.0005572059164414748,0.002334265038371,0.0040369788184762,0.0029449160210788,0.0003667871933430997,0.0031490827031019223,0.0006095301956157625,0.0023806681856513,0.0042970683425664,0.0028871218673884,0.0003813081420958003,0.9998861683739556,4.235659048784165e-05,0.9998142123222352,0.9999388456344604,0.999893844127655,3.0696392059437194e-05,0.9998806052737765,4.197144714723158e-05,0.9998018741607666,0.9999346733093262,0.9998967051506042,3.761053085338251e-05,1118.111111111111,165.34707230848588,853.0,1421.0,1117.0,121.0,27683.143333333333,5848.497092203357,19651.32,40614.47,26688.06,2892.3899999999994,0.05230238487323121,0.01824026273821801,0.0290819726884365,0.0731251139193773,0.0455864399671554,0.016504467278718897,0.05170269600219192,0.018848834015644796,0.0275421626865863,0.0742061659693718,0.0431276001036167,0.0155854374170304,0.05306956399646065,0.0185041021734614,0.0288445856422185,0.074990838766098,0.0455040521919727,0.0166594665497542
1.0,qlstm_linear_enhanced_paper,original_1,henon_1000,0.001,6.0,8.0,4.0,4.0,64.0,380.0,0.0014904688190047444,0.0009952996747488313,0.0002078128163702,0.0031643405091017,0.0011569821508601,0.0007376014837064001,0.0012740969767845332,0.0008576096668885224,0.000225695897825,0.0028361831791698,0.0010679141851142,0.0005665593780577001,0.02401182396958268,0.00881591793603041,0.0108296787366271,0.0360541194677352,0.0242400262504816,0.007637720555067097,0.02323803740243112,0.008102525111263378,0.0114394389092922,0.0355887822806835,0.0236478541046381,0.005625208839774201,0.9907016754150391,0.006256109227292431,0.9801520705223083,0.9987082481384276,0.992830455303192,0.004577696323394775,0.9919833673371209,0.005422892173202122,0.9820745587348938,0.99858558177948,0.9932991862297058,0.003551006317138561,5495.888888888889,984.5765524601533,3435.0,7015.0,5663.0,684.0,16944.412222222225,1849.3934680608595,13758.1,20257.06,17186.01,826.3899999999976,0.07514098820586995,0.002231436445094573,0.0721542138606309,0.0784134425222873,0.0750424850732088,0.002459912374615597,0.07456840823094045,0.0017588202531254222,0.0723107010126113,0.0775908678770065,0.0737388730049133,0.001072153449058505,0.07565412008100082,0.001567348430693792,0.0736383721232414,0.0784434825181961,0.074912890791893,0.0008702427148819109
1.0,qlstm_linear_enhanced_paper,original_1,henon_1000,0.001,6.0,16.0,4.0,4.0,64.0,668.0,0.0013651286966965004,0.0005727927238589542,0.0006165073136799,0.0023747505620121,0.0015495374100282,0.0005387489218264998,0.0013765516591124857,0.0005100762197156785,0.000617672863882,0.0020735554862767,0.0014702240005135,0.0005027434090152,0.025730655395558848,0.005943255688594734,0.0173865519464015,0.0356574095785617,0.0266758613288402,0.0051109082996845,0.02617871628275934,0.005638008971492764,0.0175408776849508,0.034478697925806,0.0273239258676767,0.0049986597150563986,0.9915187954902649,0.0035890453900099734,0.9851801991462708,0.9962490797042848,0.9903619289398192,0.003349423408508412,0.9913444944790432,0.003225505746370936,0.986925721168518,0.9961546659469604,0.990763247013092,0.0031573176383971058,3987.4285714285716,1225.4695726411928,2233.0,5894.0,3843.0,816.0,12658.038571428571,3433.148470017525,6695.96,16515.53,11977.23,3853.2000000000007,0.07475121436374524,0.0012331852884851155,0.0724703203886747,0.0767367735505104,0.0748791314661502,0.0005693711340427066,0.07394812681845253,0.0016612684012484525,0.0719180926680564,0.07719287276268,0.0734853446483612,0.0009039714932442128,0.07516090678317201,0.0014708881296028762,0.0733875557780265,0.0780458822846412,0.074838787317276,0.000909328460693401
1.0,qlstm_linear_enhanced_paper,original_1,henon_1000,0.001,6.0,32.0,4.0,4.0,64.0,1244.0,0.0008988954883534,0.00028816921625412904,0.0004264724557287,0.001353797619231,0.00084618569235315,0.00025677031953815,0.000927049817983,0.0003107592994956697,0.0004006373346783,0.0014316556043922,0.0009056648414115501,0.00022183317923920004,0.020016165170818532,0.004424880564458005,0.0129405707120895,0.0271759778261184,0.01967861317098135,0.0028965491801500494,0.02080295486375686,0.004384888522054645,0.0134147787466645,0.0283623244613409,0.0200821897014975,0.003663015551865151,0.9944343507289887,0.0018094912208072988,0.9915784001350404,0.99748295545578,0.9947438836097717,0.0015709102153779186,0.994190126657486,0.001954030627344039,0.9910292625427246,0.9975253343582152,0.9943183064460754,0.0013886690139769953,4191.0,712.2409704587345,3183.0,5465.0,3935.0,400.5,12275.685,1990.9572753037671,9305.55,15869.19,11692.385,1184.755,0.07419177025556561,0.0011113446543406906,0.0720157243311405,0.0756041396409273,0.07424334473907945,0.0008881464600562425,0.07337937578558917,0.0005589127367816543,0.0727157294750213,0.0742632523179054,0.0732442699372768,0.0004031993448734006,0.07466570585966106,0.0004844662904698371,0.0740093812346458,0.0755290016531944,0.07455699145793909,0.00032569468021394904
1.0,qlstm_linear_enhanced_paper,original_1,henon_1000,0.001,6.0,8.0,8.0,4.0,64.0,380.0,0.004359530177680388,0.006318907452454138,0.000144199191709,0.0205896999686956,0.00221742957364765,0.0014428815920837501,0.004049674062116488,0.004864507560037829,0.0001474765595048,0.0162056293338537,0.00267956638708705,0.00191143897245635,0.036578061291947905,0.026315441563964044,0.009174296632409,0.1001145616173744,0.0315455421805381,0.012312503531575201,0.03637137881014491,0.02343185966370434,0.0088942432776093,0.0907586142420768,0.0343831572681665,0.013368275947868848,0.9720396175980568,0.04155093295906172,0.8649708032608032,0.9991133213043212,0.9862296283245087,0.008964329957962147,0.9738893657922745,0.03220810751819798,0.8929757475852966,0.9990772604942322,0.9832329452037811,0.01197284460067749,4075.375,1334.2700192895738,3226.0,7546.0,3607.0,205.5,25704.065,8015.058247355411,19046.28,44068.86,22406.85,1826.7549999999992,0.0742662666831165,0.0007876725990575998,0.0729110598564148,0.0753215037286281,0.07438940629363056,0.0006460357457399521,0.07384428475052114,0.001121269040094926,0.072206325829029,0.0756774619221687,0.07359365001320836,0.0005164369940758029,0.0751379299908876,0.0010427050805220264,0.0735473409295082,0.0768160820007324,0.07491604611277575,0.0004574917256831984
1.0,qlstm_linear_enhanced_paper,original_1,henon_1000,0.001,6.0,16.0,8.0,4.0,64.0,668.0,0.0087471866863779,0.007521139097975057,0.0006533275009132,0.0203178282827138,0.0071451356634497,0.0064918081625365,0.007486369568921042,0.007131904396687531,0.0005463051493279,0.0166247878223657,0.0021042861044406,0.0015579809551127003,0.05386057815381456,0.03365384745590263,0.0169720016419887,0.1039816066622734,0.0338974744081497,0.016925472766161,0.050888223041381096,0.03135623337050699,0.0167368482798337,0.091573417186737,0.0292713642120361,0.012534515932202402,0.943715580872127,0.04929618608322539,0.8666651248931885,0.9959909915924072,0.9565833806991576,0.03940761089324962,0.9509707774434771,0.047126252514853154,0.8903653025627136,0.9965900182724,0.9867511987686156,0.009838819503784402,3111.8571428571427,843.6132202058728,1795.0,4384.0,2943.0,617.0,19904.13,5031.18747960303,10410.27,25980.84,20395.44,3194.5399999999972,0.0753085067229611,0.002075883182148723,0.0731075495481491,0.0795574612915515,0.0748731754720211,0.0014383494853972972,0.07492360898426596,0.0014301699699278332,0.0734253525733947,0.0774032846093177,0.074430875480175,0.0010055229067802984,0.07616586344582689,0.001298307659095178,0.0748334303498268,0.0784293562173843,0.0757424980401992,0.0008890107274056036
1.0,qlstm_linear_enhanced_paper,original_1,henon_1000,0.001,6.0,32.0,8.0,4.0,64.0,1244.0,0.00987393698435169,0.0123242797684518,0.000264727656031,0.0377681888639926,0.0024253688752651,0.0021606412192341,0.009417382112587767,0.011843142351325458,0.0002224536583526,0.036391869187355,0.0020381270442157,0.0018156733858631,0.05447025431527027,0.04349327385809659,0.0113049652427434,0.1476803719997406,0.0327529944479465,0.021448029205203098,0.05163453819437155,0.04059644333395288,0.0105667086318135,0.1373312473297119,0.0301433522254228,0.0195766435936093,0.9334088696373833,0.08656844065837695,0.7321264147758484,0.998366355895996,0.9851546883583068,0.013211667537689209,0.9358190099398295,0.0837552695850762,0.7403934597969055,0.9986243844032288,0.9872663021087646,0.011358082294464111,3378.6666666666665,1125.0602946805416,1778.0,5144.0,2858.0,600.0,20578.57111111111,5859.14994364739,14435.78,30354.96,17323.55,2887.7699999999986,0.07419597891469792,0.0011467087164219044,0.0723439179360866,0.0758628472685813,0.0742088012397289,0.0010350916534661997,0.07384329123629461,0.0009392376163855528,0.072568766772747,0.0752300173044204,0.0742386057972908,0.0009914115071295998,0.07520581285158788,0.0008516329930674696,0.0740333199501037,0.0763918235898017,0.0755141451954841,0.0008776783943175992
1.0,qlstm_linear_enhanced_paper,original_1,henon_1000,0.001,6.0,8.0,16.0,4.0,64.0,380.0,0.010887465541600189,0.015636538408346567,0.0002158300922019,0.0442045629024505,0.0024616532027721,0.0018737383652479003,0.008415107856207077,0.011437527068825108,0.0001944675022969,0.0306609794497489,0.0020870212465524,0.0015637195901945001,0.057945442282491225,0.05441939280697702,0.0103929452598094,0.1634090393781662,0.0369283109903335,0.0210469011217356,0.052040996547374395,0.046587361668256236,0.0103818895295262,0.1375447213649749,0.0293468050658702,0.014591030776500698,0.9233689837985568,0.11361495877459335,0.676814615726471,0.9986783266067504,0.984638810157776,0.011710762977599987,0.9426507552464803,0.07967592185197278,0.7852474451065063,0.9987974166870116,0.9868956804275512,0.009824275970459206,3873.5555555555557,1994.0437480496266,1176.0,8123.0,3336.0,926.0,48052.32555555555,22794.88632332217,14819.75,93086.66,46658.54,12756.629999999997,0.07498955660396148,0.001824441926443058,0.0719132453203201,0.0777851421386003,0.0755793940275907,0.0006300341337918958,0.07502396321958962,0.001766336911355212,0.0735453367233276,0.0790499895811081,0.0739622116088867,0.0004168748855591098,0.07564157661464473,0.001692669827201421,0.0742460265755653,0.0795172303915023,0.0746310353279113,0.0003850087523459972
1.0,qlstm_linear_enhanced_paper,original_1,henon_1000,0.001,6.0,16.0,16.0,4.0,64.0,668.0,0.005293174006510463,0.007937179643169907,0.0005454348865896,0.0260154344141483,0.0024153360864146997,0.0009533267002552997,0.0051120736970915,0.007281468141550092,0.0007681742426939,0.0236626639962196,0.0016781297163106,0.0007345390331465499,0.042794848908670205,0.03191025482434842,0.0144199738278985,0.1223632246255874,0.0312169315293431,0.0056205196306108995,0.04214693221729243,0.029900782179937874,0.0154832890257239,0.1135540753602981,0.028745672665536348,0.008416261523962,0.9650949165225029,0.05423486967473344,0.8232369422912598,0.9966055154800416,0.9848775565624237,0.006007581949233953,0.9662774503231049,0.049588164374981564,0.8393888473510742,0.9951937794685364,0.9894608557224274,0.0046236515045166016,3068.375,997.5729218332864,2061.0,5350.0,2751.5,578.0,44641.552500000005,18895.550648330387,24548.07,91168.6,38224.025,5095.759999999998,0.07473950097337362,0.0018902459803640957,0.0722799014300108,0.0781928941607475,0.07452318761497731,0.001514847390353652,0.0748310992494225,0.0016547771811116381,0.0727511942386627,0.0771436616778373,0.0750082060694694,0.0017709545791149,0.07548378873616453,0.0015619700636903332,0.0735668241977691,0.0777326747775077,0.0756166204810142,0.0016487389802932462
1.0,qlstm_linear_enhanced_paper,original_1,henon_1000,0.001,6.0,32.0,16.0,4.0,64.0,1244.0,0.019471633451757887,0.01888488186267797,0.0017810284625738,0.0571883209049701,0.011791025288403,0.009595779818482749,0.017501583599369,0.01778736434121521,0.0010631378972902,0.0563883185386657,0.011307462118566,0.00939557218225675,0.09008044749498362,0.05731180318793449,0.02703557908535,0.1950131803750991,0.07433984801173205,0.04397433064877985,0.08572430373169478,0.05452121743905481,0.0233570095151662,0.1949073672294616,0.07496686093509194,0.0390364099293947,0.8580426573753357,0.14958537110576403,0.5367333889007568,0.9888537526130676,0.9227455854415894,0.06357660889625544,0.8726158663630486,0.142864588847319,0.5427607297897339,0.993358850479126,0.9266394972801208,0.06167748570442194,2099.625,751.3011941791387,773.0,3131.0,2147.0,628.0,26768.97375,9133.393349137736,11190.49,37245.06,28670.18,8153.09,0.07376886671409007,0.0019026068827822824,0.0708709508180618,0.0766947880387306,0.07437791097909205,0.0017138997092843444,0.07365418318659062,0.0005745816502536009,0.0723628848791122,0.0741584673523902,0.07382300123572344,0.0002872906625271121,0.07433309964835641,0.0005221650244113813,0.0731611251831054,0.0747815445065498,0.07448782026767731,0.00026125833392139086
1.0,qlstm_linear_enhanced_paper,original_2,henon_1000,0.001,6.0,8.0,4.0,4.0,64.0,452.0,0.0013279815482544223,0.0013580220837979477,0.0002707710955291,0.0049449056386947,0.0007890718406997,0.0003083992341999,0.0012183076501564665,0.0012612662011233392,0.0002656917495187,0.0046621793881058,0.0007771879900246,0.0003182921209372,0.02285602730181479,0.010809486542814484,0.0119239566847682,0.0498200468719005,0.0186312273144722,0.004868728108704099,0.0224319614676965,0.010063852415979565,0.0122108925133943,0.0480653196573257,0.0193876083940267,0.004955584183335301,0.9917103581958346,0.008560073983682253,0.9688689112663268,0.9983199834823608,0.9950947165489196,0.001918315887451283,0.9923190805647109,0.00803787432147707,0.9703441858291626,0.9983410239219666,0.9951189160346984,0.002000868320465199,4344.888888888889,915.9330936803002,2780.0,6085.0,4401.0,450.0,21276.294444444444,7808.512378318808,11606.09,35385.19,18104.03,4228.459999999999,0.07468160556422335,0.0013469237403904298,0.0730617318302393,0.0776258774101734,0.0743810180574655,0.0010048720985651044,0.07418169660700687,0.0010800049445257344,0.0728034675121307,0.0763674601912498,0.0742001831531524,0.000897973775863703,0.07533930573198525,0.0009509784025536376,0.0741609558463096,0.0773235037922859,0.0752668753266334,0.0008115619421004971
1.0,qlstm_linear_enhanced_paper,original_2,henon_1000,0.001,6.0,16.0,4.0,4.0,64.0,740.0,0.0021474788469882777,0.0015124372436623676,0.0007371711544692,0.0055135758593678,0.0012959332671016,0.0005587621126323999,0.002231657505035344,0.0015881395677777362,0.0006903508328832,0.0056993379257619,0.001388193340972,0.0006978425080888,0.03012707063721281,0.011176133421954303,0.0174347534775733,0.0506358742713928,0.0268644969910383,0.009429743513465,0.030786605965759977,0.01128032604400265,0.0168806090950965,0.0523856319487094,0.0284831691533327,0.009681971743702899,0.9866008162498474,0.009544908884287806,0.9652088284492492,0.99542236328125,0.9919896125793456,0.003432750701904408,0.9859001570277743,0.010127494594414522,0.9636893272399902,0.9956846237182616,0.9912697672843932,0.004414856433868408,3815.5555555555557,833.2792130574122,2731.0,5791.0,3745.0,406.0,19788.436666666665,6710.191067721792,11595.56,30201.92,16024.66,4429.1,0.07463202712436515,0.0019442876970743323,0.0716250821948051,0.0781940154731273,0.0746861346065998,0.0014033466577530046,0.0741477376884884,0.0013132718808706242,0.0725096613168716,0.0764627233147621,0.0737647414207458,0.0012389048933982988,0.07529374460379276,0.0011631192600944599,0.0737520456314086,0.0773573964834213,0.0749465897679328,0.001038022339343997
1.0,qlstm_linear_enhanced_paper,original_2,henon_1000,0.001,6.0,32.0,4.0,4.0,64.0,1316.0,0.002783454497278214,0.002507743323282716,0.0008748774998821,0.0086448201909661,0.0015429740305989,0.0006680965307168,0.002025127344365586,0.001675019453251104,0.0008103280561044,0.0058474503457546,0.0012971676187589,0.0002992886584252,0.030421550252607826,0.010691271192001172,0.0184288136661052,0.0532368086278438,0.0279973037540912,0.006509657949209199,0.02840200412486276,0.00915975725558161,0.0185888949781656,0.0469061471521854,0.0261830110102891,0.005202293395996,0.9824838297707694,0.016066183231935986,0.9448657035827636,0.994644582271576,0.9904251098632812,0.004219472408294789,0.987196011202676,0.010721751424878093,0.9626917243003844,0.994937539100647,0.9919102787971495,0.001816570758819691,4415.714285714285,1200.049250690001,2435.0,6763.0,4226.0,463.0,20222.788571428573,5747.624162249075,10188.62,28102.0,19825.37,2524.75,0.07398672210318698,0.0014940987091055901,0.0710440937429666,0.0756217427551746,0.0747929766774177,0.0008287660777568928,0.07307766165052135,0.0006078994656703189,0.0718352645635604,0.0736019238829612,0.0733788162469863,7.320940494538741e-05,0.0743953149233545,0.0005837303265556325,0.0732483565807342,0.0749290585517883,0.0746407061815261,0.0001978650689125061
1.0,qlstm_linear_enhanced_paper,original_2,henon_1000,0.001,6.0,8.0,8.0,4.0,64.0,452.0,0.002315096563607811,0.0017964008739351518,0.0004668098408728,0.0054929908365011,0.0014213586691766,0.0007057488546705999,0.0014340333711717443,0.0007588078415265529,0.0003370829217601,0.0024073559325188,0.0014049432938918,0.0007817255100234998,0.026525486053691903,0.008568114704940729,0.0145760457962751,0.0400374718010425,0.0264738276600837,0.008828001096844701,0.023561729014747637,0.006087569028705693,0.0139846438542008,0.0313086099922657,0.0242872238159179,0.005015678703785002,0.9855977627966139,0.011234994085338417,0.9657744765281676,0.9971305131912231,0.9912441968917848,0.004431486129760742,0.9910355276531644,0.004753706529790104,0.9850338697433472,0.997907817363739,0.9912134408950806,0.004963696002960205,3735.777777777778,1190.3468941426536,2225.0,6436.0,3852.0,771.0,31370.65666666667,9676.213461941952,18863.74,52994.57,32799.56,7295.029999999999,0.07515048016276621,0.0023372173013672557,0.0728068605065345,0.0804554909467697,0.0741984650492668,0.000507177039980905,0.0748166739940643,0.0016441237442758718,0.0722139626741409,0.0779486000537872,0.0741935148835182,0.0010288357734679898,0.07604600737492238,0.0015130868874058039,0.0736579447984695,0.0789049938321113,0.0754932835698127,0.0009591877460480014
1.0,qlstm_linear_enhanced_paper,original_2,henon_1000,0.001,6.0,16.0,8.0,4.0,64.0,740.0,0.017658036228062335,0.01170781343502574,0.0010108558926731,0.0433530956506729,0.0151353552937507,0.0079440735280514,0.015364558358366245,0.009949478816641667,0.0009864254388958,0.0366795100271701,0.0156645011156797,0.005041355267167102,0.08715001928309597,0.03883231523744966,0.0215595345944166,0.1630238443613052,0.0893269851803779,0.01690246909856799,0.08088657901518873,0.03572490512793305,0.0210369955748319,0.1502655744552612,0.0844403356313705,0.014684535562992096,0.8802517983648512,0.0861326959537853,0.6807417869567871,0.9937241077423096,0.9015205502510072,0.05618065595626842,0.8960771030849881,0.07162392653933598,0.7359858155250549,0.9938263297080994,0.8969526886940002,0.03620558977127075,2657.6666666666665,591.4208879188042,1326.0,3468.0,2582.0,257.0,26716.641111111112,7278.915753841433,20417.4,40704.62,23224.31,2362.510000000002,0.07511034707228338,0.0011655474830134845,0.0727252878248691,0.0769318684935569,0.0749992541968822,0.0006851613521576122,0.07501140236854548,0.000781793401348502,0.0739293321967125,0.0763247162103653,0.0751021206378936,0.0007091909646987915,0.07619270682334894,0.0007001583429868384,0.0752084255218505,0.0773842260241508,0.0762955769896507,0.0006487742066383917
1.0,qlstm_linear_enhanced_paper,original_2,henon_1000,0.001,6.0,32.0,8.0,4.0,64.0,1316.0,0.007031395376543458,0.011361298806983387,0.0002415444032521,0.0345025062561035,0.0019018155289813,0.0016602711257292001,0.005605043427619514,0.009946001323057101,0.0002320414641872,0.0298380851745605,0.0013544780667871,0.0006864545866847001,0.042179612309804944,0.03973794600675883,0.0110284863039851,0.1370502561330795,0.0274445656687021,0.009224269539117803,0.03893511023904593,0.03712158580036648,0.0108558926731348,0.1282157450914383,0.0255051478743553,0.006236616522073798,0.9524503861154828,0.079936399873643,0.7586284875869751,0.998507559299469,0.9881800413131714,0.010327517986297607,0.9618122066770282,0.06969147187242752,0.7918446660041809,0.99856835603714,0.9914919137954712,0.0043323636054991566,3667.1428571428573,1170.0178788098472,2071.0,5677.0,3712.0,713.0,31007.071428571428,9720.252442132543,17950.57,48175.13,31414.1,5515.360000000001,0.07492552325129505,0.0018672354702386888,0.0721543125808239,0.0772800870239734,0.0747392289340496,0.0018707793205975931,0.07428639807871405,0.001384202271550065,0.0722009167075157,0.0765527784824371,0.0736946910619735,0.001133613288402599,0.07556494325399392,0.0012537613564754077,0.0736990272998809,0.0776028931140899,0.0749771296977996,0.0010639801621437073
1.0,qlstm_linear_enhanced_paper,original_2,henon_1000,0.001,6.0,8.0,16.0,4.0,64.0,452.0,0.00148391237113775,0.0013372767381914633,0.000248785217991,0.0042442763224244,0.0009723273105918999,0.0005352704756660998,0.0011520669116482998,0.0009172813551155684,0.0001894209999591,0.002959334058687,0.0007869865512475001,0.0004146358987782001,0.023528454825282052,0.010292113932960348,0.0111640486866235,0.0415789075195789,0.0201708702370524,0.006461352109909099,0.022071136782566666,0.009524181237560356,0.0098781660199165,0.0387964807450771,0.0184634737670421,0.0050716893747448505,0.9907522201538086,0.008437656924226584,0.9733193516731262,0.9984803199768066,0.9939940273761749,0.0033632516860961914,0.9927715559800466,0.005802781604136336,0.9813201427459716,0.9988187551498412,0.9951118528842926,0.002563834190368597,3678.0,855.3628859534804,2351.0,4786.0,3521.0,720.5,74938.03666666667,26221.384720868366,40957.71,123292.72,72766.63,14945.505000000001,0.07482130043208596,0.0020482281326871417,0.0724645461887121,0.0789894722402095,0.0743341518566012,0.0008414696902036486,0.07495409374435738,0.001021168179106323,0.0736448541283607,0.076559841632843,0.0748311504721641,0.0008196085691452026,0.07556865488489463,0.0009882073419703362,0.0742936134338378,0.0771122947335243,0.07545685023069376,0.0007721409201622009
1.0,qlstm_linear_enhanced_paper,original_2,henon_1000,0.001,6.0,16.0,16.0,4.0,64.0,740.0,0.01216328854206945,0.015705647840640168,0.0016337484121322,0.0509967990219593,0.0048410845920443,0.0031870224047452,0.0106385566614335,0.013672877342083115,0.0013762463349848,0.0427013039588928,0.0022588712163269,0.00081765005597845,0.06433550151996312,0.04913390313962385,0.0238504149019718,0.1741538196802139,0.034856623038649504,0.008175038732588253,0.0626721889711916,0.04729763848498174,0.0243083629757165,0.1640054136514663,0.03320892713963985,0.006843388080596997,0.9135303571820259,0.12237376341958818,0.604781985282898,0.9898856282234192,0.9709258675575256,0.018786430358886774,0.9261071532964706,0.10033165905360283,0.6851319074630737,0.9913982152938844,0.9858586490154266,0.005201190710067749,2258.75,1143.1898081683548,703.0,4475.0,2078.5,779.5,44310.44125,21228.08400293373,12677.85,76753.41,40148.195,16093.24,0.07451486294157798,0.001682756626393775,0.0721249189227819,0.0779451824724674,0.07430048044770955,0.0010197410359977996,0.07465722691267723,0.0011531519548240135,0.073185846209526,0.076504647731781,0.07462033256888385,0.0010630898177624026,0.07527246605604883,0.0010900184432996653,0.0738844275474548,0.0770545601844787,0.0752494633197784,0.00101446732878685
1.0,qlstm_linear_enhanced_paper,original_2,henon_1000,0.001,6.0,32.0,16.0,4.0,64.0,1316.0,0.01540189736341639,0.019107224161392315,0.0005607695202343,0.0561337359249591,0.0041174907237291,0.0026146216550841997,0.010779589440466565,0.013705317106377094,0.0004916778998449,0.0338766053318977,0.0017609696369618,0.0010587385622784998,0.0685227780292431,0.06167109142154146,0.0147462282329797,0.1798581480979919,0.0319560281932354,0.012414135038852699,0.05911108841084767,0.051609649074508615,0.0142815141007304,0.1388121545314788,0.026252394542098,0.0089443475008011,0.8916500012079874,0.13859124642604534,0.5936024188995361,0.9965115189552308,0.974435567855835,0.01622217893600464,0.925645563337538,0.0960154646144738,0.761911153793335,0.9969252943992616,0.9890064001083374,0.006621539592743031,2469.222222222222,978.6429127201014,806.0,3521.0,2936.0,438.0,43473.304444444446,15077.331183573502,14592.69,60107.18,50899.6,6386.25,0.07419019507037264,0.0020383646401049525,0.0716886516660451,0.0776354651898145,0.0739023700356483,0.0019503567367791935,0.07385054644611141,0.0011504894755966163,0.072208747267723,0.076731339097023,0.0737409368157386,0.0003817230463027954,0.07450201527939898,0.0010927507871688073,0.0729863047599792,0.0772573202848434,0.0744022950530052,0.00040239095687870374
1.0,qlstm_linear_enhanced_paper,original_3,henon_1000,0.001,6.0,8.0,4.0,4.0,64.0,524.0,0.0009250393850379,0.0004248947717516462,0.0003159569459967,0.0017370674759149,0.0008274091524071499,0.00023257685825230003,0.000856376726005625,0.0002998529752867996,0.0003716312348842,0.0014344037044793,0.0007875711016821999,0.00018683695816435007,0.01931130897719406,0.005059441359850964,0.0120337372645735,0.0290287006646394,0.019048954360186998,0.003849297761917149,0.01923172932583834,0.003978460674530674,0.0131067680194973,0.0268839299678802,0.01892080251127475,0.0026113986968993984,0.9942661970853806,0.002647036980338225,0.989179253578186,0.998035192489624,0.9948577582836151,0.0014482140541077215,0.9946408122777939,0.0018819177961844186,0.9910045266151428,0.9976849555969238,0.9950551986694336,0.0011941194534301758,4302.75,890.0057232962045,3023.0,5492.0,4457.5,778.0,27320.8575,9204.783772661027,16967.85,49227.12,25599.905,3394.9550000000017,0.07493072762154039,0.0011194552150662592,0.0722583621740341,0.0760136239230632,0.07508471775799985,0.0005761118605732973,0.07436404563486573,0.0018275136426863198,0.0707297772169113,0.0771642103791236,0.07432264834642405,0.001064106822013848,0.07544342149049041,0.0016363596610186745,0.0721619725227356,0.0779214948415756,0.0754495598375797,0.0009580142796039443
1.0,qlstm_linear_enhanced_paper,original_3,henon_1000,0.001,6.0,16.0,4.0,4.0,64.0,812.0,0.0011589040708106834,0.00043375583957678247,0.0005630721570923,0.001800873898901,0.0010860124020837,0.00040804821765055003,0.0011002901980342499,0.0003807589133444083,0.0005833049654029,0.0017181548755615,0.00106378272175785,0.00032873186864890006,0.022811489490171217,0.0045765017720323965,0.0161446202546358,0.0299796611070632,0.0223999517038464,0.0038304412737488486,0.02247466146945948,0.0042062789408591405,0.0163785405457019,0.0292025078088045,0.022031761705875348,0.0033727781847119,0.9928194383780161,0.0026987875385156195,0.9888544678688048,0.9965211749076844,0.9932928085327148,0.0025098919868469793,0.9931004544099172,0.0024038197507572075,0.9891988039016724,0.9963565468788148,0.9933295547962189,0.0020806491374968927,3844.0,1171.1727740460271,2169.0,6036.0,3633.0,465.5,20772.191666666666,6057.48821456115,12222.94,32091.15,19715.62,2576.7299999999996,0.07422753460705277,0.0013920430828790642,0.0715491116046905,0.0760776102542877,0.07437514252960681,0.0006288267672062003,0.07324881975849466,0.0008430184800317018,0.0720354989171028,0.074880227446556,0.07319074869155881,0.00019762665033344617,0.0745033745964368,0.0007978633435350004,0.0733622387051582,0.0760435163974762,0.07447728887200356,0.00020341575145724905
1.0,qlstm_linear_enhanced_paper,original_3,henon_1000,0.001,6.0,32.0,4.0,4.0,64.0,1388.0,0.0019226119620725144,0.0014200439004725576,0.0001341566094197,0.0047031762078404,0.0017279187450185,0.0010187489679083,0.001748658452665243,0.0011748143485042176,0.0001426907983841,0.0036568599753081,0.0016263750148937,0.0010629438911565,0.02701175864785904,0.011777139056878933,0.0083111831918358,0.0472534075379371,0.0272265970706939,0.008000891655683497,0.026660508077059445,0.010673003957596463,0.008821502327919,0.0426373817026615,0.0283821374177932,0.008610721677541799,0.9880192194666181,0.008922299778452733,0.97047358751297,0.999175786972046,0.9892388582229614,0.0064206719398498535,0.9890552077974591,0.00735863665852565,0.9772249460220336,0.9991077780723572,0.9899144768714904,0.006554245948791615,3465.4285714285716,752.7981814808112,2522.0,4478.0,3343.0,811.0,22591.04,7814.405389579281,13938.85,35160.46,22950.99,8527.470000000001,0.07525043700422555,0.0012997596696436684,0.0735414136201143,0.0772871769964695,0.0750531651079654,0.0012765891849993993,0.0745128648621695,0.0007512737506582174,0.0735223740339279,0.0759534686803817,0.0742598325014114,0.0006085112690926014,0.07561948150396344,0.0006380216198582335,0.0747914761304855,0.0768800005316734,0.0753553211688995,0.0005096495151520053
1.0,qlstm_linear_enhanced_paper,original_3,henon_1000,0.001,6.0,8.0,8.0,4.0,64.0,524.0,0.0015334715384856426,0.0010751109061898259,0.0007948944694362,0.0040003536269068,0.0010714378440752,0.00021427246974780006,0.0013036901987756,0.0010073479985917434,0.0004873947764281,0.0036696698516607,0.0010561392409726,0.00034918659366670003,0.023275222629308662,0.00611056404233667,0.0175085458904504,0.035971000790596,0.0209776759147644,0.0022818911820651003,0.022293612760092476,0.006400618490945814,0.0152246253564953,0.0360458344221115,0.0221255663782358,0.003100616857409498,0.9905271785599845,0.006617268289900666,0.975369393825531,0.9950768947601318,0.993341624736786,0.0013697147369383655,0.9918466891561236,0.006313998217952852,0.9770122170448304,0.9969623684883118,0.9933682680130004,0.002127408981323131,3178.8571428571427,897.7477260298891,2247.0,5167.0,3066.0,429.0,42049.638571428564,19171.431391905156,25298.51,83597.01,34412.81,6367.249999999996,0.07479540609887662,0.0014877617454753709,0.0721391774713993,0.0761778511106967,0.0754752896726131,0.0007025614380836015,0.07445066315787173,0.0013889272384352746,0.0725686624646186,0.0765688866376876,0.0742680206894874,0.0012938529253005981,0.0757180388484682,0.0012745678831735552,0.0739563703536987,0.0776571482419967,0.0756442323327064,0.001117594540119199
1.0,qlstm_linear_enhanced_paper,original_3,henon_1000,0.001,6.0,16.0,8.0,4.0,64.0,812.0,0.0055053052201400905,0.006103593901409959,0.0004733645473606,0.0203946698457002,0.002899483195506,0.0023077424848452002,0.004989565385039861,0.005586165691068039,0.0003751551848836,0.0184512976557016,0.0025764699093997,0.00199617954785935,0.04036985402926799,0.02575383914845809,0.0140252662822604,0.101970188319683,0.0366260968148708,0.0180735122412443,0.038680696766823466,0.024341444405486173,0.0133885843679308,0.0980353280901908,0.03381394594907755,0.0169162377715111,0.9646955788135528,0.040233262414161204,0.8647965788841248,0.9971128106117249,0.9820720255374908,0.014449924230575562,0.9676945269107818,0.03704628587123731,0.8770202398300171,0.9977076053619384,0.983879029750824,0.012493371963500921,2876.4,952.7556034996593,1418.0,4733.0,2879.5,681.5,35357.277,13074.63562870266,16628.37,63504.9,32253.505,5991.104999999996,0.07436656143516299,0.001491397896500781,0.072619566693902,0.077357118204236,0.0740334646776318,0.0008034303784370464,0.0743154093623161,0.0008501802260630169,0.0729100778698921,0.0760793089866638,0.0741770192980766,0.0006011351943016052,0.07559093162417407,0.0007590521603305584,0.0744197517633438,0.0772352740168571,0.0754251517355442,0.000541727989912047
1.0,qlstm_linear_enhanced_paper,original_3,henon_1000,0.001,6.0,32.0,8.0,4.0,64.0,1388.0,0.0152592440653178,0.014610946182182255,0.0011665149359032,0.0446314215660095,0.0106090381741523,0.0087922682287171,0.013790686951122313,0.013313112435468212,0.0009104282944463,0.0366262458264827,0.0079951202496886,0.0070426889578812,0.07512723778684931,0.048767780398961715,0.0229269731789827,0.1673793196678161,0.0628695413470268,0.0398279372602701,0.07141886154810584,0.044871509540029435,0.0208489727228879,0.1490175426006317,0.0572296306490898,0.0356244929134846,0.895017577542199,0.10675785361376768,0.6700509786605835,0.9927710890769958,0.9322883486747742,0.05644947290420543,0.9050365818871392,0.09538249496175653,0.7365275621414185,0.9943250417709352,0.9486833214759828,0.04534375667571999,2276.1111111111113,694.9627399195897,1045.0,3576.0,2224.0,460.0,28527.785555555558,8953.333113466257,12094.93,40097.99,30233.65,7519.880000000001,0.07408947038153803,0.0010905885350836464,0.0730875417590141,0.0763115502893924,0.0737073954194784,0.0005539778620005098,0.07364149060514236,0.0004066061190944105,0.0731089413166046,0.0744560286402702,0.0735051035881042,0.00037984549999241224,0.07501481721798574,0.0003655909269554388,0.0745327323675155,0.0758093819022178,0.0750147998332977,0.00017002224922180176
1.0,qlstm_linear_enhanced_paper,original_3,henon_1000,0.001,6.0,8.0,16.0,4.0,64.0,524.0,0.006174536114687877,0.009674901119658675,0.0004493312153499,0.0326109863817691,0.0020868561696261,0.0016375249542761997,0.005537464322211789,0.009716313174172462,0.0004965540720149,0.032620295882225,0.0017766254022717,0.0012800713302568,0.04381282482710145,0.03769284943191851,0.0162340328097343,0.1420062184333801,0.0330383591353893,0.015888269990682602,0.04295251104566781,0.037605961540452794,0.0164070073515176,0.1418122798204422,0.0310239698737859,0.0139438826590776,0.9587200813823276,0.06790859782305259,0.7717803120613098,0.9972122311592102,0.9869365096092224,0.010275721549987793,0.9624696837531196,0.06878386338725875,0.7701221108436584,0.996909201145172,0.9888415932655334,0.00806760787963856,2676.5555555555557,1045.4259218254974,905.0,3957.0,2646.0,902.0,69102.91444444444,35079.59686972475,20920.16,130923.49,59277.28,21846.57,0.07486803788277835,0.002341302596963622,0.0714186619967222,0.0787273772060871,0.0738853849470615,0.0008801322430372072,0.07468629628419872,0.001987535257385133,0.0704965516924858,0.0773176252841949,0.0752548649907112,0.0012495294213294983,0.07533508953120971,0.0018703545718462954,0.0714725404977798,0.0778854489326477,0.0758569687604904,0.0012284219264983992
1.0,qlstm_linear_enhanced_paper,original_3,henon_1000,0.001,6.0,16.0,16.0,4.0,64.0,812.0,0.01693362818332385,0.01852187227521824,0.0007156735518947,0.0501977428793907,0.00785028981044885,0.00684615381760525,0.0136851352435769,0.016520416526298595,0.000626772060059,0.043824303895235,0.00350040738703675,0.0026514128549024,0.07523415237665172,0.061433084834641175,0.0168519429862499,0.1784426271915435,0.0443252241238951,0.02363479323685165,0.07008145237341519,0.05809963236823281,0.0168892852962017,0.1694200485944748,0.03873098921030755,0.01943106949329375,0.8777240663766861,0.1417174021626412,0.6124277710914612,0.995640993118286,0.9507924914360046,0.04299134016036976,0.902718685567379,0.12142027847906348,0.6761232018470764,0.9961275458335876,0.9777767956256866,0.0169374942779541,2127.25,990.2345366124129,644.0,3763.0,2270.5,784.0,55593.0625,25980.48534140276,23308.59,87831.54,55731.995,27281.799999999996,0.07493784856051203,0.0018066882505778012,0.072339716926217,0.077249501645565,0.0749270966276526,0.0018023142591119048,0.07498140912503,0.0010719519606766613,0.0729174017906189,0.0763014256954193,0.0752042047679424,0.0008998773992061476,0.07558018807321784,0.001016150594985411,0.0736383646726608,0.076817587018013,0.0757808834314346,0.000874735414981849
1.0,qlstm_linear_enhanced_paper,original_3,henon_1000,0.001,6.0,32.0,16.0,4.0,64.0,1388.0,0.0178011963216704,0.018259251149059116,0.0002646970096975,0.0418032296001911,0.008502387907356,0.00793914127280005,0.0141935762148932,0.015225365370406595,0.0002651989343576,0.0350117236375808,0.00555686990264795,0.005125770374433999,0.08078987768385555,0.06331171209205406,0.0121442759409546,0.1611732840538025,0.05597481504082674,0.040465269703418044,0.0723024636972695,0.05715577726587734,0.0124995429068803,0.144991934299469,0.04888544045388695,0.0342692388221622,0.8720888644456863,0.1350757650470461,0.6931179761886597,0.9983550310134888,0.9461539387702942,0.05035138130187988,0.9006956964731216,0.10858272860043583,0.7497350573539734,0.9983413219451904,0.96481055021286,0.0324898660182954,1745.625,809.8884085940482,759.0,2937.0,1702.0,771.0,39357.69125,17511.629316310376,17786.7,65460.51,38310.3,16256.590000000004,0.07371589839458459,0.0014455806915139081,0.0720330107957124,0.0760253854095935,0.07352842744439836,0.0013032952323555613,0.07370982505381103,0.000508557399081276,0.0730619579553604,0.0744119212031364,0.07366445660591125,0.0004774220287799974,0.07438209559768434,0.00047239247634547633,0.0737468600273132,0.0750194191932678,0.07434081286191935,0.00042579323053359985
1.0,qlstm_linear_enhanced_paper,original_1,lorenz_1000,0.001,6.0,8.0,4.0,1.0,64.0,395.0,1.5188139798283374e-06,5.752672947998682e-07,7.717453627265058e-07,2.498581125109922e-06,1.2850577491008153e-06,3.773382388772006e-07,1.5976551424046193e-06,5.419864960377398e-07,8.565944540350756e-07,2.633766825965722e-06,1.4390652722795494e-06,3.1272082878786033e-07,0.00092381092836143,0.00017547357507156883,0.0006695710471831,0.0012138279853388,0.0008680170576553,0.00011767240357585002,0.00094187335926104,0.00016597747095902554,0.0006957274745218,0.0012493423419073,0.00089018908329305,8.885873830875006e-05,0.999984061717987,5.910617294132159e-06,0.9999746680259703,0.9999921917915344,0.9999861717224122,3.993511199895661e-06,0.9999832808971405,5.453564423973389e-06,0.9999735951423644,0.999990940093994,0.9999847114086151,3.337860107366364e-06,1972.6,240.3510765526129,1563.0,2257.0,2074.0,177.0,7973.688,3000.2940434690736,4600.4,12705.26,6368.07,1494.46,0.00594338693888854,0.004412956933533273,0.0025352575350552,0.0183287459425628,0.0041367079946211995,0.0011849978007376003,0.006660592649131961,0.004172282115553713,0.0029319471213966,0.017939219251275,0.0050221004057675,0.00151881703641265,0.00598426347132768,0.004310187404738507,0.0026819226332008,0.0180226825177669,0.0043790533673018,0.0011082539567723502
1.0,qlstm_linear_enhanced_paper,original_1,lorenz_1000,0.001,6.0,16.0,4.0,1.0,64.0,691.0,1.7397050953604775e-06,5.893990182817677e-07,9.501165436631708e-07,3.0500082175421994e-06,1.6194082377296577e-06,3.4275859661647764e-07,1.783125532028862e-06,7.077693869961645e-07,8.945198146648181e-07,3.343926664456376e-06,1.5861139672779245e-06,3.5011657928407647e-07,0.0009919032047036602,0.00018034780095025008,0.0007007076055742,0.0012964594643563,0.0009967070946003999,0.00013435105211104985,0.0009841751307248599,0.00019546470545106235,0.0006716278730891,0.0012909919023513,0.000982347613899,0.00016068277182054995,0.9999819755554199,5.983558262310664e-06,0.9999676942825316,0.999989926815033,0.9999828934669496,3.486871719471374e-06,0.9999813556671142,7.364963702521511e-06,0.9999645948410034,0.9999905228614808,0.9999834299087524,3.516674041803558e-06,1590.4,122.71609511388472,1422.0,1778.0,1616.0,118.0,5463.628999999999,1379.343297221181,4189.49,8343.14,4925.76,300.9549999999999,0.0030352944985497297,0.0007860725441313183,0.0020495744538493,0.0047965709120035,0.0030849567265249,0.00042266347445550005,0.0035661077359690797,0.0008513544956001274,0.0024768935982137,0.0052404892630875,0.00365128065459425,0.0006279808003455498,0.0031159406295045698,0.0008089068717231546,0.0021154326386749,0.0050579817034304,0.0032453240128234,0.00036556180566549995
1.0,qlstm_linear_enhanced_paper,original_1,lorenz_1000,0.001,6.0,32.0,4.0,1.0,64.0,1283.0,1.9119679450341208e-06,9.667516856558317e-07,8.037926590986899e-07,3.455733576629428e-06,1.428130190106458e-06,4.816282626052271e-07,1.9194106528175324e-06,1.0054020629195472e-06,7.858163826313103e-07,3.7209890706435536e-06,1.4250372828428226e-06,5.569709458086436e-07,0.0010001531220040802,0.00026179868460403903,0.0006397201213985,0.0013945501996204,0.0009257874335162,0.00022660396643915003,0.00099585468415168,0.00027714569074770655,0.0006399755366146,0.0014598228735849,0.0009169643453787999,0.00019449254614305005,0.9999799013137818,1.0169321011054554e-05,0.9999630451202391,0.9999914169311525,0.99998539686203,4.440546035822113e-06,0.9999800682067871,1.0169090433431653e-05,0.9999611377716064,0.9999917149543762,0.9999850988388062,5.7220458984375e-06,1380.6,214.11034538293566,992.0,1640.0,1436.5,159.5,5060.175,1496.5914254147658,2901.2,8489.04,4559.889999999999,371.33500000000004,0.00182154728216113,0.00043693569705641465,0.0010738908953499,0.0027760121505707,0.00170850338181475,0.00018519336008464998,0.00208175462903451,0.0005414090780755027,0.0011152076767757,0.0032034015748649,0.0020394186722114,0.00030963087920099996,0.0019239620887673901,0.00046746242703282645,0.0010392881231382,0.0029613866936415,0.0018252849113195501,0.00015948276268320009
1.0,qlstm_linear_enhanced_paper,original_1,lorenz_1000,0.001,6.0,8.0,8.0,1.0,64.0,395.0,1.9565181048619706e-06,1.3172579506334796e-06,5.285735937832214e-07,5.213030362938298e-06,1.4095800224822597e-06,3.119315579169777e-07,2.0621934368136864e-06,1.3620068616248946e-06,5.000413239031332e-07,5.107388915348565e-06,1.6158959397216677e-06,3.036321913896245e-07,0.00098542667110446,0.00030270817200111285,0.0005074575310572,0.0016411390388384,0.00090635253582145,0.00010945467511189996,0.0010080064646899101,0.000317427695816722,0.0004806115757673,0.0016223910497501,0.0009599232289473499,0.00011041428660975002,0.999979418516159,1.3682117352017212e-05,0.99994558095932,0.999994456768036,0.9999849796295166,3.248453140258789e-06,0.9999784529209137,1.4159917317599631e-05,0.999946355819702,0.9999946355819702,0.9999827444553376,2.9504299161597913e-06,1622.4,191.34795530655666,1267.0,1863.0,1678.5,158.5,12993.932999999999,3759.1624901300816,8657.35,19578.6,11273.015,2251.0199999999995,0.00412536849500605,0.0018223013678910953,0.0021285083261318,0.008095865137875,0.0037213629926554,0.00101075165439395,0.0051554139470680995,0.0025651618087068995,0.0022663259878754,0.0110709033906459,0.00438150251284235,0.0017107252497226,0.00419227040838447,0.0019570988271838665,0.0020913290791213,0.0082758450880646,0.0036505564348772,0.0011129406047984999
1.0,qlstm_linear_enhanced_paper,original_1,lorenz_1000,0.001,6.0,16.0,8.0,1.0,64.0,691.0,1.3307849371813063e-06,5.764522413932075e-07,5.993836680318054e-07,2.314504399691941e-06,1.1756391700146196e-06,3.716620824434358e-07,1.3549535083257069e-06,6.146424743267029e-07,5.639795972456341e-07,2.3249542664416367e-06,1.2091138046343985e-06,4.411861596054223e-07,0.0008516610192599999,0.00018426964982584153,0.000578578794375,0.0011465124553069,0.0008323090733028001,0.00015412145876329993,0.0008514299930538599,0.00019524833663390882,0.0005656381254084,0.0011365656973794,0.0008311330166178999,0.00017115424270739994,0.9999859988689422,6.032534831986338e-06,0.999975562095642,0.9999935030937196,0.9999874234199524,4.142522811834137e-06,0.9999858856201171,6.414124479194145e-06,0.9999758005142212,0.9999939799308776,0.9999871551990508,5.0663948060192254e-06,1471.1,138.1719580812257,1262.0,1756.0,1463.5,103.5,10501.333999999999,3005.4499400562304,7915.76,16469.48,9482.75,1246.9099999999999,0.00235916635487223,0.0007959289013617896,0.0010300652938894,0.0040834415471181,0.00236290408647615,0.0004650733142625501,0.0027558592846616604,0.0010678617924577707,0.001197017263621,0.0051164263859391,0.0026687801582738003,0.00067631725687535,0.00242153772851447,0.0006666561836729133,0.0011367235565558,0.0036225961521267,0.0024789734743535,0.0004049838753417002
1.0,qlstm_linear_enhanced_paper,original_1,lorenz_1000,0.001,6.0,32.0,8.0,1.0,64.0,1283.0,1.7439217344872305e-06,8.588774393324426e-07,9.03395971363352e-07,4.027903742098715e-06,1.4651018318545539e-06,2.466979367454769e-07,1.8446361366386555e-06,1.0093016317387206e-06,8.616424906904285e-07,4.630938747141045e-06,1.47894223800904e-06,3.3429643053750624e-07,0.00097297569154758,0.00023428610131400374,0.0007062967633828,0.0015684284735471,0.0009115058346651,8.405401604249998e-05,0.00098718489171,0.0002593441027526354,0.0006799137336201,0.0016706802416592,0.0009298705263063,9.236030746255004e-05,0.9999818801879883,8.840154537652277e-06,0.9999577403068542,0.9999907612800598,0.999984472990036,2.4139881134033203e-06,0.9999810636043549,9.822948536847115e-06,0.9999538064002992,0.9999913573265076,0.9999841749668121,2.652406692504883e-06,1257.7,98.86865023858674,1078.0,1435.0,1247.5,46.0,11538.658,3318.494679865556,6562.9,15587.81,13612.36,1345.9399999999996,0.00142800392277416,0.0006911820834784878,0.0003563470105291,0.0029426218010485,0.0013963263510958501,0.00037382451118905,0.00162286347185721,0.0008769676232576239,0.0003465938207227,0.0036904662847518,0.0015773570630699001,0.0003703540423885,0.00151171805628103,0.0007093450177033688,0.0003492434334475,0.0029846865218132,0.00150297378422685,0.00041548965964465
1.0,qlstm_linear_enhanced_paper,original_1,lorenz_1000,0.001,6.0,8.0,16.0,1.0,64.0,395.0,1.5372496648069501e-06,7.12988435806238e-07,5.65185985124117e-07,2.929475840574014e-06,1.4569565678357321e-06,5.746689453189902e-07,1.66774116223678e-06,8.05716030623263e-07,6.23687014922325e-07,3.282190846221056e-06,1.5387981306957954e-06,6.653670538980805e-07,0.00091364614781918,0.00023376370443280056,0.0005411583697423,0.0012768083252012,0.0009015066607389001,0.00020296816364859997,0.00094396676286118,0.0002542114552125598,0.0005609564832411,0.0013810913078486,0.00092350505292415,0.00020406313706185003,0.9999837696552276,7.55076053419356e-06,0.9999687075614928,0.9999942779541016,0.999984472990036,5.841255187988281e-06,0.9999826788902283,8.273940568300364e-06,0.9999663829803468,0.9999936819076538,0.9999838769435883,6.3478946685791016e-06,1708.2,183.41308568365562,1385.0,1920.0,1773.0,99.5,28957.576,7564.824484520708,17503.15,40273.98,27912.075,6400.285000000002,0.007570008247857871,0.004515069877888113,0.0026975921704433,0.0155107413418591,0.005068645637948,0.0015204946394078499,0.008875629096291918,0.005390565400829496,0.0030750941950827,0.0190386045724153,0.006314178230240899,0.0015342549886554493,0.00776703963056202,0.004579920961595179,0.0027365577407181,0.0159127879887819,0.005009820917621199,0.0014714312274008996
1.0,qlstm_linear_enhanced_paper,original_1,lorenz_1000,0.001,6.0,16.0,16.0,1.0,64.0,691.0,1.3395853386555245e-06,4.908207387777864e-07,8.166584848368075e-07,2.6701943625084823e-06,1.2559904121189902e-06,1.620009015823598e-07,1.3210210454417393e-06,4.6085015031092204e-07,7.565632813566481e-07,2.51829692388128e-06,1.2488508218666539e-06,9.694497293821769e-08,0.00086303894640872,0.0001544797635877338,0.0006654286989942,0.0012614560546353,0.00085118159768165,5.016004433855008e-05,0.0008442250487859799,0.00015315719412659624,0.0006221481016837,0.0012136907316744,0.0008606423798482501,2.9193470254549984e-05,0.9999861657619477,5.1561600775565004e-06,0.9999724626541138,0.9999917149543762,0.9999872744083405,1.7285346985418393e-06,0.9999863624572753,4.732008206443941e-06,0.999974012374878,0.9999919533729552,0.9999870955944061,1.162290573064606e-06,1375.8,195.94172603098096,983.0,1755.0,1434.0,116.5,25382.158,6998.135729746601,12193.67,33397.34,27927.410000000003,5407.734999999993,0.00293385863653379,0.0024515743344806053,0.0007818575133569,0.0100450003985315,0.00209178656805305,0.0004518853558693,0.0036311664385720497,0.0034129362062590564,0.0007840094622224,0.0136201977729797,0.0025438714073970498,0.00048208923544735,0.00295455402228977,0.0024817722151319836,0.0007924707606434,0.0101152947172522,0.0021078854333609,0.0004078467609360501
1.0,qlstm_linear_enhanced_paper,original_1,lorenz_1000,0.001,6.0,32.0,16.0,1.0,64.0,1283.0,1.6426882041287172e-06,7.822524155010336e-07,7.672733772778884e-07,3.654891543192207e-06,1.5614677408848363e-06,4.076383106621503e-07,1.7341559271244477e-06,7.645722374552399e-07,9.273105092688638e-07,3.673286755656591e-06,1.6614289393146464e-06,4.610014343597868e-07,0.0009554994292556801,0.00020860323679146932,0.0006955668213777,0.0014369273558259,0.00094949809135865,0.00014653865946455006,0.0009888154687359599,0.0002116455170805732,0.0007676882087253,0.0014901331160217,0.00096070789732035,0.00014724564971404998,0.9999830424785614,8.46680779550312e-06,0.9999607801437378,0.9999920129776,0.999984085559845,4.5597553252063605e-06,0.9999822497367858,8.352514376063335e-06,0.9999607801437378,0.9999905824661256,0.999983549118042,5.185604095403473e-06,1124.3,164.79202043788408,785.0,1333.0,1114.5,118.0,20691.472,5814.238993200744,12780.45,28798.7,20325.230000000003,5323.839999999999,0.0015545760368695003,0.0002517129482800135,0.0012158146302681,0.0020583930774591,0.00158803260419515,0.0001947882643435,0.00175223724218081,0.0003247986393743137,0.0013081086799502,0.0023599090054631,0.0018129343516193,0.00026265374617654997,0.0016124845948069697,0.0003182252351871602,0.0011880876263603,0.0021809239406138,0.0015965018537826,0.0002657333388923999
1.0,qlstm_linear_enhanced_paper,original_2,lorenz_1000,0.001,6.0,8.0,4.0,1.0,64.0,467.0,1.0486904898243665e-06,1.9472307063368597e-07,7.710735872024088e-07,1.3861711067875149e-06,9.819405590860697e-07,7.63786545121548e-08,1.0834899626388506e-06,1.7691897831672745e-07,8.073781714301731e-07,1.3953973621028126e-06,1.0718434282352973e-06,1.446782960101699e-07,0.0007787066686432401,5.854461843340312e-05,0.0006895465194247,0.0009027864434756,0.0007622083940077001,2.1848129108550062e-05,0.00079167037038127,6.19845566715787e-05,0.0007157940417528,0.0009267244022339,0.00077737940591755,4.294959944675002e-05,0.9999889373779297,2.0061545712578593e-06,0.9999856352806092,0.9999917149543762,0.999989777803421,7.152557374157098e-07,0.9999885737895966,1.8071220049350615e-06,0.9999849796295166,0.9999912977218628,0.9999885559082031,1.400709152332702e-06,1736.2,207.72231464144625,1401.0,2032.0,1778.0,187.0,8756.581000000002,3101.87088631184,5999.66,15794.74,7753.105,1080.9999999999995,0.00319964706082823,0.0017711499752155165,0.0011371004860848,0.0065262369345873,0.0027721978956832998,0.0010300254885805499,0.00374370176577937,0.0022754476195383745,0.0011701975017786,0.0079708257690072,0.0030930301873012996,0.0012340827961452496,0.0032798732747323298,0.0017860154042625919,0.0011605483014136,0.0065351002849638,0.00283112539909775,0.0011056631919928
1.0,qlstm_linear_enhanced_paper,original_2,lorenz_1000,0.001,6.0,16.0,4.0,1.0,64.0,763.0,1.1543677430836397e-06,4.4676540794884285e-07,6.911092214068049e-07,2.2515339423989644e-06,1.0102226042363327e-06,1.3661804132425449e-07,1.1413551021632884e-06,4.55310025174354e-07,6.770398499611474e-07,2.225525122412364e-06,9.915380587699474e-07,2.0375489384605306e-07,0.0007946879544760501,0.0001604332777016165,0.0006061640451662,0.0011413301108404,0.0007359966402873,6.858343840580004e-05,0.0007710311328991599,0.0001591703836191909,0.0006008899072185,0.0010856438893824,0.0007143967668525,0.00010136273340320001,0.9999881505966186,4.198706194623079e-06,0.9999783635139464,0.999992847442627,0.9999894797801971,8.344650267999576e-07,0.9999880969524384,4.725039558254725e-06,0.9999770522117616,0.9999927878379822,0.9999893307685852,1.4901161193847656e-06,1458.5,166.78564086875105,1208.0,1794.0,1406.0,105.5,9013.941,2958.218027226695,5499.42,13474.65,8623.99,2613.62,0.00158492022426794,0.0005124566521404673,0.0007110308506526,0.0025581023655831,0.0014353210863191,0.00021046070032750008,0.0016750895127188102,0.0006014944556741751,0.000734704255592,0.0029001089278608,0.0014141857391223,0.00015961838653309995,0.0016666014096699201,0.0005056454235086362,0.0007857970194891,0.0026729882229119,0.0015172691782935998,0.00023411941947414994
1.0,qlstm_linear_enhanced_paper,original_2,lorenz_1000,0.001,6.0,32.0,4.0,1.0,64.0,1355.0,1.593557720980243e-06,5.328290051159449e-07,7.038345302134985e-07,2.3892739591246936e-06,1.649069588438579e-06,4.130085358156066e-07,1.6798473609469511e-06,6.319174606927343e-07,7.255766263369878e-07,2.680000989130349e-06,1.5781170077389106e-06,4.080908411197013e-07,0.0009409748192410399,0.00017442173037621027,0.000638805096969,0.0011777621693909,0.0009994822030421,0.00011896280921064995,0.0009517981030512098,0.00019285121006960498,0.0006418835837393,0.001281508943066,0.0009555961878503999,0.00014704928616989996,0.9999835073947907,5.654030752573453e-06,0.9999751448631288,0.9999929666519164,0.999983012676239,4.172325134221833e-06,0.9999825239181519,6.491588901337662e-06,0.9999712109565736,0.999992609024048,0.9999831318855286,3.874301910455902e-06,1243.1,114.7505555542107,1046.0,1393.0,1259.5,83.5,7254.1539999999995,2495.382709073701,4821.26,11289.54,5750.655,857.8549999999996,0.00120827617691243,0.00044471565892362577,0.0003375934393261,0.0018944935523904,0.0011925164988497,0.0001955141400686001,0.00125943868188183,0.0005075569610635699,0.0002914986689575,0.0020984369330108,0.00136177160311485,0.00039879421819935003,0.0012795743212336201,0.0004817694321756322,0.0003161636122968,0.0020796984899789,0.0013306819600983999,0.0002904493594542499
1.0,qlstm_linear_enhanced_paper,original_2,lorenz_1000,0.001,6.0,8.0,8.0,1.0,64.0,467.0,8.511573525993299e-07,2.0414320632266848e-07,6.157833354336617e-07,1.3572071111411788e-06,8.290885489259381e-07,1.1235619012950332e-07,9.202482431192039e-07,2.7143454665140843e-07,5.263685807221918e-07,1.6347206610589635e-06,8.827318254134298e-07,1.0187889643020753e-07,0.0006866653100587001,7.700115721581941e-05,0.0005541054415516,0.0008627616334706,0.0006869567732792001,3.4939352190099945e-05,0.0007127448916434701,0.00010051822326673647,0.000515155668836,0.0009381576674059,0.0007166609284467501,3.3487041946500106e-05,0.9999912202358245,2.284195883839451e-06,0.9999855756759644,0.9999939203262328,0.9999914765357971,1.2218952178955078e-06,0.9999904036521912,2.897300792155032e-06,0.9999827146530152,0.9999943375587464,0.9999907910823822,9.5367431640625e-07,1590.8,170.32427895047726,1343.0,1794.0,1583.5,178.5,16784.345,6367.584283235283,12030.54,29686.54,13943.17,1628.6499999999996,0.00200375849788538,0.0006417740411994656,0.0011436783068347,0.0032871727133169,0.0020178842009044504,0.00038442354416470044,0.0022148557822219504,0.0007490607843620326,0.0012270316947251,0.0037064142525196,0.00226537953130895,0.0005149243515916,0.00208894112147386,0.0006706742028080393,0.0011078424286097,0.0032116887159645,0.0021464236779138,0.00047762371832505
1.0,qlstm_linear_enhanced_paper,original_2,lorenz_1000,0.001,6.0,16.0,8.0,1.0,64.0,763.0,1.319480657002714e-06,6.952358065514972e-07,5.900667474634247e-07,2.639756530697923e-06,1.0555839367043518e-06,2.8445731459214585e-07,1.3561976061282622e-06,6.649599999331115e-07,6.162367753859144e-07,2.8445429052226245e-06,1.1577095051507058e-06,3.1070140948941116e-07,0.0008256097149569,0.0002062777134127371,0.0005558671546168,0.0011869898298755,0.00077237782534205,0.00011666692444125003,0.00083547635585996,0.00018625830429385755,0.0005659647868014,0.0012044414179399,0.0008020711538847,9.748441516425004e-05,0.9999865829944611,6.99853210365364e-06,0.999972403049469,0.9999936819076538,0.9999895989894868,2.503395080510895e-06,0.9999860942363739,6.667042631318447e-06,0.9999719858169556,0.9999934434890748,0.9999885261058807,2.6226043700616763e-06,1317.2,187.20459396072522,870.0,1517.0,1332.0,118.5,14807.445000000002,5320.079469465188,7781.82,24430.28,12827.060000000001,1953.1650000000009,0.0013271140956202798,0.0005735850040419401,0.000488848707755,0.002715827897191,0.00123729081824415,0.0002952179551357,0.00141890379018146,0.0006924484737131697,0.0004564738483168,0.0031225658021867,0.0012590554542839,0.0004043566004839,0.0013214347854954502,0.0005487945526244923,0.000391576293623,0.0025558941997587,0.00130531174363565,0.00030826585134485004
1.0,qlstm_linear_enhanced_paper,original_2,lorenz_1000,0.001,6.0,32.0,8.0,1.0,64.0,1355.0,1.309451954512042e-06,4.828743345353796e-07,7.308973977160349e-07,2.1491714505827986e-06,1.1804600603682047e-06,2.9326761818992964e-07,1.3739514031385624e-06,5.176144446622705e-07,7.867818112572422e-07,2.3717086605756776e-06,1.1803542747657048e-06,2.8979965804865065e-07,0.0008591934689320102,0.00016304595708512544,0.0006309731979854,0.0011510994518175,0.0008168459462467,0.00010480408673175005,0.00086859081056895,0.00016536130639134387,0.0006321677356027,0.0011675361311063,0.00080202065873885,9.492572280580001e-05,0.9999867796897888,5.25845404999782e-06,0.9999768733978271,0.9999926686286926,0.99998939037323,2.4735927581231998e-06,0.9999858260154724,5.587012691560833e-06,0.9999751448631288,0.9999916553497314,0.9999886751174927,2.3245811462402344e-06,1169.6,159.69671255226265,851.0,1381.0,1214.5,87.5,14416.189000000002,4008.8754869325885,9086.74,20923.62,13010.705,3093.955,0.0008716483910392899,0.00039595011096521575,0.0003067928060772,0.0016349758021533,0.00081859429192255,0.000259083689889,0.00092550295812538,0.0005055247944329493,0.0002905325673054,0.0019743496086448,0.0008272801060229,0.0002888236194849,0.00091102728911205,0.00043205396498904826,0.000296857295325,0.0017241820460185,0.0008576455584261,0.00025206271675415
1.0,qlstm_linear_enhanced_paper,original_2,lorenz_1000,0.001,6.0,8.0,16.0,1.0,64.0,467.0,1.030242373190049e-06,4.171437436326703e-07,6.279416311372188e-07,1.883143909253704e-06,8.664432300520275e-07,1.682633126165456e-07,1.1056167977585573e-06,4.4343700612691004e-07,7.669282240385655e-07,2.0881711861875374e-06,9.007951575767947e-07,1.1708647207342437e-07,0.0007405658776405701,0.00015762937871550352,0.0005701902555301,0.0010583940893411,0.0007002013153396,0.00011179287685080007,0.0007696271815802399,0.00015917897330715324,0.0006165106897242,0.0011320295743644,0.0006977300508878501,4.879431799049999e-05,0.9999891996383667,4.449142385571371e-06,0.9999800324440002,0.9999934434890748,0.9999907612800598,1.9669532775878906e-06,0.99998859167099,4.662835969668111e-06,0.9999781250953674,0.9999919533729552,0.9999908804893494,9.834766387384342e-07,1576.9,119.03734708065365,1352.0,1766.0,1564.0,91.5,36530.215000000004,9806.030012089755,27183.75,54219.05,30347.235,2825.3500000000004,0.00384291690308596,0.0019348271704646685,0.0017302386695519,0.0073297130875289,0.0032088933628983502,0.0010143380262889004,0.00458096170332279,0.002503695269685545,0.0020021570380777,0.0095021920278668,0.0034026771318167,0.0010365988127886997,0.00398960256716231,0.0020920638822433573,0.001709884032607,0.0077306791208684,0.0033459819387644,0.00124438625061885
1.0,qlstm_linear_enhanced_paper,original_2,lorenz_1000,0.001,6.0,16.0,16.0,1.0,64.0,763.0,9.1175583918357e-07,4.072480536812011e-07,3.715686887062475e-07,1.7266230543100392e-06,7.404978816794028e-07,1.915766176807665e-07,1.0180542716398121e-06,5.085821341890741e-07,3.104768495632016e-07,2.089698682539165e-06,8.404372806580795e-07,2.1729528043579194e-07,0.00068578370846804,0.00018552370541274747,0.0003714160993695,0.0010610906174406,0.00063264984055415,0.00010006933007389995,0.00071419828745996,0.0002094737028462993,0.0003651001316029,0.0011667602229863,0.0006565014773513499,0.00010233046486974999,0.999990600347519,4.259714235727661e-06,0.9999817609786988,0.9999960064888,0.9999924302101135,1.8775463104248047e-06,0.9999895989894867,5.238244597454067e-06,0.9999785423278807,0.9999968409538268,0.9999914467334747,2.115964889526367e-06,1277.8,123.48344018531394,1124.0,1508.0,1265.0,79.0,27142.849,8993.663741116243,20482.25,45435.92,22918.550000000003,1656.2450000000026,0.0018823776644421198,0.0027280671237937316,0.0005084368604002,0.0099796791560947,0.001123316687881,0.0005117955981405,0.0022579502314328597,0.003612618659499905,0.0005058331298641,0.0130034405738115,0.0012277999194338501,0.0006389529735316001,0.0018527144624385697,0.00258942874706494,0.0004944888059981,0.0095181707292795,0.0011739516048692,0.0005774369637948
1.0,qlstm_linear_enhanced_paper,original_2,lorenz_1000,0.001,6.0,32.0,16.0,1.0,64.0,1355.0,1.3723561266942852e-06,4.0304738269323207e-07,7.913330932751705e-07,2.079803607557551e-06,1.296083325996733e-06,2.924150521721458e-07,1.4098956000907492e-06,3.8639585409074006e-07,7.756597710795177e-07,1.9997364688606467e-06,1.3426838449959178e-06,2.7051692086388346e-07,0.00088050303165797,0.0001346935848270109,0.0006512462859973,0.0010854391148313,0.0008575435786042,0.000105169339804,0.0008901340654119299,0.00012612770188248567,0.0006523350602947,0.00105392630212,0.00089120332268065,0.00011212987010370001,0.9999864220619201,3.831405853251325e-06,0.9999793767929076,0.999991774559021,0.9999877214431764,3.0398368834894107e-06,0.9999857902526855,3.9142783651026385e-06,0.999979555606842,0.9999918937683104,0.999986320734024,2.7418136596679688e-06,1079.2,156.68426851474274,879.0,1364.0,1050.0,71.5,23983.896,8713.030550572172,15950.37,39601.82,20119.245,3053.959999999998,0.0008911518519743699,0.0003620181930058379,0.0003214223426766,0.0014897482935339,0.0008081658947048,0.00029016840562689995,0.0009620914439437301,0.00044167167129304533,0.0002850520249921,0.0016564583638682,0.0008342202054336,0.00041766077629289995,0.00090177387464786,0.0003904577951252952,0.0003069008234888,0.0015183658106252,0.0007999975641723,0.00031101075001060003
1.0,qlstm_linear_enhanced_paper,original_3,lorenz_1000,0.001,6.0,8.0,4.0,1.0,64.0,539.0,8.451963509514826e-07,2.415563980362659e-07,3.992928725438105e-07,1.2677365930358064e-06,8.284497994281992e-07,1.7123409179475857e-07,9.248009178008943e-07,2.562735364282677e-07,4.770822101818339e-07,1.4751808521396017e-06,9.18732638410802e-07,1.7657617945587845e-07,0.00069770898844577,0.00011376468692973773,0.0004617065133061,0.0008726501255296,0.000713889603503,8.349239942620007e-05,0.00072435875772496,0.0001070378389547998,0.0005112804356031,0.0009209924028255,0.0007351658423431001,7.037556497380007e-05,0.9999912440776825,2.6280782210527646e-06,0.9999862909317015,0.999995768070221,0.9999917447566986,1.6689300537109375e-06,0.9999903857707977,2.7896056296662197e-06,0.999984085559845,0.9999949932098388,0.9999906718730927,1.7881393432617188e-06,1785.1,115.77776124973224,1607.0,2002.0,1761.5,69.5,14280.166000000001,4457.4383025145735,9016.2,20831.84,14054.185,3981.1400000000003,0.005010091513395249,0.0057873368019934895,0.0014822248835116,0.0221281407400965,0.0033104035886935,0.0008959412982221502,0.00528580036479975,0.005502123432728954,0.0017012073658406,0.0213455371558666,0.0036431169137357998,0.0013183590490370998,0.005108922731596939,0.005713475040843408,0.0015741375973448,0.0219961144030094,0.0034616314806043998,0.0009276960045099998
1.0,qlstm_linear_enhanced_paper,original_3,lorenz_1000,0.001,6.0,16.0,4.0,1.0,64.0,835.0,1.3204916740505723e-06,5.314037231581966e-07,7.554352237093553e-07,2.3423224320140434e-06,1.1305117482152127e-06,2.3119773118196463e-07,1.321986582070167e-06,5.028938528563626e-07,6.966424166421348e-07,2.347009967706981e-06,1.221227421410731e-06,2.189158294640946e-07,0.00084659918793473,0.00015200656773038134,0.0006296666688285,0.0011090692132711,0.00080052297562355,7.934201858010006e-05,0.00085711170104328,0.0001518867553752342,0.0006132130511105,0.00113482598681,0.0008463456179015,6.128213135525004e-05,0.9999864935874939,5.3680063537758514e-06,0.9999759197235109,0.9999918937683104,0.9999882280826569,1.2814998626153873e-06,0.9999864935874939,5.113244822353938e-06,0.9999770522117616,0.9999926686286926,0.9999880790710449,2.473592758178711e-06,1402.1,168.85641829672926,1170.0,1770.0,1327.0,53.0,9710.628,2507.7360467114554,7205.49,14071.56,8807.39,1507.9699999999993,0.0017333723761839097,0.0003023897205250673,0.0013230306329205,0.0022751869983039,0.0017087578540667002,0.00024988540099000003,0.0018426222493871502,0.0003291387232703681,0.0014572497457265,0.0024999645538628,0.0017802286893129002,0.0002778503112494501,0.00183542985469098,0.00033976787221036756,0.0014120280975475,0.0025401876773685,0.00177121150773015,0.00024249177658929998
1.0,qlstm_linear_enhanced_paper,original_3,lorenz_1000,0.001,6.0,32.0,4.0,1.0,64.0,1427.0,1.8338920028782014e-06,6.539054493510155e-07,8.708677228241868e-07,2.9409347916953266e-06,1.6730522816033044e-06,6.479315857177428e-07,1.8327496604797489e-06,6.084116644502767e-07,1.0677481441234704e-06,2.914694505307125e-06,1.5429083077833639e-06,4.1568267761249444e-07,0.00100838854559692,0.00019639042664686463,0.0006800994160585,0.0013162973336875,0.0009367910388391,0.0001736656122375,0.00099899165215897,0.00018972383652767104,0.0007257944671437,0.0012880667345598,0.00093300998560145,0.0001727400522213,0.9999813795089721,6.721131383723904e-06,0.9999693632125854,0.9999908208847046,0.9999836087226868,5.6922435759942935e-06,0.9999814808368683,6.252811332686934e-06,0.9999697804450988,0.9999890327453612,0.9999842941761016,3.963708877618988e-06,1107.6,119.21090554139751,916.0,1302.0,1137.0,74.5,8858.653999999999,2592.6431039740123,5925.32,13603.05,8296.17,1800.6250000000005,0.0010257938323774902,0.0004690084129581337,0.0002107527543557,0.0016288741957396,0.00112074647622645,0.00025786316546144993,0.00107369130128058,0.0005498230390947437,0.0001799671881599,0.0017835786566138,0.00118388177361335,0.00037923073978165,0.0010962969026877,0.0005380093855723794,0.000185177399544,0.0018370614852756,0.0012062445166520501,0.0003135354199912
1.0,qlstm_linear_enhanced_paper,original_3,lorenz_1000,0.001,6.0,8.0,8.0,1.0,64.0,539.0,1.254402064887472e-06,5.215959245835403e-07,6.259818405851547e-07,2.51000687967462e-06,1.2351843565738818e-06,2.820273437009746e-07,1.4136993456759227e-06,6.46629037876602e-07,5.687364250661631e-07,3.0656917715532472e-06,1.3337543691704923e-06,3.029925323971838e-07,0.00083360355929466,0.0001842301295377341,0.0005480140680447,0.0012075587874278,0.0008499990799463999,0.0001224903680850499,0.00086792882648291,0.00020511804257309943,0.0005118597764521,0.0013194527709856,0.0008719044271856,9.199720807374998e-05,0.9999868094921112,5.542145514955157e-06,0.9999735355377196,0.9999932646751404,0.999987006187439,3.1292438506524967e-06,0.9999850988388062,6.933432002274043e-06,0.9999672770500184,0.999993860721588,0.9999864101409912,3.6656856536865234e-06,1545.1,173.83753909901048,1296.0,1838.0,1537.5,160.5,20622.340999999997,6325.424002528921,15212.83,34730.47,18189.47,2485.760000000001,0.0030911752401152196,0.0019489879115563,0.0014035338594112,0.0071805533487349,0.0019876015605404503,0.0005705284740543003,0.0035438493359833505,0.0023857410015800215,0.001504372456111,0.0082336915656924,0.0022878914605825498,0.0007726309704593998,0.00324726982507849,0.0020366225827861653,0.0014864963013678,0.0076476037502288,0.0021777325309812502,0.0006850520148873503
1.0,qlstm_linear_enhanced_paper,original_3,lorenz_1000,0.001,6.0,16.0,8.0,1.0,64.0,835.0,9.104235118684301e-07,2.989669856349883e-07,5.340734219316801e-07,1.567551180414739e-06,8.886232762961299e-07,1.580486639340961e-07,9.60788923975997e-07,2.8761767555072437e-07,5.890340162295615e-07,1.491452962909534e-06,9.414762871529092e-07,1.8424984205012152e-07,0.0007143458584322899,0.00011227092169724734,0.0005607330822385,0.0009392519132234,0.0007145621057133499,6.0384947573799994e-05,0.00072262174799101,0.00011221168029557371,0.0005762351793237,0.000923526182305,0.0007242249557748,7.602723781020002e-05,0.9999905169010163,3.086398493379356e-06,0.9999836683273317,0.999994456768036,0.9999906122684479,1.6093254089355469e-06,0.9999898135662079,3.0444439869450682e-06,0.9999841451644896,0.9999939203262328,0.9999899864196777,1.78813934331723e-06,1390.0,109.30965190686503,1229.0,1646.0,1394.0,34.0,24223.632,7474.835140201822,14130.56,35040.31,28543.965,4074.9349999999995,0.0014749836258124097,0.0005839212274809945,0.0007339543342823,0.0025611140183173,0.00139511314628175,0.00043521998159125005,0.00161534159560683,0.000703932873808666,0.0007210859330371,0.003109851386398,0.00147938763257115,0.0003956706495955001,0.00152697630110193,0.0005821919500264122,0.0007212835480459,0.0025789763312786,0.0014734127325937,0.0004051338764839
1.0,qlstm_linear_enhanced_paper,original_3,lorenz_1000,0.001,6.0,32.0,8.0,1.0,64.0,1427.0,1.1095239187852712e-06,2.00852828970136e-07,8.385183036807575e-07,1.563977889418311e-06,1.046655825120979e-06,4.755622740049169e-08,1.1518600615545438e-06,1.954430340740904e-07,8.737587222640286e-07,1.581308765707945e-06,1.1334768146298302e-06,1.3910874940847862e-07,0.00079155555577014,7.840926910430926e-05,0.0006690808804705,0.0009415092063136,0.0007712176302447501,3.74793889932001e-05,0.0007896947790868001,7.36399318765509e-05,0.0006650742725469,0.0009157034219242,0.0007974559266585,4.7398643801000015e-05,0.999988603591919,1.958772233941721e-06,0.9999847412109376,0.9999911189079284,0.999989092350006,6.556510925292969e-07,0.9999879896640778,1.8579543175609802e-06,0.999984323978424,0.999990701675415,0.9999880492687224,1.3709068298339844e-06,1159.0,147.12715588904723,887.0,1322.0,1205.0,101.0,16692.188000000002,5178.762816532149,11579.97,27974.0,14919.415,2643.5700000000015,0.00086192950577235,0.00048428460523418875,0.0002956600103061,0.0018978310399688,0.0006826539800385,0.0003649150719866,0.0008700247039086599,0.0004980162622320128,0.0002559346612542,0.001921190181747,0.0006535526772495,0.00034975309972655005,0.00092543075152203,0.000545509956360428,0.0002926216693595,0.0021161625627428,0.0006959285237825999,0.0003783994616241999
1.0,qlstm_linear_enhanced_paper,original_3,lorenz_1000,0.001,6.0,8.0,16.0,1.0,64.0,539.0,1.073967746378912e-06,3.942499356606044e-07,5.811181154058431e-07,1.839635842770804e-06,9.321266816186836e-07,1.9014410668205528e-07,1.1982176658875688e-06,4.6985355298721405e-07,6.790046995774901e-07,2.0231975668139057e-06,1.0164117156818975e-06,2.3556839323646273e-07,0.00076996816787864,0.00015182139668636627,0.0005585310282185,0.0010216376977041,0.0007289880595635,8.973522926680006e-05,0.00080236774520011,0.00016303943013747135,0.000607528432738,0.0011166274780407,0.0007402246410492,8.622324094175002e-05,0.9999888181686402,4.261060975353924e-06,0.9999803900718688,0.9999938011169434,0.9999904334545135,2.3543834686279297e-06,0.9999877274036407,4.845857620189373e-06,0.9999788999557496,0.9999932646751404,0.9999893307685852,2.7418136596124576e-06,1371.5,162.49199980306724,976.0,1531.0,1427.5,65.5,42790.721000000005,12162.207502720426,22926.86,58369.0,43396.229999999996,9945.009999999998,0.0034999335336032603,0.004107721468954271,0.0009497510211076,0.0156207904219627,0.0021927291294559,0.00081792054115795,0.00401689066784451,0.004656467758031009,0.0011282874038442,0.0177053865045309,0.0025544916279613503,0.0010383639018982497,0.0036044612643308495,0.004185705208632148,0.0009867382468655,0.0159420371055603,0.00229482830036425,0.0007301961886696501
1.0,qlstm_linear_enhanced_paper,original_3,lorenz_1000,0.001,6.0,16.0,16.0,1.0,64.0,835.0,1.211613130180922e-06,7.22774750265843e-07,5.716466944249987e-07,3.179875648129382e-06,1.0260274621032295e-06,3.06052669429846e-07,1.3482265273978554e-06,8.446580856323107e-07,6.148489433144277e-07,3.727369175976492e-06,1.205461899189686e-06,3.625030160492315e-07,0.0008127706532831801,0.00023649750718956442,0.0005663450574502,0.0013933245791122,0.0007921851065474999,0.00016101682558654996,0.00084138417150819,0.0002510759389656125,0.000571823620703,0.0014936910010874,0.0008430586312897,0.00014510462642649999,0.9999873340129852,7.76455457055923e-06,0.9999659657478333,0.999993860721588,0.9999895989894866,2.6226043701171875e-06,0.9999859809875489,9.012521885112692e-06,0.999960482120514,0.9999935626983644,0.9999877512454987,3.546476364135742e-06,1224.6,209.79714011396817,798.0,1500.0,1258.5,147.0,37960.558000000005,10740.230160914429,22308.7,52567.7,33673.2,9243.729999999996,0.0014892394948401,0.0007511289415150915,0.000499280335498,0.0028523882385343,0.0015025600441731,0.00065288855112155,0.0016059656918514,0.0008088838469012645,0.0004757356364279,0.0030421905685216,0.00169504148652775,0.00065180836827495,0.00154957248305432,0.0008060328121339998,0.0004831697733607,0.0028804056346416,0.0016262371209449498,0.00072802780778145
1.0,qlstm_linear_enhanced_paper,original_3,lorenz_1000,0.001,6.0,32.0,16.0,1.0,64.0,1427.0,1.3500104842023576e-06,3.313587521376504e-07,9.41006305765768e-07,1.9792955754383e-06,1.3121108963787265e-06,2.5440857598368893e-07,1.4455994232775993e-06,4.190778481052506e-07,8.561486311009503e-07,2.0753091121150646e-06,1.4481636867458292e-06,3.557746595106437e-07,0.00086795760435048,0.0001193463862307729,0.0007355015259236,0.0011302387574687,0.0008565763419028001,9.57238662522e-05,0.00088555027614342,0.00013932567494977455,0.0006744108977727,0.0011293279239907,0.0008761478529777,0.0001151009637397,0.9999863624572753,3.544627637426311e-06,0.9999802708625792,0.9999903440475464,0.9999869465827942,3.188848495372376e-06,0.9999853909015656,3.977595290944965e-06,0.999979853630066,0.9999911189079284,0.999985545873642,3.546476364080231e-06,988.1,124.11321444552148,817.0,1178.0,1006.0,122.5,26553.657,6334.152884964256,19623.97,41209.86,25471.85,3480.0550000000003,0.00090732403485157,0.00048050212024603617,0.000167355188023,0.0017600180348381,0.0008670370065373501,0.0004362685700471,0.00099118190410075,0.0005617961843747827,0.0001335220586042,0.0021065406035631,0.00095773127395655,0.0005045366851845499,0.00091705286176871,0.0005167308520082412,0.0001425071095582,0.0018318187212571,0.0008718068129382501,0.00045818001672160005
1.0,qlstm_linear_enhanced_paper,original_1,lorenz_1000,0.001,6.0,8.0,4.0,13.0,64.0,395.0,0.00032101705583037997,0.00012886550920077256,0.0001417730818502,0.0005547344335354,0.00029803573852399997,8.087263267954999e-05,0.00033352486789221,0.00013238486820011947,0.0001483491505496,0.0005509866168722,0.0003216847981093,9.396939276485002e-05,0.013378761149942842,0.0025709003757757513,0.0095151979476213,0.018155924975872,0.0129706040024757,0.0009167157113551989,0.01363245956599706,0.002665972017666285,0.0096679478883743,0.0186002366244792,0.0133717777207493,0.0008822968229651503,0.9965967893600464,0.0014011311922989948,0.9940149784088136,0.9985088109970092,0.9968997538089752,0.0008805990219116766,0.9964642941951751,0.001397627412014314,0.9941051602363586,0.998416781425476,0.9965941607952118,0.0009866058826447088,1966.0,386.32887544163714,1343.0,2599.0,1954.0,203.5,7700.325,2537.7320390981,3927.0,12094.78,7475.315,1996.6749999999997,0.03833497425541278,0.001091479952118603,0.0363975783810019,0.040491658821702,0.03855726635083555,0.00029441937804220233,0.04514243490993973,0.0022145765741965295,0.0421045534312725,0.0506206639111042,0.044755168259143746,0.0006685331463813504,0.03997814469039436,0.0015138245012631564,0.0383514501154422,0.0433792471885681,0.03972034156322475,0.0008552111685275997
1.0,qlstm_linear_enhanced_paper,original_1,lorenz_1000,0.001,6.0,16.0,4.0,13.0,64.0,691.0,0.00029813557193842006,0.0001246607289384123,0.0001555710041429,0.0005979025736451,0.00026737827283795,8.476916264045e-05,0.00030863045394649,0.00012166380731377451,0.0001281087315874,0.0005625726189464,0.00027817547379524997,0.00010088764247485,0.013017873093485802,0.0026646300164133736,0.0093722529709339,0.0187830477952957,0.01230464130640025,0.0018125195056200001,0.013245208468288142,0.0027506339579328122,0.008465482853353,0.0181997083127498,0.0126350373029708,0.0018851831555366499,0.9968294262886047,0.0013398498974712498,0.9935911893844604,0.9983733892440796,0.9971397519111633,0.0009056329727171741,0.9967252135276794,0.001287800449185539,0.9940685033798218,0.9986693859100342,0.9970396161079407,0.0010702311992645264,1624.1,388.5070012239162,1233.0,2446.0,1467.5,207.0,5754.413,2527.572806112813,3749.92,12387.13,4761.525,702.7749999999994,0.037985630817711294,0.0007552292691340799,0.0366075232625007,0.0392544668167829,0.0379595399834215,0.0005991007201373542,0.04439425766468043,0.0015856885336625274,0.0425747707486152,0.0479286052286624,0.0438026767224073,0.0010519158095121488,0.039426248520612675,0.0010412544976802873,0.0385965220630168,0.0418557226657867,0.03889390081167215,0.00027807056903839805
1.0,qlstm_linear_enhanced_paper,original_1,lorenz_1000,0.001,6.0,32.0,4.0,13.0,64.0,1283.0,0.00044624149159057006,0.0003025283031475418,0.0001918204070534,0.0011913289781659,0.00032468071731264997,0.00012745165440720003,0.0004498589332797001,0.0002755781600598863,0.0001979900698643,0.0010639117099344,0.00033304821408815,0.00012027326010865,0.014958082605153277,0.0038533599511349284,0.0108217569068074,0.0228998363018035,0.0139798121526837,0.00214903196319935,0.015207386668771472,0.003690346760256782,0.0108527224510908,0.0219134371727705,0.0143581009469926,0.0021078372374176996,0.995239531993866,0.003297932684143254,0.987114667892456,0.9979804754257202,0.9965437948703766,0.0013185739517211914,0.9952180624008179,0.002958572284721548,0.9885953664779664,0.9978918433189392,0.9964552521705627,0.001260459423065241,1505.8,286.7799853546269,1008.0,1914.0,1468.0,221.5,5615.403,2191.848720117563,2929.14,10416.01,5145.139999999999,1299.1349999999993,0.03819488739594815,0.000906232209003151,0.0366476884111762,0.0392705101519823,0.03857984151691195,0.0006627409718931027,0.04492133036255833,0.0012431591489362635,0.0431609973311424,0.0472265258431434,0.04462327808141705,0.0006383247673511505,0.03941061720252032,0.0005240861053144209,0.0388714857399463,0.0407346785068511,0.0392064396291971,0.00011889263987545015
1.0,qlstm_linear_enhanced_paper,original_1,lorenz_1000,0.001,6.0,8.0,8.0,13.0,64.0,395.0,0.00112435275223101,0.000392422739808802,0.0005197315476834,0.0018388913013041,0.0011589400819502,0.0003000105789396999,0.00121425231918687,0.0004144003041655032,0.0005586403422057,0.0020062497351318,0.00123939663171765,0.0003199417551514,0.02562015317380422,0.0050739812574029505,0.0175076536834239,0.0343619287014007,0.026650419458746848,0.004935326054692301,0.026658892259001688,0.005076178164008697,0.018369710072875,0.0352294705808162,0.02762902993708845,0.004600978456437602,0.9880976259708405,0.004216250764397692,0.9802497625350952,0.9944804310798644,0.9878037571907043,0.0032238960266112726,0.9870790839195251,0.004468204368649555,0.9785465598106384,0.9940798282623292,0.9869590699672699,0.003313243389129694,1749.0,401.01246863408124,1178.0,2639.0,1798.5,169.0,12569.09,4704.437272012457,7226.7,21538.7,11572.654999999999,3393.494999999999,0.03889657607302066,0.0016540257727789872,0.0370026977732777,0.0421567149460315,0.038451752997934796,0.0010262041352689065,0.0469287052750587,0.002391163205567042,0.0434571169316768,0.0510644726455211,0.0459197349846363,0.0017380397766828502,0.0423359982669353,0.002714714768289079,0.039351038634777,0.0473697781562805,0.04102213680744165,0.0014003086835145985
1.0,qlstm_linear_enhanced_paper,original_1,lorenz_1000,0.001,6.0,16.0,8.0,13.0,64.0,691.0,0.00093945090193296,0.0003633337108139605,0.0004913152079097,0.0015273741446435,0.0008302768110297,0.00022436433937400005,0.00111087909899646,0.000511537317454009,0.0005973103106953,0.0020174651872366,0.0008746138773858001,0.00021682571968995002,0.023355963453650427,0.0047983920446198446,0.0172226410359144,0.0315979942679405,0.021945583634078447,0.0032958602532744494,0.025127154216170268,0.005697152850709173,0.0187487546354532,0.0342474356293678,0.02316257823258635,0.0033741770312190004,0.9899918913841248,0.003909789149348951,0.9836607575416564,0.9950105547904968,0.991108238697052,0.0024079978466033936,0.9881505966186523,0.005454909540369056,0.9784938097000122,0.993678867816925,0.9906494319438934,0.0023407638072966974,1369.5,247.61916323257375,968.0,1721.0,1341.0,215.5,10121.792000000001,1836.9481815925021,7377.5,13635.35,10280.99,1430.1150000000007,0.03819310177117581,0.0009347308368021702,0.0365943573415279,0.0397551098838448,0.0382262575440108,0.0007750546559691478,0.04550165124237534,0.001455130088951558,0.0430418625473976,0.0473677217960357,0.045106565579771954,0.0012420769780874495,0.04053726047277446,0.0011665838446172497,0.0392597243189811,0.042546484619379,0.04004252515733235,0.0006425566971301998
1.0,qlstm_linear_enhanced_paper,original_1,lorenz_1000,0.001,6.0,32.0,8.0,13.0,64.0,1283.0,0.0017659112927503398,0.0019078666055007281,0.0005448919837363,0.0071377176791429,0.0009540625324006499,0.0003596882161218499,0.0017359993013087098,0.0018599271507423925,0.0005758121842518,0.0071090953424572,0.0009715328633319,0.00031722101266495,0.02619351707398886,0.008273191673514564,0.0173592753708362,0.0462007448077201,0.02403439395129675,0.0045231273397803515,0.027545488253235783,0.009058848998201422,0.0184560716152191,0.0506204850971698,0.02465550694614645,0.005043754354119301,0.9810189604759216,0.02060061658931291,0.9230943918228148,0.9941943883895874,0.989848792552948,0.0038381218910217285,0.9814754068851471,0.020321266918759313,0.9226357936859132,0.993924915790558,0.9899110496044159,0.00314363837242132,1193.9,140.44034320664414,975.0,1511.0,1192.0,82.5,9797.067,3502.5038186333218,5848.19,16826.84,7801.285,1677.0900000000001,0.037484346125274855,0.00116740560147301,0.0357089430093765,0.0399178327992558,0.03749864893034095,0.0005451272241771034,0.0441657435148954,0.0014187042763145906,0.0410311222076416,0.0462242551147937,0.0443727038800716,0.0007483046501874993,0.039517361670732463,0.0003021963760227212,0.0391747504472732,0.040308628231287,0.039470380172133404,0.00010478869080544906
1.0,qlstm_linear_enhanced_paper,original_1,lorenz_1000,0.001,6.0,8.0,16.0,13.0,64.0,395.0,0.00426434659166257,0.002518324241726427,0.0003853483358398,0.0095694996416568,0.00365842692553995,0.00114699383266275,0.00433800542959939,0.0021798062583295134,0.0004973808536306,0.0084088426083326,0.00420569465495645,0.0014114537043496498,0.04588339300826187,0.01354270110000352,0.0150358201935887,0.0644282028079032,0.046293444931507055,0.008041583001613603,0.046654213219881016,0.012553679659632432,0.0170466899871826,0.0642562881112098,0.049519440159201594,0.0066825654357672015,0.9544262588024139,0.027657134075367823,0.8949694037437439,0.995973527431488,0.9612686038017273,0.0124606192111969,0.9537124097347259,0.023963946463339467,0.9064746499061584,0.9946964979171752,0.9559012353420258,0.014934450387954656,1232.4,297.46401463034147,797.0,1656.0,1288.5,292.5,19900.837000000003,9218.999951995931,10267.37,36029.35,15927.675,4931.655000000001,0.03920996536500747,0.0013159175821754617,0.03732894314453,0.0413935139775276,0.03908554073423145,0.0012156069278717006,0.0453447245061397,0.001933664574218846,0.0430110692977905,0.048793502151966,0.04480831697583195,0.0017602033913135494,0.040955901890993074,0.0017843051643820277,0.0391676574945449,0.0449198298156261,0.0407585874199867,0.0013761632144451488
1.0,qlstm_linear_enhanced_paper,original_1,lorenz_1000,0.001,6.0,16.0,16.0,13.0,64.0,691.0,0.00474072594661259,0.0037159963189031878,0.0021103399340063,0.0150623144581913,0.0037204639520495497,0.0012854139786213495,0.005464423447847309,0.003214588498440538,0.0027730965521186,0.0140956239774823,0.0044730273075401,0.00125897501129655,0.04994003549218175,0.017156229310839263,0.0361880324780941,0.0964508354663848,0.04570537246763701,0.00834248401224615,0.05401973426342007,0.01529790757220317,0.0396864153444767,0.0940968468785286,0.049630424007773344,0.0076295398175716435,0.9485414445400238,0.042453239887579645,0.8292151093482971,0.9773802757263184,0.9610985219478607,0.014026075601577759,0.942158454656601,0.034263707848746515,0.8497232794761658,0.9708808660507202,0.9529091417789459,0.011822134256362915,1121.0,256.33103596716495,733.0,1464.0,1232.0,208.0,19449.695,7167.56731378541,9268.1,31770.37,18070.495,5215.414999999999,0.03923116894438859,0.0018782724037736966,0.0355507096275687,0.042192143201828,0.0395125981420278,0.0013723116368055503,0.04573655165731903,0.0016491069190202722,0.043417926877737,0.0482511222362518,0.0458368621766567,0.0015592314302921503,0.041514885798096625,0.0016624965862185503,0.0395127050578594,0.0446934290230274,0.04126958735287185,0.0014467909932136536
1.0,qlstm_linear_enhanced_paper,original_1,lorenz_1000,0.001,6.0,32.0,16.0,13.0,64.0,1283.0,0.00496864550514141,0.005401464728415064,0.0014283545315265,0.0208096206188201,0.0034701247932389,0.00099613284692165,0.00595920610940078,0.005973387494186503,0.0016810452798381,0.0232257638126611,0.0041101203532889,0.0016535177128389504,0.04855067208409305,0.019121825234935483,0.0290393996983766,0.099674716591835,0.0440235380083322,0.00666419044137,0.05275436509400601,0.02093645178066403,0.0306147746741771,0.106569766998291,0.047875219956040355,0.008844718337059,0.9448721826076507,0.06336019923606721,0.7585834860801697,0.9847403168678284,0.9629277288913728,0.011036962270736583,0.932110732793808,0.07538553286788084,0.7122175097465515,0.9820082783699036,0.955794095993042,0.01874369382858282,904.1,196.6857646094399,692.0,1255.0,854.0,140.0,12097.193000000001,2534.703847486132,8914.08,15750.48,11256.95,2174.180000000001,0.03857906883582466,0.0015338260653633825,0.0353609573096036,0.0413398185744881,0.0389008287340402,0.0007350106723606475,0.04442392066121097,0.0015386874368848301,0.0405941419303417,0.0463570803403854,0.0448325220495462,0.0008425060659646988,0.039580279216170244,0.0004171507747108343,0.0389557741582393,0.0402636192739009,0.039524875581264454,0.00035774894058705417
1.0,qlstm_linear_enhanced_paper,original_2,lorenz_1000,0.001,6.0,8.0,4.0,13.0,64.0,467.0,0.00029373962461246,0.0001582155664470046,0.0001180438994197,0.0006657549529336,0.00026664220786185,0.00010611347533995001,0.00030182438640616,0.0001535631758770381,0.0001277233241125,0.000665898725856,0.00028553577431010004,0.0001026363315759,0.012754393741488401,0.003315910873978081,0.0086228158324956,0.0203011184930801,0.012410036753863051,0.0017442079260945502,0.01294362321496006,0.0031510933322456878,0.0088127218186855,0.0201827604323625,0.012991245370358201,0.0017411070875823515,0.996868246793747,0.0017058653405605884,0.9928609728813172,0.9987381100654602,0.9971525073051453,0.0011501610279083252,0.996790212392807,0.0016481721890334025,0.9928766489028932,0.9986727237701416,0.9969680905342102,0.0010885596275330145,1392.3,187.22075205489375,1008.0,1684.0,1432.0,69.0,7428.223,2308.68524051266,4808.2,12061.14,6418.855,664.6599999999999,0.03803847203031176,0.0019785336319695563,0.0343254588544368,0.041572007164359,0.038096070662140796,0.001595742627978302,0.04497723132371897,0.003536975845280139,0.0384728275239467,0.0504865422844886,0.045310141518712,0.002740098163485548,0.040749124810099555,0.0027682892490516527,0.0367406867444515,0.0461530610918998,0.0402703564614057,0.0019066855311394015
1.0,qlstm_linear_enhanced_paper,original_2,lorenz_1000,0.001,6.0,16.0,4.0,13.0,64.0,763.0,0.00021949552465224003,0.00010795188404874233,0.0001142201217589,0.0005103239673189,0.0001871399726951,4.6338202082549996e-05,0.00023104971332936,0.00010401573921362582,0.0001273633242817,0.0005006652791053,0.00020463057444425,4.7538858780149984e-05,0.01096952864900227,0.00196896683795007,0.0081116091459989,0.0153243551030755,0.01056389650329945,0.0012801387347280997,0.01133788637816901,0.001984931137342154,0.0086137056350708,0.0155720328912138,0.011132208164781249,0.0012228591367603016,0.997676557302475,0.0011585487590543748,0.994556188583374,0.9987809062004088,0.9980491995811462,0.0005168616771697998,0.9975470542907715,0.001104645175798401,0.9946915507316588,0.9986531734466552,0.997826486825943,0.0005117952823640026,1583.8,380.3153428406485,1258.0,2482.0,1400.5,76.5,10054.496,2970.829298048611,5417.3,16235.23,10757.82,564.9800000000005,0.03758211374282833,0.0011266769446548954,0.0352775633335113,0.0387901671230793,0.03782549053430555,0.0007677387446165009,0.04381719492375845,0.0015844820543458415,0.041921280324459,0.047384463250637,0.0435425210744142,0.0009547024965285977,0.03955315873026843,0.0009085255756138672,0.0386169552803039,0.0419583730399608,0.03921839408576485,0.00026666559278964996
1.0,qlstm_linear_enhanced_paper,original_2,lorenz_1000,0.001,6.0,32.0,4.0,13.0,64.0,1355.0,0.00033379885207973,0.00015731229772589865,0.0001181205225293,0.0007071451400406,0.0003079973394051,9.308860171585001e-05,0.00034800842840919,0.00015051505478036435,0.0001331958192167,0.0006888179341331,0.00032934601767915003,8.788573904894998e-05,0.013647931814193682,0.003008610508069895,0.0086082704365253,0.0202148184180259,0.013536209706217,0.0019585047848522993,0.013992375507950738,0.0029323986376083456,0.0089808646589517,0.0202997475862503,0.014051615260541401,0.0018373047932982505,0.9964740633964538,0.001675746831862072,0.9924858808517456,0.998733401298523,0.9967314600944519,0.0010084509849547785,0.9963010668754577,0.0015991847084815224,0.9926888942718506,0.9985793232917786,0.9964883327484131,0.0009433031082153875,1184.2,152.0893158640672,911.0,1441.0,1171.5,127.5,7246.445999999999,2203.4248627134984,4536.93,11520.16,6591.110000000001,1726.27,0.036664377413690045,0.0008749691018726034,0.0354824924841523,0.0378347547724843,0.036495632864534805,0.0008647267706692503,0.04221353642642493,0.0010369674886654364,0.0400982499122619,0.044333092868328,0.04232073388993735,0.000406272709369649,0.03876512646675106,0.0006906930842673007,0.036981426179409,0.0394284576177597,0.03898933902382845,0.0003342237323522984
1.0,qlstm_linear_enhanced_paper,original_2,lorenz_1000,0.001,6.0,8.0,8.0,13.0,64.0,467.0,0.0007725511997704699,0.00031894235307756383,0.000289443967631,0.0012926193885505,0.00075685646152115,0.0002125361643266,0.0008043043664656199,0.0003328589378493318,0.0003241170197725,0.0013156031491234,0.0007712077349424,0.00028309074696155,0.02140382556244726,0.004769466886778302,0.013510032556951,0.0288295689970254,0.02113834675401445,0.00392640847712755,0.02182029588147994,0.004845907562262763,0.0144211174920201,0.0289952382445335,0.02105070464313025,0.003911673091352,0.9917886018753052,0.003443258543360685,0.9863040447235109,0.9970296621322632,0.9919438660144806,0.002399563789367787,0.9914486885070801,0.003559527617272767,0.985958218574524,0.9965880513191224,0.9917975664138794,0.003084570169448797,1321.8,255.69544383895462,1004.0,1812.0,1261.0,194.5,13510.615000000002,3534.4998330407375,9440.42,21211.93,13024.425,2700.3199999999997,0.03876340335234995,0.0012459344994406292,0.036809311248362,0.0415069874376058,0.03879056712612505,0.0007289065048098481,0.04669587984681125,0.0019083344915115509,0.0429898537695407,0.0503113530576229,0.04671693034470075,0.0011216178536414996,0.04243212938308712,0.002029756617353439,0.0397305004298687,0.0467341057956218,0.0414445325732231,0.0012824498116970028
1.0,qlstm_linear_enhanced_paper,original_2,lorenz_1000,0.001,6.0,16.0,8.0,13.0,64.0,763.0,0.00073764681874303,0.00021613212894326048,0.0004643057473003,0.0011543151922523,0.00069808456464665,0.00017676749848765,0.00076035771926394,0.00023276442774226874,0.0004452685534488,0.0011571133509278,0.00071098937769415,0.0001467276015319,0.02084038760513062,0.0033674239555765368,0.0160886626690626,0.0266890432685613,0.020054994150996153,0.002530721947550753,0.021156626008450953,0.003632392059088953,0.0157873444259166,0.0274648610502481,0.02033347263932225,0.0021444857120513985,0.9921516060829163,0.0023396547496622026,0.9875965118408204,0.9951415061950684,0.9925459921360016,0.0018453001976012628,0.9919524967670441,0.002488618402601169,0.9876891374588012,0.9953137636184692,0.9923978447914124,0.0015225112438201904,1103.6,195.4201627263676,765.0,1415.0,1069.0,157.0,12672.390000000001,5519.812908430865,6700.41,22619.05,9973.099999999999,2110.53,0.03741642419248814,0.0010600829529575691,0.0357311436906456,0.0394932851195335,0.0372671905905008,0.0005581038072705498,0.04407726936042304,0.0016563391194477878,0.0418657287955284,0.0471199378371238,0.0440553836524486,0.001359637826681151,0.040340875461697526,0.0013529467319719944,0.038775086402893,0.0438191145658493,0.040183225646614945,0.0006701126694678948
1.0,qlstm_linear_enhanced_paper,original_2,lorenz_1000,0.001,6.0,32.0,8.0,13.0,64.0,1355.0,0.00091189325321461,0.00014568373011107362,0.0006723087863065,0.0011334016453474,0.00093539385125035,9.920389857145007e-05,0.0009303190861828101,0.00014222001193858882,0.0006247205892577,0.0011274077696725,0.0008999058627523,9.742027032189998e-05,0.02332746256142851,0.002153070033570958,0.019582275301218,0.0266087613999843,0.023365866392850848,0.0016711596399545496,0.02372011896222826,0.0022598867974046553,0.019198453053832,0.0266110450029373,0.023144703358411747,0.0016672993078827997,0.9903810262680054,0.0015708766694586503,0.9879555106163024,0.9928220510482788,0.9902003109455109,0.0011255145072937567,0.9902214229106903,0.0015163899470417416,0.987946629524231,0.9933212995529176,0.9906851947307587,0.0011676549911499023,883.9,87.39959954141666,730.0,1010.0,874.0,55.5,11886.181,3743.8108808070156,6778.12,16709.02,12999.455,3365.79,0.036872402448207095,0.0008871552549289215,0.0355989094823598,0.0390465635806322,0.0368476663716137,0.00033534867689015077,0.04331698864698407,0.0009183530401185791,0.0422457195818424,0.0450156852602958,0.043007653206586796,0.0005123447626828939,0.03963958621025082,0.00039882633571813853,0.0391854345798492,0.0404820404946804,0.03964629024267195,0.00031377375125884663
1.0,qlstm_linear_enhanced_paper,original_2,lorenz_1000,0.001,6.0,8.0,16.0,13.0,64.0,467.0,0.0029480023600626203,0.0023649585022218413,0.0003874181420542,0.0073162224143743,0.00187648867722595,0.00072747468948365,0.00303620147169563,0.0024891263349194753,0.000423663703259,0.0082612698897719,0.00197823491180315,0.0007251828792505501,0.037812762800604055,0.015322386552166,0.0148311862722039,0.0621120110154151,0.0338072702288627,0.007801160216331451,0.03848817273974415,0.015291587930669523,0.0165230557322502,0.0660880804061889,0.0341729763895273,0.006361437030136601,0.9687503755092621,0.025230770534628574,0.9212408661842346,0.9959895610809326,0.9804020524024963,0.007355302572250366,0.9675836622714996,0.027034721276341017,0.9090516567230223,0.9954894185066224,0.9792841970920563,0.007409751415252741,1092.7,264.4307281690235,788.0,1705.0,1057.5,180.5,26276.003999999997,10057.67429668927,14994.69,43174.55,22886.58,7655.460000000002,0.038385830624029,0.0020075246241958713,0.0349805218167603,0.0419987417757511,0.0384018657729029,0.0007529846392572009,0.04333514161407944,0.0011985562547745662,0.0411190390586853,0.0451305024325847,0.04370195977389805,0.0009149238467216492,0.03970036581158631,0.0010114123112465797,0.0373165495693683,0.0410518981516361,0.039698520675301496,0.0005034077912569011
1.0,qlstm_linear_enhanced_paper,original_2,lorenz_1000,0.001,6.0,16.0,16.0,13.0,64.0,763.0,0.00224144143285225,0.0008129190747240598,0.0011863434920087,0.0039123753085732,0.0023072294425219003,0.0005494599463417998,0.0027815584326162405,0.0011532146924448973,0.0012911525554955,0.0049683791585266,0.0026486230781301,0.00081532821059225,0.03643579576164478,0.006831922240012696,0.0269491076469421,0.0494371838867664,0.0378166735172271,0.0039046034216881007,0.039884344860911324,0.008429159982908748,0.0274767260998487,0.0551946833729743,0.03953559696674345,0.006637196987867348,0.9762445092201233,0.008706755045807233,0.958127737045288,0.9874498844146729,0.9752900898456573,0.005678206682205256,0.9705758094787598,0.012335832211947605,0.9470958709716796,0.9863829612731934,0.972456693649292,0.008854866027832031,972.2,202.08849546671382,692.0,1361.0,944.0,112.5,20106.421,4868.287448500653,14001.09,30352.31,18738.57,3912.835,0.03802998642437156,0.0017097339003988576,0.0352647773921489,0.0400521218776702,0.03832760984078045,0.00148997372016315,0.04412356689572329,0.0024167565029923157,0.0405435971915721,0.047359362244606,0.045024175196886,0.0020794942975044493,0.041199754551053,0.001406316038644531,0.0389504395425319,0.0427968390285968,0.04157643206417555,0.0012166257947683508
1.0,qlstm_linear_enhanced_paper,original_2,lorenz_1000,0.001,6.0,32.0,16.0,13.0,64.0,1355.0,0.0035516775853465703,0.0036911571290601463,0.0006129019311629,0.0139959901571273,0.00205543206539,0.0011224955378566,0.00376834267517547,0.0037822315065715543,0.0007122621173039,0.014449218288064,0.0021621484775096,0.0010863175848499001,0.04161717668175692,0.01968808070580174,0.0187253709882497,0.0929127857089042,0.0348664261400699,0.009437656030058849,0.04286583382636305,0.019682544632776022,0.0198934469372034,0.0938229262828826,0.036682406440377194,0.010434166528284548,0.9620930790901184,0.03984857393111491,0.849324107170105,0.9934657216072084,0.9789312779903412,0.011152863502502497,0.9595789790153504,0.04169046371286633,0.8411155343055725,0.9924994111061096,0.9771529138088226,0.011459439992904663,870.6,236.23937013122938,532.0,1383.0,830.5,96.5,22655.446000000004,10569.7424227596,12652.14,45196.42,17054.84,3928.8150000000005,0.03661326694302256,0.0021530300889424756,0.031720957159996,0.0394325163215398,0.036836787313222846,0.001253468496725002,0.04235367998480792,0.002083802558873678,0.0374520607292652,0.0449950769543647,0.0427657421678304,0.0013303235173225507,0.04021496884524818,0.0015946556719283213,0.0373449809849262,0.0439575016498565,0.0400815084576606,0.000685056671500147
1.0,qlstm_linear_enhanced_paper,original_3,lorenz_1000,0.001,6.0,8.0,4.0,13.0,64.0,539.0,0.00027611175028137994,0.00013558415234013644,0.0001420926128048,0.0006026736809872,0.00021929041395190002,5.8611956774249995e-05,0.00029105136200083004,0.00014520182576638726,0.0001444375084247,0.0006584608345292,0.00024254807794925,6.35552205494e-05,0.0125484919175505,0.0030900688568299105,0.0091491499915719,0.0196161624044179,0.01129365991801015,0.00184293370693925,0.012920683808624711,0.003224564395006507,0.0088225454092025,0.0208094473928213,0.01239586388692255,0.0019675269722938494,0.9970608115196228,0.0014640781480975572,0.9935551285743712,0.9985087513923644,0.9976739585399628,0.0006352066993713934,0.996899938583374,0.0015538816974264354,0.992952525615692,0.9984705448150636,0.9974193274974822,0.0006732046604157604,1348.1,212.89689993045928,1009.0,1632.0,1412.0,173.5,9373.325,2681.5662803453133,5680.43,15141.65,8692.01,1576.9800000000005,0.03793252741917963,0.0011671122725079063,0.0362051861360669,0.0399418596178293,0.0382327453233301,0.0008388051763177015,0.04465285353362557,0.0025609430709109225,0.0410286970436573,0.0492886789143085,0.043804777786135646,0.0010935775935649976,0.04035490155220027,0.0017397566502775315,0.0383888967335224,0.0438704155385494,0.0394952911883592,0.00028218142688269873
1.0,qlstm_linear_enhanced_paper,original_3,lorenz_1000,0.001,6.0,16.0,4.0,13.0,64.0,835.0,0.00028845309716411783,0.00015524437708428398,9.182056237477808e-05,0.0007146180141717,0.00026047046412705,3.991983248854999e-05,0.000297061020682991,0.00016842911673361957,9.095216228161009e-05,0.0007586958818137,0.00027004341245625,4.295027611080001e-05,0.01280585872009391,0.003456534708834385,0.0073700491338968,0.0216260999441146,0.0126850199885666,0.0009789555333554502,0.01300153620541091,0.0037286608441294586,0.0072047812864184,0.02237937040627,0.012784794904291599,0.0013562599197029998,0.9969555020332337,0.001692775387743625,0.992284059524536,0.9990368485450744,0.9972417950630188,0.00039654970169067383,0.9968524873256683,0.0017846348274530791,0.9919699430465698,0.9990346431732178,0.9971461296081543,0.0004712045192717951,1146.9,207.53575595544976,731.0,1467.0,1179.0,113.5,8526.142,2410.820971776212,4086.23,12348.71,8134.924999999999,1563.915,0.03780996995046728,0.0014844368597834582,0.0354612918570637,0.0404075771570205,0.0379955239593982,0.000974641088396299,0.04419106952846044,0.002463165653692866,0.0409574508666992,0.0497710369527339,0.043705707415938294,0.0016521587967872446,0.03994662091135974,0.0014685830782179244,0.0379465036094188,0.0436911173164844,0.0394202377647161,0.0007322188466787477
1.0,qlstm_linear_enhanced_paper,original_3,lorenz_1000,0.001,6.0,32.0,4.0,13.0,64.0,1427.0,0.00024847845197649,9.642996817921403e-05,0.0001272069202968,0.0004766307247336,0.0002184661352657,5.494530341820001e-05,0.00025875689170784,9.228530411308572e-05,0.0001380790199618,0.0004790339153259,0.00022765270114175,5.039358075009999e-05,0.01197867766022677,0.0022915048600050656,0.0083386097103357,0.0169538054615259,0.0115636503323912,0.00151946349069475,0.012208773847669298,0.0022064616105172564,0.0086682941764593,0.016992000862956,0.0116067989729344,0.0012854426167905504,0.9973640978336334,0.001036119509835182,0.994897186756134,0.9986310005187988,0.9976884722709656,0.0005884468555450439,0.9972511827945709,0.0009933625419861897,0.9948772192001344,0.9985476732254028,0.9975954592227936,0.0005386769771575928,1101.4,143.2614393338277,893.0,1409.0,1074.0,78.0,6800.486,1912.2944230959833,5050.61,11987.72,6209.1,707.395,0.037375736031681255,0.0009880172277701917,0.0357410756871104,0.038864997588098,0.03755766423419115,0.0006797003559767985,0.04324368461966511,0.0011828549661295276,0.04134077206254,0.045481514185667,0.0434345658868551,0.0008181687444448506,0.03911930024623868,0.0004618660541619883,0.0384693183004856,0.0401110649108886,0.03908258862793445,0.0003163572400808473
1.0,qlstm_linear_enhanced_paper,original_3,lorenz_1000,0.001,6.0,8.0,8.0,13.0,64.0,539.0,0.0006115251511800501,0.0001999387191006207,0.0003040810697712,0.0010329586220905,0.0006401379941962,0.00011067377636205,0.00062898921314622,0.0002023795601317705,0.0003245239786338,0.0010080088395625,0.0006910428637638499,0.00015725976845719998,0.01920028077438468,0.003406493611147581,0.0134466607123613,0.0254670139402151,0.02032432239502665,0.0019513256847858498,0.01938363704830404,0.003327650986899492,0.0141401952132582,0.0247712917625904,0.0209651952609419,0.002232625149190502,0.9934770405292511,0.00216146036537293,0.9889344573020936,0.9968082308769226,0.9931952953338623,0.0011768341064453125,0.9932974815368653,0.0021770265204632683,0.9891987442970276,0.996565580368042,0.9926118850708008,0.0016846060752868652,1166.9,199.22823595063025,936.0,1603.0,1131.5,155.5,17971.932,5953.173708148956,11339.81,28759.79,16985.615,5106.500000000002,0.03790762307122346,0.0011552254384268642,0.0354424411430954,0.0392285495996475,0.03816938567906615,0.0005898743867874499,0.04513674452900882,0.0018181059361037889,0.0419855117797851,0.0473754853010177,0.0457410980015993,0.0014639161527156518,0.041089597344398446,0.0012602653275713422,0.0394392050802707,0.0430477075278759,0.04103194363415235,0.0011072698980570013
1.0,qlstm_linear_enhanced_paper,original_3,lorenz_1000,0.001,6.0,16.0,8.0,13.0,64.0,835.0,0.0008361681626410701,0.00046521990457724027,0.0002645829808898,0.0019991716835647,0.0007558290380984,0.00031337149266620005,0.00086545990779991,0.00044715633395776404,0.0002768507401924,0.0019208849407732,0.00080242630792775,0.00031322002178055003,0.021776541229337414,0.005762709104204795,0.0126105239614844,0.0341849215328693,0.0220388220623135,0.0038048708811402494,0.022255525924265333,0.005893794488371046,0.0126916151493787,0.0343773365020751,0.0223530428484082,0.004535761661827549,0.991132789850235,0.005036933686084643,0.9783498644828796,0.9972478151321412,0.9919773936271667,0.0033213794231415905,0.9908755540847778,0.004686116285358562,0.9797068238258362,0.9970574975013732,0.991454005241394,0.003143519163131603,1050.6,168.892983868484,802.0,1440.0,1031.5,119.0,15958.877999999997,4763.468746306204,9277.48,23010.8,15145.814999999999,4542.464999999999,0.03734063781797879,0.0008829930706693068,0.0359942823648452,0.0387320131063461,0.0373965878039598,0.0008112952113151495,0.04397967047989364,0.0017103254721807458,0.0415883176028728,0.0477235168218612,0.0438164491206407,0.0009453967213630503,0.039850962907075856,0.001078796924074342,0.0385103709995746,0.0425332337617874,0.0394995957612991,0.00039062090218069945
1.0,qlstm_linear_enhanced_paper,original_3,lorenz_1000,0.001,6.0,32.0,8.0,13.0,64.0,1427.0,0.0012795667105819498,0.0017133207952571194,0.0004174249479547,0.0063733286224305,0.00072914079646575,0.00022226944565775,0.0013390817679464297,0.0018367059800470753,0.0004563466936815,0.0068145203404128,0.00077028269879515,0.0002537882246543,0.024242543708533,0.012334988638011914,0.0154186123982071,0.059830404818058,0.02069884724915025,0.003671966493129751,0.02492210753262038,0.013661945889727044,0.0163523256778717,0.0648567229509353,0.02108065318316215,0.0036725215613841993,0.9867794275283813,0.0174226398256492,0.9350104331970216,0.9956219792366028,0.9925145208835602,0.0022269487380982556,0.9861730515956879,0.01841901375391603,0.931298851966858,0.9951483011245728,0.9918110966682434,0.002522140741348211,941.1,208.3110414740419,538.0,1343.0,938.5,106.5,12839.306,4548.6630414555875,6254.02,21836.32,11634.425,2068.1749999999993,0.037052865810692254,0.0018680971403527945,0.0330178048461675,0.0403193829581141,0.03727066246792665,0.0008041205815970988,0.04375494942069049,0.001951616297660417,0.0390540286898613,0.0467951297760009,0.0438371524214744,0.0008423160761594495,0.039699330925941426,0.0007339653691497638,0.0383146740496158,0.0408129207789897,0.0396730341017246,0.00037312880158419867
1.0,qlstm_linear_enhanced_paper,original_3,lorenz_1000,0.001,6.0,8.0,16.0,13.0,64.0,539.0,0.0044794969784561,0.0036254806377709697,0.0006881467415951,0.0129884555935859,0.0038789284881204,0.0025676427176221997,0.004987517365952909,0.003809639689608528,0.0008848218130879,0.0127088967710733,0.00402178824879225,0.00269094773102555,0.04701334629207844,0.020227438146559473,0.019239667803049,0.0886001735925674,0.0465177316218614,0.01695825718343255,0.049759640917181935,0.02113056867187541,0.0212677475064992,0.0881385877728462,0.0474600251764059,0.0195666598156095,0.9520646512508393,0.039243375854405,0.8592711091041565,0.9926766157150269,0.9585040211677551,0.027010172605514582,0.9480008959770203,0.038288179953055154,0.8759780526161194,0.9905388951301576,0.9566402435302734,0.029126822948455866,975.5,235.58915509844675,651.0,1287.0,954.0,229.5,26926.183,4215.07401417828,18308.32,32299.32,28444.405,1697.4950000000008,0.03928194968029851,0.0020054917342363743,0.0356465943157672,0.0418848074972629,0.03973410036414855,0.001683949399739499,0.04575164020061489,0.002220459338344898,0.0422339402139186,0.0495379790663719,0.045664818957448,0.0017594676464795997,0.04226107932627197,0.0022030675022709106,0.0392468087375164,0.0456241443753242,0.0412925165146589,0.0016170907765626977
1.0,qlstm_linear_enhanced_paper,original_3,lorenz_1000,0.001,6.0,16.0,16.0,13.0,64.0,835.0,0.00282332792412485,0.0020345114136062032,0.0007424893556162,0.0084010381251573,0.0022512633586302,0.0006847427575849001,0.0031409437360707198,0.0025307421042873595,0.0008464013808406,0.0103362668305635,0.0026827106485143,0.00075069785816595,0.03910148795694106,0.013246292343660879,0.021159216761589,0.0723627135157585,0.035323785617947495,0.006309670396149148,0.04068364072591064,0.014945402595424902,0.0226666238158941,0.0807073041796684,0.03830836899578565,0.004587374627590148,0.9699837863445282,0.0220797327836963,0.9091668725013732,0.992094337940216,0.9765452742576599,0.0071508884429931086,0.9668231189250946,0.026866032526996646,0.8903077840805054,0.99101984500885,0.97196826338768,0.00744441151618952,961.2,208.4868341166895,475.0,1280.0,971.5,67.5,29714.931,11216.656076049092,11625.29,51680.87,26433.36,7154.075000000001,0.03877281798049804,0.0019448203746502879,0.0364099912345409,0.0419150503352284,0.038287135958671545,0.0016530956141650975,0.04483923129737372,0.001963399852978507,0.0413959994912147,0.0484921149909496,0.0447877645492553,0.0014576669782399992,0.04142932333052155,0.0019546581325399146,0.039171252399683,0.045225765556097,0.04085412621498105,0.0010991021990776027
1.0,qlstm_linear_enhanced_paper,original_3,lorenz_1000,0.001,6.0,32.0,16.0,13.0,64.0,1427.0,0.002641236630734,0.0012809194264611847,0.000903669395484,0.0058995368890464,0.00224600790534165,0.00036679563345390007,0.0028819931321776896,0.0012456646781926373,0.001197907840833,0.0057810763828456,0.002578598447144,0.0006797893438488002,0.03771171998232596,0.008213134551759135,0.0237137507647275,0.0563399866223335,0.035829056054353645,0.004689140245318399,0.03917297292500731,0.008187464879952807,0.0266707893460989,0.0557489767670631,0.03742984682321545,0.0058337189257145,0.9720327258110046,0.014111037526373514,0.9352596998214722,0.9906510710716248,0.9758895039558411,0.004167109727859497,0.9697230160236359,0.01296556885985986,0.9395651817321776,0.987245500087738,0.9722965955734254,0.007378280162811279,898.0,144.61258589763202,616.0,1101.0,901.0,120.5,26729.855,4676.084858785713,20227.6,35388.64,25265.0,2213.8099999999995,0.03760446394793684,0.0013881900378675163,0.0354557566344738,0.0393086584284901,0.03746415413916105,0.001478725951164949,0.04289183951914306,0.0013984583991909704,0.0408171266317367,0.0444876179099082,0.04328278638422485,0.0012012701481580491,0.03960839062929149,0.000596383761343252,0.0385225489735603,0.0405692011117935,0.0396967772394418,0.0003989171236753464
1.0,qlstm_linear_enhanced_paper,original_1,lorenz_1000,0.001,6.0,8.0,4.0,25.0,64.0,395.0,0.01194319711066778,0.004117172076655267,0.0069097769446671,0.0205256640911102,0.01097961654886595,0.0023401775397360507,0.012970859557390172,0.004008180569689371,0.0080873621627688,0.0219823662191629,0.01174708176404235,0.0019174553453922003,0.07299957200884813,0.014769712119764933,0.0535887964069843,0.1024208068847656,0.0695351287722587,0.008342787623405453,0.07863922491669652,0.013375948353470325,0.0580113679170608,0.1048970818519592,0.07604135200381276,0.005255866795778302,0.8657322347164154,0.050767749007377516,0.7532803416252136,0.924588143825531,0.8772638440132141,0.02701166272163391,0.8513384819030761,0.05067183112541421,0.7347260117530823,0.9103674292564392,0.867693156003952,0.022417187690734863,3740.6,878.7220493421114,2432.0,5381.0,3836.0,757.5,15551.125,7863.791974741257,7029.47,29241.22,11278.560000000001,3527.160000000001,0.04183668200857933,0.002230948088981077,0.0376981578767299,0.0448583494871854,0.0421097598969936,0.0017464403063058506,0.05107937715947625,0.0033006064823394507,0.0464845225214958,0.056267499923706,0.0511322766542434,0.002996511757373751,0.04531511291861529,0.003385618491157018,0.0403765030205249,0.0503105670213699,0.0450558364391326,0.0028687920421362027
1.0,qlstm_linear_enhanced_paper,original_1,lorenz_1000,0.001,6.0,16.0,4.0,25.0,64.0,691.0,0.011467063566669761,0.004186379754252169,0.0053402809426188,0.0213355552405118,0.0110859684646129,0.0021759322844446,0.012814066233113361,0.0043963049886042984,0.0062125544063746,0.0230349507182836,0.0120156034827232,0.00268852757290005,0.07052071206271643,0.014935243835503681,0.0490010119974613,0.1030186414718627,0.0691071599721908,0.008611336350440948,0.0767806820571422,0.01596197694878011,0.0516206249594688,0.1108290776610374,0.07600370422005645,0.009434100240468951,0.8710992574691773,0.052325950440082494,0.742752194404602,0.942510426044464,0.8768680095672607,0.025627642869949396,0.8519082427024841,0.05703458005116523,0.7132899761199951,0.9317925572395324,0.8636336028575897,0.032821327447891235,3116.6,878.1239320278204,1311.0,4964.0,3062.0,420.5,11512.535999999998,4183.870471986914,3799.15,19403.71,10442.455,2784.715,0.04036836863495406,0.0023044387713993197,0.0364087159745395,0.0448956735432148,0.04016741719096895,0.0008105794899165471,0.04854741096496577,0.002460346185967745,0.0458909310400486,0.0541162900626659,0.04742845892906185,0.0008479300886392489,0.04346627779304976,0.0022064683767180193,0.040681567043066,0.0484767816960811,0.04326164163649075,0.0016187354922294998
1.0,qlstm_linear_enhanced_paper,original_1,lorenz_1000,0.001,6.0,32.0,4.0,25.0,64.0,1283.0,0.014039830490946708,0.008814061056284902,0.0052097905427217,0.0390875972807407,0.01131065888330335,0.0012709414586425,0.015152378287166313,0.009625395685633505,0.0053406385704874,0.0427495501935482,0.01203300990164275,0.00098286708816885,0.07804204188287253,0.027185153749208397,0.0460619814693927,0.1519262492656707,0.06970095634460445,0.005795769393444103,0.08304788433015342,0.028135225457149762,0.0475208722054958,0.1599835008382797,0.07607184350490565,0.005009774118661901,0.828278198838234,0.14213514738726885,0.4134087264537811,0.9429622292518616,0.8756173551082611,0.012768089771270752,0.8185841023921967,0.1361521130760191,0.4232636094093323,0.9427414536476136,0.8634475469589233,0.012594729661941528,2407.4,1138.917573839301,407.0,5003.0,2307.0,500.0,8369.555,4280.076581028078,1185.08,15016.54,7742.695,2866.7,0.0393530105333775,0.0014060429410199934,0.03798912409693,0.0430593378841877,0.039047463797032805,0.0006653039250522977,0.046218337863683664,0.002142397056625182,0.0437543019652366,0.0517025627195835,0.04595178924500935,0.0007104631513356989,0.040548088774085,0.0027127365319523783,0.0376382283866405,0.0476475469768047,0.04047583602368825,0.0014320947229862005
1.0,qlstm_linear_enhanced_paper,original_1,lorenz_1000,0.001,6.0,8.0,8.0,25.0,64.0,395.0,0.01258004810661073,0.0026276105331702396,0.0097307609394192,0.0185891091823577,0.0115827694535255,0.001146594528108849,0.012697706837207029,0.002581391954634258,0.0099492175504565,0.0183421839028596,0.0114310765638947,0.0014004074037075,0.07996188700199122,0.009575604979644287,0.0671783685684204,0.1008214429020881,0.07776924595236775,0.0060405917465687076,0.08132903650403016,0.009119543723100816,0.0688404515385627,0.1010769829154014,0.07936637848615645,0.006269220262765954,0.8593572437763214,0.033256254426954894,0.7828586101531982,0.8965843319892883,0.8712002038955688,0.014195799827575684,0.8547465205192566,0.03308339266099527,0.782067060470581,0.8875225186347961,0.8710955083370209,0.01639607548713684,1997.4,775.3754187488795,1141.0,3430.0,1698.5,395.5,13669.091999999999,4833.150837105749,6936.69,20226.72,14280.69,4034.494999999999,0.0420383175928145,0.0019674169022538763,0.0374760270118713,0.0455940067768096,0.042185553535819,0.0008161034435033507,0.05146381035447116,0.0028803100672238923,0.0449375957250595,0.0546832643449306,0.05224582180380815,0.0010358281433581994,0.04671134352684017,0.002662165437303618,0.0403580293059349,0.0501233525574207,0.04737615585327145,0.0012132916599511996
1.0,qlstm_linear_enhanced_paper,original_1,lorenz_1000,0.001,6.0,16.0,8.0,25.0,64.0,691.0,0.011832421459257548,0.002334159944240598,0.0071095945313572,0.0166065823286771,0.0120405084453523,0.0007091849111020504,0.012548267934471311,0.002248506595329292,0.0079850144684314,0.0172587037086486,0.012473156210035051,0.0011576376855372992,0.07647853344678876,0.01085597393234277,0.0509857833385467,0.094531238079071,0.0786669440567493,0.003502022475004196,0.08040836118161675,0.010962808005266642,0.0540202148258686,0.0992853939533233,0.0807542763650417,0.004138227552175508,0.8696526646614074,0.027507372074884188,0.8121303915977478,0.925434410572052,0.8672427833080292,0.006581395864486694,0.8572977781295776,0.02710491917067985,0.799347996711731,0.911644458770752,0.8592511117458344,0.013445556163787842,1865.8,639.8532331714829,900.0,3138.0,1809.0,502.0,19116.35,8310.507407578672,7797.94,34022.71,19899.245000000003,6870.69,0.0411447221972048,0.0020500885929395653,0.0380970936268568,0.0445583317428827,0.0410607039928436,0.001753462944179801,0.04943483956158159,0.0035258885378576586,0.0455621778964996,0.0556592121720314,0.04852470010519025,0.0027027931064367502,0.0445290550589561,0.003626936407206824,0.0392438285052776,0.0510901883244514,0.043593641370534855,0.0030643697828054497
1.0,qlstm_linear_enhanced_paper,original_1,lorenz_1000,0.001,6.0,32.0,8.0,25.0,64.0,1283.0,0.01353795817121858,0.003958771709244269,0.007086326368153,0.0218768995255231,0.013541523832827751,0.002387998159974848,0.013703623460605672,0.003910974983577163,0.007756985258311,0.0227310247719287,0.0134754087775945,0.0022870507091283998,0.08192522749304769,0.013927754816765633,0.0572831407189369,0.1062554195523262,0.083085011690855,0.010782469063997303,0.08425178453326221,0.01372772126916068,0.0600693598389625,0.1116221696138382,0.08443306386470789,0.008224274963140502,0.8477935492992401,0.048921351941960234,0.7387821674346924,0.9222630858421326,0.8500081896781921,0.030305594205856323,0.8421394526958466,0.051545351565240004,0.7175976037979126,0.915595531463623,0.8482816517353058,0.0260503888130188,1357.6,377.6104341778707,802.0,2008.0,1278.5,263.0,12204.619,5957.990019987361,4871.25,21496.49,10668.755,4412.689999999999,0.03808734087273476,0.0014704228610133848,0.0354038011282682,0.040565500408411,0.038345490116625955,0.0009089365601539952,0.04674617424607273,0.0016131471641856873,0.0453921183943748,0.0509974621236324,0.04591847024857995,0.00039067305624485016,0.04208812713623042,0.0019812499224842613,0.0401390045881271,0.0468608438968658,0.041819831356406156,0.0013604294508695568
1.0,qlstm_linear_enhanced_paper,original_1,lorenz_1000,0.001,6.0,8.0,16.0,25.0,64.0,395.0,0.00708021826576437,0.0024067429142740023,0.0037871205713599,0.0120965642854571,0.00647387653589245,0.0013192326296121,0.00793375163339074,0.0025736404862101146,0.0048773726448416,0.0135543700307607,0.00683001126162705,0.0011621154844761003,0.0627528071403503,0.009498446035219535,0.0471023395657539,0.0775412023067474,0.06132106110453604,0.0061095878481865415,0.0676957786083221,0.010321830422491305,0.053447887301445,0.0858717337250709,0.06409515440464014,0.005910925567150099,0.9236427187919617,0.027033237353942897,0.8669306039810181,0.9602557420730592,0.9298090636730194,0.01616761088371277,0.9117584109306336,0.030668054832926332,0.8436424136161804,0.946486234664917,0.9256086051464082,0.014631897211074829,1905.3,563.0836616347522,1016.0,2723.0,2193.5,358.0,21634.775,6309.445473551935,11834.52,30845.26,24878.445,3891.4799999999996,0.0409436262109213,0.0019417283119459291,0.0373815670609474,0.0440163037015332,0.040850506267613745,0.0013954352794422024,0.04742296785116191,0.002320375435180495,0.0436536855995655,0.0527242869138717,0.046797577291727,0.001467242836952199,0.04488450400531286,0.003166738479307881,0.0404878109693527,0.0524057187139987,0.04437985643744465,0.0018147919327020506
1.0,qlstm_linear_enhanced_paper,original_1,lorenz_1000,0.001,6.0,16.0,16.0,25.0,64.0,691.0,0.00881447363644833,0.0037342130840551766,0.0036701071076095,0.014893720857799,0.0077900977339595,0.0028893239796161495,0.009758864995092108,0.004729038187786436,0.0042604082264006,0.0200081691145896,0.0074442273471504,0.0023249026853591,0.06685604043304916,0.01417077714756987,0.0448965951800346,0.0876167491078376,0.0672008320689201,0.010945705696940405,0.07163147181272501,0.016385882129078495,0.0493365712463855,0.1043930128216743,0.0661164708435535,0.0090052671730518,0.9053135812282562,0.04043140403854784,0.8421042561531067,0.961820662021637,0.9147502779960632,0.03183835744857788,0.889242535829544,0.057501389479438635,0.7584112286567688,0.9544388055801392,0.916964054107666,0.027501612901687567,1658.1,877.943557411295,722.0,3493.0,1468.0,675.0,23267.959,17476.186028499156,8329.65,59819.29,16699.535,7624.815,0.04038282249950695,0.002611537815463674,0.0376773269640074,0.0445189074509673,0.03910483813120255,0.0011487761512398997,0.04729289039969441,0.0027717533980019917,0.0440521351993083,0.0525986962020397,0.04641783051192755,0.0017476640641689509,0.04531944729387756,0.0030509874692056633,0.04220861941576,0.050498392432928,0.0440473854541778,0.0018217694014310525
1.0,qlstm_linear_enhanced_paper,original_1,lorenz_1000,0.001,6.0,32.0,16.0,25.0,64.0,1283.0,0.007916015246882988,0.0028099855867412798,0.0026607336476445,0.0108593422919511,0.0086022722534835,0.001936193555593501,0.00839353250339622,0.0025525460772015418,0.0033070850186049,0.0114468373358249,0.008482713717967199,0.00237182551063595,0.06166596598923203,0.011062173183458993,0.0381942838430404,0.0738964900374412,0.0658157169818878,0.006259638816118251,0.06638423204421992,0.010083463675206761,0.0448242984712123,0.0788929909467697,0.06822410970926279,0.0079984292387962,0.9141533076763153,0.032449304795957624,0.8789122104644775,0.973609447479248,0.9079314172267914,0.02461591362953186,0.9057765245437622,0.030673921500919354,0.8662354350090027,0.9655529260635376,0.9082196354866028,0.026703804731368963,1443.5,567.593384387098,781.0,2563.0,1247.0,288.5,22010.713,7979.85677632882,10676.34,36773.32,22556.88,6216.445,0.03737380473564063,0.0025699698486913464,0.0311991384045945,0.0396377299394872,0.0380278024822473,0.0011201732688480015,0.04270793460309501,0.00290563245868774,0.035330906510353,0.0448056608438491,0.04386519640684125,0.0007857512682675968,0.040603514388203574,0.003089211190457853,0.0324687510728836,0.0439014211297035,0.04155674390494815,0.0013418532907963007
1.0,qlstm_linear_enhanced_paper,original_2,lorenz_1000,0.001,6.0,8.0,4.0,25.0,64.0,467.0,0.01012767208740108,0.002644899902735638,0.0043422579765319,0.0144679192453622,0.0101263746619224,0.0013638804666698005,0.01114541869610542,0.0027021746720537585,0.0056224027648568,0.01624271646142,0.01077547715976825,0.0011982191354035993,0.06689284220337863,0.010039291396511602,0.0477714389562606,0.0838605239987373,0.06464113295078275,0.0039723552763462,0.07145942896604532,0.010478526121625918,0.0525644533336162,0.091384045779705,0.06987924128770825,0.005962042137980451,0.8882219552993774,0.031173666302951847,0.8351382613182068,0.9541963338851928,0.8902067542076111,0.014385193586349487,0.8743078231811523,0.03273149516530437,0.810547411441803,0.939020574092865,0.8791578412055969,0.014232993125915527,2707.9,892.818733002394,1768.0,5073.0,2510.0,413.0,15162.432,5620.40301626458,8305.56,23172.37,13165.33,4543.8150000000005,0.04056208334863181,0.0019300484748829422,0.0373650234192609,0.0431954469531774,0.04069850072264665,0.0021071822382509493,0.0489895790815353,0.0035731668018421235,0.0442098900675773,0.0548812896013259,0.047142300754785496,0.0017397571355104516,0.04432064667344089,0.003975220013946671,0.0384139865636825,0.050890278071165,0.042577290907502105,0.0025115646421908985
1.0,qlstm_linear_enhanced_paper,original_2,lorenz_1000,0.001,6.0,16.0,4.0,25.0,64.0,763.0,0.01208001663908357,0.0016374062288837593,0.0090766381472349,0.014969315379858,0.012333676218986449,0.0007899464108049991,0.01302438434213395,0.0017885708796497026,0.0097692897543311,0.0149650536477565,0.0135573646984994,0.0011770846322179005,0.07131061926484106,0.0063729222499766406,0.0624141842126846,0.0821019113063812,0.0724437274038791,0.006164077669382102,0.07693262696266169,0.006706855411899872,0.0648887827992439,0.0849592760205268,0.07837204262614245,0.004417750984430306,0.8670451879501343,0.02064703426835128,0.827565610408783,0.9026668667793274,0.8637551665306091,0.010732859373092651,0.8530861973762512,0.022297149165930258,0.8280196189880371,0.8925942778587341,0.8452984094619751,0.013082504272460938,2299.7,468.7871691930145,1503.0,3124.0,2109.5,207.5,11226.929,2414.252755394306,8726.28,16475.59,11037.71,1880.454999999999,0.03895155618898564,0.0022324868844752167,0.0360314643941819,0.0441878765821456,0.03840580014511935,0.0011377840302884516,0.04740542322397227,0.0017091708125267716,0.0452424734830856,0.0506360046565532,0.04713172838091845,0.0014442466199397971,0.04274747148156162,0.001942446070879977,0.039637804031372,0.0459057129919528,0.0427007358521223,0.0011010821908712005
1.0,qlstm_linear_enhanced_paper,original_2,lorenz_1000,0.001,6.0,32.0,4.0,25.0,64.0,1355.0,0.010729297064244709,0.002065972611655754,0.0083618005737662,0.0150889856740832,0.009926551021635501,0.0011028507724403988,0.01126297060400243,0.0021185038585009247,0.0083299605175852,0.0146782882511615,0.01081355521455405,0.0017086183652281492,0.06790246590971943,0.007185854778651365,0.0578589364886283,0.082282580435276,0.06544184312224385,0.003580052405595748,0.07171710878610607,0.007979603764931871,0.0574700459837913,0.0842251032590866,0.07153515890240665,0.005861826241016402,0.8817127525806427,0.023635154718443473,0.8320006132125854,0.9085702300071716,0.8902058005332947,0.010465919971466064,0.8734341979026794,0.026088329732255403,0.8314240574836731,0.9095304608345032,0.8784369230270386,0.019738465547561646,2148.1,584.1432101805173,1490.0,3343.0,2010.5,432.5,11351.499,4108.878628021154,6953.08,21843.64,10798.26,2155.1950000000006,0.03808450290001923,0.001407018493681848,0.0359501355327665,0.0415444802492857,0.0380265468731522,0.0005505953915417479,0.046504253894090616,0.001330845892920427,0.0444575957953929,0.0491018146276474,0.0464122928678989,0.0006114579737186501,0.041908980533480585,0.001318457354508948,0.0398826263844966,0.0438515357673168,0.0420364420861005,0.0011706352233886545
1.0,qlstm_linear_enhanced_paper,original_2,lorenz_1000,0.001,6.0,8.0,8.0,25.0,64.0,467.0,0.011512750061228809,0.003482737247046028,0.0062875789590179,0.0195323582738637,0.0109877246432006,0.0021584131754934996,0.012478830385953139,0.003181361053627138,0.0083064315840601,0.0200880765914917,0.01175004197284575,0.0020728306844830504,0.07370463386178011,0.012717465010192478,0.052538514137268,0.0988736525177955,0.07076396420598025,0.009222283959388754,0.07817423120141027,0.01146389468917378,0.0611860379576683,0.10126993060112,0.07488051429390905,0.008715186268091202,0.8724990248680115,0.04382712552843194,0.7668352723121643,0.9348588585853576,0.8782715797424316,0.02713257074356079,0.858437591791153,0.04052389292419124,0.7575265765190125,0.9085444808006288,0.8676461577415466,0.02343657612800598,1962.3,696.0948283100514,1109.0,2967.0,1718.5,608.5,21481.228000000003,9556.684941092073,9645.28,41131.16,23983.235,7096.965,0.040193366957828346,0.00241690990078923,0.0370528965257108,0.044695484265685,0.0400832799263298,0.0020084942691027986,0.04860024526715273,0.0030316215058076084,0.0449742339551448,0.0537420809268951,0.0479120407253503,0.0023507513105869016,0.04371476173400875,0.0030480050768722476,0.0385195910930633,0.0492628589272499,0.0430727489292621,0.0013517681509256467
1.0,qlstm_linear_enhanced_paper,original_2,lorenz_1000,0.001,6.0,16.0,8.0,25.0,64.0,763.0,0.011441214289516161,0.0023917216369250737,0.0083745196461677,0.0177890434861183,0.0110077164135873,0.0008219177834690007,0.0115160865709185,0.0025166949254525005,0.0081840539351105,0.0180725716054439,0.011391317471861749,0.0009561218321322996,0.07372790649533269,0.01098737946080557,0.0591683983802795,0.1025724560022354,0.07336910441517824,0.003486413508653599,0.07548037730157371,0.01069231958256687,0.0593866072595119,0.1017263531684875,0.0757844746112823,0.0030887350440025538,0.8741768181324006,0.028395398349232354,0.7969071269035339,0.9084418416023254,0.879813939332962,0.008789896965026855,0.8700388252735138,0.03167268403147433,0.7853516936302185,0.9087297320365906,0.8737856149673462,0.01313936710357666,1592.4,528.2876489186549,874.0,2432.0,1503.0,418.0,15852.537999999997,5250.094878462293,9441.51,25893.68,14520.275,4702.1849999999995,0.03923307755030689,0.0015609983844701546,0.0368967980146408,0.0413309961557388,0.03951819813810285,0.0015848304145037982,0.04739458300173279,0.0021288945740216775,0.0451763570308685,0.0514874197542667,0.0464648567140102,0.0011954661458730455,0.043161217123269986,0.002609499815685922,0.0403796583414077,0.0484724640846252,0.04193283617496485,0.0014532320201397012
1.0,qlstm_linear_enhanced_paper,original_2,lorenz_1000,0.001,6.0,32.0,8.0,25.0,64.0,1355.0,0.01148503683507438,0.0028570306534293597,0.0075342049822211,0.0181943327188491,0.0111555741168558,0.0017814007587730997,0.01188028361648316,0.0027294878884762713,0.0081976829096674,0.0176189914345741,0.0113293593749403,0.0018058475106954505,0.07163844816386696,0.012105540734319038,0.0503729730844497,0.0917160138487815,0.07402768731117246,0.011533973738551157,0.07505155019462106,0.01153601804532201,0.0562806129455566,0.0933890640735626,0.07577202096581455,0.008215416222810752,0.8724860608577728,0.03320681724537242,0.7922458052635193,0.9168745875358582,0.8767658174037933,0.019485652446746826,0.8651984572410584,0.032258263682444575,0.796207070350647,0.907940685749054,0.8719235062599182,0.02148708701133728,1447.8,425.20837244814453,775.0,2164.0,1476.5,250.0,16084.905999999999,6637.678687859484,6881.67,28502.62,15296.349999999999,5037.580000000002,0.03745845741592342,0.0010436921766322853,0.0357687626965343,0.0391399452462792,0.03735760664567345,0.000858776271343252,0.046890489757060956,0.0010641973714829223,0.0453121960163116,0.0487157106399536,0.0466778557747602,0.000956390053033801,0.042788773775100666,0.0013002867944145475,0.0397725105285644,0.0445251576602458,0.042840950191020896,0.0009361710399389545
1.0,qlstm_linear_enhanced_paper,original_2,lorenz_1000,0.001,6.0,8.0,16.0,25.0,64.0,467.0,0.00860631354153153,0.0066841738454182205,0.0044753644615411,0.0281879175454378,0.0072127452585845995,0.0016836735885589998,0.00885720099322493,0.006734595021802261,0.0046542030759155,0.0286104809492826,0.00698810769245025,0.0016808635555208003,0.06465573906898496,0.018929620039802284,0.0515501350164413,0.1187067180871963,0.0599676743149757,0.007434485480189348,0.06786409318447109,0.019940260667685734,0.0532584190368652,0.1245496794581413,0.06141403131186955,0.0059928316622972,0.9053756415843963,0.0786267538364373,0.6743736863136292,0.9518648386001588,0.9228633940219878,0.018363445997238104,0.895805710554123,0.0937318213175332,0.6188199520111084,0.948916792869568,0.922925740480423,0.01899597048759466,1542.2,507.96019529093024,542.0,2322.0,1478.5,254.5,33794.625,15919.113079988627,9433.07,61625.44,30206.464999999997,8430.079999999996,0.04069470154742395,0.0017995347025537818,0.0386382314480013,0.0447489971088038,0.040206225588917704,0.000949210901227255,0.04723263569176193,0.0036070474517624802,0.0420623570680618,0.053208153694868,0.046432713046669946,0.0026341676712035994,0.045413057506084396,0.0038734823839183205,0.0409188754856586,0.0525123327970504,0.04350187629461285,0.0020711440593004504
1.0,qlstm_linear_enhanced_paper,original_2,lorenz_1000,0.001,6.0,16.0,16.0,25.0,64.0,763.0,0.006076081795617899,0.0018032127048151722,0.0040224785916507,0.0101089822128415,0.0055329143069684,0.0007706894539296501,0.006436985125765129,0.0015629248186852986,0.0043412190861999,0.0096435956656932,0.0061444488819688,0.0007815584540366996,0.058659791573882084,0.008348790010571795,0.049522690474987,0.0763071179389953,0.0561542063951492,0.0054214634001255035,0.061013120412826485,0.007345923728826958,0.0519339255988597,0.0751270502805709,0.05838058143854135,0.004420256242156053,0.9350584089756012,0.020759588308780955,0.8877401351928711,0.9588995575904846,0.9415352940559386,0.008071720600128285,0.9296983897686004,0.018180779524318087,0.8910137414932251,0.9537002444267272,0.9343637228012085,0.011309415102005116,1312.5,446.42922171381207,784.0,2044.0,1221.0,341.0,23287.77,7930.054539456837,13208.67,34318.13,21981.445,7945.115,0.03805425026350546,0.0029200510548878416,0.0325025796062416,0.041422547151645,0.039051360761125795,0.0010316835509406562,0.044659550860524116,0.004838396594425167,0.0352752804756164,0.0495717674493789,0.0455134157091379,0.0026323907077311984,0.043621703237295105,0.0041265811008304246,0.0353514477610588,0.0483093149960041,0.045023731887340504,0.001913625746965398
1.0,qlstm_linear_enhanced_paper,original_2,lorenz_1000,0.001,6.0,32.0,16.0,25.0,64.0,1355.0,0.006103242374956549,0.0017616641156462977,0.0037244586274027,0.0100061260163784,0.005797796417027649,0.0009472575038671498,0.00632095970213409,0.0015050432846662552,0.0046111838892102,0.0093194535002112,0.0059327830094844,0.0010666162706912002,0.057125441730022396,0.008730866333330315,0.0433829762041568,0.0704894661903381,0.05647748149931425,0.006237676367163651,0.05990564301609987,0.007692667959285894,0.0495782420039176,0.0726408138871193,0.057936893776059095,0.006186669692397104,0.9357636928558349,0.01902671581300462,0.8935293555259705,0.9619914293289183,0.938268780708313,0.009350627660751287,0.9314048528671265,0.016353900248336425,0.899067759513855,0.9500447511672974,0.93550905585289,0.009942442178726196,1084.0,276.41092597797217,747.0,1547.0,995.0,158.5,26836.951,11507.63356131959,13233.0,45741.57,24798.765,9932.5,0.035619619674980604,0.002889730463184511,0.0310736157827907,0.0391891813940472,0.036872698511514354,0.0011954418280058013,0.040896062180399845,0.004096332449554644,0.033093474805355,0.045965552330017,0.042001159861683804,0.002291772514581694,0.04085345603525634,0.0032872322686124957,0.0350324884057045,0.0444316193461418,0.042118007317185346,0.0014445576816797048
1.0,qlstm_linear_enhanced_paper,original_3,lorenz_1000,0.001,6.0,8.0,4.0,25.0,64.0,539.0,0.01024552630260583,0.0009771383745503367,0.0093192271888256,0.012827806174755,0.009963725693523849,0.00037195580080149997,0.011150980554521042,0.0008801448491893839,0.0099213952198624,0.0131795853376388,0.01116689108312125,0.0004822593182325502,0.06480690687894816,0.006755838796275157,0.0553858317434787,0.0759911984205246,0.0617879163473844,0.003066254779696454,0.06929456964135164,0.006083639462602785,0.0587258040904998,0.0785320252180099,0.06848509982228275,0.0038271844387054513,0.8859992742538452,0.011487055154756386,0.856361448764801,0.8973300457000732,0.8897925913333893,0.0038778185844421387,0.8745215058326721,0.00998396604235618,0.8526114225387573,0.8881261944770813,0.8744565844535828,0.006224483251571655,2149.7,548.6767809922341,1314.0,3226.0,2158.0,325.0,13429.867999999999,5939.4620538846775,7385.46,29233.28,12236.39,1762.7250000000004,0.03977920144330704,0.0026221904445332053,0.0341295482125133,0.0433956015855073,0.039353317115455796,0.0015642626211046992,0.048403390869498214,0.002985600692118892,0.044247169047594,0.0536185763776302,0.04712313599884505,0.0014245454221964021,0.04322482123970982,0.0033896330130554044,0.0385951809585094,0.0488126799464225,0.04203376732766625,0.0011809282004832979
1.0,qlstm_linear_enhanced_paper,original_3,lorenz_1000,0.001,6.0,16.0,4.0,25.0,64.0,835.0,0.01040043379180129,0.00297695505556134,0.0057282727211713,0.0154456440359354,0.0101545667275786,0.0026380231138319,0.011102862376719678,0.002870712020056937,0.0060011520981788,0.0150363240391016,0.0112714003771543,0.0023638377897440997,0.066633803024888,0.013471546440250467,0.0448453314602375,0.0875863134860992,0.06260835751891135,0.008200038224458701,0.0701984297484159,0.012239123046321618,0.0493150502443313,0.0870201289653778,0.06951793655753136,0.010048447176814107,0.8853506326675415,0.03523748004616406,0.8232638239860535,0.9374197125434875,0.8893094658851624,0.031584739685058594,0.8752264440059662,0.03556042909556703,0.8247624039649963,0.934597671031952,0.8754100501537323,0.0310219526290893,2301.5,664.4608716847065,1404.0,3933.0,2340.0,289.0,13989.388,5183.449467167206,7870.33,24994.66,13295.134999999998,2738.234999999998,0.03896050842013206,0.0017558342586153322,0.0364732307847589,0.0431153154000639,0.0390241768211126,0.0005905703641474018,0.04706395529210564,0.0019865905006900236,0.0442228242754936,0.052051056176424,0.04694219119846815,0.0008343942463398014,0.04203179329633709,0.0021054700316655594,0.0384011454880237,0.0469689704477787,0.04199710488319395,0.0008696280419825987
1.0,qlstm_linear_enhanced_paper,original_3,lorenz_1000,0.001,6.0,32.0,4.0,25.0,64.0,1427.0,0.012218433246016451,0.0019463771925166224,0.0094297528266906,0.016187060624361,0.01193478005006905,0.0017181830480695005,0.01322622653096909,0.0019234787808402294,0.0105057461187243,0.0170100517570972,0.01314746215939515,0.0014730035327374501,0.07252028472721572,0.00907971336964838,0.0615023411810398,0.0891275182366371,0.06876552477478975,0.00653044320642945,0.07732321768999097,0.008253931108931311,0.0670787990093231,0.0926031321287155,0.0742679946124553,0.0064107440412044525,0.8630697369575501,0.02276578738778809,0.8165299296379089,0.8953603506088257,0.8667430579662323,0.020130693912506104,0.8487716734409332,0.02404817479764839,0.8010284304618835,0.8840699195861816,0.8502374589443207,0.017778366804122925,1766.9,363.90533109587716,1198.0,2379.0,1742.5,273.0,13460.612,5447.810857716703,6635.1,24836.34,11979.83,3215.7599999999998,0.03835181584581728,0.0019331453846685117,0.0353879736736416,0.0430563742294907,0.0384158451110124,0.0007797678001225002,0.045763079077005345,0.0009197394832621547,0.0440377257764339,0.0467571876943111,0.046267464756965596,0.0003764778375625541,0.0408767387270927,0.000909779725647974,0.0392532870173454,0.0423560105264186,0.0407746192067861,0.0007358733564615492
1.0,qlstm_linear_enhanced_paper,original_3,lorenz_1000,0.001,6.0,8.0,8.0,25.0,64.0,539.0,0.010727722663432311,0.0021769312410074575,0.0058628842234611,0.0131099745631217,0.01135631091892715,0.0015107979997992498,0.011707605887204372,0.00187620396776139,0.0077961394563317,0.0142474081367254,0.0120658935047686,0.001262275502085651,0.07164493314921852,0.01117865480642695,0.0467919036746025,0.0854306444525718,0.07662482559680935,0.005847997963428497,0.07620843462646003,0.00946554331272842,0.0557565130293369,0.0856396183371543,0.07890136167407036,0.006275717169046402,0.8821399807929993,0.02473235544435464,0.8537797927856445,0.937184751033783,0.8750801980495453,0.016764432191848755,0.869296771287918,0.02180219970475796,0.8374874591827393,0.9145589470863342,0.8653423488140106,0.012720763683319092,1623.3,387.27175213278855,971.0,2488.0,1512.0,100.0,26507.049,11353.288718351569,16557.78,51476.28,20763.79,4121.545000000002,0.03950841585174198,0.002314391012954842,0.0367975493893027,0.0439009074121713,0.03818784989416595,0.0010483681224286515,0.04804655127227301,0.0024737581151784917,0.0448496490716934,0.0538643077015876,0.04790844768285745,0.0015075337141752,0.04379585459828374,0.0032208681410092837,0.0405097305774688,0.0517800822854042,0.0433243941515684,0.001841094344854348
1.0,qlstm_linear_enhanced_paper,original_3,lorenz_1000,0.001,6.0,16.0,8.0,25.0,64.0,835.0,0.0119908576831221,0.0029387306157306354,0.0088595803827047,0.0172831490635871,0.01077326992526645,0.001104730647057301,0.012539594899862958,0.0027256859504329886,0.0097720334306359,0.0179629474878311,0.01128217298537485,0.0009776600636542,0.07576634995639321,0.010792780176132569,0.0599451102316379,0.0932228937745094,0.07136588171124456,0.0030527152121066978,0.07904206886887542,0.009733966847141975,0.0671952664852142,0.097067005932331,0.07510390505194656,0.0029635541141033103,0.8663672745227814,0.036526714504739044,0.7962521910667419,0.9037964940071106,0.8827807307243347,0.01120084524154663,0.857354336977005,0.03469909644984615,0.7858753800392151,0.8907032012939453,0.8735232353210449,0.01218503713607788,1421.1,494.5667700118963,780.0,2378.0,1306.0,402.0,18321.916999999998,5313.026123688929,9490.72,27285.18,17503.485,4277.995,0.03813335432671004,0.0014167506934963522,0.0364296428859233,0.040378239005804,0.03784635141491885,0.0013536785729229492,0.04687925241887564,0.0010631269432533025,0.0452433228492736,0.0493384674191474,0.0466305464506149,0.0005665551871061533,0.04268756918609139,0.0008100933195932049,0.0414573289453983,0.0440804176032543,0.04261307045817375,0.0006641373038292
1.0,qlstm_linear_enhanced_paper,original_3,lorenz_1000,0.001,6.0,32.0,8.0,25.0,64.0,1427.0,0.00970860635861749,0.0019258512057783632,0.0066922716796398,0.0131366150453686,0.009587921202182749,0.0011925566941499493,0.010664420202374406,0.0017901722250690782,0.0077685369178652,0.0133124189451336,0.0110677974298596,0.0014814450405538004,0.06687466092407698,0.00903848504551169,0.0505636595189571,0.0837712660431861,0.06495464220643041,0.0039907954633236,0.07183631584048267,0.008366817723543337,0.0558824241161346,0.086824357509613,0.07181924954056734,0.0045615099370479445,0.8934317409992218,0.022084809044783417,0.8533850908279419,0.927318274974823,0.8950257897377014,0.014988154172897339,0.8804635107517242,0.02156881236245889,0.8478863835334778,0.914317786693573,0.874102771282196,0.018280506134033203,1353.2,338.10968634453525,738.0,1957.0,1389.0,241.5,20714.563000000002,9024.870101804292,8555.37,40757.48,19103.995000000003,6056.610000000001,0.03821229890920217,0.0014072463406689583,0.0360757530666887,0.0408609315752983,0.03804366393014785,0.0010472693480551507,0.04629624299705025,0.0011425452999840032,0.0439853332936763,0.0478003472089767,0.046280877664685194,0.0008633360266685451,0.042100176587700794,0.0016110023123969194,0.0378364473581314,0.0438020676374435,0.04264300689101215,0.0005413219332695007
1.0,qlstm_linear_enhanced_paper,original_3,lorenz_1000,0.001,6.0,8.0,16.0,25.0,64.0,539.0,0.00580185966100538,0.0016148805995875241,0.0032368653919547,0.00832677539438,0.0052781354170292,0.0013101515360177001,0.0064409078331663806,0.001464039655259906,0.0033572360407561,0.0085025010630488,0.006490756990387999,0.0010721476282924006,0.05554077997803684,0.00819378820176697,0.0409767068922519,0.0670327395200729,0.05497319065034385,0.006907414644956603,0.06055528968572612,0.007853246576126655,0.0426373556256294,0.0722310170531272,0.06179820559918875,0.003075787797570201,0.9378260254859925,0.017776062594990486,0.9102405309677124,0.9656826853752136,0.9440423846244812,0.014756530523300171,0.9285668015480042,0.016672942501688416,0.9028918743133544,0.9630171060562134,0.9276996552944183,0.012118160724640004,1649.4,525.9449020572403,911.0,2937.0,1556.0,250.5,42084.541000000005,18456.622777933913,26357.61,93523.24,35264.759999999995,4886.875,0.040293604073425096,0.001954221449666931,0.0382173030326763,0.044123830480708,0.03931318151040206,0.0009803301137355051,0.04640311077237123,0.0019451140536133266,0.0439556017518043,0.0503094792366027,0.046384226530790246,0.0014859233051538467,0.04462064057588574,0.0019079749582502376,0.0421193391084671,0.0485487394034862,0.0442787334322929,0.0008471384644508501
1.0,qlstm_linear_enhanced_paper,original_3,lorenz_1000,0.001,6.0,16.0,16.0,25.0,64.0,835.0,0.006719556730240531,0.0011872011654524611,0.0052535086870193,0.0091656139120459,0.00658985716290765,0.0007132545579225003,0.007071679970249481,0.0012297978370604278,0.0057976697571575,0.0098396707326173,0.0067871138453483495,0.0005096013192087997,0.061490430682897536,0.004225662251072685,0.0528202950954437,0.0681439712643623,0.06114226579666135,0.0020363405346870006,0.064043154194951,0.004426525771324718,0.0596226118505001,0.0720311924815177,0.06247400119900695,0.002135759219527203,0.9277322232723236,0.013119022838534753,0.8997326493263245,0.9440051913261414,0.9291500151157379,0.007554441690445002,0.9216351211071014,0.014582335155759676,0.886587381362915,0.9354645013809204,0.9270154237747192,0.00644898414611822,1203.6,246.2385834917022,820.0,1654.0,1166.5,133.5,29464.238,7798.816367651952,17991.99,42957.77,27854.88,6415.2750000000015,0.03936674992243445,0.001421481625434792,0.0374878183421161,0.0418816113637553,0.03888456130193335,0.0007549746789866016,0.04663118273019784,0.002694830512183875,0.0432590059936046,0.0510033629834651,0.04591082781553265,0.002101477235555649,0.04486532844603057,0.0030305319012333314,0.0404247604310512,0.050554271787405,0.043621899560093796,0.0013017449527978966
1.0,qlstm_linear_enhanced_paper,original_3,lorenz_1000,0.001,6.0,32.0,16.0,25.0,64.0,1427.0,0.00537179515231395,0.001494380291850403,0.0030188267119228,0.0078637143597006,0.0051626667845994,0.00119398569222545,0.00568936197087164,0.001265353709066103,0.0035534650087356,0.007698621135205,0.00539059052243825,0.0010121141094714499,0.05528575219213958,0.00819311763495684,0.041317980736494,0.0663388296961784,0.056715168058872195,0.006809568032622348,0.0577804703265428,0.00685086050379147,0.0444385409355163,0.0686357989907264,0.0585483647882938,0.00433608144521715,0.9429008603096009,0.016612491770303956,0.9148228764533995,0.9687845706939696,0.9454348981380463,0.013044744729995728,0.9381213843822479,0.01441498000713726,0.9128721356391908,0.9621434807777404,0.9427052140235902,0.010498464107513428,1181.3,314.45128398529397,723.0,1695.0,1073.5,270.0,31161.892000000003,10449.368192106927,19991.09,57415.32,30799.08,6467.129999999999,0.03630772729714708,0.0020263465829306205,0.0334956780489948,0.0392016052371925,0.03668944961908785,0.0020078460996349502,0.04109540507197375,0.002472158408154735,0.0374684780836105,0.0448434278368949,0.04066704958677285,0.00206862203776835,0.04154923707246775,0.0019175126407203916,0.038341749459505,0.0443025231361389,0.04166573844850055,0.0017256531864404505
1.0,qlstm_linear_enhanced_paper,original_1,mackey_1000,0.001,6.0,8.0,4.0,1.0,64.0,365.0,6.634310648223618e-06,1.751845248490907e-06,4.8421516112284735e-06,9.843816769716796e-06,5.840111498400802e-06,4.2908322939183563e-07,7.873914273659467e-06,2.400281466728043e-06,5.620294814434601e-06,1.2858835361839738e-05,6.7189782839705e-06,8.400072601943975e-07,0.00198879330419,0.0002851815653064809,0.0016883108764886,0.0025372146628797,0.0018473117961548,3.6021403502700016e-05,0.0022149313008412294,0.0003193130554195959,0.0018650919664651,0.0028783348388969,0.00208727258723225,0.00012021115981044998,0.9999396145343781,1.673204300316565e-05,0.9999072551727296,0.9999550580978394,0.9999483227729797,2.7120113372247623e-06,0.9999398767948151,1.806341452024222e-05,0.9999029636383056,0.9999567270278932,0.9999490976333618,6.258487701416016e-06,1411.5,313.6071587193124,792.0,1882.0,1494.5,142.5,5854.561,2753.469187270669,2353.66,10402.51,4644.175,2008.3700000000003,0.0018887206166982103,0.0008607863284465696,0.0010945918620564,0.0035725373309105,0.0015743421739898,0.00026773829595190003,0.0019412287860177198,0.0009147044226321658,0.0011276458390057,0.0038215441163629,0.0015991337131708002,0.00028800597647205006,0.0015808283409568698,0.0006861336116809652,0.0009563920903019,0.0029387932736426,0.001356232096441,0.00023028999567029996
1.0,qlstm_linear_enhanced_paper,original_1,mackey_1000,0.001,6.0,16.0,4.0,1.0,64.0,645.0,9.598322890269628e-06,2.0286642228151267e-06,6.8331792135722935e-06,1.2312408216530455e-05,9.060166121344082e-06,2.0245138330210466e-06,1.1542351387561212e-05,2.1764319543327667e-06,7.262422968778992e-06,1.4252262189984322e-05,1.1527116839715745e-05,1.7109414329752334e-06,0.002433094399748325,0.0002620598240011444,0.0019901823252439,0.0027534561231732,0.00240901869256045,0.00027242151554674994,0.002672526956303012,0.0002533210813088204,0.0020981761626899,0.0029604427982121,0.00270912318956105,0.00012993288692085005,0.9999128431081772,1.755062662128398e-05,0.9998894929885864,0.9999415278434752,0.9999165534973145,1.776218414317743e-05,0.9999119564890862,1.6664120865265575e-05,0.9998905658721924,0.9999449253082277,0.9999127984046936,1.3560056686401367e-05,1195.875,113.53021348962575,977.0,1338.0,1219.5,87.5,5017.891250000001,1536.5791683837635,3291.95,7210.05,4609.25,1185.7900000000002,0.0025998075754614,0.001132835002587997,0.0014946301234886,0.0049233784433454,0.00205397538375105,0.00038471661973745006,0.0026616956165525624,0.0012023033434991174,0.0015097094001248,0.0050709396600723,0.00205290585290635,0.0003945442731492,0.00218921249324915,0.0009533345391552781,0.0012965014902874,0.0041311881504952,0.0017188033089041,0.00031040009343995007
1.0,qlstm_linear_enhanced_paper,original_1,mackey_1000,0.001,6.0,32.0,4.0,1.0,64.0,1205.0,1.2628976492123911e-05,3.79846142092761e-06,5.761700776929501e-06,1.7080041288863868e-05,1.2648106348933652e-05,3.5634184314403683e-06,1.459029488160013e-05,4.792170989591083e-06,6.658102392975707e-06,2.177090937038884e-05,1.3692900665773777e-05,3.905597168341046e-06,0.0028209935699123373,0.0004907579031457809,0.0018374554347246,0.0034060676116496,0.0028685416327789,0.0003593842266127001,0.0030126025958451875,0.0005325359257699174,0.0020632825326174,0.0038121459074318,0.0029701375169679,0.00037421321030710005,0.9998847022652626,3.5474052954462294e-05,0.9998372793197632,0.999948799610138,0.9998843669891357,2.9355287551879883e-05,0.9998884871602058,3.695547384964232e-05,0.9998337626457214,0.9999496340751648,0.9998959600925446,3.018975257873535e-05,959.625,173.19204477977618,710.0,1207.0,931.0,156.5,4339.686250000001,1363.0106771953172,2344.13,6491.79,4242.8099999999995,1011.8249999999994,0.002159028373716825,0.00044916599122177676,0.0012221445678733,0.0026141569484025,0.0023012453108094,0.00030773659236730025,0.00218106129614165,0.0004539990788151151,0.0012351965997368,0.0026348805986344,0.0023132839705794503,0.0003024962497874997,0.0018374488572589377,0.00036221721104418594,0.001063814619556,0.002216973574832,0.0019466330413706,0.00023531087208534997
1.0,qlstm_linear_enhanced_paper,original_1,mackey_1000,0.001,6.0,8.0,8.0,1.0,64.0,365.0,6.5094348984631424e-06,3.06281867057904e-06,3.4520746794441948e-06,1.223303934239084e-05,5.754168341809418e-06,1.7907450455822982e-06,7.482216157465397e-06,3.039207678411093e-06,4.552088284981437e-06,1.3561408195528202e-05,6.052124717825791e-06,1.4286943041952318e-06,0.0019439840559950666,0.000477958849176473,0.0013574452605098,0.0028274951037019,0.0019246966112405,0.0003775891382248001,0.002170840705124,0.00045678584727652956,0.0017069283640012,0.0031396164558827,0.00203274236992,0.0003100569592789002,0.9999394747945998,2.8383970091479385e-05,0.999888837337494,0.9999683499336244,0.9999440908432008,1.8954277038352174e-05,0.9999428060319688,2.3316772117720368e-05,0.9998960494995116,0.9999648928642272,0.9999536871910096,1.1205673217551393e-05,1512.2222222222222,293.3821087394306,1115.0,2072.0,1561.0,184.0,12425.654444444444,3851.91408388987,6825.17,17914.02,12794.82,3244.380000000001,0.0014698026165003556,0.000919883598339497,0.0007084216282237,0.0038786772405728,0.0011712561477907,0.0002786547120194999,0.0015337394822077998,0.0009541780359537432,0.0007354014087468,0.0040294253267347,0.0012445803731679,0.00026942190015679995,0.0012426110980514335,0.000759220195031368,0.000599815917667,0.0032089226879179,0.0010044889058917,0.00022898847237229998
1.0,qlstm_linear_enhanced_paper,original_1,mackey_1000,0.001,6.0,16.0,8.0,1.0,64.0,645.0,5.7982603038908564e-06,2.8820359980369527e-06,2.9828568131051725e-06,1.194147171190707e-05,4.7070022901607445e-06,8.271998694908687e-07,7.326564741561015e-06,3.7996754776633938e-06,4.271090801921673e-06,1.539420372864697e-05,5.640443987431354e-06,7.238675152620999e-07,0.001819695578888025,0.00045577902593277,0.001331289531663,0.0027465482708066,0.0017303092172369,0.00027484796009955004,0.0020802109938813,0.0005069976376263506,0.0015881169820204,0.0030710166320204,0.0018734320183284,0.00013921712525184998,0.999946765601635,2.688426251941965e-05,0.9998910427093506,0.9999716877937316,0.9999566078186035,9.47713851928711e-06,0.999944344162941,2.9127859745827967e-05,0.9998816847801208,0.9999678134918212,0.9999574720859528,5.00679016102179e-06,1408.5,194.90189840019517,1067.0,1724.0,1390.0,165.0,11857.72375,3066.1211580103027,8007.49,17301.95,11295.619999999999,2591.9300000000003,0.0013198247037507125,0.0008042882003351686,0.0003417474421439,0.0024366258643567,0.00110432018991555,0.0007136875545257001,0.00138854039687425,0.0008223334871988794,0.0003264914266765,0.0025802124291658,0.0012195378658361,0.00078752200352025,0.0010924875605269001,0.0006702828216124737,0.0002684186620172,0.0019640810787677,0.0009415473905391499,0.0006320228276308499
1.0,qlstm_linear_enhanced_paper,original_1,mackey_1000,0.001,6.0,32.0,8.0,1.0,64.0,1205.0,8.614834683839945e-06,4.618813485039998e-06,3.451528073128429e-06,1.7889609807753004e-05,7.341196806009975e-06,1.8639855170476949e-06,1.0358519716646697e-05,5.2913172237514325e-06,4.695843472291017e-06,2.128018059011083e-05,8.435139079665532e-06,1.3892233710066648e-06,0.00228479392535515,0.0006525574150082667,0.0013999996008351,0.0035302254837006,0.00214543135371055,0.0002996750408783502,0.0025422923645237127,0.0006844942492599806,0.0016712421784177,0.0038696795236319,0.00236483069602395,0.00026770413387564983,0.9999206885695457,4.347883005487212e-05,0.999832808971405,0.99996680021286,0.9999342262744904,1.6689300537053864e-05,0.9999214336276054,3.973730893145701e-05,0.9998397827148438,0.9999644160270692,0.9999362230300903,9.804964065551758e-06,1157.625,236.8427418668345,775.0,1587.0,1208.5,118.5,9622.705000000002,2562.5318902991235,6121.44,13601.5,9214.345000000001,1573.125000000001,0.0005051224492489875,0.00019178542292756518,0.0002600369421998,0.0008371175441425,0.00043051467655455,0.00013728842459385002,0.0005171756856724875,0.0001816219153099954,0.0002675572759471,0.0008477406227029,0.00044841207272834996,0.00013585624401459996,0.0004219565216771625,0.0001495978098156558,0.0002284623187733,0.0007161145331338,0.00036812353937415,0.00011323918442939998
1.0,qlstm_linear_enhanced_paper,original_1,mackey_1000,0.001,6.0,8.0,16.0,1.0,64.0,365.0,3.327646747190253e-06,1.842090560604593e-06,1.4656601479146047e-06,7.724785973550752e-06,2.797763954731636e-06,1.050545506586786e-06,4.345701806111417e-06,2.5520742573672457e-06,1.7113052308559418e-06,1.1171233381901402e-05,3.632688049037824e-06,4.890146101388378e-07,0.0013842564076184556,0.00035187484005791116,0.0009733908809721,0.00215873750858,0.0013571840245276,0.00023780635092410002,0.0015868407079121557,0.0004119594500625922,0.0010246842866763,0.002607881091535,0.0015520808519795,0.00016359181609010005,0.9999690916803148,1.717579569351169e-05,0.999928891658783,0.999986171722412,0.9999740719795228,1.03116035462536e-05,0.9999669591585795,1.9515624273351443e-05,0.9999147653579712,0.9999869465827942,0.9999721050262452,4.291534423717103e-06,1467.7777777777778,270.94393752942807,1037.0,1886.0,1448.0,246.0,24489.85111111111,8948.414682129076,12956.86,39027.2,21386.06,5954.750000000002,0.001811377907870278,0.001313670896040174,0.0003682198643218,0.0050049902405589,0.0017090253648348,0.0006669688737019998,0.0020029907916775443,0.0014657608465970895,0.0004002007190138,0.0055871759541332,0.0018677776679396,0.0008191016968339998,0.0015605823104527998,0.0010873256194518814,0.0003212007286492,0.0041610007174313,0.0014920234680175,0.0006071832031011998
1.0,qlstm_linear_enhanced_paper,original_1,mackey_1000,0.001,6.0,16.0,16.0,1.0,64.0,645.0,3.3784329929176238e-06,1.3796359756571153e-06,1.3325189911483903e-06,5.827786026202375e-06,3.4306996212762897e-06,8.309851864396478e-07,4.621710672836343e-06,2.1840845723715175e-06,1.7134238987637218e-06,8.823761163512245e-06,4.5037099880573805e-06,1.5296483297788654e-06,0.0014235384442144376,0.00029588926761184764,0.0009354746434837,0.0018864980665966,0.00146791146835305,0.0001994050689973,0.0016705998859833499,0.00037920014080872704,0.0010763893369585,0.0022684696596115,0.0017362732323817501,0.0002420567325316001,0.999968945980072,1.2793738172685522e-05,0.9999461770057678,0.999987781047821,0.9999685883522034,8.016824722290039e-06,0.9999647587537766,1.6735184925894586e-05,0.9999326467514038,0.9999869465827942,0.9999659061431885,1.1682510375976562e-05,1332.125,343.3491071416962,941.0,2153.0,1270.0,124.5,23702.83,10990.925979177095,11293.7,47694.67,22205.325,5695.919999999998,0.0008850497157254125,0.0005650600377576876,0.0003615068737417,0.0022768501075915,0.0006782325202948,0.00015306555142159998,0.0009753975027706,0.0006074502863571831,0.0004087294801138,0.0024533208925276,0.00075206311885265,0.00023212254745890002,0.000799712495790975,0.0004786281531417789,0.0003412110963836,0.0019681132398545,0.0006584897346328499,0.00015165058721324992
1.0,qlstm_linear_enhanced_paper,original_1,mackey_1000,0.001,6.0,32.0,16.0,1.0,64.0,1205.0,4.045686750941968e-06,2.495101878841896e-06,1.2815887657779967e-06,9.353876521345228e-06,3.4567617603897816e-06,1.4545140629707023e-06,5.970790041942564e-06,3.5538816513409325e-06,1.607840090400714e-06,1.2986990441277158e-05,5.622528988169506e-06,2.730574237830296e-06,0.0015421870411955125,0.0004866149628034058,0.000910323287826,0.002480715047568,0.0014676714781671,0.00032502692192795007,0.00186917054816145,0.0006180918817622809,0.0010296213440597,0.0029790822882205,0.0018439714913256,0.0005263176281005001,0.9999614655971527,2.396186413906346e-05,0.9999110102653505,0.9999880194664,0.9999666512012482,1.4483928680419922e-05,0.9999546706676483,2.696388896368979e-05,0.999902069568634,0.9999881982803344,0.9999572038650513,2.0802021026611328e-05,1076.25,207.42091866540366,791.0,1454.0,1069.5,158.0,18944.9175,6687.266349551493,9834.55,29952.89,19450.875,5435.445,0.0006050769834472875,0.00021492830005388457,0.0002816907843225,0.0010209015221334,0.000550651391677,0.00012284774129510002,0.0006514831256935875,0.00022759707087855816,0.0002774519962258,0.0010684232693165,0.00059288478223605,0.00013163324911149996,0.0005546024440263376,0.00018789486057622888,0.0002505418087821,0.0008844631374813,0.0005317596078384501,0.00011430398444645001
1.0,qlstm_linear_enhanced_paper,original_2,mackey_1000,0.001,6.0,8.0,4.0,1.0,64.0,437.0,5.668025146911128e-06,9.6919072672076e-07,4.155582246312406e-06,7.366472800640622e-06,5.599725682259304e-06,4.976818672730596e-07,6.740485484139451e-06,1.3254822722092655e-06,5.03555747854989e-06,9.223681445291732e-06,6.388532256096369e-06,5.286965460982174e-07,0.0017935125959208553,0.00013761429159540886,0.0015899626305326,0.0020424737595021,0.00178281404078,8.074042852969994e-05,0.0020615185817910004,0.00020184955068389254,0.0017821314977481,0.0024361994583159,0.0020109112374484,7.226504385470021e-05,0.9999511705504524,7.206427937732197e-06,0.9999408721923828,0.999962568283081,0.9999532103538512,7.0333480833850714e-06,0.999948693646325,1.0002961666451668e-05,0.9999300837516784,0.99996155500412,0.9999516010284424,4.887580871582031e-06,1269.7777777777778,162.86516425680188,1057.0,1610.0,1215.0,137.0,6891.3133333333335,1822.8553742594793,4560.69,9730.74,5920.49,1062.5500000000002,0.0024300125776789555,0.00041873781280602986,0.0014613908715546,0.0028857834171503,0.0024327315273694,0.00028810196090489973,0.0025085557976530113,0.0004267476242345884,0.0014902525581419,0.0030164888594299,0.0025087764952331,0.00020858901552860002,0.0020058821860907223,0.0003608006554291373,0.0011876018252223,0.0024330227170139,0.0020003563258796,0.00021016853861520034
1.0,qlstm_linear_enhanced_paper,original_2,mackey_1000,0.001,6.0,16.0,4.0,1.0,64.0,717.0,6.3250828929994896e-06,1.08098540997014e-06,4.70988561573904e-06,8.109072950901464e-06,6.577304702659603e-06,7.097519301169086e-07,7.334674819503562e-06,1.5552074523672302e-06,5.501304713106947e-06,1.0738548553490546e-05,6.772298092982965e-06,8.10814754004241e-07,0.001922197494422975,0.0001829196951444488,0.0016559099312871,0.0022990200668573,0.00192965479800475,0.00011382921366019996,0.0021514102845685123,0.0002388622445175492,0.0018292606109753,0.0026421847287565,0.00207248528022315,0.0001559574157,0.9999437779188156,1.092310002443929e-05,0.9999229907989502,0.9999588131904602,0.9999451339244843,7.510185241643708e-06,0.9999439790844917,1.1813207441647793e-05,0.999918520450592,0.999958038330078,0.999948263168335,6.139278411809723e-06,1026.25,184.20012893589407,837.0,1416.0,983.5,106.5,6191.85,1860.4786026181544,3624.65,9416.1,6350.035,1702.145,0.0012982732301679374,0.0006003514578123324,0.0001747071670251,0.0019626364228315,0.0014033796789589999,0.0004847455216804499,0.0013131715240887875,0.0005921574268819466,0.0002057966776192,0.0020075067877769,0.00142264313763005,0.00047016708413134996,0.0010836481651494375,0.00048397622314850884,0.0001435538142686,0.0016267934115603,0.00119607616215935,0.000354747637175
1.0,qlstm_linear_enhanced_paper,original_2,mackey_1000,0.001,6.0,32.0,4.0,1.0,64.0,1277.0,6.06179747819624e-06,1.1239188335250168e-06,4.822140454052715e-06,7.917880793684162e-06,5.822118282594602e-06,8.325832823175006e-07,6.329768439172767e-06,1.3727818375824523e-06,4.6847508201608434e-06,9.004585081129335e-06,5.94744619775156e-06,5.712195161322593e-07,0.0018701211665756502,0.00019852769608436101,0.001645611715503,0.0021786896977573,0.0018514006515033,0.0001762922620401001,0.0019803310569840877,0.0001963035447545544,0.0017057491932064,0.0023521373514086,0.00193480792222535,8.344370871780004e-05,0.9999478533864021,1.0642285286695313e-05,0.9999290704727172,0.999958872795105,0.9999492764472961,8.732080459594727e-06,0.9999517574906349,1.0677009545558564e-05,0.9999310374259948,0.9999639987945556,0.9999550580978394,3.814697265625e-06,928.75,128.35862845948455,709.0,1151.0,931.0,83.5,5222.1537499999995,1633.0925849514588,3424.22,8172.62,4696.860000000001,872.79,0.0018131425174942252,0.0008129514448372866,0.000306493602693,0.0029762351186946,0.0020308843813836,0.0005877893243450501,0.0018374609971942375,0.0008331330143463238,0.0003779981343541,0.003078645793721,0.0020537127275019502,0.0006508975639007999,0.001522997925349,0.0006955322033361155,0.000280054169707,0.0025751050561666,0.0016991405282169,0.00051874888595195
1.0,qlstm_linear_enhanced_paper,original_2,mackey_1000,0.001,6.0,8.0,8.0,1.0,64.0,437.0,5.65075884474532e-06,1.2354017558656617e-06,4.359427293820772e-06,7.922036274976563e-06,5.085092652734602e-06,2.359561221965123e-07,6.572748791061005e-06,1.1894635568724155e-06,5.524448624782963e-06,9.28710142034106e-06,6.056220627215225e-06,1.5403793440782465e-07,0.0018076758262597224,0.00021779008966058032,0.0015911307418718,0.0022057960741221,0.0017274927813559,0.00011893187183889997,0.0020247403946187332,0.00018947634940702927,0.0018706414848566,0.0024284506216645,0.0019355263793841,4.073057789350009e-05,0.9999499056074355,1.2272675681027929e-05,0.9999244809150696,0.9999621510505676,0.9999558925628662,5.00679016102179e-06,0.9999496936798096,9.188227788637896e-06,0.9999287128448486,0.9999578595161438,0.9999536871910096,1.1920928956188348e-06,1370.111111111111,248.37625778664668,1016.0,1771.0,1265.0,94.0,14523.834444444445,2593.3130851056617,11218.37,19338.19,15131.19,1631.5100000000002,0.0014497747182353887,0.0009500121579605672,0.0003190375224221,0.0028631800087168,0.0018261239049024,0.0010370561038144002,0.0015225399175606666,0.0009657884195794699,0.0003671757585834,0.0029120200779289,0.001860272954218,0.0010517471237108998,0.0012097973117811333,0.0007993704963083281,0.0002980552089866,0.0024056646507233,0.0014856867492198,0.0009199779015034999
1.0,qlstm_linear_enhanced_paper,original_2,mackey_1000,0.001,6.0,16.0,8.0,1.0,64.0,717.0,5.825607615861372e-06,1.351158615022467e-06,3.324374574731337e-06,7.158980224630795e-06,6.500455128843896e-06,6.127813776402036e-07,6.813327502186439e-06,1.3154136105751396e-06,4.190795152680948e-06,8.123248335323296e-06,7.344881169046857e-06,6.60747218717006e-07,0.0018812734197126125,0.00026169961081737926,0.0013977678027004,0.0021556136198341,0.0019807947101071,0.00015914067625995005,0.002093260904075525,0.000248689181493171,0.0015860750572755,0.0023313825950026,0.00217638316098595,0.00015006959438325015,0.9999461323022842,1.360448270853868e-05,0.9999313354492188,0.9999702572822572,0.9999409019947052,8.493661880382142e-06,0.9999480620026588,1.0149996252538086e-05,0.9999387264251708,0.9999682307243348,0.9999440908432007,5.125999450683594e-06,1062.875,210.36898387119714,849.0,1582.0,1022.0,79.0,14539.82125,5690.126472606821,7689.14,25594.29,15425.425,4708.255,0.0007481739563444875,0.0005708651225323159,0.0002367226057685,0.0018065824406221,0.0003971566082327,0.0001558131123602,0.0007963102380016875,0.0006059237132141167,0.0002422264224151,0.0019395444542169,0.00043843290768555,0.000190703656699,0.0006296212595770501,0.0004859645544044603,0.0001904017990455,0.001572293578647,0.0003531524125719,0.00015591134433635002
1.0,qlstm_linear_enhanced_paper,original_2,mackey_1000,0.001,6.0,32.0,8.0,1.0,64.0,1277.0,5.483376298798248e-06,2.2176654919351005e-06,3.3228352549485862e-06,9.440615940548014e-06,5.20707544637844e-06,1.5748737496323884e-06,6.241935554701033e-06,2.218045644751971e-06,3.8694920476700645e-06,1.0342710083932616e-05,5.688462351827184e-06,1.372763108520303e-06,0.0017820708583005111,0.0003476954645393451,0.0014220982557162,0.0024440430570393,0.0017494646599516,0.00024579616729169997,0.0019622130138385223,0.0003434493019032737,0.001561576500535,0.0025937515310943,0.0018632133724167,0.00017288199160239996,0.9999503095944723,2.1222769253123123e-05,0.9999099373817444,0.999971568584442,0.9999558925628662,1.1980533599853516e-05,0.9999525547027588,1.6848293115441192e-05,0.9999215602874756,0.9999704957008362,0.9999563694000244,9.59634780883789e-06,1068.6666666666667,182.32205937113955,773.0,1389.0,1042.0,87.0,12248.213333333333,4981.796593541553,6764.57,21961.64,9315.58,2551.01,0.0004151597691815889,0.00010988372889493394,0.0002888937538955,0.0006827251316281,0.0004169844847638,4.132805624979999e-05,0.0004559816281672889,0.00013915896889514983,0.0002888127928599,0.0007783208275213,0.0004483982629608,8.372959564440001e-05,0.0003340320674598556,8.678384731984731e-05,0.0002410236629657,0.0005502749700099,0.000334323849529,1.5143392374699965e-05
1.0,qlstm_linear_enhanced_paper,original_2,mackey_1000,0.001,6.0,8.0,16.0,1.0,64.0,437.0,1.689927614734188e-06,1.0014693349561594e-06,4.641373720915e-07,3.3664327929727733e-06,1.4666896959170117e-06,5.741271422721184e-07,2.459690662703906e-06,1.098131670450835e-06,7.565913620055653e-07,4.075667220604373e-06,2.4013670554268174e-06,8.923819336814635e-07,0.0009693329629953375,0.0002784882300569535,0.0005585738690569,0.0014516474911943,0.0009262733510695001,0.0001693684607744,0.0011887634464073501,0.00030283096451596116,0.0006583873182535,0.0016686783637851,0.0011852529714815,0.00021762819960714997,0.9999854937195778,8.549056690019453e-06,0.99997079372406,0.9999958872795104,0.9999877512454987,4.619359970148285e-06,0.9999816119670868,8.198726679163656e-06,0.9999696612358092,0.9999942779541016,0.999982088804245,6.556510925292969e-06,1388.875,193.8397775870577,1155.0,1703.0,1362.5,181.0,32462.410000000003,10045.49837140622,20990.21,51850.94,29071.105000000003,7490.9100000000035,0.0010949049683403626,0.0006194772095918231,0.0003446704620728,0.0020960415829904,0.00102491268189615,0.0005163588692085001,0.00122068341806875,0.0006758670700963434,0.0003870210202876,0.0023287541698664,0.00116957817226645,0.0005693011626135999,0.0009478166393818876,0.00055776727327265,0.0002984033781103,0.0019187938887625,0.0008956227684393,0.00046714802738275006
1.0,qlstm_linear_enhanced_paper,original_2,mackey_1000,0.001,6.0,16.0,16.0,1.0,64.0,717.0,3.894714730279247e-06,2.3393522776770173e-06,7.581365366604587e-07,8.444206287094858e-06,3.994676717411494e-06,1.442695975129027e-06,5.240675292839114e-06,3.0865009930004994e-06,1.2559512470033951e-06,1.0634781574481169e-05,4.578912466968177e-06,2.5957295406442427e-06,0.001473912379878975,0.000488851411765499,0.0006992410053499,0.0022572351153939,0.0015623252256772501,0.0002986153704113999,0.0016935076200751999,0.0005524923163930125,0.0008694704738445,0.0025042030028998,0.0017099595861509,0.00046291819307949997,0.9999643936753273,2.0122437536812053e-05,0.9999287128448486,0.9999926686286926,0.9999636113643646,1.3887882232554993e-05,0.999960295855999,2.3180334432257503e-05,0.9999197721481324,0.9999904036521912,0.9999652206897736,1.9669532775878906e-05,1103.375,257.6484705465957,837.0,1606.0,1038.0,168.5,30679.93375,12626.212179279004,15059.81,51380.23,30312.91,12260.54,0.0005603197747404251,0.0002767085225909096,0.0002663500592461,0.0011759607703424,0.0005320186828612001,0.00019522808433974998,0.0006323770066955501,0.0003213939057141609,0.0002920278348028,0.0013478493783622,0.000587165064644,0.0002075371448882,0.000482134239064125,0.00019834380061626756,0.0002336337201995,0.0008663947228342,0.0004957622586516,0.00017188301717395001
1.0,qlstm_linear_enhanced_paper,original_2,mackey_1000,0.001,6.0,32.0,16.0,1.0,64.0,1277.0,5.441615839016676e-06,3.007639229836496e-06,2.1600826585199684e-06,1.163683191407472e-05,3.977445885539055e-06,1.8173632270190865e-06,7.287277412615367e-06,3.904586317857379e-06,3.064660631935112e-06,1.414581038261531e-05,4.924996574118268e-06,1.8603359421831556e-06,0.0017904848662308,0.0004874916226417003,0.0011911977780982,0.0026364077348262,0.0016301673604175,0.0003856091061607001,0.0020787082095112554,0.0005876222290812207,0.0013734424719586,0.0029814327135682,0.0017073501367121,0.0003339076647535001,0.9999495281113518,2.9680117790680862e-05,0.9998870491981506,0.999980330467224,0.9999659061431884,1.4424324035644531e-05,0.9999445478121439,2.9611706434885722e-05,0.9998929500579834,0.999976396560669,0.9999627470970154,1.3649463653564453e-05,921.0,188.93620322449823,633.0,1287.0,929.0,143.0,20622.800000000003,5913.292613561416,12225.88,33344.51,20160.95,3640.0200000000004,0.0005631391337373555,0.00022232941862016908,0.000253280045581,0.0009576185664627,0.0005213000607909,0.00016663093410900003,0.000617736536595511,0.0002592674364244856,0.0002758305636234,0.0010537923080846,0.0005786949768662,0.00021627396927219994,0.0004803640396049333,0.00019274795844417738,0.0002099248958984,0.0008120602578856,0.0004794548731297,0.00015965438797139997
1.0,qlstm_linear_enhanced_paper,original_3,mackey_1000,0.001,6.0,8.0,4.0,1.0,64.0,509.0,6.261084934067185e-06,1.1853940414236105e-06,5.314000190992374e-06,8.469175554637332e-06,5.67347615287872e-06,3.194950295437593e-07,7.4292939871156705e-06,1.116699497585163e-06,6.099388883740176e-06,9.521530046185944e-06,7.04805370332906e-06,3.0198725653463043e-07,0.0018877087568398,0.00017470212214553985,0.0017374972812831,0.0022033245768398,0.00181260268436735,4.272017395120012e-05,0.0021700117940781248,0.00015616507843330013,0.0019275770755484,0.0024197946768254,0.0021505944896489,8.849368896335016e-05,0.9999459385871887,9.56933034492643e-06,0.9999279975891112,0.9999548196792604,0.9999499619007111,2.8908252716064453e-06,0.9999433383345604,8.539077235414581e-06,0.9999268054962158,0.9999531507492064,0.999946117401123,2.6822090149480893e-06,1315.875,103.04057149977382,1114.0,1475.0,1347.5,45.5,10445.74125,3047.5917890091414,6553.82,14108.18,10002.634999999998,2939.8499999999985,0.0018708013016293375,0.00082931289254622,0.0003324446937767,0.0031821704003959,0.00196241253870535,0.0006025441922247499,0.0019262805253674124,0.0008491836568444726,0.0003554147842805,0.0032797330059111,0.00201833690516645,0.0006201306241564499,0.001565652277349675,0.0006827934184149197,0.0002632079704198,0.0025734747759997,0.0016584150725975,0.00051374232862145
1.0,qlstm_linear_enhanced_paper,original_3,mackey_1000,0.001,6.0,16.0,4.0,1.0,64.0,789.0,7.059021584154834e-06,1.31510702506112e-06,4.949829872202827e-06,9.700801456347108e-06,6.8577319325413555e-06,6.110128651926057e-07,8.404715970300458e-06,1.9266816351942684e-06,5.938702543062391e-06,1.2002293260593431e-05,7.940451723698061e-06,1.2643802165257512e-06,0.0020527041342574626,0.00020981919954373012,0.0017281420296058,0.0024034099187701,0.00206265249289565,0.00017919699894260004,0.002284417700138825,0.0002496457575049295,0.0019190335879102,0.0026886465493589,0.0022523498628288,0.00017747876700009995,0.9999377354979515,1.3362476614439466e-05,0.9999117255210876,0.9999542832374572,0.9999380707740784,1.0520219802911956e-05,0.9999362602829933,1.457284617126389e-05,0.9999098777770996,0.9999555945396424,0.999939352273941,9.983777999766907e-06,1071.5,152.77843434202356,886.0,1304.0,1059.0,133.5,8500.55875,2564.634578290041,4861.8,11753.23,8233.855,2723.785,0.0017187609628308,0.0004172667470077699,0.0011581278813537,0.0023803995223715,0.0017609294562134499,0.00041492429445495,0.0017299014871241,0.00042380286869597093,0.0011738546891137,0.0024139122106134,0.0017267655348405,0.0004191726911812999,0.001441869957488925,0.00035754372620431173,0.0009761983528733,0.0020197797566652,0.00145223923027515,0.00037085067015145
1.0,qlstm_linear_enhanced_paper,original_3,mackey_1000,0.001,6.0,32.0,4.0,1.0,64.0,1349.0,5.97678657262198e-06,1.548926909145048e-06,4.393232757138321e-06,8.858301953296177e-06,5.739901098422706e-06,1.0619496606523171e-06,6.644639799762646e-06,2.317449013781899e-06,4.679096946347272e-06,1.1671727406792344e-05,5.631050498777768e-06,6.875093276903499e-07,0.0018573514729116887,0.00027156836288179273,0.001612008200027,0.0023940748069435,0.0018165316432714,0.00015889108180999994,0.002008473655829778,0.00034154255365030455,0.0017224090406671,0.0027254871092736,0.0018586337100714,0.00010306783951820006,0.9999486870235867,1.486470330716005e-05,0.9999194145202636,0.9999642372131348,0.9999563097953796,3.5166740416370246e-06,0.9999497003025479,1.7318028863418463e-05,0.9999132752418518,0.9999641180038452,0.9999583959579468,3.2782554626464844e-06,1007.2222222222222,81.16756026582401,872.0,1121.0,1030.0,41.0,7813.596666666666,2556.950015515447,5023.86,11251.42,6277.36,1253.5,0.0016462238243547666,0.0007004611113665227,0.000490445640753,0.0030118779512122,0.0014837124501354,0.00032277663704000006,0.0016631137696094442,0.0006944191421385362,0.0004978671786375,0.0029461258091032,0.001547631341964,0.00042401929385959994,0.0013856032488142667,0.0005863720366063625,0.0003808406181633,0.0024758053477853,0.0012869046768173,0.00032851140713320006
1.0,qlstm_linear_enhanced_paper,original_3,mackey_1000,0.001,6.0,8.0,8.0,1.0,64.0,509.0,6.25913165208658e-06,1.771531999228709e-06,3.0101170978014125e-06,8.892215191735886e-06,6.433549060602672e-06,1.3359326658246573e-06,7.37627738089941e-06,1.7101059552996731e-06,4.325821009842912e-06,1.0043740076071115e-05,7.227082505778526e-06,1.0560843293205835e-06,0.0019202008843421502,0.00030139359303347444,0.0013257254613563,0.0023427414707839,0.0019346774788573,0.00015368161257360005,0.0021470893989316625,0.000300578381647633,0.0015800826949998,0.0025857375003397,0.0021203272044658496,0.00014719302998854994,0.9999425709247589,1.8015990722007107e-05,0.9999160766601562,0.9999739527702332,0.9999421238899231,1.2069940567072113e-05,0.9999437257647514,1.2902803103304424e-05,0.9999244809150696,0.999967098236084,0.9999445080757141,8.13603401178531e-06,1201.375,163.9549766704262,1000.0,1418.0,1222.0,195.5,20709.372499999998,5658.272387044809,11544.96,29335.22,21653.605,4744.3,0.0006030677755915501,0.00044403091821448,0.0002631238967296,0.0014525738486554,0.0003789561771554,0.00010706802568164999,0.0006630098177992875,0.0004953921905598476,0.000275264494121,0.0015973385889083,0.00040090805850920004,0.00010759144788610004,0.0005231401155469501,0.0003949232884051732,0.000213201958104,0.0012818820541724,0.0003228098066756,9.679401409809999e-05
1.0,qlstm_linear_enhanced_paper,original_3,mackey_1000,0.001,6.0,16.0,8.0,1.0,64.0,789.0,6.583658716863283e-06,2.250907437766486e-06,3.154795649606968e-06,1.1140549759147689e-05,6.280057050389587e-06,1.0717171790020075e-06,7.5769440570638835e-06,2.3738643364158814e-06,3.7898914797551697e-06,1.1581353646761272e-05,7.30062447473756e-06,2.0549089185806224e-06,0.0019843905465676877,0.0004139219074182597,0.0012940467568114,0.002718330360949,0.00189840362872925,0.0001959076616912999,0.00219729753735005,0.00039597802629970293,0.0014834112953394,0.0028209888841956,0.0021601208718493,0.0002647749497554999,0.9999387636780739,2.345745580125108e-05,0.9998919367790222,0.9999724626541138,0.9999439418315887,1.1801719665471833e-05,0.9999421834945679,1.7994285889867272e-05,0.9999109506607056,0.9999709129333496,0.999944031238556,1.481175422668457e-05,1120.375,197.9387136843119,906.0,1557.0,1055.0,119.5,18566.17625,7659.717495066214,10169.6,32890.42,16722.989999999998,5586.110000000001,0.0008337044038853126,0.0006127460841671037,0.0003064972537686,0.0022978770546615,0.0007640413998160501,0.00033258956973440006,0.00088346571646975,0.0006325312180258618,0.0003326096048112,0.0024029668420553,0.0008437741489615001,0.00030960902222430006,0.0007071922700560499,0.0005122078780601763,0.000266146933427,0.0019551357254385,0.00064467467018395,0.00024504553584844997
1.0,qlstm_linear_enhanced_paper,original_3,mackey_1000,0.001,6.0,32.0,8.0,1.0,64.0,1349.0,6.291873432928696e-06,1.6102337581068944e-06,3.5196344470023178e-06,8.992396033136174e-06,5.920431703998474e-06,1.0229432518826798e-06,6.791509071667355e-06,1.6819732045211304e-06,3.6330563943920416e-06,9.547799891151952e-06,6.979026693443302e-06,9.379891707794741e-07,0.001961157838296511,0.0002820572616742085,0.0013935770839452,0.0024021563585847,0.0019409708911553,0.00012897013220929988,0.0020812308001849,0.000297118351424485,0.0014498943928629,0.0025269200559705,0.0020925758872181,0.0001299125142395002,0.9999409119288126,1.4675094472714073e-05,0.9999175071716307,0.999967396259308,0.9999433755874634,8.702278137207031e-06,0.9999479916360643,1.3110827466797528e-05,0.9999263882637024,0.9999727010726928,0.999946653842926,6.794929504394531e-06,1001.4444444444445,138.33382418476057,813.0,1249.0,964.0,87.0,15668.394444444442,5080.500612243095,10116.01,25441.34,14099.69,3635.6000000000004,0.0004384242045084666,0.0001546474441000839,0.0002905223649577,0.0007779672130709,0.0004318387625971,0.00012088809744460001,0.00047161422359441114,0.00017856080502317656,0.0002904645225498,0.0008511208579875,0.000498091278132,0.00018108033691529993,0.0003696491136603223,0.00014052968286414823,0.0002396125055383,0.0006768655730411,0.0003654359898064,0.00011794193414969996
1.0,qlstm_linear_enhanced_paper,original_3,mackey_1000,0.001,6.0,8.0,16.0,1.0,64.0,509.0,3.341932227840516e-06,1.944425870666731e-06,9.145766171059222e-07,5.876706381968688e-06,2.9956917160234298e-06,1.7872139892460837e-06,3.744852378417818e-06,2.0584527668463585e-06,1.2951662711202516e-06,6.645637768087909e-06,3.3641236996118096e-06,1.8879711660702014e-06,0.0013958140625617876,0.00042654387408321763,0.0007775510894134,0.0019968331325799,0.00136327737709505,0.00037671846803279997,0.0014724056381964625,0.00043751847667682835,0.0009036365663632,0.0020809648558497,0.0014237920986488,0.00040575931780040004,0.9999706745147705,1.84050756146578e-05,0.9999430775642396,0.999991536140442,0.9999749064445496,1.5437602996826172e-05,0.9999715238809586,1.5674456309277587e-05,0.9999494552612304,0.999990165233612,0.9999743103981018,1.4513731002807617e-05,1338.5,237.85604890353324,997.0,1821.0,1339.5,139.5,43260.8275,12606.249692236734,23919.11,61772.84,44715.16499999999,12656.98,0.0012942107663547627,0.0008567480948320021,0.0003276335744885,0.0026049399515613,0.0008012021804461,0.0003178128652508,0.0014133119038887624,0.0008961366681276683,0.000363802362699,0.0027833385393023,0.00089312859927295,0.00035090532037425,0.0011181484842381375,0.0007496857908991694,0.0003115529252681,0.0022932726424187,0.0006789340986869999,0.00025270348123744996
1.0,qlstm_linear_enhanced_paper,original_3,mackey_1000,0.001,6.0,16.0,16.0,1.0,64.0,789.0,3.3174880016417774e-06,1.8987621527047213e-06,7.397161994049384e-07,6.773618224542588e-06,3.4503951837905333e-06,1.4205540992406895e-06,3.846612287361495e-06,1.7223726377428375e-06,9.767969686436118e-07,6.547148132085567e-06,4.2558731365716085e-06,1.1483049320304417e-06,0.0013903204089728625,0.0004331146441507464,0.0007013570866547,0.0020310974214226,0.0014765496598556,0.00034687359584495,0.0015072374080772875,0.0004050542508216571,0.0007125755073502,0.0019908912945538,0.00164812227012585,0.00022214511409399996,0.9999703466892242,1.7365498965068733e-05,0.9999384880065918,0.9999945759773254,0.9999675452709198,1.1593103408813477e-05,0.9999707192182541,1.3282937213890838e-05,0.9999500513076782,0.9999926686286926,0.9999674260616302,8.821487426702301e-06,1098.25,91.9235415984393,909.0,1218.0,1108.0,58.5,36027.54,10562.870484356987,24083.33,50767.94,33310.72,8459.135,0.0006082858586523251,0.00021985600938122764,0.0003438088417169,0.0011204665235709,0.00055021691805445,5.867991567354999e-05,0.0006658040001638751,0.00025755572529045977,0.0003893726388923,0.0012831140775233,0.0005903720739297499,6.170029519129993e-05,0.0005208722359384,0.00017778563606082098,0.0003196203906554,0.0009461452718824,0.000469324120786,4.044592787979997e-05
1.0,qlstm_linear_enhanced_paper,original_3,mackey_1000,0.001,6.0,32.0,16.0,1.0,64.0,1349.0,2.841157563832692e-06,1.852042330033107e-06,1.438620984117733e-06,7.217630809464026e-06,1.790665919543244e-06,3.5204493542551084e-07,3.7702585586885107e-06,2.529713755999552e-06,1.5009424032541574e-06,1.0226525773759931e-05,2.444278607072192e-06,9.433362038180344e-07,0.001281363792562189,0.00038355666657401957,0.0009511302341707,0.0021586259827017,0.0010525018442422,0.0001013716100715,0.0014732127246032557,0.0004667134913400799,0.0009551528492011,0.0026157067622989,0.0012316403444856,0.0002764874952845,0.999974528948466,1.7843249928868862e-05,0.999929904937744,0.9999898672103882,0.9999849796295166,4.887580871582031e-06,0.9999712308247884,1.9505589013991516e-05,0.9999215602874756,0.9999885559082032,0.9999815821647644,6.9737434388317254e-06,932.4444444444445,141.5007743293388,714.0,1122.0,971.0,92.0,30568.017777777783,11903.022229926666,16361.53,47366.09,25214.98,8853.449999999999,0.0004894290824368556,0.00015599685385203315,0.0002852786390576,0.0008437259908532,0.0004947976820403,5.493267381099999e-05,0.0005168374660165556,0.0001808029302896737,0.0002651773102115,0.00092720228713,0.0005074425134807,7.27020087652e-05,0.0004191566759901,0.00013845516502139932,0.0002324405795661,0.000731237931177,0.0004405779764056,4.106049891560001e-05
1.0,qlstm_linear_enhanced_paper,original_1,mackey_1000,0.001,6.0,8.0,4.0,70.0,64.0,365.0,0.03420862182974809,0.0012033238189289772,0.0328861102461814,0.0374192744493484,0.0340402424335479,0.0003515928983688493,0.025143480673432313,0.0013831083090253625,0.024340346455574,0.0292363613843917,0.02475931029766795,0.00022854097187519767,0.13896503746509548,0.001768816473780364,0.1366534531116485,0.1426380425691604,0.1385557726025581,0.001296497881412506,0.12388228103518481,0.005518314127290283,0.1203825026750564,0.1402173191308975,0.1220347620546817,0.0005200207233428955,0.6185515403747559,0.01975521656980958,0.5641975402832031,0.6396424174308777,0.6228601336479187,0.0065309107303619385,0.8019817888736724,0.01257889586637018,0.7652820348739624,0.8087579011917114,0.8063244521617889,0.001872628927230835,956.4,206.5595313704986,488.0,1297.0,963.5,115.0,3497.2940000000003,1311.1914462213365,1304.33,5515.32,3254.065,843.6399999999999,0.03927713425623041,0.0025478092378665,0.0343904811888933,0.04172910294599,0.0399471276129285,0.001380535463492101,0.03371629118919368,0.0020708503350733063,0.0301160085946321,0.0367798320949077,0.034251444041728904,0.0012914836406707937,0.043820270523428864,0.0023766486016359033,0.0391808673739433,0.0460020303726196,0.044540861621499,0.0008071959018707033
1.0,qlstm_linear_enhanced_paper,original_1,mackey_1000,0.001,6.0,16.0,4.0,70.0,64.0,645.0,0.03407592885196206,0.0005015619628727498,0.0335184186697006,0.0348481498658657,0.03378421813249585,0.00018468499183655132,0.02449205890297885,0.00031608118580927726,0.024208229035139,0.0251000989228487,0.02436262276023625,8.2690268754999e-05,0.13874367624521253,0.0016703158498872998,0.1363471001386642,0.1409709602594375,0.1386305838823318,0.0017213970422744612,0.12111053988337511,0.0008900332174366815,0.1199835091829299,0.1225254461169242,0.1209041252732276,0.0007203146815300057,0.6244909539818764,0.005415468654332938,0.6152223348617554,0.6310743093490601,0.6259416043758392,0.002904355525970459,0.807074137032032,0.0029008616695003885,0.8018743991851807,0.8101674914360046,0.8081466555595398,0.0012889504432678223,972.625,104.09003014218028,778.0,1171.0,991.5,37.0,3600.245,912.9058593989854,2641.6,5107.56,3517.075,864.6099999999999,0.038555121747776824,0.0020062878085260554,0.0353773145212067,0.0409770407196548,0.038864248432219,0.0020782825433545496,0.03287840355187652,0.0012685696161495975,0.030876275151968,0.0347116217017173,0.0330293122678995,0.0008188355714082475,0.0435127113014459,0.0018827347590331023,0.0407033190131187,0.046000100672245,0.04377376660704605,0.00201931409537795
1.0,qlstm_linear_enhanced_paper,original_1,mackey_1000,0.001,6.0,32.0,4.0,70.0,64.0,1205.0,0.033776897471398046,0.0002984646166047547,0.033369306474924,0.0342827886343002,0.0336723774671554,0.00023157149553300338,0.024304854450747326,0.00023906762776535316,0.0239901151508092,0.0247378069907426,0.02431319095194335,0.00020864047110080025,0.13840800151228902,0.0012669486816586058,0.1354743689298629,0.1394751965999603,0.13891214877367014,0.0005017071962356567,0.12124382052570576,0.0008720189463763682,0.1201265007257461,0.1226396411657333,0.12091913074254984,0.000423625111579895,0.6313148066401482,0.004130288120665194,0.6248101592063904,0.636573076248169,0.6313602328300476,0.0038500428199768066,0.8065372258424759,0.0026972844787631176,0.8012588024139404,0.8095900416374207,0.807745486497879,0.0016070902347564697,960.75,126.04240357911301,763.0,1169.0,991.5,88.0,3686.7050000000004,1094.2605525879108,2092.93,5264.78,3651.755,929.885,0.037322214364798476,0.0029383157707334254,0.0335566645695103,0.0416079939653476,0.03704127690030465,0.002678497487472148,0.032332273432984907,0.0022585761555923597,0.0302328113466501,0.03623678535223,0.0315263364464044,0.0012876214459538026,0.04174639191478488,0.00297796820702031,0.0382111519575119,0.0460619814693927,0.041608788073062855,0.003020174801349605
1.0,qlstm_linear_enhanced_paper,original_1,mackey_1000,0.001,6.0,8.0,8.0,70.0,64.0,365.0,0.03132208395335404,0.0016460932090350598,0.0281738378107547,0.0337296351790428,0.0319623574614524,0.0004581548273563038,0.02270206126073991,0.0009885196404083832,0.0215661209076643,0.0248079765588045,0.0227215997874736,0.0007690247148274994,0.13806144230895567,0.003831403884673228,0.130840852856636,0.1427628844976425,0.139341652393341,0.001912727952003479,0.12203970799843465,0.003228648244192182,0.1175596266984939,0.1275839209556579,0.120342843234539,0.0013140961527823986,0.6598852740393745,0.022929314777396917,0.6218282580375671,0.7008962035179138,0.6532755494117737,0.009561300277709961,0.8196779489517212,0.00846625252410241,0.8012869358062744,0.8291001319885254,0.8212196230888367,0.005237936973571777,1201.7777777777778,298.04652052164903,719.0,1646.0,1323.0,314.0,8731.109999999999,3731.492862220159,4042.56,15030.71,8110.69,2558.1399999999994,0.03501041691152399,0.0024855601983971563,0.0309856699572669,0.0382634295771519,0.0352378800097439,0.001778678761588201,0.029950989824202287,0.0020959526727984804,0.0270049776881933,0.0331134684383869,0.0299832709133625,0.0020297765731811003,0.04162778457005814,0.0030609417420051923,0.0359685979783535,0.0447784923017025,0.042367435991764,0.001808654516935404
1.0,qlstm_linear_enhanced_paper,original_1,mackey_1000,0.001,6.0,16.0,8.0,70.0,64.0,645.0,0.029926080955192398,0.004514176936550888,0.0227189715951681,0.0351520106196403,0.030341985635459402,0.004217595793306796,0.02143913786858316,0.001137402854770652,0.0192318484187126,0.023462064564228,0.0217070914804935,0.0005787014961243005,0.13484635017812246,0.009780941664460151,0.1190589666366577,0.1460135877132415,0.13764110207557673,0.007922932505607619,0.1170083153992891,0.0032665694810633484,0.1120126321911811,0.1235355213284492,0.11685477942228314,0.001743786036968252,0.683450385928154,0.05538991516525364,0.6203038692474365,0.7755565047264099,0.6772700548171997,0.04996836185455322,0.8293009325861931,0.009558415808449221,0.8113334774971008,0.8464118242263794,0.8280632197856903,0.003640204668045044,1243.5,164.6519055462159,932.0,1412.0,1314.0,87.0,9491.19625,2845.6747948199277,5738.1,13878.06,8748.475,2117.71,0.03215312235988672,0.001660411097626854,0.0303664453741576,0.0353235720346371,0.03129330132570525,0.0006721356055803002,0.027692091884091462,0.0009290291905817879,0.0269920509308576,0.0298870746046304,0.02722613792866465,0.00014521833509205037,0.038262538146227563,0.002353516083810074,0.0358272455632686,0.0421658493578434,0.03715354576706885,0.00129541940987115
1.0,qlstm_linear_enhanced_paper,original_1,mackey_1000,0.001,6.0,32.0,8.0,70.0,64.0,1205.0,0.028467052849009588,0.004891738281517004,0.0194372478872537,0.0338764749467372,0.029320263303816298,0.003407455049455152,0.02179175033234055,0.001268275599529878,0.0199857745319604,0.0245673842728137,0.02147401124238965,0.0004721498116850506,0.1311417631804943,0.01091706788319054,0.1101280003786087,0.1439061313867569,0.13344417512416834,0.006433121860027369,0.1180825307965278,0.004152333082302684,0.111310675740242,0.1270432919263839,0.117368035018444,0.0010338425636291504,0.6952008083462715,0.06104055856523364,0.6228756308555603,0.8083400726318359,0.6836656332015991,0.03817477822303772,0.8267637863755226,0.010329430253498932,0.8047344088554382,0.8411633372306824,0.8283138871192932,0.005000025033950806,1205.875,337.35049929561393,694.0,1605.0,1303.5,272.0,9910.07875,4852.964924794526,3809.89,16499.99,7971.1,3698.2200000000007,0.03104074785692819,0.00032205991438694954,0.0306595586654212,0.0314774335258536,0.031031870076225848,0.0002980894512599995,0.027429544134065453,0.00021575264740275187,0.0270771905779838,0.0278489310294389,0.027403036132454803,0.00013733562082055006,0.03587052645161744,0.00026181222151143354,0.0354893542826175,0.0362475588917732,0.03584990277886385,0.00024346821010109987
1.0,qlstm_linear_enhanced_paper,original_1,mackey_1000,0.001,6.0,8.0,16.0,70.0,64.0,365.0,0.009672847084907978,0.006079506218498979,0.0027752553578466,0.02289898134768,0.0068643079139292,0.0009711948223411994,0.008485676255077077,0.004053379862848542,0.0027696401812136,0.0165160503238439,0.0080969864502549,0.0020558037795127,0.07258638160096269,0.02375309846745035,0.0398647002875804,0.1171241402626037,0.0633550286293029,0.008754286915063796,0.07197342481878063,0.018654583944825606,0.0429146140813827,0.1062071770429611,0.071137249469757,0.009352132678032005,0.9074010650316874,0.06629529547093474,0.7602503299713135,0.9755976796150208,0.9392197728157043,0.014210402965545654,0.9349974195162455,0.03164102494431755,0.8706586360931396,0.9795588850975036,0.9386433362960817,0.014123499393463135,2183.6666666666665,797.2846975133092,1146.0,3993.0,2004.0,512.0,29280.42666666667,8962.368410978826,16831.42,45194.37,27980.19,5870.16,0.02713166855643555,0.00234514773220358,0.0259569287300109,0.0337352510541677,0.0263388736380471,0.00024116411805159832,0.02567152368525659,0.00138818914507725,0.0248528197407722,0.0295300986617803,0.0253450721502304,0.00024054199457159905,0.03568570191661512,0.0023653284805055857,0.0343548916280269,0.0423215888440609,0.0350847281515598,0.0002648495137692053
1.0,qlstm_linear_enhanced_paper,original_1,mackey_1000,0.001,6.0,16.0,16.0,70.0,64.0,645.0,0.009770846630999537,0.008367460108024236,0.0004538501088973,0.0226439051330089,0.00938710430636995,0.0081973622436635,0.0070199352121562,0.005501875852507902,0.0006389775662682,0.0143955331295728,0.00707186991348855,0.0060978641849942505,0.06738166813738637,0.039988853854123714,0.0170547310262918,0.1204609274864196,0.07281005941331381,0.04585923068225384,0.06022505532018836,0.03161170084003885,0.0204210691154003,0.0983588024973869,0.0671387147158384,0.030880371108651147,0.9043796882033348,0.08479678947154869,0.7710224986076355,0.9962071776390076,0.9111126959323883,0.07914200425148016,0.9452281072735786,0.04334582224722957,0.8881840705871582,0.995403289794922,0.9452422261238098,0.047432988882064875,2577.875,1611.8164781931596,1020.0,5344.0,1857.5,776.0,37382.2625,20606.130401727994,11563.85,68963.95,35803.335,18011.25,0.026624888388646913,0.00033227579697938335,0.0262383164630995,0.0271673703359233,0.02656808588653795,0.0002584170757068474,0.025394638534635236,0.0003520114708383396,0.0249676313251256,0.0259715169668197,0.025319919921457698,0.00020431261509654824,0.03509965771809216,0.000290507733538567,0.0344387181103229,0.0354786030948162,0.035177977755665696,7.815100252630061e-05
1.0,qlstm_linear_enhanced_paper,original_1,mackey_1000,0.001,6.0,32.0,16.0,70.0,64.0,1205.0,0.015437701949849674,0.010616470287789316,0.0015356466174125,0.0300025474280118,0.02012017648667095,0.007194777019321851,0.009777889543329324,0.006009453377536983,0.0018100223969668,0.0172382500022649,0.012869455851614451,0.0029114740900694994,0.08802216383628542,0.04186753968457559,0.0302283931523561,0.1358273476362228,0.1155258864164352,0.010814510285854353,0.07465786021202798,0.030555538276455102,0.0327329859137535,0.1093176156282424,0.0877302624285221,0.0181057378649711,0.8475411459803581,0.10698867263852964,0.6976690888404846,0.985865354537964,0.7983800172805786,0.07104429602622986,0.9227776303887367,0.048403204431316384,0.8615654706954956,0.98626708984375,0.8989833295345306,0.025072067975997925,1678.375,1122.7516352136834,578.0,3538.0,990.5,274.5,27893.56875,22879.52657284042,6614.49,66567.17,18669.48,7520.234999999999,0.026850510569703202,0.0004684509162209778,0.0264004675878418,0.0278460704204108,0.0266866532878743,0.0002588245810734493,0.0259651390369981,0.00036733515057320586,0.02529320679605,0.0264124758541584,0.02599632460623975,0.0002956902608274997,0.0346189471893012,0.00028084588119610783,0.034145463258028,0.0351610295474529,0.03459591977298255,0.0001348610967398002
1.0,qlstm_linear_enhanced_paper,original_2,mackey_1000,0.001,6.0,8.0,4.0,70.0,64.0,437.0,0.033682836426628913,0.0004544327510630673,0.0329489111900329,0.0344969742000103,0.0336144268512725,0.00013829022645950317,0.024489013892081,0.00037349965209834544,0.023845637217164,0.0253260899335145,0.0244855396449565,0.00013083219528189916,0.13796659641795683,0.0023553944272341745,0.1333904564380645,0.1413956582546234,0.1383350193500518,0.0020008087158202847,0.12174516585138104,0.0011068891335444418,0.1194108724594116,0.1231331303715705,0.1216548606753349,0.0008281916379929005,0.6290594206915961,0.005135204828156977,0.6211725473403931,0.6367954611778259,0.6285881400108337,0.0048940181732177734,0.8069681061638726,0.004759618080923175,0.796990692615509,0.813359797000885,0.8089054226875305,0.0018511414527893066,896.4444444444445,111.43619112011153,740.0,1072.0,914.0,93.0,4528.271111111111,1570.9923962645355,2877.11,7283.38,3966.94,1007.8800000000001,0.03854828233612167,0.002849900016345581,0.0344788605968157,0.0449260940982235,0.0379700275758902,0.0018126914898553975,0.03350087544984284,0.0036261181074114246,0.0299435313791036,0.0428491868078708,0.0326903089880943,0.0017733369022608012,0.04312364757061,0.0015168389618851017,0.039654154330492,0.0447461418807506,0.0431952215731143,0.0010428577661515046
1.0,qlstm_linear_enhanced_paper,original_2,mackey_1000,0.001,6.0,16.0,4.0,70.0,64.0,717.0,0.03382365964353081,0.00042377663668528425,0.0331967920064926,0.0346352234482765,0.03379065357148645,0.00028631091117854723,0.024550251662731136,0.0002182553922417583,0.0242126639932394,0.0249070897698402,0.0245385561138391,0.00015417765825985127,0.1378151774406433,0.0016418419453178362,0.1355895847082138,0.1399921327829361,0.13772843033075333,0.0013999119400978505,0.12214902043342588,0.0014104760367836407,0.1203679144382476,0.1247323304414749,0.1220310665667057,0.0011398680508136472,0.6265511363744736,0.005630435339009319,0.6183605194091797,0.6354166269302368,0.6253033876419067,0.003006666898727417,0.8061385080218315,0.001944739710997207,0.8035733699798584,0.8100265860557556,0.8058232665061951,0.0012431144714355469,864.75,74.39884071677461,781.0,957.0,858.5,73.0,4825.3025,1572.5349204608303,3025.59,7025.27,4648.545,1320.45,0.037938084712045,0.002765277284169333,0.0343330125841829,0.0433288576702276,0.03747780165738525,0.002159179912673101,0.03295362670905885,0.0021700328370146626,0.0301056783646345,0.037221934646368,0.03349442966282365,0.0014207921922206497,0.042391660623252336,0.0019327906221442116,0.0390167459845542,0.0451404452323913,0.0423895455896854,0.0016190838068723505
1.0,qlstm_linear_enhanced_paper,original_2,mackey_1000,0.001,6.0,32.0,4.0,70.0,64.0,1277.0,0.03424444934353229,0.0005091845745465311,0.0333718210458755,0.0349254123866558,0.0342579577118158,0.0004445686936378479,0.02448806632310149,0.0004353035034509752,0.0237793270498514,0.0253043323755264,0.024400409311056102,0.0002717087045311997,0.13896690867841238,0.0019798268039043438,0.1356008946895599,0.1418081670999527,0.1387635394930839,0.001755908131599454,0.12142140138894314,0.0014679076340065784,0.1190706640481948,0.1235296502709388,0.1215625256299972,0.0014155022799968511,0.623387522995472,0.00620926599607963,0.6167293787002563,0.6346017122268677,0.62173792719841,0.004114657640457153,0.8067348375916481,0.0031301576832518463,0.8017995953559875,0.8114026784896851,0.8073925971984863,0.002603501081466675,803.875,109.61915605860136,643.0,952.0,794.5,112.0,4025.0750000000003,863.4884500675155,2965.8,5580.39,3663.2,554.9299999999998,0.03628543277995452,0.0023293665536621494,0.033367240594493,0.0400052906738387,0.03658658390243845,0.0024450541370444993,0.03148118080571287,0.001504121836185377,0.0297503694891929,0.0347442775964736,0.030915830284357,0.000878423452377302,0.04113341029733415,0.0019940644099061718,0.0383663885295391,0.0444725193083286,0.041436461731791455,0.0019035432487726003
1.0,qlstm_linear_enhanced_paper,original_2,mackey_1000,0.001,6.0,8.0,8.0,70.0,64.0,437.0,0.03002589961720832,0.003404948543386957,0.0223054215312004,0.0330598875880241,0.0311588235199451,0.0012985840439795997,0.02311957627534861,0.00151218888195106,0.0195149239152669,0.0249955523759126,0.0234969537705183,0.0009492784738540996,0.13444651166597998,0.008799362879423223,0.1149824261665344,0.1409500688314438,0.1389622092247009,0.0018877238035202026,0.12353256675932138,0.0043296098409991435,0.1141932532191276,0.1284238398075103,0.1243260949850082,0.0034239813685417037,0.6738068328963386,0.04551756392250369,0.6338504552841187,0.7755069136619568,0.6617383360862732,0.022698402404785156,0.8138356804847717,0.012759248511815393,0.7953835129737854,0.8413743376731873,0.8106852173805237,0.009062051773071289,930.0,297.9533893450823,581.0,1669.0,888.0,103.0,9464.25888888889,3616.9715180565217,5436.67,16191.5,7540.88,1225.1800000000003,0.033509434879194014,0.0027545123995828696,0.0303518157452344,0.0382128107464975,0.0327271423819992,0.0016096995936499964,0.028688006723920453,0.002662379232611465,0.0259285308420658,0.033376146107912,0.0281021669507026,0.0012809429317713027,0.03974350831574858,0.0022569914510997303,0.036404862999916,0.0423850230872631,0.0390548780560493,0.002650015056133298
1.0,qlstm_linear_enhanced_paper,original_2,mackey_1000,0.001,6.0,16.0,8.0,70.0,64.0,717.0,0.02965255803428586,0.005011008386456033,0.0169698521494865,0.0335874669253826,0.0313852988183498,0.0010409262031317035,0.022034709574654636,0.0017104661762320568,0.0183335859328508,0.0241224095225334,0.0223349202424287,0.0011009657755493996,0.13136016391217703,0.011901213018487143,0.1018147617578506,0.1398112475872039,0.13586191833019257,0.0026043355464934886,0.11810239218175406,0.006099662995860395,0.1059845015406608,0.1273249685764312,0.1189625672996044,0.004193142056465149,0.6803563237190247,0.05864062530434325,0.628184974193573,0.8278579115867615,0.6606756150722504,0.010714471340179443,0.8234644532203674,0.015318625244522635,0.8049739003181458,0.8562107086181641,0.8199541568756104,0.009687155485153198,901.0,316.5683180610467,710.0,1731.0,772.5,37.5,9858.44625,2834.619416513165,6164.08,13770.64,10896.565,2231.034999999999,0.03153048554021446,0.0015555916674590586,0.0301380434797869,0.0347278977019919,0.03088740932030805,0.0004893224686384496,0.027443559607490862,0.000760331900745164,0.0262974817305803,0.0291716810315847,0.027242379263043348,0.0002263737842440501,0.037267193198204,0.0025409512561071525,0.0351543761789798,0.0416946932673454,0.03593832626938815,0.0005286280065774987
1.0,qlstm_linear_enhanced_paper,original_2,mackey_1000,0.001,6.0,32.0,8.0,70.0,64.0,1277.0,0.031116353554858065,0.00314991856163511,0.0240993034094572,0.0344078876078128,0.0324265621602535,0.001981325447559301,0.022211749727527243,0.0012869370200200491,0.0200250912457704,0.0245785117149353,0.0219953376799821,0.0008299499750138023,0.13629771189557183,0.00785239520351936,0.1207804307341575,0.1455301195383072,0.139178529381752,0.005501344799995395,0.11973831471469665,0.0035723588224715465,0.1148885115981102,0.1259394884109497,0.1186523661017417,0.0027831941843032004,0.6634757651223077,0.04027252816208384,0.6133962869644165,0.7521166205406189,0.6477428674697876,0.022224485874176025,0.8220590617921617,0.009814190398246946,0.8062748908996582,0.8394802808761597,0.8229758739471436,0.007373690605163574,787.8888888888889,191.3370757151104,574.0,1224.0,764.0,115.0,8182.700000000001,3321.5360563282898,4646.17,14416.99,6252.88,1606.71,0.0309428339939058,0.0005592528131018541,0.0302490695483154,0.0318873638494147,0.0306822914216253,0.0004332218733099011,0.027413612438572724,0.0004221164931883104,0.0267393440008163,0.0281054526567459,0.0274359993636608,0.00038274191319940046,0.03603986692097447,0.0003643373065808701,0.035408716648817,0.0368197374045848,0.0359097756445407,0.0002569220960141061
1.0,qlstm_linear_enhanced_paper,original_2,mackey_1000,0.001,6.0,8.0,16.0,70.0,64.0,437.0,0.012953826830198474,0.01290145512811684,0.0007124309777282,0.0376362428069114,0.008764204685576201,0.0077913141285534514,0.008149326909915475,0.007441668468023741,0.0013240736443549,0.023657202720642,0.00609217712189995,0.0045573484385386,0.0730950096622109,0.04671655135382385,0.0215315762907266,0.1462700366973877,0.06441161222755905,0.04071474820375445,0.06427347031421954,0.034821651625634956,0.0271042864769697,0.1293968707323074,0.058844493702053954,0.0261924806982279,0.8678998351097107,0.1340539459064585,0.6111811399459839,0.9933019280433656,0.9129940867424011,0.07847890257835388,0.9345712438225746,0.06239149570881834,0.8010717630386353,0.9903401136398317,0.953331619501114,0.035723030567169134,2218.0,1361.701050157486,486.0,4631.0,2030.5,1242.5,42675.62875,17344.912184454435,14617.71,73395.0,42856.229999999996,10699.295000000002,0.02757010383841886,0.0018426876293055243,0.0258336065130101,0.0319361036850346,0.026989664365019997,0.0008539352566003505,0.025172072928398785,0.0010929267215878708,0.0240102093666791,0.027563102543354,0.02490361686795945,0.0006468603387474996,0.037057610228657674,0.0018052595281912822,0.0343790724873542,0.0400103479623794,0.037159631028771345,0.0016749985516071007
1.0,qlstm_linear_enhanced_paper,original_2,mackey_1000,0.001,6.0,16.0,16.0,70.0,64.0,717.0,0.005652124935295375,0.0032388434488315517,0.0005853036418557,0.011476875282824,0.00627024285495275,0.0007059057243168003,0.005193148739635912,0.0030040092455704,0.0009507514769211,0.0104478998109698,0.0047832611016929,0.0027044722810387494,0.05324791814200575,0.01859500023855939,0.0190070215612649,0.0756955295801162,0.0592231042683124,0.004873298108577756,0.05268901097588235,0.017690006563271903,0.0247146598994731,0.0778217837214469,0.05451524257659905,0.013292990624904646,0.9493637606501579,0.030994274551666947,0.8883181214332581,0.9944920539855956,0.9463578760623932,0.007973402738571167,0.9601880013942719,0.02427036603117024,0.9173725247383118,0.9936686158180236,0.9645258486270905,0.023076504468917847,2506.25,656.1986646588059,1733.0,3531.0,2357.0,549.0,59154.837499999994,16669.94841520044,29845.49,89098.53,58567.215,9316.314999999995,0.02654541133799484,0.00023205147578427688,0.0261008333828714,0.0269693036874135,0.026545249960488702,0.00011457006136574889,0.025222027208656024,0.00024936946828032434,0.0249244794249534,0.025749884545803,0.025180078111588948,0.00014237686991694712,0.03513934789225456,0.00044708000091865717,0.0344281829893589,0.0358474552631378,0.035167904570698696,0.00033582746982575157
1.0,qlstm_linear_enhanced_paper,original_2,mackey_1000,0.001,6.0,32.0,16.0,70.0,64.0,1277.0,0.0063777624034425775,0.008994922211490841,0.0006335352663882,0.0237913895398378,0.0018053529784083,0.0009341498371214002,0.004453603876754578,0.0050872641641587345,0.0010113443713635,0.014177568256855,0.0021005691960453,0.0009261057712138003,0.04825074287752303,0.03648029569019229,0.0197795517742633,0.1178137362003326,0.0330251529812812,0.0071622449904679975,0.04529438933564553,0.02588451571271852,0.0252397935837507,0.0961717888712883,0.0350163802504539,0.008883576840162302,0.9382508728239272,0.09073354626423792,0.7663862705230713,0.9944535493850708,0.9835512042045592,0.005631268024444802,0.9656069411171807,0.040930464312134825,0.8879656791687012,0.992495894432068,0.9859538674354552,0.0063893795013427734,2663.6666666666665,1255.8570336184325,812.0,4732.0,2350.0,1207.0,53906.113333333335,29975.408482336537,13674.31,118843.8,57565.95,14014.719999999994,0.026660990556357046,0.0003374293281978431,0.0261040308202306,0.0273437518626451,0.0266323727038171,0.00017523020505899947,0.025758500107460502,0.00020567749211096396,0.0253705587238073,0.0260483603924512,0.0258001741021871,0.00019849836826330014,0.03461804737647369,0.0003231495543442497,0.0341921672224998,0.0352673679590225,0.0345080085098743,0.00022285059094430404
1.0,qlstm_linear_enhanced_paper,original_3,mackey_1000,0.001,6.0,8.0,4.0,70.0,64.0,509.0,0.03372841654345389,0.000403072153926544,0.0328470654785633,0.0341060385107994,0.03384238108992575,0.00022536516189575195,0.02446829969994719,0.000313931680239486,0.0240790527313947,0.0249573159962892,0.0243623051792383,0.0002233879640698988,0.13808635063469404,0.0015654764432692131,0.1359680294990539,0.1405110955238342,0.1380938440561294,0.001459583640098544,0.12182757724076505,0.0011047585178002193,0.120119571685791,0.1237584426999092,0.12139712646603579,0.0003668963909149031,0.6270096376538277,0.006918457410709145,0.617754340171814,0.6397750377655029,0.6246324181556702,0.005583584308624268,0.8071861267089844,0.0031784724684288945,0.8007293939590454,0.8109865188598633,0.8075218796730042,0.002304971218109131,905.25,112.81262119107063,772.0,1103.0,879.0,106.0,6570.025,2002.1742328403889,3924.62,9333.35,6732.7,1694.6350000000002,0.03888394282613359,0.00297901900331498,0.0345751717686653,0.0432651672098371,0.0401341446364919,0.0020450530573725527,0.033733262913301545,0.0021693526239992406,0.0305070262402296,0.03718002140522,0.03421604260802265,0.0013713911175727497,0.04333046637475485,0.0023141434139808026,0.0397944599390029,0.0465235970914363,0.0441892519593238,0.0016607120633125513
1.0,qlstm_linear_enhanced_paper,original_3,mackey_1000,0.001,6.0,16.0,4.0,70.0,64.0,789.0,0.034065146930515725,0.000529841837276135,0.0336511172354221,0.0353058651089668,0.033788420259952504,0.0001065507531166042,0.024475857382640177,0.00019257445525985614,0.024211985990405,0.0248740408569574,0.024465138092637,8.679367601870103e-05,0.13817308098077768,0.0020016319524882057,0.1349900513887405,0.1415198445320129,0.13810031116008756,0.0013434812426567078,0.12115634884685272,0.0012854753563505082,0.1193214505910873,0.1239027827978134,0.1207747943699359,0.0006760470569134036,0.62451983243227,0.004020335796282151,0.6186037659645081,0.6298341751098633,0.6249100565910339,0.004354685544967651,0.8075748980045319,0.0018078025647731456,0.8043388724327087,0.8099742531776428,0.8076077699661255,0.0013613402843475342,754.375,57.62147494641212,655.0,844.0,759.0,38.5,5952.036249999999,1637.1719377934737,3386.97,7633.26,6851.21,670.0,0.03739548479724256,0.002969190305571238,0.0340945395744509,0.0426937581764327,0.035904169289602106,0.0013421292727192058,0.0327132306993007,0.002492236335603659,0.0297783911228179,0.0370204858481884,0.032527279108762644,0.0022156238555907943,0.04197925748303527,0.0024015762190358397,0.0394039563834667,0.0458077155053615,0.04104204475879665,0.0014645624905824488
1.0,qlstm_linear_enhanced_paper,original_3,mackey_1000,0.001,6.0,32.0,4.0,70.0,64.0,1349.0,0.0338710583746433,0.0003470468766260887,0.033397126942873,0.0346036553382873,0.0338127240538597,0.00024574249982830393,0.024464723757571596,0.00019552357872135634,0.0241052713245153,0.0247534718364477,0.0245262067764997,9.221583604809847e-05,0.13816659980350066,0.0012345710289083467,0.1364843547344207,0.1406557261943817,0.1377445608377456,0.0010606199502944946,0.12148086809449721,0.0007402176524653606,0.1202445700764656,0.1224058270454406,0.1217284426093101,0.0005187615752220015,0.6277483304341634,0.005138172681487956,0.6185163855552673,0.6355652809143066,0.6255937218666077,0.0021878480911254883,0.8060899641778734,0.001922849335785032,0.8024383187294006,0.809385359287262,0.806709349155426,0.0008346438407897949,775.6666666666666,69.3028779264533,658.0,901.0,783.0,18.0,5175.511111111111,1955.627928372905,3373.57,8706.12,4103.45,633.6099999999997,0.035827867916704635,0.001966328141785237,0.0335334048916896,0.0400423322700791,0.0353294997993442,0.0012164122114578999,0.031229293594757665,0.0012754755023953734,0.0300953742116689,0.0338277965784072,0.030800461769104,0.0005056522786616967,0.04052173967162764,0.0020139999079023642,0.0382502377033233,0.044729296118021,0.0398288965225219,0.0010937787592411041
1.0,qlstm_linear_enhanced_paper,original_3,mackey_1000,0.001,6.0,8.0,8.0,70.0,64.0,509.0,0.030449207639321636,0.0031462189736358374,0.0251737907528877,0.0339312180876731,0.03148536477237935,0.0023441156372427975,0.022980592679232324,0.001209753268988074,0.0210558921098709,0.0244185999035835,0.022830443456768948,0.0012175980955362493,0.135079781524837,0.007479025398173833,0.1217338666319847,0.1440595537424087,0.13771928101778025,0.004900455474853502,0.12302606366574759,0.003962317202768176,0.1181491762399673,0.1279934644699096,0.12258768826723096,0.004002034664154046,0.6674441546201706,0.0411719816181342,0.6198869943618774,0.7366097569465637,0.6585975885391235,0.035545676946640015,0.8161586374044418,0.009570679129399882,0.8042210340499878,0.8296085000038147,0.8157347738742828,0.00868198275566101,941.875,368.89986361477554,507.0,1596.0,864.0,247.5,14809.83625,8665.089102794815,5446.31,30228.22,11990.1,4304.125,0.03094277049725249,0.0006970589298778524,0.0300769988033506,0.03223491128948,0.0306803363685806,0.00023231179349954972,0.026818146230652862,0.0005453102608732523,0.0259758159518241,0.0276040192693471,0.026781558990478453,0.00039195083081720004,0.03679990954697127,0.001736708894920436,0.035338781774044,0.0402472987771034,0.0360996332019567,0.00053827092051505
1.0,qlstm_linear_enhanced_paper,original_3,mackey_1000,0.001,6.0,16.0,8.0,70.0,64.0,789.0,0.030506505398079704,0.0030840047475899674,0.0231829565018415,0.0329753458499908,0.032009268179535796,0.0007946398109198068,0.022779626073315688,0.000734853171990987,0.0218366365879774,0.0237492397427558,0.02287143934518095,0.0006333300843834998,0.13595411833375687,0.007601083793945656,0.1182371601462364,0.142169564962387,0.13972933590412134,0.002329818904399858,0.12290553469210858,0.0013656301678537982,0.120831586420536,0.1249240785837173,0.1230478174984455,0.0009494721889495988,0.6670374944806099,0.03855945797545928,0.6361979842185974,0.7587637901306152,0.6477743685245514,0.009670466184616089,0.8187958896160126,0.006570427486111921,0.8107831478118896,0.8268701434135437,0.8194104135036469,0.007172882556915283,806.625,110.61299369875132,594.0,974.0,799.5,73.0,12836.71,4039.0729002365138,8080.44,18718.09,12554.36,3938.755000000001,0.0310672304541286,0.0008225920604053315,0.0300015188339683,0.032404704640309,0.03090817067358225,0.0005394196551707017,0.026984952157363226,0.0005325958135588118,0.0265192110091447,0.0281862337142229,0.02680731005966655,0.00020027905702589902,0.0369122414849698,0.0011756074090331222,0.0357293970882892,0.0393407568335533,0.0366656780242919,0.0009065978229046007
1.0,qlstm_linear_enhanced_paper,original_3,mackey_1000,0.001,6.0,32.0,8.0,70.0,64.0,1349.0,0.033150848415162776,0.0011137488156155388,0.0307291075587272,0.0346453823149204,0.0333133302628994,0.0006373450160025995,0.023022090602252167,0.0005967543314473327,0.0222418494522571,0.0240116566419601,0.0227319486439228,0.000490099191665698,0.14180577298005417,0.0022586470705083343,0.1367667913436889,0.1448900550603866,0.1422595083713531,0.0009681284427642822,0.12269202537006797,0.0017853407495438006,0.1195188984274864,0.1255317330360412,0.1231335252523422,0.0012260898947716037,0.6358147594663832,0.012804607341089416,0.6152018904685974,0.66121906042099,0.6372379064559937,0.008636891841888428,0.8166429532898797,0.004580500478315922,0.8082714080810547,0.8223153352737427,0.8174008131027222,0.0037574172019958496,725.6666666666666,171.10036041263425,471.0,1015.0,736.0,161.0,10786.199999999999,4811.050630755084,5047.1,19690.33,9454.97,3361.9699999999993,0.0309852750075084,0.0004009187501076283,0.0304815974086523,0.0316598547829522,0.0308317109528515,0.0003501135441992022,0.02729216011034113,0.0004217078193532277,0.0267249923199415,0.0280261486768722,0.0272073950618505,0.0003196392208337992,0.03603363575206857,0.0006210229494799683,0.0353722609579563,0.0371157079935073,0.0359531641006469,0.0004209242761135032
1.0,qlstm_linear_enhanced_paper,original_3,mackey_1000,0.001,6.0,8.0,16.0,70.0,64.0,509.0,0.005940559462032939,0.00799283303004739,0.0004665853630285,0.024528557434678,0.00109265811624935,0.00060190442309255,0.004631987125321713,0.0047564345326413385,0.000649583293125,0.0140979550778865,0.0016421856707893,0.0008572662773076499,0.047702267533168134,0.037150138402168104,0.0170964691787958,0.123779185116291,0.025203362107276847,0.0077540259808301475,0.0472375112585723,0.02744836950002953,0.0208731722086668,0.095084011554718,0.031569773331284495,0.009038628078997144,0.9422929286956787,0.08044126764745606,0.7511729001998901,0.9958340525627136,0.9902325570583344,0.005260109901428278,0.9637916013598442,0.03810444710395072,0.8869336247444153,0.9952627420425416,0.9879831373691559,0.006234616041183527,2925.0,1459.771985619672,959.0,4960.0,3131.5,1652.0,80595.23374999998,39429.486434983504,32364.86,154658.12,76743.6,33125.62500000001,0.0263068767316225,0.00034323018681560794,0.0257599072323905,0.026767984446552,0.0263702385127544,0.0002386784180998993,0.024961795425042475,0.0002631310476528108,0.0245962999761104,0.0253615695983171,0.024931730702519403,0.000241756439209,0.035251975525170495,0.0004178649197948199,0.0345312766730785,0.0359633304178714,0.035271715372800744,0.00026556290686130524
1.0,qlstm_linear_enhanced_paper,original_3,mackey_1000,0.001,6.0,16.0,16.0,70.0,64.0,789.0,0.003615708126744675,0.0024641798523341732,0.0007488919072784,0.0075419754721224,0.0030825914582237497,0.0020209033973515,0.003915942652383775,0.0023756334645446226,0.0012990586692467,0.0067571187391877,0.0037061031907796,0.00238168128998945,0.04318200238049026,0.017926708417795287,0.0201588571071624,0.0670453757047653,0.042683169245719854,0.017060611397027955,0.046231005340814535,0.017276210738986032,0.0268507339060306,0.0682563856244087,0.0456039067357778,0.017442191019654302,0.9705307558178902,0.020084571623846765,0.9343842267990112,0.99307382106781,0.9758806228637695,0.015609979629516546,0.9701758399605751,0.019003898977206436,0.9472537040710448,0.9912960529327391,0.9715954661369324,0.018942356109619085,2494.5,701.1319419338988,1653.0,3845.0,2345.0,536.0,69425.64875,23775.05968218452,35092.14,104654.51,71244.62,23640.704999999998,0.026401926142473976,0.00021791391837451025,0.0261291706313689,0.0268510377241505,0.02640147600322955,0.00011798170291714948,0.02499886788427824,0.00037238971962809625,0.0244504772126674,0.0255546122789382,0.024929781444370698,0.0003065336495638015,0.03517651231959458,0.0004962209910044706,0.0342737771570682,0.0356873571872711,0.03528891317546365,0.0003977548331021985
1.0,qlstm_linear_enhanced_paper,original_3,mackey_1000,0.001,6.0,32.0,16.0,70.0,64.0,1349.0,0.004957974090939339,0.006795563525785534,0.0004255416570231,0.020491849631071,0.0018394200596958,0.0011168622586410501,0.0036482909519690602,0.004049065837594197,0.0005071604973636,0.0116243073716759,0.0017904036212712002,0.00101785676088185,0.04334251275286075,0.02979705881588798,0.0154983485117554,0.104693666100502,0.0320109082385897,0.011236339807510352,0.04104879442602391,0.023593088878536107,0.0175539106130599,0.0883248820900917,0.03241619188338515,0.008683127351105203,0.9526996731758117,0.06913528679866109,0.7896124720573425,0.996343195438385,0.9847770631313324,0.008715838193893488,0.9717165648937225,0.03209468843791976,0.9074275493621826,0.9966228008270264,0.9865651726722717,0.007696211338043213,2395.2,769.8491800346351,1084.0,3544.0,2452.5,448.5,62913.48100000001,24811.795265967532,27500.44,109870.04,57446.425,15775.345000000001,0.02663973248046299,0.0002782231668110193,0.0260122533266743,0.0270815237114826,0.026648069317969952,0.0001324932608339508,0.02570260725915427,0.000489870245688398,0.0249350387603044,0.0265159662812948,0.0257110279053449,0.0004462264478206999,0.034619572386145554,0.0004908606861062537,0.0340253487229347,0.0354581810534,0.03448731079697605,0.00036540068686009494
1.0,qlstm_linear_enhanced_paper,original_1,mackey_1000,0.001,6.0,8.0,4.0,140.0,64.0,365.0,0.052139187438620414,8.840858265006812e-05,0.0519487708806991,0.0522263869643211,0.0521591491997242,6.664171814910191e-05,0.06722265399164619,4.0270182114029287e-05,0.0671749636530876,0.067313976585865,0.0672077238559722,2.4236738681709946e-05,0.19429312646389005,0.0001663968468177886,0.1939299404621124,0.1944546401500702,0.1943641901016235,2.1383166313199142e-05,0.21326053804821435,0.00013760021192257827,0.2131141126155853,0.2136034667491912,0.2132057100534439,8.54730606078824e-05,-0.017839766624901006,0.19979202697840112,-0.1979207247495651,0.4013801515102386,-0.0944397076964378,0.0721019692718983,0.13454429143004945,0.12963723872093064,-0.0722153410315513,0.314069539308548,0.1603573411703109,0.086104080080986,410.77777777777777,3.735052514215914,404.0,415.0,412.0,3.0,1432.3322222222223,472.5370931184551,1068.7,2121.26,1106.64,11.509999999999991,0.056177892553854254,0.005155863715537142,0.0514809976884862,0.0656681143575244,0.0545008476409647,0.0021561376957430003,0.06749133600129018,0.00024937690511082694,0.0672301948070526,0.067944161593914,0.0673529058694839,5.5208802223205566e-05,0.05291686703761414,0.0008499875975939235,0.0518423281610012,0.0544732064008712,0.0528371296823024,0.0007853507995604983
1.0,qlstm_linear_enhanced_paper,original_1,mackey_1000,0.001,6.0,16.0,4.0,140.0,64.0,645.0,0.052172869443893405,9.579404134040477e-05,0.0520767271518707,0.0523804053664207,0.052144015207886654,4.355609416960629e-05,0.0672251712530851,2.753158266172386e-05,0.0671838149428367,0.0672730132937431,0.0672168247401714,1.3764947652795956e-05,0.19442137517035005,6.531071132732117e-05,0.1943073272705078,0.1945128738880157,0.19444084912538523,3.565102815625276e-05,0.21336680278182024,0.0001681587077804989,0.2130265086889267,0.2135845720767974,0.2134313210844993,8.011609315869417e-05,-0.10277084261178968,0.2051791574749282,-0.2632400393486023,0.260487824678421,-0.20568277686834335,0.039623662829399095,0.06983466073870659,0.09225957170038493,-0.089809313416481,0.1721338927745819,0.09102085977792734,0.05118753015995031,408.25,2.277608394786075,404.0,411.0,408.0,2.0,1581.7287500000002,488.5311631932373,1082.9,2094.07,1576.59,489.78499999999985,0.05647369965724157,0.0054890982410858115,0.051471022218013,0.0661977570917871,0.054397886670711895,0.0022707033850665956,0.06751122232526535,0.00028062082109073553,0.0672323852777481,0.0680396407842636,0.0673792995512485,0.00013016909360884926,0.052993040997534935,0.0010969139263967476,0.0517465360462665,0.0547597035765647,0.052700616419315297,0.0008633323013782467
1.0,qlstm_linear_enhanced_paper,original_1,mackey_1000,0.001,6.0,32.0,4.0,140.0,64.0,1205.0,0.05216910690069193,9.038553000521853e-05,0.0520353987812995,0.0523601397871971,0.0521539375185966,4.141964018344879e-05,0.0672368491068482,1.337390809987642e-05,0.0672149732708931,0.0672584697604179,0.06723447144031519,6.314367055899883e-06,0.19439567998051638,2.9289626078814037e-05,0.1943453401327133,0.194436028599739,0.19439943879842755,2.5056302547454834e-05,0.21333755925297732,0.00018697674075732743,0.2129680514335632,0.2136581987142563,0.21335038542747495,0.00010246783494949341,-0.08312455471605061,0.18303681505789376,-0.2734470069408417,0.2356180697679519,-0.1263567060232162,0.11114266514778136,0.09126331098377702,0.13107202550956737,-0.1351348608732223,0.2362007945775985,0.1113400906324386,0.10268490761518478,404.0,1.4142135623730951,402.0,406.0,403.5,1.0,1560.4325,476.821840464287,1080.92,2055.24,1539.33,456.77499999999986,0.0566647002739778,0.005595656658856489,0.051589582776008,0.0670578450792365,0.0546654249644941,0.00245614604015525,0.06760135479271406,0.00028824710545511794,0.0672430172562599,0.0681688860058784,0.06750642135739321,0.00022498145699501038,0.052955226041376535,0.001277849221809227,0.0514735579490661,0.0549261830747127,0.0528261084109544,0.0012828968465328494
1.0,qlstm_linear_enhanced_paper,original_1,mackey_1000,0.001,6.0,8.0,8.0,140.0,64.0,365.0,0.03370715615650012,0.006989012271709243,0.0281341597437858,0.0525382906198501,0.0324302949011325,0.002608291804790497,0.03807445843186638,0.010409134080769133,0.0308661721646785,0.0658886209130287,0.032993908971548,0.0021277368068694964,0.14742818640338046,0.017834074329477215,0.1330859363079071,0.1951997578144073,0.1419758051633834,0.005525946617126493,0.15887967083189217,0.020106939104310932,0.1433181166648864,0.210758164525032,0.1496091932058334,0.005978852510452298,0.5413067042827606,0.2648024658299123,-0.2015711963176727,0.6807287335395813,0.6211875081062317,0.04497241973876953,0.6413768612676196,0.18571191678888238,0.1307123452425003,0.751859724521637,0.7217574715614319,0.028479397296905518,1458.4444444444443,583.579017045509,412.0,2748.0,1473.0,173.0,10742.144444444444,6595.577181187592,2052.67,24989.02,8338.88,5284.380000000001,0.05844539657442102,0.0001111366081889182,0.0581975425593555,0.0585463624447584,0.058507902547717,1.7656479030798977e-05,0.06572057555119193,0.0002895487447206961,0.0651138946413993,0.0660168007016182,0.0658109858632087,0.00013467669486999512,0.05277132449878583,0.00012272465143777539,0.0525587610900402,0.0529171749949455,0.0527562834322452,0.00011764466762539949
1.0,qlstm_linear_enhanced_paper,original_1,mackey_1000,0.001,6.0,16.0,8.0,140.0,64.0,645.0,0.037406199611723374,0.005917999197259789,0.030806541442871,0.0467353127896785,0.0366816781461238,0.005219554528593953,0.04249212192371483,0.00827688908638424,0.032329149544239,0.0550054758787155,0.040705963969230596,0.006736671552062052,0.15278221108019346,0.014932202373032812,0.1374393552541732,0.1780027896165847,0.14949126541614527,0.00939620286226267,0.16887662746012208,0.01624406597529107,0.1489078998565673,0.1941103488206863,0.1667535677552223,0.012782342731952695,0.5334714278578758,0.112328315882845,0.3448117673397064,0.6456179618835449,0.5507509112358093,0.08746302127838135,0.6302934885025024,0.07368227707767296,0.5208662152290344,0.7307414412498474,0.624550074338913,0.0756080150604248,1001.75,312.2037595865879,496.0,1540.0,1033.5,241.0,7021.02,3138.431497954034,3401.69,14086.79,6027.54,1418.6899999999996,0.05849022779148068,6.917063846467279e-05,0.0583281409926712,0.0585597958415746,0.058508771471679155,2.819742076099266e-05,0.06583288218826049,0.00023051187329476005,0.0654282569885253,0.0660200417041778,0.0659415125846862,5.511194467544556e-05,0.05273543484508987,0.000182267432263667,0.0524623319506645,0.0530881434679031,0.0527406875044107,0.00012193620204930047
1.0,qlstm_linear_enhanced_paper,original_1,mackey_1000,0.001,6.0,32.0,8.0,140.0,64.0,1205.0,0.03368373611010606,0.010498748723072583,0.0250140186399221,0.0520319193601608,0.02856964431703085,0.0021482268348336497,0.0389032438397407,0.011498516454526308,0.0264736339449882,0.0588489584624767,0.0336139947175979,0.00176960602402685,0.14745135977864263,0.02231347170160172,0.130089446902275,0.186824694275856,0.13628592342138285,0.0041157901287079,0.1590824164450168,0.023113787996173724,0.1324062645435333,0.1986087560653686,0.14896293729543686,0.0028265416622162004,0.5527979675680399,0.22934790926164067,0.1366851478815078,0.7199828624725342,0.6717413663864136,0.030217736959457397,0.6479158103466034,0.13204005227068547,0.4146677851676941,0.7785717844963074,0.7091433107852936,0.020504772663116455,1382.5,536.3207995220771,484.0,2205.0,1425.5,418.0,9480.993750000001,4520.298248290531,4478.3,18459.43,7267.139999999999,2135.4049999999993,0.058546232699882184,3.461358123670251e-05,0.0584959252737462,0.05860315868631,0.05854331003502005,2.790312282740029e-05,0.06595185026526448,0.00010161982329790415,0.0657614320516586,0.0660800710320472,0.06593785807490346,9.014829993250068e-05,0.05264961021021005,0.00021984410002519534,0.0522387027740478,0.0529839545488357,0.05265330895781515,0.00012534111738204956
1.0,qlstm_linear_enhanced_paper,original_1,mackey_1000,0.001,6.0,8.0,16.0,140.0,64.0,365.0,0.03108794076575169,0.00343110257628716,0.02798867598176,0.0403228960931301,0.0302125439047813,0.0009278301149606982,0.02304402676721409,0.0077149171049314905,0.0179239809513092,0.0445137806236743,0.0204788297414779,0.000980680808424901,0.145589444372389,0.004316363399884636,0.1405994743108749,0.1551725268363952,0.1454159170389175,0.002747774124145508,0.12290652592976886,0.017420071973752744,0.1118869557976722,0.1704495847225189,0.1168704479932785,0.004131242632865906,0.6461654735936059,0.060356233076566686,0.4790824353694916,0.6965669989585876,0.6663268804550171,0.00578463077545166,0.8057845632235209,0.0849337983621121,0.5680999159812927,0.8559203743934631,0.8362082242965698,0.010522007942199707,1310.7777777777778,380.78917403430523,563.0,1752.0,1294.0,348.0,17940.433333333334,6662.354300108767,5825.9,31044.83,16792.45,4018.5599999999977,0.056672742486827854,0.006472814565208076,0.0383685566484928,0.0591715993359684,0.0589845078065991,0.0001565800048410962,0.06193256419565939,0.0065302610204389586,0.0434739552438259,0.0644658878445625,0.0643507465720176,0.00011514127254490247,0.050942715257406186,0.007404591650295477,0.0300080254673957,0.053885031491518,0.0535233244299888,0.00023886188864710028
1.0,qlstm_linear_enhanced_paper,original_1,mackey_1000,0.001,6.0,16.0,16.0,140.0,64.0,645.0,0.02870613546110686,0.0017107442409430935,0.025543475523591,0.0305148810148239,0.02916680462658405,0.0011088186874986007,0.020570232300087775,0.0017627221042633813,0.0180646441876888,0.0228781048208475,0.02061801031231875,0.0017440821975469502,0.1400747895240783,0.004606940483442736,0.1302748769521713,0.1454199403524398,0.14096682518720624,0.0031167790293693404,0.11881194263696665,0.0055050309448333445,0.1112711653113365,0.1272375136613845,0.1165815889835357,0.0036352537572383464,0.6837244778871536,0.023915206846026684,0.6547207832336426,0.7265447974205017,0.6812097728252411,0.01890045404434204,0.8326157554984093,0.01699690514376983,0.8108654618263245,0.8611626029014587,0.8317963182926178,0.014372527599334717,1206.125,255.2682106628242,870.0,1743.0,1189.5,159.0,17256.4275,6381.889402043783,10102.36,31306.23,14816.835,3523.239999999999,0.058948389138095025,0.0001898315981451684,0.0585459312424063,0.0592057844623923,0.05899736634455615,6.122724153100056e-05,0.06418784800916907,0.0004946811190670365,0.0628981292247772,0.0645205751061439,0.0643259212374687,4.9743801355355e-05,0.053503240458667216,0.0002990016880866064,0.0531168095767498,0.0541348159313201,0.053422138094901955,0.00013959966599944723
1.0,qlstm_linear_enhanced_paper,original_1,mackey_1000,0.001,6.0,32.0,16.0,140.0,64.0,1205.0,0.03206356149166816,0.0026210439918214084,0.0301141124218702,0.0382263176143169,0.03065826278179875,0.0005198093131183988,0.024556997930630986,0.007164906693911685,0.0187465995550155,0.0426478236913681,0.02268860489130015,0.0024482533335686008,0.14809156395494932,0.004984755851460632,0.1386557072401046,0.1545520275831222,0.1481558680534362,0.003714263439178453,0.12694113235920662,0.01494586795561882,0.1135484799742698,0.1634189188480377,0.12409384176135055,0.007036469876766205,0.636470228433609,0.03960174240921859,0.5430871248245239,0.6672700643539429,0.652483344078064,0.013208240270614624,0.7909035682678223,0.0789754551152944,0.5883148908615112,0.8507320880889893,0.8147335350513458,0.020788341760635376,1204.0,313.36320779568234,569.0,1637.0,1194.5,135.0,16398.434999999998,7340.960933765756,5823.78,29128.42,14562.71,4816.884999999999,0.058903019933495615,0.0002559323090357672,0.0583253148943185,0.0591783244162797,0.05898545333184295,8.861487731335119e-05,0.06406061537563797,0.00046619545896175513,0.0628886520862579,0.0644345209002494,0.06418334320187566,0.00015043467283250983,0.053503626491874415,0.00021547370976776018,0.0529779382050037,0.0537412986159324,0.053559523075819,8.436851203445089e-05
1.0,qlstm_linear_enhanced_paper,original_2,mackey_1000,0.001,6.0,8.0,4.0,140.0,64.0,437.0,0.052529444297154705,0.0006869457263009004,0.0520227178931236,0.0538092888891696,0.0521646589040756,9.597465395929511e-05,0.06687505046526589,0.0004023968125694617,0.0660557299852371,0.0672365501523017,0.0670143663883209,0.00011216849088670211,0.19470751285552973,0.0006029697021551298,0.1941794008016586,0.1958441883325576,0.1943978816270828,0.00011307001113891602,0.21288710998164279,0.0008260392339767721,0.2113582789897918,0.2139054834842682,0.2132484316825866,0.00024724006652829256,-0.04631098747874297,0.20375077323398974,-0.2131537795066833,0.4810665249824524,-0.1260317414999008,0.0636662691831589,0.19223862306939232,0.061480400383757176,0.0864940360188484,0.3005756735801697,0.1835232824087143,0.05284722149372101,417.22222222222223,12.873554095964657,407.0,453.0,414.0,1.0,2268.0755555555556,760.6954971765584,1555.27,3308.95,1626.39,71.12000000000012,0.05607270006446828,0.005192780502795434,0.0514488430409174,0.0655238533185588,0.0544583693974547,0.0020801930481361003,0.06715610457791217,0.0003123495492835284,0.0664746388792991,0.0677195787429809,0.0671736150979995,0.0001334547996520996,0.05313819191522065,0.0009657891326016263,0.0524653792381286,0.0555742383003234,0.0525958426296711,0.00013046339154249714
1.0,qlstm_linear_enhanced_paper,original_2,mackey_1000,0.001,6.0,16.0,4.0,140.0,64.0,717.0,0.050577752757817465,0.004939216685503004,0.0375356934964656,0.0529024377465248,0.05227951891720295,0.0002859067171811988,0.06440007640048857,0.006587985323557426,0.0469802282750606,0.0672774016857147,0.06677882745862004,0.0002126544713973999,0.1897906772792339,0.012401190261760994,0.1569958329200744,0.1950162798166275,0.19432919472455976,0.00044350326061244616,0.20790458843111986,0.01268592696185951,0.1743552237749099,0.2133638262748718,0.21263896673917765,0.00033669173717500167,0.025825730524957187,0.2388800802685559,-0.199569821357727,0.519035279750824,-0.055998917669057846,0.1331630684435367,0.22339770756661892,0.17403129986429272,-0.0838150084018707,0.5618709325790405,0.17319444566965098,0.08469979465007786,515.75,286.59891398956836,403.0,1274.0,408.5,1.5,2687.00875,1037.2520788294125,1583.6,4861.09,2948.66,685.555,0.0564058122211766,0.005471774554205521,0.0514891883730241,0.0657966877851221,0.0543516392612622,0.0023400580232393504,0.06727622915059325,0.00038617360176016033,0.0667237490415573,0.0679241344332695,0.06724621728062624,0.0002922676503657948,0.05312718497589225,0.0010454858289133649,0.0517159402370452,0.0546871274709701,0.05304173752665515,0.0010196287184954002
1.0,qlstm_linear_enhanced_paper,original_2,mackey_1000,0.001,6.0,32.0,4.0,140.0,64.0,1277.0,0.0522602647542953,0.00015454070790841683,0.0520122647285461,0.0524917319416999,0.0522947367280721,0.00010092929005624945,0.06705341208726162,0.00011372450301067346,0.0668858513236045,0.067233882844448,0.06700628623366355,5.873665213585594e-05,0.19438911415636534,0.00016851616793538712,0.1941789984703064,0.1947135031223297,0.1943307220935821,0.00010325759649280897,0.21305252052843565,0.0003366713738320291,0.2124296873807907,0.2136114984750747,0.2130113542079925,0.00011191517114635119,0.006418310571461921,0.19117080354763985,-0.1842149496078491,0.3371857106685638,-0.0741584580391645,0.1064546722918749,0.23089864663779733,0.09716373820614,0.0831800401210784,0.3975544571876526,0.2121954336762428,0.05252943933010104,406.125,1.2686114456365274,404.0,408.0,406.5,1.0,2100.725,689.6812202931148,1556.54,3001.89,1576.8200000000002,19.355000000000132,0.05650318793863734,0.005458463178101951,0.0515138751947637,0.0662616532709863,0.0544378739367756,0.002238556800875799,0.06747066043317314,0.0002790234333081645,0.0669004172086715,0.0678485631942749,0.0674761906266212,0.00015564262866975265,0.05302980449050659,0.0013247019165789106,0.0513411127030849,0.0551281012594699,0.0530107300728559,0.0012377630919217994
1.0,qlstm_linear_enhanced_paper,original_2,mackey_1000,0.001,6.0,8.0,8.0,140.0,64.0,437.0,0.03358554157117996,0.006234557155853715,0.0269415192306041,0.0502200536429882,0.0320464074611663,0.001434454694390297,0.035212957610686574,0.006320977849979357,0.0319171883165836,0.0528240501880645,0.0327272191643714,0.0007350072264670979,0.144521329138014,0.010310305103171298,0.1346113532781601,0.1717092990875244,0.1436300575733184,0.00324155390262601,0.1526347481542163,0.01265262424701872,0.1444814205169677,0.1872201710939407,0.14857217669487,0.0033287405967712957,0.6029237806797028,0.10594103808165019,0.3133117258548736,0.6994525194168091,0.6302839517593384,0.020125508308410645,0.7023884654045105,0.06677965310501664,0.518155574798584,0.7480875253677368,0.7240597009658813,0.011340975761413574,1075.888888888889,271.5021769687408,695.0,1699.0,1032.0,88.0,10366.373333333333,5228.815464921286,5134.51,22417.58,7642.86,1861.0100000000011,0.058409736905660856,0.00011116365791343581,0.0582662690430879,0.058582701254636,0.0584618626162409,0.00011666538193820519,0.06552790022558634,0.00028957667058011124,0.0651056095957756,0.0659360289573669,0.0655486360192298,0.00026410818099970035,0.052928067743778194,0.00021136428554128546,0.052633136510849,0.0534117072820663,0.0529395416378974,9.864941239350056e-05
1.0,qlstm_linear_enhanced_paper,original_2,mackey_1000,0.001,6.0,16.0,8.0,140.0,64.0,717.0,0.030263384105637624,0.0055207992636485854,0.02061971090734,0.0417444929480552,0.03004202898591755,0.002229748293757451,0.0338854121509939,0.0067289381849232055,0.0262038763612508,0.0507001988589763,0.0322229154407978,0.0010307468473911008,0.1399135142564773,0.01295698950620815,0.1192014515399932,0.168472558259964,0.13772555440664286,0.0043249279260635515,0.1502134092152118,0.014378658298064513,0.130972072482109,0.1848689913749694,0.14771668612957,0.0030066594481468617,0.6478446274995804,0.0826314333953237,0.4619299173355102,0.7766634821891785,0.6530333757400513,0.028413861989974976,0.7153076231479645,0.057163384729213645,0.5727311372756958,0.7795993685722351,0.7290724813938141,0.011740058660507202,1395.875,624.5407187485857,441.0,2719.0,1247.0,282.0,16234.646250000002,9466.158442850428,3218.99,37120.0,15511.01,3724.0099999999993,0.05842848494648928,9.858933123138476e-05,0.0582295190542936,0.0585348466411232,0.0584546190220862,7.928232662379742e-05,0.06553099676966662,0.000427532764487216,0.0648794397711753,0.0660139545798301,0.06572326272726056,0.00023331493139263498,0.05295033985748884,0.00024312405686945603,0.0525978542864322,0.0534405522048473,0.0529336873441934,0.00015840493142600318
1.0,qlstm_linear_enhanced_paper,original_2,mackey_1000,0.001,6.0,32.0,8.0,140.0,64.0,1277.0,0.030156731605529747,0.001393786347100544,0.0281751248985528,0.0324089415371418,0.0296529214829206,0.0009391512721776997,0.0331067231794198,0.0030487256195017415,0.0302483420819044,0.0407355017960071,0.0321029983460903,0.001400308683514602,0.13903836409250891,0.0038631157635752246,0.1306940913200378,0.1439597606658935,0.1388335525989532,0.0025415867567061823,0.14951929781172008,0.006855529114086235,0.1414223462343216,0.1661930829286575,0.1476078331470489,0.003183946013450595,0.6530144082175361,0.021177855253193854,0.6136241555213928,0.6843127608299255,0.6585384011268616,0.012250721454620361,0.7193456490834554,0.036789621224439434,0.6251906156539917,0.7546312808990479,0.7343540191650391,0.012400567531585693,1087.5555555555557,236.9388627713023,777.0,1495.0,1062.0,217.0,11055.108888888888,4543.63929257018,6183.29,18113.58,10488.16,3913.8,0.05845904826290073,5.697197969548381e-05,0.0583534687757492,0.0585450921207666,0.0584738967008888,3.18675301968982e-05,0.06566177474127873,0.0002277829688174439,0.0652937963604927,0.0659897029399871,0.0656663551926612,0.00018888711929329616,0.05288739047116698,0.00027824904928850015,0.0526496693491935,0.0536375641822814,0.0528353713452816,6.311759352679858e-05
1.0,qlstm_linear_enhanced_paper,original_2,mackey_1000,0.001,6.0,8.0,16.0,140.0,64.0,437.0,0.03130635735578829,0.0025824613733708055,0.0277038719505071,0.0361233204603195,0.03075486514717335,0.001390284858644,0.02293374342843886,0.007435981815026439,0.0184315033257007,0.0423852540552616,0.0203618416562676,0.0012522665783762984,0.14649908989667887,0.006033057833605413,0.1364933848381042,0.1570394784212112,0.1463561356067657,0.004065923392772702,0.12205893639475103,0.014485339203985656,0.1135620176792144,0.159581184387207,0.1159170195460319,0.002328779548406601,0.6504133567214012,0.03199010959548306,0.5962797999382019,0.6964841485023499,0.6550056338310242,0.020282715559005737,0.8063742965459824,0.0835096769199752,0.587253987789154,0.8530728816986084,0.834460437297821,0.011950522661209106,1062.5,237.98056643348002,551.0,1368.0,1143.5,95.5,22786.98,9331.611889719266,8394.0,36847.0,20279.06,7867.015,0.05862771713873366,0.00043152082161664187,0.0578778441995382,0.0590578382834792,0.05882963701151305,0.00014133844524619882,0.06347054895013565,0.0007700227054684825,0.0619274452328681,0.06439820677042,0.06374207511544225,0.0005015581846236974,0.05382132856175299,0.000263447603145225,0.0532870441675186,0.0541101433336734,0.0539041794836521,0.00017752498388284854
1.0,qlstm_linear_enhanced_paper,original_2,mackey_1000,0.001,6.0,16.0,16.0,140.0,64.0,717.0,0.029513341141864612,0.001497205927737098,0.0272111669182777,0.0317053906619548,0.0297514190897345,0.0008717598393559491,0.01900471001863475,0.00206738936160792,0.0162122063338756,0.0219060499221086,0.01936194952577345,0.002302397042512899,0.14182383567094803,0.003393496178914864,0.1366074979305267,0.1467055380344391,0.1415199190378189,0.003319300711154896,0.11414806917309758,0.0047697167889111745,0.1072307899594307,0.1209516376256942,0.11524530872702596,0.004024628549814245,0.676821269094944,0.019611501452407226,0.6454318165779114,0.7108567953109741,0.6735409498214722,0.012898772954940796,0.8513919189572334,0.019730003558387242,0.8228933215141296,0.8775916695594788,0.8492401838302612,0.021259844303131104,1196.5,224.8043593883357,848.0,1554.0,1185.5,147.5,26292.146249999998,7370.983167210358,16630.52,40155.61,24463.14,5772.825000000001,0.05879418842960141,0.0001040837772509742,0.0586768332868814,0.0590066332370042,0.058751823613420046,5.7652126997695397e-05,0.06375649664551011,0.0003440821753997013,0.0632317140698432,0.0643398612737655,0.0636984556913375,0.00018787384033199656,0.05384902935475106,0.00020633704660966712,0.0536049455404281,0.0541911944746971,0.053854802623391096,0.00019801780581474998
1.0,qlstm_linear_enhanced_paper,original_2,mackey_1000,0.001,6.0,32.0,16.0,140.0,64.0,1277.0,0.028300564736127798,0.0021751029367584845,0.0250645298510789,0.0326592475175857,0.0286336038261652,0.0015341285616159023,0.021292523998353168,0.001655699902450586,0.0190709307789802,0.0238709785044193,0.0208732895553112,0.0015566274523735012,0.1407457027170393,0.007182939581012833,0.1272090226411819,0.1513926088809967,0.141229510307312,0.005060046911239624,0.11898556351661677,0.0040872316290472685,0.110367327928543,0.1248874068260192,0.1201054826378822,0.0017101243138313016,0.6857895188861423,0.031625440328846746,0.6284635663032532,0.7411831021308899,0.6806614995002747,0.023469269275665283,0.826552238729265,0.01547922778921226,0.8073197603225708,0.8523334860801697,0.8254546523094177,0.012108862400054932,1063.2222222222222,149.48116029771316,762.0,1342.0,1063.0,47.0,19789.35111111111,5398.741389559534,14993.18,29143.34,18077.97,2950.8500000000004,0.05786112897718941,0.002959844300200161,0.0494971699081361,0.059158734511584,0.0588663099333643,3.3294316381299316e-05,0.06230718973610131,0.005187774211053421,0.0476587563753128,0.0646045506000518,0.0640019327402114,0.00032235682010650635,0.05253084003925319,0.0029608277951594865,0.0441757179796695,0.0538652352988719,0.0535752736032009,0.0002195946872234969
1.0,qlstm_linear_enhanced_paper,original_3,mackey_1000,0.001,6.0,8.0,4.0,140.0,64.0,509.0,0.05173920281231398,0.0014320503082767481,0.0479644685983657,0.0525318346917629,0.0522217415273189,0.00012193806469439766,0.06508930819109077,0.0053333142988000294,0.0509798489511013,0.0672243386507034,0.0670629553496837,7.092207670214568e-05,0.19215889088809487,0.005788334479138772,0.1768487393856048,0.1944991946220398,0.19432354718446726,0.00015297532081608167,0.2094087433069944,0.009464746891197199,0.1843719184398651,0.2132215052843094,0.21298599988222117,0.00015661120414729723,0.024638820439577117,0.20963941784317155,-0.2062733322381973,0.3305445611476898,-0.018095165491104147,0.1618735119700431,0.2358500426635146,0.12672354863864313,0.0778374746441841,0.5082868933677673,0.1861842349171638,0.07753535732626915,522.625,293.8281544968079,408.0,1300.0,413.0,2.0,4017.3675000000003,3126.7725413185635,2058.32,11973.65,2959.02,885.54,0.05628296289715858,0.005457647207977524,0.0515021521132439,0.0655393389364083,0.0539319367251462,0.0020303823661783522,0.06734022498130793,0.00020475017064572334,0.0670888200402259,0.0678091272711753,0.06729314476251594,7.367134094234118e-05,0.05296799819916481,0.0008869667906383241,0.0518616624176502,0.0546109937131404,0.052702203392982455,0.0006894674152136022
1.0,qlstm_linear_enhanced_paper,original_3,mackey_1000,0.001,6.0,16.0,4.0,140.0,64.0,789.0,0.05248944507911796,0.00011724113114998968,0.0523229204118251,0.0526947751641273,0.0524651668965816,5.375035107135079e-05,0.06694389227777714,8.053566005684276e-05,0.0667818486690521,0.0670501366257667,0.06695545092225069,5.775690078733964e-05,0.19457304105162615,9.566153242187244e-05,0.1943656802177429,0.1946940720081329,0.1945683062076568,4.282593727109041e-05,0.21277752146124834,0.00023659589205992114,0.2124862670898437,0.2132650464773178,0.2127653360366821,0.0001713037490844449,-0.17149732448160643,0.022749230343816245,-0.1996682435274124,-0.12482850253582,-0.18105357885360715,0.012151345610618591,0.1717312503606081,0.018876453626825666,0.1450222283601761,0.2090732455253601,0.1641665771603584,0.011280432343482999,407.25,1.6393596310755,404.0,409.0,407.0,1.5,3192.21,880.378589741368,2023.02,3954.24,3772.085,175.20499999999993,0.05636512775567498,0.005475397009372825,0.0514620645456792,0.0657074124448829,0.054159783292561756,0.0020697472435940063,0.06730096414685244,0.00022752030258965864,0.0670461282134056,0.0677639618515968,0.06728080287575719,0.00015632808208464882,0.05305019812658425,0.0011389685810210249,0.051577690988779,0.0548415631055831,0.052796421572566,0.00112448632717135
1.0,qlstm_linear_enhanced_paper,original_3,mackey_1000,0.001,6.0,32.0,4.0,140.0,64.0,1349.0,0.05228612696131068,0.0002454231151927702,0.0517001114785671,0.0525863729417324,0.0523640103638172,0.00010005384683609703,0.06698931256930031,0.00011471840650106715,0.066809743642807,0.0671627894043922,0.0669900625944137,5.060434341429276e-05,0.19432813922564185,0.0003212342400423482,0.1935310959815979,0.1946334838867187,0.1944046020507812,0.0001198351383208951,0.2128634502490361,0.0003203721237303026,0.2122438699007034,0.2135462164878845,0.2128257751464843,0.00012542307376858797,-0.06736588022775117,0.20097833652388353,-0.1919097304344177,0.4770253598690033,-0.1296010613441467,0.06201806664466861,0.2371922549274232,0.11094546163301065,0.1560399085283279,0.524924099445343,0.2079770863056183,0.05158874392509469,404.77777777777777,1.6850834320114558,402.0,407.0,405.0,1.0,2664.8144444444447,851.4973662138574,2037.85,3933.55,2069.1,3.9400000000000546,0.05639516744607434,0.005185064675419479,0.0514944056048989,0.0664343850480185,0.0554853905406263,0.003224039605508301,0.06744753155443399,0.0002716538033302209,0.0669582784175872,0.0679826587438583,0.0674670562148094,0.00017485767602920532,0.053047419422202584,0.0011632358059758285,0.0514396019279956,0.0547903962433338,0.0532011315226554,0.0009967945516110022
1.0,qlstm_linear_enhanced_paper,original_3,mackey_1000,0.001,6.0,8.0,8.0,140.0,64.0,509.0,0.03142108954489226,0.0024388038190147235,0.0278847701847553,0.0342179723083972,0.0323380138725042,0.0016197934746742006,0.032105778576806146,0.0010370359136206238,0.0306311883032321,0.0339899063110351,0.031789593398571,0.0006615472957491996,0.14198079146444792,0.004592472476228847,0.1350831985473632,0.1481386870145797,0.14320562779903406,0.003780551254749298,0.14687837846577162,0.002333565315088876,0.1435707360506057,0.1512559503316879,0.14698826521635056,0.0016236081719398499,0.6380888745188713,0.03134112940731076,0.6026439070701599,0.6836674809455872,0.6270439922809601,0.02204728126525879,0.7344142571091652,0.01159587191789642,0.7093471884727478,0.7505260109901428,0.7385271489620209,0.004133880138397217,1220.75,284.98410043369086,899.0,1910.0,1109.5,79.5,17492.20625,7376.986030100535,8579.32,33650.64,17523.655,4086.2299999999996,0.058463479217607486,2.7786336755806578e-05,0.058417160063982,0.0584966279566288,0.0584697183221578,1.6249716281901277e-05,0.06561867892742153,0.00012578051517400738,0.0654321759939193,0.0658787786960601,0.0655953027307987,5.031004548074203e-05,0.05296222260221835,0.00011736670019669543,0.0527943298220634,0.0531116910278797,0.052943754941224996,0.00012679956853390087
1.0,qlstm_linear_enhanced_paper,original_3,mackey_1000,0.001,6.0,16.0,8.0,140.0,64.0,789.0,0.02972180140204725,0.001965327054526305,0.0266911070793867,0.0328951589763164,0.02949678897857665,0.0012613590806722502,0.03227905696257945,0.0010329931636233246,0.0310715120285749,0.0336811579763889,0.03212950006127355,0.001041572540998497,0.13805666565895075,0.0037658584117343905,0.1317146569490432,0.1435113698244094,0.13771144300699228,0.0020238757133483887,0.14686056599020952,0.0027592591244313637,0.1429093182086944,0.1506630331277847,0.14626374095678324,0.002201437950134305,0.6614078655838966,0.02374101670386893,0.6287210583686829,0.7017673850059509,0.6604238748550415,0.019540369510650635,0.7295609042048454,0.012593980282184588,0.7108421921730042,0.7479098439216614,0.7289842665195465,0.011504292488098145,1152.875,141.96076702737275,952.0,1343.0,1179.5,154.5,16539.765,4984.38926726234,8744.7,23238.49,17466.585,4346.8,0.058408008248079527,9.903630226505499e-05,0.058192303404212,0.0584951592609286,0.0584442329127341,3.297068178654758e-05,0.06553831696510312,0.00028888318799801476,0.0649244338274002,0.0658099427819252,0.0656309239566326,0.00017675384879110162,0.052914367523044306,0.00023917753808808923,0.052564725279808,0.0533905290067195,0.05289688520133495,0.0001513492316006955
1.0,qlstm_linear_enhanced_paper,original_3,mackey_1000,0.001,6.0,32.0,8.0,140.0,64.0,1349.0,0.03107527519265807,0.0025485597166108502,0.0278679635375738,0.0364564917981624,0.0311036892235279,0.0013053007423876953,0.03238020506170059,0.0012582030668227345,0.0298233069479465,0.0341514982283115,0.0323912687599659,0.0005553662776947021,0.1407717598809136,0.005064325657746315,0.1333445310592651,0.1513536423444748,0.1403615921735763,0.003427088260650607,0.14734183748563132,0.0033379769825521866,0.1413663476705551,0.1530328840017318,0.1482352763414383,0.002045750617980985,0.6410019463962979,0.0367575316256805,0.559681236743927,0.6859630346298218,0.6364240050315857,0.01087343692779541,0.7294154034720527,0.016782238749237222,0.7030941247940063,0.7583776116371155,0.732938826084137,0.01413428783416748,1020.4444444444445,209.38487216453345,816.0,1556.0,996.0,114.0,13738.33111111111,6272.830686422278,7731.67,26466.4,9483.32,1751.6499999999996,0.058465933220254,6.811805694440777e-05,0.0583153679035604,0.0585736064240336,0.0584671776741743,1.8624123185796704e-05,0.0656852829787466,0.00018571033204928917,0.0653339251875877,0.0659539848566055,0.0657229349017143,0.0001760721206665039,0.052859831187460106,0.00016458187280913209,0.0525614023208618,0.0531354993581771,0.0528753846883773,9.569153189659813e-05
1.0,qlstm_linear_enhanced_paper,original_3,mackey_1000,0.001,6.0,8.0,16.0,140.0,64.0,509.0,0.0298786021303385,0.0015181793336150183,0.0281605161726474,0.0333236418664455,0.029635887593030902,0.0007863100618124026,0.01922736293636259,0.0016779827706118998,0.0167929846793413,0.0215859171003103,0.0190501799806952,0.0018247915431857508,0.1442353930324316,0.0035814885503369187,0.1372569054365158,0.1478615701198578,0.14545414596796036,0.002259813249111134,0.11503156460821623,0.004961376465378514,0.1091942191123962,0.123266763985157,0.11423728615045539,0.004804212599992752,0.670681893825531,0.02003374197504508,0.6306893825531006,0.7026692032814026,0.6668982207775116,0.010106682777404785,0.8463147357106209,0.015288926249248292,0.8262543082237244,0.8708353042602539,0.8482307195663452,0.01649889349937439,1053.75,262.4232030518643,660.0,1391.0,1035.5,242.5,28957.915,12971.646276004252,15688.65,49850.9,22874.98,6405.015,0.05640792555641379,0.006456846816425094,0.0393263730220496,0.0590126779861748,0.0587893927004188,4.2037107050401507e-05,0.06136977160349481,0.006730874736908247,0.0435784123837947,0.0644279643893241,0.06386693567037574,0.00030120834708215194,0.05081266257911918,0.007825259742178422,0.0301132574677467,0.0540254637598991,0.05376771464943885,8.872896432874852e-05
1.0,qlstm_linear_enhanced_paper,original_3,mackey_1000,0.001,6.0,16.0,16.0,140.0,64.0,789.0,0.028077309252694214,0.0019057148707920298,0.0254109259694814,0.0316040776669979,0.0278190467506647,0.0011857897043227993,0.020124854287132586,0.002052474849938107,0.016148192808032,0.0225118231028318,0.020251306705176803,0.0016792835667728996,0.14079086855053896,0.006791846470340001,0.1301500499248504,0.1522294282913208,0.1394087895750999,0.0061221867799758495,0.1145047545433044,0.005134884970252941,0.1049356386065483,0.1216676905751228,0.11432810872793195,0.0030911862850189487,0.6898536309599876,0.02397296687454587,0.6483408212661743,0.7182646989822388,0.6935292482376099,0.019930094480514526,0.8410803005099297,0.0175652801250862,0.8190041184425354,0.8725700378417969,0.8386132121086121,0.012968778610229492,1278.375,307.5637891153638,832.0,1819.0,1239.0,233.0,32974.475,8121.296863397188,23368.19,49582.07,31793.395000000004,5582.7099999999955,0.056157707644160774,0.006165747990073123,0.0399105628021061,0.059073703829199,0.05852907593362025,0.0004207289312034984,0.06086202524602409,0.006353876472852449,0.0443547256290912,0.0643932148814201,0.0633606538176536,0.0008709430694580009,0.050819377182051484,0.007918169252130748,0.0298891570419073,0.0543362647294998,0.0536964107304811,0.0003937855362892012
1.0,qlstm_linear_enhanced_paper,original_3,mackey_1000,0.001,6.0,32.0,16.0,140.0,64.0,1349.0,0.028618588671088168,0.0012745202584849144,0.0267706420272588,0.0307712592184543,0.028873210772871902,0.0013550613075494992,0.018485802970826578,0.0015856225840053919,0.0160513091832399,0.0212160348892211,0.018688375130295698,0.0013416530564427497,0.13953886479139324,0.00438227602556084,0.1315034329891204,0.144623577594757,0.14110904186964035,0.0031219124794006486,0.1119705848395824,0.004434471252867712,0.1018669679760932,0.1174235120415687,0.11326653137803075,0.003480590879917103,0.6889840364456177,0.019574307458492493,0.6523118615150452,0.7108655571937561,0.6985796093940735,0.01032981276512146,0.8551925122737885,0.015529565059616649,0.8286660313606262,0.8814264535903931,0.8546383082866669,0.011487066745758057,1129.7,169.14966745459478,973.0,1497.0,1057.5,80.5,30059.045000000002,9315.916954013974,19236.23,45969.28,30057.870000000003,8403.125000000002,0.058808771613985254,0.0002640513267029879,0.0581458914093673,0.0591453886590898,0.05886274622753255,0.000133341178298,0.0638933345675468,0.00048514454773993177,0.0625234618782997,0.0642666667699813,0.0640437453985214,0.0001618750393390031,0.05374378785490985,0.00024512986347871184,0.0534394048154354,0.0543126761913299,0.0536684468388557,0.0001704990863800014
