Version,Model,Ansatz,Data,Learning Rate,Number Qubits,Hidden Size,Sequence Length,Prediction Step,Batch Size,Num Parameters,MSE Testing Mean,MSE Testing Std,MSE Testing Min,MSE Testing Max,MSE Testing Median,MSE Testing Mad,MSE Validation Mean,MSE Validation Std,MSE Validation Min,MSE Validation Max,MSE Validation Median,MSE Validation Mad,MAE Testing Mean,MAE Testing Std,MAE Testing Min,MAE Testing Max,MAE Testing Median,MAE Testing Mad,MAE Validation Mean,MAE Validation Std,MAE Validation Min,MAE Validation Max,MAE Validation Median,MAE Validation Mad,Correlation Testing Mean,Correlation Testing Std,Correlation Testing Min,Correlation Testing Max,Correlation Testing Median,Correlation Testing Mad,Correlation Validation Mean,Correlation Validation Std,Correlation Validation Min,Correlation Validation Max,Correlation Validation Median,Correlation Validation Mad,Epochs to Convergance Mean,Epochs to Convergance Std,Epochs to Convergance Min,Epochs to Convergance Max,Epochs to Convergance Median,Epochs to Convergance Mad,Total Training Time Mean,Total Training Time Std,Total Training Time Min,Total Training Time Max,Total Training Time Median,Total Training Time Mad,Training Loss after 100 epochs Mean,Training Loss after 100 epochs Std,Training Loss after 100 epochs Min,Training Loss after 100 epochs Max,Training Loss after 100 epochs Median,Training Loss after 100 epochs Mad,Validation Loss after 100 epochs Mean,Validation Loss after 100 epochs Std,Validation Loss after 100 epochs Min,Validation Loss after 100 epochs Max,Validation Loss after 100 epochs Median,Validation Loss after 100 epochs Mad,Testing Loss after 100 epochs Mean,Testing Loss after 100 epochs Std,Testing Loss after 100 epochs Min,Testing Loss after 100 epochs Max,Testing Loss after 100 epochs Median,Testing Loss after 100 epochs Mad
1.0,qrnn_paper,paper_no_reset,henon_1000,0.001,4.0,2.0,4.0,1.0,64.0,22.0,0.009305271436460271,0.004349492682050043,0.0033667644020169,0.0169493872672319,0.00927952071651815,0.00394913437776265,0.008381331758573602,0.0038231927817986944,0.0031344532035291,0.0155067313462495,0.0085298414342105,0.0033660274930298498,0.07138254567980763,0.017338469606607544,0.0461607314646244,0.1038940846920013,0.07089187204837795,0.013541651889681802,0.0685517363250255,0.016273437946588865,0.0457516908645629,0.1003500968217849,0.06869501620531075,0.013267979025840794,0.9399908900260925,0.028848343430745067,0.8884504437446594,0.9788827896118164,0.9406096339225769,0.02585741877555847,0.9458910167217255,0.025480968539408604,0.8978751301765442,0.9805455803871156,0.9451605677604675,0.022481352090835516,3280.9,2480.6400565176723,1574.0,10191.0,2158.0,231.0,1160.0520000000001,857.0317877861941,565.94,3544.71,786.91,110.79999999999995,0.051528936978429515,0.015428406616750504,0.0289131101220846,0.0694441720843315,0.0555073773488402,0.013756677508354194,0.05078187957406042,0.015598315094283019,0.0281526483595371,0.0693212822079658,0.05449355021119115,0.014570266008377047,0.05161061808466907,0.0156443242722185,0.0287518613040447,0.0710960924625396,0.0550104472786188,0.014736063778400449
1.0,qrnn_paper,paper_no_reset,henon_1000,0.001,5.0,2.0,4.0,1.0,64.0,28.0,0.00457309493795032,0.0024736086212439968,0.0026447449345141,0.0100042261183261,0.0036884340224787,0.0006932687247172002,0.0042774226516484794,0.0022944775973425544,0.0022844022605568,0.0095461821183562,0.00347768014762545,0.0007242494029924,0.04911192357540124,0.012056934301377723,0.0384539775550365,0.07879438996315,0.04579300992190835,0.0044549535959958995,0.04794167242944236,0.011736583636675664,0.0365934558212757,0.0770610868930816,0.0447082761675119,0.004853077232837701,0.9710508525371552,0.016017465548154725,0.9357634782791138,0.9834299087524414,0.9768399596214294,0.004410803318023682,0.9728751957416535,0.01499967575556065,0.9382983446121216,0.985710620880127,0.9782389998435974,0.004565596580505371,3800.0,1459.1928590834043,1530.0,6503.0,3785.5,1102.5,1688.17,647.1105534605351,681.66,2869.71,1694.25,522.235,0.03881363710388537,0.008582035788860241,0.026279124431312,0.0579628899693489,0.0389606466516852,0.004999523796141148,0.03805218376219268,0.008690465212042411,0.025545161217451,0.058137372136116,0.0377958565950393,0.004870284348726252,0.03925655446946615,0.008354143629468883,0.0270922649651765,0.0575934574007988,0.03962182812392705,0.004621000960469246
1.0,qrnn_paper,paper_no_reset,henon_1000,0.001,5.0,3.0,4.0,1.0,64.0,26.0,0.0057724594138562,0.00339453872777852,0.0023058545775711,0.0120166139677166,0.00423976301681245,0.0015168356476351506,0.005368354450911231,0.0032665710820825845,0.0020570151973515,0.0113722141832113,0.0039261271012946,0.0015105936909094002,0.05576745606958862,0.016933749934659712,0.0363938622176647,0.0859201550483703,0.04941853322088715,0.010389294475317001,0.053939918056130354,0.016529519669468168,0.0342674069106578,0.0823748409748077,0.04787972941994665,0.010280830785632099,0.9632363557815552,0.022127828032338204,0.9223729968070984,0.9856024980545044,0.9733131527900696,0.009634733200073242,0.9657791733741761,0.021407219802185927,0.9266337156295776,0.987134039402008,0.9753732085227966,0.00965473055839533,3601.5,1365.5809203412298,898.0,5457.0,3794.5,1113.0,1479.5190000000002,550.4532691055617,372.1,2183.74,1550.78,437.875,0.046019022483378615,0.01537090740626374,0.0278640568256378,0.0726034604012966,0.04206821061670775,0.01160516561940315,0.04526712223887437,0.015185893259720052,0.0265240501612424,0.0728756040334701,0.0404530297964811,0.01202942710369825,0.04667086843401189,0.015552844508445905,0.0274436566978693,0.0746894553303718,0.041645748540759045,0.011812407523393648
1.0,qrnn_paper,paper_no_reset,henon_1000,0.001,6.0,2.0,4.0,1.0,64.0,34.0,0.0027713581366696875,0.0011047622982607703,0.0017468384467065,0.0054078721441328,0.00233712221961465,0.0005526589811779499,0.0026233133976347376,0.0010916572880131693,0.0016571987653151,0.005273500457406,0.00219338375609365,0.00050269393250345,0.03758091572672123,0.006706282187803472,0.0294144265353679,0.0516333356499671,0.035109383985400144,0.004573903977870943,0.03719734633341429,0.006581070102218458,0.0298249516636133,0.051732812076807,0.035129079595208154,0.004539142362773399,0.9826231524348259,0.0070188444592457514,0.9658536314964294,0.9891039729118348,0.9853766858577728,0.003491967916488703,0.9835922569036484,0.00702248119702447,0.9664461016654968,0.989647626876831,0.9863598942756653,0.0031186640262604315,3539.75,742.9070853747459,2719.0,5166.0,3385.5,412.5,2076.11,425.6034220374644,1608.06,3011.36,1984.405,229.34000000000003,0.026244899566518078,0.012347228766232725,0.0105225834529846,0.0476879943162202,0.021582407411187852,0.004224612144753351,0.025962979998439512,0.012303309648371365,0.010924894362688,0.046317271888256,0.0210911156609654,0.0041325194761157,0.026857638615183487,0.012586241984580868,0.0116067612543702,0.0478520579636096,0.02128961775451895,0.0037013478577136993
1.0,qrnn_paper,paper_no_reset,henon_1000,0.001,6.0,3.0,4.0,1.0,64.0,32.0,0.0033731341568959336,0.001016533913065233,0.0017824652604758,0.0052807494066655,0.0033101080916821,0.0006078896112739996,0.0032616780760387105,0.0009663687537872805,0.0018547542858868,0.0048821461386978,0.0030622098129242,0.0005779622588306999,0.044284842080540066,0.008028124438523809,0.0322185754776001,0.0582586117088794,0.0446995981037616,0.006957221776246997,0.04388892195290985,0.007505221188914229,0.033935934305191,0.0555830784142017,0.0430699922144413,0.005673572421073997,0.9788119726710849,0.006461108907130373,0.9666359424591064,0.9888609647750854,0.9792165160179138,0.0038486123085021973,0.9795325265990363,0.006141152527979993,0.9691253304481506,0.988536536693573,0.9807034730911256,0.003281116485595814,3255.3333333333335,1214.0917959070841,2208.0,6388.0,3008.0,598.0,2531.658888888889,865.8007500246289,1254.48,3793.48,2451.72,839.3900000000003,0.03878354853433034,0.01349828248908631,0.0199338677339255,0.0562397208064794,0.0372449152171611,0.013617131114005997,0.03923950944509766,0.013915987722388692,0.0207618940621614,0.0578430406749248,0.0389317795634269,0.014547236263751998,0.0394228843765126,0.013273824641261816,0.0204981844872236,0.0567433089017868,0.0389364659786224,0.013559587299823803
1.0,qrnn_paper,paper_no_reset,henon_1000,0.001,6.0,4.0,4.0,1.0,64.0,30.0,0.004834244765030782,0.0025872433971946027,0.0023570461198687,0.0095864934846758,0.00341946433763945,0.0006393528310582,0.004569921060465217,0.002623393043325835,0.0021192769054323,0.0094781750813126,0.0030932454392313498,0.0005407145945355498,0.05221560286978876,0.014843421928441215,0.0362515486776828,0.0798397809267044,0.045332426205277346,0.005659235641360245,0.05083964330454661,0.014859513211625801,0.0346294902265071,0.0790988430380821,0.04453824460506435,0.006446199491620102,0.9693873723347982,0.016735500052363402,0.9385356903076172,0.9852486252784728,0.9785678386688232,0.004058659076690563,0.9709624151388804,0.017146898296722526,0.9388060569763184,0.9868255853652954,0.9805687367916107,0.003612011671066284,4643.5,1454.296364798684,1515.0,5792.0,5026.0,508.0,2415.3566666666666,749.1770799498755,821.09,3077.48,2601.49,262.095,0.037129462634523665,0.010311936517152145,0.025218210183084,0.0524664480239152,0.037409197911620104,0.009774528909474601,0.036329442945619385,0.009626292473555984,0.0244533959776163,0.0508528761565685,0.0370193645358085,0.00863704830408095,0.03706133676071957,0.009420927903454663,0.0256747584789991,0.0509185008704662,0.03747245296835895,0.0089206425473094
1.0,qrnn_paper,paper_no_reset,henon_1000,0.001,7.0,3.0,4.0,1.0,64.0,38.0,0.0017916734679601504,0.0006052030400533202,0.0010767937637865,0.0030937884002923,0.0016408858355134001,0.0003482966567389499,0.00169780531432475,0.0005662532352987148,0.0009777437662705,0.0029275957494974,0.00158959953114385,0.0002946784370579,0.030495075322687575,0.004939247275556825,0.0248406119644641,0.0405931025743484,0.0295255091041326,0.00242791324853895,0.029966151155531362,0.004336344457562072,0.0244962349534034,0.0381691791117191,0.029322925955057103,0.002104448154568653,0.9888299226760864,0.003812684836249072,0.980599284172058,0.9932968616485596,0.9898000061511993,0.0021797418594360907,0.9894515872001648,0.0035971996028709955,0.9816338419914246,0.993976593017578,0.9901891052722931,0.0019148290157318115,4292.7,1901.7473570377324,2281.0,8679.0,4031.5,1332.0,3070.923,1329.5173137424727,1645.9,6008.35,2888.41,985.2349999999999,0.025082283560186568,0.007246951193603098,0.0141490743495523,0.0348164640367031,0.0252229857258498,0.00748365581966935,0.025007367599755477,0.007571138381949587,0.0139338048174977,0.0363278277218341,0.0251105828210711,0.0075517008081078495,0.026077902410179328,0.007320800559789819,0.0152007909491658,0.0368813499808311,0.0255244057625532,0.0066678710281849515
1.0,qrnn_paper,paper_no_reset,henon_1000,0.001,7.0,4.0,4.0,1.0,64.0,36.0,0.0027153611881658,0.0007954107859457299,0.0018244128441438,0.0045750462450087,0.002636382705532,0.0005236389115453001,0.00259014761541033,0.0007295965839158501,0.0017007261049002,0.0042256321758031,0.00252714392263435,0.00055044435430315,0.03841758035123344,0.005526975256984094,0.0309561192989349,0.0497081764042377,0.03782767988741395,0.0044416133314371005,0.03830108102411026,0.00553247608752499,0.030747452750802,0.0486738681793212,0.0377644822001457,0.0049810688942670475,0.9830074369907379,0.005046501579232439,0.9711808562278748,0.988614022731781,0.9835087060928346,0.003321528434753307,0.983788937330246,0.004671563955603819,0.9733125567436218,0.9895031452178956,0.9840788245201111,0.0036177933216095526,4282.3,2203.3834913605033,1924.0,8763.0,3486.0,1462.5,2942.2259999999997,1517.9398798582242,1301.53,6002.75,2390.6049999999996,1009.8499999999996,0.028655535001307686,0.009232542339529776,0.0137292180210351,0.0454776655882597,0.02998298741877075,0.005107703898102051,0.027976167481392582,0.008929415126784896,0.0134177710860967,0.0447119437158107,0.028652441687881898,0.003696438856422901,0.029480851721018497,0.008989386955291188,0.0150225078687071,0.046867486089468,0.0305543895810842,0.004507947713136649
1.0,qrnn_paper,paper_no_reset,henon_1000,0.001,8.0,4.0,4.0,1.0,64.0,42.0,0.0018319178256205701,0.0007660447474619792,0.0007612917106598,0.0031090108677744,0.0017756695160641499,0.00065709132468325,0.0017823790665715499,0.0007266422470148495,0.0007761947344988,0.0029642542358487,0.0017410315922461001,0.0006437903502956001,0.03143289964646097,0.0063666784036859915,0.020757108926773,0.0409906506538391,0.031703932210803004,0.004387278109788903,0.031227345578372423,0.006326302742177855,0.020988130941987,0.0405595861375331,0.03211840521544215,0.005768660455942152,0.9885602235794068,0.004805672908080626,0.9805968999862672,0.9952587485313416,0.9889303147792816,0.004133462905883845,0.9889229238033295,0.004546365410226001,0.981454074382782,0.995128095149994,0.989212989807129,0.003975450992584173,4520.7,2315.9166241469056,1721.0,9218.0,3735.0,848.5,4123.567,2040.042034748549,1585.81,8114.58,3490.13,855.7800000000002,0.033015587003901566,0.01391846712767399,0.0154995034448802,0.0627310328185558,0.03141869157552715,0.010897561348974703,0.032564047072082734,0.013734912420397986,0.0156154753640294,0.0616184510290622,0.0299924574792385,0.0095078479498625,0.03341630883514876,0.013411065268087344,0.0167770069092512,0.0617332495748996,0.03185064066201445,0.0106093902140856
1.0,qrnn_paper,paper_no_reset,henon_1000,0.001,4.0,2.0,8.0,1.0,64.0,22.0,0.031013906747102714,0.004575317678375984,0.0252284500747919,0.0417251959443092,0.0294985175132751,0.0014801695942878515,0.028189647756516868,0.004278449631409397,0.0236577056348323,0.0366681404411792,0.02640876546502105,0.001394483260810351,0.13694894909858701,0.009545337465073897,0.1236227601766586,0.1564409285783767,0.13463625311851501,0.005327038466930403,0.13071593642234797,0.010044529017326897,0.1216580718755722,0.1500634104013443,0.1270993500947952,0.004586640745401403,0.7833085060119629,0.03749928932265323,0.6938663721084595,0.8285084962844849,0.7964679300785065,0.011143863201141357,0.8035618305206299,0.034190162761789565,0.7351176738739014,0.8391034007072449,0.8180704414844513,0.010506272315979004,2008.5,1315.910274296846,727.0,4420.0,1418.0,492.0,1331.2559999999999,860.3264020149561,479.97,2888.82,966.45,348.785,0.0739506653323769,0.016286032335743897,0.0458624303340911,0.097089659422636,0.0766319811344146,0.014087081328034441,0.07315134629607198,0.016339154366458466,0.0436443015933036,0.0966403484344482,0.07559532299637794,0.013750631362199756,0.07569858618080612,0.01688574587541881,0.0477390848100185,0.1051773205399513,0.07811914384365075,0.01270686835050585
1.0,qrnn_paper,paper_no_reset,henon_1000,0.001,5.0,2.0,8.0,1.0,64.0,28.0,0.01966588180512186,0.005540025449488675,0.0114971129223704,0.0281865652650594,0.019395380280911853,0.0055186920799314525,0.01866520904004569,0.005553835888230585,0.0114813791587948,0.0271563362330198,0.01768885552883145,0.0047764168120921005,0.10912631079554554,0.01619037204872883,0.0838735699653625,0.1309430748224258,0.10993784666061396,0.016237795352935798,0.10660755932331081,0.01575107371945574,0.0874674469232559,0.1307245045900344,0.1047378964722156,0.016388718038797392,0.8686587512493134,0.03972927508911877,0.8062759041786194,0.9261157512664796,0.8713167905807495,0.038580745458602905,0.8744663953781128,0.040085603131365916,0.812300980091095,0.9255105257034302,0.8822344541549683,0.033261656761169434,3883.3,1670.4335395339738,954.0,5858.0,4467.0,787.0,3376.487,1431.0326331572596,823.52,5029.46,3895.2,672.595,0.05764597859233615,0.017231565825061964,0.0402254443615675,0.0909916490316391,0.05297721624374385,0.012226783484220502,0.05585510879755014,0.015303234028293401,0.0396897755563259,0.0853511914610862,0.0520858280360698,0.01065174862742425,0.05880561396479602,0.016208616798234987,0.0417564958333969,0.091809444129467,0.05512002483010285,0.01304528675973415
1.0,qrnn_paper,paper_no_reset,henon_1000,0.001,5.0,3.0,8.0,1.0,64.0,26.0,0.02203270439058537,0.0060591000507435495,0.0117298848927021,0.0323447659611702,0.02175946161150925,0.004755662754178051,0.020635858178138688,0.00631283545726854,0.010792794637382,0.032714195549488,0.02003033272922035,0.004579526837915199,0.11407277062535282,0.01697851252000258,0.0825668349862098,0.1393563449382782,0.11711018532514565,0.01538480445742605,0.11081336513161655,0.017566479742197234,0.080320194363594,0.141039490699768,0.11034185066819191,0.013772886246442809,0.851362669467926,0.04418102566518066,0.7742432951927185,0.9243030548095704,0.8545730710029602,0.03363111615180969,0.8599105715751648,0.04652818524013245,0.7681360840797424,0.9300456643104552,0.8654895424842834,0.032609373331069946,2087.8,777.1966031835188,860.0,3730.0,1827.0,379.5,1751.3990000000001,640.413678717905,751.46,3110.25,1524.18,356.95000000000005,0.060204484350979304,0.017629707801893636,0.045642589405179,0.1085798017680645,0.05422808974981305,0.005825516581535347,0.060064197331666916,0.017687307406048222,0.0456026680767536,0.1093721389770507,0.0552406888455152,0.005761614069342603,0.06260142177343365,0.02108794064289825,0.0441857501864433,0.1212996989488601,0.05586553923785685,0.00677627138793465
1.0,qrnn_paper,paper_no_reset,henon_1000,0.001,6.0,2.0,8.0,1.0,64.0,34.0,0.01993669476360076,0.007785104889382712,0.0128054004162549,0.0364095233380794,0.017641894519329,0.004271551035344602,0.018682477995753243,0.00750071818737271,0.0115299597382545,0.034590620547533,0.0171549171209335,0.004558025859296301,0.10673992867980683,0.019299547121725123,0.0885278731584549,0.1465816497802734,0.1046364828944206,0.013563103973865495,0.10307235164301733,0.019043904653523097,0.0832632705569267,0.1413509249687194,0.1020576879382133,0.013422772288322407,0.8654777322496686,0.05819432103883084,0.7400649189949036,0.9171428084373474,0.8835968971252441,0.029749929904937744,0.8734006796564374,0.05591161223510475,0.7526351809501648,0.924920380115509,0.8859758377075195,0.03170037269592285,2530.714285714286,1338.7137445308906,956.0,5299.0,2091.0,532.0,3013.8771428571426,1568.1763824329225,1166.55,6269.94,2500.88,635.0800000000002,0.04907971309231857,0.015397469726782251,0.0262395704165101,0.0810366064310073,0.044866294786334,0.005104069039225598,0.04822091651814319,0.015792894425545326,0.0259230285882949,0.0800176709890365,0.0421885326504707,0.010113548487424802,0.05060477501579689,0.016447759843195228,0.0264808647334575,0.0847903788089752,0.0468318611383438,0.005190789699554402
1.0,qrnn_paper,paper_no_reset,henon_1000,0.001,6.0,3.0,8.0,1.0,64.0,32.0,0.02452634088695044,0.010800644005805117,0.0164635349065065,0.0456414856016635,0.0194209963083267,0.0029574614018202,0.02214716337621208,0.01038326365317063,0.0146255996078252,0.0426035150885582,0.0180379375815391,0.0023276060819625993,0.12012456208467479,0.027045197428047296,0.1014730185270309,0.1729538738727569,0.1070166379213333,0.005543619394302396,0.11411886066198344,0.0274741627771982,0.0950780659914016,0.1680372655391693,0.099707007408142,0.004628941416740404,0.8296456217765809,0.08694787434877956,0.6588372588157654,0.8919655680656433,0.8717094659805298,0.020256102085113525,0.8460843920707702,0.08254772113416568,0.682904839515686,0.9037718772888184,0.8798618316650391,0.016271591186523438,2242.2,842.1252638414312,909.0,3479.0,2224.0,416.0,2506.88,934.345950084871,1043.25,3909.9,2459.31,452.5300000000002,0.05841502822935576,0.00511006223584574,0.0507019121199846,0.0659917473793029,0.0582814279943704,0.0028772909194230978,0.057780911028385104,0.005356320143003022,0.0497265234589576,0.0661641210317611,0.0569984726607799,0.0029565989971161027,0.06186155378818507,0.0067566394187867865,0.0500683076679706,0.0689646527171135,0.0623191259801387,0.005503159016370794
1.0,qrnn_paper,paper_no_reset,henon_1000,0.001,6.0,4.0,8.0,1.0,64.0,30.0,0.018500499220357968,0.005714539045757267,0.0086386753246188,0.0278691221028566,0.0181528963148593,0.0046914722770452,0.017041108570992912,0.005112510865797641,0.0078162997961044,0.0248311888426542,0.0171862859278917,0.004313111305236799,0.10660992066065468,0.018208883625272898,0.0714157298207283,0.1339403688907623,0.1075158417224884,0.015299715101718903,0.10207075708442259,0.017039687582823353,0.0687152668833732,0.1234268546104431,0.1015136316418647,0.016045756638049996,0.8767287532488505,0.04056749739096123,0.8086534142494202,0.94483482837677,0.8802163004875183,0.032328128814697266,0.8861475388209025,0.03609980985024877,0.829933226108551,0.9499216675758362,0.8857916593551636,0.031084954738616943,3039.0,1219.2936935419254,1409.0,5145.0,2890.0,1349.0,3152.648888888889,1256.115954470981,1480.22,5289.64,3002.54,1390.5699999999997,0.059955570681227525,0.020606766498233016,0.0360356682911515,0.1042414121329784,0.0588880870491266,0.015691920742392507,0.06008457144101457,0.022959299637437376,0.0354316160082817,0.1111491024494171,0.058021429926157,0.0177918262779712,0.06309641732109911,0.023010893661394666,0.0373940505087375,0.114051453769207,0.0597990229725837,0.0173447988927364
1.0,qrnn_paper,paper_no_reset,henon_1000,0.001,7.0,3.0,8.0,1.0,64.0,38.0,0.011202206938630967,0.003000267566206939,0.0060770278796553,0.0178804919123649,0.0111358696594834,0.0009294282644987002,0.010463591768509767,0.002323034166743064,0.0059924209490418,0.0150009104982018,0.0109426602721214,0.0003853514790535008,0.08167490404513143,0.010907191930484592,0.0609154142439365,0.1039948835968971,0.0821410119533538,0.003025896847248105,0.07948971870872704,0.009202817001695696,0.0621926560997962,0.0972482413053512,0.0801193565130233,0.002112343907356193,0.9277285933494568,0.02023927080999269,0.8822101950645447,0.9615074396133424,0.9283104538917542,0.006471693515777477,0.9320926268895467,0.015659157322196873,0.901108980178833,0.9617512226104736,0.9289472103118896,0.0026639699935911976,3200.1111111111113,958.4658394706087,2034.0,5276.0,2740.0,126.0,4643.635555555556,1333.7480086342405,3075.78,7326.13,4065.15,244.96000000000004,0.03993556621587933,0.00923411016169484,0.0270364264026284,0.0600991979241371,0.0387354712933301,0.004988317936658902,0.03939386891822015,0.009352995776639983,0.0261308457702398,0.0586403310298919,0.0353880301117897,0.0029737986624239973,0.04127504283355336,0.009016481537020463,0.0286648590117692,0.0598192103207111,0.039574459195137,0.005948886275291505
1.0,qrnn_paper,paper_no_reset,henon_1000,0.001,7.0,4.0,8.0,1.0,64.0,36.0,0.01355965044349428,0.0048436399849769865,0.0079379808157682,0.0245357565581798,0.012950189411640101,0.0033137993887066503,0.012873699935153079,0.004645933576161085,0.0070992284454405,0.0239908266812562,0.011942338198423351,0.0030290000140667014,0.0892476595938205,0.015482928609663918,0.0683030486106872,0.1196558400988578,0.0891743302345275,0.01206060871481899,0.08720250204205508,0.014813842619946647,0.0663161501288414,0.118510715663433,0.08513442054390905,0.0108363702893257,0.9115030646324158,0.03346120461166196,0.8343053460121155,0.9495174288749696,0.9162048697471619,0.02240061759948725,0.9152826309204102,0.032503762545969185,0.8363037109375,0.954563558101654,0.9222003817558289,0.02039465308189392,2904.5,1161.4835556304704,1525.0,5651.0,2547.5,649.0,4101.579,1639.2580466994816,2193.37,8008.23,3593.59,963.55,0.053787675537168934,0.010917235232341364,0.0377864755690097,0.0735620480030775,0.053033407032489696,0.006998385675251448,0.053508810698986,0.012575443396245075,0.036365870386362,0.0751474425196647,0.05222449637949465,0.009489381685853001,0.05478616654872888,0.01178661829959686,0.0371476523578166,0.0744113847613334,0.0524060390889644,0.008155366405844702
1.0,qrnn_paper,paper_no_reset,henon_1000,0.001,8.0,4.0,8.0,1.0,64.0,42.0,0.01089111985638733,0.0028615289176003515,0.005805118009448,0.0150390034541487,0.01117604132741685,0.0022940058261156004,0.01005811518989497,0.0024436079709863447,0.0061193890869617,0.0148561960086226,0.010238677728921099,0.0015914863906800487,0.08053468354046339,0.012142385590066708,0.0560605116188526,0.0956970676779747,0.0823757499456405,0.009356245398521396,0.07731521464884275,0.010528536788204883,0.0576143600046634,0.0939401686191558,0.07937409356236455,0.007102709263563149,0.9297938942909241,0.01906005803259833,0.9021562337875366,0.9633357524871826,0.9279677867889404,0.015375792980194092,0.9348554670810699,0.016453805702704726,0.9023541212081908,0.9611548781394958,0.9336271584033966,0.010935962200164795,3323.0,2160.0168517861152,1036.0,7480.0,2390.5,605.5,6063.822,3701.3905165405067,1972.3,13368.02,4565.245,1168.42,0.0456538536585867,0.012164373147885614,0.0271280894055962,0.075006154179573,0.044352292641997304,0.006567078828811652,0.046136627532541705,0.012135905421295402,0.0284882243722677,0.0736826732754707,0.04423142783343785,0.006925245746970201,0.04661754034459587,0.011152994564654174,0.031512189656496,0.0732935220003128,0.04523918032646175,0.0064062252640724494
1.0,qrnn_paper,paper_no_reset,henon_1000,0.001,4.0,2.0,16.0,1.0,64.0,22.0,0.04832539837807414,0.012044452760621376,0.0299922320991754,0.079315647482872,0.04756658524274825,0.004430890083312999,0.04753297865390772,0.010327667782956304,0.0337708927690982,0.075018361210823,0.0459908656775951,0.0037367567420006007,0.1755006745457649,0.024129432696206075,0.13554048538208,0.2367561012506485,0.17184236645698545,0.0086197629570961,0.17547453790903086,0.021615194053159023,0.1458812206983566,0.232318639755249,0.17378135025501246,0.007229581475257901,0.6169372484087944,0.15482798556919183,0.1831806749105453,0.7931817770004272,0.642872154712677,0.043251603841781616,0.6257062733173371,0.13014822212456367,0.2574551105499267,0.7611498236656189,0.6536030471324921,0.03510451316833496,1701.9,815.4799139157261,602.0,3538.0,1635.0,457.5,2309.248,1060.9364832241372,831.85,4690.57,2236.29,580.635,0.08475327230989929,0.02262300898203335,0.0614943467080593,0.1486490458250045,0.07887951508164401,0.006235417909920209,0.08508510887622828,0.019687534370457824,0.0598822906613349,0.1385504752397537,0.0817836187779903,0.0046118050813675,0.08742424249649043,0.02317259666906594,0.0627383813261985,0.1517345458269119,0.08137226477265355,0.0058238431811332425
1.0,qrnn_paper,paper_no_reset,henon_1000,0.001,5.0,2.0,16.0,1.0,64.0,28.0,0.04716509059071534,0.009962967644099055,0.0351657159626483,0.0705237537622451,0.04538598097860805,0.004355080425739247,0.0458061963319778,0.009276289289809002,0.0332425273954868,0.0667567700147628,0.04447871074080465,0.005135599523782803,0.17390273660421368,0.02013495705335867,0.1445686519145965,0.2188466042280197,0.17121676355600354,0.008653596043586745,0.17179050594568251,0.020153897227389906,0.1391248255968094,0.216199055314064,0.17101404070854184,0.011236213147640242,0.6378536850214005,0.10778236463247713,0.3690414130687713,0.7524954080581665,0.6637028753757477,0.03905019164085388,0.6484889477491379,0.09798488837134348,0.4124793112277984,0.766753613948822,0.6680843532085419,0.04670590162277222,1664.3,832.02428450136,502.0,3531.0,1520.0,506.5,3055.082,1484.3970017943311,977.43,6398.44,2812.845,846.4099999999999,0.07094063658267256,0.010759795800008333,0.0562075588852167,0.0926119230687618,0.0699424177408218,0.00841100811958315,0.07331055887043472,0.011677906750133964,0.0557679124176502,0.0971071869134903,0.0708786882460117,0.009045969694852853,0.07405830249190329,0.011677011307719774,0.0571635775268077,0.0994637012481689,0.07586047425866124,0.007520239800214795
1.0,qrnn_paper,paper_no_reset,henon_1000,0.001,5.0,3.0,16.0,1.0,64.0,26.0,0.04312835782766339,0.0048228003191074925,0.0347990654408931,0.0522639378905296,0.0425140000879764,0.0017170123755931993,0.04299830198287959,0.004412973425148113,0.0363166965544223,0.0532705783843994,0.04184082895517345,0.0013816189020871977,0.16683065146207804,0.008898510104686709,0.1516920030117035,0.1820763498544693,0.1637395769357681,0.003916375339031206,0.16601457893848418,0.008666400478019493,0.1553367525339126,0.1856454312801361,0.16388075798749918,0.002968229353427901,0.6816659688949585,0.044484463972424,0.5942981839179993,0.7551367878913879,0.6888000071048737,0.015395700931549072,0.6804819703102112,0.041485508616278435,0.5813591480255127,0.740014374256134,0.6920868754386902,0.012343078851699829,1560.5,580.9940189020882,730.0,2602.0,1385.0,507.0,2672.0630000000006,967.8142173170428,1266.43,4337.12,2405.2749999999996,839.6250000000001,0.07234555240720508,0.017467368128830006,0.0503644622862339,0.1090313203632831,0.07139461021870369,0.013745922595262548,0.07326578460633751,0.018524130970013996,0.0500327013432979,0.1154386773705482,0.07289073243737221,0.012256566435098593,0.07286789156496518,0.01844892511002584,0.0489769764244556,0.1155892089009285,0.07427247613668436,0.01023778319358825
1.0,qrnn_paper,paper_no_reset,henon_1000,0.001,6.0,2.0,16.0,1.0,64.0,34.0,0.044110069517046165,0.007187343428130364,0.0347726568579673,0.0559005849063396,0.043767599388957,0.006179371848702396,0.04247350385412571,0.005431810323061678,0.0343607552349567,0.0498489253222942,0.0428317245095968,0.004036782309412949,0.16709344834089276,0.015731224026002247,0.1461672186851501,0.1916876286268234,0.16581333428621292,0.01403941959142685,0.1644220948219299,0.012740855486857921,0.145970419049263,0.1842002123594284,0.16412480920553205,0.009994126856327043,0.6716998070478439,0.0669809904986355,0.5568690896034241,0.7559069991111755,0.6789291799068451,0.05975314974784851,0.6850660815834999,0.04885666518480328,0.6158813238143921,0.756277322769165,0.6831109821796417,0.036950767040252686,1438.5,1116.5024630514704,743.0,3856.0,815.5,64.5,3460.34375,2601.45329058556,1835.8,9056.05,2041.44,175.69500000000005,0.06840395871549841,0.010769532129695676,0.0532628428190946,0.0843070305883884,0.0660233901813626,0.007753095403313648,0.06972847832366819,0.011851085648181336,0.0522784814238548,0.0889220237731933,0.06882634386420244,0.008237099274992946,0.07312938850373026,0.01535949631578122,0.0512685813009738,0.1027933806180954,0.07187114283442494,0.010555639863014207
1.0,qrnn_paper,paper_no_reset,henon_1000,0.001,6.0,3.0,16.0,1.0,64.0,32.0,0.0422275453805923,0.008602127422772846,0.0321184881031513,0.0553854554891586,0.0379027463495731,0.0057842582464218,0.041994570940732924,0.008496335218484063,0.0311648026108741,0.0530179850757122,0.0390061028301715,0.007841300219297402,0.1633365601301193,0.018892019810016206,0.1419838070869445,0.1930134892463684,0.153880700469017,0.011896893382072504,0.16257874667644495,0.017408387262513585,0.1399351805448532,0.1849253922700882,0.1568629145622253,0.016927734017372076,0.6866902470588684,0.07980388796186487,0.5610213279724121,0.7761832475662231,0.7295935750007629,0.046589672565460205,0.6867358088493347,0.07753444395728569,0.5836116075515747,0.7821998000144958,0.7170103192329407,0.06518948078155518,1970.6,738.8083919393445,751.0,2763.0,1954.0,746.0,4450.610000000001,1591.5061330701808,1770.61,6086.92,4401.58,1645.42,0.07617068052291866,0.00802235480016989,0.0670636728405952,0.0898494906723499,0.0719408258795738,0.004877153038978607,0.07851219326257702,0.008386999105897252,0.0666303858160972,0.088885061442852,0.0773805752396583,0.009457901120185894,0.0772753879427909,0.0085295172084822,0.0690516605973243,0.0927260071039199,0.0728196650743484,0.0037680044770240922
1.0,qrnn_paper,paper_no_reset,henon_1000,0.001,6.0,4.0,16.0,1.0,64.0,30.0,0.0483721601111548,0.008502437387621003,0.0359165109694004,0.0589371435344219,0.0463968478143215,0.008880894631147405,0.04560209118894166,0.007407246583192929,0.0347277671098709,0.0542912557721138,0.0471718683838844,0.007119387388229398,0.17714671577726088,0.019067650711265653,0.150326132774353,0.2011099457740783,0.1708482801914215,0.02052214741706851,0.1717926774706159,0.018240223189896255,0.1463936120271682,0.1968230754137039,0.1720125675201416,0.01608742773532859,0.6290985005242484,0.08327636143863759,0.521286129951477,0.7462550401687622,0.6532984375953674,0.08940327167510986,0.6541319744927543,0.06968770190371865,0.5692809820175171,0.7533147931098938,0.6434617042541504,0.06647241115570068,1481.857142857143,428.98365888671884,869.0,2253.0,1421.0,300.0,3205.4471428571424,931.0920485677677,1857.48,4888.82,3105.28,718.0700000000002,0.08838020744068278,0.020318880063062178,0.0592253606766462,0.1256037846207618,0.087633566558361,0.015878422558307695,0.09048391027109962,0.020737480918352466,0.0605785772204399,0.1305555403232574,0.0886469781398773,0.009656406939029694,0.08533371027026852,0.017540432167815655,0.0614600628614425,0.1212976053357124,0.0861338153481483,0.010584644973278004
1.0,qrnn_paper,paper_no_reset,henon_1000,0.001,7.0,3.0,16.0,1.0,64.0,38.0,0.03458864670246835,0.00743506939499285,0.0224943757057189,0.0430445298552513,0.03570359386503695,0.006678821519017251,0.032344076596200415,0.007846341330722281,0.0213580224663019,0.0457138605415821,0.0312450630590319,0.007658549584448348,0.14688694626092907,0.017824117489105205,0.1202350556850433,0.1705324202775955,0.14733297377824778,0.015944801270961775,0.14123935177922245,0.018737040363245954,0.1115602478384971,0.1720480024814605,0.13762366771697992,0.015620417892932906,0.7553315997123718,0.0599578594784206,0.6842934489250183,0.8495112657546997,0.749179869890213,0.05280864238739014,0.7707205176353454,0.06378731036816537,0.6573805809020996,0.8567270636558533,0.7816945612430573,0.060959815979003906,1899.0,1189.7960329401003,893.0,4548.0,1405.0,371.0,5690.921000000001,3460.857326384461,2838.59,13340.75,4258.96,1077.065,0.07326824102550741,0.01481602182044258,0.0562144801020622,0.1077372394502163,0.06962286457419395,0.0102077960968018,0.07636436074972147,0.015623824632997933,0.0563923344016075,0.1125975102186203,0.07523123919963831,0.009603668004274347,0.07672524936497205,0.015327724233147115,0.0573863983154296,0.1114950254559516,0.07557442411780349,0.01167109608650211
1.0,qrnn_paper,paper_no_reset,henon_1000,0.001,7.0,4.0,16.0,1.0,64.0,36.0,0.03586319573223589,0.00925547707243696,0.0252348985522985,0.0534139759838581,0.03277644515037535,0.004281119443476204,0.034488346800208056,0.007692918021164709,0.0246502961963415,0.0478273145854473,0.0330895166844129,0.004542827606201149,0.14649135917425155,0.020786538926529045,0.125582680106163,0.1855804771184921,0.1409855931997299,0.014126703143119798,0.14553253948688502,0.019418185752941124,0.1206159442663192,0.1792845726013183,0.14016973972320557,0.011337585747241946,0.7431791245937347,0.07961921083262016,0.5892847180366516,0.8299294114112854,0.7721492052078247,0.03286391496658325,0.7526109278202057,0.06557812407525783,0.6359487175941467,0.8325973153114319,0.7669013440608978,0.036840617656707764,1567.5,659.3750450236952,693.0,2805.0,1418.5,501.5,4533.03,1857.2162826499232,1987.39,8019.23,4101.65,1269.5949999999998,0.06687164407223459,0.010745096125942377,0.0541078366339206,0.0912775792181491,0.06359428670257325,0.005809218063950548,0.06759804189205164,0.010318337327824561,0.0516599267721176,0.0861257538199424,0.0641355216503143,0.004506345838308348,0.06743818484246726,0.01160538866038701,0.0548935793340206,0.0933099240064621,0.0631276592612266,0.004666373133659401
1.0,qrnn_paper,paper_no_reset,henon_1000,0.001,8.0,4.0,16.0,1.0,64.0,42.0,0.03354529514908786,0.01104232786492581,0.021115044131875,0.0534513443708419,0.0292947413399815,0.005524929612874952,0.03131292499601837,0.00903203552358658,0.0208164826035499,0.046796478331089,0.02879279572516675,0.0058773094788193495,0.14115431010723112,0.02497171471860236,0.1114808171987533,0.1886578500270843,0.1321457922458648,0.010894879698753308,0.13642666339874263,0.020612012665404304,0.114624872803688,0.1725125163793563,0.12994391471147534,0.013531170785427094,0.7604932725429535,0.09346530941237288,0.5871783494949341,0.8603865504264832,0.7991089522838593,0.042014747858047485,0.7780848264694213,0.07454441401348316,0.647049605846405,0.8619005680084229,0.8011922836303711,0.04424959421157837,2479.3,677.626453143618,1407.0,3752.0,2568.5,382.5,9063.922000000002,2374.6291185437776,5195.12,13506.21,9325.295,1284.915,0.0657090194523334,0.013626460602273412,0.0478634841740131,0.0942547403275966,0.06624358426779506,0.010647482052445402,0.06788984239101406,0.015726326367190232,0.0475379861891269,0.0981689319014549,0.06733120605349535,0.0105500966310501,0.06873688623309132,0.0134770068874672,0.0493776388466358,0.0905772820115089,0.07094674557447431,0.012100629508495359
1.0,qrnn_paper,paper_reset,henon_1000,0.001,4.0,2.0,4.0,1.0,64.0,22.0,0.00595382014289496,3.072003124626281e-06,0.0059486599639058,0.0059611080214381,0.0059538159985095,1.2950040400002208e-06,0.00541612678207452,4.483621483628938e-06,0.0054109622724354,0.0054251267574727,0.0054150414653122,3.385823220050134e-06,0.04919309914112087,5.802711775576341e-05,0.049113743007183,0.0492839440703392,0.0492177940905094,4.510767757889833e-05,0.04841278232634064,6.167557293953794e-05,0.0483189411461353,0.0485121570527553,0.048433847725391346,4.287064075469971e-05,0.9622949004173279,2.0373129159373453e-05,0.9622452855110168,0.962324857711792,0.9622988700866699,1.06692314146839e-05,0.9656319797039032,2.0456606724157492e-05,0.9655975699424744,0.96566241979599,0.9656376540660858,1.5467405319213867e-05,2250.5,148.5713633241615,2027.0,2473.0,2290.0,102.0,1827.364,140.9825795763434,1585.15,2047.5,1854.49,91.94000000000005,0.03522144356742496,0.014202349544583834,0.019419127702713,0.0723590102046728,0.0291266744025051,0.005316906888037898,0.03414548207074399,0.013800143609843616,0.0192901473492383,0.0704373270273208,0.0276222443208098,0.005288718268275301,0.03503850605338809,0.013883407825023368,0.0198588110506534,0.0715107470750808,0.028819585219025598,0.004601611755788349
1.0,qrnn_paper,paper_no_reset,henon_1000,0.001,4.0,2.0,4.0,2.0,64.0,22.0,0.03432870432734485,0.0018541676523170984,0.0297999195754528,0.0363911613821983,0.03477505035698405,0.001055955886840848,0.03170363344252105,0.0016471555409723194,0.0280971638858318,0.0343569181859493,0.03156418632715935,0.0010209307074547005,0.13746096789836879,0.006209210099412261,0.1273884922266006,0.1478238403797149,0.1356804221868515,0.004347294569015447,0.13254342526197432,0.005293368960874135,0.1234549134969711,0.1442174017429351,0.1325528100132942,0.002916097640991211,0.7572652697563171,0.014989495201062717,0.740260899066925,0.7935881614685059,0.7537480592727661,0.008728891611099243,0.7764537334442139,0.013290717054337892,0.7546730041503906,0.8052760362625122,0.7777806520462036,0.008331477642059326,3403.1,1627.0083251169922,1518.0,5687.0,2780.5,1178.0,1221.4509999999998,599.9871925041401,546.04,2117.73,966.285,385.455,0.07013001412153241,0.010436191318796948,0.0492360517382621,0.0896121844649315,0.07040066309273241,0.003949132189154658,0.06890495046973222,0.00984750995039457,0.0479591414332389,0.086369551718235,0.0692169442772865,0.004557535052299548,0.07006991319358345,0.009755746398467111,0.0484999753534793,0.0867752209305763,0.0698195584118366,0.0029750540852546553
1.0,qrnn_paper,paper_no_reset,henon_1000,0.001,5.0,2.0,4.0,2.0,64.0,28.0,0.026533004827797368,0.004672935899615621,0.0192584507167339,0.0340631529688835,0.026845800690352847,0.004691927693784251,0.0240438431501388,0.004647032321961332,0.0178701635450124,0.0327376872301101,0.0239723566919565,0.00469940807670355,0.1227578371763229,0.010215442193086652,0.1058683171868324,0.138099655508995,0.1261910498142242,0.005615498870611198,0.11740707084536547,0.010619760853500597,0.101952813565731,0.1368506699800491,0.11891224607825275,0.007618330419063547,0.8183502972126007,0.03560203402322005,0.7600403428077698,0.87249356508255,0.8170425593852997,0.03700762987136841,0.8355628907680511,0.03525260352447799,0.7682576775550842,0.8814854025840759,0.8366291224956512,0.03569534420967102,7949.0,5500.202559906316,2133.0,18975.0,6439.0,3546.5,3417.532,2293.224574614532,948.84,7912.31,2814.575,1516.8349999999998,0.064450733885169,0.012320800867153515,0.0486813802272081,0.092227004468441,0.06270124614238735,0.00637179724872115,0.06367358975112433,0.012614991762432606,0.0472313612699508,0.0915311723947525,0.062128635123372,0.007516877725720402,0.06496193744242187,0.01189831271841052,0.0491257347166538,0.0914517343044281,0.0636046342551708,0.006470711901783947
1.0,qrnn_paper,paper_no_reset,henon_1000,0.001,5.0,3.0,4.0,2.0,64.0,26.0,0.030200002156197992,0.0023632242269155117,0.0257588531821966,0.0331809781491756,0.0301879113540053,0.0018050810322165524,0.027797740697860673,0.002655066086504325,0.022799851372838,0.0314406678080558,0.0272151986137032,0.0017379019409418002,0.13312186822295186,0.006647973288043817,0.1203269064426422,0.1401063054800033,0.1362555027008056,0.0036934688687324385,0.1280276052653789,0.006847269780932072,0.1169327422976493,0.1384264528751373,0.1306926384568214,0.0051896609365940025,0.7903473854064942,0.01841140622052658,0.7668788433074951,0.8246926069259644,0.7906363904476166,0.01421821117401123,0.807194608449936,0.02064687565171731,0.7785528302192688,0.8452696800231934,0.8118297755718231,0.013579517602920532,3859.9,1851.9320964873416,1719.0,7452.0,3138.5,956.5,1568.983,746.13861350355,708.26,3017.65,1265.46,401.38499999999993,0.06025180708616966,0.008671442827924319,0.0480172339826822,0.0747457385063171,0.05974320955574505,0.007788889110088348,0.05959641560912127,0.008907772449088478,0.0474166497588157,0.0747834220528602,0.05858014710247515,0.007916120812296847,0.06054067090153692,0.008446229597787477,0.0488382466137409,0.0750645026564598,0.05937345325946805,0.007326390594244003
1.0,qrnn_paper,paper_no_reset,henon_1000,0.001,6.0,2.0,4.0,2.0,64.0,34.0,0.02258780703414225,0.005030493223304607,0.0135427033528685,0.0309139359742403,0.023568171076476498,0.0034154299646616,0.02031194011215115,0.004432753576168899,0.0129733709618449,0.0280064307153224,0.021098492667078902,0.00340177770704035,0.11239208187907931,0.012061958185361217,0.0874817594885826,0.1246301308274269,0.11574506759643549,0.008715949952602407,0.1070372555404901,0.010755748619267622,0.0873831734061241,0.1191845834255218,0.1104463785886764,0.007838733494281748,0.8474370613694191,0.0367643375243122,0.7851404547691345,0.9122135639190674,0.8409022986888885,0.02512180805206299,0.8630539625883102,0.03235398169879149,0.8057577013969421,0.9156610369682312,0.8580076098442078,0.02483341097831726,5526.875,2363.2331369069366,2092.0,8661.0,5980.5,1901.5,3209.2425,1369.1121249988075,1242.11,5127.1,3432.355,1089.9800000000002,0.05029375986196097,0.007688622267227878,0.041336415335536,0.068289839848876,0.049377080984413554,0.002294446714222447,0.0493469587527215,0.007431431689087315,0.0409162789583206,0.0671491995453834,0.04886807873845095,0.0021105613559483996,0.052293936256319236,0.007077328972834511,0.0439517013728618,0.0689967349171638,0.0515716969966888,0.002263952046632753
1.0,qrnn_paper,paper_no_reset,henon_1000,0.001,6.0,3.0,4.0,2.0,64.0,32.0,0.027382372568050956,0.0043128309810568175,0.0210529621690511,0.034143928438425,0.0274009220302104,0.0040809214115143,0.02502301521599289,0.004092288104484702,0.0187920499593019,0.0306610483676195,0.0239584594964981,0.0032232683151960997,0.12370990051163562,0.011945139919850982,0.1076642721891403,0.1446677446365356,0.1219782978296279,0.00962366163730631,0.1186574002106984,0.010975398774865698,0.1026632860302925,0.1340759545564651,0.11601023375988,0.010249353945255293,0.8117589288287692,0.033027930570315285,0.7595160007476807,0.8593109846115112,0.8123146891593933,0.03194427490234375,0.8281843860944113,0.031031713589136024,0.7847564816474915,0.8746920228004456,0.8371005654335022,0.02338254451751709,3992.6666666666665,2012.9528889999722,1754.0,8495.0,2999.0,508.0,2828.6133333333332,1857.1014462746928,930.81,6428.52,2164.49,717.5199999999998,0.06830557675825222,0.013949704454362343,0.0480317629873752,0.0895351529121399,0.074456387758255,0.011456855386495601,0.06727903460462882,0.01365793150017754,0.0472991801798343,0.0864726305007934,0.0739982724189758,0.011889562010765103,0.06798097532656454,0.01364107018770745,0.0479066632688045,0.0875946283340454,0.0740601941943168,0.01092068105936049
1.0,qrnn_paper,paper_no_reset,henon_1000,0.001,6.0,4.0,4.0,2.0,64.0,30.0,0.03209359105676406,0.005180765498710225,0.0240643396973609,0.0395816192030906,0.0307954149320721,0.003934311680495751,0.02939789276570075,0.005161115050919744,0.0215035490691661,0.036892969161272,0.027883534319698748,0.003539920784533048,0.13411510239044822,0.012991729943232899,0.1148037612438201,0.1541764438152313,0.13147461414337155,0.010245136916637407,0.1280553104976812,0.013276303550490148,0.1079219058156013,0.1480669975280761,0.1255154646933078,0.010408166795968996,0.7744689683119456,0.04169618371431308,0.7129884362220764,0.8373433351516724,0.7859393358230591,0.030205607414245605,0.7940530180931091,0.04100631479045942,0.7333362102508545,0.8549306988716125,0.8067731857299805,0.02730715274810791,4711.333333333333,3079.7898016296863,1470.0,10461.0,3630.5,1718.5,2405.5783333333334,1530.650351826707,741.79,5268.76,1908.87,919.8749999999999,0.06430479890356457,0.011364527752417912,0.0513168733566999,0.0790120497345924,0.0631822563707828,0.011449114046990852,0.06327626543740429,0.011813911400624247,0.0498021915555,0.0776687040925026,0.06220586411654945,0.012148639187216748,0.06467701556781923,0.011016237197205753,0.0524899661540985,0.0791896656155586,0.0633145943284034,0.010762045159935906
1.0,qrnn_paper,paper_no_reset,henon_1000,0.001,7.0,3.0,4.0,2.0,64.0,38.0,0.01874280050396914,0.003642181684820466,0.0145712662488222,0.0256529971957206,0.01788672339171165,0.001727232709527,0.017075278796255547,0.003795123622005888,0.012697190977633,0.0244707446545362,0.01623287471011275,0.0014286627992987503,0.10086782127618785,0.010657319890743464,0.0855240002274513,0.121431678533554,0.0995938405394554,0.006136298179626451,0.0967865370213985,0.01087890239741305,0.0792333781719207,0.114062413573265,0.09457672014832491,0.0071616843342781344,0.8756025612354279,0.026221436779164546,0.8254820108413696,0.9050634503364564,0.8819776177406311,0.012258589267730713,0.8864612579345703,0.027320606013705714,0.8327566385269165,0.9173560738563538,0.8927960693836212,0.009756982326507568,6315.2,2503.1307117288143,3377.0,10857.0,6059.0,1911.5,4466.622,1752.968428853184,2398.18,7525.49,4214.205,1332.1499999999999,0.05068150877952571,0.005492216062760448,0.0408423013985157,0.0605729524046182,0.05182796344161025,0.0044871924445033,0.05003697201609607,0.005534498876937199,0.0408887043595314,0.0594686083495616,0.0508154239505529,0.004468239843845399,0.052362736314535085,0.005418038282181935,0.0442749038338661,0.0611573830246925,0.05357469804584975,0.005078742280602452
1.0,qrnn_paper,paper_no_reset,henon_1000,0.001,7.0,4.0,4.0,2.0,64.0,36.0,0.02474210336804386,0.0031249519688430274,0.019932834431529,0.0304157845675945,0.025088788010179948,0.0018976842984556978,0.022418505139648843,0.0027502600327267974,0.0181917026638984,0.0278604011982679,0.0225506164133548,0.0014792913570999995,0.11703837811946864,0.008252896435385362,0.1037981137633323,0.128735065460205,0.11889525875449175,0.005692537873983397,0.11205347925424572,0.007100969456555303,0.0993544608354568,0.1224630624055862,0.1144825033843517,0.004990752786397948,0.8320212721824646,0.023362449085949238,0.7888876795768738,0.8675621747970581,0.8296721279621124,0.014254719018936157,0.848042494058609,0.02049255509539475,0.8069167733192444,0.8790961503982544,0.8473261296749115,0.011289596557617188,4496.4,2316.6393849712563,1614.0,9751.0,3919.5,1260.5,3062.673,1532.80932776422,1120.1,6506.66,2620.675,849.05,0.05510338842868802,0.006473953405524435,0.0474073603749275,0.0707457169890403,0.053694517537951444,0.003912050649523706,0.05413066484034057,0.006361749589887361,0.0467100031673908,0.0701465383172035,0.053392956033348996,0.0035139694809913566,0.0558333087712526,0.0062263837824934045,0.0486213080585002,0.0716056153178215,0.055638521909713703,0.0026602484285831486
1.0,qrnn_paper,paper_no_reset,henon_1000,0.001,8.0,4.0,4.0,2.0,64.0,42.0,0.01789101697504516,0.00284074282210072,0.0127286612987518,0.0213927552103996,0.0184633899480104,0.0023674760013819,0.0161536226049065,0.0026578899013449658,0.0118214534595608,0.019714131951332,0.0166530413553118,0.0020322035998105985,0.09915565997362133,0.009161782809337209,0.0872520357370376,0.1144565194845199,0.0979733318090438,0.008549176156520802,0.09461357370018955,0.009431050031129554,0.0823676437139511,0.1112206056714057,0.09340702369809151,0.008972920477390303,0.8817763924598694,0.019873056971259236,0.8572239875793457,0.917585015296936,0.8778707981109619,0.016917914152145386,0.893213403224945,0.01856636642085538,0.8681674003601074,0.923117995262146,0.8898625671863556,0.014623850584030151,7232.9,3929.506698047479,3897.0,17851.0,6452.0,1956.0,6507.469999999999,3338.712632413877,3568.23,15429.51,5856.48,1772.3650000000002,0.052485347837209664,0.010173176463341588,0.0441895026713609,0.0790822558104991,0.05026160068809985,0.0049844222143292545,0.05192010849714275,0.010651909193028157,0.0433782897889614,0.0801700055599212,0.0488762110471725,0.0038179624825715984,0.0533572260290384,0.00981897497287486,0.045826070010662,0.0790620148181915,0.0506441798061132,0.003792434930801402
1.0,qrnn_paper,paper_no_reset,henon_1000,0.001,4.0,2.0,8.0,2.0,64.0,22.0,0.04883726201951501,0.0029009911318581176,0.0443887747824192,0.0542303323745727,0.04898888431489465,0.0020050965249538526,0.04642419517040249,0.0026534564652220837,0.0418269820511341,0.0495699979364872,0.04770573973655695,0.0014921892434358978,0.17559917420148846,0.006588314288684933,0.1659369617700576,0.187569260597229,0.176877349615097,0.0033865198493004123,0.17286525219678875,0.006245923255488574,0.1611245423555374,0.1805760115385055,0.1757462471723556,0.0037639215588569502,0.6283498406410217,0.02830732704654368,0.5754818916320801,0.6711385250091553,0.6272183358669281,0.0202828049659729,0.6471499860286712,0.025239339810946573,0.6163237690925598,0.6901280283927917,0.6356987357139587,0.014798641204833984,2110.9,1149.5175031290303,1169.0,4975.0,1456.5,225.0,1391.056,735.0184384653218,772.82,3183.0,960.72,142.32,0.07506795361638066,0.010754277750110085,0.0609876524657011,0.0981657855212688,0.07379063479602335,0.007286606915295098,0.07581739574670787,0.011905700979797637,0.0600251927971839,0.102695532143116,0.0747052542865276,0.00885780900716785,0.07688718661665914,0.009725990616641561,0.0630740374326706,0.096571996808052,0.07631194218993184,0.006629295647144297
1.0,qrnn_paper,paper_no_reset,henon_1000,0.001,5.0,2.0,8.0,2.0,64.0,28.0,0.047293572872877075,0.002355523639542579,0.0426009595394134,0.0511675402522087,0.0476019326597452,0.0016288347542285468,0.04259228929877276,0.0025024738430952254,0.0391623675823211,0.0473589859902858,0.041816199198365156,0.0012774616479873553,0.17196823507547374,0.007769101080803428,0.1634727567434311,0.1881545037031173,0.16882836073637003,0.004312239587306935,0.16445834785699845,0.007888555941310693,0.1541888564825058,0.1822611093521118,0.16257848590612406,0.005281969904899597,0.6449156820774078,0.02272086069095658,0.6061533093452454,0.6899932622909546,0.6419912278652191,0.015003472566604614,0.682871526479721,0.023189429698062522,0.6380777359008789,0.7140839695930481,0.6903928518295288,0.011358052492141724,2159.1,1116.8936789148734,1084.0,4548.0,1534.5,422.5,1925.6680000000001,965.1318124670847,992.39,3993.5,1402.665,395.02,0.07698025319725271,0.02112807175573622,0.0636199194937944,0.1364931404590606,0.069143396243453,0.005036977678537398,0.0772225927561521,0.020311485944450727,0.0620046146214008,0.1332909613847732,0.06765077635645861,0.0035637356340885024,0.07959010601043696,0.017399335828491687,0.0649701580405235,0.1257144659757614,0.07165604457259175,0.004144933074712746
1.0,qrnn_paper,paper_no_reset,henon_1000,0.001,5.0,3.0,8.0,2.0,64.0,26.0,0.04615696258842941,0.0038068227514402955,0.0412989370524883,0.0527257770299911,0.04513432458043095,0.002423442900180848,0.04214627556502814,0.0028288377686179166,0.0380073115229606,0.0465796552598476,0.042241321876645005,0.002338783815503148,0.16919871717691418,0.011313449144883624,0.1521389037370681,0.1912990361452102,0.1689663678407669,0.0074502304196358005,0.16138166338205334,0.007886751318636392,0.1494030058383941,0.1771784722805023,0.161179207265377,0.005241416394710555,0.6545354008674622,0.036014830705876945,0.5913511514663696,0.6991968154907227,0.6640699803829193,0.02331984043121338,0.6871646821498871,0.02566101413426579,0.6471353769302368,0.724305272102356,0.6869527995586395,0.02118059992790222,2575.7,857.4898308434916,1430.0,3829.0,2492.5,826.0,2125.093,704.0369351965846,1174.51,3181.93,2068.41,655.44,0.08322840284556146,0.021200765292917544,0.0536202773451805,0.1247778423130512,0.07792884781956665,0.01204124931246045,0.08267594799399372,0.020839477748929587,0.055551066994667,0.1236780509352684,0.07871452718973154,0.013527356088161503,0.08387930504977698,0.020261346234946683,0.0545006915926933,0.1215196549892425,0.08031444996595374,0.010088887065648998
1.0,qrnn_paper,paper_no_reset,henon_1000,0.001,6.0,2.0,8.0,2.0,64.0,34.0,0.043780716402190015,0.0037618886938477706,0.0381971187889575,0.0507215075194835,0.0439622141420841,0.0017567686736583016,0.03971139980213978,0.0034730413841161122,0.0344291031360626,0.0460360832512378,0.03839747980237,0.0028908289968967993,0.16478697955608362,0.009349620777848998,0.1523069739341735,0.1816608160734176,0.163979947566986,0.0064772814512253085,0.15753438217299326,0.009138605598800979,0.143759936094284,0.1748707741498947,0.15552818775177,0.0036540776491164884,0.6767666850771222,0.034713845509791584,0.6106868982315063,0.7268473505973816,0.6768202781677246,0.016275763511657715,0.7088444573538644,0.030552475376672633,0.652714729309082,0.7544631361961365,0.7209485173225403,0.02568960189819336,3127.8571428571427,2067.5710682946255,738.0,7090.0,2530.0,1609.0,3684.14,2401.73115340343,873.24,8250.36,2960.09,1853.2700000000002,0.0622747239789792,0.006441757294639523,0.0517160691320896,0.0714645374566316,0.0625545263290405,0.005943209677934699,0.06300058162638116,0.007080249337102492,0.052397396415472,0.0728315040469169,0.0644434466958046,0.00706012547016141,0.06594850495457644,0.006392949545965258,0.0545735843479633,0.0737819895148277,0.0693126320838928,0.004469357430934906
1.0,qrnn_paper,paper_no_reset,henon_1000,0.001,6.0,3.0,8.0,2.0,64.0,32.0,0.04258033484220502,0.004410279387913925,0.0339827314019203,0.0457409992814064,0.044747058302164,0.0009939409792424012,0.0382888369262218,0.004124978404115704,0.0326315946877002,0.0433997511863708,0.0371720269322395,0.0045404322445392956,0.1618211299180984,0.008925759191408133,0.1450259983539581,0.1712144762277603,0.1634599715471267,0.0033334344625473022,0.154457288980484,0.010659801389067074,0.1403398364782333,0.1684310287237167,0.1500248163938522,0.009684979915618896,0.6884670376777648,0.03841684879917096,0.6594402194023132,0.7627916932106018,0.6698682904243469,0.010428071022033691,0.7208649039268493,0.03606386018944017,0.6758291721343994,0.7696141004562378,0.7315232157707214,0.03809088468551636,2925.4,1078.2557396091152,1407.0,4672.0,2931.0,586.0,3247.908,1150.1438125625855,1631.98,5102.61,3235.95,619.6899999999996,0.07012999720871445,0.008144310137323385,0.0620797872543334,0.0850205548107624,0.0698086731135845,0.006385089829564108,0.070815098285675,0.00927845723602074,0.0605575144290924,0.0865873545408248,0.0719024315476417,0.009559951722621897,0.0740591704845428,0.01154562419602275,0.0632463693618774,0.0954070910811424,0.0732536539435386,0.008848614990711198
1.0,qrnn_paper,paper_no_reset,henon_1000,0.001,6.0,4.0,8.0,2.0,64.0,30.0,0.04659445252683423,0.007774243800182857,0.0346931628882885,0.0599998235702514,0.0438630506396293,0.0028611421585083008,0.04114983085956833,0.0072332670001003145,0.0301374997943639,0.0537104941904544,0.0400179252028465,0.005166895687580102,0.16995808647738558,0.0199778310320807,0.1450593769550323,0.2059905529022216,0.1642073392868042,0.010811492800712502,0.16045466230975253,0.018621763708593236,0.1354223638772964,0.1954831928014755,0.1568344980478286,0.01327928900718689,0.6479341718885634,0.07679661059836286,0.5111833214759827,0.7554941773414612,0.6813637614250183,0.029294312000274658,0.6934962868690491,0.06669049033431636,0.5722996592521667,0.7891125082969666,0.7065407633781433,0.04629260301589966,2724.1111111111113,1502.913943307352,739.0,4756.0,2813.0,1656.0,2854.797777777778,1566.4917055976302,782.49,5091.9,2971.71,1592.5199999999995,0.07076132293376652,0.008757848683261394,0.0590136229991912,0.0886147186160087,0.0697018153965473,0.006538246572017611,0.07082165694899027,0.009207345584898425,0.0578539595007896,0.0881135761737823,0.0715842321515083,0.0074095427989959994,0.07392407167288988,0.009290632333887992,0.0593037940561771,0.0872486382722854,0.0721536204218864,0.007573075592517908
1.0,qrnn_paper,paper_no_reset,henon_1000,0.001,7.0,3.0,8.0,2.0,64.0,38.0,0.04110592007637021,0.0029012573461998977,0.0366856828331947,0.045490875840187,0.0414401814341545,0.002229604870080955,0.03721326887607569,0.0034577848295599474,0.0313324220478534,0.0432462096214294,0.03671557828783985,0.0020955745130777463,0.15632405430078503,0.0086777817467664,0.1407566517591476,0.170973539352417,0.15650241076946253,0.006223179399967194,0.14946326464414594,0.008705978584153227,0.1384663134813308,0.1636974662542343,0.1511096507310867,0.009708054363727556,0.7017198085784913,0.025718793357394285,0.661275327205658,0.7397587895393372,0.6994335949420929,0.019897252321243286,0.7304496526718139,0.02975466940065883,0.6779099702835083,0.7799074649810791,0.7353553175926208,0.017591625452041626,2730.3,1076.7908849911387,1477.0,5005.0,2660.5,789.5,3994.0879999999997,1574.8486321599291,2165.76,7330.8,3946.8199999999997,1194.5949999999996,0.06108643300831314,0.005103419669582389,0.0519147530198097,0.0687249206006526,0.05983701851218935,0.003943364508450051,0.061515586078166894,0.004793870108028097,0.0534691102802753,0.069003127515316,0.0612143073230981,0.003913946449756598,0.0651518993079662,0.0047248178949170225,0.059434600174427,0.0739459916949272,0.06393848359584806,0.004230624064803158
1.0,qrnn_paper,paper_no_reset,henon_1000,0.001,7.0,4.0,8.0,2.0,64.0,36.0,0.042532255252202306,0.004650141669572348,0.0349949449300766,0.0501328036189079,0.0421517826616764,0.004803918302059097,0.03821273810333672,0.004642124141020488,0.0320240445435047,0.0463127568364143,0.037623893469572,0.0029802210628987053,0.16261006891727442,0.01047018936015095,0.1466993540525436,0.1802231818437576,0.1618986427783966,0.009543508291244507,0.1532464093632168,0.010982731353796928,0.137614294886589,0.1707057505846023,0.1537049263715744,0.009625837206840515,0.6879199279679192,0.0414453127806546,0.6186056137084961,0.7527919411659241,0.6937196850776672,0.04243910312652588,0.7212681439187791,0.040909350482285216,0.6485083103179932,0.7739673256874084,0.7277112603187561,0.026496291160583496,2996.6666666666665,1132.924141816702,1147.0,4670.0,2637.0,367.0,4180.148888888889,1552.7803246824672,1638.78,6435.31,3662.31,472.2999999999997,0.06573296748101705,0.011195575939369987,0.0524228364229202,0.0931306026875972,0.062647595629096,0.005199847370386104,0.06431872687406007,0.011160742308121505,0.0499069467186927,0.0910390317440033,0.0614130906760692,0.0053539536893367976,0.0682099353935983,0.01217877541148656,0.0526760071516037,0.0983266830444336,0.0667937099933624,0.006211347877979299
1.0,qrnn_paper,paper_no_reset,henon_1000,0.001,8.0,4.0,8.0,2.0,64.0,42.0,0.03565474599599832,0.002569736635229846,0.0318855717778205,0.040847398340702,0.03529468365013595,0.001612020656466498,0.032016027532517866,0.0025227716274724946,0.0276194345206022,0.0362759381532669,0.031791143119335105,0.0012928787618875504,0.1450900942087173,0.006570590899219784,0.1375628262758255,0.1583468466997146,0.14319061487913126,0.0038561448454856456,0.13687310367822642,0.006381162367045335,0.1290236413478851,0.1476528346538543,0.13599024713039395,0.00553808361291884,0.7479894578456878,0.021241552724509814,0.7043432593345642,0.7792741656303406,0.7513861060142517,0.012175321578979492,0.773863410949707,0.020543530322756676,0.7388191223144531,0.8091158866882324,0.7759281396865845,0.010444283485412598,3664.2,1672.6585903883674,1770.0,6269.0,3013.5,828.0,6670.023999999999,2830.3960216626933,3419.43,10950.04,5753.495,1692.7399999999998,0.0650452338904142,0.008684695033063326,0.0516060262918472,0.0783164478838443,0.06167476121336215,0.005308830365538603,0.06577082239091392,0.00938135009558628,0.053084410727024,0.0801008120179176,0.06209065392613405,0.0047298036515713016,0.06808268502354618,0.009382229172336469,0.0522542372345924,0.0862288251519203,0.0656773447990417,0.004836322739720348
1.0,qrnn_paper,paper_no_reset,henon_1000,0.001,4.0,2.0,16.0,2.0,64.0,22.0,0.06444448940455909,0.004271602695689549,0.0555597618222236,0.0711157321929931,0.0644467882812023,0.002983300015330353,0.06353695951402184,0.005374776793817802,0.05347266420722,0.0734983459115028,0.0639231279492378,0.0037368573248386036,0.2105571329593658,0.00929328586123278,0.1920361518859863,0.2260023355484008,0.20927115529775614,0.004630610346794087,0.20985801368951792,0.0114724298253604,0.1881307363510131,0.2292694747447967,0.2104385197162628,0.006375141441822052,0.4489273101091385,0.059005893198447894,0.3460461795330047,0.5590764880180359,0.4579535722732544,0.032926157116889954,0.4530021607875824,0.07285531792718866,0.305958092212677,0.5781499147415161,0.45256413519382477,0.05312325060367584,1490.2,434.22593197550975,732.0,1959.0,1596.0,332.0,2038.7449999999997,584.5535257656052,990.64,2702.54,2165.415,446.02,0.09627974309027192,0.029291881544211636,0.0686780355870723,0.1463271774351597,0.07833629716187715,0.008005235530436097,0.09905198365449899,0.028756134574826907,0.0734185427427291,0.1493238508701324,0.08138000220060346,0.0055574066936970035,0.09865331500768659,0.024563431301200304,0.0708361193537712,0.1438150256872177,0.0852003693580627,0.008900359272956848
1.0,qrnn_paper,paper_no_reset,henon_1000,0.001,5.0,2.0,16.0,2.0,64.0,28.0,0.06528835818171495,0.00822753618690153,0.0533151924610137,0.0764273554086685,0.0628835298120975,0.007521059364080401,0.06357193067669864,0.0103178929339497,0.046736255288124,0.0803399607539177,0.06176408939063545,0.00829008035361765,0.21108861267566675,0.015166844749613691,0.1864825785160064,0.2345502078533172,0.20792324095964426,0.013736203312873854,0.20800759792327878,0.020389690667170383,0.1718890070915222,0.240656167268753,0.20564811676740646,0.01668797433376315,0.4285971373319626,0.11857528277698644,0.2592418491840362,0.5846468806266785,0.4737228602170944,0.09321226179599762,0.4388190537691116,0.14728541486706095,0.160352349281311,0.6466977000236511,0.4806617945432663,0.10828654468059543,1395.4,428.11545171834194,820.0,2163.0,1238.0,261.5,2569.3269999999998,759.6728230106696,1513.87,3868.95,2278.475,452.28499999999997,0.0812079701572656,0.010164920113747193,0.0715623449534177,0.1056036591529846,0.07690687961876384,0.005329622142016842,0.08302799612283704,0.008396435511016724,0.0735911428928375,0.1013825163245201,0.08123365044593805,0.005679145455360357,0.08284771442413325,0.010449451351401589,0.0687199085950851,0.1050261780619621,0.07883239910006515,0.00507399812340735
1.0,qrnn_paper,paper_no_reset,henon_1000,0.001,5.0,3.0,16.0,2.0,64.0,26.0,0.06112787462770932,0.00802994648784344,0.0460783392190933,0.0787824094295501,0.0606662947684526,0.0044219251722097536,0.05756543986499305,0.007515347242718556,0.0433808490633964,0.0741584375500679,0.05598608963191505,0.0022024735808372498,0.20171289145946497,0.01599637047759157,0.1698426753282547,0.2337175607681274,0.20021780580282206,0.008732311427593203,0.19687363207340236,0.015418054613900112,0.1652763187885284,0.2298013269901275,0.19577925652265543,0.005891919136047405,0.4822486534714699,0.11867565269456568,0.179696187376976,0.6560121774673462,0.5021676272153854,0.05137114226818085,0.524254846572876,0.09887609814658839,0.276311308145523,0.6782161593437195,0.5505707263946533,0.0221235454082489,1916.4,1045.083173723508,474.0,3735.0,1610.0,490.5,3245.1629999999996,1700.448035995514,860.02,6210.88,2718.64,768.0699999999998,0.08782274134457106,0.018540931590950542,0.0678048852831125,0.1345640905201435,0.08217793256044381,0.012329343706369435,0.08828115835785863,0.018398022744419755,0.0692183449864387,0.1373548954725265,0.0831720344722271,0.007870167493820246,0.08967492207884786,0.018907722272444756,0.0702170878648758,0.140360414981842,0.08452986180782315,0.005278956145048148
1.0,qrnn_paper,paper_no_reset,henon_1000,0.001,6.0,2.0,16.0,2.0,64.0,34.0,0.06460526678711173,0.008618240438483802,0.0508717969059944,0.0781760886311531,0.06274665519595145,0.005633562803268398,0.06362428097054357,0.007545117323913006,0.0508228614926338,0.0750365480780601,0.0633148439228534,0.006521895527839695,0.20812208577990526,0.015596586565259989,0.1832785606384277,0.2317566126585006,0.2052262127399444,0.010040186345577254,0.20776883140206334,0.014720878893607419,0.1829787641763687,0.2318190485239029,0.20831982046365735,0.009133152663707747,0.444320946931839,0.11517663593818615,0.2419722080230713,0.6094279289245605,0.47538916766643524,0.06670834124088287,0.45225050672888756,0.09781851534637127,0.284305065870285,0.6061158776283264,0.4629324674606323,0.08232606947422028,1537.125,995.8770553512115,824.0,3897.0,1024.0,177.0,3766.0075,2393.6312544058974,2060.45,9434.0,2528.7799999999997,427.9849999999999,0.07881208606995635,0.005089352477452198,0.0697052206844091,0.0873944371938705,0.0790248777717351,0.002835185453295752,0.08122064825147386,0.0035405503839436837,0.0734438002109527,0.0850743278861045,0.08254135772585866,0.0014820732176304002,0.08407539036124939,0.005112257784316895,0.0739486292004585,0.0905980020761489,0.08435512706637374,0.0031676329672336995
1.0,qrnn_paper,paper_no_reset,henon_1000,0.001,6.0,3.0,16.0,2.0,64.0,32.0,0.05480221472680565,0.0040125409151526995,0.0506427064538002,0.0590203180909156,0.054772917181253405,0.003979077562689753,0.0535458046942949,0.005548029431633447,0.0442155376076698,0.0581896491348743,0.055889016017317744,0.0018138363957405056,0.18946634605526919,0.00786118583662947,0.1794023662805557,0.1978841722011566,0.19028942286968226,0.006832472980022444,0.18847496062517163,0.01164989360270062,0.1690061688423156,0.1974915862083435,0.19370104372501368,0.003763519227504772,0.5672584921121597,0.04404318413960332,0.5192576050758362,0.6120688319206238,0.5688537657260895,0.042350202798843384,0.5742296427488327,0.05742118396667223,0.5246537327766418,0.6701647639274597,0.5510500371456146,0.02072197198867798,2325.5,742.6225488092857,1056.0,2941.0,2652.5,158.5,5178.4725,1611.9018352923201,2411.92,6423.67,5939.15,304.8300000000004,0.0837902938947081,0.005497450784571507,0.0766312915831804,0.092094911634922,0.08321748618036501,0.0033344089984893577,0.08636666648089883,0.006432744573066227,0.0791148245334625,0.0964105054736137,0.08497066795825955,0.003937579691410058,0.08328520506620404,0.004309155617547901,0.0787050053477287,0.0899372175335884,0.08224929869174954,0.0027009621262550493
1.0,qrnn_paper,paper_no_reset,henon_1000,0.001,6.0,4.0,16.0,2.0,64.0,30.0,0.06512722652405498,0.007067805664852204,0.0561382137238979,0.0815374478697776,0.0645860880613327,0.0020874794572591504,0.0596731714904308,0.00662645756217984,0.0525375381112098,0.075194351375103,0.0582208726555109,0.0032197795808314965,0.2117369081825018,0.012927505155237667,0.1918297559022903,0.2400001883506775,0.21005594730377197,0.005646385252475725,0.20267514698207373,0.013498812494506882,0.1900795102119445,0.2337446957826614,0.19862513244152064,0.007770188152790097,0.4265202134847641,0.1327848332838519,0.0920683443546295,0.5530616044998169,0.45674270391464233,0.028525918722152738,0.49779583886265755,0.09862019488934319,0.2551735043525696,0.5890054106712341,0.5251227617263794,0.04048798978328705,1703.75,1059.539139201568,472.0,4118.0,1659.0,604.5,3698.70125,2252.6522981223575,1046.85,8776.42,3619.5699999999997,1340.5499999999997,0.08402791083790358,0.019811740417981498,0.0655783731490373,0.1342163078486919,0.0793610967695713,0.005364888906478904,0.08592013921588655,0.01991741275829275,0.0651515200734138,0.1358726620674133,0.08063831925392145,0.0035419762134551516,0.08787867426872248,0.016071086741547367,0.0692111477255821,0.1243529990315437,0.0833753421902656,0.005093004554510151
1.0,qrnn_paper,paper_no_reset,henon_1000,0.001,7.0,3.0,16.0,2.0,64.0,38.0,0.06483426727354522,0.007927306440512535,0.0530752427875995,0.0743027925491333,0.06564839556813235,0.007522813975810998,0.06070729829370972,0.006968360124806806,0.0482990592718124,0.0704583078622818,0.0610446501523256,0.006104147061705603,0.2081613257527351,0.015594489423090956,0.1822946667671203,0.2265672087669372,0.20890362560749048,0.015253007411956801,0.20252703875303263,0.013763374267374557,0.1771854162216186,0.2197821289300918,0.202343575656414,0.012314885854721042,0.4441846698522568,0.1011211520846771,0.3182177543640136,0.5875744223594666,0.44377873837947845,0.10403645038604739,0.48821950554847715,0.08710598411792937,0.3549617826938629,0.6314156651496887,0.4922212064266205,0.07699930667877197,1474.8,681.8672598094148,655.0,2747.0,1201.0,457.5,4480.000000000001,2073.180169821234,2032.48,8590.1,3686.87,1428.4199999999998,0.08435946431010957,0.015848934024429537,0.0689309895038604,0.1230100221931934,0.07709543555974954,0.0056083913892507956,0.08649189844727513,0.01446584845588228,0.0740789324045181,0.1236381158232688,0.08191412687301636,0.0032834745943546573,0.0874758049845695,0.016338379718631564,0.0694833248853683,0.1252964287996292,0.08143657073378555,0.0045654773712157926
1.0,qrnn_paper,paper_no_reset,henon_1000,0.001,7.0,4.0,16.0,2.0,64.0,36.0,0.06131347455084318,0.009830949303294145,0.0496471673250198,0.0800312086939811,0.059476753696799195,0.004453169181942947,0.05875029712915416,0.007953308938678273,0.0461661703884601,0.0709300339221954,0.0597335565835237,0.006313733756542199,0.2029717624187469,0.017999404261661425,0.1807672977447509,0.2358177900314331,0.19958620518445963,0.007783353328704862,0.19882937669754025,0.016222356059205734,0.1715201139450073,0.2217063307762146,0.20296104252338404,0.01183948665857315,0.4752254605293274,0.14283381792277502,0.1750140935182571,0.6214588284492493,0.5140423029661179,0.05306775867938998,0.5092090338468551,0.097272155872394,0.3412232995033264,0.6525396704673767,0.5057023167610168,0.07561975717544558,1017.3,437.7780373659693,520.0,1757.0,929.5,338.0,2920.652,1233.9891057930777,1479.04,5004.14,2705.9449999999997,993.7049999999997,0.07809952422976489,0.014779281686958471,0.0604095667600631,0.1140328481793403,0.07500431314110756,0.009088774025440144,0.08034955337643619,0.012758382000415349,0.0646675825119018,0.1113947480916976,0.07855444774031635,0.007750190794467947,0.08029610440134999,0.011761816806535152,0.0639658272266388,0.1047045513987541,0.079287689179182,0.0073498561978340565
1.0,qrnn_paper,paper_no_reset,henon_1000,0.001,8.0,4.0,16.0,2.0,64.0,42.0,0.06003426313400263,0.007119726457052856,0.0492219701409339,0.0730355829000473,0.05677375942468635,0.005296031013131149,0.055045833438634825,0.005857165101247821,0.0449590571224689,0.0636261031031608,0.05509138293564315,0.005325457081198699,0.20027392506599423,0.014392853733668326,0.1748776286840438,0.2260295301675796,0.19729081541299814,0.0112605020403862,0.19049623161554335,0.012193553682256716,0.1672210246324539,0.2076689302921295,0.18990469723939896,0.009535305202007363,0.5096533030271531,0.0810647379020058,0.3565193712711334,0.6251716613769531,0.5494406819343567,0.05433368682861328,0.5584002584218979,0.06424331714835076,0.4644941985607147,0.6646203398704529,0.560280054807663,0.056892722845077515,1788.5,890.7956275150883,724.0,3368.0,1717.0,813.0,6667.55,3125.768532953136,2811.3,12063.14,6596.639999999999,2849.830000000001,0.07824117824435231,0.013719511777314489,0.0662197098135948,0.1160164199769497,0.07465921826660629,0.004713317751884452,0.08081580027937887,0.014599783034661779,0.0678950697183609,0.1214040517807006,0.0776370987296104,0.0054597221314907005,0.08213980719447131,0.016530527718597327,0.0659753903746604,0.1272687911987304,0.0796509534120559,0.00645074620842935
1.0,qrnn_paper,paper_reset,henon_1000,0.001,4.0,2.0,4.0,2.0,64.0,22.0,0.03693406060338017,1.3597384829832975e-05,0.0369177311658859,0.0369611196219921,0.03693109378218645,1.004151999950062e-05,0.035791508480906425,9.302524804087035e-06,0.0357791185379028,0.0358054861426353,0.035790137946605655,8.126720786153646e-06,0.15015868395566936,7.989667808927613e-05,0.1500446796417236,0.1502825021743774,0.15016227960586545,6.332993507383866e-05,0.148695033788681,9.024026435062906e-05,0.1485753059387207,0.1488266736268997,0.14870274066925043,9.18507575988492e-05,0.735464334487915,0.00011223374814554915,0.7352458238601685,0.7355977892875671,0.7354804277420044,8.678436279296875e-05,0.7429539382457733,6.347036107749803e-05,0.7428540587425232,0.7430424094200134,0.7429504990577698,4.76837158203125e-05,2764.6,332.17079943908374,2341.0,3579.0,2734.5,151.0,2257.1049999999996,274.02921246648145,1893.03,2940.82,2207.415,120.32500000000005,0.06778062973171467,0.011965494214550183,0.0533371031284332,0.0988432012498378,0.06457616426050661,0.004498777724802498,0.06604563705623145,0.011480789271960551,0.0510955303907394,0.0949215516448021,0.06394302472472191,0.0038936808705330034,0.0672773782163858,0.011298557875616079,0.0528635270893573,0.0958295762538909,0.06471934914588925,0.00410405173897745
1.0,qrnn_paper,paper_no_reset,henon_1000,0.001,4.0,2.0,4.0,4.0,64.0,22.0,0.06697237268090242,0.0014527990956288157,0.064582847058773,0.0690826475620269,0.0667612329125404,0.0011367239058017939,0.0640750370919704,0.0015911580329224454,0.0621654614806175,0.0678558200597763,0.06362771987915035,0.0006605982780456474,0.21388868242502207,0.0034242965010943963,0.208945482969284,0.218734934926033,0.214167021214962,0.003164730966091156,0.2125292062759399,0.0034808177152685312,0.2080248594284057,0.2193077802658081,0.21137543022632596,0.002600759267806993,0.4107424676418304,0.02160776325776375,0.3802023530006408,0.4444497525691986,0.41471375524997706,0.016419902443885803,0.44322393238544466,0.023233946855028286,0.3865103423595428,0.4697647988796234,0.4504958391189575,0.009271681308746338,3820.0,1147.9560096101243,2364.0,5472.0,3510.0,795.5,1373.453,401.16768693527644,869.45,2032.47,1265.105,249.40499999999997,0.0866171649843454,0.010627314397511177,0.0737292945384979,0.1027455396950245,0.0816415758803486,0.006643110141158044,0.08515579253435131,0.008947559833944728,0.0759311243891716,0.1014978736639022,0.08138262107968325,0.005315944552421549,0.08759126663208003,0.009162735167049645,0.0776501074433326,0.1009640917181968,0.08392994850873944,0.006153520196676289
1.0,qrnn_paper,paper_no_reset,henon_1000,0.001,5.0,2.0,4.0,4.0,64.0,28.0,0.06415124908089632,0.001073196548039583,0.0626967102289199,0.0665299668908119,0.0639758184552192,0.0008148774504661491,0.06039596349000924,0.0015910665708677415,0.0583423860371112,0.0635742545127868,0.0600433591753244,0.0008165091276168997,0.2097790628671646,0.0024655286378256046,0.2066934257745742,0.2155414372682571,0.21015207469463346,0.0013930797576904436,0.205712479352951,0.0038007565837893074,0.2021376937627792,0.2138221114873886,0.20414951443672175,0.001381024718284593,0.4520267814397812,0.01523122180004715,0.4191282391548157,0.4730514287948608,0.4543916136026382,0.012003213167190552,0.4926372915506363,0.020482401623013485,0.4511943459510803,0.5183528661727905,0.49751247465610504,0.01027211546897891,5383.6,2450.470126322702,2803.0,9903.0,5252.0,2248.5,2358.395,1040.318344606592,1235.54,4284.32,2296.42,951.0899999999999,0.0828909751027822,0.007138275539943774,0.075313002616167,0.0930718414485454,0.07891830839216704,0.0035282988101243903,0.08178095221519464,0.006702485855322737,0.0754004791378974,0.0926032438874244,0.0771164372563362,0.0012338533997536538,0.08269874677062031,0.006405647967009157,0.0752999037504196,0.0923084467649459,0.07950734347105021,0.004085112363100003
1.0,qrnn_paper,paper_no_reset,henon_1000,0.001,5.0,3.0,4.0,4.0,64.0,26.0,0.06654745191335672,0.0010940953067716563,0.0651540383696556,0.0684320777654647,0.06639989092946046,0.00097038224339481,0.06280687414109702,0.0018811458304977082,0.0600476153194904,0.065182164311409,0.06226885505020615,0.0021520908921957016,0.21344492286443706,0.002740581503453986,0.2095115333795547,0.2185729742050171,0.21351964771747584,0.00219006836414333,0.20958171933889386,0.003454669741277768,0.2055432796478271,0.2143820971250534,0.20843879133462906,0.002834148705005715,0.417522257566452,0.016173023520764544,0.3877784609794616,0.4389335215091705,0.41891613602638245,0.013633370399475042,0.4607461154460907,0.025659480267894066,0.42814701795578,0.4979486465454101,0.4685279279947281,0.02834379673004145,4079.0,1875.0404262308587,1341.0,6723.0,3732.5,1804.5,1654.4630000000002,737.4435409717819,562.34,2668.03,1538.725,722.6199999999999,0.08450445465743538,0.009908389857044132,0.0721209213137626,0.1024368017911911,0.0825273264199495,0.007547469809651403,0.08321521207690234,0.009097919756049852,0.0715721845626831,0.1000685840845108,0.08101288974285126,0.005863457918167156,0.08466094657778736,0.009281398070356677,0.0741978958249092,0.1037637069821357,0.0819812081754207,0.00556539371609685
1.0,qrnn_paper,paper_no_reset,henon_1000,0.001,6.0,2.0,4.0,4.0,64.0,34.0,0.06320413042392045,0.0017007692000787463,0.0604478158056736,0.0656094253063201,0.0628329962491989,0.001529641449451405,0.059950435268027395,0.0018527527327190719,0.0576338246464729,0.0624272748827934,0.0595637634396553,0.0019299387931823939,0.20777919037001472,0.0031600670436808206,0.2027455866336822,0.2124973833560943,0.2075752019882202,0.0025260299444198886,0.20446005037852694,0.0037174218259893362,0.2003821432590484,0.2102892845869064,0.2029234170913696,0.0025412738323211947,0.4642638351236071,0.022273370974125812,0.4336424469947815,0.4993214607238769,0.4707872569561004,0.023008406162261907,0.4980438692229135,0.023388284986788736,0.4663155376911163,0.5268242359161377,0.5033342838287354,0.023489952087402344,3464.1428571428573,2285.8723516774216,693.0,6946.0,2260.0,1567.0,2053.2557142857145,1348.5578015458602,414.6,4118.69,1334.95,920.35,0.07796287073620725,0.006404311331346739,0.0696620214730501,0.0883451364934444,0.076161840558052,0.0027345597743988065,0.07614115625619884,0.005335825663848668,0.0705868080258369,0.0848570466041565,0.074304461479187,0.002705551683902796,0.07748356780835557,0.004837050395461732,0.0722483769059181,0.085122026503086,0.0759298354387283,0.0035101100802421986
1.0,qrnn_paper,paper_no_reset,henon_1000,0.001,6.0,3.0,4.0,4.0,64.0,32.0,0.06452513337135313,0.0009175331695515077,0.0628782138228416,0.0664171576499939,0.06465642526745796,0.0003989897668361525,0.060950435698032324,0.0015761238731496522,0.058592390269041,0.0638095363974571,0.0606473367661237,0.001043045893311452,0.21048007458448406,0.00241467655585852,0.2062735259532928,0.2135191261768341,0.21128989011049265,0.00127362459897995,0.20626896470785136,0.002332029205325554,0.2029780149459839,0.2093903869390487,0.20632690191268915,0.002339310944080353,0.447075629234314,0.012677476080015343,0.4183484315872192,0.4688436686992645,0.4458801001310348,0.0045152753591537476,0.48549019992351533,0.02038815654054639,0.447587251663208,0.5153564810752869,0.4897205978631973,0.01312313973903656,3637.1,1872.0984188872123,1257.0,6790.0,3379.5,1491.0,2412.4089999999997,936.4736081646936,720.56,3623.05,2482.6000000000004,654.045,0.07848621405661102,0.0062649448404313406,0.0678064472973346,0.0926789358258247,0.0778279975056648,0.0034282861277461496,0.07783921286463732,0.0053681042919113625,0.0685553476214408,0.0877570509910583,0.07775044813752169,0.0041877403855324,0.0795274749398231,0.006315386421107869,0.0703523606061935,0.0944701060652732,0.078210137784481,0.0030461326241492948
1.0,qrnn_paper,paper_no_reset,henon_1000,0.001,6.0,4.0,4.0,4.0,64.0,30.0,0.06562390675147368,0.0022168997081356435,0.0627071112394332,0.0690183937549591,0.0652122609317302,0.001972060650587096,0.06290216619769728,0.0028830679505863197,0.0599912293255329,0.0683375000953674,0.0618867333978414,0.0016474947333335495,0.21241563806931174,0.004281467332673817,0.2079529911279678,0.2198338210582733,0.2110138908028602,0.002621106803417206,0.20992835611104962,0.0056162916083319255,0.2043245434761047,0.2187910825014114,0.20727755874395365,0.0023233145475387434,0.4298920085032781,0.03257141327222119,0.3774276971817016,0.4702729880809784,0.43752412497997284,0.026229172945022555,0.4583420753479004,0.04101133026684805,0.3795323371887207,0.4980492889881134,0.4738752543926239,0.021050691604614258,4549.5,2242.1126012461255,1988.0,7720.0,4613.5,2150.0,2303.07,1100.0830699542648,1014.48,3785.96,2375.905,1096.1750000000002,0.08241288817177211,0.008710764003671222,0.0712725687772035,0.0961696662008762,0.08277627080678934,0.007302581146359455,0.08028884852925933,0.00802072182256885,0.0706721618771553,0.0938345789909362,0.0796519704163074,0.006455566734075546,0.08207437396049495,0.008158487674595755,0.0727406665682792,0.0945356488227844,0.08169660344719884,0.007387205958366401
1.0,qrnn_paper,paper_no_reset,henon_1000,0.001,7.0,3.0,4.0,4.0,64.0,38.0,0.06268649660050865,0.002022531251321148,0.0582863986492157,0.0662672519683837,0.0627582855522632,0.001203062012791651,0.059756954759359326,0.002420654452637214,0.0552116073668003,0.064147874712944,0.059749417006969396,0.0016467366367578506,0.20677152127027507,0.0039352989882455456,0.197555810213089,0.2127897143363952,0.2074947208166122,0.002357788383960696,0.20361802875995635,0.0048023368120693,0.1937499344348907,0.211895003914833,0.20307281613349915,0.0031378194689750533,0.47055312991142273,0.026089781403520848,0.4230169057846069,0.5252987146377563,0.47073371708393097,0.016084566712379456,0.5004403293132782,0.03014742692443033,0.4438425600528717,0.5550174117088318,0.5015463083982468,0.020491167902946472,4324.5,1888.8923341471848,1318.0,6559.0,4501.5,1702.5,3073.862,1334.3708761644943,936.08,4664.84,3127.23,1233.9899999999998,0.07801737386733289,0.005071698244670601,0.0720787096768617,0.086089664697647,0.0761556357145309,0.0032123129814863455,0.07747840434312818,0.004514111116364631,0.0719089433550834,0.0847477465867996,0.0764132961630821,0.003453526645898798,0.07886364907026289,0.005520283134770215,0.0722053050994873,0.0890810564160347,0.07827609404921529,0.004364181309938403
1.0,qrnn_paper,paper_no_reset,henon_1000,0.001,7.0,4.0,4.0,4.0,64.0,36.0,0.06471364498138424,0.001534423968458248,0.0621024072170257,0.0673819780349731,0.06455524638295171,0.0009152814745903015,0.06111312732100482,0.001007886041340904,0.0596177205443382,0.0628357306122779,0.06096873618662355,0.0008160471916199043,0.21096045225858684,0.0028718715065153464,0.206701248884201,0.2151358127593994,0.21102526783943176,0.002728924155235235,0.20710059851408,0.0034488360150452474,0.2017715126276016,0.2114276140928268,0.20820230245590204,0.00255494564771655,0.44417727887630465,0.02120835371668289,0.405656486749649,0.4780673086643219,0.44880343973636627,0.012296825647354126,0.4838249087333679,0.013179615184403474,0.4611161947250366,0.5029355883598328,0.48641942441463465,0.009968310594558744,3965.0,1992.2707145365562,1168.0,6561.0,3896.0,2163.0,2712.8940000000002,1376.7935814362297,778.73,4617.96,2647.135,1459.89,0.08064057148993012,0.010390185366051399,0.0734565421938896,0.1104476727545261,0.07729814164340496,0.0026984386146069045,0.07879248932003972,0.008942164478186574,0.0734899714589119,0.1049965173006057,0.07555014267563814,0.0017240345478058,0.08055426627397534,0.009641559383001094,0.0740944594144821,0.1084398850798606,0.07676787301898,0.002284679561853395
1.0,qrnn_paper,paper_no_reset,henon_1000,0.001,8.0,4.0,4.0,4.0,64.0,42.0,0.06298717446625228,0.001858755031625335,0.0594914555549621,0.0652203857898712,0.06372983753681175,0.0012453850358724525,0.05904921814799306,0.0016099284472738922,0.0561381392180919,0.0621941871941089,0.059140196070075,0.001070905476808548,0.2070140644907951,0.003484751614496148,0.1998015195131302,0.2118463218212127,0.20794849097728724,0.0018205791711807667,0.20285158604383463,0.003507318266031156,0.1946623027324676,0.2073751091957092,0.2033931985497474,0.002261646091938005,0.467603474855423,0.023474298338226392,0.4400540888309479,0.5118909478187561,0.45827083289623255,0.0158048868179321,0.5094513386487961,0.01979876400995619,0.4699913263320923,0.5443295836448669,0.5087378025054932,0.013473227620124817,3981.5,1537.1347533641936,1861.0,6701.0,3827.5,1145.0,3720.422,1398.6279641405717,1741.14,6113.97,3694.365,1159.06,0.07679374631494279,0.00300018031238411,0.0725341290235519,0.0818887963891029,0.0764964241534471,0.002392912656068849,0.0759272657334804,0.0016165184155473133,0.0739594474434852,0.0787564441561698,0.07575924694538111,0.0011540986597537578,0.07734390050172803,0.002694449326230335,0.0727331414818763,0.0825938731431961,0.0767695717513561,0.002163395285606398
1.0,qrnn_paper,paper_no_reset,henon_1000,0.001,4.0,2.0,8.0,4.0,64.0,22.0,0.07358312383294101,0.0026771184029548587,0.0687467008829116,0.078319527208805,0.07427228987216945,0.0021711997687816967,0.06893600001931185,0.0022961973777612097,0.0650414004921913,0.0723762512207031,0.068697702139616,0.0016263350844384003,0.22430644631385804,0.004948192305916712,0.2156935483217239,0.2338556498289108,0.225944384932518,0.0031943470239639005,0.22063668072223658,0.003970537554271883,0.2139553129673004,0.2274580299854278,0.21967205405235285,0.0019527748227119585,0.3014725103974342,0.051702819052133225,0.200144276022911,0.3856893479824066,0.29567158222198486,0.0397326052188873,0.36916249990463257,0.04062465605571273,0.306729108095169,0.4309403896331787,0.37462745606899256,0.028652936220169095,1955.3,963.482438864352,714.0,3977.0,1675.0,826.0,1293.8870000000002,630.9383396505558,479.47,2602.25,1110.0700000000002,537.01,0.09375420756638045,0.014248664510727375,0.0792154096066951,0.1220290899276733,0.09132279790937894,0.009507215395569792,0.09095630720257755,0.011529539190556062,0.0778230726718902,0.1133377477526664,0.08987022936344141,0.008167169988155358,0.09434266984462733,0.011718813694555458,0.0793352052569389,0.1164992824196815,0.09147905930876725,0.006151430308818796
1.0,qrnn_paper,paper_no_reset,henon_1000,0.001,5.0,2.0,8.0,4.0,64.0,28.0,0.07178975716233249,0.0016445678421256964,0.0678618624806404,0.0738230720162391,0.07218209281563755,0.0010520853102206976,0.06670075207948678,0.001346792883354951,0.0642374753952026,0.0684073492884635,0.06691950932145116,0.0010153204202651978,0.2214143350720405,0.0041003049855231335,0.211562767624855,0.225246712565422,0.2233311161398887,0.0016477629542350908,0.21606756746768946,0.003086748398449539,0.2107986509799957,0.2199051827192306,0.21730159223079681,0.0016123056411742887,0.34265472888946535,0.026522282716052063,0.3103646039962768,0.405063658952713,0.340292364358902,0.017930164933204623,0.40657169222831724,0.01997981722516835,0.3805987238883972,0.4426482021808624,0.4035253524780273,0.015136495232582092,1883.8,825.7117899121945,1021.0,3208.0,1513.5,276.0,1702.8559999999998,723.0769016252698,901.46,2802.08,1399.33,254.91499999999985,0.08194283977150911,0.005584777906075393,0.0706139482557773,0.0887323513627052,0.08282817266881459,0.004456241428852099,0.08286864683032034,0.006134803919110045,0.0724711343646049,0.0911278650164604,0.08276499062776566,0.005749821662902797,0.08398735150694843,0.005525059226703248,0.0743130818009376,0.0902530699968338,0.0852168202400207,0.0042697377502918035
1.0,qrnn_paper,paper_no_reset,henon_1000,0.001,5.0,3.0,8.0,4.0,64.0,26.0,0.07289321422576903,0.0024957393653178114,0.0691108331084251,0.0778099372982978,0.0724673494696617,0.0017275698482990473,0.06752143427729604,0.002675906906987201,0.0635627210140228,0.0720192566514015,0.066964391618967,0.0016942434012889515,0.22237550914287563,0.00444564312883549,0.2162846773862838,0.2288631498813629,0.22202424705028528,0.004535011947154999,0.2166777685284614,0.00543250089894138,0.2099736481904983,0.2269644141197204,0.2162876427173614,0.00473591685295105,0.3218234464526176,0.046616863217649414,0.2349894195795059,0.3802187442779541,0.337979793548584,0.028469830751419012,0.39141860902309417,0.04392997478289676,0.3161331415176391,0.451813131570816,0.40223875641822815,0.02639046311378479,1665.0,454.453517975161,862.0,2543.0,1655.5,297.5,1392.3340000000003,373.23258692670447,735.69,2129.33,1406.685,226.3950000000001,0.08828170452266927,0.018681980259239287,0.0714339785277843,0.1404066577553749,0.08471384383738034,0.006465769931673998,0.08876806199550627,0.019851725896804194,0.073484294116497,0.1452391892671585,0.0844590365886688,0.007153004407882697,0.09116424843668935,0.02077202166267127,0.0735134556889534,0.149217203259468,0.08659499511122701,0.008066497743129744
1.0,qrnn_paper,paper_no_reset,henon_1000,0.001,6.0,2.0,8.0,4.0,64.0,34.0,0.07120875162737704,0.001746678185414028,0.0686645582318306,0.0734747424721717,0.0715562552213668,0.001158207654953003,0.06617208463805059,0.0020490959189122244,0.0636816769838333,0.0688835978507995,0.0655168890953064,0.0018352121114730974,0.2194806167057582,0.004047807619050699,0.2153751999139785,0.2278699427843094,0.2189576178789138,0.0029028207063674927,0.21322072403771536,0.005387045483551891,0.2063992470502853,0.2224042862653732,0.2133344858884811,0.0053015202283858975,0.35261993748801096,0.029260342120798807,0.3073590993881225,0.3928881585597992,0.3446406126022339,0.02183094620704651,0.4141856219087328,0.03086626652257122,0.3733499050140381,0.4506087303161621,0.4254276156425476,0.025181114673614502,1849.0,986.3683751157939,634.0,3536.0,1935.0,777.0,2218.8714285714286,1159.2022871098973,772.87,4203.26,2315.37,887.51,0.08132963467921525,0.005644546929552831,0.0733184181153774,0.0893614515662193,0.0809651978313922,0.0045226305723189975,0.08244451774018148,0.005102305619671645,0.074756421148777,0.0902883857488632,0.0822444558143615,0.003993257880210807,0.08452668679612019,0.004864144256416712,0.0777172818779945,0.0919713079929351,0.0831430628895759,0.0021567419171333035
1.0,qrnn_paper,paper_no_reset,henon_1000,0.001,6.0,3.0,8.0,4.0,64.0,32.0,0.07067573368549343,0.00172297138610592,0.0688180476427078,0.0732301920652389,0.0697601363062858,0.0009420886635780057,0.06511023491621012,0.0008965653772106967,0.0634563118219375,0.0659485608339309,0.0651547312736511,0.0007162988185882013,0.21689941883087155,0.0038732126790587944,0.2116553336381912,0.2236249446868896,0.2161326110363006,0.0012557804584502896,0.21191682815551757,0.002363603979425565,0.2075193524360656,0.2143747359514236,0.2125222533941269,0.0008670985698699951,0.3617356538772583,0.02498206941373463,0.3234656751155853,0.3891797065734863,0.3759844303131103,0.013195276260375977,0.4300375163555145,0.012646577735953825,0.4176312685012817,0.4532634913921356,0.4292566478252411,0.00949782133102417,1823.6,804.3543000444519,876.0,3294.0,1639.0,220.0,2082.5919999999996,917.7366596448024,1005.51,3764.62,1842.44,278.7399999999998,0.07962593741714949,0.004694362767267267,0.074165678024292,0.0856381759047508,0.0771727852523326,0.003007107228040609,0.0813126370310783,0.004857364494462258,0.0749023482203483,0.0874284505844116,0.0790961757302284,0.004193827509880094,0.08137634545564645,0.00227181788763422,0.0779381692409515,0.0839581042528152,0.0807362496852874,0.0027980804443359097
1.0,qrnn_paper,paper_no_reset,henon_1000,0.001,6.0,4.0,8.0,4.0,64.0,30.0,0.07217648459805377,0.002321250588697747,0.0694710463285446,0.0765528082847595,0.071465827524662,0.0018362998962403038,0.06693549909525442,0.003262306652449617,0.0624351613223552,0.0742993727326393,0.0676081106066703,0.0017147883772849898,0.22041761709584126,0.0037183281873578744,0.2147085815668106,0.2269263565540313,0.2207223325967788,0.0027240961790085116,0.2151644312673145,0.00580651739362446,0.2070492804050445,0.2278168648481369,0.2157360464334488,0.0038900524377822876,0.33516471253501046,0.03663395247812609,0.2706300318241119,0.3807365894317627,0.3397175669670105,0.030621975660324097,0.3992372353871663,0.054948522812751706,0.2673756778240204,0.4678549170494079,0.3924150466918945,0.025867223739624023,2387.4444444444443,1589.0675190963138,792.0,6312.0,1987.0,495.0,2477.378888888889,1573.7430217898027,833.41,6287.67,2066.23,518.3199999999999,0.092795992642641,0.016165215090869357,0.0773899443447589,0.1259700357913971,0.0879714824259281,0.009049076586961802,0.0914433101812998,0.0139062047274326,0.0757858455181121,0.1206521913409233,0.0884897634387016,0.007697038352489499,0.09168025437328547,0.013546642862535752,0.0765493735671043,0.115110732614994,0.0906037911772728,0.01235534995794299
1.0,qrnn_paper,paper_no_reset,henon_1000,0.001,7.0,3.0,8.0,4.0,64.0,38.0,0.07157202288508413,0.0019424060492095223,0.067965880036354,0.0738287344574928,0.0715611949563026,0.0017586424946784973,0.06543808467686173,0.0024767927659740847,0.0615597553551197,0.0694136619567871,0.0651464313268661,0.002145700156688697,0.21997689306735987,0.003714244793682787,0.2137201279401779,0.2258370518684387,0.2205834463238716,0.00271555036306384,0.21246838867664336,0.004343869600268255,0.2045782208442688,0.2187694609165191,0.21372518688440315,0.002399131655693054,0.3489156663417816,0.03231301340280703,0.3015785217285156,0.409050703048706,0.3471173942089081,0.02817489206790927,0.4245674580335617,0.035788401064090314,0.3628152906894684,0.4787405133247375,0.4295517057180404,0.03105466067790985,1632.5,739.220163415474,674.0,2756.0,1539.5,716.5,2435.1589999999997,1111.0892348902496,959.49,4067.8,2294.045,1096.045,0.07864523213356726,0.003659989607240648,0.0717232264578342,0.0844810537993907,0.07840981967747204,0.0023898271843790925,0.07939760759472843,0.004822119747882892,0.0712273865938186,0.0871481969952583,0.07937361672520635,0.003230545669794048,0.08178228884935373,0.0037269732788160915,0.0769054517149925,0.0888803675770759,0.08099315315484995,0.002120494842529304
1.0,qrnn_paper,paper_no_reset,henon_1000,0.001,7.0,4.0,8.0,4.0,64.0,36.0,0.0713237702846527,0.0034588867198351906,0.066664844751358,0.0793524831533432,0.07019992545247075,0.0013792887330055514,0.06540702655911441,0.0021613032718351016,0.062518835067749,0.0704528912901878,0.0654041357338428,0.001524876803159693,0.21861492395401,0.005970806677746895,0.2093639820814132,0.2310483008623123,0.21708010137081146,0.004070580005645738,0.21213407963514325,0.00481199236868852,0.2045661807060241,0.2217304110527038,0.21165452897548676,0.0034483298659324507,0.35248159915208815,0.0541654968958928,0.2251171618700027,0.4206425249576568,0.370489090681076,0.02579370141029355,0.42477370202541354,0.03308683984001,0.3448102474212646,0.4666718542575836,0.4264291822910309,0.021408185362815857,1437.2,726.7030755404851,695.0,3280.0,1285.5,417.5,2054.401,1050.2744317029717,1038.89,4730.87,1776.77,574.87,0.0781070195883512,0.006226964998568262,0.068573448061943,0.0918515987694263,0.0768542274832725,0.0035121142864227017,0.07783547639846798,0.0049599043953335135,0.0716167762875557,0.0898860022425651,0.07648942992091176,0.0021827779710293024,0.0809350177645683,0.005631011988169661,0.0752163454890251,0.0947413891553878,0.07904607057571406,0.002563782036304453
1.0,qrnn_paper,paper_no_reset,henon_1000,0.001,8.0,4.0,8.0,4.0,64.0,42.0,0.06832618564367292,0.0016043366148878028,0.0656287521123886,0.0710346177220344,0.06822254508733745,0.0012736357748508523,0.06378692388534543,0.001792136888647805,0.0604071989655494,0.0667167082428932,0.0636612363159656,0.0011222027242184032,0.21430133134126658,0.0030750251682787415,0.2085211426019668,0.2199749946594238,0.21458357572555542,0.001204371452331543,0.20886185914278027,0.004208591456554359,0.2020113468170166,0.2164803147315979,0.20855108648538584,0.002115115523338304,0.40135209262371063,0.019972094714334455,0.3714852035045624,0.4381787180900574,0.4013102054595947,0.016017079353332547,0.4494748115539551,0.024383555367077238,0.407820463180542,0.4936895668506622,0.45163311064243317,0.013995364308357267,2153.8,1175.6022116345307,926.0,4653.0,1779.0,617.5,3999.2740000000003,2082.5814321615376,1762.33,8213.59,3370.9700000000003,1112.575,0.0804742324724793,0.008626720554914964,0.0711262542754411,0.097164699435234,0.0788609430193901,0.0068067766726017526,0.08164297789335247,0.009551941094232633,0.0710082128643989,0.1040786281228065,0.08053009957075115,0.006652541458606755,0.08270927220582958,0.005711877386912124,0.0765310525894165,0.0938265025615692,0.08257136493921274,0.004894725978374495
1.0,qrnn_paper,paper_no_reset,henon_1000,0.001,4.0,2.0,16.0,4.0,64.0,22.0,0.07672045379877084,0.0019066939316460514,0.0735275298357009,0.080044001340866,0.0768128894269466,0.0010599456727504522,0.07513141483068461,0.002748514301347139,0.0707228183746337,0.0788938403129577,0.0759150758385658,0.0016389116644858967,0.23134040385484692,0.0032424489754967634,0.2252639830112457,0.2347993403673172,0.2319073230028152,0.0020744502544403076,0.23063892424106594,0.005685616275794367,0.2225952595472335,0.2398781031370163,0.2309051603078842,0.005135141313076019,0.21994930952787395,0.041580825446219945,0.1659904420375824,0.2949450016021728,0.21837647259235382,0.02988415211439137,0.24495634585618972,0.06482956014852649,0.1280899941921234,0.3410150110721588,0.23684144020080566,0.047408483922481565,848.4,359.98672197735294,437.0,1641.0,738.5,148.0,1174.3319999999999,490.32655359056366,596.88,2211.72,1028.715,202.6250000000001,0.08490570563822981,0.011877826410712567,0.0715899661183357,0.1159124732017517,0.0810043904930353,0.004047102667391306,0.08508735522627828,0.011893908682893986,0.0733254179358482,0.1185607686638832,0.0820065438747406,0.003424160182476099,0.08743816092610356,0.010761462498352962,0.0776424780488014,0.1141114309430122,0.0841117054224014,0.005891591310501099
1.0,qrnn_paper,paper_no_reset,henon_1000,0.001,5.0,2.0,16.0,4.0,64.0,28.0,0.07624375820159907,0.0039827136027209675,0.0708567798137664,0.0834695100784301,0.0757062248885631,0.0036152414977550507,0.07311432510614391,0.003942189401164808,0.0674697756767273,0.0809699445962905,0.0725057497620582,0.0018430538475513458,0.22971512824296947,0.006642199470026687,0.2198316007852554,0.2412498891353607,0.22976364940404886,0.005468785762786851,0.22728657126426693,0.007284283959306999,0.2149039506912231,0.2405052632093429,0.2262594178318977,0.003635726869106279,0.2327908955514431,0.08720905760125058,0.0838712751865387,0.3429553806781769,0.2520667761564255,0.06927162408828733,0.2886931076645851,0.08074285259301027,0.1370944678783416,0.3975690901279449,0.3076907247304916,0.041569620370864896,1131.5,364.04237390721426,648.0,1804.0,1103.0,350.0,2101.958,634.9103474160742,1202.25,3209.17,2081.4500000000003,584.6999999999996,0.09052201185375447,0.016730847412762602,0.0773009970784187,0.134328119456768,0.0836879145354032,0.003789053112268445,0.0921357505023479,0.018625414452934697,0.0755757763981819,0.1450300216674804,0.08630754053592675,0.0030973590910434515,0.09366099461913105,0.016556463144660864,0.0796489715576171,0.135176882147789,0.08797698095440859,0.005676936358213397
1.0,qrnn_paper,paper_no_reset,henon_1000,0.001,5.0,3.0,16.0,4.0,64.0,26.0,0.07734038606286045,0.0034734165544600833,0.0709421709179878,0.0834463834762573,0.0766929201781749,0.0014518722891807556,0.0740327455103397,0.002959912170710819,0.0694262236356735,0.0806383788585662,0.0736276917159557,0.002047043293714551,0.23229631185531616,0.006105498165583225,0.2210182249546051,0.2432573139667511,0.2301261350512504,0.002206161618232741,0.22893545329570766,0.006036144637576075,0.2180555760860443,0.2413977086544037,0.22808085381984705,0.004110872745513902,0.20320373699069022,0.08116005267666608,0.0664889588952064,0.3428307473659515,0.21969849616289133,0.03881587833166125,0.26709888502955437,0.06876672275727465,0.1067465469241142,0.3622283339500427,0.2802978456020355,0.04289636015892029,982.0,661.6548949414641,409.0,2841.0,794.0,230.5,1695.7220000000002,1100.3446251770397,700.7,4774.37,1389.885,400.59000000000003,0.09022624876350159,0.013436462900324866,0.0759164206683635,0.1201756633818149,0.08652001693844791,0.007755661569535707,0.09039851576089855,0.013260334439978093,0.0761581808328628,0.1187744215130806,0.08693345263600345,0.007814154028892496,0.09465115591883652,0.017601135016340832,0.0777917951345443,0.1358348429203033,0.08798633143305776,0.007422011345624958
1.0,qrnn_paper,paper_no_reset,henon_1000,0.001,6.0,2.0,16.0,4.0,64.0,34.0,0.07675654316941893,0.0038388161450953356,0.0708722025156021,0.081176683306694,0.07773644104599944,0.003109764307737406,0.07331727320949236,0.002793678154905257,0.0699474588036537,0.0788675621151924,0.07283971831202504,0.001231960952281952,0.22966394076744714,0.006644508627011296,0.2208676040172577,0.2379664182662964,0.2295952588319778,0.007606841623783139,0.2276517475644747,0.005280043511622326,0.2234944254159927,0.238831415772438,0.2252695560455322,0.0013956651091575484,0.2391242906451225,0.06869566223898192,0.165846511721611,0.3431556820869446,0.21766056120395655,0.04934041947126386,0.2915201311310132,0.05502573303959574,0.179041251540184,0.3537846505641937,0.30208805203437805,0.021061182022094754,1378.3333333333333,654.1112715399082,662.0,2701.0,1256.5,323.0,3354.2816666666663,1578.4703675649268,1603.88,6540.24,3061.23,769.645,0.0894846675917506,0.017723615848588156,0.0754085417836904,0.1260737136006355,0.0806447500362992,0.0039949743077159,0.08933892597754793,0.015583989116161096,0.0783567652106285,0.1218174695968627,0.0812049619853496,0.0027677305042743544,0.09486831476291019,0.021465994799095535,0.0808998644351959,0.140163391828537,0.08290492743253705,0.0019076839089393546
1.0,qrnn_paper,paper_no_reset,henon_1000,0.001,6.0,3.0,16.0,4.0,64.0,32.0,0.07959152199327943,0.002996213439371609,0.0746306478977203,0.0823581665754318,0.0806886367499828,0.0012280307710170954,0.0750255305320024,0.0022805229041777887,0.0715576633810997,0.0772383511066436,0.07565305382013315,0.001414429396390894,0.2356350533664226,0.004006088359144625,0.2293926179409027,0.2392034530639648,0.23697207123041147,0.0021715238690376143,0.23018011823296544,0.0044227764560783814,0.2252838760614395,0.2365625202655792,0.22943703830242154,0.0033231377601623535,0.16829998046159736,0.059526470149385315,0.1227591782808303,0.2702654600143432,0.140087641775608,0.012385904788970961,0.2518312260508537,0.05152496339568743,0.1861960291862487,0.3232649862766266,0.24893194437026972,0.04357305169105534,972.25,379.2719176263911,543.0,1524.0,911.0,283.5,2267.0625,879.74972569973,1278.67,3548.13,2120.7250000000004,654.2000000000003,0.10980239566415542,0.035590007986262134,0.0771131001412868,0.169945615530014,0.09607543349266046,0.01018283925950525,0.10913921892642972,0.03454266380663188,0.0813024342060089,0.168126180768013,0.0935641303658485,0.008170071989297853,0.11603204719722267,0.04143642191690187,0.0832164138555526,0.1868244856595993,0.0970436446368694,0.009614408016204848
1.0,qrnn_paper,paper_no_reset,henon_1000,0.001,6.0,4.0,16.0,4.0,64.0,30.0,0.07681233063340184,0.004149276466843273,0.0728036537766456,0.0861088335514068,0.0756685063242912,0.002169780433177955,0.07371122296899552,0.005269799211974232,0.0669714361429214,0.0815648734569549,0.0736498720943927,0.0050458945333957395,0.2315384224057197,0.006913369555409164,0.2241196185350418,0.2443349808454513,0.23007086664438245,0.005422957241535201,0.2280128952115774,0.009129372603505008,0.2146967500448227,0.2405736148357391,0.22740299999713895,0.008226767182350145,0.22256034752354023,0.09296805429799221,0.0159005336463451,0.307156890630722,0.2526146844029426,0.04829736053943631,0.26876571774482727,0.11376276714443183,0.0786513239145279,0.4037092626094818,0.28324496746063227,0.09292097389698031,1325.5,567.2964392625781,625.0,2138.0,1160.0,431.5,2912.1650000000004,1224.703538984027,1381.75,4682.81,2599.665,973.905,0.09684885870665308,0.024079755191057015,0.0738591291010379,0.1485091149806976,0.08669353090226645,0.0110087152570486,0.09819971397519107,0.02447276035862149,0.0745566859841346,0.1550607085227966,0.0873685330152511,0.010165613144636154,0.10012347716838116,0.02378149979726966,0.0797207504510879,0.1558936387300491,0.09150131419301025,0.01013918966054915
1.0,qrnn_paper,paper_no_reset,henon_1000,0.001,7.0,3.0,16.0,4.0,64.0,38.0,0.07760882973670956,0.002530037507286191,0.0736892446875572,0.0816216841340065,0.0783552303910255,0.0016816109418869019,0.07338377982378,0.0036371329756642746,0.0678317174315452,0.0789673030376434,0.07331723347306245,0.0031549856066704005,0.23256883621215815,0.003884466103969296,0.2255311161279678,0.2371325194835662,0.23387482762336725,0.002325884997844696,0.22820587903261186,0.007686088544718414,0.2161179780960083,0.2388190180063247,0.23001637309789658,0.006419681012630463,0.2132336318492889,0.05422255621297271,0.1499497145414352,0.3070848286151886,0.2043870165944099,0.043565087020397186,0.2818067312240601,0.0792060748724457,0.1537230461835861,0.3918145298957824,0.2859843075275421,0.05730967968702319,842.5,366.46916650654254,497.0,1542.0,664.5,166.0,2539.102,1092.306473630913,1505.11,4623.39,2022.3,504.91999999999996,0.08287283189594741,0.00884887302448537,0.0693625420331955,0.104149130731821,0.0824372425675392,0.004122373089194296,0.08440107703208918,0.007176815068124536,0.0741327926516532,0.1013099327683448,0.08306332677602765,0.002864580601453802,0.08756921216845506,0.009736967603419843,0.0770866647362709,0.1133892908692359,0.08545522764325135,0.003643143922090551
1.0,qrnn_paper,paper_no_reset,henon_1000,0.001,7.0,4.0,16.0,4.0,64.0,36.0,0.07928280904889104,0.0032016003579907115,0.0724504962563514,0.0839138552546501,0.0794567950069904,0.0005263350903987954,0.07621431127190585,0.0031459126172076316,0.0688527598977088,0.0802570581436157,0.0772064588963985,0.0021061263978481015,0.2354464471340179,0.005204485326073152,0.2257911562919616,0.2438858598470688,0.23625288158655164,0.0017463266849517406,0.2324904456734657,0.004794267335041135,0.2228035181760788,0.2397170811891555,0.23330087214708323,0.002602599561214447,0.1791068725287914,0.06838371964330131,0.0755034163594245,0.3142655789852142,0.16672863066196436,0.029517777264118236,0.2293189287185669,0.06632925846749262,0.1326477825641632,0.3730304837226867,0.20658202469348905,0.038193859159946456,1084.6,563.9227252026647,442.0,2105.0,971.5,373.0,3175.467,1631.1604029772793,1308.7,6053.58,2869.8599999999997,1095.31,0.0893637434020638,0.012960962292340655,0.0775526821613311,0.1177804298698902,0.08319002725183955,0.005279763974249396,0.09014689400792117,0.010820696668230144,0.0782456919550895,0.1113537400960922,0.085518155246973,0.005931988358497647,0.09354138299822799,0.01567747707345319,0.0795497372746467,0.1341802775859832,0.08852620050311086,0.006132431328296703
1.0,qrnn_paper,paper_no_reset,henon_1000,0.001,8.0,4.0,16.0,4.0,64.0,42.0,0.07825968787074086,0.003174766103988803,0.0729651227593422,0.0830070525407791,0.0783971361815929,0.002230599522590651,0.07381398826837537,0.0018336910509373504,0.0703264772891998,0.0769876465201377,0.07343019172549245,0.001225430518388755,0.23376887440681454,0.006758535829632542,0.2236799299716949,0.2449511289596557,0.23296868801116938,0.004971504211425795,0.2289879828691482,0.004089930536295795,0.2198601216077804,0.2341983169317245,0.230380967259407,0.001936860382556957,0.2047802977263927,0.06203363025648443,0.0970409139990806,0.3111302256584167,0.19482907652854914,0.03866094350814819,0.27981930375099184,0.03881974967980058,0.217221200466156,0.349429041147232,0.2909348756074905,0.027764350175857544,736.6,290.57639270938716,418.0,1363.0,611.5,153.0,2870.193,1088.3497688799314,1605.18,5100.31,2408.895,624.915,0.08714341022074219,0.008902841610540512,0.0732882488518953,0.0988571658730506,0.08759795688092704,0.009096194431185756,0.08607675060629841,0.00644007072816334,0.076168768107891,0.0954800248146057,0.08818784728646276,0.006433960050344502,0.09137423932552331,0.008687895417190526,0.0785522833466529,0.1056016683578491,0.09130405262112609,0.008016876876354197
1.0,qrnn_paper,paper_reset,henon_1000,0.001,4.0,2.0,4.0,4.0,64.0,22.0,0.07022306546568866,3.726466485698469e-05,0.0701924338936805,0.0703156739473342,0.07020961493253705,1.611188054090329e-05,0.06756208762526508,2.8118073520612833e-05,0.0675289928913116,0.0676177665591239,0.06755729392170906,2.302601933486248e-05,0.2260546267032623,0.00023776075220167608,0.2257334589958191,0.2265651226043701,0.22598829120397565,0.00016536563634875212,0.22358952611684796,0.00017434087513915351,0.2233544737100601,0.2239339798688888,0.22353955358266825,0.00011349469423294067,0.35715465545654296,0.0005295318717163523,0.355938583612442,0.3576670289039612,0.3573175072669983,0.0002589672803879062,0.39161534905433654,0.0005527290098154274,0.390411913394928,0.3921980261802673,0.3917625099420547,0.0003826618194580633,3367.3,729.2047791944318,2439.0,4884.0,3134.5,330.0,2738.717,575.6927442664185,1933.66,3912.86,2593.875,336.53,0.08514344874769444,0.009505648422427562,0.0731341551989317,0.1052353389561176,0.08220499753952021,0.005640789121389399,0.0838144294917583,0.010338570521960942,0.0734868943691253,0.1069525927305221,0.0803417488932609,0.005453191697597455,0.08457165062427516,0.009148305068625726,0.0747968181967735,0.1050983965396881,0.08178469538688654,0.004916582256555543
1.0,qrnn_paper,paper_no_reset,lorenz_1000,0.001,4.0,2.0,4.0,1.0,64.0,25.0,0.0028972093947231296,0.0005004285950186853,0.0023538202513009,0.0038365582004189,0.0028864402556791,0.000472237705253,0.00301030264236027,0.0005310752332613084,0.0024386933073401,0.0039683440700173,0.00292887736577535,0.00043694698251784997,0.040076637640595394,0.0039951102245315085,0.0353185944259166,0.0476800128817558,0.0403260458260774,0.0033669639378786018,0.04068945869803423,0.00427449798730756,0.0359999313950538,0.0487673915922641,0.04024097323417655,0.003963133320212354,0.9684496998786927,0.00544605762932853,0.9584069848060608,0.9744775295257568,0.968665599822998,0.005042195320129339,0.9671479642391205,0.005901445694523094,0.956477701663971,0.9734521508216858,0.9680038392543793,0.004918485879898016,2111.1,600.5559840680967,1028.0,3441.0,1957.0,199.0,804.216,224.61402454878015,415.44,1341.88,744.8299999999999,80.065,0.0264668365567922,0.009745189963326817,0.0100036418065428,0.046060349792242,0.0267794661689549,0.0064083353616297516,0.03073661923408506,0.01123550639714454,0.01219835691154,0.0546651817858219,0.029814721085131148,0.007465582340955748,0.025226110778748943,0.009675699457624247,0.010116072371602,0.044864933937788,0.022049575112759998,0.005536126904189599
1.0,qrnn_paper,paper_no_reset,lorenz_1000,0.001,5.0,2.0,4.0,1.0,64.0,32.0,0.00088642982882443,0.0005761998976127711,0.0004537262720987,0.0025480792392045,0.00072835118044165,0.00019199130474589998,0.0009633974725147298,0.0006333341279572754,0.0004759877047035,0.0027736888732761,0.0007935618632473,0.00022862930200064996,0.02181536778807635,0.006623496418241296,0.0160471927374601,0.0401781126856803,0.020773005671799148,0.0024502035230398005,0.02274935580790038,0.006955827670234571,0.0162565521895885,0.0417651534080505,0.02157470211386675,0.0032116360962390986,0.9904228091239929,0.006295875823651114,0.9722526669502258,0.9950957894325256,0.992157906293869,0.0020710229873658337,0.9895813167095184,0.006941225351198811,0.9697341918945312,0.9948557019233704,0.9914803206920624,0.00252494215965271,2359.4,753.6255303531058,1289.0,3540.0,2225.0,624.0,1140.965,368.79021999640935,617.77,1720.73,1092.58,322.42999999999995,0.016830809093080427,0.0076904508631175286,0.0085915737319737,0.0315444881096482,0.01374641782604155,0.004517869022674851,0.01923036249354477,0.008851964810236224,0.0089333327487111,0.0345707684755325,0.0169149143621325,0.006277671549469201,0.01661057174205776,0.007748538413858313,0.008471556007862,0.0301011092960834,0.013656230177730301,0.00489987339824435
1.0,qrnn_paper,paper_no_reset,lorenz_1000,0.001,5.0,3.0,4.0,1.0,64.0,29.0,0.00270458429586137,0.0005097974514379286,0.0021892781369388,0.0037789153866469,0.00264367193449285,0.00037968286778780006,0.0028229129035025396,0.0005170591389981721,0.002247157972306,0.0039008227176964,0.00274202181026335,0.0004092010203749002,0.03855744674801823,0.004290474157477659,0.0341190956532955,0.046917125582695,0.036998441442847196,0.0027988012880086448,0.039178133383393224,0.004046826299906217,0.0343088135123252,0.046521957963705,0.038504663854837404,0.003469837829470652,0.9704960703849792,0.005619128399638191,0.9586411118507384,0.9761013984680176,0.9712744653224945,0.004093825817108099,0.9691580832004547,0.005764826485318235,0.9570213556289672,0.9755051732063292,0.9700061082839966,0.004614174365997203,2114.7,653.3864170611447,1103.0,3232.0,1960.5,360.5,929.1209999999999,286.50341482956185,489.95,1427.19,868.325,170.55,0.02653930032160129,0.009363693191205136,0.0084375633392483,0.040272344276309,0.02559042414650315,0.0052845600526780015,0.029541654139757095,0.01269188117373219,0.0078748539090156,0.0517109483480453,0.0295664798468351,0.00968999695032835,0.02606259463354941,0.009217650029279174,0.008532122708857,0.0403601042926311,0.02633224613964555,0.006066574715077901
1.0,qrnn_paper,paper_no_reset,lorenz_1000,0.001,6.0,2.0,4.0,1.0,64.0,39.0,0.00034970405977214,0.0001017508116832663,0.0001389323442708,0.0005073378561064,0.0003624957898864,7.45726720197e-05,0.00035546413128026996,0.00011028905020469451,0.0001170936593553,0.000546874187421,0.00036128252395425,5.694813444279999e-05,0.01346281152218575,0.0020787868695037607,0.0086428541690111,0.0161228962242603,0.014079981483519,0.0013893307186662995,0.013508330378681372,0.0023787069352457575,0.0078575443476438,0.0170380808413028,0.013795128557831,0.0012430367060005509,0.9962790012359619,0.0010990183983995865,0.9945634603500366,0.9985110759735109,0.9962573945522308,0.000799864530563299,0.9961888909339904,0.0011907673567436927,0.9941213130950928,0.9987481236457824,0.9961313903331757,0.000609815120696966,2939.3,1372.4721527229615,1447.0,6564.0,2437.5,514.0,1858.187,867.1347042766768,948.26,4154.65,1526.67,344.135,0.014691125811077602,0.007769162701645773,0.0055017637787386,0.0308092648163437,0.0138254554709419,0.0051773889455944,0.014626666950061878,0.008140695482904805,0.0048885745927691,0.0317491367459297,0.01312876306474205,0.00589269283227625,0.0130537246353924,0.00778659549169994,0.0040056067518889,0.0294612012803554,0.01209169486537575,0.004803108517080551
1.0,qrnn_paper,paper_no_reset,lorenz_1000,0.001,6.0,3.0,4.0,1.0,64.0,36.0,0.0005010617735226111,0.000249428945274342,0.0002009854651987,0.0010371473617851,0.0004313343961257,0.0001449861156289,0.0005187672601701667,0.00026632283781690265,0.000215419800952,0.001045366981998,0.0004351327370386,0.00016533772577529999,0.015790532550050113,0.0035935753304656075,0.0104878507554531,0.0228137392550706,0.0147811360657215,0.0019461838528513995,0.016169921391540068,0.004073931594317049,0.0105065694078803,0.0241051223129034,0.0148084107786417,0.0029677320271730007,0.9946077002419366,0.0027004948011531194,0.9887911081314088,0.9978494048118592,0.9953799843788148,0.001609206199645996,0.9944324096043905,0.0028465822751902723,0.9888999462127686,0.997677445411682,0.995334804058075,0.0018250346183776855,2345.0,567.2371638036421,1208.0,3261.0,2492.0,430.0,2060.5811111111116,388.02323883569557,1342.08,2524.21,2135.68,213.59000000000015,0.0158567144742442,0.008060536107819804,0.006084389379248,0.0336325461044907,0.0147738942876458,0.0061275658197701005,0.01709920514581928,0.008632470366008484,0.007592471782118,0.0352160185575485,0.0152325481176376,0.005452083423733699,0.01584105121178754,0.00839589674325234,0.0063683846965432,0.0346041060984134,0.013688264414668,0.0049910433590412
1.0,qrnn_paper,paper_no_reset,lorenz_1000,0.001,6.0,4.0,4.0,1.0,64.0,33.0,0.00307947760447855,0.001064703650145966,0.0023342878557741,0.0054123420268297,0.00253354234155265,0.0001950658624992,0.00315799270756539,0.0010076849723431563,0.0024019670672714,0.0053555290214717,0.00261118204798545,0.00019349844660610004,0.040023045986890736,0.0061570782946292636,0.0341861695051193,0.0520718470215797,0.038460388779640156,0.0032830070704222003,0.0405769102275371,0.006057748024369501,0.0348666980862617,0.051876813173294,0.03873329609632485,0.003559349104762053,0.9663136899471283,0.01189438704659869,0.9401279091835022,0.974604606628418,0.9725064039230347,0.002044171094894409,0.9655095160007476,0.011120249606714669,0.9416874051094056,0.973763644695282,0.9716143608093262,0.00197756290435791,1965.2,375.8131982780807,1216.0,2607.0,2087.0,203.5,1070.3809999999999,201.2956576506309,671.92,1432.27,1138.5349999999999,92.005,0.03200244935229416,0.01265568563690655,0.0088866631500422,0.0483324564993381,0.03160622501745815,0.008992918394505998,0.03812795057892795,0.018515697248705516,0.0088444743305444,0.0626179352402687,0.036469440907239845,0.015791843645274597,0.031630049832165184,0.013836049350493576,0.0097759561613202,0.0513831600546836,0.03005276992917055,0.011404428631067248
1.0,qrnn_paper,paper_no_reset,lorenz_1000,0.001,7.0,3.0,4.0,1.0,64.0,43.0,0.00022467749076891,6.580377379482994e-05,0.0001525130501249,0.0003832867951132,0.0002146136394003,3.3399977837649986e-05,0.00022980664216441004,6.319870304067117e-05,0.0001540342200314,0.000361825863365,0.0002136617113137,4.822432674700001e-05,0.010738019365817262,0.0015971945307379077,0.0091980388388037,0.0146072329953312,0.0101402741856873,0.0008427812717854994,0.010891686286777221,0.0017172894973253028,0.0087699694558978,0.0144194066524505,0.010625045746564851,0.0012943735346197995,0.9976048946380616,0.000694845066866301,0.9959523677825928,0.9983681440353394,0.9977385401725769,0.00036826729774469547,0.9975554585456848,0.0006623963125548966,0.9962227940559388,0.9983444809913636,0.9977243840694427,0.0005272924900053821,3435.1,1363.9776721046428,1222.0,6016.0,3463.5,993.0,2681.959,1059.8130763813965,956.47,4641.83,2617.9700000000003,743.1899999999999,0.011164814473595418,0.004260259817647868,0.0038340445840731,0.0177647384814918,0.0102394596440717,0.0024345831014216,0.01125967048574233,0.004161629237310716,0.0037349995691329,0.0193329118192195,0.0114490613341331,0.0028398395515978,0.010740577103570039,0.004066470940493518,0.0038644992746412,0.0177014246582984,0.009218045044690301,0.00212217820808295
1.0,qrnn_paper,paper_no_reset,lorenz_1000,0.001,7.0,4.0,4.0,1.0,64.0,40.0,0.0006937227823072599,0.0004268916652826333,0.0001931544975377,0.0016443651402369,0.0005283984355628,0.00014928088057785004,0.00069876246416237,0.0004345278576295489,0.0001910771679831,0.001544635859318,0.0005414075276348499,0.0001915861212183499,0.018731758836656773,0.005813486224942127,0.0099873514845967,0.0293092783540487,0.016853891313076,0.002649131231009999,0.018690030928701112,0.006227695544528271,0.0097546773031353,0.0288635995239019,0.016987625509500448,0.0034825615584850485,0.99254390001297,0.004650381372725414,0.9821423888206482,0.997937798500061,0.9943123459815979,0.0016283690929412842,0.9925413191318512,0.004659931460952344,0.9833927154541016,0.99797922372818,0.9941833019256592,0.0020760595798491877,2535.6,1396.903088979332,1109.0,5446.0,1938.5,510.5,1846.3990000000001,1027.0581449991037,832.13,3960.79,1374.315,342.23500000000007,0.01596853223163629,0.0067220262409259865,0.0084134506992995,0.0270345658063888,0.013327212305739449,0.00450345703866335,0.01754617416299875,0.009067770709651988,0.0068413936533033,0.0348820015788078,0.01391651108860965,0.0047424384392797505,0.015696859918534697,0.0069406742905415075,0.0066653043031692,0.0278695207089185,0.013490160927176451,0.003668569959700152
1.0,qrnn_paper,paper_no_reset,lorenz_1000,0.001,8.0,4.0,4.0,1.0,64.0,47.0,0.00023845689995339998,0.00015575577123109173,0.0001133401310653,0.0006389656336978,0.0001989609008887,5.244588828639998e-05,0.00023702058711526667,0.0001488581857128297,0.0001145326314144,0.0006052983808331,0.000175982771907,3.053391992579999e-05,0.0110825807270076,0.003082036482294706,0.0080313403159379,0.0184762012213468,0.0106100281700491,0.0018712375313043005,0.011067117978301254,0.003109735896020391,0.0082528609782457,0.0183564405888319,0.0101349148899316,0.0008668741211295006,0.9974498550097147,0.0016739816224545625,0.99315083026886,0.9987791180610656,0.9978637099266052,0.0005714297294615589,0.9974581135643853,0.0016149186520973953,0.9934611916542052,0.9987662434577942,0.9981034994125366,0.00030034780502319336,3077.1111111111113,1009.3450510597282,1686.0,5055.0,2851.0,835.0,3037.2555555555555,978.5637141138267,1644.76,4958.09,2851.53,794.9399999999996,0.015097242694658501,0.008180895658450585,0.0058668473036959,0.0346427708864212,0.0133591351099312,0.002611929364502401,0.015670207691275355,0.010378966027750154,0.0048127891495823,0.0420924946665763,0.0122074363753199,0.004701540805399399,0.013860732161750357,0.007082034166008766,0.0050125592388212,0.0297921076416969,0.0132497306913137,0.002960301004350201
1.0,qrnn_paper,paper_no_reset,lorenz_1000,0.001,4.0,2.0,8.0,1.0,64.0,25.0,0.00489211776293808,0.0013828208661688871,0.0036328614223748,0.007520452607423,0.0044083343818783,0.0005108043551445007,0.005201016645878501,0.0018442607196860305,0.0035940054804086,0.008796852082014,0.0043773418292403,0.0005025803111492998,0.05323878303170197,0.007416093508938406,0.0460728481411933,0.0675885081291198,0.0510338582098484,0.0007696561515331962,0.05523344725370401,0.010024721476452962,0.0461249314248561,0.0747473165392875,0.0512823797762393,0.0017914474010468015,0.9459537982940673,0.015886842848659866,0.9156789779663086,0.9600131511688232,0.9513072967529296,0.005558252334594838,0.9428512334823609,0.021080891334565633,0.9016626477241516,0.9607049226760864,0.952071726322174,0.005490481853484996,1481.0,588.9404044553235,973.0,2627.0,1274.0,125.0,1070.416,436.0884573386459,687.66,1917.77,929.51,104.93999999999994,0.03640242621302602,0.017519677708583894,0.0230192171409726,0.0693157386034727,0.0261516418308019,0.0031324246898292996,0.045009746029973,0.02798425057606775,0.0233695525676012,0.0960691347718238,0.0265888515859842,0.0032192990183829984,0.0379842814058065,0.020490156655835274,0.0226309970021247,0.0758176669478416,0.0245181396603584,0.0018871426582337016
1.0,qrnn_paper,paper_no_reset,lorenz_1000,0.001,5.0,2.0,8.0,1.0,64.0,32.0,0.0021718141273594895,0.0007428780812293555,0.0012994908029213,0.0036033517681062,0.0021043369779362503,0.00062645017169415,0.0021528528770431497,0.0007290987314642296,0.0011828113347291,0.0035037517081946,0.002093217393849,0.0006426366162485999,0.03507170584052796,0.00617957395476838,0.0271021425724029,0.0449549034237861,0.0349891129881143,0.005637064576148999,0.035011962428688946,0.006187252546007083,0.0262077581137418,0.0441197901964187,0.03478372097015375,0.0057162595912814,0.9764788508415222,0.008316481968043533,0.960565447807312,0.986228048801422,0.9771365225315094,0.006912410259246826,0.9769020676612854,0.008139336192233596,0.9617840647697448,0.9876337051391602,0.9776045382022858,0.007160067558288574,1692.8,559.3415414574534,1059.0,2961.0,1552.5,340.0,1683.9509999999998,559.3135030812326,1069.86,2992.23,1526.645,330.37,0.020120902173221062,0.007842750035420436,0.0116235882509499,0.0348173247650265,0.01771018430590625,0.004646696546114998,0.02272360855713483,0.009986199432115924,0.0122495889663696,0.0443112477660179,0.0175946522504091,0.0039062066935002986,0.0194014916196465,0.007553340544209099,0.011903497390449,0.0347483903169631,0.01746558956801885,0.004769826307892751
1.0,qrnn_paper,paper_no_reset,lorenz_1000,0.001,5.0,3.0,8.0,1.0,64.0,29.0,0.00389360226690764,0.0015767709508492092,0.0023589597549289,0.0073205032385885,0.00316581502556795,0.00028056558221575,0.00429914603009815,0.0020542752134340885,0.0025105308741331,0.008836330845952,0.0034565608948468503,0.00043930322863160024,0.04690922684967513,0.009401695927879586,0.0350195802748203,0.0671514123678207,0.0431620124727487,0.0009451154619455511,0.04924874044954773,0.011342742933261022,0.0357531458139419,0.0729115009307861,0.045184178277850096,0.0020026024430989976,0.9571049630641937,0.017945290699945805,0.9176612496376038,0.9743075370788574,0.9656016230583192,0.0031166672706604004,0.9528281390666962,0.02350104206677789,0.9003812074661255,0.9728198051452636,0.9629517793655396,0.004169970750808771,1770.8,809.366023502346,769.0,3266.0,1413.5,555.0,1580.763,718.4706603063204,709.65,2986.0,1268.615,490.195,0.026081710616126602,0.0065767453896619895,0.0141477168537676,0.0359953816980123,0.0264696886762976,0.006227239081636051,0.028693361394107282,0.006916326876522192,0.017453534528613,0.0396335572004318,0.02816887572407715,0.00528591312468055,0.025989845953881697,0.006906226895560691,0.0156496278941631,0.0376891382038593,0.0266260541975498,0.006503283977508552
1.0,qrnn_paper,paper_no_reset,lorenz_1000,0.001,6.0,2.0,8.0,1.0,64.0,39.0,0.00148419889737847,0.00032646468951211114,0.0009438848937861,0.002122015459463,0.00146820722147815,0.00011396373156459993,0.00144254811457353,0.000377887260976991,0.0009554328280501,0.0021586418151855,0.0013911317219026,0.0002029417664744,0.02856212966144081,0.0036371323273623997,0.022768035531044,0.0350141786038875,0.02878944575786585,0.0022922735661268494,0.028402300924062696,0.004072171691342525,0.0227811317890882,0.0358594879508018,0.028470323421061,0.0032026544213295,0.9840214729309082,0.003526397662163011,0.97742360830307,0.9897898435592652,0.9840646386146545,0.001344591379165594,0.984500938653946,0.004140436225997817,0.9767184257507324,0.9896966218948364,0.9850954115390778,0.0021737217903137207,2122.8,938.7928205946187,855.0,3973.0,1867.5,558.0,2775.5020000000004,1227.8738453587162,1107.77,5061.06,2436.01,724.7200000000001,0.01682219072710718,0.006081889678082377,0.0080624180380254,0.0295397380366921,0.0162341048009693,0.0046119479462504,0.016753708571195562,0.0064154987670494565,0.0092634707689285,0.0307651907205581,0.01468008942902085,0.0034557390026748493,0.01524664554744953,0.006150973182301141,0.0075050396844744,0.0286826640367507,0.01489447429776185,0.004508702084422099
1.0,qrnn_paper,paper_no_reset,lorenz_1000,0.001,6.0,3.0,8.0,1.0,64.0,36.0,0.0020669554476625803,0.0008558360404817024,0.0010736867552623,0.003450151765719,0.0019441862823441,0.0007419661269523,0.00208265867549919,0.0008379642600130317,0.0009531655814498,0.003350791754201,0.0020726041984743503,0.0007232259376905501,0.03398560304194685,0.007281071560039144,0.0250405650585889,0.0455394200980663,0.0343112777918577,0.0065878918394446494,0.03405814655125135,0.007383734492705798,0.0231895595788955,0.0453586019575595,0.034186135046184,0.006277927197515951,0.9776677846908569,0.009273238429036138,0.9620792269706726,0.9883776903152466,0.9789222478866576,0.008139431476593184,0.9775435507297516,0.009072143147414951,0.963627815246582,0.9897376894950868,0.97764852643013,0.00776821374893194,1828.7,721.0714319677351,1093.0,3506.0,1584.0,281.5,2974.678,1052.590714673087,1581.46,4743.74,2696.325,747.3949999999998,0.020171460607089072,0.005852112829867059,0.0095104926731437,0.0307916663587093,0.0213396042119711,0.0030608700122684487,0.022411620803177323,0.007940111481423427,0.009057673625648,0.0373583957552909,0.0222706217318773,0.0038094036281108995,0.019890350569039532,0.006258795723893674,0.008530699647963,0.0319081954658031,0.02094723470509045,0.0037981644272804
1.0,qrnn_paper,paper_no_reset,lorenz_1000,0.001,6.0,4.0,8.0,1.0,64.0,33.0,0.00357756305020297,0.0005596065097687449,0.0029097648803144,0.0044117541983723,0.00339334714226415,0.00033632351551199976,0.00363628452178084,0.0006482903819305736,0.0028907540254294,0.0050962893292307,0.00339162792079145,0.00019095686729999999,0.045641600713133765,0.003620386148114572,0.0410811342298984,0.0520473532378673,0.04414027929306025,0.0020204912871122013,0.04601366706192489,0.004243975535053462,0.0419880487024784,0.0551280789077281,0.04433587752282615,0.002265488728880851,0.9608017802238464,0.006217357905138367,0.9516331553459167,0.9681153297424316,0.9627664387226105,0.003949016332626343,0.9604588687419892,0.007090156483961259,0.944031834602356,0.9685202240943908,0.9630622565746307,0.0021841526031493586,2021.5,728.11678321544,1113.0,3614.0,1903.0,540.5,2231.8779999999997,783.3256107494508,1251.29,3958.94,2122.63,573.4300000000001,0.02891627899836744,0.013136930145971093,0.0100199691485613,0.0580396078526973,0.0291029850021004,0.007703862525522699,0.032137967925518686,0.019739032316925118,0.0084265256300568,0.0849682763218879,0.02951243985444305,0.007664899341762,0.02841087076812977,0.015245587749214948,0.0074511412531137,0.0649859905242919,0.0263832556083798,0.01003053318709135
1.0,qrnn_paper,paper_no_reset,lorenz_1000,0.001,7.0,3.0,8.0,1.0,64.0,43.0,0.00136708717036521,0.0005026631739210385,0.0004176463407929,0.0023218574933707,0.00143608072539785,0.00024835002841429993,0.00131212563719595,0.0005033560166240684,0.0004537759232334,0.0023018533829599,0.0013825732748955,0.00022782548330724998,0.02716405726969238,0.005419970370029748,0.0166197624057531,0.0354584977030754,0.028509058989584397,0.0029579540714621527,0.02695201765745875,0.005898081863974195,0.0169098004698753,0.037481352686882,0.0280658099800348,0.0029878234490751995,0.9852627992630005,0.005416440764846077,0.975010097026825,0.9955096244812012,0.9844175279140472,0.002552419900894165,0.9859179973602294,0.005451633956098274,0.9751930832862854,0.99522203207016,0.9850675761699677,0.0024114251136778675,2163.1,1022.6511086387185,923.0,3894.0,2072.0,779.0,3420.5399999999995,1619.23396707826,1427.09,6180.92,3300.755,1219.285,0.01429351956816384,0.00525794372654436,0.0050948221003636,0.0230380540713667,0.01277627060189835,0.0029049462405964493,0.013854514574631988,0.005866116941016638,0.0050522568635642,0.025943137705326,0.01101310783997175,0.00296439649537205,0.012847171071916769,0.004904431990045858,0.0045625697821378,0.0212971977889537,0.01123671373352405,0.0022317399270832504
1.0,qrnn_paper,paper_no_reset,lorenz_1000,0.001,7.0,4.0,8.0,1.0,64.0,40.0,0.00161196154658678,0.0004634875514617247,0.0009676803019829,0.0024650497362017,0.0016060818452387502,0.00043371331412344976,0.00166216546203935,0.000558679477163629,0.0009749541059136,0.0027715426404029,0.0016163667314685,0.0004883088986389499,0.030086645670235123,0.0040726380541186895,0.0245271567255258,0.0352942831814289,0.03000175114721055,0.004500183276832102,0.030564742907881682,0.004811937887559798,0.023833630606532,0.0375737212598323,0.0294637326151132,0.0041068401187658,0.9825990378856659,0.005060061700044986,0.9732510447502136,0.9896010756492616,0.9826143980026245,0.0046662986278533936,0.9821005821228027,0.006060271633493887,0.9698145389556884,0.9895071983337402,0.9825657904148102,0.005230724811554011,2078.9,873.1387575866736,1142.0,4495.0,1825.5,203.0,3064.9170000000004,1238.4110191293519,1761.46,6483.64,2668.395,271.8699999999999,0.017615487226284983,0.004852598423984411,0.0066658203955739,0.0248556924983859,0.01725864610634735,0.00322795221582055,0.01836529495194551,0.00561152507171944,0.0076441718265414,0.0277398396283388,0.01822717674076555,0.0025885249488055507,0.01664995425380762,0.005106228597062135,0.0069703073240816,0.0256484039127826,0.017599756829440552,0.003699420485645549
1.0,qrnn_paper,paper_no_reset,lorenz_1000,0.001,8.0,4.0,8.0,1.0,64.0,47.0,0.0007748274624140223,0.00023849694404894545,0.0005069427425041,0.001203071558848,0.0007287852931767,0.0002216802677138999,0.0007627442699028668,0.0002532499438347027,0.0005104474257677,0.0012605760712176,0.000720387964975,0.00017803121590980007,0.020649910387065634,0.003412024507652894,0.0165177378803491,0.0265387427061796,0.0201199855655431,0.0031486935913562983,0.020460979599091697,0.00344664046120004,0.0168560910969972,0.0266318954527378,0.0200944114476442,0.0028173290193081006,0.991668873363071,0.002591216383720178,0.9869397878646852,0.9946449398994446,0.9922436475753784,0.0022765398025511585,0.991809195942349,0.0027235281062458513,0.98642897605896,0.9945067763328552,0.9922506213188172,0.0019510388374327503,2384.4444444444443,847.989925400206,1038.0,3593.0,2631.0,939.0,4633.386666666667,1552.1294327042017,2110.73,6875.93,5048.1,1608.1799999999994,0.010344547317880677,0.005288901429174353,0.0054469340946525,0.0201280836947262,0.0078572826925665,0.0012537553906439985,0.010185305287854501,0.005475799836611269,0.0053313900716602,0.0231679305434227,0.0089132990688085,0.0023086806759238,0.00922620477568769,0.004728290896968852,0.0055366838350892,0.0203883182257413,0.0073337163776159,0.0013775350525975002
1.0,qrnn_paper,paper_no_reset,lorenz_1000,0.001,4.0,2.0,16.0,1.0,64.0,25.0,0.007651941850781375,0.001642676405281578,0.005923653487116,0.0094317235052585,0.0076261952053755,0.00161265232600275,0.0072650676593184,0.0012543637746673382,0.0059410282410681,0.0089532267302274,0.00708300783298905,0.0010216089431196499,0.06826615240424869,0.007487049068383375,0.0601493380963802,0.0771461874246597,0.0678845420479774,0.007013922557234757,0.06683978904038662,0.006726926365807558,0.0596396215260028,0.0768584981560707,0.0654305182397365,0.0046567376703024015,0.9151143729686737,0.019753086049839566,0.8931136727333069,0.9371092319488524,0.9151172935962677,0.01960507035255432,0.9204523414373398,0.013804873809278714,0.9025022387504578,0.9357929229736328,0.9217571020126343,0.012034803628921509,1793.75,664.0054122520388,1055.0,2818.0,1651.0,424.5,2631.41,969.7095492207961,1548.74,4135.69,2420.605,608.2099999999999,0.031724555674008975,0.009889037736040518,0.0229083996266126,0.0476193960756063,0.0281852134969085,0.00475228442810475,0.03583583701401945,0.013739519788966481,0.0241110976785421,0.0592627562582492,0.029984747059643248,0.0031420839950442505,0.0317589086480438,0.009179989669625865,0.021794319152832,0.0463758669793605,0.029432724229991353,0.005109457299113253
1.0,qrnn_paper,paper_no_reset,lorenz_1000,0.001,5.0,2.0,16.0,1.0,64.0,32.0,0.007811544835567409,0.0012356815632483522,0.0046379971317946,0.0094398101791739,0.00813875254243605,0.0005059821996837494,0.00813503693789238,0.0015505716572422159,0.004374552052468,0.0100008780136704,0.008165546692907751,0.0006884543690830508,0.07071021348237987,0.006351069235919987,0.0543516725301742,0.0789083465933799,0.07158873975276944,0.0028269514441490035,0.07206992842257018,0.007158934817701809,0.0532880537211895,0.0797172486782074,0.07274719327688214,0.002919830381870249,0.9128326177597046,0.014375165333279727,0.8938153386116028,0.9489357471466064,0.9086529612541199,0.0068311989307403564,0.9101448893547058,0.01819715618696513,0.8874102234840393,0.9528784155845642,0.910356193780899,0.008347481489181574,1400.8,614.6951764899412,627.0,2623.0,1368.0,608.0,2834.9089999999997,1196.2869155637372,1346.45,5214.43,2803.3500000000004,1127.1799999999996,0.02697913892567152,0.008254156259993288,0.011813997849822,0.0416624221950769,0.0258600298315286,0.0064266962930560004,0.03074454851448529,0.012956175837623424,0.012527335435152,0.0603681579232215,0.028380239382386152,0.005962491966784,0.027191254030913083,0.010291749273697146,0.0116689102724194,0.0521506741642952,0.02622083760797975,0.0050805555656552506
1.0,qrnn_paper,paper_no_reset,lorenz_1000,0.001,5.0,3.0,16.0,1.0,64.0,29.0,0.00740011767484243,0.0019988921724163875,0.0050074243918061,0.0117970183491706,0.00665869400836525,0.0014164666645229002,0.007678088033571791,0.0019891208584931577,0.0046089049428701,0.0106948586180806,0.00756032555364065,0.0018481106963008998,0.06881639286875721,0.00872917717604958,0.0564101822674274,0.0872661024332046,0.0663700327277183,0.006497710943222053,0.07021996825933449,0.008859669160181662,0.0539701506495475,0.0817465782165527,0.06944993138313285,0.0077856443822383985,0.9176844537258149,0.023107426800670777,0.8662431240081787,0.944805383682251,0.9266942143440247,0.015607804059982244,0.9155875384807587,0.022584658764117888,0.8808924555778503,0.9496170282363892,0.9166163206100464,0.019626855850219727,1382.0,406.39537398941934,913.0,2130.0,1289.0,325.5,2564.781,722.1248595146133,1711.51,3894.76,2449.3900000000003,635.6949999999999,0.03729413376189764,0.012148867812371723,0.0171267530880868,0.0673764791339635,0.03533137617632745,0.002067428361624501,0.04490944445133204,0.015214228356456505,0.0190831124782562,0.081115685403347,0.0438781473785638,0.004618048667907701,0.03878130856901402,0.013560827422789627,0.0186910759657621,0.0721094459295272,0.036112070083618095,0.002232750877738006
1.0,qrnn_paper,paper_no_reset,lorenz_1000,0.001,6.0,2.0,16.0,1.0,64.0,39.0,0.005449725291691659,0.002063673908027207,0.0028865127824246,0.009843342937529,0.0045544235035777005,0.00107641879003495,0.00583075375761833,0.0023619278845071518,0.003227214096114,0.0107052139937877,0.00491712638176975,0.0009815029334277001,0.05736658535897728,0.010652198972624151,0.0425492674112319,0.0773775354027748,0.0529992058873176,0.0065082479268312,0.05954392962157724,0.011657524811452415,0.044375903904438,0.0810089260339737,0.05548899620771405,0.006463736295700052,0.9406665444374085,0.022793468707518083,0.8917616605758667,0.96845942735672,0.9507604539394379,0.011457055807113592,0.936096829175949,0.02673519512801257,0.8815960884094238,0.9650057554244996,0.947048008441925,0.010333597660064697,1545.8,614.8222182062063,765.0,2345.0,1515.5,640.5,4122.576,1657.660858343467,2045.57,6258.96,3997.1449999999995,1626.2949999999996,0.02011060963384802,0.006266611925825875,0.011583764757961,0.0292651738971471,0.0212515896186232,0.006253636581823249,0.02015752736479039,0.0064064042334450524,0.0115744872018694,0.0295450165867805,0.01883017830550665,0.004947952460497601,0.01837438344955439,0.005822019962417083,0.0118132615461945,0.0284722745418548,0.0175711056217551,0.005198573693633099
1.0,qrnn_paper,paper_no_reset,lorenz_1000,0.001,6.0,3.0,16.0,1.0,64.0,36.0,0.0056385915726422705,0.0014316202062496907,0.0034374815877527,0.0079444600269198,0.00597645691595965,0.0008653316181153003,0.005631119851022879,0.001710128485860888,0.0031886221840977,0.0078029916621744,0.00593738211318845,0.0015738387592136504,0.05827780067920681,0.007614011661780662,0.0460003986954689,0.0685521587729454,0.06085816398262975,0.00378546118736265,0.05772330835461612,0.009056470464840767,0.0434975288808345,0.0674067512154579,0.060842216014862,0.00651225075125695,0.938053035736084,0.0157831387685272,0.9128820896148682,0.9623633623123168,0.9343302547931671,0.00907361507415766,0.9386407911777497,0.019018715095541268,0.9144667387008668,0.9658972024917604,0.9352883696556091,0.01732578873634344,1592.7,697.1499193143466,720.0,3018.0,1542.5,576.5,4793.05,1639.354716887105,1794.15,7248.09,4839.9,1409.9649999999997,0.028499641362577644,0.009761508394155481,0.0159276183694601,0.0441348727792501,0.02584291682578615,0.006331581436097548,0.031453208066523033,0.01075693456500621,0.0165216624736785,0.0503744445741176,0.02703568059951065,0.003046049736440199,0.028331071510910938,0.009276087537541344,0.0158113222569227,0.0417827777564525,0.0271182060241699,0.0078510977327824
1.0,qrnn_paper,paper_no_reset,lorenz_1000,0.001,6.0,4.0,16.0,1.0,64.0,33.0,0.007811811856097601,0.003740294268609313,0.0042072879150509,0.0165212880820035,0.0057602412998676,0.0011516925878823003,0.00803329402373891,0.003325092238796187,0.0037409467622637,0.0151977026835083,0.006412704475224,0.0011505880393088003,0.06820415250129165,0.013915536583569197,0.052662655711174,0.0993065163493156,0.0602143891155719,0.006790194660425207,0.0695171165797445,0.013151214569347203,0.0481127984821796,0.0952389612793922,0.0646247193217277,0.006651289761066409,0.9123282498783536,0.043684242588126865,0.8110175728797913,0.9542791843414308,0.9360889196395874,0.012995600700378418,0.9109133018387688,0.039000166884731194,0.8270437121391296,0.9602851271629332,0.929625391960144,0.011708974838256836,1336.111111111111,578.32025815084,635.0,2183.0,1151.0,516.0,3052.158888888889,1298.1363408487182,1489.59,4941.55,2630.89,1141.3,0.02962949584341707,0.006574118128792876,0.0217641772702336,0.0391519309952855,0.026135336048901,0.004371158778667401,0.03318854835298322,0.00836350965664461,0.0226240903139114,0.0466894060373306,0.0324756540358066,0.008205063641071299,0.030135898333456732,0.006532036821663678,0.0215426348149776,0.041773747652769,0.0269284304231405,0.005385795608162901
1.0,qrnn_paper,paper_no_reset,lorenz_1000,0.001,7.0,3.0,16.0,1.0,64.0,43.0,0.00435212671291077,0.0011145447916590331,0.0029537482187151,0.0064174402505159,0.0042511143255978,0.0009254859760403499,0.00456224079243835,0.001159600241571154,0.0030722559895366,0.0065901651978492,0.00481388834305105,0.0011005672859028001,0.05125571414828296,0.006797267536081617,0.04285179823637,0.0645734667778015,0.051137238740921,0.00557339563965795,0.05316968970000739,0.007145645824961312,0.0439129844307899,0.0665806829929351,0.054771259427070604,0.006123984232544899,0.9525730013847351,0.012379805290277728,0.929903507232666,0.9683005809783936,0.9538610875606538,0.009943306446075384,0.9505677998065949,0.012753267132339206,0.9273409247398376,0.9672081470489502,0.947494387626648,0.011363714933395386,1368.9,497.8968668308729,615.0,2336.0,1235.0,266.5,4434.255999999999,1592.4027702575752,2067.47,7555.48,4058.74,745.3100000000004,0.017244902383536043,0.004604751915043202,0.0112597009167075,0.0256854470819234,0.016514558717608402,0.00276678348891435,0.017900023050606208,0.004031834404186847,0.0124229388311505,0.0241187922656536,0.01657194457948205,0.0034768204204737993,0.01640896564349526,0.00435319013081204,0.0110586769878864,0.0247837919741868,0.0151185514405369,0.00290029682219025
1.0,qrnn_paper,paper_no_reset,lorenz_1000,0.001,7.0,4.0,16.0,1.0,64.0,40.0,0.0051860965089872,0.001404221482606095,0.003427235642448,0.0082248011603951,0.00501376157626505,0.0011227220529690498,0.005344828800298231,0.001413728634850944,0.0032824866939336,0.0080184964463114,0.0052767815068364005,0.0010867037344724,0.05647886171936985,0.007730855478090326,0.0465444475412368,0.0723694637417793,0.05456960573792455,0.005673510953783999,0.057382275164127305,0.008017043138873756,0.0449893809854984,0.0710219517350196,0.057354271411895696,0.006586585193872452,0.942954170703888,0.015591149716031767,0.909662902355194,0.9625089764595032,0.9449816644191742,0.01242154836654663,0.9415455758571625,0.015759505487522665,0.9116412997245787,0.9646746516227722,0.9422225952148438,0.012055128812789917,1398.6,431.08472485115965,821.0,2239.0,1329.5,312.5,4281.223,1298.4775988907163,2497.41,6801.37,4178.915,995.9950000000001,0.026415086733177263,0.00835155102592416,0.012921685539186,0.0370986165478825,0.0277322286739945,0.007581701828166851,0.03017503758892412,0.010611630885945135,0.0132229411974549,0.0440306477248668,0.03027448244392865,0.01012932229787115,0.02699085613712664,0.009312375224172062,0.010733020491898,0.0424003712832927,0.0273139793425798,0.007582988590002053
1.0,qrnn_paper,paper_no_reset,lorenz_1000,0.001,8.0,4.0,16.0,1.0,64.0,47.0,0.0039332655206736,0.0010874458916916264,0.0019858330488204,0.0054364912211894,0.0036737280897796,0.0006669145077466999,0.004036273936637511,0.001070471017582306,0.0019841769244521,0.0052943117916584,0.0039108199998736,0.0009796470403671004,0.04926031827926632,0.006832640778299291,0.0348857231438159,0.0573059394955635,0.0491813234984874,0.005269687622785506,0.04994560943709474,0.0073080315041086094,0.0340714789927005,0.0586800351738929,0.0517546273767948,0.004411581903696102,0.9572149382697211,0.011948534370310264,0.940234899520874,0.978463351726532,0.9599151611328124,0.007712841033935436,0.9562570717599657,0.011811459080829399,0.9418439865112304,0.9787637591362,0.9574987292289734,0.010952770709991455,1278.7777777777778,511.9350605036146,678.0,2571.0,1196.0,129.0,5162.711111111112,1950.2789144657943,2839.23,10042.27,4846.52,561.1200000000008,0.016759689493725655,0.005755792435218756,0.010232301428914,0.0279967110604047,0.0151571856811642,0.0039118400774896,0.018542504869401413,0.006735144446243453,0.0099867284297943,0.0332225486636161,0.0178554728627204,0.0050366446375847,0.016390453817115846,0.00648832781362824,0.00937922578305,0.0316684991121292,0.0155197894200682,0.003535383380949499
1.0,qrnn_paper,paper_reset,lorenz_1000,0.001,4.0,2.0,4.0,1.0,64.0,25.0,0.010975714866071871,2.2357064943844193e-05,0.0109588643535971,0.0110307950526475,0.010965242050588051,4.129949957149687e-06,0.01503711482509967,2.1142984967088528e-05,0.0150074120610952,0.0150847537443041,0.01503509236499665,1.4177523553349745e-05,0.07894448712468141,0.00012318853073104913,0.0787548497319221,0.0791030675172805,0.0789664834737777,0.00011185184121129815,0.0966247551143169,0.00015821907263934256,0.0963914990425109,0.0968569815158844,0.09658621251583095,0.00012251362204554472,0.8736852884292603,0.0002773176297529679,0.8730084896087646,0.8738839626312256,0.8738206326961517,5.176663398742676e-05,0.824063241481781,0.0003342432356113126,0.8234655857086182,0.8245133757591248,0.8241620063781738,0.00023749470710754395,1431.2,152.26870985202441,1220.0,1784.0,1437.0,64.5,1177.8469999999998,122.40853549079002,992.49,1466.74,1182.39,58.61500000000001,0.029943389594554864,0.010922911944195798,0.0171953544951975,0.0586998715996742,0.0277439185418188,0.0050004352815449515,0.034515024907886924,0.01432327916905998,0.0227051861584186,0.0736706629395484,0.029904648661613402,0.004238796420395402,0.029783340916037515,0.011004392839729765,0.0176142696291208,0.0588909052312374,0.0274670850485563,0.004461796954274202
1.0,qrnn_paper,paper_no_reset,lorenz_1000,0.001,4.0,2.0,4.0,13.0,64.0,25.0,0.03275747839361424,0.004461839932955926,0.0268066339194774,0.0386156067252159,0.0328219281509518,0.004747025668621049,0.03504328634589905,0.004164318074827782,0.0281962435692548,0.0393945202231407,0.03632993623614305,0.0030545089393854523,0.1411773510277271,0.010993543021042405,0.1233002319931984,0.1561291217803955,0.1426480486989021,0.009936638176441193,0.14591490328311918,0.010155949393718432,0.1282553523778915,0.1562531441450119,0.1500482335686683,0.006132386624813135,0.5427819728851319,0.09508841514087378,0.41746386885643,0.6631931662559509,0.5430424511432648,0.09840407967567444,0.5298013418912888,0.06893359853824577,0.4410011172294616,0.6387788653373718,0.5196031481027603,0.05692094564437869,1780.4,1115.8656908427645,522.0,4324.0,1395.0,397.5,674.979,424.52399798951296,210.38,1644.35,506.225,142.45999999999998,0.04177863350138065,0.0030087926306142355,0.0378969362005591,0.0480572640895843,0.0410565757192671,0.0012801584787666999,0.0493464287370443,0.0038571335661474583,0.0439035966992378,0.058486346155405,0.04849473573267455,0.0017381142824888507,0.044613619893789244,0.00436556162526952,0.0406052283942699,0.0569938942790031,0.04362818785011765,0.0009827222675085033
1.0,qrnn_paper,paper_no_reset,lorenz_1000,0.001,5.0,2.0,4.0,13.0,64.0,32.0,0.028418376296758613,0.004184873611128723,0.0243441108614206,0.0404164008796215,0.02718397974967955,0.0006008036434649987,0.02966411523520941,0.0033578431362280476,0.0253958832472562,0.0386512987315654,0.02914884313940995,0.0012119235470890999,0.12894307598471638,0.010236758171952012,0.1165243983268737,0.1563366800546646,0.12485251575708385,0.002643000334501301,0.13197752162814136,0.008190569858977011,0.1195873394608497,0.1518976092338562,0.1299819722771644,0.004251897335052449,0.6330273151397705,0.08629063643599208,0.3823011517524719,0.70577472448349,0.6605476438999176,0.013200581073760986,0.6110926628112793,0.06142905992837914,0.4419549107551574,0.681538462638855,0.6208233535289764,0.020179659128189087,2506.8,1545.5545153762775,980.0,6620.0,2330.5,605.0,1215.463,749.043460021513,479.25,3214.67,1102.62,329.7550000000001,0.0379829503782093,0.0035913825599950514,0.0332047663629055,0.0447158578783273,0.0379945798777043,0.0033325507305562996,0.04449546374380583,0.004318199844277622,0.0371128693222999,0.0529996827244758,0.04512106440961355,0.0025762673467397516,0.040982949733734085,0.004126032348935239,0.0343089252710342,0.0485034734010696,0.041975397616624804,0.003076529130339598
1.0,qrnn_paper,paper_no_reset,lorenz_1000,0.001,5.0,3.0,4.0,13.0,64.0,29.0,0.03192758858203883,0.004936155079133364,0.0266709569841623,0.0386586971580982,0.0298045026138424,0.0031130285933613517,0.03369196951389307,0.005013054171322567,0.0272389166057109,0.0422734506428241,0.03195901401340955,0.004123997874557953,0.1382569760084152,0.012596984389569646,0.1222437843680381,0.1568088829517364,0.1359300538897514,0.011782582849264145,0.14238521754741665,0.01185832708835898,0.127150684595108,0.1648636162281036,0.14017798751592636,0.009839437901973683,0.5630976617336273,0.10745713813570756,0.4178632199764251,0.6789377927780151,0.6071425676345825,0.0689675509929657,0.5451167166233063,0.0876723113433023,0.3710849583148956,0.6502683758735657,0.5759897828102112,0.0665898323059082,1822.6,1086.4162369920655,595.0,3668.0,1423.0,801.0,803.408,477.724746811383,261.72,1610.54,634.185,359.7199999999999,0.04710159480571743,0.014684849098457154,0.0378808481618762,0.090101496130228,0.04234647667035455,0.0035217026248574,0.057609299570322,0.026102983600333248,0.0443790405988693,0.1351639032363891,0.048138527199625955,0.0033958628773689548,0.05194355882704251,0.020239856319098953,0.0390702597796916,0.1103409603238105,0.044973786920309,0.0054471120238303965
1.0,qrnn_paper,paper_no_reset,lorenz_1000,0.001,6.0,2.0,4.0,13.0,64.0,39.0,0.025971111655235246,0.003811095445049647,0.0223335716873407,0.0359021611511707,0.02528394106775515,0.00207462627440695,0.02730472404509777,0.003863873724842081,0.0230172742158174,0.0374142341315746,0.0267975414171814,0.0017612865194678497,0.12051217630505558,0.009544315411085278,0.1106599792838096,0.1433605998754501,0.1196567304432392,0.006690539419651004,0.12415683493018148,0.009315823459710366,0.1128778755664825,0.1460777819156646,0.12465682998299595,0.005414355546236052,0.6798671811819077,0.07407276506856213,0.4776450097560882,0.7450799345970154,0.6948820054531097,0.03508949279785156,0.6523638367652893,0.06153357854669422,0.4941535592079162,0.7203396558761597,0.6594384908676147,0.029809921979904175,2321.8,923.6436325769805,897.0,4128.0,2466.5,636.0,1463.796,572.1555710853473,562.46,2604.77,1543.92,380.29499999999996,0.037486681323498444,0.004913063507021742,0.0293935278430581,0.047797080501914,0.037112217675894454,0.0024344605393707523,0.04357618205249305,0.007361143484515876,0.0338984727859497,0.0623644068837165,0.04260440357029435,0.0031379684805870472,0.04044127073138947,0.006454854280046464,0.0307298321276903,0.0564568080008029,0.040328679606318446,0.002647889778018001
1.0,qrnn_paper,paper_no_reset,lorenz_1000,0.001,6.0,3.0,4.0,13.0,64.0,36.0,0.02720333159797717,0.0017147390216625277,0.024743165820837,0.030366787686944,0.0267730914056301,0.0010797474533320028,0.028758745433555652,0.0018700370846557516,0.0261339638382196,0.0324917696416378,0.0285437535494565,0.0010415930300951004,0.1266693654987547,0.004941197912932115,0.1206743940711021,0.1366617977619171,0.1244096830487251,0.0025624036788940985,0.1306360769602987,0.005400639503582973,0.1230784282088279,0.1413256376981735,0.1289276927709579,0.0024095922708510797,0.6609954569074843,0.03321514506316318,0.5976325273513794,0.7075842022895813,0.6739891767501831,0.021706461906433105,0.6270820167329576,0.032706626080213894,0.5659360885620117,0.6766490936279297,0.6337615847587585,0.01365959644317627,2725.777777777778,687.2120451954611,1794.0,3716.0,2707.0,625.0,2015.1844444444448,644.4450328618004,1023.5,2857.03,2195.23,455.55999999999995,0.04105092874831619,0.004389833140281336,0.0326581537723541,0.0500454321503639,0.0405074715614318,0.001761118695139903,0.048759401672416214,0.006085091392523919,0.0395772792398929,0.0595292225480079,0.0500920116901397,0.004911318421363803,0.04450043828950985,0.005353161600792145,0.0373897887766361,0.0543890967965126,0.0461018271744251,0.0012940093874931058
1.0,qrnn_paper,paper_no_reset,lorenz_1000,0.001,6.0,4.0,4.0,13.0,64.0,33.0,0.03200929593294854,0.004172140877345746,0.0264616031199693,0.0401253104209899,0.03124035894870755,0.0030603418126701996,0.03404518067836758,0.004046090749689839,0.0280095655471086,0.0407224111258983,0.0334081035107374,0.0036065448075533017,0.13929773569107057,0.011417510939832303,0.1230458319187164,0.1580264121294021,0.13827404379844666,0.010166838765144404,0.14327007830142974,0.009532132965589041,0.1289326697587967,0.1574124842882156,0.14124801009893415,0.008582688868045807,0.5618737250566482,0.08886897134146858,0.3854518830776214,0.6738330125808716,0.5787178874015808,0.06571522355079651,0.5445630639791489,0.06458413278558266,0.426903486251831,0.6401751041412354,0.5538109838962555,0.04501563310623169,1565.6,627.5579973197697,658.0,2856.0,1650.5,324.5,854.658,351.713868899138,349.0,1595.88,905.085,176.68,0.04254529222846026,0.00307082005893968,0.0378065422177314,0.048712608590722,0.0419336257502436,0.0017505960538982991,0.050171336904168085,0.004650662607459228,0.044678833335638,0.0596571676433086,0.049406299367547,0.0029778406023979014,0.0459253821521997,0.006262081049879826,0.0381711013615131,0.0562044270336627,0.0453736223280429,0.004938157275319099
1.0,qrnn_paper,paper_no_reset,lorenz_1000,0.001,7.0,3.0,4.0,13.0,64.0,43.0,0.02504977397620673,0.0016684557169410873,0.0207609608769416,0.0266156923025846,0.02574151847511525,0.0005638273432851011,0.02668561153113839,0.001781031253212125,0.0226139929145574,0.0291882753372192,0.02696199528872965,0.0005331523716450015,0.11777240410447118,0.005687736455682412,0.103544183075428,0.1248872503638267,0.1191331967711448,0.002454366534948349,0.1226092584431171,0.005986675759479625,0.1090006679296493,0.1313228607177734,0.1225671246647834,0.0028789490461350042,0.6994065046310425,0.02566047816528436,0.6714538335800171,0.7638156414031982,0.6895126402378082,0.008692055940628052,0.6638304412364959,0.028682183105182,0.6236580610275269,0.7285869121551514,0.6587645411491394,0.010155946016311646,2345.4,490.41904530717403,1473.0,2967.0,2412.5,406.5,1829.1380000000001,371.13711551931846,1167.4,2297.16,1916.045,298.52499999999986,0.03618946097791189,0.0031748151448515198,0.0306417636573314,0.0416499258950352,0.03651261040940875,0.0020329459570348,0.04244919419288632,0.004383785713922654,0.0351715981960296,0.0499691888689994,0.042644415050744996,0.00294199772179125,0.03795467056334016,0.002994585847995911,0.0332174226641655,0.0421108156442642,0.0381084661930799,0.0026374664157629013
1.0,qrnn_paper,paper_no_reset,lorenz_1000,0.001,7.0,4.0,4.0,13.0,64.0,40.0,0.027526430413126905,0.00353378545345477,0.023831432685256,0.0369160212576389,0.02658214978873725,0.0015256563201546513,0.028972826711833443,0.00319550948772925,0.0249597951769828,0.0368939004838466,0.028619191609323,0.0015378762036562,0.12634384036064145,0.01002717388331409,0.1128012463450431,0.151774063706398,0.1270714029669761,0.003002222627401352,0.13033974692225453,0.00862450964312355,0.1174230426549911,0.1488434225320816,0.13128342479467386,0.0038181617856025973,0.652604854106903,0.07147691687816014,0.4545282125473022,0.716707706451416,0.6722215414047241,0.023136049509048462,0.6240341156721115,0.05124827414386339,0.4993571937084198,0.688773512840271,0.6296037137508392,0.02551668882369995,2671.3,1053.287714729456,558.0,4804.0,2659.0,417.0,1943.837,769.7889465308008,415.53,3516.22,1901.895,309.595,0.040683997850865086,0.003738980978226626,0.0335872929543256,0.0451749585568904,0.041166115831583694,0.003219851385802004,0.047044615820050206,0.005628230497403105,0.0364853516221046,0.0564451701939106,0.048598131164908354,0.004531120881438248,0.04308520704507822,0.004128701611946862,0.0342909060418605,0.0482705868780612,0.04370769485831255,0.0030038803815841536
1.0,qrnn_paper,paper_no_reset,lorenz_1000,0.001,8.0,4.0,4.0,13.0,64.0,47.0,0.023974445545011054,0.0008424016476264349,0.0224174614995718,0.0255585182458162,0.023962153121829,0.00047568231821059834,0.025950358352727312,0.0008714885432849804,0.0243696272373199,0.027155315503478,0.026241386309266,0.0003237128257751985,0.11552050213019051,0.0027244683937760117,0.1097108721733093,0.1198143884539604,0.115306057035923,0.0014638751745224,0.1206552965773476,0.002695961025197269,0.1149111241102218,0.1239460110664367,0.1213082000613212,0.0011380836367606978,0.7150740755928887,0.014625050937971442,0.689009428024292,0.7387163639068604,0.7133494019508362,0.00469815731048584,0.6744234164555868,0.014914466553923292,0.65167635679245,0.7003269195556641,0.6706715226173401,0.007938146591186523,3165.222222222222,545.5392394029919,2298.0,3958.0,3276.0,403.0,3122.545555555556,523.812113646171,2289.99,3908.09,3282.33,331.1800000000003,0.03902652331938341,0.004842646784610656,0.0333351891487836,0.0485133565962314,0.036392943188548,0.003057754039764403,0.04516792876852879,0.005493101968490152,0.0369211062788963,0.0533427260816097,0.0465374067425727,0.0053762532770633975,0.04156848664085066,0.004911082800044667,0.0352266691625118,0.0489597618579864,0.0398047305643558,0.004578061401844004
1.0,qrnn_paper,paper_no_reset,lorenz_1000,0.001,4.0,2.0,8.0,13.0,64.0,25.0,0.03031472265720364,0.006639928083971438,0.0217640176415443,0.0411685891449451,0.0296154376119375,0.0038273707032203987,0.030687456950545262,0.006226190948125025,0.0226233378052711,0.0396411605179309,0.0301077868789434,0.005336148664355299,0.1328917562961578,0.015406203658987734,0.1105348914861679,0.1553664654493332,0.1374193280935287,0.015525668859481798,0.132244473695755,0.015093261244698808,0.1101803183555603,0.1500495076179504,0.1363885253667831,0.013660982251167325,0.59016854763031,0.13506080492617303,0.3594141006469726,0.7515864968299866,0.6127154231071472,0.07261401414871216,0.594602245092392,0.1133168352958264,0.4294904172420501,0.7379710674285889,0.6137480139732361,0.10733753442764282,1386.8,452.8794099978492,966.0,2140.0,1167.0,201.0,996.9799999999999,331.11008447342704,695.08,1541.34,833.68,138.5999999999999,0.040049648769199794,0.003207249776875945,0.0364674050360918,0.0451766956597566,0.0382914688438177,0.0018240638077259008,0.047418995201587634,0.007207438170058923,0.0397972390055656,0.0599684044718742,0.0455260500311851,0.0046164058148861,0.04230135828256602,0.005218394683067628,0.0375555306673049,0.0519299283623695,0.0412260740995407,0.0033305808901786943
1.0,qrnn_paper,paper_no_reset,lorenz_1000,0.001,5.0,2.0,8.0,13.0,64.0,32.0,0.024004444293677762,0.002384677495466518,0.0199597347527742,0.0284437518566846,0.024520217441022348,0.0016522416844963975,0.024923238717019507,0.0025195253067965594,0.0197124909609556,0.0288061127066612,0.02552893105894325,0.0014433208853006016,0.11513689458370205,0.006477706408681935,0.1059279516339302,0.1232639327645301,0.11583213135600084,0.006473980844020857,0.11698383986949916,0.007355543583362125,0.1037238761782646,0.1254556328058242,0.1197564490139484,0.005460273474454852,0.7150742590427399,0.04231079400288869,0.6344442963600159,0.7816000580787659,0.7071071565151215,0.030113399028778076,0.6935708224773407,0.039286139144638216,0.6310024261474609,0.7684772610664368,0.6883091628551483,0.025072097778320312,2130.3,723.4612705597999,930.0,3670.0,2030.5,299.5,2111.239,691.9770392209557,921.72,3582.13,2057.6549999999997,274.26999999999975,0.040546189323067625,0.005704109015290646,0.0315487705171108,0.055360210314393,0.039217548351734854,0.0013393071480095019,0.048167630657553626,0.007125335131289797,0.039249263703823,0.0670667067170143,0.0468634609133005,0.003057532012462647,0.04403024166822429,0.007823006175562948,0.0364642776548862,0.0644465833902359,0.040595920756459195,0.0026719905436039006
1.0,qrnn_paper,paper_no_reset,lorenz_1000,0.001,5.0,3.0,8.0,13.0,64.0,29.0,0.02737560421228405,0.00520940916526085,0.0225155912339687,0.0410926006734371,0.0266495086252689,0.002546252682805049,0.028134506568312588,0.005350070267403355,0.021678889170289,0.0415946841239929,0.0274857254698872,0.0027698259800672496,0.12431548908352848,0.010946252381720601,0.1129200756549835,0.1524076461791992,0.12362435460090634,0.004157185554504367,0.1264294549822807,0.011919773213070875,0.1103227958083152,0.1533384472131729,0.12725205719470975,0.00644566118717195,0.6509212493896485,0.10350645574093889,0.3676298856735229,0.7390637993812561,0.6730652451515198,0.044529229402542114,0.6388561964035034,0.09609942912388618,0.3906187415122986,0.7507792115211487,0.6526509821414948,0.04793676733970642,1606.2,842.3984567887098,584.0,3648.0,1701.5,448.5,1428.154,743.6130529139466,526.34,3220.43,1518.51,418.3,0.041133204754441946,0.004296533704912293,0.0309564672410488,0.0450996020808815,0.04217180227860805,0.002324099186807902,0.05325522385537621,0.009342345766248424,0.0372173525393009,0.0682777091860771,0.05131719633936875,0.006122613325715048,0.04845232479274271,0.008058740207803231,0.0331292077898979,0.0636852160096168,0.04809881001710885,0.006216635927557897
1.0,qrnn_paper,paper_no_reset,lorenz_1000,0.001,6.0,2.0,8.0,13.0,64.0,39.0,0.022391339205205398,0.001262043436957922,0.0194959864020347,0.0243828874081373,0.02276740130037065,0.00066923815757035,0.023058696463704058,0.0014016324831050558,0.0203782171010971,0.0258091688156127,0.02332673314958805,0.0004688417539000511,0.1104397155344486,0.004931357364514248,0.0994154587388038,0.1184324249625206,0.11037252098321915,0.002607919275760699,0.11211444362998006,0.005209625319221453,0.1013823077082634,0.1213074475526809,0.1126242727041244,0.0030880607664584975,0.7418237864971161,0.018996465513835763,0.7210122346878052,0.787065327167511,0.7347349524497986,0.012726277112960815,0.7247222900390625,0.021703879339480675,0.6847339272499084,0.7678670287132263,0.7227697968482971,0.013896763324737549,1893.9,754.2065300698476,926.0,3089.0,1552.5,560.0,2445.685,975.1093432559243,1203.37,4012.33,1999.225,696.2149999999999,0.03668377140536899,0.004263849759351841,0.0299135018140077,0.0455777112394571,0.036232706718146754,0.0019957249984145047,0.04439712911844247,0.006641639827958811,0.0314747914671897,0.0591907873749733,0.04455468431115145,0.0032446570694446494,0.0432387754321098,0.005907537770133496,0.031555388122797,0.0561749599874019,0.043652219697833,0.0021790340542793517
1.0,qrnn_paper,paper_no_reset,lorenz_1000,0.001,6.0,3.0,8.0,13.0,64.0,36.0,0.0241258036345243,0.002553704193148539,0.0208905581384897,0.0294799096882343,0.02389114722609515,0.00199078116565945,0.024937793053686604,0.0025812343737762838,0.0206470396369695,0.0297014657407999,0.0252528069540858,0.0019162828102708002,0.11646588444709774,0.007881185105751138,0.1032027602195739,0.1318211704492569,0.11721162870526311,0.005007710307836553,0.11860609650611875,0.008459240449677814,0.1051182597875595,0.1333034485578537,0.11887999996542925,0.004819277673959753,0.7136038720607758,0.04339315215981896,0.6187083125114441,0.7656405568122864,0.7184272706508636,0.030371934175491333,0.6913820087909699,0.04137001387519885,0.6116050481796265,0.7635177969932556,0.6865362823009491,0.026900172233581543,1829.0,1068.0527140548822,1001.0,4722.0,1535.0,367.0,2978.009,1070.5772178170987,1416.57,5510.86,2913.71,553.3050000000001,0.037763751111924614,0.004524682883241004,0.0301740277558565,0.0456049520522356,0.03754380708560345,0.0016022045165300022,0.045531522855162584,0.006862376176071493,0.0362850502133369,0.0588833168148994,0.04443057812750335,0.0044061280786991015,0.04210027679800983,0.0056494365449893304,0.0354917906224727,0.0558813959360122,0.04120650514960285,0.0031775496900081496
1.0,qrnn_paper,paper_no_reset,lorenz_1000,0.001,6.0,4.0,8.0,13.0,64.0,33.0,0.02627290729433293,0.003125570415586752,0.0227395817637443,0.0316249802708625,0.02564771659672255,0.0023902887478470993,0.02742136865854259,0.0031453104011439814,0.0235907826572656,0.0333264730870723,0.0269848899915814,0.0019643940031528005,0.12113919928669928,0.008125340553088388,0.1081233844161033,0.1359209269285202,0.12144018709659571,0.005846712738275507,0.12353836297988889,0.008025206972787252,0.1107760965824127,0.1375223696231842,0.12403722852468485,0.0066684000194072515,0.6755492568016053,0.060057210730539566,0.57267826795578,0.7434062957763672,0.6833781599998474,0.0411037802696228,0.6521711409091949,0.05364838242308449,0.5485213994979858,0.7209762930870056,0.6573481559753418,0.0313054621219635,1851.4,557.941968308533,901.0,2600.0,1887.0,516.0,2050.37,607.840112513151,1013.51,2825.82,2066.075,580.1999999999999,0.04168981716036793,0.004565765080083852,0.0353017466142773,0.0503542143851518,0.03976602535694835,0.0009470840916037497,0.05035896524786944,0.006837163560076615,0.0438202992081642,0.0660788714885711,0.0480586607009172,0.0031196307390928026,0.04647524654865263,0.005309389961204173,0.0383867546916008,0.0581534132361412,0.0454374738037586,0.0030098501592874527
1.0,qrnn_paper,paper_no_reset,lorenz_1000,0.001,7.0,3.0,8.0,13.0,64.0,43.0,0.0214517610147595,0.0012901744614693996,0.0188792124390602,0.0233719758689403,0.0215015038847923,0.000786780379712599,0.022699262760579528,0.0014386538885116818,0.020297298207879,0.0245853178203105,0.02262713946402065,0.001386251300573401,0.10772956162691112,0.005134466865886754,0.1000366583466529,0.1148361638188362,0.10747837647795674,0.004102390259504304,0.11066648736596103,0.0058683584340253276,0.1025107726454734,0.1200579330325126,0.1105921827256679,0.005502630025148399,0.755424189567566,0.022285477914246704,0.7228277325630188,0.8029943108558655,0.7533623278141022,0.014309227466583252,0.7264920532703399,0.022686597255280928,0.6954011917114258,0.7603863477706909,0.7244293093681335,0.021916747093200684,2294.8,566.7766403090375,1400.0,3497.0,2277.5,350.0,3667.0379999999996,924.8788548864117,2304.46,5749.63,3595.435,536.0799999999999,0.033528698040172424,0.004318162408563373,0.0293703516945242,0.043706826493144,0.030931477528065403,0.0011401138734072527,0.041014172136783565,0.006785073005587722,0.0348157957196235,0.0592019408941268,0.0390130877494812,0.0026868432760238994,0.038192997872829385,0.006642379956612451,0.0315617807209491,0.0551141798496246,0.0356044117361307,0.003028959035873399
1.0,qrnn_paper,paper_no_reset,lorenz_1000,0.001,7.0,4.0,8.0,13.0,64.0,40.0,0.02213957822985116,0.001807040272266522,0.0195144787430763,0.0250918101519346,0.0218216311186552,0.001013070344924899,0.023013540647096042,0.0017267395359158485,0.0208384525030851,0.026075929403305,0.0232923086732625,0.001966396346688302,0.10889595829778245,0.004917045681785643,0.0992102771997451,0.1167658492922782,0.1104601770639419,0.002479463815689101,0.11047226935625071,0.0037849021608940226,0.1039317548274993,0.1172608882188797,0.1107748746871948,0.003006540238857297,0.7455232938130697,0.02980658164380124,0.6913067102432251,0.7795742750167847,0.7557914853096008,0.01597464084625244,0.7248091167873807,0.026682279326867574,0.674243688583374,0.7580327391624451,0.7310053110122681,0.0137137770652771,2410.777777777778,993.1815071641433,1223.0,3911.0,2469.0,942.0,3638.0166666666664,1471.5924603563915,1866.47,5706.08,3832.79,1435.1599999999999,0.0369671707352002,0.005247368395437581,0.0287471460178494,0.0444457916542887,0.0369669271633028,0.001961770467460204,0.045190802050961335,0.006894333000406408,0.0329987406730651,0.0573330037295818,0.0452089942991733,0.0034487843513488978,0.042174757354789254,0.007559999452597374,0.028270699083805,0.0552487075328826,0.0443700142204761,0.002388756722211803
1.0,qrnn_paper,paper_no_reset,lorenz_1000,0.001,8.0,4.0,8.0,13.0,64.0,47.0,0.020935496522320587,0.001565231826281257,0.0190077442675828,0.0249479673802852,0.0207028742879629,0.0006369464099407994,0.021784633605016555,0.0017305796935728052,0.0203579291701316,0.0261841639876365,0.0214307904243469,0.0008153319358825996,0.10438471535841617,0.005820606568769978,0.0951806530356407,0.1167082116007804,0.1043850630521774,0.002567365765571608,0.10601775430970718,0.00664445540841781,0.0968820974230766,0.1212043538689613,0.105337806046009,0.003410376608371693,0.7644842465718588,0.024431786258503643,0.7016794085502625,0.7921748757362366,0.7672787308692932,0.01178807020187378,0.7414089176389906,0.024462254279305113,0.679138720035553,0.7612967491149902,0.7457424998283386,0.01319211721420288,1769.5555555555557,467.3557082401919,1224.0,2678.0,1784.0,428.0,3560.775555555555,925.5890033812236,2487.28,5270.03,3567.28,874.4900000000002,0.03428619661264945,0.003087201026553814,0.0297049533575773,0.0389916691929101,0.033727334626019,0.0026553923264145997,0.04079092956251565,0.0036412711228610123,0.0345238223671913,0.04526287317276,0.0402283668518066,0.003948222845792798,0.03758739824924199,0.003617383360889417,0.031180927529931,0.0427663028240203,0.0386132486164569,0.0015947036445140006
1.0,qrnn_paper,paper_no_reset,lorenz_1000,0.001,4.0,2.0,16.0,13.0,64.0,25.0,0.033526945393532445,0.001989799334207985,0.030791288241744,0.0363397412002086,0.0334883760660886,0.0015826886519789488,0.03333250107243655,0.0033215265548448523,0.0293913017958402,0.0384419821202755,0.03274836018681525,0.002153906039893648,0.141514241695404,0.00414275427115016,0.1362338960170745,0.1472941637039184,0.14126445353031153,0.0034662857651710927,0.14134066179394716,0.007806298674975898,0.132621943950653,0.1529325693845749,0.1399040669202804,0.005552776157856001,0.54414352029562,0.04020970167201729,0.4862675368785858,0.599608302116394,0.54534912109375,0.02932053804397583,0.5560261160135269,0.0722252577341982,0.4419451951980591,0.6376143097877502,0.5722724795341492,0.04180172085762024,1031.5,155.1797345016417,779.0,1201.0,1073.0,71.0,1523.27,232.95087969355257,1134.99,1754.18,1601.955,84.78000000000009,0.03548813611268995,0.005099306698621392,0.0297511288896203,0.0428938761353492,0.03465376971289515,0.0038142741657793498,0.04429218545556065,0.00193384224106579,0.0412797443568706,0.0465703941881656,0.0446593016386032,0.0011858716607093533,0.041708167642354924,0.002351681679583811,0.0384790152311325,0.0446784272789955,0.04183761402964585,0.002016041427850751
1.0,qrnn_paper,paper_no_reset,lorenz_1000,0.001,5.0,2.0,16.0,13.0,64.0,32.0,0.030843558348715272,0.004060014296537649,0.0271282624453306,0.0404013469815254,0.02943329792469735,0.0018737670034170498,0.03149536773562428,0.004036670652371032,0.0275968536734581,0.0411573015153408,0.030019691213965402,0.0020893272012472482,0.1320976138114929,0.010044177973873596,0.1208330616354942,0.1535196751356125,0.12848732620477676,0.004411783069372219,0.1340288408100605,0.00992296842834386,0.1237827017903328,0.1562648862600326,0.13127297908067698,0.005584061145782429,0.5924760192632675,0.08353762523717888,0.3902599513530731,0.6734742522239685,0.6153739094734192,0.04976522922515869,0.5767333835363389,0.08320034648248716,0.3648335635662079,0.6494011878967285,0.6072204113006592,0.03788161277770996,1455.5,879.4490604918514,643.0,2904.0,914.5,249.0,2912.6299999999997,1696.0959854678038,1295.32,5736.52,1894.63,546.8750000000001,0.04168681239709252,0.007624517329625105,0.0272639146074652,0.0554621268063783,0.0419650514610111,0.004021041840314852,0.05250841192901129,0.009638289436141131,0.0378850921988487,0.0693348720669746,0.0498769357800483,0.00523776933550835,0.04677704907953735,0.007002151360967681,0.0359223261475563,0.0587404891848564,0.04739047773182385,0.00554174184799195
1.0,qrnn_paper,paper_no_reset,lorenz_1000,0.001,5.0,3.0,16.0,13.0,64.0,29.0,0.035207517631351895,0.004077445456552806,0.0254436805844306,0.0400542430579662,0.0364247672259807,0.0019670277833938946,0.03590205237269397,0.005051957057469305,0.0248318016529083,0.0424447245895862,0.0368964988738298,0.003283923491835601,0.14287480264902114,0.00973053459285012,0.1205888539552688,0.1582382172346115,0.14491949230432505,0.004870645701885196,0.14444821849465367,0.011165754239845829,0.1206833347678184,0.162138283252716,0.1457104757428169,0.0070994868874550005,0.5013330549001693,0.07908679869055123,0.3944056928157806,0.6796234846115112,0.47590295970439905,0.03866228461265564,0.491337376832962,0.09886075124610001,0.3384104073047638,0.6900477409362793,0.4744501113891601,0.06043829023838038,1158.4,417.9600937888688,671.0,1825.0,990.0,283.0,2159.263,776.4473101254199,1255.54,3358.9,1832.9850000000001,530.7750000000001,0.044319725893437814,0.00641325279167322,0.031285435333848,0.0594031251966953,0.04418552033603185,0.001372470520436802,0.05539283268153663,0.007895797182441525,0.0403699986636638,0.0718794390559196,0.056092824786901446,0.003522515296936004,0.05035573467612261,0.005216901630080427,0.0377798415720462,0.0592080727219581,0.0518864374607801,0.0014498122036457478
1.0,qrnn_paper,paper_no_reset,lorenz_1000,0.001,6.0,2.0,16.0,13.0,64.0,39.0,0.02833419330418106,0.00366834983943003,0.0235140454024076,0.0336736105382442,0.02803757507354015,0.0034161740913986986,0.02918550651520486,0.003874051195520383,0.0241546593606472,0.0359970517456531,0.029154490679502397,0.004130043089389801,0.12582950666546816,0.007132974921458846,0.1161569729447364,0.1394625455141067,0.12395231425762171,0.0049313828349113464,0.1277136869728565,0.008927876951183958,0.1168804392218589,0.1495117992162704,0.1278421506285667,0.005169469863176346,0.639694744348526,0.0659799190661712,0.5449272990226746,0.7214064002037048,0.649965763092041,0.05738246440887451,0.6203747868537903,0.06971389154888538,0.4949867129325866,0.7044304013252258,0.6228998601436615,0.07417416572570801,1188.9,355.3371497606182,678.0,1755.0,1190.5,327.5,3180.389,978.8664895832321,1761.28,4762.53,3180.225,920.6800000000003,0.03758107602596277,0.005080369037974038,0.03030412402004,0.0491265758872032,0.0370115188881754,0.0025447592139243996,0.04741792194545265,0.004863210653417855,0.0391659811139106,0.0580605044960975,0.0473946630954742,0.0028772000223398,0.044642485305666876,0.00395461482702284,0.0381641834974288,0.0516736917197704,0.04379025846719735,0.0021741930395364484
1.0,qrnn_paper,paper_no_reset,lorenz_1000,0.001,6.0,3.0,16.0,13.0,64.0,36.0,0.03165433444082733,0.002866819773642985,0.0274903587996959,0.035682588815689,0.03217094391584395,0.0024531353265047004,0.03168873619288201,0.002298088456661564,0.0278202034533023,0.0351126715540885,0.03164462279528375,0.002023677341639999,0.13434029668569564,0.005880997653429325,0.1240932345390319,0.1412196159362793,0.1349237561225891,0.005776926875114385,0.1341640383005142,0.005550109239679114,0.1266684234142303,0.1415912508964538,0.13655053079128265,0.004543088376521995,0.5817431569099426,0.05796377711447823,0.4977445006370544,0.672828197479248,0.5718496739864349,0.04913073778152466,0.5771786570549011,0.04378256831207609,0.5077024698257446,0.6475874185562134,0.5755472183227539,0.04209786653518677,1242.7,685.1516693404461,555.0,2991.0,1116.5,397.5,4250.915,2781.372910446386,1431.68,11639.44,3662.285,1290.7699999999998,0.03882540337741371,0.009974402741489358,0.0296821778640151,0.0674667876213789,0.03646727465093135,0.0024993909522890503,0.05047025233507152,0.01500826523939547,0.0354799404740333,0.0925981849431991,0.04586400277912615,0.0038383658975362986,0.04613226167857641,0.010608439645234042,0.0330685265362262,0.0749991536140441,0.04424281604588025,0.0030561368912458524
1.0,qrnn_paper,paper_no_reset,lorenz_1000,0.001,6.0,4.0,16.0,13.0,64.0,33.0,0.03194642170435849,0.004333400014588612,0.0237646549940109,0.0405156463384628,0.0323590748012065,0.0021483153104783007,0.03233510483470224,0.003936987204447582,0.0237384941428899,0.0389806479215621,0.0327564924955368,0.0016418993473053048,0.1359046929412418,0.008403662747057047,0.1196051687002182,0.1489658057689666,0.1354246139526367,0.0039228051900863925,0.13677510122458136,0.008359317636972896,0.1201707124710083,0.1490536630153656,0.1373602151870727,0.005270302295684787,0.5679204960664114,0.08636012167227808,0.3790772259235382,0.714557945728302,0.5719795227050781,0.040941715240478516,0.5666921271218194,0.0694804334556784,0.4474080801010132,0.7118667960166931,0.5533496737480164,0.033271610736846924,1312.111111111111,458.19560220122503,763.0,1998.0,1235.0,400.0,3026.4944444444445,1067.147627911914,1777.46,4728.21,2773.67,819.8200000000002,0.044922572865875185,0.005702191535657283,0.0401374604552984,0.0596626654267311,0.0424441862851381,0.002011442184448299,0.05729792598221031,0.008013438267905211,0.0500345863401889,0.0786898285150528,0.0562877841293811,0.0027246288955210946,0.05192737902204189,0.007212008445458362,0.0446065478026866,0.0687867328524589,0.0486321486532688,0.0023998729884625036
1.0,qrnn_paper,paper_no_reset,lorenz_1000,0.001,7.0,3.0,16.0,13.0,64.0,43.0,0.024863453768193662,0.0024111930596460943,0.0209721084684133,0.0281145181506872,0.02542610280215735,0.0020654555410146505,0.02537581995129582,0.001693543712511309,0.0226967670023441,0.0287026837468147,0.025454928167164298,0.0014102216809988005,0.11459074988961215,0.005808243740069416,0.1037609949707984,0.1210631653666496,0.1146648302674293,0.005199689418077455,0.11728748604655262,0.004459449534576219,0.1071828305721283,0.1226987391710281,0.1183867715299129,0.0031299926340579917,0.700168353319168,0.03896749519980509,0.6487522125244141,0.7678782939910889,0.6939919292926788,0.03263223171234131,0.6852977931499481,0.0292426011696991,0.6244916915893555,0.7283053398132324,0.6901099383831024,0.020654290914535522,1277.5,418.2590704336249,510.0,2095.0,1254.0,178.0,4197.112,1408.8069169321961,1713.64,7152.21,4059.065,673.1799999999998,0.03553256980143481,0.004026251340869855,0.0251350671052932,0.0394229087978601,0.036766455601900755,0.0015202581882476987,0.04608980640769,0.008570109038576862,0.0303304195404052,0.059211041778326,0.0487938392907381,0.004017518833279651,0.04401859194040294,0.006965031941637919,0.0322033986449241,0.0536923594772815,0.04521120525896545,0.004724798724055297
1.0,qrnn_paper,paper_no_reset,lorenz_1000,0.001,7.0,4.0,16.0,13.0,64.0,40.0,0.029121105000376662,0.002640179045048962,0.0254901368170976,0.0338615961372852,0.02913312334567305,0.0022313063964247495,0.029726127535104695,0.002557220049998234,0.0262746457010507,0.0346433110535144,0.02961024362593885,0.0020282082259655016,0.1280043430626392,0.00827014373722203,0.1193971037864685,0.1438208669424057,0.12444641068577761,0.003566469997167601,0.1306061021983623,0.007231620474141548,0.1222733855247497,0.1464539170265197,0.12856756150722498,0.0038936100900173326,0.6230595111846924,0.048571558647814164,0.5297286510467529,0.6917542219161987,0.6273468136787415,0.030586302280426025,0.6113784074783325,0.04532342909891496,0.5192803740501404,0.6711915731430054,0.6144082248210907,0.03606843948364258,1628.8,473.3583843136192,730.0,2146.0,1761.5,248.5,5058.898999999999,1500.5694492588473,2162.93,6686.58,5470.165000000001,805.645,0.040760938627645314,0.006790082888349228,0.0318917112424969,0.0569643162190914,0.039724649768322656,0.0038216060958802985,0.053103258833289126,0.009909558812736608,0.039676409214735,0.0784720405936241,0.052148826420307146,0.004085261374711956,0.04858982972800728,0.007367699529892413,0.04061159491539,0.0670335590839386,0.0474656373262405,0.004269842058420202
1.0,qrnn_paper,paper_no_reset,lorenz_1000,0.001,8.0,4.0,16.0,13.0,64.0,47.0,0.026660727709531727,0.004042472938670114,0.0205925647169351,0.036541324108839,0.0261834114789962,0.001463907770812501,0.02625686861574646,0.0039237823269445546,0.019586706534028,0.0346627235412597,0.02676341496407985,0.001964424736797801,0.12120578512549399,0.01002805443889522,0.1068163514137268,0.1447038799524307,0.1218881234526634,0.0037147589027881484,0.1213909842073917,0.009711799021305091,0.1057879924774169,0.1403933316469192,0.12422925978898999,0.005306839942932143,0.6669997215270996,0.06971562528427686,0.4911553263664245,0.7615435123443604,0.6751662790775299,0.026257991790771484,0.6700379252433777,0.0652158183528766,0.517755389213562,0.767803966999054,0.6688089370727539,0.03149721026420593,1272.8,363.80043980182325,811.0,1923.0,1201.5,321.0,5100.231,1349.8468312401226,3311.44,7530.29,4837.895,1207.5649999999998,0.035506906826049046,0.005002254316511218,0.029200273938477,0.0456727460026741,0.0353495001792907,0.003914069570601,0.045707418769597954,0.008125777011911648,0.0349913872778415,0.0653066188097,0.04363115504384035,0.0036237239837646554,0.04191431216895575,0.006442764789383505,0.0344496518373489,0.0580987706780433,0.0396938025951385,0.0027321912348270486
1.0,qrnn_paper,paper_reset,lorenz_1000,0.001,4.0,2.0,4.0,13.0,64.0,25.0,0.040223660692572535,0.0005599313312578851,0.0397259779274463,0.0413056164979934,0.040041118860244695,0.000199932605028149,0.04394550547003741,0.0010842776751053792,0.0427420772612094,0.0460160821676254,0.043598597869276945,0.0003527235239744013,0.16114291846752163,0.000695170638533816,0.1599138528108596,0.1623447388410568,0.16134634613990778,0.0002563148736954013,0.16816434711217876,0.0018383780555823587,0.1661010831594467,0.1714981198310852,0.16777721792459485,0.0011813566088676591,0.370124951004982,0.016148995079413836,0.3386619091033935,0.3846793174743652,0.3752232491970062,0.005422949790954562,0.3919775366783142,0.027137231555364,0.3379648625850677,0.4121850430965423,0.4037540405988693,0.0058035552501678744,1358.8,552.9813378406183,784.0,2611.0,1151.0,230.0,1120.337,450.0429555064717,648.74,2137.96,949.245,185.925,0.046592806074768255,0.006931608077638319,0.0406814703717827,0.0659377038478851,0.045274361222982354,0.002927305828779904,0.054531094804406134,0.006881713649977175,0.0481904111802578,0.0733667463064193,0.05255262739956375,0.003218295052647601,0.048634150251746125,0.007478887999409477,0.0419033914804458,0.0694034472107887,0.04731161519885055,0.0028490833938121483
1.0,qrnn_paper,paper_no_reset,lorenz_1000,0.001,4.0,2.0,4.0,25.0,64.0,25.0,0.03780590482056135,0.003559184641731774,0.0321780033409595,0.0452022440731525,0.03708444908261295,0.0019055157899856498,0.03954314999282356,0.0036892657324846733,0.0333133339881897,0.0443627387285232,0.04022363945841785,0.0024372972548008,0.14969196915626526,0.008024251047822062,0.1374635398387909,0.1636525839567184,0.1473630890250206,0.004681691527366652,0.15333804041147228,0.008074378040833448,0.1403066515922546,0.1621163487434387,0.15658859163522715,0.003713637590408339,0.44626101553440095,0.09251843421439084,0.2480160295963287,0.5837811827659607,0.46897436678409576,0.04711572825908661,0.44712759256362916,0.06927258266721004,0.3277185559272766,0.5570963621139526,0.4625171422958374,0.053286209702491816,1414.2,727.6114072772637,444.0,2761.0,1238.5,519.0,553.2869999999999,280.65025462486216,169.76,1022.91,471.59000000000003,183.75,0.0507034890679642,0.012611501109758165,0.0383655868470668,0.0745654121041297,0.044953798688948096,0.0062220035120844515,0.06179080791771406,0.01726659212246587,0.0461196899414062,0.0989529639482498,0.054927313700318295,0.005710931494832004,0.05241364911198611,0.009054976437023677,0.0391189344227314,0.0706572607159614,0.0505005400627851,0.005976911634206751
1.0,qrnn_paper,paper_no_reset,lorenz_1000,0.001,5.0,2.0,4.0,25.0,64.0,32.0,0.03185964226722711,0.0032789077845441572,0.026750661432743,0.0376073904335498,0.0319485701620578,0.0026867100968957017,0.03220097254961723,0.0030768440592441842,0.0282016415148973,0.0378218069672584,0.03210179414600125,0.0026846788823604497,0.1364874497056007,0.007135362953713375,0.1249511837959289,0.1482711732387542,0.13781705498695368,0.006461732089519501,0.13702989816665645,0.006709446228892262,0.1288218349218368,0.1488829106092453,0.13597275316715235,0.006111815571784945,0.5779179155826568,0.06917562971077881,0.4456022381782532,0.6800361275672913,0.576697438955307,0.050644516944885254,0.5691885679960251,0.05775498127843893,0.4693855345249176,0.6448809504508972,0.5670788586139679,0.05793076753616333,2124.2,611.577108793323,748.0,2977.0,2324.5,242.0,1034.2900000000002,299.9885772492013,362.02,1448.16,1126.095,140.695,0.042481556157581465,0.0031071023953733448,0.0381976746022701,0.0465082373470068,0.042853077570907755,0.0033047208329663076,0.05232637524604792,0.004792452450331234,0.0416229404509067,0.0583134032785892,0.05283523164689535,0.003297373652458198,0.04667616710066792,0.0029597083937420153,0.039242435246706,0.0500035062432289,0.0472107883542776,0.0018469858914614001
1.0,qrnn_paper,paper_no_reset,lorenz_1000,0.001,5.0,3.0,4.0,25.0,64.0,29.0,0.038336682133376536,0.006959421523899533,0.0266580004245042,0.0456270836293697,0.0408093146979808,0.0039876010268927,0.03930436987429852,0.007667683017135809,0.0265421438962221,0.0481705628335475,0.041653288528323146,0.004423554986715303,0.14951201975345607,0.013758302481629807,0.1277796179056167,0.169947937130928,0.15323836356401438,0.0075946524739265164,0.15171320140361783,0.015558372931121148,0.1284860074520111,0.1746421605348587,0.1549730002880096,0.012278713285923004,0.4159288391470909,0.1675297026567206,0.2078604400157928,0.6852424144744873,0.36690768599510193,0.10059378296136863,0.42156428694725034,0.16045573225325058,0.2359165996313095,0.6842471361160278,0.37557657063007355,0.1110042855143547,1423.7,617.6212512535494,552.0,2501.0,1412.0,337.0,627.132,270.9982580313017,244.87,1108.0,618.755,143.6,0.048735022577457064,0.006179747147431322,0.0379087363835424,0.0593173466622829,0.04893935397267335,0.004919445607811199,0.06168942861258979,0.010911519243509523,0.0473359450697898,0.0816361159086227,0.06039120256900785,0.010652186349034351,0.05246630236506459,0.0075307750334621185,0.0400724373757839,0.0649234652519226,0.0537117253988981,0.004283975809812546
1.0,qrnn_paper,paper_no_reset,lorenz_1000,0.001,6.0,2.0,4.0,25.0,64.0,39.0,0.029115272872149885,0.002986784393295603,0.0260092075914144,0.0362481325864791,0.028053501620888648,0.0014495886862277985,0.02991095092147584,0.0032718544096823547,0.0260796621441841,0.0374561622738838,0.0289568426087498,0.0020364401862025504,0.13019061908125873,0.006585098802806868,0.1224398612976074,0.1461245864629745,0.12877482175827026,0.00250868499279025,0.13182374462485308,0.006355182491504252,0.1217525526881218,0.1458255350589752,0.13196010142564768,0.004176013171672821,0.6328601598739624,0.06100602927240157,0.4851440191268921,0.7028058171272278,0.6563358902931213,0.021507352590560913,0.6103016048669815,0.06404673067717323,0.4581097662448883,0.681432843208313,0.6263960301876068,0.042214810848236084,2318.8,1362.3747502064182,1071.0,5492.0,1733.0,433.0,1467.8179999999998,850.9521461492415,681.99,3471.64,1118.895,285.03,0.04002428572624916,0.0028414282552682566,0.0362905861809849,0.0442051859572529,0.040303942188620503,0.002332869917154347,0.051056800037622405,0.005570248211466259,0.0443073436617851,0.0644535347819328,0.0517661031335592,0.0032478757202624997,0.0467501979321241,0.002926773336442436,0.0430356115102767,0.052619595080614,0.0467355865985155,0.0019064564257860461
1.0,qrnn_paper,paper_no_reset,lorenz_1000,0.001,6.0,3.0,4.0,25.0,64.0,36.0,0.03031358309090133,0.0022446099119419007,0.0275150761008262,0.0341761484742164,0.029706602916121448,0.0015581771731376978,0.030892461538314785,0.0021755619638332228,0.0284208767116069,0.0349171459674835,0.02992723695933815,0.0013479320332408003,0.13416102528572077,0.006183881113831868,0.1279101222753524,0.1448558121919632,0.13199624419212336,0.0039696767926216125,0.13593438267707825,0.0054251413312715515,0.1295647919178009,0.1453973352909088,0.13386593014001846,0.003253571689128848,0.6133762121200561,0.04291704861891351,0.5384051203727722,0.6708850264549255,0.6240979135036469,0.026957839727401733,0.5969012022018433,0.04423291166709215,0.5102993845939636,0.645165741443634,0.611741691827774,0.03027847409248352,2384.8,571.1258705399363,1414.0,3355.0,2276.5,263.0,1771.574,394.8573604531135,1026.82,2163.02,1948.0149999999999,201.70500000000015,0.0444435411598533,0.004965359340652245,0.0353486787527799,0.0552157375961542,0.04497530590742825,0.002049233391881001,0.054987305030226676,0.006485088895606437,0.0485969968140125,0.0662817284464836,0.051460413262248,0.0026351157575845476,0.04771738797426218,0.005123116556968464,0.0396508798003196,0.0552197694778442,0.0466318670660257,0.004833133891224903
1.0,qrnn_paper,paper_no_reset,lorenz_1000,0.001,6.0,4.0,4.0,25.0,64.0,33.0,0.03466248698532577,0.006069987282619535,0.0274924449622631,0.0431469976902008,0.0335438316687941,0.0054506687447428495,0.03576122950762505,0.006369473650438721,0.0283607766032218,0.0444088391959667,0.0336627103388309,0.00501096528023485,0.1407759547233581,0.014236373585273134,0.12367445230484,0.1636013984680175,0.13990212976932526,0.012962989509105696,0.14327182620763773,0.014984288593461228,0.1246017217636108,0.1617643237113952,0.14094439148902888,0.01498685032129287,0.5072052627801895,0.14065745261641574,0.3046618402004242,0.6749371886253357,0.5374618768692017,0.1210611164569855,0.49858427941799166,0.12885766834372267,0.3075816333293915,0.6407803297042847,0.5345679968595505,0.10530628263950348,2058.1,1184.8272827716282,737.0,4464.0,1622.5,779.0,1110.743,630.9242481479056,397.13,2434.14,863.965,408.18500000000006,0.04761306818574662,0.003753227995982991,0.0408474918454885,0.0534676823765039,0.04760638959705825,0.0019800294190644996,0.05920966304838653,0.004949197840677606,0.0523570626974105,0.0676835998892784,0.05835304781794545,0.00359139405190945,0.04978001527488226,0.0038397190203491253,0.0442074425518512,0.0591640770435333,0.04924624226987355,0.001450093463063247
1.0,qrnn_paper,paper_no_reset,lorenz_1000,0.001,7.0,3.0,4.0,25.0,64.0,43.0,0.029255258291959695,0.003190528693424661,0.0256674606353044,0.0378438755869865,0.02827419713139525,0.0011575091630219997,0.029407845623791173,0.0039707970593811995,0.0254159532487392,0.0401471331715583,0.02767956908792255,0.0015216302126646476,0.13008820340037341,0.006453959260194104,0.122398667037487,0.1456279456615448,0.12735445052385325,0.0035955272614955486,0.13009196370840068,0.008454166358968184,0.1207564547657966,0.1505257040262222,0.12699116021394724,0.005182042717933641,0.6327356189489365,0.06819866581765295,0.4416939914226532,0.6962484121322632,0.6587752103805542,0.021377205848693848,0.6230152279138566,0.07356373599809149,0.4186987578868866,0.6865456104278564,0.6552990674972534,0.02327287197113037,1854.6,751.9230279756033,946.0,3501.0,1719.5,400.0,1457.085,606.8518550231186,731.43,2783.46,1335.2649999999999,346.95500000000004,0.04247038243804122,0.003639331048383448,0.0379802534822374,0.0488254602998495,0.04228225927799935,0.0031163820065557984,0.05584880821406838,0.006299823627197333,0.0444651432335376,0.0693528950214386,0.0537038445472717,0.002856858074665101,0.05006201416254039,0.005545891144557069,0.0387733057141304,0.0597482547163963,0.049600692465901305,0.002850770950317355
1.0,qrnn_paper,paper_no_reset,lorenz_1000,0.001,7.0,4.0,4.0,25.0,64.0,40.0,0.030507114529609643,0.0030754858873327496,0.0265567302703857,0.0371172726154327,0.0296952677890658,0.0011575045064091995,0.030956245400011483,0.002886738395532962,0.0269152261316776,0.0375322699546813,0.0305285919457674,0.0009381314739585495,0.13285375237464903,0.006134999734320162,0.125293955206871,0.1459625959396362,0.13098383694887156,0.002185128629207597,0.1343442931771278,0.0056382642989309,0.1271271109580993,0.1454611420631408,0.133572906255722,0.0034069940447806896,0.6086213886737823,0.06730028028473464,0.4599296450614929,0.6936675310134888,0.6288059949874878,0.0225716233253479,0.5962020426988601,0.056392477958791945,0.4651716649532318,0.6731598973274231,0.605657160282135,0.017529815435409546,2454.0,946.7216063870096,1479.0,4863.0,2266.5,543.5,1783.8079999999998,696.8349353297378,1056.44,3544.89,1645.2150000000001,379.20000000000005,0.042886298433877465,0.004604669156870422,0.0367820986080914,0.0508847411721944,0.04198725204914805,0.004160925839096299,0.051953433454036656,0.007510480608264323,0.044773019850254,0.0680773332715034,0.04978834278881545,0.0042971074581146,0.046716616302728595,0.005969270926481629,0.0407451726496219,0.0576257556676864,0.04508151486515995,0.0038011372089385986
1.0,qrnn_paper,paper_no_reset,lorenz_1000,0.001,8.0,4.0,4.0,25.0,64.0,47.0,0.027512327457467668,0.002162335662004528,0.023847384378314,0.0312775075435638,0.0270255636423826,0.0019050352275372003,0.0281417212552494,0.0016107315177311143,0.0261894483119249,0.0319420769810676,0.0281759146600961,0.0008009765297174003,0.1275646438201268,0.005030418463436745,0.1213537231087684,0.1389127373695373,0.1254041492938995,0.0027983784675597867,0.12913988861772743,0.0039697327992796695,0.124739184975624,0.1392323523759842,0.1283972114324569,0.0010423958301545022,0.6655396223068237,0.04084990739395855,0.595344603061676,0.738211989402771,0.6686643958091736,0.027530193328857422,0.648518873585595,0.03337472248372061,0.5741881132125854,0.6941121220588684,0.6513605117797852,0.023504912853240967,2136.777777777778,636.014461362105,1465.0,3312.0,1973.0,295.0,2135.32,639.4826665707558,1471.96,3281.9,1963.13,320.1200000000001,0.041967668125612825,0.004536505837497054,0.0362937374040484,0.0485920023173093,0.0404809776693582,0.004187240265309804,0.05376928920547161,0.006853413852730044,0.0447751954197883,0.0644732639193534,0.0517753660678863,0.0055248290300369055,0.048585770444737504,0.004386490767681343,0.0410510934889316,0.0545976012945175,0.0485827401280403,0.0033477693796157976
1.0,qrnn_paper,paper_no_reset,lorenz_1000,0.001,4.0,2.0,8.0,25.0,64.0,25.0,0.034150697290897335,0.0031119391802413177,0.0295261181890964,0.0377489477396011,0.0330901332199573,0.0035640150308609043,0.0350731093436479,0.00494299388719741,0.0295441281050443,0.0430773347616195,0.0336844809353351,0.004140352830290798,0.14431181252002714,0.005759984117441938,0.135306254029274,0.1507805436849594,0.1458789706230163,0.00490157306194311,0.14723753929138178,0.008759307247678092,0.1371207684278488,0.1621848195791244,0.1438477337360382,0.00672696530818942,0.5328830003738403,0.06795289998140856,0.4495325088500976,0.6341976523399353,0.5534446835517883,0.08075296878814697,0.5150211155414581,0.08467352000059222,0.4020532369613647,0.6188141703605652,0.5330896973609924,0.08572447299957275,1120.8,408.597307871699,491.0,1696.0,1174.0,281.0,805.164,298.07721057470997,348.37,1231.18,836.59,194.71000000000004,0.04389125358313318,0.005065578151224247,0.0392348831519484,0.0534863706678152,0.0415729206055402,0.002338037453591797,0.052671520411968174,0.00488805944157399,0.0475790239870548,0.0595127493143081,0.0502721518278121,0.0026931278407573006,0.046810992062091786,0.004748076504963356,0.040292203426361,0.0515480451285839,0.0499222949147224,0.0016257502138615001
1.0,qrnn_paper,paper_no_reset,lorenz_1000,0.001,5.0,2.0,8.0,25.0,64.0,32.0,0.03198640700429671,0.0029298343836756916,0.0270408820360898,0.0359053909778595,0.03217964805662625,0.0025118412449955992,0.031541752070188465,0.00327329653518351,0.026014320552349,0.0369060225784778,0.031547556631267,0.0023402171209454484,0.13763383328914638,0.006685524385283539,0.1266073882579803,0.146546721458435,0.13926292210817337,0.004249349236488328,0.13715465292334555,0.008263002815340101,0.1234003156423568,0.1484985500574112,0.13869035989046094,0.0061207935214042525,0.5799256205558777,0.0556650664533451,0.4954907894134521,0.6685023903846741,0.5818867683410645,0.04801380634307861,0.5727364540100097,0.06549307234267177,0.4618654549121856,0.6745176315307617,0.575260579586029,0.05015864968299866,1391.8,405.99034471277764,675.0,1992.0,1414.0,243.5,1383.3539999999998,410.0992041250507,651.87,2001.86,1407.0,247.32500000000005,0.04184071897529061,0.006178604016458081,0.0313960061408579,0.0566836524754762,0.040968052577227354,0.002245537936687452,0.052406337484717305,0.009071325420199896,0.0426759533584117,0.0779647305607795,0.049861857667565304,0.0017180629074573517,0.04825894869863983,0.008058374232023723,0.0402779690921306,0.0710100159049034,0.04599909670650955,0.002249369397759448
1.0,qrnn_paper,paper_no_reset,lorenz_1000,0.001,5.0,3.0,8.0,25.0,64.0,29.0,0.03628854472190137,0.004459115828161335,0.0293703731149435,0.0427871011197567,0.037584688514471,0.004748387262225151,0.036674727872014,0.004776335852357598,0.0300211310386657,0.0459509193897247,0.0349527634680271,0.004120573401451151,0.14854681193828578,0.011305345623571604,0.1315844804048538,0.1652077883481979,0.14986352622509,0.011571176350116757,0.14995638281106946,0.011438258662728941,0.1346255391836166,0.1730829775333404,0.14669068902730942,0.010097034275531797,0.48191036880016325,0.1066510231058249,0.3207860887050628,0.6378699541091919,0.4587855935096741,0.11128866672515872,0.4741677850484848,0.10726082389591748,0.2536950409412384,0.6191951632499695,0.5116479694843292,0.08850151300430298,1369.1,545.0408149854468,794.0,2396.0,1289.5,386.0,1224.3980000000001,485.7080197567259,700.77,2108.74,1166.92,359.4750000000001,0.04594990324228997,0.005327045207762619,0.0370809121057391,0.0571252338588237,0.0449988918378949,0.0025703209452330976,0.05707881674170491,0.008174614051681444,0.0462182722985744,0.0783006250858306,0.055521927773952456,0.0036577451974153484,0.049137002229690516,0.007139147614710435,0.0422520339488983,0.0688803046941757,0.0485795177519321,0.0026941727846860504
1.0,qrnn_paper,paper_no_reset,lorenz_1000,0.001,6.0,2.0,8.0,25.0,64.0,39.0,0.029222208634018858,0.003845506526178984,0.026451651006937,0.0402882620692253,0.0281669087707996,0.0010384777560830012,0.029197252914309458,0.0031223627642218764,0.0263346470892429,0.0378669835627079,0.028705695644021,0.0011532492935657501,0.13107113465666767,0.009549177735773528,0.1228963062167167,0.1576069891452789,0.1291909217834472,0.003595627844333621,0.1314416073262691,0.007423244101300996,0.1219526156783104,0.1506052017211914,0.12932643294334412,0.0027866438031196455,0.628381010890007,0.07934277529345271,0.3943260014057159,0.6817478537559509,0.6518099308013916,0.012908965349197388,0.6209680020809174,0.05306402694247202,0.4728824496269226,0.6659871339797974,0.6296071410179138,0.021217525005340576,1518.6,538.4452061259344,576.0,2476.0,1542.5,426.5,1959.426,672.7795578077563,754.46,3207.65,1962.98,524.4250000000001,0.03945998621173199,0.004735509879960553,0.0346186785958707,0.0523154586553573,0.038211445137858346,0.0018562541343271483,0.04952060803771015,0.006853671483002946,0.0436319448053836,0.068195603787899,0.04732620529830455,0.0022010300308466513,0.04509425647556777,0.003890706713811848,0.0381423570215702,0.0525455959141254,0.044555915519595105,0.002294601872563355
1.0,qrnn_paper,paper_no_reset,lorenz_1000,0.001,6.0,3.0,8.0,25.0,64.0,36.0,0.030325605161488012,0.0022587679615341913,0.0280950330197811,0.0345983654260635,0.02925384975969785,0.001096773892641052,0.029996092990040725,0.0015072846553665642,0.0278691314160823,0.0325976461172103,0.02998467627912755,0.0011034617200493986,0.13488127589225765,0.007264110648043558,0.1259711533784866,0.148552656173706,0.13232605904340738,0.005272664129734053,0.13424915075302118,0.005357390333685474,0.1269237995147705,0.1438256353139877,0.13326291739940638,0.00424831360578537,0.6095331728458404,0.041372586162529014,0.532609760761261,0.648165762424469,0.6306308805942535,0.01692071557044983,0.6062409579753876,0.025582647576431142,0.552767813205719,0.6374642252922058,0.608815461397171,0.017118126153945923,1639.5,603.9247055718122,1000.0,3034.0,1523.5,367.5,2885.495,1230.1055159721056,1293.3,5631.25,2618.91,749.3600000000001,0.042883955426514096,0.005240138273974259,0.036793040856719,0.0533062029629945,0.0405518568120896,0.0010035421699285015,0.052256046980619385,0.007002544703304485,0.0447661466896534,0.0659228041768074,0.0507136937230825,0.0046516116708517005,0.04616819769144052,0.007160138676631873,0.0375689230859279,0.0644699037075042,0.0449535362422466,0.00386092066764835
1.0,qrnn_paper,paper_no_reset,lorenz_1000,0.001,6.0,4.0,8.0,25.0,64.0,33.0,0.03150613461103698,0.0014918099621147114,0.0300217140465974,0.0349917523562908,0.0309200678020715,0.0003577023744582991,0.031598938422070594,0.0019405677184610535,0.028153546154499,0.0356134325265884,0.031788170337677,0.0006735697388648987,0.1374165548218621,0.004345722623102035,0.1305012255907058,0.1470055878162384,0.1362382769584655,0.0011677443981169822,0.13827188313007352,0.004235264139685421,0.1320226043462753,0.1471476703882217,0.1396248042583465,0.004216358065605108,0.5911925567520989,0.030039434260516494,0.5144144296646118,0.6206377744674683,0.6019957661628723,0.010229647159576416,0.5775228606330024,0.04060294108110654,0.4944120645523071,0.6524196863174438,0.5723099708557129,0.012970387935638428,1862.5555555555557,683.0692353245852,791.0,2933.0,1940.0,450.0,2054.3144444444442,750.6810877553665,873.89,3209.19,2129.33,473.9399999999998,0.046521887907551344,0.0052367582770678055,0.039040470123291,0.0549418173730373,0.0460660003125667,0.003257628343999397,0.05613393709063525,0.0071803679995209235,0.0468069054186344,0.0685355216264724,0.0553362630307674,0.0028979927301407,0.04989550386865929,0.006225325493116829,0.0411314144730567,0.0632088705897331,0.049798309803009,0.0018944479525088986
1.0,qrnn_paper,paper_no_reset,lorenz_1000,0.001,7.0,3.0,8.0,25.0,64.0,43.0,0.027463291957974388,0.002218835795791904,0.0234791226685047,0.0309087224304676,0.0270255384966731,0.0013126246631145495,0.02794803660362955,0.0026727121915261884,0.0239468105137348,0.0330194607377052,0.02743718866258855,0.0016625337302684524,0.1273016184568405,0.005937361271516254,0.1189031451940536,0.1394359916448593,0.12641214579343796,0.003850281238555908,0.12866043373942374,0.006136679672535802,0.120763786137104,0.1401469856500625,0.12650942057371134,0.003788415342569351,0.6600350558757782,0.04293506071773465,0.5902525782585144,0.7346013784408569,0.6718475222587585,0.029469460248947144,0.6399975001811982,0.04899938877470802,0.5501106977462769,0.7105730772018433,0.6500471532344818,0.03191483020782471,1680.3,445.01506716065245,952.0,2454.0,1608.5,237.0,2690.0090000000005,713.1649395118915,1547.14,3945.73,2531.295,286.0699999999997,0.03810485767200586,0.003418505207097952,0.0326533043757081,0.0435138899832963,0.0380457043647766,0.0030609728768467986,0.04798792898654933,0.003506524002961314,0.043684784322977,0.0546924099326133,0.0479258559644222,0.003203699365258248,0.04410922229290005,0.0027077114374933126,0.0400238446891307,0.0485980845987796,0.043774470686912495,0.001592056825756999
1.0,qrnn_paper,paper_no_reset,lorenz_1000,0.001,7.0,4.0,8.0,25.0,64.0,40.0,0.031043399684131095,0.002145062014355312,0.0275636222213506,0.0333623550832271,0.03204864449799055,0.0011328179389238496,0.03131064791232342,0.002840547793095146,0.0269948858767747,0.0348668433725833,0.03175997920334335,0.0024141371250152484,0.1365048326551914,0.007198515430108265,0.1224385127425193,0.1466870605945587,0.13686536997556686,0.005295902490615859,0.13716343641281123,0.007884700716412278,0.1229223161935806,0.1509036272764206,0.1373534426093101,0.005722925066947951,0.599118846654892,0.03721452006565245,0.5471837520599365,0.6568245887756348,0.5863856971263885,0.03764888644218445,0.5774453938007355,0.05140549122136594,0.5059963464736938,0.6528503894805908,0.5698453783988953,0.04546511173248291,1316.3,478.91566063347733,513.0,2205.0,1263.0,246.5,1968.828,714.781767923609,773.44,3394.99,1862.905,337.49,0.04009599649347362,0.004494375921543362,0.0329102851450443,0.0470622088760137,0.04056303836405275,0.00409243404865265,0.04841512963175769,0.004683634220097594,0.042505457997322,0.0559144541621208,0.04726206511259075,0.003543624654412301,0.04550366997718807,0.004829142217599734,0.0394625104963779,0.0546162128448486,0.0450679641216993,0.003000477328896547
1.0,qrnn_paper,paper_no_reset,lorenz_1000,0.001,8.0,4.0,8.0,25.0,64.0,47.0,0.026915071946051344,0.0026200974456968545,0.023410577327013,0.0314306728541851,0.0266653075814247,0.002340104430913998,0.026642172493868358,0.002367435495348923,0.0226640719920396,0.0306979101151227,0.0271255653351545,0.0014787279069424022,0.12516059560908208,0.005356826269624105,0.1172346398234367,0.135275587439537,0.1271744221448898,0.003110356628894806,0.12534534020556343,0.005862544146282816,0.1140547692775726,0.1355598419904709,0.1262859851121902,0.0031077861785889227,0.6719937589433458,0.04745334922252681,0.5860552787780762,0.7319338917732239,0.6649976968765259,0.03155195713043213,0.663507878780365,0.04292826302644317,0.5856024622917175,0.7289206981658936,0.6484400629997253,0.033979177474975586,1639.2222222222222,475.204465415275,1059.0,2474.0,1594.0,408.0,3284.1966666666667,924.3654092403068,2128.56,4725.11,3188.1,787.98,0.03846439579501743,0.005510161786435974,0.0320066172629594,0.0502194311469793,0.0361250506713986,0.002760777249932296,0.04802759281463089,0.006672859645515021,0.0385144501924514,0.060348492115736,0.0448135249316692,0.005107909440994297,0.04497052397992872,0.004153424813935724,0.0388914234936237,0.0523843765258789,0.0442541055381298,0.0026837326586246976
1.0,qrnn_paper,paper_no_reset,lorenz_1000,0.001,4.0,2.0,16.0,25.0,64.0,25.0,0.03643870577216144,0.0031729201941892555,0.032466921955347,0.0407569371163845,0.0356036573648452,0.003136735409498201,0.03510510772466654,0.0021626350786051133,0.0320188030600547,0.0386222600936889,0.034666933119297,0.0012472234666347018,0.15082682669162745,0.009000111945797706,0.137384295463562,0.1622160226106643,0.1480519622564315,0.010667666792869485,0.1482152014970779,0.006273816708158028,0.1372128874063491,0.1565653532743454,0.148988589644432,0.0015196800231933871,0.4867085576057434,0.07020053724052032,0.3885551989078522,0.5740966796875,0.5047184228897095,0.06937825679779053,0.49213714599609376,0.04699286762202323,0.4143608808517456,0.5570901036262512,0.5002339482307434,0.024400174617767334,1005.4,441.7947939937726,523.0,1686.0,1078.0,553.0,1376.5700000000002,609.5819277832965,702.23,2303.26,1468.61,752.4399999999999,0.04997554123401639,0.00862669101444247,0.0401468674341837,0.0622164544959863,0.0475762109789583,0.007429343544774598,0.06285751685500139,0.01616022323575113,0.0481297113001346,0.0885909274220466,0.0525648593902587,0.0044351480901240956,0.05563617348670952,0.010689294819816347,0.046392798423767,0.0718565881252288,0.0485244989395141,0.002131700515747098
1.0,qrnn_paper,paper_no_reset,lorenz_1000,0.001,5.0,2.0,16.0,25.0,64.0,32.0,0.03450406920164818,0.003356931267294852,0.0289553068578243,0.0380518473684787,0.0357690285891294,0.0021644849330186497,0.03480935376137491,0.003829889213457041,0.029926074668765,0.0420467592775821,0.03468073345720765,0.0031299032270908494,0.1451491937041282,0.008447473674964219,0.1342843174934387,0.1575552076101303,0.14704005420207975,0.00792548805475235,0.14626415520906447,0.010000506260998542,0.1348427534103393,0.1658012717962265,0.14469885081052775,0.008728437125682803,0.5265577167272568,0.06510319016928044,0.4501746296882629,0.6267609596252441,0.5135704874992371,0.05018390715122223,0.5008961766958236,0.0729639326402356,0.3703023195266723,0.5933188796043396,0.5016655921936035,0.06607720255851746,1228.0,512.7404801651611,526.0,2271.0,1192.0,262.0,2314.43,930.1225130916895,1005.09,4196.6,2272.37,512.8299999999999,0.04259028279532984,0.007208805617239531,0.031875449957119,0.0552262427906195,0.043677892328964296,0.005942777834004799,0.051016304641961996,0.009284041756006058,0.0398090332746505,0.0710429400205612,0.047178229317069,0.006623329594731348,0.04892801530659193,0.00884249008768767,0.0392415113747119,0.0713734328746795,0.0471019502729177,0.004322635009884848
1.0,qrnn_paper,paper_no_reset,lorenz_1000,0.001,5.0,3.0,16.0,25.0,64.0,29.0,0.034879176691174456,0.005043666909521754,0.0304873250424861,0.0482025071978569,0.0331803131848573,0.0019442234188317992,0.035070903599262196,0.004703378413697323,0.0313876681029796,0.0471779853105545,0.033096322789788205,0.0016677360981703047,0.14575394392013546,0.010670146827542406,0.1361239999532699,0.1718424409627914,0.14225627481937403,0.005173444747924777,0.14596886634826658,0.010041481753296192,0.1353297382593155,0.170797660946846,0.1429433822631836,0.006617374718189253,0.5163273483514785,0.11704558558332592,0.1991356015205383,0.6138870716094971,0.551411896944046,0.03815096616744995,0.4974035322666168,0.10417214476156769,0.2314222753047943,0.5823202133178711,0.5404784679412842,0.036853522062301636,1112.8,549.512838794509,441.0,2539.0,967.0,236.0,1882.9419999999998,914.0835446150422,745.51,4241.82,1632.455,384.5049999999999,0.040644202360676354,0.0057547961648904454,0.0295060910284519,0.0489344472686449,0.0424450567613045,0.0027936467279990503,0.04836300984024998,0.006264505117547585,0.0376911424100399,0.0575480982661247,0.0475810449570417,0.005524994805455201,0.04679547213017935,0.006321850709579682,0.0364473462104797,0.0560805611312389,0.04866073653101915,0.004160711541771899
1.0,qrnn_paper,paper_no_reset,lorenz_1000,0.001,6.0,2.0,16.0,25.0,64.0,39.0,0.029773774370551058,0.00480784526389522,0.021957067772746,0.0371748954057693,0.028606320731341797,0.004196861758828151,0.02963795494288201,0.004389783986779633,0.0229099243879318,0.0367749482393264,0.02827438246458765,0.002442379482090449,0.13377975150942797,0.012915926411463632,0.1137814149260521,0.1553653925657272,0.13023381680250165,0.010002851486206055,0.13417045399546618,0.012003446817122267,0.1152903214097023,0.1549406498670578,0.12943415343761439,0.006648741662502303,0.6161860555410386,0.08704899106442639,0.4782044589519501,0.7459391355514526,0.6462900340557098,0.07218143343925476,0.5952423274517059,0.08307182232692559,0.4574594795703888,0.7182665467262268,0.630744457244873,0.04430463910102844,1576.9,798.1454065519641,605.0,3107.0,1265.5,609.5,3853.285,1944.8125946694709,1473.76,7626.45,3105.05,1492.2500000000002,0.040376274101436085,0.005199080500523334,0.0321544197698434,0.0505918206440077,0.03892632894631885,0.003875970840454098,0.045723045989870974,0.0069378367341774915,0.0382296591997146,0.0584368705749511,0.04392661526799195,0.0030529275536536997,0.04435362927615638,0.006274886297388418,0.0366914719343185,0.0583784505724906,0.0430281516164541,0.002263123169541397
1.0,qrnn_paper,paper_no_reset,lorenz_1000,0.001,6.0,3.0,16.0,25.0,64.0,36.0,0.03045421559363598,0.0031024976095350995,0.0259269550442695,0.0357946567237377,0.0302626118063926,0.002334401942789551,0.03025396559387441,0.0025114049068737645,0.02612697891891,0.0340236313641071,0.0304755568504333,0.0022555664181709498,0.13383908718824383,0.008542499169470875,0.1202609688043594,0.1472869515419006,0.13316295295953745,0.006048485636711148,0.13284182399511335,0.005847591725517761,0.1218641996383667,0.1415750533342361,0.1325632259249687,0.0042909011244774,0.6054462105035782,0.05540371261025043,0.4992893636226654,0.6782137751579285,0.6058438718318939,0.044627755880355835,0.5862446784973144,0.04467689137785968,0.5140554308891296,0.6576023697853088,0.5805471241474152,0.03947979211807251,1463.0,1173.678916910413,560.0,4463.0,854.0,259.0,4474.523999999999,3482.77000900203,1444.88,12196.56,3013.48,740.7550000000001,0.044125644241770054,0.007472367270179929,0.0342346009694867,0.0584122066696484,0.04204457625746725,0.004894597559339499,0.051379318535327866,0.010355765656917057,0.0443524941802024,0.0765570998191833,0.0460371114313602,0.0016835965216160029,0.048764153197407664,0.008213585369979947,0.0406755656003952,0.0693065151572227,0.04611163400113575,0.0037196855992078504
1.0,qrnn_paper,paper_no_reset,lorenz_1000,0.001,6.0,4.0,16.0,25.0,64.0,33.0,0.0311110044519106,0.003620706824788936,0.0242772847414016,0.0356451123952865,0.0319431498646736,0.0013378802686930015,0.030905621954136375,0.0038362564466837682,0.0243797190487384,0.0363228991627693,0.0325968265533447,0.0010285489261150985,0.13902362601624593,0.0096189517055208,0.1216969490051269,0.1512612104415893,0.1433195024728775,0.0027277767658233087,0.13763932138681406,0.009670913550924802,0.120469145476818,0.1492467522621154,0.1419141739606857,0.00243180990219119,0.5965367688073052,0.06803347827434461,0.5039676427841187,0.7283404469490051,0.5776263475418091,0.02940952777862549,0.5717517269982232,0.07358596762263972,0.4580418467521667,0.6955428123474121,0.5419539213180542,0.018164873123168945,1751.2222222222222,777.9711188266535,731.0,2982.0,1579.0,740.0,3677.6311111111113,1654.3878102014685,1569.76,6499.54,3251.09,1469.7300000000002,0.04891409752545528,0.011447882129928259,0.0331836111015743,0.0767833031713962,0.0489834364917543,0.003134152541557897,0.05626709055569431,0.015570591993465452,0.0395499542355537,0.0964246615767479,0.0523161329329013,0.007109422236680901,0.05200736886925163,0.011944374558129385,0.0370264910161495,0.0812703743577003,0.0501682832837104,0.0040912926197052
1.0,qrnn_paper,paper_no_reset,lorenz_1000,0.001,7.0,3.0,16.0,25.0,64.0,43.0,0.02828160841017955,0.002586569715466527,0.0249684620648622,0.0329495929181575,0.027648251503705902,0.0016591027379035516,0.02851574346423145,0.0027736190057245443,0.0251254122704267,0.0342516526579856,0.026878903619945,0.0010152887552976504,0.13116629943251606,0.007266170924806154,0.1212262585759162,0.1450826674699783,0.1290618777275085,0.003861516714096104,0.13276973739266393,0.00742400939995252,0.1238662526011467,0.1476280391216278,0.1291941702365875,0.004442248493432999,0.6471771359443664,0.04569032568388635,0.5576212406158447,0.7005056142807007,0.6573696434497833,0.03306019306182861,0.6186709523200988,0.05279767823400191,0.5068206191062927,0.6789271831512451,0.6484304666519165,0.020281165838241577,1269.1,304.95784954645785,675.0,1721.0,1248.0,190.5,3830.1289999999995,938.4739333881363,2010.73,5236.06,3688.385,451.58000000000015,0.04096807369755368,0.005831215642283263,0.0344586494482225,0.0503103008700741,0.03872915895448785,0.0040964137555824474,0.04834046401083465,0.007348651542752498,0.0365082621574401,0.0600775629281997,0.046840207651257446,0.005167292430996843,0.048107248917221984,0.007006137633351186,0.0372505187988281,0.06303221732378,0.04678112827241415,0.0041252467781305036
1.0,qrnn_paper,paper_no_reset,lorenz_1000,0.001,7.0,4.0,16.0,25.0,64.0,40.0,0.030349650606512978,0.004100622329966902,0.0246157813817262,0.0365941449999809,0.02939448133110995,0.0036258595064282487,0.030632556043565233,0.003933292482793977,0.0252947639673948,0.0361010245978832,0.029800463467836352,0.003680643625557402,0.13517566472291942,0.009635193233102336,0.1213583648204803,0.1491399258375167,0.1337558552622795,0.008740380406379707,0.13635437861084934,0.010213700657983778,0.1221930161118507,0.1498932391405105,0.1345046609640121,0.010977432131767252,0.609200194478035,0.07614582752209324,0.4828643500804901,0.7094321250915527,0.6363897621631622,0.0605165958404541,0.5763313323259354,0.07637353155159413,0.4697025120258331,0.67457515001297,0.5978147983551025,0.07152947783470154,1825.6,1005.4333593033404,651.0,4069.0,1461.0,448.0,5124.034000000001,2823.263141388701,1826.08,11573.24,4074.4849999999997,1332.9450000000002,0.044428206028209745,0.004989373329107538,0.033109030375878,0.0507221300568845,0.0440931816895802,0.0030536796483729006,0.05320876128971573,0.008346257625724867,0.0405473262071609,0.0680700242519378,0.054884323850274044,0.007035430520772951,0.04922853522002692,0.006725367190571836,0.0397319830954074,0.0613108538091182,0.0477502048015594,0.004629196599125848
1.0,qrnn_paper,paper_no_reset,lorenz_1000,0.001,8.0,4.0,16.0,25.0,64.0,47.0,0.02742237318307158,0.0022454438727092666,0.02435321547091,0.0312377512454986,0.026708014309406253,0.0011800555512309022,0.027175566554069452,0.0021262211157994223,0.0233021602034568,0.0313697718083858,0.0266012186184525,0.0004380298778415004,0.12616665288805956,0.005181308922838926,0.1179503500461578,0.1336096674203872,0.12488023564219469,0.003733098506927504,0.12650573179125782,0.005070019077134954,0.1155031248927116,0.1345443129539489,0.12617556005716318,0.0025152489542960843,0.6603693723678589,0.04031256176309144,0.5979681015014648,0.7156510353088379,0.6751183271408081,0.02020755410194397,0.6429571688175202,0.03726581704218944,0.5732991695404053,0.7145993113517761,0.65301313996315,0.006424933671951294,1425.6,453.82247630543816,631.0,2362.0,1361.0,288.0,5263.808,1609.8863758526566,2352.06,8610.95,5050.0599999999995,925.4199999999998,0.04063422135594815,0.00835339494274225,0.030475135685669,0.0597682980199654,0.0391936221470435,0.004621540610161099,0.04597103707492346,0.005728112878957324,0.0394654087722301,0.0588781088590621,0.04431338235735885,0.0037370491772889466,0.04535893537104124,0.004738286803966193,0.0371623896062374,0.0534141696989536,0.04535056278109545,0.003995940089225748
1.0,qrnn_paper,paper_reset,lorenz_1000,0.001,4.0,2.0,4.0,25.0,64.0,25.0,0.047563782334327634,0.0027756637860313553,0.043078526854515,0.0518731400370597,0.047629963606595896,0.0021715704351663485,0.053505880385637236,0.0018544326984270669,0.0496558621525764,0.0565773993730545,0.053588414564728695,0.0008772332221269989,0.16724867224693296,0.004994229490294248,0.1590471565723419,0.1776903718709945,0.16742738336324692,0.002701349556446103,0.18102615326642985,0.0024918549802533376,0.1770198792219162,0.1848838776350021,0.1809851080179214,0.0022925138473510465,0.1413612344302237,0.0884133448269903,-0.0106910606846213,0.2912003695964813,0.1229815818369388,0.04693572595715521,0.053266639355570036,0.06789356153397776,-0.0326151177287101,0.2140496224164962,0.041107747703790595,0.031088746152818196,599.1,215.6791366822484,426.0,1161.0,548.0,111.5,502.0420000000001,171.4552301797761,361.85,945.05,465.495,94.46000000000001,0.0475160177238285,0.003874226661436099,0.0442232482135295,0.0586814314126968,0.046214897185564,0.0008759358897805526,0.05902451537549491,0.005690950293937976,0.0512792244553566,0.0699013546109199,0.0584888663142919,0.004512803629040749,0.051568889245390846,0.004624717906355053,0.0436957776546478,0.0611327737569808,0.05214673839509485,0.001478772610425897
1.0,qrnn_paper,paper_no_reset,mackey_1000,0.001,4.0,2.0,4.0,1.0,64.0,19.0,0.0001030321122015925,8.108153300750465e-05,2.532459620852024e-05,0.0002599934814497,8.060528125495482e-05,5.5205688113326394e-05,0.00020234403855280748,0.0001617355034034889,3.629720231401734e-05,0.0004587540752254,0.00011756917592715195,7.59275862946613e-05,0.007564960606396161,0.0035067364888369226,0.0036994135007262,0.0139367282390594,0.0070511763915419,0.0028840554878115502,0.009270074917003452,0.004302827374208608,0.0043834131211042,0.0158900115638971,0.00847237068228415,0.00381227722391485,0.9990460515022278,0.0007695220396941057,0.9975222945213318,0.9997764229774476,0.9992586076259613,0.000515669584274292,0.9984400987625122,0.0012542290348913783,0.9964492917060852,0.9997206330299376,0.9991119801998138,0.0005676150321959894,2582.1,1368.205719181147,688.0,4844.0,2283.5,859.5,1657.9150000000002,828.1978407029326,458.09,3012.09,1480.725,511.8549999999999,0.0118558905809186,0.007903392644363003,0.0020652178442105,0.0268647450953722,0.01064970260486005,0.0066872373223304995,0.014975781063549163,0.01022948643718357,0.0022365513723343,0.0297602545469999,0.013004414737224499,0.007976423250511299,0.009113135456573159,0.006187913714046228,0.0017475892091169,0.0224147327244281,0.0080304616130888,0.00481355038937185
1.0,qrnn_paper,paper_no_reset,mackey_1000,0.001,5.0,2.0,4.0,1.0,64.0,24.0,4.270757335689268e-05,1.886505305286759e-05,1.8915643522632308e-05,7.631316839251667e-05,4.320009429648053e-05,1.4969929907238111e-05,8.145836477523398e-05,3.514725482159425e-05,2.3075221179169603e-05,0.0001360948808724,7.576478310511447e-05,1.8429331248626106e-05,0.005097599321743437,0.001251359314135479,0.0033627778757363,0.0071820900775492,0.005314993672072849,0.00092552648857235,0.006001102738082362,0.0013860678851932626,0.0035021672956645,0.0085396878421306,0.00593011174350975,0.0006165390368551506,0.9996238574385643,0.00016800062375064151,0.9993122220039368,0.9998531937599182,0.999612957239151,0.0001151859760284979,0.9993744641542435,0.0002702414708630486,0.9989488124847412,0.9998237490653992,0.9994176924228668,0.00014132261276239566,3708.625,1466.3544027195471,1531.0,5416.0,4185.5,1072.0,1498.28375,585.9132991948873,623.2,2183.39,1712.255,400.0949999999998,0.00987649307935494,0.002851786584606113,0.0035182735417038,0.0130179290659725,0.0098160007037222,0.0017417179187759506,0.012120744213461838,0.0041299233050956915,0.0039479974657297,0.0179434884339571,0.01193175232037895,0.0021583591587841493,0.007693071122048388,0.0022289307766875624,0.0027740804944187,0.0105659049004316,0.0078100978862494005,0.0007465570233762498
1.0,qrnn_paper,paper_no_reset,mackey_1000,0.001,5.0,3.0,4.0,1.0,64.0,23.0,0.00011046996291951072,9.450296199706798e-05,2.268933531013317e-05,0.000300398474792,7.591661415062845e-05,5.2377706197148655e-05,0.0002606900238788204,0.0003187264743972576,3.89426204492338e-05,0.0010808689985424,0.00015312058530975002,6.227714220583543e-05,0.007836207398213387,0.0037843089560501823,0.0036439569666981,0.014793767593801,0.0071313718799501,0.0029049366712569995,0.009237449208740088,0.004232810435091589,0.0041785491630434,0.0175743326544761,0.0082382732070982,0.0024695836473256506,0.9989668056368828,0.0009131979377492805,0.9970943927764891,0.9998025298118592,0.9992908239364624,0.0004800260066986084,0.9979926198720932,0.002459018923499036,0.9916637539863586,0.9996989965438844,0.9988184571266174,0.00047481060028081723,3235.0,1656.6316730039903,907.0,5586.0,3093.0,1321.5,1248.09125,645.1344687822358,346.58,2180.57,1202.94,510.0350000000001,0.009640253079123738,0.0037809250428278676,0.0012417707592248,0.0150866149459034,0.009726264979690251,0.00101060674060135,0.013700871946639326,0.008650546622902423,0.0014139198465272,0.0340054370462894,0.011841791216283998,0.0026666773483157,0.007086272788001162,0.00255776941570835,0.0009556750301271,0.0104563320055603,0.0075394192244857,0.0006232198793441005
1.0,qrnn_paper,paper_no_reset,mackey_1000,0.001,6.0,2.0,4.0,1.0,64.0,29.0,2.524266144771698e-05,1.1921444034806762e-05,9.82793153525563e-06,5.061024421593174e-05,2.573279562056996e-05,6.977303200983439e-06,6.643876824657163e-05,3.97954753115717e-05,3.3059266570489854e-05,0.0001651716447668,5.13230734213721e-05,1.6092206351459026e-05,0.0038027547092900995,0.0009417963147179476,0.0024317952338606,0.005639620590955,0.0038396818563342,0.00045526516623799976,0.004941401589247867,0.0012296216210806164,0.0034013432450592,0.0077198282815515,0.0046546370722353,0.0006953375414014001,0.9997716413603889,0.00010927786165545105,0.9995309114456176,0.9999112486839294,0.99978369474411,3.796815872203485e-05,0.9994869232177734,0.0003078835614355521,0.9987228512763976,0.999745786190033,0.9996033906936646,0.00012552738189708368,3560.222222222222,908.7737498382431,2221.0,4836.0,3656.0,720.0,1850.2022222222222,486.3562595185133,1157.0,2599.74,1891.92,374.8499999999999,0.006054405888749444,0.0020934699359920323,0.0027772043133154,0.0092363945208489,0.0056197575759142,0.0021871508099138995,0.006777353739986757,0.002135276861078533,0.0039192638359963,0.0098733222112059,0.0060224616900086,0.0021031978540123003,0.004979692140801033,0.0018011353895971002,0.0018989481031894,0.0076409690082073,0.0048640761524438,0.0014893547631800999
1.0,qrnn_paper,paper_no_reset,mackey_1000,0.001,6.0,3.0,4.0,1.0,64.0,28.0,5.1189022087777165e-05,2.873883950707497e-05,1.5674277165089734e-05,0.0001147932489402,4.781362986250315e-05,1.971599976968719e-05,0.00011135719869341312,4.927679751771061e-05,3.1205880077322945e-05,0.0001905573735712,0.0001081031587091,3.7614008760980097e-05,0.00555069616530085,0.0017401594071187326,0.0029866171535104,0.0089570274576544,0.00554904178716235,0.0013524251990020002,0.00698840415570879,0.001956397593281111,0.0038573986385017,0.0104627516120672,0.006859070621430799,0.00136679550632835,0.9995297133922577,0.000263666603567203,0.9989646077156068,0.9998590350151062,0.9995706081390381,0.0001833140850068249,0.9991438746452331,0.00037737107442751167,0.998525857925415,0.999759554862976,0.9991654455661774,0.0002887248992919922,2667.1,1513.8848337968116,986.0,6021.0,2225.0,938.5,1959.146,1397.865867214734,482.57,4467.16,1362.385,676.37,0.00842517217155543,0.0031355801041120616,0.0037105141906067,0.0149150950834155,0.00815580619964745,0.0021538231521845003,0.0106275361962616,0.005066400253156579,0.0040070014074444,0.0225459206849336,0.0093423286452889,0.0023564361035823995,0.00637133098207409,0.002000670343815401,0.0031456316355615,0.0097938552498817,0.006180562078952749,0.0016016347799450497
1.0,qrnn_paper,paper_no_reset,mackey_1000,0.001,6.0,4.0,4.0,1.0,64.0,27.0,0.00014249707965061567,0.0001356036831842207,3.014382309629582e-05,0.0004825671494472,8.868748409440741e-05,5.854366099811159e-05,0.00021834630671135034,0.00016477194575443456,6.269838922889903e-05,0.0005115116946399,0.0002146692131645,0.00014899165398664312,0.00881426176056261,0.004326686397573973,0.0041970708407461,0.0184384286403656,0.0074401283636689,0.0030403854325413,0.010003566483242599,0.004314888160356173,0.0050731287337839,0.0186766944825649,0.0098565872758626,0.0038493908941745003,0.9986703329616122,0.0012586158671914446,0.9955450892448424,0.9997234344482422,0.9992185831069946,0.0005048513412475586,0.998323553138309,0.0012588576336464697,0.9961057305336,0.999515950679779,0.9983396530151368,0.0011559724807738148,3339.5555555555557,867.0337826445481,2339.0,5143.0,3463.0,503.0,1620.1722222222224,430.0741943685163,1116.64,2545.5,1662.93,227.6199999999999,0.008462197320639199,0.0022084232189418978,0.0041541971033439,0.0130492028780281,0.0082908648066222,0.0007556015159934995,0.009842560160905102,0.002732468374547113,0.0043330960907042,0.0145820081233978,0.0091508738696575,0.0004112385213375005,0.0067756680978668556,0.001791486390385326,0.0034463079646229,0.0105507867410779,0.006612398661673,0.0007421737536788004
1.0,qrnn_paper,paper_no_reset,mackey_1000,0.001,7.0,3.0,4.0,1.0,64.0,33.0,2.4031529392232187e-05,6.7629086639333395e-06,1.254915514437016e-05,3.203774758731015e-05,2.7214407964493148e-05,4.823339622817002e-06,6.250390611562625e-05,3.4359522663522706e-05,2.111773756041657e-05,0.0001454457378713,5.425847484730184e-05,1.3852011761628091e-05,0.003804730096210988,0.0006472134852151668,0.0026846900582313,0.0045998459681868,0.0040184911340475,0.0005258757155389006,0.004924388886946723,0.0009904397552462259,0.0031766183674335,0.0064878878183662,0.0052634859457612,0.0007566511631012006,0.9997759792539809,6.572224176913556e-05,0.999699890613556,0.9998883605003356,0.9997471570968628,4.726648330677374e-05,0.999520308441586,0.000264130375349488,0.998881220817566,0.9998371601104736,0.9995833039283752,0.00010150671005249023,3837.6666666666665,1209.743866370986,2686.0,6643.0,3494.0,727.0,2535.2944444444447,780.6707666005506,1695.78,4256.2,2350.68,502.8899999999999,0.008789415753239513,0.002771640849416933,0.0045967628480866,0.0144346076995134,0.0084901849739253,0.0016221642028539998,0.010265987107737145,0.0035301606317057273,0.005081532523036,0.0173172298818826,0.0098599661141633,0.0027082655578851995,0.007085328481884423,0.00223385603212399,0.0038476523477584,0.0117217833176255,0.0072501376271247,0.0009279958903789
1.0,qrnn_paper,paper_no_reset,mackey_1000,0.001,7.0,4.0,4.0,1.0,64.0,32.0,3.665511888227359e-05,1.917616278349059e-05,1.4454883057624102e-05,6.547605153173208e-05,3.154472869937308e-05,1.369239907944575e-05,9.664802616626639e-05,4.810988477698031e-05,4.398895907797851e-05,0.0001868676772573,7.606107828905806e-05,3.207211921107955e-05,0.004650808937315357,0.0013349928658844476,0.0029307277873158,0.0066507849842309,0.0045031188055872,0.0010966695845126997,0.006025255524686358,0.0015249873013879899,0.0040424950420856,0.007744372356683,0.0061680898070335,0.0015680473297834995,0.9996649708066668,0.00016979492214472253,0.9994251132011414,0.9998675584793092,0.9997113347053528,0.00015097856521595343,0.9992591653551374,0.00036436020418364025,0.9985746145248412,0.999660313129425,0.9994122982025146,0.0002480149269104004,2429.714285714286,1083.325925668028,1121.0,4629.0,2535.0,544.0,1579.2728571428572,726.0309834339871,743.6,3083.05,1623.81,302.3899999999999,0.007803980527179529,0.005407361846269904,0.0013750800862908,0.0189239962957799,0.0051937776152044,0.0038186975289136,0.009390065878895728,0.006391375465675375,0.0027361146640032,0.0216244496405124,0.0056377728469669,0.0029016581829637003,0.006083975080400658,0.004147809608633247,0.000993519090116,0.0148097053170204,0.0041851396672427,0.0029632938094436992
1.0,qrnn_paper,paper_no_reset,mackey_1000,0.001,8.0,4.0,4.0,1.0,64.0,37.0,3.209518111664996e-05,2.05471575799787e-05,1.310954030486755e-05,6.343347922665998e-05,2.1611687770928256e-05,7.656064099137438e-06,7.98526367968051e-05,5.753596087661965e-05,3.691347228595987e-05,0.0002052861236734,5.7679864767123945e-05,1.6939144188654606e-05,0.004190536177096183,0.0014171184056375485,0.0027452155482023,0.0063344156369566,0.0035753108095377,0.0007190360920503998,0.0055379161300758,0.0017810594046996423,0.0040012137033045,0.008765953592956,0.00454846746288235,0.0004359679296612501,0.9996974567572275,0.0002004965864100256,0.9993794560432434,0.999876856803894,0.9998038411140442,6.625056266784668e-05,0.999385009209315,0.00044571531767939387,0.9984128475189208,0.9997174739837646,0.9995545148849486,0.0001297295093536932,3711.0,1624.5815871581622,1071.0,6164.0,3960.0,1114.5,3154.308333333333,1376.3320532053867,957.34,5250.3,3352.0699999999997,955.135,0.00835680944534635,0.0015734665045831343,0.0052990575786679,0.010531211271882,0.00861216438934205,0.0005335305118933497,0.0098966352331141,0.0016755050999299817,0.0074788564816117,0.0120117673650383,0.0097949658520519,0.0017002355307341004,0.006552890525199434,0.001384303973349365,0.0037492865230888,0.0081506790593266,0.0068906187079846495,0.0005981116555631499
1.0,qrnn_paper,paper_no_reset,mackey_1000,0.001,4.0,2.0,8.0,1.0,64.0,19.0,0.00020761732594108126,0.00011007301102847706,6.372397183440626e-05,0.000403201469453,0.000180791656021,3.1614181352800005e-05,0.00040025742200664003,0.00017815021649483643,0.0001676718966336,0.0006947995861992,0.0003616106987465,0.0001166331057902,0.011010868661105599,0.0031429677514216866,0.0062999092042446,0.0160745698958635,0.0105799417942762,0.0012971432879567008,0.0140109565109014,0.0032229797460115485,0.0085049159824848,0.0182869136333465,0.0142055703327059,0.001498647965490799,0.9980666875839234,0.0010059351780319211,0.9962917566299438,0.9993976354599,0.9982753992080688,0.0002734065055848278,0.9969457745552063,0.001330875589181055,0.9947721362113952,0.9987099170684814,0.9972220063209534,0.0008929967880250134,1878.4,611.0704051089367,1215.0,3019.0,1663.0,235.0,1138.2,381.4960793507581,726.65,1853.29,1014.77,121.45000000000005,0.009901682769414,0.010777881490810493,0.0020126465358771,0.0311959320679307,0.0046534699387848,0.0026393448002635994,0.013338171271607219,0.014693597031356136,0.0026803070213645,0.0423744358122348,0.0084232268854975,0.003819935955107201,0.007412091176956839,0.008269131162661009,0.0015099586453288,0.0236788615584373,0.0031494575086981,0.0016394988633693002
1.0,qrnn_paper,paper_no_reset,mackey_1000,0.001,5.0,2.0,8.0,1.0,64.0,24.0,0.00014941441713741706,0.00010226449968787293,3.529242530930787e-05,0.0003204536042176,0.00010806766294985,3.602039214453216e-05,0.0003494381026029625,0.00019290202915583744,0.0001028432961902,0.0006854316452518,0.00029906490817660004,9.941386815624999e-05,0.00905180501285935,0.0032267985323572567,0.0043420284055173,0.014584444463253,0.0081975334323942,0.0013304715976119501,0.011770324897952312,0.003999921145984152,0.0057080909609794,0.0184697359800338,0.010804283898323701,0.0012843017466366013,0.9986001774668694,0.0009710670214828465,0.9969540238380432,0.9997301697731018,0.9989969432353972,0.00036028027534490414,0.9973144605755806,0.001482088600472882,0.994722545146942,0.9992089867591858,0.9977018237113953,0.0007694661617277943,1859.75,347.3358425213269,1095.0,2330.0,1948.5,91.5,1535.0862499999998,308.12521326311077,878.68,1987.19,1593.57,107.10500000000002,0.007885691097908362,0.005134553628990356,0.0010496544593479,0.0156040157191455,0.0061077052843756495,0.0038535948755452497,0.011902803234988763,0.00857561509634543,0.0022060105111449,0.0303735435009002,0.0101611446589231,0.0056109707802534,0.005532457005756388,0.0038616976409146598,0.0006610951968468,0.0118278330191969,0.0038139240350573995,0.0022912826098036494
1.0,qrnn_paper,paper_no_reset,mackey_1000,0.001,5.0,3.0,8.0,1.0,64.0,23.0,0.0001664688885890772,0.00011176733972820176,3.596761598601006e-05,0.00036215185537,0.0001223039143951,6.543995550594713e-05,0.00036779398376686674,0.00020788125822507268,0.0001835861476138,0.0008456031209789,0.0002642522740643,7.335709233299999e-05,0.009520228848689078,0.00327606490461971,0.0048582609742879,0.015024778433144,0.0087251244112849,0.0029555559158324996,0.012714709620922755,0.004357302433164595,0.0069933314807713,0.0211280956864357,0.0113606331869959,0.0020702220499514996,0.9984676970375909,0.0010327215811191577,0.996476113796234,0.999666154384613,0.9988226890563964,0.0006510615348815918,0.997184501753913,0.0015850908317129344,0.9935289025306702,0.9985860586166382,0.9980013966560364,0.0005363821983336292,2380.8888888888887,677.1844397445195,1604.0,3498.0,1999.0,395.0,1903.7977777777778,532.3786898393489,1296.84,2785.02,1628.12,331.28,0.010419256897229244,0.004736213274701806,0.0038405601633712,0.0173036757856607,0.0117416214197874,0.0030222361907362993,0.013068814968897176,0.005679454805860664,0.0057200398296117,0.021497044712305,0.0127050336450338,0.0061655719764531,0.00823301343350769,0.004325330639454404,0.003032689448446,0.0158732254058122,0.0076691908761858,0.0045115742832422005
1.0,qrnn_paper,paper_no_reset,mackey_1000,0.001,6.0,2.0,8.0,1.0,64.0,29.0,0.00017828422601769993,0.00011874890444236175,4.777591675519943e-05,0.0004857395251747,0.0001368247030768,2.56051207543e-05,0.00031101705907424443,0.0001237515767110701,0.0001602307602297,0.0005193529068492,0.0003714002668857,0.00014795263996349997,0.009965696165131144,0.0031299666388369045,0.0055637080222368,0.0173618365079164,0.0092359157279133,0.0012897858396172003,0.012200269641147668,0.003043302839216267,0.0081830630078911,0.018026178702712,0.0125610716640949,0.0022259214892982986,0.9983237849341499,0.0011658584926951083,0.995275616645813,0.999535322189331,0.9987885355949402,0.00018727779388416632,0.9976084563467238,0.0009580022950225222,0.996003031730652,0.9987651109695436,0.99713933467865,0.0011363029479980469,2075.1111111111113,814.8847831911843,1140.0,4101.0,1897.0,292.0,2161.24,844.5006476545113,1216.31,4275.05,1996.84,346.75,0.0078643689811643,0.003857389219690649,0.0039020931115373,0.0139847827143967,0.0055187223479151,0.0016166292363777998,0.010673069860786144,0.005250686276471646,0.0047589275054633,0.0216564089059829,0.008719322271645,0.0039603947661817,0.005881937531133434,0.0028560395153602457,0.0025441204197704,0.010187953710556,0.0048574125394225,0.0022494080476462
1.0,qrnn_paper,paper_no_reset,mackey_1000,0.001,6.0,3.0,8.0,1.0,64.0,28.0,0.00011345278689984349,7.24489260956189e-05,4.886931856162846e-05,0.0002920030674431,9.691526065579984e-05,4.2644063796574706e-05,0.00022060728806533544,0.00012126749030683923,8.115046512102708e-05,0.0004753533285111,0.00021638163889285,9.779558240547817e-05,0.008062340086325951,0.002651115546568283,0.0053812810219824,0.0138695463538169,0.00769842322915785,0.0019584223628044003,0.009956906689330889,0.002849732509488216,0.0065659242682158,0.0151096861809492,0.01016850257292385,0.002562508918345,0.9989508211612701,0.0007001890869884847,0.9972087740898132,0.9995463490486144,0.9991352260112762,0.0004013776779175915,0.9983118534088135,0.0009253381724494046,0.9963387846946716,0.9993769526481628,0.998337984085083,0.000750660896301214,2560.3,1411.3049316147096,1248.0,6311.0,2047.5,544.0,3573.8959999999997,1333.397504431443,2263.31,6756.58,3092.155,566.1150000000002,0.0066526032914407006,0.006775779240855336,0.0018091802834533,0.0252061171457171,0.00441798212705175,0.0023998752294574002,0.00849369179923081,0.00817285238533492,0.0021732025779783,0.0308941919356584,0.0067511273082344996,0.00351646624039855,0.004997766518499651,0.005025241600569696,0.001388345262967,0.0185782685875892,0.0027128958608954503,0.0011917809024453003
1.0,qrnn_paper,paper_no_reset,mackey_1000,0.001,6.0,4.0,8.0,1.0,64.0,27.0,0.00015453160853613946,0.00013990372445030926,6.91199820721522e-05,0.0005434209597297,0.0001057760964613,3.139716864100001e-05,0.0003472340459766889,0.0003125698333541531,0.0001218103789142,0.0011538323014974,0.0002168509963667,7.589200686199999e-05,0.009276239097946167,0.003822755582222278,0.0063117784447968,0.0196378286927938,0.0079562906175851,0.0012171384878456003,0.011986131469408632,0.005429604496359373,0.0081739583984017,0.0261234082281589,0.0093244882300496,0.001150529831647899,0.9985881845156351,0.0012959772424599274,0.9949875473976136,0.9994008541107178,0.9990320801734924,0.0002741813659667969,0.9973424341943529,0.002414628134222268,0.9910852313041688,0.9990748167037964,0.9983281493186952,0.0005862116813658558,2788.0,1258.9437371595814,956.0,4932.0,2565.0,892.0,2801.1944444444443,1244.7252878367367,991.81,4947.72,2542.98,831.8,0.014271610512191165,0.0072466514239911285,0.0053826628951355,0.0295605026185512,0.0139176197350025,0.0046159003861249,0.019806978396243458,0.0090448733057373,0.0069557819515466,0.033794566988945,0.0210557859390974,0.007752406410873,0.010494250131563956,0.005441493321720307,0.0039473911747336,0.0233977027237415,0.0103281466290354,0.0029458738863467997
1.0,qrnn_paper,paper_no_reset,mackey_1000,0.001,7.0,3.0,8.0,1.0,64.0,33.0,8.083546789646319e-05,3.2792997137158433e-05,3.0977778806118295e-05,0.0001472552248742,7.901114440755919e-05,1.6170502931345254e-05,0.00019146689575987778,5.993073447420807e-05,0.0001094686886062,0.0003183106600772,0.00017538452812,2.74874037132e-05,0.006849534499148488,0.00147896774311344,0.0042976508848369,0.0096764788031578,0.0068405182100832,0.0008229310624301,0.009081838445530966,0.0018672571150768148,0.0057923831045627,0.0125503493472933,0.0086972452700138,0.00033861398696899934,0.9992540015114678,0.0003224756915374003,0.9985864162445068,0.9997316598892212,0.9992734789848328,0.0001925230026244007,0.9985284209251404,0.00046243014959787,0.9975502490997314,0.9991613030433656,0.9986613392829896,0.00022417306900046619,2330.4444444444443,948.3257892038663,813.0,4399.0,2272.0,595.0,3142.381111111111,1176.6705706115072,1126.6,5550.75,3179.55,688.5299999999997,0.004622165346194734,0.0030606316717298313,0.0004612360935425,0.0095877868589013,0.0031084759859368,0.0019963428610936004,0.0064411177235241006,0.003849516925889803,0.0006009826320223,0.0129868201911449,0.0056132678873836,0.0032998574897645998,0.0035758459675384216,0.0023755237102321813,0.0004249646735843,0.0076771662570536,0.0027821399271488,0.0016134660691022999
1.0,qrnn_paper,paper_no_reset,mackey_1000,0.001,7.0,4.0,8.0,1.0,64.0,32.0,0.000129299670788869,5.903055886661836e-05,5.215711644268595e-05,0.0002392654860159,0.000126059512695,4.746663398689584e-05,0.0002737517588684,0.00012333812505779037,0.0001018502516672,0.00054423318943,0.00023475493071595,5.6425014918200006e-05,0.008751556277275025,0.002072824710945288,0.0057027488946914,0.012070077471435,0.00876981206238265,0.0017344984225928506,0.010978657344821788,0.0027775175563334253,0.0066168145276606,0.0150264408439397,0.010720128659158851,0.00244410103186965,0.998828113079071,0.000504438137296161,0.997961163520813,0.9995115399360656,0.9988543093204498,0.000437468290329035,0.9979171305894852,0.0009502872200455979,0.9957985877990724,0.9992256760597228,0.9982224404811859,0.0004095435142516535,2597.375,1084.5099051530142,1425.0,4499.0,2217.5,410.5,3435.82,1531.348229690099,1839.94,5975.09,2836.6,635.1100000000001,0.009284506016410862,0.005134368058365713,0.0035026110010221,0.0188566282391548,0.007613643119111649,0.0030363077414222004,0.012704752152785614,0.005827957376956648,0.0053148162551224,0.0253961998969316,0.01202330319210885,0.0036298334598541503,0.006774300010874825,0.004035704855626334,0.0022765805479139,0.0133752198889851,0.00533917290158565,0.0018964243354276
1.0,qrnn_paper,paper_no_reset,mackey_1000,0.001,8.0,4.0,8.0,1.0,64.0,37.0,7.600176078474258e-05,3.4160317243411694e-05,2.7357191356713884e-05,0.000137374154292,7.569937588414177e-05,2.5047251256158233e-05,0.00017468958477751578,7.397192506072125e-05,9.678368223831058e-05,0.0003470256924629,0.0001552192406961,1.8143458874e-05,0.006543183366634958,0.0015681118610572373,0.0040728775784373,0.0090601062402129,0.0068640913814306,0.0010624746792018995,0.008424454967358243,0.001865303522244545,0.0057416348718106,0.0118928188458085,0.0086321141570806,0.0008373935706913003,0.9993116855621338,0.00031153853395930373,0.9987492561340332,0.999748468399048,0.9993123412132264,0.0002492666244507946,0.9986655456679208,0.0005732643758394995,0.9973273873329164,0.9992559552192688,0.9988096952438354,0.00014287233352661133,2386.1428571428573,1005.6539348775473,1364.0,4562.0,2137.0,585.0,4076.2042857142856,1674.1716831646042,2441.05,7688.28,3531.73,926.31,0.009045103761101372,0.0093660925184161,0.001241476170253,0.0290712375193834,0.0032422126736491,0.0020007365033961,0.011518141387828727,0.010775428515499827,0.0018164073117077,0.0350145660340786,0.0056027173995971,0.0037863100878894004,0.007061311185160358,0.007407347075112875,0.0008651529788039,0.0228976048529148,0.0026499428786337,0.0017847898998297998
1.0,qrnn_paper,paper_no_reset,mackey_1000,0.001,4.0,2.0,16.0,1.0,64.0,19.0,0.00048984368913802,0.0002138852163592953,0.0002666826767381,0.000856450642459,0.0003644572861958,9.777460945770004e-05,0.0009815952391363,0.0002999285099440669,0.0006422083824872,0.0013423226773738,0.0009609996923245,0.00031879130983729993,0.01708891801536078,0.0033622213058910476,0.0130670666694641,0.0223909895867109,0.0155475437641143,0.002480477094650201,0.02346207946538918,0.0041740250627599635,0.0179910082370042,0.0286165960133075,0.0227429643273353,0.004751956090331098,0.9954617500305176,0.001972217145620919,0.991965651512146,0.9974956512451172,0.9964784383773804,0.0010172128677368164,0.9925712466239929,0.002327552942048264,0.9896830320358276,0.9952161312103271,0.9928032159805298,0.0024129152297973633,1980.8,898.2840085407288,981.0,3433.0,2056.0,964.0,2534.566,1145.6883161244164,1238.92,4332.1,2679.61,1311.98,0.006914664874784619,0.002750290961748793,0.0027007646858692,0.0093475726898759,0.008866370562464,0.0004812021274119005,0.010439918190240798,0.0038504488731995246,0.0053856573067605,0.0143919773399829,0.012282621115446,0.0021093562245368992,0.0047767800977453,0.0019209707750502132,0.001760748331435,0.0064157508313655,0.006061446852982,0.00035430397838350034
1.0,qrnn_paper,paper_no_reset,mackey_1000,0.001,5.0,2.0,16.0,1.0,64.0,24.0,0.0004793399899166429,0.00044121580647282614,0.0001313086831942,0.0013980177463963,0.0001847081148298,5.339943163559999e-05,0.0010392243275418286,0.0007946389208374352,0.0003134379221592,0.0025555458851158,0.0006100488244555,0.00029661090229630006,0.015461082969392987,0.006940374427440529,0.0091664195060729,0.0285551603883504,0.0109419170767068,0.0017754975706339004,0.020794812057699417,0.009205379343806233,0.0122860241681337,0.0367291904985904,0.0153529802337288,0.0030669560655951014,0.9955898863928658,0.004107979222828621,0.9868856072425842,0.9987845420837402,0.9982136487960817,0.0005708932876585804,0.9919762015342712,0.006176741220168727,0.9801583886146544,0.9975895285606384,0.9952923655509948,0.0022971630096436657,2094.1428571428573,1017.9123493800477,747.0,3769.0,2152.0,974.0,3503.0814285714287,1662.962478757444,1282.98,6298.91,3734.68,1290.7400000000002,0.018453390276824473,0.01798329353072903,0.000982684030896,0.0592846196144819,0.0111904547084122,0.0079347695689649,0.02307663648389276,0.020376847274268934,0.0016537283081561,0.0690554827451706,0.0191490557044744,0.0076512508094311,0.015621579227237215,0.01621683857841175,0.0007540470105595,0.0530046969652175,0.0108702834695577,0.0059552323073149
1.0,qrnn_paper,paper_no_reset,mackey_1000,0.001,5.0,3.0,16.0,1.0,64.0,23.0,0.0005628023750937349,0.00046940094751992393,7.974080654093996e-05,0.0015236036852002,0.00044797747978,0.00036484371230462593,0.0010601284868445556,0.0007508417400132295,0.0002630306989885,0.0028439278248697,0.0008546366589143,0.00038328964728869994,0.01662778016179796,0.00768331035081391,0.0068941726349294,0.028974026441574,0.0170373897999525,0.0077499309554697,0.022027032760282287,0.009029546508126839,0.0117504717782139,0.0403375178575515,0.0217794701457023,0.0077977851033211,0.9946555429034762,0.004555314891095734,0.9851407408714294,0.9992532134056092,0.9956581592559814,0.0035718679428101696,0.9918367332882352,0.0058500459975273835,0.9778456091880798,0.9979732632637024,0.99341881275177,0.002846539020538441,1381.111111111111,430.8424420557278,800.0,2053.0,1421.0,406.0,2278.6755555555555,703.4552136278804,1297.02,3386.93,2409.19,585.3899999999999,0.012649418979223455,0.015865222734977702,0.0004711754765594,0.0559890761971473,0.0084189858753234,0.003872668417170601,0.017758555063563868,0.021179210301926297,0.0009462924208492,0.0753472968935966,0.0131404884159564,0.0066112373024226,0.008746442009901777,0.011948374115228852,0.0002779563656076,0.0415721386671066,0.0059323268942534,0.0035388260148465005
1.0,qrnn_paper,paper_no_reset,mackey_1000,0.001,6.0,2.0,16.0,1.0,64.0,29.0,0.00032048839623000645,0.00024193035000583186,9.024632163345814e-05,0.0009694315958768,0.0002426607243251,5.95510937274e-05,0.0006507276460372555,0.00041168949204171046,0.0003149668918922,0.0017647696658968,0.0005870491149835,0.00011699731112460002,0.013358406670805444,0.004233207661595157,0.0076220384798944,0.0238956660032272,0.0130653623491525,0.001748451963067001,0.0174181974596447,0.005099070899790604,0.010383634828031,0.030409812927246,0.0170831177383661,0.0008301828056574007,0.9969734152158102,0.0023770197267386924,0.9905567169189452,0.999207317829132,0.997741162776947,0.0004910826683045544,0.9950461387634277,0.0031010316185526507,0.9866576194763184,0.9975683689117432,0.9955575466156006,0.0008732080459593616,1972.7777777777778,646.9699937705815,1005.0,2993.0,2191.0,494.0,4330.6866666666665,1411.7575466850608,2294.63,6426.28,4883.55,1161.8000000000002,0.0053262459282348885,0.003355838332291691,0.0023734326590783,0.0118644524365663,0.0038177890470251,0.0014324218034744004,0.008389878009135479,0.00544736862694341,0.0032117085065692,0.0191149730235338,0.0060273092240095,0.0019233911298215996,0.0037383750572593222,0.0022999919150381676,0.0013942390214651,0.0083740577101707,0.002759656868875,0.0010517636546864997
1.0,qrnn_paper,paper_no_reset,mackey_1000,0.001,6.0,3.0,16.0,1.0,64.0,28.0,0.00047665516722187305,0.0003990655123417668,5.761772263213061e-05,0.0014407563721761,0.00031024707277535,0.00018535446179158472,0.0009401603092555301,0.0006551418149821906,0.0002253070560982,0.002495989203453,0.0007709289202466,0.00039345691038764996,0.01590088428929443,0.007021901381181223,0.00621890835464,0.0309349820017814,0.0137409842573106,0.00443647149950265,0.020118602272123063,0.007601404772551275,0.0095552578568458,0.0336048491299152,0.01912868488579985,0.0051680370233953,0.9955421924591065,0.003837981477523256,0.9863288402557372,0.9995368719100952,0.9971179962158202,0.0019301772117615856,0.9927553772926331,0.005094743228325066,0.9805967211723328,0.9982628226280212,0.9940913319587708,0.003053903579711914,1817.0,907.7139417239332,472.0,4022.0,1553.5,181.0,5110.986999999999,2122.37226807198,1915.1,9868.11,5179.87,1059.5300000000002,0.010048974965466131,0.006449741541098209,0.0015995947294868,0.0224440269172191,0.00778929027728735,0.0038163433666341,0.01421914116945113,0.009023497909010329,0.0027275530155748,0.0302411802113056,0.01068477053195235,0.006448844098486,0.006943456036969961,0.005039357062495806,0.0015465880278497,0.0188308954238891,0.00481903529725965,0.0019575849873945004
1.0,qrnn_paper,paper_no_reset,mackey_1000,0.001,6.0,4.0,16.0,1.0,64.0,27.0,0.0004663543841160985,0.0006322456296923896,3.1429026421392336e-05,0.0021824254654347,0.000253308477113,0.00013521689106709998,0.0009352172209117557,0.0009082824154976026,0.0001184787906822,0.0028045554645359,0.0005627973587252,0.0002079551341012,0.014518976366768223,0.008741248065120751,0.0044990670867264,0.0359806008636951,0.0128421001136302,0.0037792194634675997,0.019638209551986682,0.010028021234890364,0.0066671757958829,0.0415121614933013,0.0182040408253669,0.0045892335474491015,0.9956060515509711,0.00606123572366549,0.979121208190918,0.999708652496338,0.9977087378501892,0.001168370246887207,0.9928895301289029,0.00693284960921931,0.9782242178916932,0.9990860819816588,0.9956631660461426,0.0015668272972105823,1701.3333333333333,477.8614397035563,1089.0,2522.0,1440.0,351.0,3454.2366666666667,964.8168496317492,2163.4,5086.59,2936.95,773.5499999999997,0.019631843993233245,0.01684118247997009,0.0059278846252709,0.0622295100241899,0.0139251566026359,0.007381593901664001,0.027244918824483908,0.018091442369017392,0.0072168600745499,0.066393956542015,0.0241976752877235,0.010450997389852999,0.015566215695192358,0.015323120006271736,0.0033918153494596,0.0554841682314872,0.0091940388083457,0.004150765016675001
1.0,qrnn_paper,paper_no_reset,mackey_1000,0.001,7.0,3.0,16.0,1.0,64.0,33.0,0.00016519914788655808,0.00010245137971184417,4.5224849600344896e-05,0.0003466492344159,0.00014988507609809998,7.727564661760106e-05,0.000424534119701925,0.00027366066422244696,0.0001019770061247,0.0009723345283418,0.00036545537295744996,0.00019773717212955,0.009555313852615587,0.0030775675067859706,0.0052206288091838,0.0140138594433665,0.0093736299313604,0.0029964041896164504,0.013382278208155136,0.004445544811226949,0.0072887665592134,0.020285403355956,0.01314681349322195,0.0039479029364883995,0.9984727278351784,0.0010149943486365202,0.9966409802436828,0.9996081590652466,0.9985818266868591,0.0008454620838165838,0.9967285841703415,0.002118650272817405,0.992473602294922,0.9992165565490724,0.9971916675567628,0.0015157461166381836,2368.875,797.77227914675,1463.0,3767.0,2016.5,430.5,6532.421249999999,2132.727000992142,4076.31,10347.8,5749.73,1234.0549999999998,0.008552044296811763,0.006392175900964431,0.0039245123974978,0.024316905811429,0.00552923220675435,0.0014138912374619499,0.013862645253539039,0.00939349408379298,0.0060798255726695,0.0330342166125774,0.00866329809650775,0.0023630424402653998,0.005886983592063137,0.004028598543564046,0.0025232350453734,0.0158390719443559,0.00438685202971095,0.0010414107237011
1.0,qrnn_paper,paper_no_reset,mackey_1000,0.001,7.0,4.0,16.0,1.0,64.0,32.0,0.00015366108655138694,0.00011752830987584714,2.6426003387314267e-05,0.0003930241800844,0.00013715832756125,6.18130779911854e-05,0.00040591380966356,0.00021324006560527448,0.0001430710835848,0.0007886598468758,0.00036411525798025,0.00019113539019595003,0.00909576700069006,0.003530298198513681,0.0038978545926511,0.0149851208552718,0.009232751093804802,0.0023015949409454996,0.012918897252529798,0.0043334180759028815,0.0061840964481234,0.0206691045314073,0.013332923408597649,0.00315639888867735,0.998596477508545,0.001096204464131423,0.9962957501411438,0.9997478723526,0.9988203644752502,0.0005153119564055841,0.9968949139118195,0.0016260406276838286,0.9939862489700316,0.9989151358604432,0.9971938133239746,0.0014474987983703058,2222.0,949.17637981568,991.0,4308.0,2197.5,608.5,5998.742,2502.510135658995,2591.62,11467.28,5997.075,1639.2749999999996,0.00961651288904245,0.007676537479333036,0.0015330692753195,0.0272915612906217,0.00669659053673965,0.00460609698202465,0.01194925662130111,0.008366140799018694,0.0029543717391788,0.0317947976291179,0.010089917341247149,0.005283755715936449,0.00729917936841952,0.006328708806347447,0.0009456948027946,0.0215502008795738,0.00391568825580175,0.0024880285200197
1.0,qrnn_paper,paper_no_reset,mackey_1000,0.001,8.0,4.0,16.0,1.0,64.0,37.0,0.00011021261234415076,8.985620518599935e-05,3.9072383515303954e-05,0.0002791957522276,5.3807543736184016e-05,1.4735160220880061e-05,0.00037092080019642,0.00028928932822122583,0.0001097008280339,0.0008126828470267,0.0001880592171801,7.835838914619999e-05,0.007792816031724159,0.0029153668897234698,0.0050502200610935,0.0128576504066586,0.0059238960966467,0.0008736760355531996,0.01190635859966274,0.0051481062349657035,0.0071721300482749,0.0206928551197052,0.0088060507550835,0.0016339207068086,0.9989884734153748,0.0008105887479346005,0.9974579215049744,0.9996404647827148,0.999480366706848,0.00016009807586681024,0.997203779220581,0.0021642164016677772,0.9939213395118712,0.999167799949646,0.9985555410385132,0.0006122589111328125,1747.8,733.9314409398197,833.0,2656.0,2124.0,532.0,5991.968000000001,2429.010638086215,2924.21,9053.23,7093.65,1959.58,0.00417903070803728,0.003564829934086716,0.0014764599851332,0.0111237412318587,0.0027723369305022,0.0010131532442755999,0.0061559717636555005,0.004264079733232232,0.002544991672039,0.0143521353602409,0.004825270269066,0.0016435754951089,0.0030610681278630605,0.002553841158851265,0.0009892066009342,0.0080383103340864,0.0021337145008146,0.0006652710726483999
1.0,qrnn_paper,paper_reset,mackey_1000,0.001,4.0,2.0,4.0,1.0,64.0,19.0,0.0011326586361974,6.123135188591595e-07,0.0011316066375002,0.0011338804615661,0.0011326250969432,3.2107345759998726e-07,0.0012904658797196502,7.350078528901544e-07,0.001289949635975,0.0012925351038575,0.0012903431197628002,3.6804704000008986e-07,0.02887225095182654,9.599271775910224e-06,0.0288499929010868,0.0288831405341625,0.02887677960097785,3.7783756852011186e-06,0.030074206739664044,3.029804059905049e-05,0.0300244837999343,0.0301315169781446,0.030066402629017802,2.286396920679959e-05,0.9888481140136719,2.806258585530442e-06,0.9888436794281006,0.9888515472412108,0.9888472855091096,3.159046173095703e-06,0.9899738252162933,5.77692017777251e-06,0.9899573922157288,0.9899778366088868,0.9899749755859375,2.384185791015625e-06,1226.4,475.2572356103587,433.0,1773.0,1397.0,309.0,1569.9640000000002,594.117210863311,594.78,2375.48,1748.96,473.155,0.00279186262749129,0.002382448572946888,0.0012853117659687,0.0096952874213457,0.0018502183374948002,0.00044533718028105015,0.0030708846636116104,0.0025370219800599425,0.0012951483950018,0.0104584852233529,0.0024064243771135,0.0005863704136572,0.0023167193983681,0.001970386108739635,0.0011317472672089,0.0080271018669009,0.00150189874693745,0.0003128745011054
1.0,qrnn_paper,paper_no_reset,mackey_1000,0.001,4.0,2.0,4.0,70.0,64.0,19.0,0.034488268196582746,0.0011252289457991183,0.0332241766154766,0.0370437651872634,0.0345073193311691,0.0008111242204904487,0.028958821855485394,0.0004164373820925843,0.0280884094536304,0.0296150613576173,0.02895995974540705,0.00027573201805355073,0.14084599614143367,0.002659771193367339,0.1375091671943664,0.147257998585701,0.14003285020589823,0.0010927319526672225,0.13484951853752136,0.0019713055690034577,0.1307210773229599,0.1370394378900528,0.1354182958602905,0.0012512356042862077,0.616194623708725,0.010061954812150945,0.5999245643615723,0.6283087730407715,0.6159016489982605,0.00927191972732544,0.7575248837471008,0.004344594037031906,0.749862551689148,0.7648811340332031,0.7578542232513428,0.003243952989578247,1541.3,481.4845895768628,705.0,2126.0,1662.5,388.5,939.1079999999998,286.69918952797894,438.76,1266.91,1018.1099999999999,218.01,0.04357200567093156,0.008181690897177728,0.0385714256101184,0.0640130970213148,0.0396753429538673,0.0010699655653701491,0.03842797763645644,0.007236851227916072,0.033480666577816,0.0556411035358905,0.034777989611029556,0.0012438725680112526,0.04955002330243584,0.01396923493665824,0.0405100956559181,0.0839323177933693,0.042075142264366094,0.0012306198477744952
1.0,qrnn_paper,paper_no_reset,mackey_1000,0.001,5.0,2.0,4.0,70.0,64.0,24.0,0.03472020477056499,0.0011028132315378688,0.0333030484616756,0.0367704480886459,0.0345456711947917,0.0010120049118996013,0.028037308818764102,0.0005368047889881475,0.0273809432983398,0.0289710741490125,0.027966110035777,0.0004816111177206005,0.14378303123844993,0.002536382171418718,0.138426274061203,0.1480933576822281,0.1441021114587783,0.0013863146305085061,0.1319254868560367,0.0020086027413794643,0.1292416602373123,0.1354064494371414,0.1317349374294281,0.0018598139286042092,0.61851876311832,0.009626411846698832,0.6021655201911926,0.6332115530967712,0.6200318932533264,0.008955180644989014,0.7665396067831252,0.0063019061048698415,0.7553833723068237,0.7749271392822266,0.766869306564331,0.005216836929321289,1564.6666666666667,458.7734856234731,1057.0,2443.0,1381.0,320.0,582.7133333333333,171.87453776907543,396.92,915.96,506.37,102.57999999999998,0.04008376407494511,0.003942447682188084,0.0363522645913892,0.0499705452885892,0.038829992007878,0.0006600910176834049,0.035529892891645376,0.004763029027751353,0.0322724096477031,0.0484850592911243,0.0339423269033432,0.0008770450949667982,0.04283127188682553,0.004980612669275224,0.0382259227335453,0.0549796111881732,0.0413541905581951,0.0011672042310238023
1.0,qrnn_paper,paper_no_reset,mackey_1000,0.001,5.0,3.0,4.0,70.0,64.0,23.0,0.03420240059494968,0.000947967991791037,0.0331005938351154,0.0364825502038002,0.0339624173939228,0.0003034099936485013,0.02900281610588229,0.0006501485910385083,0.0279871597886085,0.0300729442387819,0.0290289912372827,0.0004976671189069991,0.1404198076989915,0.0033928379063473267,0.1349449455738067,0.1464568525552749,0.1418551057577133,0.002442106604576083,0.13433320654763112,0.0024817247763021574,0.130912184715271,0.138290986418724,0.1333617120981216,0.0012151002883911133,0.6201063460773892,0.00756849150828515,0.603125274181366,0.6285168528556824,0.621729850769043,0.003415405750274658,0.7565215229988098,0.006315592627186431,0.7456470727920532,0.7657663226127625,0.7561789751052856,0.004656493663787842,1633.0,680.2205524680948,696.0,2887.0,1663.0,633.0,579.2044444444444,239.5889933991641,250.31,1025.38,601.93,221.32000000000005,0.04722661904438774,0.01100516468234603,0.0324657656666305,0.0704270895156595,0.0419819657173421,0.009516200050711597,0.042627530379427764,0.010151180188927359,0.0296836905181407,0.0612545013427734,0.0370543785393238,0.007370688021183101,0.05353686917159288,0.018119778653239448,0.0342640504240989,0.0957210808992385,0.0446225591003894,0.008250560611486504
1.0,qrnn_paper,paper_no_reset,mackey_1000,0.001,6.0,2.0,4.0,70.0,64.0,29.0,0.03437035779158268,0.001023846526271521,0.0328947976231575,0.0361888073384761,0.0339345559477806,0.0007225573062895965,0.0277281095170312,0.0008632882375943605,0.0257454644888639,0.0289282798767089,0.0278097260743379,0.0003593545407056982,0.14301559825738266,0.0023777454475368896,0.1386605054140091,0.1462876051664352,0.1427395045757293,0.0019877254962921143,0.13107892374197638,0.002132453094058021,0.1261807680130005,0.1341014355421066,0.1315879374742508,0.0009205341339111883,0.6233697864744399,0.011653677528357168,0.6047801375389099,0.6474263072013855,0.6208006739616394,0.00831294059753418,0.7695411907302009,0.008774816640368138,0.7580111026763916,0.7893668413162231,0.7675518989562988,0.003199279308319092,1730.7777777777778,776.1175136934667,838.0,3554.0,1662.0,478.0,821.088888888889,362.599247515443,396.46,1674.91,797.97,229.96000000000004,0.03711977927589118,0.003366403382769304,0.0323927785373396,0.0440912211520804,0.0367933153692218,0.002327718875474498,0.03287327248189178,0.002542212692546602,0.0301623959094285,0.0388552919030189,0.0326099842786788,0.0014376863837241953,0.040140062984493,0.004864239482638065,0.0343496687710285,0.0513750463724136,0.0391482636332511,0.0030578263103962014
1.0,qrnn_paper,paper_no_reset,mackey_1000,0.001,6.0,3.0,4.0,70.0,64.0,28.0,0.03506801836192603,0.0008166698799387966,0.0340889357030391,0.0366777963936328,0.03462619520723815,0.0003855843096971477,0.028498770296573595,0.0008981561108834106,0.0270437318831682,0.0307581666857004,0.02838189341127865,0.00022932514548299962,0.14410768449306482,0.0022642569040656345,0.1398849636316299,0.1465678960084915,0.14483167231082916,0.0017286613583564342,0.1338210359215736,0.003109006168298813,0.1301925182342529,0.1418539881706237,0.13308703899383545,0.0015986859798431535,0.6139021575450897,0.008279192963167176,0.5964985489845276,0.6224574446678162,0.6160274147987366,0.0054817795753479,0.7620075523853302,0.009701746929036251,0.7383812069892883,0.778761088848114,0.7629178464412689,0.0025717616081237793,1566.4,607.8546207770407,579.0,2838.0,1568.0,376.5,1003.7049999999999,578.4540513169563,261.8,2234.56,833.1949999999999,272.8949999999999,0.04015114145974314,0.003661540520594402,0.0339535100178586,0.0461660404172208,0.040111931765244996,0.002044513718121598,0.03550511151552195,0.0033864203234985155,0.0301842764019966,0.0414457134902477,0.034737201407551696,0.0021550878882408003,0.04458847232162948,0.006241444141536367,0.0367486141622066,0.0563539415597915,0.0433055646717548,0.0035249274224042997
1.0,qrnn_paper,paper_no_reset,mackey_1000,0.001,6.0,4.0,4.0,70.0,64.0,27.0,0.034913646678129774,0.0006396542259563477,0.0337601639330387,0.0359500423073768,0.0349532142281532,0.0003433972597121984,0.028935552057292677,0.0009044225957055475,0.0279683526605367,0.0304989144206047,0.02855721488595,0.0004133991897105997,0.1406799389256371,0.0027256571793404195,0.1359782069921493,0.1449004560708999,0.140982836484909,0.0023260116577147882,0.1343373854955037,0.003379594067435189,0.1306885182857513,0.1405921578407287,0.132900670170784,0.002116233110427884,0.6107475691371493,0.008440600275570316,0.6017642021179199,0.6281557083129883,0.6054440140724182,0.003679811954498291,0.7590382231606377,0.008182998507521546,0.7431831359863281,0.7672489285469055,0.7625072598457336,0.004284262657165527,1246.5555555555557,459.2044113007024,781.0,2204.0,1016.0,233.0,555.9611111111111,206.91095322730524,340.33,988.1,455.08,114.75,0.039576407269011266,0.002859424181618716,0.0360460028880172,0.0440319553017616,0.0383821531302399,0.0014090457310279997,0.03507520548171464,0.0024639627491334654,0.0325131192803382,0.0390464588999748,0.0338114909827709,0.0009121969342231959,0.043074994451469804,0.004080456500966994,0.0375549159944057,0.0497909523546695,0.0416457429528236,0.0025475025177001953
1.0,qrnn_paper,paper_no_reset,mackey_1000,0.001,7.0,3.0,4.0,70.0,64.0,33.0,0.03404251858592028,0.0008829521294576586,0.0323721505701541,0.0358541458845138,0.033875249326229054,0.00033322907984255357,0.028006289154291115,0.000623986254289971,0.0271294899284839,0.0293216574937105,0.02794595714658495,0.00046376697719099913,0.14235445708036423,0.0020219225869043058,0.1388893574476242,0.1462166309356689,0.14196898788213724,0.0015337318181991577,0.13187007457017896,0.002264922796665279,0.1276096105575561,0.1359598040580749,0.13192861527204508,0.001586645841598483,0.6252146661281586,0.01008349293564671,0.6093522310256958,0.6453312635421753,0.6259221732616425,0.005364865064620972,0.7665366888046264,0.006690771747558154,0.7526863217353821,0.7764883041381836,0.7673904299736023,0.004816949367523193,1939.4,816.7796765346209,581.0,3504.0,1815.5,443.5,1165.926,490.6600256633915,360.63,2046.58,1070.225,253.1749999999999,0.0378897889413767,0.0022580086649483244,0.0341338297973076,0.0425130960841973,0.03794503739724555,0.0015112715255883,0.033311867155134615,0.0017194385379347113,0.0306407175958156,0.0365923568606376,0.03327677771449085,0.0011568516492843524,0.040782377868890704,0.0027806288904884033,0.0364144518971443,0.0475442707538604,0.0404201857745647,0.0009783580899239003
1.0,qrnn_paper,paper_no_reset,mackey_1000,0.001,7.0,4.0,4.0,70.0,64.0,32.0,0.03451694506737915,0.0009168952374917982,0.0332198478281497,0.0364468395709991,0.0343386717140674,0.0006828866899014005,0.028158394619822447,0.0003987551584738976,0.02720951102674,0.0285973660647869,0.0282969288527965,0.00020217522978780225,0.143237840798166,0.0022792581659180256,0.139873594045639,0.1478982716798782,0.1434237509965896,0.0016622841358184814,0.13215950793690148,0.0010227993705905138,0.1309823393821716,0.1335877329111099,0.1316866874694824,0.000704348087310791,0.6203786664538913,0.008300766803856276,0.605880618095398,0.6356167197227478,0.6199727058410645,0.005669593811035156,0.7654356426662869,0.004635690133535918,0.7591120600700378,0.7766507863998413,0.7642333507537842,0.0020990371704101562,1778.6666666666667,1018.4095443386221,469.0,4101.0,1723.0,554.0,1051.1966666666667,565.5694524793375,271.05,2292.18,1029.42,370.93000000000006,0.03909267880666399,0.003571408687219421,0.033230572938919,0.0448020092315144,0.039124310016632,0.002084737022717796,0.03441833828886347,0.0031646083585328863,0.0292776934802532,0.0398339182138443,0.0346824862062931,0.0020505040884018014,0.04221902042627331,0.004714063630953637,0.0363081283867359,0.0526100471615791,0.0410661287605762,0.0028924010694027016
1.0,qrnn_paper,paper_no_reset,mackey_1000,0.001,8.0,4.0,4.0,70.0,64.0,37.0,0.03448015016814068,0.0006486945858399744,0.033830177038908,0.035767525434494,0.03436834737658495,0.0004013143479823997,0.027946956455707505,0.0006727309546622722,0.0268509685993194,0.0288270376622676,0.028005324304103803,0.0005686413496732989,0.14404393732547757,0.0011821078014539856,0.1418458372354507,0.1455793976783752,0.14411003887653345,0.0006943568587303578,0.131159134209156,0.0013555186754262351,0.1292181015014648,0.1329930424690246,0.131388247013092,0.0012461766600608826,0.6217407584190369,0.009272224375009464,0.6045982241630554,0.6338428854942322,0.623841255903244,0.005685716867446899,0.7671145300070444,0.0067910279815204914,0.7572489380836487,0.7777983546257019,0.7667969763278961,0.005472838878631592,1880.5,828.4464879117621,1034.0,3568.0,1732.0,424.5,1507.1566666666665,649.8458366327269,823.25,2808.7,1399.045,366.08,0.03645067120453822,0.002837925907729939,0.0340698789805173,0.0423860947291056,0.03542011645105145,0.0012487825006246497,0.032056308351457063,0.0018605821086063307,0.0304015036672353,0.0360169149935245,0.03134712949395175,0.0006503947079181498,0.03915611406167344,0.004008286028690478,0.0362409427762031,0.0478625930845737,0.03763871453702445,0.0013078469783067495
1.0,qrnn_paper,paper_no_reset,mackey_1000,0.001,4.0,2.0,8.0,70.0,64.0,19.0,0.03277988955378528,0.0021197315590768895,0.0291607417166233,0.0352910012006759,0.0328635685145854,0.0015533864498139052,0.02330517135560508,0.0014798696991780932,0.0214685834944248,0.025468623265624,0.0235566571354866,0.0016952175647021,0.14247674643993372,0.0037455214118643585,0.1355476230382919,0.1468525826930999,0.1429906338453292,0.0010716319084168036,0.12413262128829952,0.0042551939765066065,0.12017822265625,0.1294525414705276,0.1215143948793411,0.0013361722230910977,0.6534663677215576,0.02780027964973353,0.6101167798042297,0.6934759020805359,0.6603092551231384,0.02146613597869873,0.8096686840057373,0.013546009398898998,0.7907476425170898,0.8259653449058533,0.8059331178665161,0.01518547534942627,1293.4,746.2020101822294,556.0,2688.0,1052.0,308.0,719.046,423.52156694081117,302.49,1513.06,583.04,165.66000000000008,0.03145981749726662,0.004703914694499416,0.0257296154482497,0.0385160141934951,0.0294025070551368,0.0036728916068871006,0.02925426922738546,0.0033478221183979363,0.024982426315546,0.0345696732401847,0.0287043377757072,0.0024377293884754007,0.038321724534034686,0.0061582647621154065,0.0321840532124042,0.0489742644131183,0.0353289358317852,0.0031448826193809995
1.0,qrnn_paper,paper_no_reset,mackey_1000,0.001,5.0,2.0,8.0,70.0,64.0,24.0,0.030360953882336575,0.0023180395925751092,0.0272538848221302,0.0339268967509269,0.0305225038900971,0.0024533383548259995,0.021864284528419313,0.001182987280668264,0.0201948601752519,0.0239262040704488,0.02204151265323155,0.0011195298284292499,0.1358965784311294,0.006585616390591776,0.1265263557434082,0.1441223621368408,0.1370659321546554,0.006518788635730743,0.11946307681500906,0.003614970950850716,0.1138582825660705,0.1253004223108291,0.12089448422193519,0.0023335926234722554,0.6875216513872147,0.021839972728197755,0.6559386253356934,0.7162573933601379,0.682766318321228,0.021806329488754272,0.8232615292072296,0.010416524748724556,0.8064684271812439,0.8379475474357605,0.8227317035198212,0.009956121444702148,1920.75,411.186621256091,1322.0,2549.0,2079.5,300.0,1445.9212499999999,320.92959907265873,988.39,1948.88,1559.4299999999998,261.0750000000003,0.033253779169172,0.004774359808947866,0.0288711666233009,0.0435043014585971,0.0308798826817009,0.0014070934719509504,0.029906273353844836,0.003186811880626202,0.0265987440943717,0.0361247435212135,0.02901661489158865,0.0017734151333570515,0.03920453833416099,0.007611371492346078,0.0337620675563812,0.0553810372948646,0.03545178845524785,0.001683350652456301
1.0,qrnn_paper,paper_no_reset,mackey_1000,0.001,5.0,3.0,8.0,70.0,64.0,23.0,0.03377386679251984,0.002389874039206767,0.0309754349291324,0.0372692048549652,0.0327933579683303,0.001706574112176902,0.02359975915816089,0.0016724640866582425,0.0203950740396976,0.0261939223855733,0.0238614622503519,0.0015979818999767997,0.14304319189654452,0.004985831787130205,0.1325539499521255,0.1493371129035949,0.144519492983818,0.002484127879142789,0.12415488312641777,0.004686253758067126,0.113394983112812,0.1309353113174438,0.124773234128952,0.002274736762046814,0.6408249603377448,0.03270072918045621,0.5902302861213684,0.6830216646194458,0.6539483070373535,0.013895213603973389,0.8086644212404887,0.01544568816056416,0.7856830358505249,0.837472140789032,0.8057923316955566,0.014507114887237549,1345.5555555555557,569.5029238264835,463.0,2373.0,1347.0,383.0,980.2711111111112,410.9395082394716,336.88,1682.66,984.33,290.83000000000004,0.034319347736460136,0.009643575140876012,0.0280949945251146,0.0606832119325796,0.0313352307097779,0.0022918490899934,0.031126459025674347,0.00842612228837924,0.0246449653059244,0.0540385544300079,0.0282870810478925,0.0018858201801777025,0.04074719920754428,0.01051287770028893,0.0343179069459438,0.0697950273752212,0.0365571267902851,0.001604031771421495
1.0,qrnn_paper,paper_no_reset,mackey_1000,0.001,6.0,2.0,8.0,70.0,64.0,29.0,0.029682397609576538,0.0023952330214900607,0.0241898540407419,0.0319876447319984,0.0304376510903239,0.0013323621824383493,0.021627088310196947,0.0013206659560385432,0.0196652691811323,0.0239860955625772,0.021557412110269,0.0009635500609874986,0.13403098285198206,0.005659374327638705,0.1210241168737411,0.141649529337883,0.1354425102472305,0.0021868273615837514,0.11920385435223577,0.004173079589853451,0.1134177669882774,0.1272009164094925,0.1197715438902378,0.0031290091574191978,0.695542462170124,0.024163508623094063,0.67317134141922,0.75126713514328,0.683446079492569,0.007850438356399536,0.8244045525789261,0.01233151130216819,0.8020873069763184,0.8435348868370056,0.8241731226444244,0.007349163293838501,1486.0,516.3845466316745,640.0,2267.0,1516.5,431.0,1433.7725,479.93473066006595,628.98,2171.96,1467.4099999999999,396.3149999999998,0.030010286382295977,0.002145453340869297,0.0276191304955217,0.0338268623583846,0.02937750156140985,0.001365835985375749,0.027463724371045776,0.0017630463038883256,0.0249059479683637,0.0308019109070301,0.027768009342253153,0.0011967662721872486,0.035920925438404055,0.001808948367195891,0.033701092004776,0.0389311462640762,0.035752791911363546,0.0014642700552939952
1.0,qrnn_paper,paper_no_reset,mackey_1000,0.001,6.0,3.0,8.0,70.0,64.0,28.0,0.031219723448157273,0.0026904257722871433,0.0273801516741514,0.034639548510313,0.03168228734284635,0.0026166001334786484,0.02280603647232051,0.001051726862675727,0.0213223788887262,0.0243055168539285,0.0228947205469012,0.0009870640933513503,0.1381038054823875,0.007099273408488396,0.1250717937946319,0.1483464241027832,0.13989579677581784,0.004287339746952043,0.12250694707036014,0.003461875936488905,0.1184906214475631,0.126680850982666,0.1226042360067367,0.0038329139351845065,0.6708935141563416,0.03198794235999217,0.6275767683982849,0.7151344418525696,0.6672155559062958,0.03343558311462402,0.8155112087726593,0.009712408394676917,0.8015051484107971,0.830910861492157,0.8137408494949341,0.009445726871490479,1451.2,639.5845213886903,403.0,2788.0,1437.5,273.0,2297.612,932.0895368343107,713.59,3771.37,2447.55,674.5599999999997,0.030104365448156943,0.003435804461267857,0.0269918284482426,0.0390539957831303,0.0287313586514857,0.00086815769059795,0.028137574531137875,0.004131226717855209,0.0235024224966764,0.0388484112918376,0.02697964012622825,0.0017944164574146514,0.03577999807894225,0.0031628686281892976,0.0325836464762687,0.044120829552412,0.03482868708670135,0.001228386536240602
1.0,qrnn_paper,paper_no_reset,mackey_1000,0.001,6.0,4.0,8.0,70.0,64.0,27.0,0.03257433407836485,0.0028156622267314505,0.0280412007123231,0.036264456808567,0.0317634604871273,0.002824135124683304,0.023315495294001322,0.001626922483312615,0.021239148452878,0.0263384580612182,0.0227737948298454,0.0015346463769674024,0.14076499640941614,0.004594816396739181,0.1336254924535751,0.1478429734706878,0.1406360119581222,0.004330873489379911,0.12509272247552872,0.003769494485754343,0.1205149292945861,0.1313499361276626,0.1240320801734924,0.0024482905864715854,0.6542858746316698,0.03798941441070177,0.5992929935455322,0.7091885209083557,0.6703388690948486,0.03608119487762451,0.8111661871274313,0.015691724043517933,0.7820229530334473,0.829420268535614,0.8132154941558838,0.013382434844970703,1446.2222222222222,659.6734508288135,418.0,2495.0,1223.0,476.0,1308.5311111111112,606.6417825197713,368.63,2336.27,1104.36,391.40999999999985,0.03236448762501459,0.003962172027944131,0.0284778908309009,0.0414425736914078,0.0306574803673558,0.0009336426026290978,0.029340182534522443,0.002476893606148058,0.0268716290593147,0.0348125360906124,0.0282740518450737,0.0012707486748695998,0.03806398146682311,0.00402605211625218,0.0342786386609077,0.046600479632616,0.0364192947745323,0.002062022686004694
1.0,qrnn_paper,paper_no_reset,mackey_1000,0.001,7.0,3.0,8.0,70.0,64.0,33.0,0.02969607966952021,0.0024515427163041745,0.0263868514448404,0.0335920751094818,0.02974654547870155,0.00233089551329615,0.021264312323182776,0.0006554105552785271,0.0200517289340496,0.0220073144882917,0.0215078061446547,0.00043648481369020116,0.13551082182675597,0.006907366991843906,0.1233837679028511,0.147658422589302,0.13412066549062723,0.0021461471915245056,0.11917151324450967,0.0021156262342583595,0.1156969889998436,0.122530773282051,0.11923557519912714,0.0016057863831520566,0.6968926191329956,0.0284050293167826,0.6575696468353271,0.7309268712997437,0.6924921870231628,0.031181663274765015,0.829586036503315,0.00651754659139643,0.8184067010879517,0.8424057364463806,0.8295778334140778,0.0038583576679229736,1722.625,681.8588449048674,778.0,3011.0,1555.5,297.0,2113.495,828.7905549202404,960.54,3716.82,1878.5349999999999,354.82000000000005,0.029491353288499778,0.0024264139355331753,0.0258365706023242,0.0343437850889232,0.0296398083575897,0.00118887734909855,0.027604446746408887,0.001879550021718239,0.0261383187025785,0.0322583019733428,0.02693059947341675,0.0006222249940037988,0.03594097821041936,0.002702093486753542,0.0333470739424228,0.0418827533721923,0.035108909010887104,0.0012016892433166504
1.0,qrnn_paper,paper_no_reset,mackey_1000,0.001,7.0,4.0,8.0,70.0,64.0,32.0,0.02993924189358944,0.0030799175861580697,0.0245092883706092,0.0339891463518142,0.030040901154279702,0.0022647734731434978,0.0221676835790276,0.0012951667155376848,0.0199116021394729,0.0242130365222692,0.022292294539511148,0.0008934643119573489,0.13415404260158534,0.007214859064658852,0.1224154531955719,0.1460378468036651,0.13337752223014826,0.005926907062530518,0.12053071185946462,0.0034904994589779175,0.11521527916193,0.1257389485836029,0.1202096380293369,0.002866894006729105,0.693387359380722,0.03292498624577372,0.6452968120574951,0.7512742280960083,0.6957176923751831,0.02499374747276306,0.8206329882144928,0.011833663332376282,0.802987813949585,0.8406496644020081,0.8221219480037689,0.009362280368804932,1709.6,752.3026252778864,686.0,3009.0,1431.0,563.5,2049.111,901.432645253654,812.62,3568.25,1730.4650000000001,696.5250000000001,0.03022082141704025,0.002787347997798336,0.0261820024914211,0.0345244767765204,0.0298102124490671,0.0022881381834546476,0.02887979038059708,0.0027008953449643843,0.0261568427085876,0.0337048470973968,0.0279982518404722,0.0015996089205145992,0.03536357395350927,0.0024111168676767,0.0330591350793838,0.0400309786200523,0.0341007690876722,0.0008633565157651971
1.0,qrnn_paper,paper_no_reset,mackey_1000,0.001,8.0,4.0,8.0,70.0,64.0,37.0,0.028348355243603348,0.0030375282198839607,0.0226294137537479,0.0319566838443279,0.0289847310632467,0.0016554072499275502,0.021462438628077465,0.0017434617094736018,0.018488772213459,0.023584458976984,0.0217579929158091,0.0013118078932166013,0.13243771344423294,0.008691859159383189,0.1163535118103027,0.14374540746212,0.13434438407421112,0.004769191145896898,0.11845478788018222,0.005406674888894492,0.1096512153744697,0.1262817531824112,0.1195314489305019,0.003990214318037054,0.7070037225882212,0.0323276815706665,0.6689642667770386,0.7678157687187195,0.7029711604118347,0.018079102039337158,0.8270933926105499,0.016701701722724904,0.8064829707145691,0.854603111743927,0.8233107030391693,0.012746334075927734,1457.1666666666667,425.9778619704185,820.0,1841.0,1682.5,143.5,2344.771666666667,676.3021338478995,1358.16,3049.98,2685.91,257.45500000000015,0.02996482531091675,0.0017355216900671508,0.0275008765359719,0.0320925859527455,0.030212128120991853,0.0016770074144005984,0.028206907833615902,0.0013525037107227932,0.0264050047844648,0.0298328213393688,0.0283024329692125,0.0012534959241747995,0.03555149957537645,0.0009446135406371824,0.0342962667346,0.0372653901576995,0.03550762683153145,0.0006163455545902495
1.0,qrnn_paper,paper_no_reset,mackey_1000,0.001,4.0,2.0,16.0,70.0,64.0,19.0,0.024804556742310482,0.0031270894639467903,0.020638320595026,0.0281654633581638,0.0252233259379863,0.002942137420177498,0.0173618502914905,0.002512528423626326,0.0145807890221476,0.0216278340667486,0.0170503817498683,0.0018317876383661998,0.12196822315454478,0.010740147016163121,0.1070670634508133,0.1356022655963897,0.1194969117641449,0.012429848313331604,0.10702674537897106,0.009628134529178725,0.0977258831262588,0.1234299466013908,0.1048052757978439,0.006967574357986506,0.7581700801849365,0.03570854545810407,0.7002454996109009,0.7965300679206848,0.7774559259414673,0.01907414197921753,0.8605426669120788,0.02402119361886381,0.8196137547492981,0.8880612254142761,0.861249566078186,0.019272983074188232,1591.2,453.0789776628353,724.0,2028.0,1746.0,121.0,1847.6739999999998,546.3208763940838,807.37,2387.12,2028.7,153.74,0.027472693969805978,0.0018925129729689852,0.024924230037464,0.0304281202455361,0.0267932597133848,0.0018597158292928996,0.02782548964023584,0.0032504255872649965,0.0233980678021907,0.0315354764461517,0.0287123396992683,0.0028231367468833993,0.03380858264863486,0.004747480673198006,0.0256217662245035,0.0389429032802581,0.0361289493739604,0.0028139539062977045
1.0,qrnn_paper,paper_no_reset,mackey_1000,0.001,5.0,2.0,16.0,70.0,64.0,24.0,0.01946164170900974,0.004248883927168883,0.0140153840184211,0.0289859119802713,0.019162056967616,0.0020719822496175974,0.013722493934134588,0.0033185461467730194,0.008561523631215,0.0206746328622102,0.0132134510204195,0.0013842703774571002,0.10664830853541687,0.011399280870361286,0.0904643237590789,0.1334156841039657,0.1066427901387214,0.00499957799911499,0.09368757158517833,0.012835395580909272,0.0716576725244522,0.1187261119484901,0.0920718982815742,0.004708021879196195,0.823771165476905,0.04507435508721753,0.714600145816803,0.8777138590812683,0.832647442817688,0.01812422275543213,0.8916827440261841,0.028608453296882747,0.8316912055015564,0.935270369052887,0.896527111530304,0.012082278728485218,1800.5555555555557,642.540290325329,1160.0,3224.0,1669.0,455.0,2806.8211111111113,995.9779827267987,1820.48,5065.39,2640.67,750.3600000000001,0.028943913425376347,0.004977723491393615,0.0227260301924414,0.0399453106025854,0.0302658844739198,0.0042492832160658,0.030018406195772975,0.005510327499349343,0.0246227029711008,0.042055107653141,0.0296285729855299,0.004389191046357099,0.034052243042323294,0.004292033192992767,0.0270308256149292,0.0418887436389923,0.033608604222536,0.0021474324166773986
1.0,qrnn_paper,paper_no_reset,mackey_1000,0.001,5.0,3.0,16.0,70.0,64.0,23.0,0.02292405027482239,0.0028214051928389214,0.0198543835431337,0.0279670730233192,0.0220212079584598,0.0018536858260631978,0.016767903851966023,0.0018033382552271454,0.0138082010671496,0.0194106213748455,0.0163132194429636,0.0011942712590099006,0.11561875128083754,0.0077197202270650744,0.1029337868094444,0.1259524524211883,0.1160482168197631,0.007319852709770203,0.10548670093218483,0.006684145580009381,0.0956447497010231,0.1158966943621635,0.1064848974347114,0.005462542176246601,0.7819968130853441,0.03991980858049217,0.7164839506149292,0.8332787156105042,0.7928292155265808,0.025448977947235107,0.8655672934320238,0.01559416095746082,0.844717264175415,0.8902931809425354,0.8688578605651855,0.01062685251235962,1598.5555555555557,446.709229591766,781.0,2477.0,1624.0,262.0,2372.0144444444445,657.2162934700182,1212.96,3648.12,2376.72,468.9200000000001,0.032438805568273374,0.01335261931763575,0.0227057311890853,0.0671943070160018,0.0254315005408393,0.0027257693517540003,0.0312758667601479,0.011834855582779628,0.0214200019836425,0.0600587129592895,0.024805249646306,0.002965921536088,0.04268517096837356,0.01925894481371085,0.0310642309486866,0.0952694192528724,0.0344812758266925,0.0029300674796104986
1.0,qrnn_paper,paper_no_reset,mackey_1000,0.001,6.0,2.0,16.0,70.0,64.0,29.0,0.01716734148148029,0.0025875988036084996,0.0139072267338633,0.0222839023917913,0.0173405818641185,0.0016536042094230999,0.01238297174374258,0.0011790276596823676,0.0106872133910655,0.0147772068157792,0.0120048644021153,0.0005014780908822996,0.09916170355346465,0.006691943914256015,0.088809959590435,0.1084238514304161,0.0982292667031288,0.006416767835617107,0.08933629261122805,0.005494096485055779,0.0786109119653701,0.0992703586816787,0.0891274288296699,0.0026104301214218,0.8385708133379618,0.02729218639949184,0.7816925644874573,0.8730977773666382,0.8363037705421448,0.018125534057617188,0.9023821949958801,0.010334147506813345,0.8815978169441223,0.915041208267212,0.9042957425117492,0.005742430686950795,1656.6666666666667,693.7783828027826,1021.0,3512.0,1509.0,207.0,3357.9266666666667,1438.7154326304035,2000.64,7221.64,2983.15,317.00999999999976,0.023676924062547813,0.0033773026821292593,0.0187577232718467,0.029141588964396,0.023545337220033,0.0031656475944651027,0.02370579457945289,0.0037539557755901396,0.0192295163869857,0.0307310558855533,0.0232589393854141,0.0032189488410949985,0.03038135295112922,0.004749733285084374,0.0221977476030588,0.0364287346601486,0.0321033000946044,0.0033740159124136006
1.0,qrnn_paper,paper_no_reset,mackey_1000,0.001,6.0,3.0,16.0,70.0,64.0,28.0,0.01723765674978489,0.004317966708399564,0.0125439306721091,0.0272420868277549,0.01610110700130455,0.0024618343450128997,0.01222087172791356,0.0023333090918407563,0.0088480738922953,0.0168814975768327,0.01146745914593335,0.0014719585888087498,0.1007815510034561,0.01402259426145291,0.0851887539029121,0.1332409977912902,0.09889980405569071,0.009497448801994303,0.089986278116703,0.008873921023415419,0.0763206854462623,0.1069405376911163,0.08996764197945589,0.007205545902252197,0.84325070977211,0.042594825081375604,0.7469531893730164,0.8935899138450623,0.8604817092418671,0.02280557155609131,0.9046837985515594,0.019082312777899173,0.866582989692688,0.9327943921089172,0.9110256731510162,0.012217283248901312,2335.4,637.8119158498059,1325.0,3600.0,2407.5,464.5,6878.316000000001,1793.6296052652565,2610.44,9022.27,6956.395,1045.3200000000002,0.02795886339412789,0.006066338948433563,0.020395112534364,0.0396825261414051,0.0259628271063168,0.004331936852799501,0.028263535909354636,0.007036458850542824,0.0194750931113958,0.0447647534310817,0.025375920347869348,0.0013080332428216969,0.03459646143019194,0.006956937158010764,0.0249222479760646,0.0462259911000728,0.033407619222998605,0.004376816563308249
1.0,qrnn_paper,paper_no_reset,mackey_1000,0.001,6.0,4.0,16.0,70.0,64.0,27.0,0.020195403239793186,0.0052769690664270065,0.0156207121908664,0.0335403233766555,0.0191946271806955,0.0031980779021979003,0.0153253843180007,0.0024367551782095574,0.0120513048022985,0.0209587551653385,0.0147441616281867,0.0012410851195454008,0.10942635850773914,0.013596003511771825,0.0919314697384834,0.1419525295495987,0.1106324344873428,0.0018694326281548101,0.10146053880453104,0.008392072682042694,0.0895978361368179,0.1193963214755058,0.0996964275836944,0.0060828551650047025,0.8087217675315009,0.061235961509028686,0.6453227996826172,0.8570237755775452,0.8228185176849365,0.021116971969604492,0.8787775900628831,0.021667938329146378,0.8281647562980652,0.9084547162055968,0.8834141492843628,0.009553313255310059,1539.5555555555557,592.2644137566169,727.0,2439.0,1440.0,685.0,2902.258888888889,1113.388843311211,1375.48,4666.12,2741.81,1228.71,0.03379831672358655,0.015181004637817264,0.0227737936915622,0.0694444109168317,0.0282306025425593,0.0044194943168098,0.03441279215945134,0.015802470893507274,0.0226790960878133,0.0730379521846771,0.0292710456997156,0.0043178945779801005,0.04150552716520093,0.016871904804645264,0.0295094922184944,0.0851581171154975,0.0339365117251873,0.003174912184476797
1.0,qrnn_paper,paper_no_reset,mackey_1000,0.001,7.0,3.0,16.0,70.0,64.0,33.0,0.01605889853090042,0.003995096047018678,0.0108112953603267,0.02469352632761,0.0150642516091465,0.0023202495649456995,0.012169246251384346,0.0015674483133861147,0.0102554811164736,0.0161037109792232,0.0119814611971378,0.0006307633593678995,0.09836559659904903,0.012164723211542588,0.0796805992722511,0.1228712722659111,0.0954828485846519,0.0059850290417671065,0.09006309343708883,0.005815379814140991,0.0811891183257103,0.102848969399929,0.0901377126574516,0.002771332859992995,0.854744897948371,0.040471666180954664,0.7566428184509277,0.9003252983093262,0.8675480484962463,0.020200014114379883,0.9041524330774943,0.012497893341052932,0.8730319738388062,0.9194025993347168,0.907264232635498,0.0050754547119139515,2164.8888888888887,991.7986404557512,1017.0,4550.0,2064.0,584.0,5499.39,2480.802871101746,2593.61,11486.99,5569.7,1755.2799999999997,0.025362103982012166,0.005904450702166052,0.0151660244704948,0.0352498862064547,0.0242020937924583,0.003356912173330801,0.02514476701617236,0.005753939672454148,0.018054349347949,0.0344554670155048,0.0240548234432935,0.004248438403010403,0.032762727389732946,0.006603404625388788,0.0230511389672756,0.0487041622400283,0.0316948182880878,0.0024486072361469026
1.0,qrnn_paper,paper_no_reset,mackey_1000,0.001,7.0,4.0,16.0,70.0,64.0,32.0,0.018969892420702468,0.005550702930009534,0.0131655298173427,0.0282507091760635,0.0163702424615621,0.003204712644219402,0.013528342151807378,0.0037642000431771967,0.008955642580986,0.0212501026690006,0.0127711007371544,0.0029363473877310996,0.10386370950274994,0.016140939834833862,0.0841895192861557,0.1305378824472427,0.0998308807611465,0.014094240963459001,0.09367334014839591,0.013111755304479375,0.0758129581809043,0.1156711503863334,0.0916421189904213,0.011651873588562095,0.8297164506382413,0.053126287215623756,0.7233342528343201,0.8897818922996521,0.8457445502281189,0.041147053241729736,0.8936279813448588,0.0319329685384436,0.8260931372642517,0.9306440949440002,0.898276150226593,0.02461230754852295,1845.2222222222222,1209.194752972938,862.0,5036.0,1391.0,404.0,4582.134444444444,2966.4793134889755,2369.9,12503.3,3344.1,807.2999999999997,0.027354621995286387,0.004985192508315343,0.0206247020719779,0.0366652357495493,0.0267182383686304,0.002198785750402398,0.027402982322706066,0.005279175269104957,0.0207619573920965,0.0370146706700325,0.0255853496491909,0.003488395363092499,0.03467772052519848,0.0063689204277034,0.0280379969626665,0.0499271266162395,0.0332299433648586,0.004360295832157201
1.0,qrnn_paper,paper_no_reset,mackey_1000,0.001,8.0,4.0,16.0,70.0,64.0,37.0,0.015514895133674081,0.003179620291381429,0.0103381667286157,0.0191546380519866,0.0164641831070184,0.0026904549449681993,0.01189248915761704,0.0027527798734647184,0.0084726968780159,0.0154785746708512,0.0106069613248109,0.0021342644467950006,0.09463006705045693,0.010701969337725513,0.076808787882328,0.1054596602916717,0.0958494395017623,0.00940099358558659,0.08773414492607115,0.010864042913897183,0.0727745667099952,0.1041787788271904,0.0837474837899208,0.010972917079925606,0.863447642326355,0.03492688522634433,0.8238380551338196,0.915886402130127,0.8694460988044739,0.043407559394836426,0.9076576828956604,0.0238090397121792,0.8772218227386475,0.9368569254875184,0.9185788631439208,0.018278062343597634,2186.8,571.4134755148849,1470.0,3016.0,2228.0,575.0,6831.736,1668.9969185304085,4721.56,9202.31,7035.05,1796.5,0.0245128283484114,0.002706630246450417,0.0221500680264499,0.0296329454415374,0.0231224724815951,0.0009724044551451989,0.02357905060052868,0.0029528961001436147,0.0205032173544168,0.0289975851774215,0.0230812821537256,0.0016136150807142015,0.03261413462460038,0.002479295254765587,0.0281949806958436,0.0347858890891075,0.0342023968696594,0.0005834922194480965
1.0,qrnn_paper,paper_reset,mackey_1000,0.001,4.0,2.0,4.0,70.0,64.0,19.0,0.05105095654726022,0.0011835911150904687,0.0500411428511142,0.0543931275606155,0.050791187211871106,0.0003276858478784492,0.04233410581946366,0.0007728050902929841,0.0400694273412227,0.0428011827170848,0.042562793940305654,0.0001184642314910958,0.17684137374162673,0.0004338650056611452,0.1763346046209335,0.177543357014656,0.17680073529481885,0.0003918781876564026,0.16691055148839948,0.0019966590265533468,0.1612905114889145,0.168739840388298,0.16736893355846405,0.0006786882877349576,0.326255863904953,0.0020436944884972197,0.3222213983535766,0.3287069201469421,0.3265974819660187,0.0017701834440231046,0.638173496723175,0.002662813685149999,0.6328178644180298,0.6412931680679321,0.638670802116394,0.002216041088104248,806.9,718.505455790003,407.0,2928.0,573.5,69.5,1001.22,878.8182410487392,411.18,3573.45,704.345,128.65499999999997,0.05210955796970255,0.00888096634954885,0.0466857208973831,0.0778229145540131,0.048481131800346855,0.001610585902300156,0.05175978429615492,0.012767832898413715,0.0425592772662639,0.0870342254638671,0.04664462432265275,0.004023162648081748,0.05121068693697449,0.005104557529452038,0.0482764467597007,0.0660576894879341,0.0494999662041664,0.000848101451992999
1.0,qrnn_paper,paper_no_reset,mackey_1000,0.001,4.0,2.0,4.0,140.0,64.0,19.0,0.03900857977569098,0.0021230122886838334,0.0361360237002372,0.0422757975757122,0.038624241948127705,0.0016816630959511046,0.04488239474594588,0.001046718082797249,0.0434931218624115,0.0468050800263881,0.04467762820422645,0.0008870903402567049,0.1572970315814018,0.004054275911902461,0.1513414978981018,0.1648527234792709,0.157584473490715,0.002804234623908941,0.17015542387962337,0.002889698179161018,0.1664878129959106,0.1762513220310211,0.16922436654567713,0.0017886757850646973,0.4961948424577713,0.03936362555396094,0.4279614984989166,0.5505622029304504,0.5021405220031738,0.032782942056655884,0.5925104260444641,0.016440286688845174,0.5615606307983398,0.6203861832618713,0.5957900285720825,0.009507596492767334,1489.1,229.58242528556053,1165.0,1916.0,1411.0,131.0,860.778,150.37982602729664,564.92,1194.4,863.895,47.88499999999999,0.05790578926502747,0.0057025635093431335,0.0514342110190126,0.0719135031104087,0.0569862179408018,0.003670043622454003,0.06461730450391764,0.00458130424814496,0.0597898960113525,0.0734822750091552,0.06264884583652015,0.0017169583588839028,0.058379800990223864,0.0105010159638273,0.0470614172518253,0.080698624253273,0.055314054712653146,0.007092885673046147
1.0,qrnn_paper,paper_no_reset,mackey_1000,0.001,5.0,2.0,4.0,140.0,64.0,24.0,0.03827292554908324,0.0011269696970997371,0.0373588539659976,0.0405334122478961,0.0377325415611267,0.00028954818844800084,0.044457559784253364,0.0007854032578841076,0.043207574635744,0.0459395609796047,0.0446540191769599,0.0003706365823746005,0.1579212844371795,0.002993359070644414,0.1530403196811676,0.1635269820690155,0.1586842834949493,0.0009605288505553922,0.1696221679449081,0.00157064997447431,0.1676440834999084,0.1732692420482635,0.1693901717662811,0.0007306635379790982,0.5074562529722849,0.021172721929958806,0.460970789194107,0.5311304330825806,0.5144760012626648,0.0054732561111450195,0.5961395303408304,0.012352544430700567,0.5763125419616699,0.6134324669837952,0.5950881242752075,0.012269914150238037,1349.6666666666667,407.9869278951635,950.0,2230.0,1249.0,193.0,496.79999999999995,144.57787582399246,353.19,800.52,459.72,70.12,0.05516753545717941,0.0058932921093002395,0.0454990879580792,0.0623160178462664,0.0539248043464289,0.006482193246483803,0.06378277598155865,0.005251603073096982,0.0573979467153549,0.0742027014493942,0.0624107606709003,0.0028470084071159016,0.05344906366533697,0.006049748461803743,0.0471414476633071,0.0656937435269355,0.0507564097642898,0.0018097087740897994
1.0,qrnn_paper,paper_no_reset,mackey_1000,0.001,5.0,3.0,4.0,140.0,64.0,23.0,0.03872141407595733,0.0011656601303306978,0.0369120240211486,0.0405874513089656,0.0381813757121562,0.0008685924112796992,0.045336329688628454,0.0025145837038192806,0.0420300960540771,0.0512872338294982,0.0445928424596786,0.0012517720460892001,0.15847969220744235,0.0034415814630980998,0.1538561284542083,0.1653767675161361,0.157569333910942,0.002764150500297602,0.17187631295786962,0.006208700237311402,0.1661362498998642,0.1880618929862976,0.1689475029706955,0.0012694895267486017,0.5008933577272627,0.019801115327744187,0.4671964347362518,0.5333468914031982,0.5085538029670715,0.010738521814346313,0.5909594496091207,0.025948162011439027,0.5394234657287598,0.6304951906204224,0.5966596007347107,0.009147047996520996,1653.111111111111,824.6300779331898,907.0,3730.0,1340.0,209.0,589.1833333333333,291.37645840237525,327.23,1319.62,479.27,75.06,0.05566544403996814,0.008745391090044996,0.0452356995859493,0.0734713089316048,0.0512786743412208,0.0025441580219194987,0.06406689145498799,0.006410708678275459,0.0571662001311779,0.0803299024701118,0.0637350231409072,0.002620674669742598,0.055400062352418844,0.012148679185034305,0.0451852716505527,0.0881491526961326,0.0539193488657474,0.0017557218670845032
1.0,qrnn_paper,paper_no_reset,mackey_1000,0.001,6.0,2.0,4.0,140.0,64.0,29.0,0.03842901935180023,0.000860083459859976,0.0373870842158794,0.0404738970100879,0.0384947471320629,0.00023368000984190507,0.044271755963563884,0.000998649549516333,0.0429365634918212,0.0462811812758445,0.0442184582352638,0.0006761401891708999,0.1560781531863742,0.001895038900834617,0.1529968082904815,0.1582657843828201,0.156924620270729,0.00115808844566348,0.1687270833386315,0.001670523025210562,0.1668873429298401,0.1724064797163009,0.1683075577020645,0.0010169595479964932,0.5074845552444458,0.015362997519157139,0.4714651107788086,0.5243018865585327,0.5113089680671692,0.009844422340393066,0.5986870858404372,0.015148279139748437,0.5671862959861755,0.6149757504463196,0.6013687252998352,0.011970996856689453,1157.3333333333333,191.56142037941194,798.0,1400.0,1216.0,129.0,549.4377777777777,86.5733398503229,382.41,652.11,572.89,75.20999999999998,0.05260522305149075,0.006744652830733669,0.0461675975885656,0.0691613236235247,0.0520597369306617,0.003999303612444098,0.06043397593829363,0.004820932157452232,0.0525126755237579,0.0676898881793022,0.0593442879617214,0.002970658242702498,0.05033495111597906,0.004561095169967342,0.0444621182978153,0.0576383583247661,0.0487033501267433,0.0026412904262543
1.0,qrnn_paper,paper_no_reset,mackey_1000,0.001,6.0,3.0,4.0,140.0,64.0,28.0,0.03842306770384308,0.001058337729584086,0.0360996350646019,0.0398104786872863,0.0385599676519632,0.0005152504891157497,0.043547229096293404,0.001050421435868851,0.0422463528811931,0.0450312756001949,0.043482286855578395,0.001163680106401447,0.15692305266857143,0.002934623520192886,0.1513241380453109,0.1606392711400985,0.15752232074737543,0.0012715160846709928,0.1677394181489944,0.0017349556273734863,0.1661085337400436,0.1713649034500122,0.1668094247579574,0.0006115138530730924,0.5074609786272049,0.019045694505237486,0.4823556840419769,0.5485422015190125,0.5031615793704987,0.010538518428802518,0.6058303833007812,0.01460901030349393,0.5863653421401978,0.6291949152946472,0.6046942472457886,0.013744324445724487,1188.7,261.37828907543184,877.0,1668.0,1130.0,193.5,764.536,307.25941047264934,411.97,1136.84,675.6600000000001,248.70000000000007,0.0558573408720197,0.007223636792835532,0.0435645947890306,0.072777130951484,0.05454555215934905,0.003262342716981101,0.06393718011677263,0.004379210571779707,0.0536443367600441,0.0701015144586563,0.0631061792373657,0.0013768058270215988,0.05556264482438559,0.006459530040213722,0.0456732362508773,0.0677793473005294,0.0537657998502254,0.002479812130332
1.0,qrnn_paper,paper_no_reset,mackey_1000,0.001,6.0,4.0,4.0,140.0,64.0,27.0,0.03833640242616329,0.0011291111323384073,0.0366067327558994,0.0400756783783435,0.0383594408631324,0.0010913275182247023,0.044320054352283436,0.001266700797366207,0.0423000752925872,0.0468994118273258,0.0444794297218322,0.0008702836930752009,0.15611964629756075,0.0029580472267850657,0.1525333821773529,0.1627222746610641,0.1552271991968155,0.001248911023139898,0.16919434401724068,0.002468570897795711,0.1640526205301284,0.172883078455925,0.1695299297571182,0.0018484145402908048,0.5082409414980147,0.020489984851521006,0.4776780903339386,0.5366270542144775,0.5114314556121826,0.018753111362457275,0.5989246567090353,0.017729684485316834,0.558282732963562,0.6219687461853027,0.6042718291282654,0.0074593424797058105,1424.6666666666667,489.3176655075696,788.0,2321.0,1463.0,411.0,628.1522222222222,218.7627442270013,345.12,1021.79,659.69,186.95999999999992,0.055772486473690513,0.009476756109806306,0.0451638033717042,0.0763922308882077,0.0512429888767655,0.006079185505061299,0.0654457778566413,0.01055525305570856,0.0558757185935974,0.0894631370902061,0.0609278082847595,0.004874151200056104,0.05709007175432305,0.01017789417248865,0.0458617471158504,0.0774124637246131,0.0538438484072685,0.005289383232593606
1.0,qrnn_paper,paper_no_reset,mackey_1000,0.001,7.0,3.0,4.0,140.0,64.0,33.0,0.038315200246870476,0.0007807434473267203,0.0370593257248401,0.0392795540392398,0.03824557363986965,0.0007066596299409519,0.0436471607536077,0.0010157486228443598,0.0418209135532379,0.0449496172368526,0.043628506362438146,0.0007745400071144,0.1565270740538835,0.002382677352727933,0.1528278142213821,0.1597906947135925,0.156631551682949,0.0021063014864921847,0.16795066557824606,0.0018774349468704894,0.1651034951210022,0.1704555302858352,0.16827633231878275,0.0014485269784927507,0.5085935741662979,0.011596719454283467,0.4893561601638794,0.5276901125907898,0.5075585544109344,0.008485376834869385,0.6053566336631775,0.015120593394518387,0.5831025838851929,0.627126932144165,0.6058925092220306,0.012940973043441772,1114.625,221.27072643031659,857.0,1605.0,1057.5,132.5,660.21375,134.2876657531789,494.6,961.71,627.3,76.79000000000002,0.05477486996296454,0.005303013530205449,0.0458272238706487,0.064463938275973,0.053328967310436445,0.0036092687449935518,0.06165009131655094,0.004805622906673974,0.0556613281369209,0.0683575868606567,0.06111467257142065,0.0048897750675677976,0.053437995724379975,0.006587660861832905,0.0457406528294086,0.0659314841032028,0.05138664133846755,0.0039950665086507485
1.0,qrnn_paper,paper_no_reset,mackey_1000,0.001,7.0,4.0,4.0,140.0,64.0,32.0,0.03816984647086686,0.0017247940082396444,0.0368771702051162,0.0417218878865242,0.0374084822833538,0.0005239360034465998,0.04488824733666006,0.0005331047558640965,0.0439467243850231,0.0455773659050464,0.0450473837554454,0.0003601722419262002,0.15822479767458772,0.0027697996046395995,0.1538770645856857,0.1633558273315429,0.1579239964485168,0.001486584544181796,0.17074703957353315,0.0014846455596549829,0.1687780618667602,0.1728436052799224,0.1704946458339691,0.0013195723295211792,0.5066915282181331,0.03263602305834397,0.4402454197406769,0.5303137302398682,0.5213326215744019,0.00891488790512085,0.5914064560617719,0.011130377658124866,0.579479455947876,0.6117163896560669,0.5896896123886108,0.010123014450073242,1216.5714285714287,347.06189532081083,778.0,1977.0,1180.0,94.0,709.9014285714285,215.00858065459167,432.69,1178.94,707.0,76.75,0.056305845976466,0.006789098542634639,0.0449334328295663,0.0690131208135022,0.0540988536344634,0.004595360822147801,0.06262829953006331,0.004972177555265016,0.0549996420741081,0.0670465305447578,0.0649891719222068,0.002057358622551006,0.05336362442799973,0.005520910435970149,0.0438185855746269,0.0607584193348884,0.0552327595651149,0.004319503903388901
1.0,qrnn_paper,paper_no_reset,mackey_1000,0.001,8.0,4.0,4.0,140.0,64.0,37.0,0.03801863640546794,0.0009381886472229388,0.036838486790657,0.0396958440542221,0.0378494635224342,0.0009077489376067976,0.043920621275901746,0.0010301303021125697,0.0428695008158683,0.0458921492099761,0.0435439683496952,0.0003386698663234988,0.1572804536138262,0.0017902941783651954,0.1552674025297165,0.1599852591753006,0.1567915081977844,0.001269906759262085,0.16871359518596105,0.0015491853586883755,0.1669069528579712,0.1713708341121673,0.1680430769920349,0.0011361241340637207,0.5131326956408364,0.015637913447700814,0.4810364544391632,0.5314253568649292,0.5120243430137634,0.00879812240600586,0.6038385799952916,0.013287771868803078,0.5816784501075745,0.6193216443061829,0.6071527004241943,0.008478403091430664,1151.142857142857,363.6051345588384,799.0,1987.0,1053.0,157.0,912.9442857142858,275.5480359915046,626.3,1544.35,853.68,87.84000000000003,0.05115866195999491,0.005235686642196525,0.0457846486654792,0.0627835310167736,0.0498005474607149,0.0027982557787455953,0.05946928422365866,0.0038397897201658962,0.0523797199130058,0.0646886155009269,0.0608082823455333,0.003468435257673201,0.04894926718303131,0.002924806793142218,0.0446366146206855,0.0545759573578834,0.0490724146366119,0.0016658082604408056
1.0,qrnn_paper,paper_no_reset,mackey_1000,0.001,4.0,2.0,8.0,140.0,64.0,19.0,0.03832887634634966,0.002051171809702221,0.0347727388143539,0.0405054353177547,0.0383136384189128,0.0018702335655690003,0.03688504397869108,0.002277823032536012,0.0336355790495872,0.0398879311978817,0.0367980636656284,0.0020289830863476008,0.15861060023307796,0.004631075839843726,0.1521802693605423,0.1666473448276519,0.1578486412763595,0.0007632672786712924,0.15665819644927975,0.006083193086292616,0.1462385058403015,0.1631675958633422,0.1559036970138549,0.006451010704040611,0.5309136927127838,0.026881325055971423,0.4909444749355316,0.5720498561859131,0.5338773131370544,0.017398059368133545,0.6754107475280762,0.028615441750473664,0.6335954666137695,0.7179391980171204,0.6715170741081238,0.021558940410614014,1638.8,683.9936841813673,603.0,2304.0,2091.0,213.0,822.568,349.16144182311996,293.22,1174.44,1047.1,127.34000000000015,0.04590125447139141,0.005184938503375133,0.0412619477137923,0.0557110826484859,0.0441926284693181,0.001990858931094401,0.04608856439590451,0.004421903420619043,0.0425376631319522,0.0539773479104042,0.0431404300034046,0.0006027668714524009,0.043750207871198606,0.007032373703210483,0.0382060073316097,0.0572845265269279,0.0404522791504859,0.002246271818876204
1.0,qrnn_paper,paper_no_reset,mackey_1000,0.001,5.0,2.0,8.0,140.0,64.0,24.0,0.0382639701877321,0.0014803468840030535,0.035292163491249,0.0398377180099487,0.0382243581116199,0.001293059438466998,0.03282677462058403,0.002811841782503816,0.030335059389472,0.0386803671717643,0.0313115455210208,0.0009764861315487983,0.16011950160775865,0.0030198028916121576,0.1554677933454513,0.165200263261795,0.1601601094007492,0.002066418528556796,0.14763246263776503,0.007355312971776524,0.1390289813280105,0.1627117544412613,0.1468222290277481,0.005094885826110784,0.535339491707938,0.026180638580493708,0.5040018558502197,0.593885064125061,0.5286062359809875,0.00909125804901123,0.7187795979636056,0.03152806612719631,0.6527618765830994,0.7464002966880798,0.7354338765144348,0.01096642017364502,2997.8571428571427,861.8641637373572,1570.0,4104.0,3218.0,716.0,2042.1185714285716,563.7679800725667,1073.34,2772.05,2171.15,444.5699999999997,0.05295552705813728,0.010776234605125284,0.042546743992716,0.0772238089703023,0.0490632532164454,0.005173413548618604,0.05414812905447818,0.00947119963716742,0.0435970239341259,0.0748485252261161,0.0528673566877841,0.004796415567397995,0.050858216626303486,0.006832445307917707,0.0412920527160167,0.0621770396828651,0.0486755743622779,0.006969280540943201
1.0,qrnn_paper,paper_no_reset,mackey_1000,0.001,5.0,3.0,8.0,140.0,64.0,23.0,0.03842127364542744,0.002056488711893013,0.0341055728495121,0.0407042354345321,0.0387272760272026,0.0017574913799762032,0.03315236791968342,0.0035917831845282866,0.0282740648835897,0.0389927178621292,0.0337322875857353,0.0025151111185549996,0.15954859554767606,0.0036827125425894806,0.1505172252655029,0.1645113229751587,0.1602184474468231,0.0013730823993682861,0.14724290536509616,0.010494190167297688,0.1324623823165893,0.1614757627248764,0.1509269326925277,0.007322534918785123,0.5349211196104685,0.03770365504327893,0.4854850471019745,0.6093495488166809,0.5315136313438416,0.033457815647125244,0.7164131866561042,0.03897992219848269,0.6525229811668396,0.7698538303375244,0.7166792154312134,0.035804033279418945,2983.3333333333335,1189.7353580617087,1449.0,5586.0,3032.0,901.0,1942.522222222222,750.1212843826995,984.99,3563.92,2011.3,556.2,0.047461730790220986,0.005109823895014098,0.0407538614235818,0.0589912007562816,0.047322838101536,0.003196431323885904,0.049321954449017796,0.005458431928841035,0.0413031987845897,0.0586452484130859,0.0490738190710544,0.0037665404379368037,0.04555553446213398,0.0060411558618390405,0.0371637307107448,0.058551263064146,0.0459292531013488,0.004174608737230301
1.0,qrnn_paper,paper_no_reset,mackey_1000,0.001,6.0,2.0,8.0,140.0,64.0,29.0,0.03570256894454355,0.0014596729948292988,0.0328073948621749,0.0381007008254528,0.03591863624751565,0.00045899674296374926,0.030035284813493414,0.0013275714193110729,0.0275731794536113,0.0321255922317504,0.0301310028880834,0.0008526565507054017,0.15379723347723478,0.00407246524182589,0.147658497095108,0.160596564412117,0.15397865325212473,0.002534374594688457,0.13844406604766846,0.004750321562262679,0.1304291933774948,0.1445700228214264,0.13877909630537028,0.0038710460066795765,0.588257722556591,0.019822128082636,0.5659418106079102,0.6289792060852051,0.5821884572505951,0.009773731231689453,0.7548230439424515,0.017810826916750202,0.7246277332305908,0.7824262976646423,0.7570798993110657,0.014005571603775024,3216.125,769.1663405109457,2066.0,4669.0,3134.0,543.5,2798.30625,677.8732066164273,1761.61,4083.77,2723.4449999999997,483.38500000000045,0.04743061179760838,0.006572022038545056,0.0402659964747726,0.0592616815119981,0.045840968145057504,0.004348551155999303,0.048702641855925294,0.005683061396372442,0.0417618863284587,0.0586559809744358,0.0493741203099489,0.004954343661665951,0.04695395845919843,0.008194911301882555,0.0381848365068435,0.0611620284616947,0.04351760819554325,0.005193864926695848
1.0,qrnn_paper,paper_no_reset,mackey_1000,0.001,6.0,3.0,8.0,140.0,64.0,28.0,0.03837913572788232,0.0013615863052143164,0.0362985469400882,0.0412148050963878,0.03833834268152705,0.00026347488164905203,0.033235243894159765,0.002832423377474501,0.0294398665428161,0.0378909632563591,0.0329491067677736,0.002820620313286802,0.15989984720945355,0.0025756666681380717,0.1539851427078247,0.1644518673419952,0.16044113785028455,0.0009629800915718079,0.14778467267751688,0.008059804924643848,0.137101411819458,0.1612989753484726,0.14699145406484598,0.007659018039703383,0.535373529791832,0.020266706392676137,0.4987809360027313,0.5700228214263916,0.5314031541347504,0.014765053987503052,0.7147523462772369,0.03187922615018276,0.6621402502059937,0.761168360710144,0.7213322222232819,0.03134080767631531,2356.3,847.2067103133685,999.0,3525.0,2606.0,493.5,3316.101,1452.4154725728447,864.17,5474.71,3565.7349999999997,1437.8949999999998,0.04866531426087017,0.0032993029322932457,0.0413297628983855,0.0540252798236906,0.049343102145939996,0.0014845908153802538,0.050419029220938626,0.003279518174929567,0.0416518114507198,0.0533375516533851,0.05198349058628075,0.001076435670256646,0.04725075587630266,0.005948173723521384,0.036666914820671,0.0591922663152217,0.047034990042448,0.003527138382196447
1.0,qrnn_paper,paper_no_reset,mackey_1000,0.001,6.0,4.0,8.0,140.0,64.0,27.0,0.037456001672479804,0.0016035761318415557,0.0344642885029315,0.0398369692265987,0.0379720740020275,0.0012834519147872994,0.034852424843443724,0.0038665089535626913,0.029794244095683,0.0393911264836788,0.0361394360661506,0.003251690417528194,0.15879409677452505,0.002953415121042453,0.153128296136856,0.1629511415958404,0.1585567891597747,0.0022668093442916037,0.15244561930497483,0.010183083918784345,0.1378635615110397,0.1652307212352752,0.1564108431339264,0.008819878101348821,0.5400771299997965,0.02224882289304274,0.5107378959655762,0.5825086236000061,0.533912718296051,0.01381683349609375,0.6994186109966702,0.043960093950951955,0.6443080902099609,0.7538772225379944,0.6862757205963135,0.04196763038635254,2532.8888888888887,1680.5068973672096,975.0,6692.0,1856.0,704.0,2086.5944444444444,1366.5954689349662,790.86,5448.03,1512.27,672.02,0.05138887946183479,0.00897772132048537,0.0410034889355301,0.071164445951581,0.0493618482723832,0.0060036634095013,0.05157168250944874,0.00848018337312808,0.0386451706290245,0.069017581641674,0.0484089739620685,0.004089444875717198,0.05284087649650039,0.012621140955872604,0.0403002761304378,0.0806977599859237,0.0486832112073898,0.007594544440507896
1.0,qrnn_paper,paper_no_reset,mackey_1000,0.001,7.0,3.0,8.0,140.0,64.0,33.0,0.03717011296086837,0.002459567419537319,0.032221745699644,0.0398362688720226,0.0378775969147682,0.001644112169742605,0.03028965906964403,0.003089910386197383,0.0272218640893697,0.0380970053374767,0.0288681201636791,0.0012769158929586029,0.15669562419255575,0.006260186221421482,0.1452893763780594,0.163975790143013,0.1589762419462204,0.004497528076171903,0.13916354378064474,0.009318506551147885,0.1303263157606125,0.1613603681325912,0.1366758793592453,0.004712596535682595,0.5652795301543342,0.03918514634165247,0.5010204315185547,0.6226646900177002,0.5771847367286682,0.03835320472717285,0.7479172746340433,0.0333502609545571,0.6621994972229004,0.7771763205528259,0.7615075707435608,0.015668749809265137,2870.5555555555557,1227.7838310559678,1287.0,5492.0,2289.0,830.0,3120.1655555555562,1306.0647012908757,1406.36,5951.7,2480.63,784.3299999999999,0.045592639181348975,0.003336215682366271,0.039061882533133,0.0504358327016234,0.0464964844286441,0.001839681994170006,0.047101011292801906,0.004590329972298817,0.037321351468563,0.0526063814759254,0.0483282767236232,0.001872651278972598,0.04423369839787476,0.0038987612391180185,0.0376720242202281,0.0498994961380958,0.0448858179152011,0.0033690929412842005
1.0,qrnn_paper,paper_no_reset,mackey_1000,0.001,7.0,4.0,8.0,140.0,64.0,32.0,0.03699123114347454,0.0015988941839014765,0.0347576439380645,0.0394831746816635,0.0370805151760578,0.0013907346874475514,0.031157557852566194,0.001908634145808863,0.0279384534806013,0.0337368138134479,0.03113113716244695,0.0018644938245416,0.1567434713244438,0.004287125822718347,0.1494845002889633,0.1650470197200775,0.15635595470666885,0.0029831528663634976,0.14152876436710354,0.004995275722814134,0.1325194388628006,0.1489405483007431,0.14212883263826365,0.004680827260017395,0.5635779201984406,0.02500741169676779,0.5250573754310608,0.6055209040641785,0.55678790807724,0.01639607548713684,0.7384687244892121,0.02264484497016911,0.7056411504745483,0.7761473655700684,0.7414936423301697,0.016827106475830078,2977.5,741.8017592322088,1892.0,4364.0,2912.0,626.0,3246.341,815.5109387672246,2086.17,4711.48,3154.79,794.6949999999999,0.04701891010627145,0.004829772180784871,0.0418269303627312,0.0586498053744435,0.045112112304195706,0.001670720288529999,0.04818203188478943,0.003709492705022177,0.043423656374216,0.0548460409045219,0.0468012951314449,0.0019513908773660486,0.0462485540658235,0.006624977469315866,0.0374541692435741,0.0604569464921951,0.0464762542396783,0.00477367825806135
1.0,qrnn_paper,paper_no_reset,mackey_1000,0.001,8.0,4.0,8.0,140.0,64.0,37.0,0.036360498517751645,0.0024431540273804173,0.0332411080598831,0.0403472743928432,0.0367939975112676,0.0020321644842624977,0.030678302670518503,0.0030805882881042588,0.027590662240982,0.0369273647665977,0.0294282576069235,0.0012439265847205994,0.1555212487777074,0.005102028742774622,0.148833230137825,0.1648345440626144,0.1549832075834274,0.0033848881721496443,0.13945631931225452,0.009868220959623614,0.1280559599399566,0.1582987010478973,0.1360825598239898,0.005536198616027804,0.5752998193105062,0.036160189695848645,0.5285937190055847,0.6226682066917419,0.5779639482498169,0.03973612189292908,0.7446401715278625,0.03371325384050223,0.6783740520477295,0.7756950855255127,0.759668380022049,0.012536674737930298,3023.0,1158.0447602172667,914.0,4104.0,3480.0,552.0,4286.224999999999,1575.0886062139489,1344.32,5712.25,4850.465,824.1349999999998,0.04512012299771106,0.0017447958107525692,0.0429182713851332,0.0477480748668313,0.04478915734216565,0.001540697412565354,0.0460445769131183,0.0019028140923508811,0.0436672605574131,0.048525147140026,0.0457969177514314,0.001888748258352252,0.044133300582567786,0.0023986132082620794,0.0401307642459869,0.046578824520111,0.04525400884449475,0.0010176040232181514
1.0,qrnn_paper,paper_no_reset,mackey_1000,0.001,4.0,2.0,16.0,140.0,64.0,19.0,0.03521009087562556,0.002121818832502861,0.0327602885663509,0.037850797176361,0.0347032845020294,0.001942995935678496,0.02580653801560398,0.0023114203470062686,0.0225050747394561,0.0286372136324644,0.0269549470394849,0.001682266592979497,0.15242670178413387,0.0035273627854667242,0.1487668752670288,0.1567654907703399,0.1510185450315475,0.0022516697645186823,0.12694464325904845,0.006177590108870864,0.1175972670316696,0.1349244564771652,0.1287562400102615,0.0061682164669036865,0.5989554524421692,0.026006354981198257,0.5632603764533997,0.6333734393119812,0.5967205166816711,0.025342226028442383,0.7851644635200501,0.02217446573130346,0.7575876712799072,0.8184123039245605,0.7754302620887756,0.017842590808868408,1602.4,633.1090269455965,991.0,2493.0,1285.0,294.0,1665.0420000000001,691.6282913068262,1013.52,2671.36,1297.27,283.75,0.04467953345738346,0.009650374325298245,0.0336816490162164,0.0609169648960232,0.0400828630663454,0.0064012140501290005,0.04324769675731654,0.008106408253336573,0.0321424342691898,0.0563447587192058,0.041679099202156,0.0053041055798530995,0.04510382413864132,0.011530102255911435,0.0320876762270927,0.0659106895327568,0.0434560850262641,0.005939688533544499
1.0,qrnn_paper,paper_no_reset,mackey_1000,0.001,5.0,2.0,16.0,140.0,64.0,24.0,0.03506896769007043,0.002723640828221588,0.0288438461720943,0.0383944697678089,0.0360792018473148,0.001054525375366197,0.024495458437336762,0.0017458798106052646,0.0221722945570945,0.0270011182874441,0.024247795343399,0.0014677625149487998,0.15144669844044575,0.009738800486175021,0.1268386244773864,0.1621071547269821,0.1532467454671859,0.003375947475433405,0.12661454578240708,0.0065051286947709844,0.1142695695161819,0.1343401223421096,0.1291040033102035,0.004992917180061299,0.6065269774860806,0.034892387394731245,0.5646440386772156,0.6921493411064148,0.5892611145973206,0.021151959896087646,0.8034504585795932,0.018527064244309187,0.7713252902030945,0.8295425772666931,0.8135601878166199,0.013706505298614502,1817.888888888889,542.8145671598982,967.0,2687.0,1550.0,466.0,2582.4144444444446,787.1670766194304,1339.57,3869.67,2161.46,697.6599999999999,0.0371473955456167,0.004521628170025263,0.0318007112946361,0.0445512463338673,0.0353909777477383,0.0025935829617083003,0.03627631461454758,0.004160534685879162,0.0290464274585247,0.0414302460849285,0.0365239381790161,0.003536041826009702,0.04085972574022077,0.007285675416858577,0.0330278873443603,0.0579039901494979,0.0404590293765068,0.0046988055109978
1.0,qrnn_paper,paper_no_reset,mackey_1000,0.001,5.0,3.0,16.0,140.0,64.0,23.0,0.037006127751535806,0.0014401433520543445,0.0351010113954544,0.0396222062408924,0.0366437919437885,0.0013450682163239011,0.0236635597215758,0.002261687800249367,0.0211100801825523,0.0297256670892238,0.0230999235063791,0.00043661706149580176,0.15582512153519523,0.005242982212775315,0.1496321558952331,0.1674608141183853,0.1535484790802002,0.0039163231849670965,0.12387262864245303,0.0070415454740701605,0.1153034716844558,0.1422855257987976,0.1221948415040969,0.0012810826301574985,0.5920648045010037,0.03420199441648164,0.5349851846694946,0.6458914875984192,0.6043112874031067,0.018924713134765625,0.8103327022658454,0.02646353289374163,0.7403193116188049,0.8343889117240906,0.8143125772476196,0.007725119590759277,1740.111111111111,710.9237253108638,967.0,3176.0,1408.0,441.0,2347.445555555556,943.2063562728891,1309.13,4264.02,1932.65,623.52,0.0416949291247874,0.004537610741021388,0.0337911022361367,0.0480579957365989,0.0426879038568586,0.004010958364233305,0.03952806422279936,0.0068613419847590425,0.0284989792853593,0.0501260124146938,0.0392423756420612,0.005836457014083897,0.046903051435947356,0.007927404043563856,0.0374034717679023,0.0603566467761993,0.0435694083571434,0.005633413791656397
1.0,qrnn_paper,paper_no_reset,mackey_1000,0.001,6.0,2.0,16.0,140.0,64.0,29.0,0.034273215259114836,0.0019334093623668792,0.030820420011878,0.0372859872877597,0.0343705676496028,0.0013394467532635013,0.02296728330353892,0.0013215248790872198,0.0212575495243072,0.0254507344216108,0.0233142673969268,0.0013144873082636989,0.14808199306329087,0.004144520209603556,0.142118215560913,0.1554832756519317,0.1485892832279205,0.0030579119920731146,0.12237641629245544,0.004682791281434555,0.1130225732922554,0.1285058557987213,0.1220361515879631,0.003947094082832406,0.6337015628814697,0.019504329135839785,0.6020630598068237,0.6615096926689148,0.631377637386322,0.015255212783813477,0.8227957950698005,0.016252447507129415,0.7856315970420837,0.8444731831550598,0.8273122310638428,0.004795849323272705,1600.6666666666667,616.8007061532202,759.0,2956.0,1728.0,199.0,2922.104444444444,1150.5995276387303,1362.01,5472.34,3127.67,415.8299999999999,0.03543180954228668,0.0032075600400069265,0.0307040200568735,0.0408219052478671,0.0336280190385878,0.0029239989817143007,0.035403026681807254,0.0035900111385765454,0.0283011030405759,0.040226262062788,0.0364422425627708,0.002871405333280605,0.03843163326382632,0.006039442782932976,0.0281672924757003,0.0479140467941761,0.0385725311934948,0.005486652255058205
1.0,qrnn_paper,paper_no_reset,mackey_1000,0.001,6.0,3.0,16.0,140.0,64.0,28.0,0.03630454055964943,0.0021127591472282587,0.0324768461287021,0.0393749177455902,0.03659808635711665,0.0017776917666196962,0.02313492316752667,0.0014365555834534285,0.0207568444311618,0.0253005996346473,0.0227633900940418,0.0013574054464698011,0.15272107720375055,0.0063885096867542,0.1419308930635452,0.162866473197937,0.15413798391818995,0.0035605430603027483,0.12164926305413241,0.004024955284582414,0.1158423349261283,0.128710001707077,0.1212847754359245,0.0033597536385059565,0.6034726619720459,0.024085038100824307,0.5588465929031372,0.6400824189186096,0.6060079038143158,0.01842629909515381,0.8185809075832366,0.013784062408768777,0.7981498837471008,0.8411291837692261,0.8216113746166229,0.008289039134979248,2046.1,494.0816632905941,1382.0,3019.0,1994.0,274.5,5997.103,1552.8172229148543,3710.89,9171.61,5771.29,1290.85,0.0429123442154377,0.010071723382817959,0.0329157204832881,0.0686932713724672,0.0392724275588989,0.0044838673202321,0.04152743853628631,0.009196269830886828,0.0327648594975471,0.0660822242498397,0.038858151063323,0.004697924479842203,0.048309934511780686,0.014868169335796407,0.032046478241682,0.0785373747348785,0.04563578031957145,0.010437507182359699
1.0,qrnn_paper,paper_no_reset,mackey_1000,0.001,6.0,4.0,16.0,140.0,64.0,27.0,0.035818241122696076,0.0017427198749411796,0.0326199121773242,0.0382752045989036,0.0361789688467979,0.001429520547389998,0.023809907957911422,0.0016547259540395094,0.0218911599367856,0.0270155780017375,0.0236264765262603,0.0012597758322954004,0.15209080610010353,0.005622040409942953,0.1439710855484008,0.1612797230482101,0.1505344659090042,0.005333796143531799,0.12269967380497188,0.004771951575114595,0.1167770326137542,0.129409447312355,0.1199045330286026,0.003127500414848397,0.6027675800853305,0.02683977168540996,0.5681789517402649,0.6436751484870911,0.6049966216087341,0.024375736713409424,0.8118525412347581,0.014969933393803455,0.7869584560394287,0.8320151567459106,0.8142148852348328,0.01649075746536255,1800.7777777777778,687.55085109358,699.0,3227.0,1642.0,398.0,3037.8266666666664,1125.8741689510027,1197.48,5359.34,2815.25,691.4699999999998,0.03950216132216151,0.006677552159474424,0.0328384249005466,0.0542264538817107,0.0357089573517441,0.0028580157086253027,0.03762691074775319,0.005505924552912837,0.0308302585035562,0.0471467562019825,0.0359860695898532,0.0041551850736141,0.04355661860770644,0.011493245877032633,0.0317851342260837,0.0734701678156852,0.0405337698757648,0.004739359021186801
1.0,qrnn_paper,paper_no_reset,mackey_1000,0.001,7.0,3.0,16.0,140.0,64.0,33.0,0.03333778265449731,0.002322384092215422,0.0282906293869018,0.035977367311716,0.0338885337114334,0.0015532821416854997,0.023246952849957633,0.0014492188607073287,0.0213791765272617,0.0261989831924438,0.0228727553039789,0.0012959539890288994,0.14747008846865756,0.005335518564737181,0.137867271900177,0.1536536812782287,0.1493802070617675,0.003289058804511996,0.12247639646132782,0.003745607858634245,0.1153992637991905,0.1276194751262664,0.1226837784051895,0.002132892608642495,0.6412891546885172,0.0268280266842223,0.6019893884658813,0.6893748044967651,0.6435630321502686,0.02028191089630127,0.8184712065590752,0.014236373503674812,0.7854833006858826,0.8354547023773193,0.8203431367874146,0.006752610206604004,1397.3333333333333,403.17930943384926,737.0,2157.0,1323.0,350.0,3208.51,890.1571529666982,1713.39,4935.2,3125.45,674.79,0.03797900759511519,0.0036790199669677784,0.0321003135759383,0.0453369016759097,0.0383219425566494,0.0025362300220877,0.03827426334222153,0.004892383802119157,0.0292652621865272,0.0478577464818954,0.0366551056504249,0.0010248050093650957,0.039492523711588595,0.005252166537041808,0.0299152303487062,0.0484786666929721,0.0385275557637214,0.004429813474416698
1.0,qrnn_paper,paper_no_reset,mackey_1000,0.001,7.0,4.0,16.0,140.0,64.0,32.0,0.03551524057984348,0.001777052793370931,0.0330317057669162,0.0387454442679882,0.03521474637091155,0.0013023000210523501,0.02342959605157371,0.0016654608087815128,0.0210240241140127,0.0261291731148958,0.023204448632895898,0.0010371534153819032,0.15011326521635052,0.0032011792881909596,0.1453985720872879,0.1555516570806503,0.14906848967075345,0.0026837214827537953,0.12305269837379451,0.005060793108994252,0.1139051914215087,0.1297939866781234,0.12357467412948606,0.0038480646908282956,0.6062870919704437,0.020506204611224647,0.5774000287055969,0.6462085843086243,0.6051090061664581,0.016774386167526245,0.816989129781723,0.01782921409392827,0.7869676351547241,0.8379790782928467,0.8177367746829987,0.015271097421646118,1849.7,486.56552487820176,1123.0,2721.0,1805.0,438.0,4171.393999999999,1105.3492573770518,2460.61,5908.82,4118.13,1053.94,0.04157457554247225,0.0044506511816635235,0.0362887796945869,0.0491516273468732,0.0412386865355074,0.003840624820440997,0.040620988607406566,0.004231761972277874,0.0344974994659423,0.049141738563776,0.04127136617898935,0.0018134415149689033,0.04405210204422469,0.006532196450274081,0.0355911403894424,0.0578653216361999,0.04238604567945,0.004102043807506547
1.0,qrnn_paper,paper_no_reset,mackey_1000,0.001,8.0,4.0,16.0,140.0,64.0,37.0,0.034390637278556756,0.0014086155091701466,0.0328674726188182,0.0367037802934646,0.0338651202619075,0.0009976476430893014,0.022708644345402682,0.0003649826186560409,0.0222427025437355,0.0232555624097585,0.0227202177047729,0.0003274995833635018,0.14843551516532894,0.004964158377458053,0.1411081403493881,0.1546488404273986,0.1508727222681045,0.0037761181592941007,0.12026589810848232,0.0013146962473193971,0.1181315258145332,0.1215560510754585,0.1211168095469474,0.0004392415285111029,0.6274503350257874,0.02115506193700593,0.5919753909111023,0.654162585735321,0.6305751204490662,0.011260509490966797,0.8238936781883239,0.008832695642057733,0.8090018630027771,0.8353326320648193,0.8265751600265503,0.006167411804199219,1325.8,88.67333308272562,1195.0,1422.0,1370.0,52.0,3874.2940000000003,284.722198544476,3485.13,4272.21,3918.19,284.97000000000025,0.03645275160670274,0.002288548087418274,0.0331754623912274,0.0392784834839403,0.0355263277888298,0.002350865397602403,0.03662254288792606,0.003159997569247597,0.0326748266816139,0.0421682521700859,0.0362159274518489,0.001353878527879701,0.03788088634610172,0.003966454388732723,0.0338190644979476,0.0426804572343826,0.0358496345579624,0.002030570060014794
1.0,qrnn_paper,paper_reset,mackey_1000,0.001,4.0,2.0,4.0,140.0,64.0,19.0,0.05667253658175464,0.0028204484409317717,0.0520156472921371,0.0636200383305549,0.05694370903074735,0.0006134156137704502,0.06814248487353321,0.001346511029611459,0.0665504112839698,0.0707355812191963,0.06780074164271349,0.001196276396512999,0.2008914053440094,0.0040880427982079,0.194043219089508,0.2108248621225357,0.20073150098323816,0.0015647336840629439,0.21575863361358638,0.0029117551739776828,0.2124459743499755,0.2205312848091125,0.21506273001432413,0.002367936074733748,-0.15449811369180677,0.15301740280516588,-0.2797863781452179,0.2779752314090729,-0.18230503052473065,0.04873015731573105,-0.004976186901330938,0.07722369792682401,-0.0843322351574897,0.1081583797931671,-0.0444810092449188,0.03751219809055324,621.2,269.08504231933813,427.0,1314.0,478.5,47.5,785.443,364.2021096328246,305.28,1681.31,638.09,130.125,0.05910998025196673,0.005719660119591295,0.052849942093922,0.071448581914107,0.05789033122317095,0.002298868377693001,0.07108577564358706,0.00543633684295945,0.0669902339577674,0.0857523530721664,0.0690153613686561,0.0018162317574023992,0.056299095228314354,0.003756514518671095,0.0519919842481613,0.0638682469725608,0.056764846667647306,0.003672583028674105
