Version,Model,Ansatz,Data,Random ID,Learning Rate,Number Qubits,Hidden Size,Sequence Length,Prediction Step,Batch Size,MSE Testing,MSE Validation,MAE Testing,MAE Validation,Correlation Testing,Correlation Validation,Num Parameters,Epochs to Convergance,Total Training Time,Training Loss after 100 epochs,Validation Loss after 100 epochs,Testing Loss after 100 epochs
1.0,qrnn_paper,paper_no_reset,mackey_1000,0.0,0.001,4.0,2.0,4.0,1.0,64.0,0.000112089466711,0.0001454726443625,0.0084320316091179,0.0093981157988309,0.9989730715751648,0.9989157319068908,19.0,2182.0,1411.97,0.0066705977544188,0.0069911242462694,0.0057154134847223
1.0,qrnn_paper,paper_no_reset,mackey_1000,0.0,0.001,4.0,2.0,4.0,70.0,64.0,0.0352454893290996,0.0289325397461652,0.1394583582878112,0.1329077184200287,0.6011065244674683,0.7608081102371216,19.0,2126.0,1266.91,0.0640130970213148,0.0556411035358905,0.0839323177933693
1.0,qrnn_paper,paper_no_reset,mackey_1000,0.0,0.001,4.0,2.0,4.0,140.0,64.0,0.0386291928589344,0.0434931218624115,0.1540898382663726,0.1664878129959106,0.5056946277618408,0.6122134923934937,19.0,1529.0,895.73,0.0556354696551958,0.063385434448719,0.0558898001909256
1.0,qrnn_paper,paper_reset,mackey_1000,0.0,0.001,4.0,2.0,4.0,1.0,64.0,0.001132265664637,0.0012903879396617,0.028866184875369,0.0300878975540399,0.9888515472412108,0.989974319934845,19.0,433.0,594.78,0.0012853117659687,0.0012951483950018,0.0011317472672089
1.0,qrnn_paper,paper_reset,mackey_1000,0.0,0.001,4.0,2.0,4.0,70.0,64.0,0.0505318529903888,0.0426438339054584,0.1764066070318222,0.1676640808582306,0.3261654078960418,0.6381171345710754,19.0,523.0,681.57,0.0474293807314501,0.0447080805897712,0.0489845722913742
1.0,qrnn_paper,paper_reset,mackey_1000,0.0,0.001,4.0,2.0,4.0,140.0,64.0,0.057154431939125,0.0692319348454475,0.2028728127479553,0.2191001027822494,-0.1585739850997924,-0.0645191073417663,19.0,427.0,558.04,0.0580131647487481,0.0693692862987518,0.0571524202823638
1.0,qrnn_paper,paper_no_reset,mackey_1000,1.0,0.001,4.0,2.0,4.0,1.0,64.0,0.000206774653634,0.0004587540752254,0.0119131561368703,0.0153722167015075,0.9980496168136596,0.9964492917060852,19.0,688.0,458.09,0.0020652178442105,0.0022365513723343,0.0017475892091169
1.0,qrnn_paper,paper_no_reset,mackey_1000,1.0,0.001,4.0,2.0,4.0,70.0,64.0,0.0336232408881187,0.0287204347550869,0.1375091671943664,0.1361789554357528,0.6242568492889404,0.7598490118980408,19.0,1000.0,601.09,0.0414770100679662,0.0370656289160251,0.047929298132658
1.0,qrnn_paper,paper_no_reset,mackey_1000,1.0,0.001,4.0,2.0,4.0,140.0,64.0,0.037178412079811,0.0445768684148788,0.1516357660293579,0.1667055338621139,0.5331169962882996,0.5969991683959961,19.0,1916.0,1194.4,0.058166672475636,0.0734822750091552,0.0641004890203476
1.0,qrnn_paper,paper_reset,mackey_1000,1.0,0.001,4.0,2.0,4.0,1.0,64.0,0.001132546341978,0.001289949635975,0.0288764778524637,0.0300672277808189,0.9888471961021424,0.9899778366088868,19.0,1430.0,2035.11,0.0017602516571059,0.0022159698419272,0.0014489224413409
1.0,qrnn_paper,paper_reset,mackey_1000,1.0,0.001,4.0,2.0,4.0,70.0,64.0,0.0501133687794208,0.0424993708729743,0.177190363407135,0.1667865961790084,0.3283563554286957,0.6408730745315552,19.0,494.0,647.71,0.0470553708987103,0.0428039394319057,0.0497085005044937
1.0,qrnn_paper,paper_reset,mackey_1000,1.0,0.001,4.0,2.0,4.0,140.0,64.0,0.0571892298758029,0.0694913268089294,0.2021326422691345,0.2185583263635635,-0.1330280303955078,-0.0843322351574897,19.0,812.0,1024.75,0.0554122963868495,0.0712155178189277,0.056774403899908
1.0,qrnn_paper,paper_no_reset,mackey_1000,2.0,0.001,4.0,2.0,4.0,1.0,64.0,0.0002599934814497,0.0003762572887353,0.0139367282390594,0.0158900115638971,0.9975222945213318,0.9970880150794984,19.0,1404.0,977.16,0.0047339451266452,0.005660390947014,0.0034588968846946
1.0,qrnn_paper,paper_no_reset,mackey_1000,2.0,0.001,4.0,2.0,4.0,70.0,64.0,0.0347228981554508,0.0288488306105136,0.1430963724851608,0.1347678154706955,0.6134006977081299,0.7592446804046631,19.0,1664.0,1045.21,0.0385714256101184,0.033480666577816,0.0405100956559181
1.0,qrnn_paper,paper_no_reset,mackey_1000,2.0,0.001,4.0,2.0,4.0,140.0,64.0,0.0361360237002372,0.0447783879935741,0.1513414978981018,0.1689159274101257,0.5505622029304504,0.5866509079933167,19.0,1376.0,861.46,0.0719135031104087,0.0714785680174827,0.080698624253273
1.0,qrnn_paper,paper_reset,mackey_1000,2.0,0.001,4.0,2.0,4.0,1.0,64.0,0.0011327038519084,0.001289959414862,0.028877081349492,0.0300651416182518,0.9888471364974976,0.9899773597717284,19.0,1371.0,1878.33,0.0015244505484588,0.0015967226354405,0.0012463012244552
1.0,qrnn_paper,paper_reset,mackey_1000,2.0,0.001,4.0,2.0,4.0,70.0,64.0,0.0543931275606155,0.0400694273412227,0.1775255054235458,0.1612905114889145,0.3287069201469421,0.6412931680679321,19.0,423.0,576.33,0.0474555411686499,0.0425592772662639,0.0498123876750469
1.0,qrnn_paper,paper_reset,mackey_1000,2.0,0.001,4.0,2.0,4.0,140.0,64.0,0.0573772005736827,0.0665718019008636,0.2008472979068756,0.2128987163305282,-0.2381831705570221,0.1051306724548339,19.0,446.0,594.72,0.052849942093922,0.0678231343626976,0.0524696297943592
1.0,qrnn_paper,paper_no_reset,mackey_1000,3.0,0.001,4.0,2.0,4.0,1.0,64.0,0.0001445198431611,0.0003139196487609,0.0095725068822503,0.0124133387580513,0.9986361861228944,0.9975762367248536,19.0,1586.0,1072.8,0.0136271939612925,0.0160638075321912,0.0108069395646452
1.0,qrnn_paper,paper_no_reset,mackey_1000,3.0,0.001,4.0,2.0,4.0,70.0,64.0,0.0334553346037864,0.0289873797446489,0.1388977766036987,0.1343981325626373,0.6260902881622314,0.7564637660980225,19.0,2069.0,1263.87,0.0544596790439552,0.048775028437376,0.0685335099697113
1.0,qrnn_paper,paper_no_reset,mackey_1000,3.0,0.001,4.0,2.0,4.0,140.0,64.0,0.0422252900898456,0.0459324270486831,0.1648527234792709,0.1737317591905594,0.4279614984989166,0.5859139561653137,19.0,1267.0,799.96,0.0582773759961128,0.0608065351843833,0.0721979960799217
1.0,qrnn_paper,paper_reset,mackey_1000,3.0,0.001,4.0,2.0,4.0,1.0,64.0,0.0011316066375002,0.0012925351038575,0.0288718044757843,0.0301315169781446,0.9888503551483154,0.9899573922157288,19.0,587.0,845.47,0.0025827322388067,0.0027160404715687,0.0021608965471386
1.0,qrnn_paper,paper_reset,mackey_1000,3.0,0.001,4.0,2.0,4.0,70.0,64.0,0.0508737675845623,0.0427186824381351,0.176707461476326,0.1680691093206405,0.3247651159763336,0.6362785696983337,19.0,2928.0,3573.45,0.0492529430323176,0.0481316968798637,0.0527919866144657
1.0,qrnn_paper,paper_reset,mackey_1000,3.0,0.001,4.0,2.0,4.0,140.0,64.0,0.0567552894353866,0.0669902339577674,0.2003192752599716,0.2130607217550277,-0.2790001630783081,0.0756459012627601,19.0,442.0,605.96,0.053428895279972,0.0669902339577674,0.0567552894353866
1.0,qrnn_paper,paper_no_reset,mackey_1000,4.0,0.001,4.0,2.0,4.0,1.0,64.0,0.0001510652364231,0.0004227026656735,0.0099083092063665,0.0127491978928446,0.9986845254898072,0.9967280626296996,19.0,1444.0,960.58,0.0125743295997381,0.0176115222275257,0.0090511823073029
1.0,qrnn_paper,paper_no_reset,mackey_1000,4.0,0.001,4.0,2.0,4.0,70.0,64.0,0.0332241766154766,0.0293634124100208,0.1396067291498184,0.1366022229194641,0.6283087730407715,0.7524556517601013,19.0,705.0,438.76,0.0395559875501526,0.0344919227063655,0.0413208119571208
1.0,qrnn_paper,paper_no_reset,mackey_1000,4.0,0.001,4.0,2.0,4.0,140.0,64.0,0.0398970507085323,0.0468050800263881,0.1595275998115539,0.1762513220310211,0.4837806224822998,0.5615606307983398,19.0,1575.0,944.68,0.0519733772509627,0.0616551898419857,0.0470614172518253
1.0,qrnn_paper,paper_reset,mackey_1000,4.0,0.001,4.0,2.0,4.0,1.0,64.0,0.0011323987273499,0.0012899907305836,0.0288619492202997,0.0300536099821329,0.9888473749160768,0.9899777173995972,19.0,1423.0,1864.93,0.001578024670016,0.0018583150813356,0.0013229715405032
1.0,qrnn_paper,paper_reset,mackey_1000,4.0,0.001,4.0,2.0,4.0,70.0,64.0,0.0504119507968425,0.0424892157316207,0.1769065260887146,0.1670737862586975,0.327431172132492,0.6397308707237244,19.0,633.0,833.64,0.0519485303925143,0.0533829629421234,0.0482988134026527
1.0,qrnn_paper,paper_reset,mackey_1000,4.0,0.001,4.0,2.0,4.0,140.0,64.0,0.0545040406286716,0.0665504112839698,0.1974077671766281,0.2124459743499755,-0.2304883450269699,0.1081583797931671,19.0,511.0,670.22,0.0561172221269872,0.0671952664852142,0.0519919842481613
1.0,qrnn_paper,paper_no_reset,mackey_1000,5.0,0.001,4.0,2.0,4.0,1.0,64.0,2.976438372570556e-05,7.51687548472546e-05,0.0044433856382966,0.0052011325024068,0.9997439980506896,0.9994191527366638,19.0,2636.0,1723.64,0.0031909854384139,0.0043955920264124,0.0023993463255465
1.0,qrnn_paper,paper_no_reset,mackey_1000,5.0,0.001,4.0,2.0,4.0,70.0,64.0,0.0342917405068874,0.0292404349893331,0.1404589712619781,0.1367368400096893,0.6184026002883911,0.7543202042579651,19.0,1661.0,1020.92,0.039794698357582,0.0350640565156936,0.0420613959431648
1.0,qrnn_paper,paper_no_reset,mackey_1000,5.0,0.001,4.0,2.0,4.0,140.0,64.0,0.0374790914356708,0.0445356853306293,0.1565711051225662,0.1690720468759536,0.5197563171386719,0.594943642616272,19.0,1396.0,866.33,0.061636464877261,0.0640193969011306,0.0547383092343807
1.0,qrnn_paper,paper_reset,mackey_1000,5.0,0.001,4.0,2.0,4.0,1.0,64.0,0.0011338804615661,0.0012903303140774,0.0288778133690357,0.0300421696156263,0.9888436794281006,0.9899746775627136,19.0,634.0,893.04,0.0096952874213457,0.0104584852233529,0.0080271018669009
1.0,qrnn_paper,paper_reset,mackey_1000,5.0,0.001,4.0,2.0,4.0,70.0,64.0,0.0509869828820228,0.0427847728133201,0.1763346046209335,0.1684015244245529,0.3237957954406738,0.6349769830703735,19.0,884.0,1166.56,0.0778229145540131,0.0870342254638671,0.0660576894879341
1.0,qrnn_paper,paper_reset,mackey_1000,5.0,0.001,4.0,2.0,4.0,140.0,64.0,0.0520156472921371,0.067336305975914,0.194043219089508,0.213231161236763,0.2779752314090729,-0.0776019617915153,19.0,1314.0,1681.31,0.0678388099703523,0.0686614364385604,0.0520747750997543
1.0,qrnn_paper,paper_no_reset,mackey_1000,6.0,0.001,4.0,2.0,4.0,1.0,64.0,2.532459620852024e-05,5.821642116643488e-05,0.0036994135007262,0.0047887843102216,0.9997581243515016,0.999557077884674,19.0,4844.0,3012.09,0.008725075609982,0.0099450219422578,0.0070097409188747
1.0,qrnn_paper,paper_no_reset,mackey_1000,6.0,0.001,4.0,2.0,4.0,70.0,64.0,0.0348593443632125,0.0292309485375881,0.1407514363527298,0.1360687762498855,0.6118201017379761,0.7557646632194519,19.0,1673.0,1015.3,0.0390340886596176,0.0335875675082206,0.0420888885855674
1.0,qrnn_paper,paper_no_reset,mackey_1000,6.0,0.001,4.0,2.0,4.0,140.0,64.0,0.0422757975757122,0.0435640066862106,0.1607104837894439,0.1693766862154007,0.440242201089859,0.6203861832618713,19.0,1426.0,893.83,0.0514342110190126,0.0619122572243213,0.0533397644758224
1.0,qrnn_paper,paper_reset,mackey_1000,6.0,0.001,4.0,2.0,4.0,1.0,64.0,0.001133331330493,0.0012903559254482,0.0288499929010868,0.0300244837999343,0.9888440370559692,0.9899752736091614,19.0,1639.0,2262.91,0.0034416687441989,0.0034462246112525,0.0028552215080708
1.0,qrnn_paper,paper_reset,mackey_1000,6.0,0.001,4.0,2.0,4.0,70.0,64.0,0.0500411428511142,0.0425045154988765,0.1768940091133117,0.1667117327451706,0.3283789753913879,0.6409006118774414,19.0,549.0,727.12,0.0477093205683761,0.0451575517654418,0.0482764467597007
1.0,qrnn_paper,paper_reset,mackey_1000,6.0,0.001,4.0,2.0,4.0,140.0,64.0,0.0571321286261081,0.0672877207398414,0.2007040232419967,0.213375449180603,-0.2797863781452179,0.0563726797699928,19.0,435.0,573.14,0.0582133591589,0.0677295178174972,0.0612499378621578
1.0,qrnn_paper,paper_no_reset,mackey_1000,7.0,0.001,4.0,2.0,4.0,1.0,64.0,2.619377482915297e-05,3.629720231401734e-05,0.0039335554465651,0.0043834131211042,0.9997764229774476,0.9997206330299376,19.0,4158.0,2613.55,0.0212718022055923,0.0297602545469999,0.0154415154829621
1.0,qrnn_paper,paper_no_reset,mackey_1000,7.0,0.001,4.0,2.0,4.0,70.0,64.0,0.0370437651872634,0.0280884094536304,0.147257998585701,0.1307210773229599,0.5999245643615723,0.7648811340332031,19.0,897.0,555.83,0.041505186094178,0.0386673472821712,0.0464995838701725
1.0,qrnn_paper,paper_no_reset,mackey_1000,7.0,0.001,4.0,2.0,4.0,140.0,64.0,0.0409389026463031,0.0450150072574615,0.160066932439804,0.1702828854322433,0.4655176103115082,0.5966364145278931,19.0,1165.0,742.75,0.0534374838074048,0.0597898960113525,0.0487909317016601
1.0,qrnn_paper,paper_reset,mackey_1000,7.0,0.001,4.0,2.0,4.0,1.0,64.0,0.0011328785913065,0.0012907334603369,0.0288831405341625,0.0301000010222196,0.9888514876365662,0.9899725914001464,19.0,1201.0,1632.99,0.002510036365129,0.0027432686183601,0.0020925097633153
1.0,qrnn_paper,paper_reset,mackey_1000,7.0,0.001,4.0,2.0,4.0,70.0,64.0,0.0510673224925994,0.0422089844942092,0.177543357014656,0.1666498482227325,0.3270295560359955,0.6392244696617126,19.0,407.0,563.6,0.0466857208973831,0.0426836460828781,0.0502906218171119
1.0,qrnn_paper,paper_reset,mackey_1000,7.0,0.001,4.0,2.0,4.0,140.0,64.0,0.0561503693461418,0.0689643546938896,0.2007589787244796,0.2176345884799957,-0.1392862349748611,-0.0796541795134544,19.0,609.0,818.29,0.0600100331422355,0.0752932801842689,0.0537148974835872
1.0,qrnn_paper,paper_no_reset,mackey_1000,8.0,0.001,4.0,2.0,4.0,1.0,64.0,4.9121095798909664e-05,8.966570749180391e-05,0.0056703211739659,0.0075466255657374,0.9995441436767578,0.9993082284927368,19.0,2385.0,1549.48,0.0268647450953722,0.0293531697243452,0.0224147327244281
1.0,qrnn_paper,paper_no_reset,mackey_1000,8.0,0.001,4.0,2.0,4.0,70.0,64.0,0.0351454205811023,0.0285607669502496,0.1424406915903091,0.1330742090940475,0.6103999614715576,0.761599063873291,19.0,1585.0,974.82,0.0386393291668759,0.0336244404315948,0.0411789491772651
1.0,qrnn_paper,paper_no_reset,mackey_1000,8.0,0.001,4.0,2.0,4.0,140.0,64.0,0.0367067456245422,0.0461062937974929,0.1555765271186828,0.1719110310077667,0.5367299318313599,0.5718061923980713,19.0,1374.0,843.72,0.0607775710523128,0.0610572397708892,0.0476514063775539
1.0,qrnn_paper,paper_reset,mackey_1000,8.0,0.001,4.0,2.0,4.0,1.0,64.0,0.0011329078115522,0.0012899523135274,0.028878703713417,0.0300655774772167,0.9888469576835632,0.9899777173995972,19.0,1773.0,2375.48,0.0019401850178837,0.0025968789122998,0.001554875052534
1.0,qrnn_paper,paper_reset,mackey_1000,8.0,0.001,4.0,2.0,4.0,70.0,64.0,0.051381442695856,0.0428011827170848,0.1763369292020797,0.168739840388298,0.3222213983535766,0.6328178644180298,19.0,630.0,831.04,0.0532639457119835,0.0560851134359836,0.0492914319038391
1.0,qrnn_paper,paper_reset,mackey_1000,8.0,0.001,4.0,2.0,4.0,140.0,64.0,0.0548269897699356,0.068265177309513,0.1990031749010086,0.2167500108480453,-0.1613405346870422,-0.0622732900083065,19.0,781.0,1022.72,0.071448581914107,0.0857523530721664,0.0569393672049045
1.0,qrnn_paper,paper_no_reset,mackey_1000,9.0,0.001,4.0,2.0,4.0,1.0,64.0,2.5474590074736625e-05,4.698597695096396e-05,0.0041401982307434,0.0049579129554331,0.9997721314430236,0.999638557434082,19.0,4494.0,2799.79,0.0188350131735205,0.0277403760701417,0.0130859976634383
1.0,qrnn_paper,paper_no_reset,mackey_1000,9.0,0.001,4.0,2.0,4.0,70.0,64.0,0.0332712717354297,0.0296150613576173,0.1389824599027633,0.1370394378900528,0.6282358765602112,0.749862551689148,19.0,2033.0,1208.37,0.0386695551375548,0.0338820144534111,0.0414453819394111
1.0,qrnn_paper,paper_no_reset,mackey_1000,9.0,0.001,4.0,2.0,4.0,140.0,64.0,0.038619291037321,0.0440170690417289,0.1585978418588638,0.1688192337751388,0.4985864162445068,0.5979936718940735,19.0,1867.0,564.92,0.0558057634059676,0.0685862526297569,0.0593292713165283
1.0,qrnn_paper,paper_reset,mackey_1000,9.0,0.001,4.0,2.0,4.0,1.0,64.0,0.0011320669436827,0.0012904639588668,0.0288793612271547,0.0301044415682554,0.9888513684272766,0.9899733662605286,19.0,1773.0,1316.6,0.0016006778459995,0.001781792845577,0.0013266467722132
1.0,qrnn_paper,paper_reset,mackey_1000,9.0,0.001,4.0,2.0,4.0,70.0,64.0,0.0507086068391799,0.0426210723817348,0.1765683740377426,0.1677184849977493,0.3257079422473907,0.6375222206115723,19.0,598.0,411.18,0.0524719117416275,0.0550513491034507,0.0485944189131259
1.0,qrnn_paper,paper_reset,mackey_1000,9.0,0.001,4.0,2.0,4.0,140.0,64.0,0.0636200383305549,0.0707355812191963,0.2108248621225357,0.2205312848091125,-0.2032695263624191,-0.0266887284815311,19.0,435.0,305.28,0.0577674976975938,0.070827730000019,0.0638682469725608
1.0,qrnn_paper,paper_no_reset,lorenz_1000,0.0,0.001,4.0,2.0,4.0,1.0,64.0,0.0031804875470697,0.003376958426088,0.0423582568764686,0.0432726107537746,0.9651938676834106,0.9631069898605348,25.0,2715.0,937.73,0.046060349792242,0.0546651817858219,0.044864933937788
1.0,qrnn_paper,paper_no_reset,lorenz_1000,0.0,0.001,4.0,2.0,4.0,13.0,64.0,0.0348099693655967,0.0379093922674655,0.1490839272737503,0.1545064896345138,0.5047668814659119,0.4744581878185272,25.0,1417.0,489.76,0.0464212272316217,0.0527796447277069,0.0443147383630275
1.0,qrnn_paper,paper_no_reset,lorenz_1000,0.0,0.001,4.0,2.0,4.0,25.0,64.0,0.0364642143249511,0.0359101966023445,0.1447623372077942,0.1440440267324447,0.4817643463611603,0.4882687330245971,25.0,2761.0,1022.91,0.0459178451448678,0.0532681569457054,0.0481789410114288
1.0,qrnn_paper,paper_reset,lorenz_1000,0.0,0.001,4.0,2.0,4.0,1.0,64.0,0.0109648406505584,0.0150252366438508,0.0787877216935157,0.0965178608894348,0.873850405216217,0.8241739869117737,25.0,1514.0,1240.68,0.0334605077281594,0.0317040048539638,0.0318843051791191
1.0,qrnn_paper,paper_reset,lorenz_1000,0.0,0.001,4.0,2.0,4.0,13.0,64.0,0.0400384292006492,0.0439790375530719,0.1613498479127884,0.1688502877950668,0.3756214380264282,0.3970884382724762,25.0,2611.0,2137.96,0.048866132646799,0.0569586344063282,0.0490322336554527
1.0,qrnn_paper,paper_reset,lorenz_1000,0.0,0.001,4.0,2.0,4.0,25.0,64.0,0.0504473708570003,0.0554640740156173,0.1706511676311493,0.1834306120872497,0.0719662085175514,-0.0091824578121304,25.0,766.0,635.65,0.0480632286518812,0.0639202743768692,0.053694725036621
1.0,qrnn_paper,paper_no_reset,lorenz_1000,1.0,0.001,4.0,2.0,4.0,1.0,64.0,0.0026388552505522,0.0027251231949776,0.0387488864362239,0.0391184762120246,0.9713531732559204,0.97030508518219,25.0,3441.0,1341.88,0.0210108406841754,0.0216750260442495,0.0184658598154783
1.0,qrnn_paper,paper_no_reset,lorenz_1000,1.0,0.001,4.0,2.0,4.0,13.0,64.0,0.0309045147150754,0.0347504802048206,0.140055701136589,0.146270602941513,0.5812699198722839,0.5594947934150696,25.0,1110.0,435.32,0.042043025791645,0.0439035966992378,0.0406052283942699
1.0,qrnn_paper,paper_no_reset,lorenz_1000,1.0,0.001,4.0,2.0,4.0,25.0,64.0,0.0321780033409595,0.0333133339881897,0.1374635398387909,0.1403066515922546,0.5837811827659607,0.5570963621139526,25.0,2328.0,934.74,0.0512741666287183,0.0614743456244468,0.0554444417357444
1.0,qrnn_paper,paper_reset,lorenz_1000,1.0,0.001,4.0,2.0,4.0,1.0,64.0,0.0109653389081358,0.015016115270555,0.0789083465933799,0.0965341106057167,0.8738608360290527,0.824275553226471,25.0,1290.0,1092.24,0.0171953544951975,0.0229102857410907,0.0176142696291208
1.0,qrnn_paper,paper_reset,lorenz_1000,1.0,0.001,4.0,2.0,4.0,13.0,64.0,0.0397259779274463,0.0435874834656715,0.1600262969732284,0.1675156950950622,0.3846793174743652,0.4078248739242553,25.0,1081.0,898.82,0.0457881614565849,0.0522083006799221,0.0442023836076259
1.0,qrnn_paper,paper_reset,lorenz_1000,1.0,0.001,4.0,2.0,4.0,25.0,64.0,0.0518731400370597,0.0543049648404121,0.1776903718709945,0.1848838776350021,-0.0106910606846213,0.012323023751378,25.0,427.0,364.65,0.045917360857129,0.0552207641303539,0.0522019974887371
1.0,qrnn_paper,paper_no_reset,lorenz_1000,2.0,0.001,4.0,2.0,4.0,1.0,64.0,0.0034539583139121,0.0036999664735049,0.0432206988334655,0.0444697737693786,0.9623806476593018,0.959369659423828,25.0,1964.0,757.79,0.0316609277389943,0.0315481387078762,0.0243088230490684
1.0,qrnn_paper,paper_no_reset,lorenz_1000,2.0,0.001,4.0,2.0,4.0,13.0,64.0,0.0285173542797565,0.0305269639939069,0.1309509724378585,0.1354649811983108,0.6339643001556396,0.6039762496948242,25.0,1725.0,647.03,0.0399716909974813,0.0503633804619312,0.0439753122627735
1.0,qrnn_paper,paper_no_reset,lorenz_1000,2.0,0.001,4.0,2.0,4.0,25.0,64.0,0.0409626103937625,0.0401308014988899,0.1621618568897247,0.1598724871873855,0.3596633374691009,0.4035914540290832,25.0,1281.0,474.61,0.0420359525829553,0.0565864704549312,0.051988773047924
1.0,qrnn_paper,paper_reset,lorenz_1000,2.0,0.001,4.0,2.0,4.0,1.0,64.0,0.0109588643535971,0.0150201208889484,0.0790246203541755,0.0966150090098381,0.8738839626312256,0.8245133757591248,25.0,1486.0,1198.89,0.0238106005825102,0.028105292469263,0.0239713452756404
1.0,qrnn_paper,paper_reset,lorenz_1000,2.0,0.001,4.0,2.0,4.0,13.0,64.0,0.0398573018610477,0.0436097122728824,0.1608260124921798,0.1680387407541275,0.3810164034366607,0.412100225687027,25.0,1359.0,1115.25,0.0474628876894712,0.0558000281453132,0.0494346395134925
1.0,qrnn_paper,paper_reset,lorenz_1000,2.0,0.001,4.0,2.0,4.0,25.0,64.0,0.0486464910209178,0.0538698136806488,0.1678781658411026,0.1785610467195511,0.1094442158937454,0.0432827733457088,25.0,1161.0,945.05,0.045351468399167,0.0594838969409465,0.0535562969744205
1.0,qrnn_paper,paper_no_reset,lorenz_1000,3.0,0.001,4.0,2.0,4.0,1.0,64.0,0.0038365582004189,0.0039683440700173,0.0476800128817558,0.0487673915922641,0.9584069848060608,0.956477701663971,25.0,1028.0,415.44,0.0307854523882269,0.0339394100010395,0.0291359387338161
1.0,qrnn_paper,paper_no_reset,lorenz_1000,3.0,0.001,4.0,2.0,4.0,13.0,64.0,0.02907988242805,0.0317679718136787,0.1331444978713989,0.139692485332489,0.6283692121505737,0.5717096328735352,25.0,4324.0,1644.35,0.0378969362005591,0.045556116849184,0.0430338457226753
1.0,qrnn_paper,paper_no_reset,lorenz_1000,3.0,0.001,4.0,2.0,4.0,25.0,64.0,0.0452022440731525,0.0443627387285232,0.1636525839567184,0.1621163487434387,0.2480160295963287,0.3277185559272766,25.0,797.0,329.35,0.0673489939421415,0.0908860489726066,0.0630872473120689
1.0,qrnn_paper,paper_reset,lorenz_1000,3.0,0.001,4.0,2.0,4.0,1.0,64.0,0.0109651451930403,0.0150359310209751,0.078843280673027,0.0965574160218238,0.8738172054290771,0.824150025844574,25.0,1489.0,1235.5,0.0586998715996742,0.0736706629395484,0.0588909052312374
1.0,qrnn_paper,paper_reset,lorenz_1000,3.0,0.001,4.0,2.0,4.0,13.0,64.0,0.0399128906428813,0.0437803268432617,0.1610895097255706,0.1684592962265014,0.379017561674118,0.4033375978469848,25.0,2143.0,1759.25,0.0415933793410658,0.050115767866373,0.0424730442464351
1.0,qrnn_paper,paper_reset,lorenz_1000,3.0,0.001,4.0,2.0,4.0,25.0,64.0,0.048264056444168,0.0545109175145626,0.1669766008853912,0.1788241416215896,0.1271494776010513,0.0195998102426528,25.0,586.0,502.43,0.0463890869170427,0.0589240230619907,0.0520914793014526
1.0,qrnn_paper,paper_no_reset,lorenz_1000,4.0,0.001,4.0,2.0,4.0,1.0,64.0,0.003134025260806,0.0031326315365731,0.0419032052159309,0.0413634702563285,0.9659780263900756,0.9657025933265686,25.0,1950.0,731.87,0.0178962053731083,0.0280813034623861,0.0180636849254369
1.0,qrnn_paper,paper_no_reset,lorenz_1000,4.0,0.001,4.0,2.0,4.0,13.0,64.0,0.0347393415868282,0.0387208089232444,0.1452403962612152,0.1562531441450119,0.5048149824142456,0.4578677415847778,25.0,1149.0,440.21,0.0421711407601833,0.0501023195683956,0.0431706979870796
1.0,qrnn_paper,paper_no_reset,lorenz_1000,4.0,0.001,4.0,2.0,4.0,25.0,64.0,0.0372429899871349,0.0403164774179458,0.1507361829280853,0.1543156206607818,0.4561843872070312,0.414870411157608,25.0,1196.0,448.05,0.0745654121041297,0.0989529639482498,0.0706572607159614
1.0,qrnn_paper,paper_reset,lorenz_1000,4.0,0.001,4.0,2.0,4.0,1.0,64.0,0.0109617067500948,0.0150074120610952,0.0788498297333717,0.0964406952261924,0.8738581538200378,0.8244587779045105,25.0,1220.0,992.49,0.0255933282896876,0.0265213605016469,0.0250885616987943
1.0,qrnn_paper,paper_reset,lorenz_1000,4.0,0.001,4.0,2.0,4.0,13.0,64.0,0.0400613099336624,0.0433039404451847,0.1616021394729614,0.1668735444545745,0.3745278716087341,0.3988125324249267,25.0,1110.0,906.02,0.0659377038478851,0.0733667463064193,0.0694034472107887
1.0,qrnn_paper,paper_reset,lorenz_1000,4.0,0.001,4.0,2.0,4.0,25.0,64.0,0.0469881519675254,0.0530261695384979,0.1650442332029342,0.1795970052480697,0.1558975577354431,0.0745005160570144,25.0,624.0,514.01,0.0586814314126968,0.0699013546109199,0.0611327737569808
1.0,qrnn_paper,paper_no_reset,lorenz_1000,5.0,0.001,4.0,2.0,4.0,1.0,64.0,0.0023754748981446,0.0024386933073401,0.0365726575255394,0.0364598631858825,0.9740769267082214,0.9734521508216858,25.0,2276.0,891.48,0.0338275114074349,0.038026250898838,0.0341321639716625
1.0,qrnn_paper,paper_no_reset,lorenz_1000,5.0,0.001,4.0,2.0,4.0,13.0,64.0,0.0268066339194774,0.0281962435692548,0.1233002319931984,0.1282553523778915,0.6631931662559509,0.6387788653373718,25.0,3366.0,1288.81,0.0396108238026499,0.0488930828869342,0.0432810634374618
1.0,qrnn_paper,paper_no_reset,lorenz_1000,5.0,0.001,4.0,2.0,4.0,25.0,64.0,0.0376928560435771,0.039913885295391,0.147302508354187,0.1529019325971603,0.4455849826335907,0.4667598009109497,25.0,1134.0,468.57,0.0400660790037363,0.0512028448283672,0.0425074137747287
1.0,qrnn_paper,paper_reset,lorenz_1000,5.0,0.001,4.0,2.0,4.0,1.0,64.0,0.0110058905556797,0.0150847537443041,0.0790375769138336,0.0968418568372726,0.8733083605766296,0.8234655857086182,25.0,1784.0,1466.74,0.033329782448709,0.0437415167689323,0.0343767143785953
1.0,qrnn_paper,paper_reset,lorenz_1000,5.0,0.001,4.0,2.0,4.0,13.0,64.0,0.0400438085198402,0.0431531332433223,0.1613578200340271,0.1664761751890182,0.3748250603675842,0.4041704833507538,25.0,1192.0,992.47,0.0425965666770935,0.0508206151425838,0.0463584326207637
1.0,qrnn_paper,paper_reset,lorenz_1000,5.0,0.001,4.0,2.0,4.0,25.0,64.0,0.0501772873103618,0.0565773993730545,0.1703590005636215,0.1844764351844787,0.0801255032420158,-0.0326151177287101,25.0,618.0,528.59,0.0456746978685259,0.0659463331103324,0.0535083934664726
1.0,qrnn_paper,paper_no_reset,lorenz_1000,6.0,0.001,4.0,2.0,4.0,1.0,64.0,0.0031705091241747,0.0032775551080703,0.0433065854012966,0.0447104200720787,0.9652142524719238,0.9644392132759094,25.0,1804.0,686.24,0.0314676159992814,0.0401565134525299,0.0336164012551307
1.0,qrnn_paper,paper_no_reset,lorenz_1000,6.0,0.001,4.0,2.0,4.0,13.0,64.0,0.0386156067252159,0.0393743701279163,0.1527973264455795,0.1548663079738617,0.41746386885643,0.4410011172294616,25.0,1373.0,522.69,0.0395010747015476,0.048011165112257,0.0450030229985713
1.0,qrnn_paper,paper_no_reset,lorenz_1000,6.0,0.001,4.0,2.0,4.0,25.0,64.0,0.036925908178091,0.0425888001918792,0.1474236696958542,0.160329207777977,0.4913498759269714,0.4705979824066162,25.0,444.0,169.76,0.0439897522330284,0.0461196899414062,0.0391189344227314
1.0,qrnn_paper,paper_reset,lorenz_1000,6.0,0.001,4.0,2.0,4.0,1.0,64.0,0.0109617533162236,0.0150511497631669,0.0790735334157943,0.0968569815158844,0.8738240599632263,0.8236868977546692,25.0,1391.0,1123.45,0.0263797059655189,0.0279383547604084,0.0259456858038902
1.0,qrnn_paper,paper_reset,lorenz_1000,6.0,0.001,4.0,2.0,4.0,13.0,64.0,0.0412980206310749,0.0460160821676254,0.1615761220455169,0.1714981198310852,0.3391918540000915,0.3390671908855438,25.0,784.0,648.74,0.0447605609893798,0.0528969541192054,0.0505464524030685
1.0,qrnn_paper,paper_reset,lorenz_1000,6.0,0.001,4.0,2.0,4.0,25.0,64.0,0.0469958707690238,0.0515861362218856,0.1688566207885742,0.1806103438138961,0.1188136860728263,0.0454248152673244,25.0,432.0,362.21,0.0460407074540853,0.0526209063827991,0.0500916689634323
1.0,qrnn_paper,paper_no_reset,lorenz_1000,7.0,0.001,4.0,2.0,4.0,1.0,64.0,0.0024214312434196,0.0024991121608763,0.0361193157732486,0.036636833101511,0.9736725687980652,0.9727190136909484,25.0,2202.0,846.37,0.0100036418065428,0.01219835691154,0.010116072371602
1.0,qrnn_paper,paper_no_reset,lorenz_1000,7.0,0.001,4.0,2.0,4.0,13.0,64.0,0.0383080914616584,0.0391298048198223,0.1561291217803955,0.156108096241951,0.4196710288524627,0.479711502790451,25.0,522.0,210.38,0.041240238584578,0.0480963885784149,0.0449070818722248
1.0,qrnn_paper,paper_no_reset,lorenz_1000,7.0,0.001,4.0,2.0,4.0,25.0,64.0,0.0410323552787303,0.0423273779451847,0.1552030891180038,0.1588615626096725,0.3686893880367279,0.3529013693332672,25.0,1382.0,560.24,0.0383655868470668,0.0482047125697135,0.0490123070776462
1.0,qrnn_paper,paper_reset,lorenz_1000,7.0,0.001,4.0,2.0,4.0,1.0,64.0,0.0110307950526475,0.0150484759360551,0.0787548497319221,0.0963914990425109,0.8730084896087646,0.8236726522445679,25.0,1264.0,1062.22,0.0196976885199546,0.0227051861584186,0.0190996788442134
1.0,qrnn_paper,paper_reset,lorenz_1000,7.0,0.001,4.0,2.0,4.0,13.0,64.0,0.0413056164979934,0.0460096709430217,0.1613428443670272,0.1713429540395736,0.3386619091033935,0.3379648625850677,25.0,961.0,804.33,0.0461436536163091,0.0557418167591095,0.0482647977769374
1.0,qrnn_paper,paper_reset,lorenz_1000,7.0,0.001,4.0,2.0,4.0,25.0,64.0,0.0433327816426754,0.0527564510703086,0.1590471565723419,0.1813598722219467,0.2828645706176758,0.1263506859540939,25.0,441.0,377.42,0.0442232482135295,0.0548946671187877,0.0436957776546478
1.0,qrnn_paper,paper_no_reset,lorenz_1000,8.0,0.001,4.0,2.0,4.0,1.0,64.0,0.0023538202513009,0.0024998935405164,0.0353185944259166,0.0360958166420459,0.9744775295257568,0.972963273525238,25.0,1832.0,701.94,0.0227734799496829,0.0240527596324682,0.0197903271764516
1.0,qrnn_paper,paper_no_reset,lorenz_1000,8.0,0.001,4.0,2.0,4.0,13.0,64.0,0.027632450684905,0.0306623075157403,0.1286992877721786,0.1339057087898254,0.6489287614822388,0.6018608212471008,25.0,1888.0,709.13,0.0408729128539562,0.0472722463309764,0.0408513136208057
1.0,qrnn_paper,paper_no_reset,lorenz_1000,8.0,0.001,4.0,2.0,4.0,25.0,64.0,0.0364473834633827,0.0427330732345581,0.1468411237001419,0.1597292721271515,0.4877601861953735,0.4582744836807251,25.0,642.0,246.33,0.0646409425884485,0.0598021447658538,0.0575104616582393
1.0,qrnn_paper,paper_reset,lorenz_1000,8.0,0.001,4.0,2.0,4.0,1.0,64.0,0.0109699666500091,0.0150342537090182,0.0790620446205139,0.0966857224702835,0.8737547397613525,0.8242517709732056,25.0,1435.0,1165.89,0.0321589251980185,0.0349989533424377,0.0319734588265419
1.0,qrnn_paper,paper_reset,lorenz_1000,8.0,0.001,4.0,2.0,4.0,13.0,64.0,0.040257167071104,0.0427420772612094,0.1623447388410568,0.1661010831594467,0.3701705038547516,0.4121850430965423,25.0,899.0,743.4,0.0420975441113114,0.0481904111802578,0.0447226800024509
1.0,qrnn_paper,paper_reset,lorenz_1000,8.0,0.001,4.0,2.0,4.0,25.0,64.0,0.0458341464400291,0.0533070154488086,0.1649563014507293,0.1814983189105987,0.1868418157100677,0.0389327220618724,25.0,510.0,428.56,0.0477156072854995,0.0580537095665931,0.0508408918976783
1.0,qrnn_paper,paper_no_reset,lorenz_1000,9.0,0.001,4.0,2.0,4.0,1.0,64.0,0.0024069738574326,0.0024847486056387,0.035538163036108,0.0359999313950538,0.9737430214881896,0.9729439616203308,25.0,1899.0,731.42,0.0191823404282331,0.0230232514441013,0.0197669025510549
1.0,qrnn_paper,paper_no_reset,lorenz_1000,9.0,0.001,4.0,2.0,4.0,13.0,64.0,0.0381609387695789,0.0393945202231407,0.1523720473051071,0.1538258641958236,0.425377607345581,0.4691545069217682,25.0,930.0,362.11,0.0480572640895843,0.058486346155405,0.0569938942790031
1.0,qrnn_paper,paper_no_reset,lorenz_1000,9.0,0.001,4.0,2.0,4.0,25.0,64.0,0.0339104831218719,0.0338348150253295,0.141372799873352,0.1409032940864563,0.5398164391517639,0.5311967730522156,25.0,2177.0,878.31,0.0388301596045494,0.0514107011258602,0.046630710363388
1.0,qrnn_paper,paper_reset,lorenz_1000,9.0,0.001,4.0,2.0,4.0,1.0,64.0,0.0109728472307324,0.0150476992130279,0.0791030675172805,0.0968063995242118,0.873686671257019,0.8239837884902954,25.0,1439.0,1200.37,0.0291081311181187,0.0328546315431594,0.0289884842932224
1.0,qrnn_paper,paper_reset,lorenz_1000,9.0,0.001,4.0,2.0,4.0,13.0,64.0,0.039736084640026,0.0432735905051231,0.1599138528108596,0.1664875745773315,0.3835375905036926,0.4072241187095642,25.0,1448.0,1197.13,0.0406814703717827,0.049211673438549,0.0419033914804458
1.0,qrnn_paper,paper_reset,lorenz_1000,9.0,0.001,4.0,2.0,4.0,25.0,64.0,0.043078526854515,0.0496558621525764,0.1610271036624908,0.1770198792219162,0.2912003695964813,0.2140496224164962,25.0,426.0,361.85,0.0471033401787281,0.0512792244553566,0.0448748879134655
1.0,qrnn_paper,paper_no_reset,henon_1000,0.0,0.001,4.0,2.0,4.0,1.0,64.0,0.0033667644020169,0.0031344532035291,0.0461607314646244,0.0457516908645629,0.9788827896118164,0.9805455803871156,22.0,4110.0,1424.41,0.0400994852185249,0.0387322753667831,0.0398903638124465
1.0,qrnn_paper,paper_no_reset,henon_1000,0.0,0.001,4.0,2.0,4.0,2.0,64.0,0.033476885408163,0.0307477563619613,0.1349395513534546,0.1322202086448669,0.7644309401512146,0.7842712998390198,22.0,4588.0,1598.28,0.0896121844649315,0.086369551718235,0.0867752209305763
1.0,qrnn_paper,paper_no_reset,henon_1000,0.0,0.001,4.0,2.0,4.0,4.0,64.0,0.066875584423542,0.0635003447532653,0.2164435982704162,0.2125156670808792,0.4123996198177337,0.4517171084880829,22.0,3052.0,1078.4,0.0973259508609771,0.0936796888709068,0.1003898382186889
1.0,qrnn_paper,paper_reset,henon_1000,0.0,0.001,4.0,2.0,4.0,1.0,64.0,0.0059486599639058,0.0054169306531548,0.0492839440703392,0.0485121570527553,0.962324857711792,0.9656224846839904,22.0,2027.0,1585.15,0.019419127702713,0.0192901473492383,0.0198588110506534
1.0,qrnn_paper,paper_reset,henon_1000,0.0,0.001,4.0,2.0,4.0,2.0,64.0,0.0369395539164543,0.0358013622462749,0.1501555889844894,0.1486640274524688,0.7354311347007751,0.7429159283638,22.0,2688.0,2108.61,0.0606760632246732,0.0592443197965621,0.060574747622013
1.0,qrnn_paper,paper_reset,henon_1000,0.0,0.001,4.0,2.0,4.0,4.0,64.0,0.0701938942074775,0.0675349980592727,0.2258446663618087,0.2234266698360443,0.357605516910553,0.3921380341053009,22.0,2439.0,1933.66,0.0757937908172607,0.0735040158033371,0.0747968181967735
1.0,qrnn_paper,paper_no_reset,henon_1000,1.0,0.001,4.0,2.0,4.0,1.0,64.0,0.0051040831021964,0.0045113703235983,0.056535754352808,0.0519376397132873,0.9678292274475098,0.9715778231620787,22.0,2113.0,786.8,0.0694441720843315,0.0693212822079658,0.0693624913692474
1.0,qrnn_paper,paper_no_reset,henon_1000,1.0,0.001,4.0,2.0,4.0,2.0,64.0,0.0360937528312206,0.0327896177768707,0.1400076597929,0.1328854113817215,0.7431530356407166,0.7676083445549011,22.0,5526.0,2052.05,0.0699779104441404,0.0687572285532951,0.0680377036333084
1.0,qrnn_paper,paper_no_reset,henon_1000,1.0,0.001,4.0,2.0,4.0,4.0,64.0,0.0688187703490257,0.0678558200597763,0.2162999510765075,0.2193077802658081,0.3802023530006408,0.3865103423595428,22.0,3634.0,1346.39,0.0778443038463592,0.0762022286653518,0.0793819651007652
1.0,qrnn_paper,paper_reset,henon_1000,1.0,0.001,4.0,2.0,4.0,1.0,64.0,0.005953649058938,0.0054211528040468,0.0492190346121788,0.048443604260683,0.9622989296913148,0.96560537815094,22.0,2301.0,1914.42,0.0293950039893388,0.0276481676846742,0.0290985759347677
1.0,qrnn_paper,paper_reset,henon_1000,1.0,0.001,4.0,2.0,4.0,2.0,64.0,0.0369515269994735,0.0358044765889644,0.1500446796417236,0.1485901772975921,0.7353174686431885,0.7428627014160156,22.0,3579.0,2940.82,0.0988432012498378,0.0949215516448021,0.0958295762538909
1.0,qrnn_paper,paper_reset,henon_1000,1.0,0.001,4.0,2.0,4.0,4.0,64.0,0.0702136978507042,0.0675627216696739,0.2261753976345062,0.223724827170372,0.3573076128959656,0.3915326595306396,22.0,3354.0,2826.73,0.1052353389561176,0.1069525927305221,0.1050983965396881
1.0,qrnn_paper,paper_no_reset,henon_1000,2.0,0.001,4.0,2.0,4.0,1.0,64.0,0.0169493872672319,0.0155067313462495,0.1038940846920013,0.1003500968217849,0.8884504437446594,0.8978751301765442,22.0,2253.0,787.02,0.0690839376300573,0.0688063502311706,0.0710960924625396
1.0,qrnn_paper,paper_no_reset,henon_1000,2.0,0.001,4.0,2.0,4.0,2.0,64.0,0.0355887971818447,0.0331485420465469,0.1400477737188339,0.1350015252828598,0.7468852996826172,0.7646982669830322,22.0,3032.0,1063.05,0.0708234157413244,0.0696766600012779,0.0708661451935768
1.0,qrnn_paper,paper_no_reset,henon_1000,2.0,0.001,4.0,2.0,4.0,4.0,64.0,0.064582847058773,0.0635762587189674,0.209744781255722,0.2100971937179565,0.4444497525691986,0.4510936439037323,22.0,5454.0,1872.38,0.1017842598259449,0.0973595827817916,0.0989471152424812
1.0,qrnn_paper,paper_reset,henon_1000,2.0,0.001,4.0,2.0,4.0,1.0,64.0,0.0059527531266212,0.0054109622724354,0.049113743007183,0.0483320690691471,0.9623003005981444,0.96566241979599,22.0,2073.0,1650.71,0.0288583448156714,0.0275963209569454,0.0285405945032835
1.0,qrnn_paper,paper_reset,henon_1000,2.0,0.001,4.0,2.0,4.0,2.0,64.0,0.0369270369410514,0.0357900373637676,0.1501689702272415,0.1487668603658676,0.7355279326438904,0.7430041432380676,22.0,2830.0,2306.89,0.0683079715818166,0.0670316815376281,0.0679965317249298
1.0,qrnn_paper,paper_reset,henon_1000,2.0,0.001,4.0,2.0,4.0,4.0,64.0,0.0702183470129966,0.0675686970353126,0.2259964346885681,0.2235202640295028,0.3571207225322723,0.3916196525096893,22.0,2851.0,2309.39,0.0785473234951496,0.0767152905464172,0.078426755964756
1.0,qrnn_paper,paper_no_reset,henon_1000,3.0,0.001,4.0,2.0,4.0,1.0,64.0,0.0055168098770082,0.005283985286951,0.05994688346982,0.0592882744967937,0.965104877948761,0.9667394757270812,22.0,10191.0,3544.71,0.0289131101220846,0.0281526483595371,0.0287518613040447
1.0,qrnn_paper,paper_no_reset,henon_1000,3.0,0.001,4.0,2.0,4.0,2.0,64.0,0.034028198570013,0.0320481769740581,0.1349314153194427,0.1316167414188385,0.7598018050193787,0.7740116119384766,22.0,5687.0,2117.73,0.0492360517382621,0.0479591414332389,0.0484999753534793
1.0,qrnn_paper,paper_no_reset,henon_1000,3.0,0.001,4.0,2.0,4.0,4.0,64.0,0.0657106786966323,0.0626021698117256,0.2119334191083908,0.2102351933717727,0.4303182661533355,0.464004248380661,22.0,5472.0,2032.47,0.0825416572391986,0.0811552554368972,0.0831932872533798
1.0,qrnn_paper,paper_reset,henon_1000,3.0,0.001,4.0,2.0,4.0,1.0,64.0,0.0059511763975024,0.0054122474975883,0.049122430384159,0.0483189411461353,0.962309956550598,0.9656411409378052,22.0,2335.0,1950.43,0.0372321676462888,0.0360465347766876,0.0359140746295452
1.0,qrnn_paper,paper_reset,henon_1000,3.0,0.001,4.0,2.0,4.0,2.0,64.0,0.0369611196219921,0.0358054861426353,0.1502825021743774,0.1487982273101806,0.7352458238601685,0.7428540587425232,22.0,2386.0,2015.35,0.0587687730789184,0.0568871907889843,0.0582630597054958
1.0,qrnn_paper,paper_reset,henon_1000,3.0,0.001,4.0,2.0,4.0,4.0,64.0,0.0701924338936805,0.0675335377454757,0.2258783131837844,0.2234900891780853,0.3576670289039612,0.3921523094177246,22.0,3226.0,2685.96,0.0913982413709163,0.0906732082366943,0.090748406946659
1.0,qrnn_paper,paper_no_reset,henon_1000,4.0,0.001,4.0,2.0,4.0,1.0,64.0,0.0045902333222329,0.0043336926028132,0.0512435771524906,0.0505982749164104,0.971055030822754,0.9726257920265198,22.0,4467.0,1593.92,0.0568077094852924,0.0561328306794166,0.0559229478240013
1.0,qrnn_paper,paper_no_reset,henon_1000,4.0,0.001,4.0,2.0,4.0,2.0,64.0,0.0354523472487926,0.0328379198908805,0.1364212930202484,0.133970707654953,0.7481185793876648,0.7675788402557373,22.0,2529.0,869.52,0.0617530323565006,0.0624135732650756,0.0635697394609451
1.0,qrnn_paper,paper_no_reset,henon_1000,4.0,0.001,4.0,2.0,4.0,4.0,64.0,0.0663727149367332,0.0630693212151527,0.2132144272327423,0.2093839943408966,0.4206685423851013,0.4576285779476166,22.0,5347.0,1908.34,0.078745674341917,0.0785881876945495,0.0801961496472358
1.0,qrnn_paper,paper_reset,henon_1000,4.0,0.001,4.0,2.0,4.0,1.0,64.0,0.0059556090272963,0.0054114996455609,0.0491169355809688,0.0483408421277999,0.9622796177864076,0.9656534194946288,22.0,2437.0,1942.17,0.0723590102046728,0.0704373270273208,0.0715107470750808
1.0,qrnn_paper,paper_reset,henon_1000,4.0,0.001,4.0,2.0,4.0,2.0,64.0,0.0369412638247013,0.0357953086495399,0.1502122581005096,0.1487414538860321,0.7353968024253845,0.742928147315979,22.0,2895.0,2348.59,0.0533371031284332,0.0510955303907394,0.0528635270893573
1.0,qrnn_paper,paper_reset,henon_1000,4.0,0.001,4.0,2.0,4.0,4.0,64.0,0.0702289417386055,0.0675837770104408,0.2262750715017318,0.2237951904535293,0.3570369184017181,0.3912773132324219,22.0,3991.0,3280.25,0.0836162738502025,0.0806023925542831,0.0819159597158432
1.0,qrnn_paper,paper_no_reset,henon_1000,5.0,0.001,4.0,2.0,4.0,1.0,64.0,0.0134150786325335,0.0120160402730107,0.0836190581321716,0.0794029459357261,0.9128331542015076,0.9217767715454102,22.0,2203.0,787.33,0.0646937642246484,0.0648290142416954,0.0634942352771759
1.0,qrnn_paper,paper_no_reset,henon_1000,5.0,0.001,4.0,2.0,4.0,2.0,64.0,0.0329058803617954,0.0310801956802606,0.1311684846878051,0.1275456547737121,0.7689178586006165,0.781566321849823,22.0,1687.0,615.62,0.0718034721910953,0.0726843327283859,0.0727366954088211
1.0,qrnn_paper,paper_no_reset,henon_1000,5.0,0.001,4.0,2.0,4.0,4.0,64.0,0.0690826475620269,0.064390517771244,0.218734934926033,0.2145855128765106,0.3806213736534118,0.4390852153301239,22.0,2791.0,1064.69,0.1027455396950245,0.1014978736639022,0.1009640917181968
1.0,qrnn_paper,paper_reset,henon_1000,5.0,0.001,4.0,2.0,4.0,1.0,64.0,0.0059545687399804,0.0054131522774696,0.0491531267762184,0.0483887381851673,0.962286651134491,0.965644896030426,22.0,2046.0,1707.73,0.0272240623831748,0.0274607017636299,0.027721194550395
1.0,qrnn_paper,paper_reset,henon_1000,5.0,0.001,4.0,2.0,4.0,2.0,64.0,0.036919005215168,0.0357843227684497,0.1502095162868499,0.1487678587436676,0.735595166683197,0.7429710030555725,22.0,2603.0,2144.76,0.0763007871806621,0.0757954120635986,0.0765457525849342
1.0,qrnn_paper,paper_reset,henon_1000,5.0,0.001,4.0,2.0,4.0,4.0,64.0,0.0702055320143699,0.0675289928913116,0.2257334589958191,0.2233544737100601,0.3575548529624939,0.3921980261802673,22.0,2883.0,2403.82,0.0964411176741123,0.0957247540354728,0.0948876440525055
1.0,qrnn_paper,paper_no_reset,henon_1000,6.0,0.001,4.0,2.0,4.0,1.0,64.0,0.0096327494829893,0.0084000015631318,0.0718545168638229,0.06815817207098,0.9383044838905334,0.945909321308136,22.0,1921.0,680.85,0.034855218231678,0.0341926403343677,0.0350070968270301
1.0,qrnn_paper,paper_no_reset,henon_1000,6.0,0.001,4.0,2.0,4.0,2.0,64.0,0.0352284684777259,0.0308681651949882,0.1474932134151458,0.135936290025711,0.7499086260795593,0.7833039164543152,22.0,5415.0,1910.44,0.0654016390442848,0.0637449845671653,0.0669396072626113
1.0,qrnn_paper,paper_no_reset,henon_1000,6.0,0.001,4.0,2.0,4.0,4.0,64.0,0.0687887072563171,0.0659069642424583,0.2151196151971817,0.2149041146039962,0.384484052658081,0.4179194569587707,22.0,4062.0,1411.88,0.0737292945384979,0.0759311243891716,0.0776501074433326
1.0,qrnn_paper,paper_reset,henon_1000,6.0,0.001,4.0,2.0,4.0,1.0,64.0,0.005953982938081,0.0054251267574727,0.0492386035621166,0.0484492965042591,0.9622988104820251,0.9655975699424744,22.0,2233.0,1766.55,0.043444038555026,0.0427068211138248,0.0433402433991432
1.0,qrnn_paper,paper_reset,henon_1000,6.0,0.001,4.0,2.0,4.0,2.0,64.0,0.0369324013590812,0.0357791185379028,0.1500505059957504,0.1485753059387207,0.7354692220687866,0.7430387735366821,22.0,2781.0,2270.07,0.0631255529820919,0.0627266690135002,0.0635777935385704
1.0,qrnn_paper,paper_reset,henon_1000,6.0,0.001,4.0,2.0,4.0,4.0,64.0,0.0701931118965148,0.0675424262881279,0.2259801477193832,0.2235588431358337,0.3575321733951568,0.3919343650341034,22.0,2758.0,2205.3,0.0731341551989317,0.0734868943691253,0.0755610838532447
1.0,qrnn_paper,paper_no_reset,henon_1000,7.0,0.001,4.0,2.0,4.0,1.0,64.0,0.0126758236438035,0.0111837591975927,0.0881215184926986,0.084523044526577,0.9179468750953674,0.9273042678833008,22.0,2044.0,758.17,0.054207045212388,0.0528542697429657,0.0540979467332363
1.0,qrnn_paper,paper_no_reset,henon_1000,7.0,0.001,4.0,2.0,4.0,2.0,64.0,0.0343216322362422,0.0310618784278631,0.1343879550695419,0.128585398197174,0.7575874924659729,0.7815496921539307,22.0,2243.0,812.13,0.0675014227628707,0.0655738338828086,0.0687729716300964
1.0,qrnn_paper,paper_no_reset,henon_1000,7.0,0.001,4.0,2.0,4.0,4.0,64.0,0.0655383393168449,0.0636791810393333,0.208945482969284,0.2097064703702926,0.4319490492343902,0.4498980343341827,22.0,2364.0,869.45,0.0944458380341529,0.0884039923548698,0.0926207527518272
1.0,qrnn_paper,paper_reset,henon_1000,7.0,0.001,4.0,2.0,4.0,1.0,64.0,0.0059544052928686,0.0054189194925129,0.0492433421313762,0.0484744794666767,0.9622954726219176,0.9656341671943665,22.0,2295.0,1904.69,0.0267730696126818,0.0262293387204408,0.0267108511179685
1.0,qrnn_paper,paper_reset,henon_1000,7.0,0.001,4.0,2.0,4.0,2.0,64.0,0.0369177311658859,0.0357796996831893,0.1500855982303619,0.1486145257949829,0.7355977892875671,0.7430424094200134,22.0,2593.0,2119.22,0.0660267755389213,0.0651593804359436,0.0658609047532081
1.0,qrnn_paper,paper_reset,henon_1000,7.0,0.001,4.0,2.0,4.0,4.0,64.0,0.0703156739473342,0.0676177665591239,0.2265651226043701,0.2239339798688888,0.355938583612442,0.390411913394928,22.0,4884.0,3912.86,0.0870753690600395,0.0841309428215026,0.0844528675079345
1.0,qrnn_paper,paper_no_reset,henon_1000,8.0,0.001,4.0,2.0,4.0,1.0,64.0,0.008926291950047,0.0086596813052892,0.069929227232933,0.0692318603396415,0.9429147839546204,0.9444118142127992,22.0,1933.0,671.37,0.0311926564201712,0.0303860306739807,0.0313552096486091
1.0,qrnn_paper,paper_no_reset,henon_1000,8.0,0.001,4.0,2.0,4.0,2.0,64.0,0.0297999195754528,0.0280971638858318,0.1273884922266006,0.1234549134969711,0.7935881614685059,0.8052760362625122,22.0,1806.0,629.65,0.0721725977957248,0.0719108805060386,0.0728525295853614
1.0,qrnn_paper,paper_no_reset,henon_1000,8.0,0.001,4.0,2.0,4.0,4.0,64.0,0.0673065558075904,0.0640043318271637,0.2183364778757095,0.2165312767028808,0.4053037762641907,0.44461789727211,22.0,3386.0,1183.82,0.0762676369398832,0.0771300047636032,0.0779027491807937
1.0,qrnn_paper,paper_reset,henon_1000,8.0,0.001,4.0,2.0,4.0,1.0,64.0,0.0059522888623178,0.005418271292001,0.04921655356884,0.0484263710677623,0.9623091220855712,0.9656126499176024,22.0,2285.0,1804.29,0.026598353870213,0.0253769047558307,0.0269926246255636
1.0,qrnn_paper,paper_reset,henon_1000,8.0,0.001,4.0,2.0,4.0,2.0,64.0,0.0369211807847023,0.0357902385294437,0.1502631157636642,0.1488266736268997,0.7355703711509705,0.7429922223091125,22.0,2341.0,1893.03,0.062746450677514,0.0612789094448089,0.0624790377914905
1.0,qrnn_paper,paper_reset,henon_1000,8.0,0.001,4.0,2.0,4.0,4.0,64.0,0.0702654123306274,0.0675960928201675,0.2262134402990341,0.2236536592245102,0.3564557433128357,0.3909838497638702,22.0,4244.0,3327.41,0.0807937212288379,0.0800811052322387,0.0816534310579299
1.0,qrnn_paper,paper_no_reset,henon_1000,9.0,0.001,4.0,2.0,4.0,1.0,64.0,0.0128754926845431,0.0107836024835705,0.0825201049447059,0.0762753635644912,0.916587233543396,0.930144190788269,22.0,1574.0,565.94,0.0659922711551189,0.0644114539027214,0.0671279355883598
1.0,qrnn_paper,paper_no_reset,henon_1000,9.0,0.001,4.0,2.0,4.0,2.0,64.0,0.0363911613821983,0.0343569181859493,0.1478238403797149,0.1442174017429351,0.740260899066925,0.7546730041503906,22.0,1518.0,546.04,0.0830184146761894,0.0799593180418014,0.0816485434770584
1.0,qrnn_paper,paper_no_reset,henon_1000,9.0,0.001,4.0,2.0,4.0,4.0,64.0,0.0666468814015388,0.0621654614806175,0.2101141363382339,0.2080248594284057,0.4170278906822204,0.4697647988796234,22.0,2638.0,966.71,0.0807414945214986,0.0816099867224693,0.0846666097640991
1.0,qrnn_paper,paper_reset,henon_1000,9.0,0.001,4.0,2.0,4.0,1.0,64.0,0.0059611080214381,0.0054130051285028,0.0492232777178287,0.0484413243830204,0.9622452855110168,0.965645670890808,22.0,2473.0,2047.5,0.0409112568944692,0.0386625565588474,0.04069734364748
1.0,qrnn_paper,paper_reset,henon_1000,9.0,0.001,4.0,2.0,4.0,2.0,64.0,0.0369297862052917,0.0357850342988967,0.1501141041517257,0.1486052274703979,0.7354916334152222,0.742929995059967,22.0,2950.0,2423.71,0.0696736186742782,0.0663157254457473,0.0687828510999679
1.0,qrnn_paper,paper_reset,henon_1000,9.0,0.001,4.0,2.0,4.0,4.0,64.0,0.0702036097645759,0.0675518661737442,0.2258842140436172,0.2234372645616531,0.357327401638031,0.3919053673744201,22.0,3043.0,2501.79,0.0793991558253765,0.0762730985879898,0.0781751424074173
1.0,qrnn_paper,paper_no_reset,mackey_1000,0.0,0.001,6.0,3.0,4.0,1.0,64.0,0.0001147932489402,0.0001905573735712,0.0089570274576544,0.0104627516120672,0.9989646077156068,0.998525857925415,28.0,1274.0,611.8,0.0065238690935075,0.007709021680057,0.0050786207430064
1.0,qrnn_paper,paper_no_reset,mackey_1000,0.0,0.001,6.0,3.0,4.0,70.0,64.0,0.0358171388506889,0.0283518098294734,0.1455513834953308,0.1347444206476211,0.6086073517799377,0.7631525993347168,28.0,1951.0,865.27,0.0391769874840974,0.0335701033473014,0.0430119484663009
1.0,qrnn_paper,paper_no_reset,mackey_1000,0.0,0.001,6.0,3.0,4.0,140.0,64.0,0.0383352935314178,0.0427816212177276,0.1570320576429367,0.1663682162761688,0.5161870718002319,0.6158012747764587,28.0,940.0,411.97,0.0552998536990748,0.0627593472599983,0.0533425770699977
1.0,qrnn_paper,paper_no_reset,mackey_1000,1.0,0.001,6.0,3.0,4.0,1.0,64.0,3.409622877370566e-05,0.0001076820117305,0.0046510598622262,0.0067559271119534,0.999700129032135,0.999167501926422,28.0,1820.0,894.85,0.0074484972283244,0.0090602952986955,0.0059658857062458
1.0,qrnn_paper,paper_no_reset,mackey_1000,1.0,0.001,6.0,3.0,4.0,70.0,64.0,0.0343922860920429,0.0290056224912405,0.1430635452270507,0.1353819817304611,0.6207464933395386,0.7553927898406982,28.0,1819.0,801.12,0.0461660404172208,0.040548913180828,0.0563539415597915
1.0,qrnn_paper,paper_no_reset,mackey_1000,1.0,0.001,6.0,3.0,4.0,140.0,64.0,0.0398104786872863,0.0423398837447166,0.1577679216861724,0.1664551198482513,0.4823556840419769,0.6291949152946472,28.0,1082.0,475.77,0.0509604007885274,0.0633465126156807,0.0541890226304531
1.0,qrnn_paper,paper_no_reset,mackey_1000,2.0,0.001,6.0,3.0,4.0,1.0,64.0,6.763979763491079e-05,0.0001304930628975,0.0068584685213863,0.0081974826753139,0.9993700981140136,0.9990057349205016,28.0,2457.0,1964.54,0.0080915451049804,0.0095808962360024,0.0059865918010473
1.0,qrnn_paper,paper_no_reset,mackey_1000,2.0,0.001,6.0,3.0,4.0,70.0,64.0,0.0366777963936328,0.028233116492629,0.1465527713298797,0.1325636506080627,0.5964985489845276,0.7650267481803894,28.0,1994.0,1559.56,0.0411029052403238,0.036303199827671,0.0435991808772087
1.0,qrnn_paper,paper_no_reset,mackey_1000,2.0,0.001,6.0,3.0,4.0,140.0,64.0,0.0381489843130111,0.0432709604501724,0.1562276482582092,0.166287288069725,0.5098661780357361,0.6069825291633606,28.0,1367.0,1136.84,0.0521462748034132,0.0649233907461166,0.0528446957468986
1.0,qrnn_paper,paper_no_reset,mackey_1000,3.0,0.001,6.0,3.0,4.0,1.0,64.0,6.334595673251897e-05,0.0001840842305682,0.0063406652770936,0.0090956380590796,0.9994104504585266,0.998598575592041,28.0,986.0,482.57,0.0149150950834155,0.0225459206849336,0.0097938552498817
1.0,qrnn_paper,paper_no_reset,mackey_1000,3.0,0.001,6.0,3.0,4.0,70.0,64.0,0.034508965909481,0.0270437318831682,0.145940899848938,0.1301925182342529,0.6214622259140015,0.778761088848114,28.0,1198.0,530.26,0.0339535100178586,0.0301842764019966,0.0372424274682998
1.0,qrnn_paper,paper_no_reset,mackey_1000,3.0,0.001,6.0,3.0,4.0,140.0,64.0,0.0396437458693981,0.0422463528811931,0.1587706804275512,0.1661085337400436,0.4862275421619415,0.6202563047409058,28.0,1048.0,461.12,0.0586407176290069,0.067748948931694,0.0656330958008766
1.0,qrnn_paper,paper_no_reset,mackey_1000,4.0,0.001,6.0,3.0,4.0,1.0,64.0,1.5674277165089734e-05,3.1205880077322945e-05,0.0029866171535104,0.0038573986385017,0.9998590350151062,0.999759554862976,28.0,3627.0,3480.46,0.0037105141906067,0.0040070014074444,0.0031456316355615
1.0,qrnn_paper,paper_no_reset,mackey_1000,4.0,0.001,6.0,3.0,4.0,70.0,64.0,0.0345992594957351,0.0279127694666385,0.1441119611263275,0.1311369836330413,0.6215561628341675,0.767578125,28.0,1697.0,1614.48,0.0410468760463926,0.0354901514947414,0.0460806265473365
1.0,qrnn_paper,paper_no_reset,mackey_1000,4.0,0.001,6.0,3.0,4.0,140.0,64.0,0.0387210138142108,0.0436936132609844,0.1572767198085785,0.168491706252098,0.5043820142745972,0.6024059653282166,28.0,1596.0,708.1,0.0607805719806088,0.0689532235264778,0.0591111853718757
1.0,qrnn_paper,paper_no_reset,mackey_1000,5.0,0.001,6.0,3.0,4.0,1.0,64.0,7.418826135108247e-05,0.0001450175623176,0.0070278323255479,0.0082103591412305,0.9992883205413818,0.9988848567008972,28.0,1993.0,975.22,0.0087514921557158,0.0103975553065538,0.0070551102980971
1.0,qrnn_paper,paper_no_reset,mackey_1000,5.0,0.001,6.0,3.0,4.0,70.0,64.0,0.0356124974787235,0.0285464152693748,0.1465678960084915,0.1346156895160675,0.616553783416748,0.7625860571861267,28.0,1439.0,950.97,0.0357957916955153,0.0319930240511894,0.0367486141622066
1.0,qrnn_paper,paper_no_reset,mackey_1000,5.0,0.001,6.0,3.0,4.0,140.0,64.0,0.0371721051633358,0.0446946173906326,0.1518561989068985,0.1671637296676635,0.5303370952606201,0.5926786065101624,28.0,1198.0,1125.61,0.0574850862224896,0.0621697790920734,0.0498283728957176
1.0,qrnn_paper,paper_no_reset,mackey_1000,6.0,0.001,6.0,3.0,4.0,1.0,64.0,5.419325680122711e-05,0.0001085243056877,0.0059640016406774,0.0069622141309082,0.9995154738426208,0.9991633892059326,28.0,1299.0,1328.51,0.0108315153978765,0.0124218938872218,0.0082818903028965
1.0,qrnn_paper,paper_no_reset,mackey_1000,6.0,0.001,6.0,3.0,4.0,70.0,64.0,0.0340889357030391,0.0284119769930839,0.1414480656385421,0.1330149620771408,0.6224574446678162,0.762683093547821,28.0,2838.0,2234.56,0.0420725486344761,0.0375645458698272,0.0472637303173542
1.0,qrnn_paper,paper_no_reset,mackey_1000,6.0,0.001,6.0,3.0,4.0,140.0,64.0,0.0387037172913551,0.0444610640406608,0.1606392711400985,0.1700080782175064,0.4996608197689056,0.5892212390899658,28.0,1178.0,1112.63,0.0531275272369384,0.0628658458590507,0.0544813126325607
1.0,qrnn_paper,paper_no_reset,mackey_1000,7.0,0.001,6.0,3.0,4.0,1.0,64.0,1.8317392459721304e-05,6.978954479563981e-05,0.0034335893578827,0.0044774338603019,0.9998265504837036,0.9994623064994812,28.0,6021.0,4467.16,0.0112527628429234,0.0158782452344894,0.0084190936759114
1.0,qrnn_paper,paper_no_reset,mackey_1000,7.0,0.001,6.0,3.0,4.0,70.0,64.0,0.0346531309187412,0.0285913720726966,0.1420074552297592,0.1331591159105301,0.6155010461807251,0.76068514585495,28.0,908.0,628.69,0.0379835211982329,0.0339669361710548,0.0402138754725456
1.0,qrnn_paper,paper_no_reset,mackey_1000,7.0,0.001,6.0,3.0,4.0,140.0,64.0,0.0391794852912426,0.0422856584191322,0.1586873978376388,0.1664421260356903,0.4951100349426269,0.6224135756492615,28.0,933.0,441.95,0.0537912506196233,0.0628589019179344,0.0527436025440692
1.0,qrnn_paper,paper_no_reset,mackey_1000,8.0,0.001,6.0,3.0,4.0,1.0,64.0,2.820779809553641e-05,6.531627877848223e-05,0.0041536181233823,0.0054767681285738,0.9997367262840272,0.999495267868042,28.0,4360.0,3990.09,0.0045063633238896,0.0055707711726427,0.003612098051235
1.0,qrnn_paper,paper_no_reset,mackey_1000,8.0,0.001,6.0,3.0,4.0,70.0,64.0,0.0359006151556968,0.0281327217817306,0.1459479033946991,0.1315470486879348,0.6036262512207031,0.7658286690711975,28.0,1241.0,590.34,0.0388039853423833,0.033984251320362,0.0411837212741375
1.0,qrnn_paper,paper_no_reset,mackey_1000,8.0,0.001,6.0,3.0,4.0,140.0,64.0,0.0360996350646019,0.0446672439575195,0.1513241380453109,0.168704479932785,0.5485422015190125,0.5929840803146362,28.0,1668.0,1128.15,0.072777130951484,0.0701015144586563,0.0677793473005294
1.0,qrnn_paper,paper_no_reset,mackey_1000,9.0,0.001,6.0,3.0,4.0,1.0,64.0,4.143400292377919e-05,8.090173650998622e-05,0.0051340819336473,0.0063880681991577,0.9996257424354552,0.9993757009506226,28.0,2834.0,1396.26,0.0082200672943145,0.0091037610545754,0.0063745323568582
1.0,qrnn_paper,paper_no_reset,mackey_1000,9.0,0.001,6.0,3.0,4.0,70.0,64.0,0.034429557621479,0.0307581666857004,0.1398849636316299,0.1418539881706237,0.6120122671127319,0.7383812069892883,28.0,579.0,261.8,0.0454092485209306,0.0414457134902477,0.0541866570711135
1.0,qrnn_paper,paper_no_reset,mackey_1000,9.0,0.001,6.0,3.0,4.0,140.0,64.0,0.0384162180125713,0.0450312756001949,0.1596484929323196,0.1713649034500122,0.5019411444664001,0.5863653421401978,28.0,877.0,643.22,0.0435645947890306,0.0536443367600441,0.0456732362508773
1.0,qrnn_paper,paper_no_reset,lorenz_1000,0.0,0.001,6.0,3.0,4.0,1.0,64.0,0.0002876057405956,0.0002924541186075,0.0128349522128701,0.0129904551431536,0.9969151020050048,0.9968621730804444,36.0,2528.0,2117.83,0.0336325461044907,0.0352160185575485,0.0346041060984134
1.0,qrnn_paper,paper_no_reset,lorenz_1000,0.0,0.001,6.0,3.0,4.0,13.0,64.0,0.0258196201175451,0.0273005235940217,0.121847279369831,0.1265181005001068,0.6843698620796204,0.6500241756439209,36.0,2965.0,2534.82,0.0405074715614318,0.0508154481649398,0.0463008992373943
1.0,qrnn_paper,paper_no_reset,lorenz_1000,0.0,0.001,6.0,3.0,4.0,25.0,64.0,0.0282153226435184,0.0299253687262535,0.1287813335657119,0.1336119323968887,0.6495313048362732,0.6138136386871338,36.0,2743.0,1594.25,0.0353486787527799,0.0495890267193317,0.0445489473640918
1.0,qrnn_paper,paper_no_reset,lorenz_1000,1.0,0.001,6.0,3.0,4.0,1.0,64.0,0.0005763205117546,0.0006492012180387,0.0167045649141073,0.0177761428058147,0.9937707781791688,0.9929815530776978,36.0,1961.0,2135.68,0.0130479268729686,0.0122868753969669,0.0131083307787776
1.0,qrnn_paper,paper_no_reset,lorenz_1000,1.0,0.001,6.0,3.0,4.0,13.0,64.0,0.0293315649032592,0.0312480963766574,0.1315099149942398,0.1369761824607849,0.6234997510910034,0.580637514591217,36.0,3228.0,2857.03,0.0500454321503639,0.0595292225480079,0.0543890967965126
1.0,qrnn_paper,paper_no_reset,lorenz_1000,1.0,0.001,6.0,3.0,4.0,25.0,64.0,0.0295486152172088,0.0294543877243995,0.1287466287612915,0.1299872100353241,0.6289199590682983,0.6337398886680603,36.0,2217.0,2100.98,0.0446205500513315,0.0507735460996627,0.0396508798003196
1.0,qrnn_paper,paper_no_reset,lorenz_1000,2.0,0.001,6.0,3.0,4.0,1.0,64.0,0.0002009854651987,0.000215419800952,0.0104878507554531,0.0105065694078803,0.9978494048118592,0.997677445411682,36.0,2144.0,2524.21,0.0147738942876458,0.0152325481176376,0.013688264414668
1.0,qrnn_paper,paper_no_reset,lorenz_1000,2.0,0.001,6.0,3.0,4.0,13.0,64.0,0.0264025535434484,0.0285437535494565,0.1239185482263565,0.1289276927709579,0.6808798313140869,0.6337615847587585,36.0,3700.0,2195.23,0.0392302161082625,0.0434515476226806,0.0378974713385105
1.0,qrnn_paper,paper_no_reset,lorenz_1000,2.0,0.001,6.0,3.0,4.0,25.0,64.0,0.0324505791068077,0.0330063998699188,0.1393103301525116,0.1411264687776565,0.5702567100524902,0.5547768473625183,36.0,2294.0,2163.02,0.0430003482848405,0.0521472804248333,0.0542818196117877
1.0,qrnn_paper,paper_no_reset,lorenz_1000,3.0,0.001,6.0,3.0,4.0,1.0,64.0,0.0007410049438476,0.0008302788482978,0.0194837506860494,0.0206002462655305,0.9920516610145568,0.9910377860069276,36.0,2492.0,1417.71,0.0173336323350667,0.0198735315352678,0.0175275970250368
1.0,qrnn_paper,paper_no_reset,lorenz_1000,3.0,0.001,6.0,3.0,4.0,13.0,64.0,0.0256933439522981,0.0275021605193614,0.1237850561738014,0.1273850500583648,0.688117265701294,0.6474211812019348,36.0,2405.0,1375.98,0.0414604775607585,0.0500920116901397,0.0473958365619182
1.0,qrnn_paper,paper_no_reset,lorenz_1000,3.0,0.001,6.0,3.0,4.0,25.0,64.0,0.0291881132870912,0.0284208767116069,0.130776897072792,0.1295647919178009,0.6408389210700989,0.6432478427886963,36.0,3355.0,1896.09,0.0406876636669039,0.0485969968140125,0.0424744449555873
1.0,qrnn_paper,paper_no_reset,lorenz_1000,4.0,0.001,6.0,3.0,4.0,1.0,64.0,0.0005828341236338,0.0005863018450327,0.0179000254720449,0.0180131923407316,0.9936996698379515,0.9936599731445312,36.0,2922.0,2349.27,0.0085668645333498,0.0094910422340035,0.0086972210556268
1.0,qrnn_paper,paper_no_reset,lorenz_1000,4.0,0.001,6.0,3.0,4.0,13.0,64.0,0.0267730914056301,0.0279310457408428,0.1244096830487251,0.1272205859422683,0.6739891767501831,0.6431084275245667,36.0,2707.0,2650.79,0.0442621266469359,0.0527730137109756,0.0460590198636055
1.0,qrnn_paper,paper_no_reset,lorenz_1000,4.0,0.001,6.0,3.0,4.0,25.0,64.0,0.0280815288424491,0.029108764603734,0.1281430125236511,0.1323671042919159,0.652580201625824,0.6304659843444824,36.0,1414.0,1277.64,0.045330061763525,0.0490535981953144,0.0434347577393054
1.0,qrnn_paper,paper_no_reset,lorenz_1000,5.0,0.001,6.0,3.0,4.0,1.0,64.0,0.0010371473617851,0.001045366981998,0.0228137392550706,0.0241051223129034,0.9887911081314088,0.9888999462127686,36.0,1992.0,2213.07,0.023244173079729,0.0274085868149995,0.0236328449100255
1.0,qrnn_paper,paper_no_reset,lorenz_1000,5.0,0.001,6.0,3.0,4.0,13.0,64.0,0.030366787686944,0.0324917696416378,0.1366617977619171,0.1413256376981735,0.5976325273513794,0.5659360885620117,36.0,2082.0,2313.31,0.0404596775770187,0.0451806932687759,0.0470247380435466
1.0,qrnn_paper,paper_no_reset,lorenz_1000,5.0,0.001,6.0,3.0,4.0,25.0,64.0,0.0303729940205812,0.0316696166992187,0.1332155913114547,0.1341199278831482,0.6109365820884705,0.5826908946037292,36.0,2256.0,2136.42,0.0404013589955866,0.0504227131605148,0.046131856739521
1.0,qrnn_paper,paper_no_reset,lorenz_1000,6.0,0.001,6.0,3.0,4.0,1.0,64.0,0.0004313343961257,0.0004351327370386,0.0147811360657215,0.0148084107786417,0.9953799843788148,0.995334804058075,36.0,2597.0,2368.48,0.0173806752078235,0.0170113071799278,0.0171207301318645
1.0,qrnn_paper,paper_no_reset,lorenz_1000,6.0,0.001,6.0,3.0,4.0,13.0,64.0,0.0279406886547803,0.0288704968988895,0.1265169382095337,0.1306893527507782,0.64060378074646,0.6222339868545532,36.0,1935.0,1100.42,0.0422685902565717,0.0546177141368389,0.0461018271744251
1.0,qrnn_paper,paper_no_reset,lorenz_1000,6.0,0.001,6.0,3.0,4.0,25.0,64.0,0.0275150761008262,0.0287377331405878,0.1279101222753524,0.1324806362390518,0.6708850264549255,0.645165741443634,36.0,1731.0,1026.82,0.0463318061083555,0.0570277236402034,0.0471318773925304
1.0,qrnn_paper,paper_no_reset,lorenz_1000,7.0,0.001,6.0,3.0,4.0,1.0,64.0,0.0003041291201952,0.0002697950112633,0.0133309159427881,0.0126492828130722,0.9967384934425354,0.9971598386764526,36.0,1208.0,1342.08,0.0086463284678757,0.0097804646939039,0.0078219817951321
1.0,qrnn_paper,paper_no_reset,lorenz_1000,7.0,0.001,6.0,3.0,4.0,13.0,64.0,0.0277591682970523,0.0288068987429142,0.1307006776332855,0.1336036622524261,0.65228271484375,0.6239660978317261,36.0,1794.0,1023.5,0.0385662131011486,0.0427976846694946,0.0373897887766361
1.0,qrnn_paper,paper_no_reset,lorenz_1000,7.0,0.001,6.0,3.0,4.0,25.0,64.0,0.0298645906150341,0.0299291051924228,0.1361317634582519,0.1364943534135818,0.6192758679389954,0.6096697449684143,36.0,2328.0,2125.18,0.0470988150686025,0.0662817284464836,0.0521407127380371
,,,,,,,,,,,,,,,,,,,,,,
,,,,,,,,,,,,,,,,,,,,,,
1.0,qrnn_paper,paper_no_reset,lorenz_1000,8.0,0.001,6.0,3.0,4.0,25.0,64.0,0.0337228626012802,0.0337552167475223,0.1448558121919632,0.1441940665245056,0.5521324276924133,0.5451420545578003,36.0,3251.0,1999.94,0.0464003913104534,0.0608807280659675,0.0521588139235973
1.0,qrnn_paper,paper_no_reset,lorenz_1000,9.0,0.001,6.0,3.0,4.0,1.0,64.0,0.0003481942985672,0.0003449547803029,0.013777857646346,0.0140798706561326,0.9962731003761292,0.9962781667709352,36.0,3261.0,2076.9,0.006084389379248,0.007592471782118,0.0063683846965432
1.0,qrnn_paper,paper_no_reset,lorenz_1000,9.0,0.001,6.0,3.0,4.0,13.0,64.0,0.024743165820837,0.0261339638382196,0.1206743940711021,0.1230784282088279,0.7075842022895813,0.6766490936279297,36.0,3716.0,2085.58,0.0326581537723541,0.0395772792398929,0.0379452668130397
1.0,qrnn_paper,paper_no_reset,lorenz_1000,9.0,0.001,6.0,3.0,4.0,25.0,64.0,0.0341761484742164,0.0349171459674835,0.1437387615442276,0.1453973352909088,0.5384051203727722,0.5102993845939636,36.0,2259.0,1395.4,0.0552157375961542,0.0650997087359428,0.0552197694778442
1.0,qrnn_paper,paper_no_reset,henon_1000,0.0,0.001,6.0,3.0,4.0,1.0,64.0,0.0052807494066655,0.0048821461386978,0.0582586117088794,0.0555830784142017,0.9666359424591064,0.9691253304481506,32.0,2296.0,1265.27,0.0199338677339255,0.0207618940621614,0.0204981844872236
1.0,qrnn_paper,paper_no_reset,henon_1000,0.0,0.001,6.0,3.0,4.0,2.0,64.0,0.023828899487853,0.0215202942490577,0.118128702044487,0.1132647767663002,0.8391699194908142,0.8547724485397339,32.0,2999.0,1579.19,0.0629995323717594,0.0621087104082107,0.0631395131349563
1.0,qrnn_paper,paper_no_reset,henon_1000,0.0,0.001,6.0,3.0,4.0,4.0,64.0,0.0645306184887886,0.0609676055610179,0.2130946964025497,0.2082124054431915,0.4457890689373016,0.4855819344520569,32.0,5350.0,2983.16,0.0746244687587022,0.0734312608838081,0.074844054877758
1.0,qrnn_paper,paper_no_reset,henon_1000,1.0,0.001,6.0,3.0,4.0,1.0,64.0,0.0046365917660295,0.0046872324310243,0.0543922781944274,0.0550139918923378,0.9707629084587096,0.9705439805984496,32.0,3423.0,3024.69,0.0372449152171611,0.0389317795634269,0.0389364659786224
1.0,qrnn_paper,paper_no_reset,henon_1000,1.0,0.001,6.0,3.0,4.0,2.0,64.0,0.0260128546506166,0.0237177889794111,0.1168523654341697,0.1113555952906608,0.8228632211685181,0.8384428024291992,32.0,2978.0,2164.49,0.0750462502241134,0.0739982724189758,0.0753873214125633
1.0,qrnn_paper,paper_no_reset,henon_1000,1.0,0.001,6.0,3.0,4.0,4.0,64.0,0.0648507326841354,0.0624878592789173,0.2120323330163955,0.2088793367147445,0.4410584568977356,0.465448647737503,32.0,1988.0,2109.05,0.0741749539971351,0.0770803987979888,0.0754839554429054
1.0,qrnn_paper,paper_no_reset,henon_1000,2.0,0.001,6.0,3.0,4.0,1.0,64.0,0.0017824652604758,0.0018547542858868,0.0322185754776001,0.033935934305191,0.9888609647750854,0.988536536693573,32.0,3732.0,3793.48,0.0268376857042312,0.0267152730375528,0.0272652879357337
1.0,qrnn_paper,paper_no_reset,henon_1000,2.0,0.001,6.0,3.0,4.0,2.0,64.0,0.0210529621690511,0.0187920499593019,0.1076642721891403,0.1026632860302925,0.8593109846115112,0.8746920228004456,32.0,8495.0,6428.52,0.0829605594277382,0.0825206115841865,0.0817547887563705
1.0,qrnn_paper,paper_no_reset,henon_1000,2.0,0.001,6.0,3.0,4.0,4.0,64.0,0.0633629858493805,0.0629358664155006,0.2062735259532928,0.2084530889987945,0.4613589644432068,0.4605913162231445,32.0,2871.0,2036.01,0.0756639897823333,0.0726489648222923,0.0767004042863845
1.0,qrnn_paper,paper_no_reset,henon_1000,3.0,0.001,6.0,3.0,4.0,1.0,64.0,0.0036490196362137,0.0036401720717549,0.0467436090111732,0.0476056486368179,0.9771154522895812,0.9774223566055298,32.0,2621.0,1988.28,0.0310036769136786,0.0302743017673492,0.0309818312525749
1.0,qrnn_paper,paper_no_reset,henon_1000,3.0,0.001,6.0,3.0,4.0,2.0,64.0,0.0325577519834041,0.0295087918639183,0.1392780095338821,0.1335513591766357,0.7716398239135742,0.7942451238632202,32.0,2729.0,1485.48,0.0762725740671157,0.0755646973848342,0.0773942545056343
1.0,qrnn_paper,paper_no_reset,henon_1000,3.0,0.001,6.0,3.0,4.0,4.0,64.0,0.0664171576499939,0.0638095363974571,0.2112754583358764,0.2093903869390487,0.4183484315872192,0.447587251663208,32.0,1257.0,720.56,0.077233163267374,0.0758889764547348,0.0789106413722038
1.0,qrnn_paper,paper_no_reset,henon_1000,4.0,0.001,6.0,3.0,4.0,1.0,64.0,0.0033101080916821,0.0030622098129242,0.0446995981037616,0.0430699922144413,0.9792165160179138,0.9807034730911256,32.0,2208.0,1254.48,0.0562397208064794,0.0578430406749248,0.0567433089017868
1.0,qrnn_paper,paper_no_reset,henon_1000,4.0,0.001,6.0,3.0,4.0,2.0,64.0,0.034143928438425,0.0306610483676195,0.1446677446365356,0.1340759545564651,0.7595160007476807,0.7847564816474915,32.0,2743.0,1446.97,0.0895351529121399,0.0864726305007934,0.0875946283340454
1.0,qrnn_paper,paper_no_reset,henon_1000,4.0,0.001,6.0,3.0,4.0,4.0,64.0,0.0649011954665184,0.0595891401171684,0.210631787776947,0.2029780149459839,0.4442814290523529,0.5029820203781128,32.0,1935.0,1133.63,0.0926789358258247,0.0877570509910583,0.0944701060652732
1.0,qrnn_paper,paper_no_reset,henon_1000,5.0,0.001,6.0,3.0,4.0,1.0,64.0,0.0035857001785188,0.0035133901983499,0.0474928766489028,0.0463709197938442,0.977511703968048,0.977860987186432,32.0,3008.0,2317.14,0.0555864658206701,0.057320911437273,0.0560782700777053
1.0,qrnn_paper,paper_no_reset,henon_1000,5.0,0.001,6.0,3.0,4.0,2.0,64.0,0.0274304784834384,0.0263054315000772,0.1237085312604904,0.1227749735116958,0.812045693397522,0.8190232515335083,32.0,3507.0,3258.77,0.0480317629873752,0.0472991801798343,0.0479066632688045
1.0,qrnn_paper,paper_no_reset,henon_1000,5.0,0.001,6.0,3.0,4.0,4.0,64.0,0.0642003268003463,0.0603270679712295,0.2113043218851089,0.2075401842594146,0.452393114566803,0.4938592612743377,32.0,3888.0,2856.15,0.0678064472973346,0.0685553476214408,0.0703523606061935
1.0,qrnn_paper,paper_no_reset,henon_1000,6.0,0.001,6.0,3.0,4.0,1.0,64.0,0.0028902410995215,0.002784295938909,0.0408503711223602,0.0407962463796138,0.9819267988204956,0.9824600219726562,32.0,2410.0,2451.72,0.0538411814719438,0.0534790158271789,0.0534640327095985
1.0,qrnn_paper,paper_no_reset,henon_1000,6.0,0.001,6.0,3.0,4.0,2.0,64.0,0.0274009220302104,0.0239584594964981,0.1219782978296279,0.11601023375988,0.8123146891593933,0.8371005654335022,32.0,6367.0,5730.61,0.0500417228788137,0.0494477078318595,0.0514584146440029
1.0,qrnn_paper,paper_no_reset,henon_1000,6.0,0.001,6.0,3.0,4.0,4.0,64.0,0.0642649456858635,0.0610998533666133,0.2083627134561538,0.2051136195659637,0.4500890076160431,0.4838360846042633,32.0,1842.0,1939.76,0.0824595976620912,0.0837895050644874,0.0853572860360145
1.0,qrnn_paper,paper_no_reset,henon_1000,7.0,0.001,6.0,3.0,4.0,1.0,64.0,0.0025211134925484,0.0023536314256489,0.0377423763275146,0.0373964197933673,0.984212338924408,0.9853783845901488,32.0,6388.0,3398.76,0.0236277841031551,0.0231526102870702,0.0253768786787986
1.0,qrnn_paper,paper_no_reset,henon_1000,7.0,0.001,6.0,3.0,4.0,2.0,64.0,0.0314818434417247,0.0300080813467502,0.1316019594669342,0.1284595429897308,0.7803704142570496,0.7901436686515808,32.0,1754.0,930.81,0.0554062481969594,0.0540594533085823,0.0531329996883869
1.0,qrnn_paper,paper_no_reset,henon_1000,7.0,0.001,6.0,3.0,4.0,4.0,64.0,0.0650629252195358,0.0596194416284561,0.211682379245758,0.2037330418825149,0.4426230192184448,0.502705454826355,32.0,6219.0,3247.85,0.0790911465883255,0.0790133848786354,0.0795380696654319
1.0,qrnn_paper,paper_no_reset,henon_1000,8.0,0.001,6.0,3.0,4.0,1.0,64.0,0.0027022184804081,0.0025772703811526,0.0361652821302413,0.0352280661463737,0.983065128326416,0.9837616682052612,32.0,3212.0,3291.11,0.0447366390377283,0.0446767583489418,0.0454616993665695
1.0,qrnn_paper,paper_no_reset,henon_1000,8.0,0.001,6.0,3.0,4.0,2.0,64.0,0.0225317124277353,0.020735191181302,0.1095092222094535,0.1057608798146247,0.8485996127128601,0.8604831099510193,32.0,4362.0,2432.68,0.074456387758255,0.0740400478243827,0.0740601941943168
1.0,qrnn_paper,paper_no_reset,henon_1000,8.0,0.001,6.0,3.0,4.0,4.0,64.0,0.0647822320461273,0.058592390269041,0.2135191261768341,0.2037139534950256,0.445971131324768,0.5153564810752869,32.0,4231.0,3474.87,0.0827066056430339,0.0818067416548729,0.082108236849308
,,,,,,,,,,,,,,,,,,,,,,
,,,,,,,,,,,,,,,,,,,,,,
1.0,qrnn_paper,paper_no_reset,henon_1000,9.0,0.001,6.0,3.0,4.0,4.0,64.0,0.0628782138228416,0.0600755959749221,0.2066244035959243,0.2046756148338318,0.4688436686992645,0.496953547000885,32.0,6790.0,3623.05,0.0784228317439556,0.0784204974770546,0.0775096341967582
1.0,qrnn_paper,paper_no_reset,mackey_1000,0.0,0.001,6.0,3.0,8.0,1.0,64.0,0.0001377449516439,0.0002788231067825,0.0090979067608714,0.0121883479878306,0.998727321624756,0.9978493452072144,28.0,1777.0,2953.78,0.0056044450961053,0.0072357668541371,0.0046505304053425
1.0,qrnn_paper,paper_no_reset,mackey_1000,0.0,0.001,6.0,3.0,8.0,70.0,64.0,0.0308931153267622,0.0213223788887262,0.1388893127441406,0.1185221895575523,0.6798793077468872,0.830910861492157,28.0,1451.0,2463.17,0.0281796316719717,0.0264992602169513,0.0347583144903183
1.0,qrnn_paper,paper_no_reset,mackey_1000,0.0,0.001,6.0,3.0,8.0,140.0,64.0,0.0382030196487903,0.0333130843937397,0.1608411967754364,0.1478926986455917,0.5481030941009521,0.7158780097961426,28.0,3525.0,5287.91,0.046348278876394,0.0497283600270748,0.0451421290636062
1.0,qrnn_paper,paper_no_reset,mackey_1000,0.0,0.001,6.0,3.0,16.0,1.0,64.0,0.0014407563721761,0.0014066002331674,0.0309349820017814,0.0305322762578725,0.9863288402557372,0.98918616771698,28.0,1691.0,5841.6,0.0091506579890847,0.0113086942583322,0.005256297532469
1.0,qrnn_paper,paper_no_reset,mackey_1000,0.0,0.001,6.0,3.0,16.0,70.0,64.0,0.0174933075904846,0.011529934592545,0.1018590331077575,0.0898980498313903,0.8383634090423584,0.9091407060623168,28.0,2624.0,9022.27,0.0247770661695135,0.0258425287902355,0.030193218961358
1.0,qrnn_paper,paper_no_reset,mackey_1000,0.0,0.001,6.0,3.0,16.0,140.0,64.0,0.0364439934492111,0.0220492724329233,0.1573613137006759,0.1163187623023986,0.6058946847915649,0.8212947845458984,28.0,3019.0,9171.61,0.0351236111018806,0.0361952893435955,0.0330351442098617
1.0,qrnn_paper,paper_no_reset,mackey_1000,1.0,0.001,6.0,3.0,8.0,1.0,64.0,5.1225622883066535e-05,9.396690438734367e-05,0.0053812810219824,0.0068074031732976,0.9995400309562684,0.9992762207984924,28.0,3575.0,5200.41,0.0020336542394943,0.0021732025779783,0.0019462159834802
1.0,qrnn_paper,paper_no_reset,mackey_1000,1.0,0.001,6.0,3.0,8.0,70.0,64.0,0.0273801516741514,0.0217661373317241,0.1291429251432418,0.1185783296823501,0.7151344418525696,0.8224626779556274,28.0,1820.0,3245.0,0.0287722802410523,0.0260672364383935,0.0342914797365665
1.0,qrnn_paper,paper_no_reset,mackey_1000,1.0,0.001,6.0,3.0,8.0,140.0,64.0,0.0412148050963878,0.0311947409063577,0.1644518673419952,0.1417234539985656,0.4987809360027313,0.7323083877563477,28.0,2637.0,4083.7,0.0514747519046068,0.0527823008596897,0.0509662479162216
1.0,qrnn_paper,paper_no_reset,mackey_1000,1.0,0.001,6.0,3.0,16.0,1.0,64.0,0.0008249952807091,0.0011479891836643,0.0221035666763782,0.0243268273770809,0.9922139644622804,0.9911422729492188,28.0,1603.0,5332.83,0.0224440269172191,0.0252510011196136,0.0188308954238891
1.0,qrnn_paper,paper_no_reset,mackey_1000,1.0,0.001,6.0,3.0,16.0,70.0,64.0,0.0140969874337315,0.0131641970947384,0.0900985449552536,0.0929054319858551,0.8666179776191711,0.8952023386955261,28.0,2324.0,6998.31,0.0242882830401261,0.0245281103998422,0.0306093078106641
1.0,qrnn_paper,paper_no_reset,mackey_1000,1.0,0.001,6.0,3.0,16.0,140.0,64.0,0.0341199673712253,0.0224700346589088,0.1453854590654373,0.1203661113977432,0.6319286823272705,0.8346124291419983,28.0,1777.0,5707.45,0.0329157204832881,0.035872396081686,0.0325431227684021
1.0,qrnn_paper,paper_no_reset,mackey_1000,2.0,0.001,6.0,3.0,8.0,1.0,64.0,4.886931856162846e-05,0.0001432052085874,0.0055943001061677,0.0072466460987925,0.9995331764221193,0.998901069164276,28.0,6311.0,6756.58,0.0252061171457171,0.0308941919356584,0.0185782685875892
1.0,qrnn_paper,paper_no_reset,mackey_1000,2.0,0.001,6.0,3.0,8.0,70.0,64.0,0.034639548510313,0.0231318324804306,0.1409022808074951,0.1195784211158752,0.6275767683982849,0.8121843934059143,28.0,403.0,713.59,0.0269918284482426,0.0235024224966764,0.0348990596830844
1.0,qrnn_paper,paper_no_reset,mackey_1000,2.0,0.001,6.0,3.0,8.0,140.0,64.0,0.0382586568593978,0.0356701649725437,0.1592177301645279,0.1521077752113342,0.5302490592002869,0.6843814253807068,28.0,1195.0,1903.02,0.0501806340180337,0.0524615347385406,0.0521698221564292
1.0,qrnn_paper,paper_no_reset,mackey_1000,2.0,0.001,6.0,3.0,16.0,1.0,64.0,5.761772263213061e-05,0.0002253070560982,0.00621890835464,0.0095552578568458,0.9995368719100952,0.9982628226280212,28.0,1957.0,5026.91,0.0169634948484599,0.0230972804129123,0.0121967429295182
1.0,qrnn_paper,paper_no_reset,mackey_1000,2.0,0.001,6.0,3.0,16.0,70.0,64.0,0.0164213813841342,0.0114049836993217,0.1025232598185539,0.0900372341275215,0.854345440864563,0.9171093702316284,28.0,1732.0,5951.51,0.0271485880431201,0.0253815241158008,0.0361697971820831
1.0,qrnn_paper,paper_no_reset,mackey_1000,2.0,0.001,6.0,3.0,16.0,140.0,64.0,0.0363196469843387,0.0230567455291748,0.150692269206047,0.1222034394741058,0.6117851734161377,0.8219279646873474,28.0,1871.0,5835.13,0.0440913457423448,0.0412619225680828,0.0539101585745811
1.0,qrnn_paper,paper_no_reset,mackey_1000,3.0,0.001,6.0,3.0,8.0,1.0,64.0,0.0001713857200229,0.0002537585969548,0.0106706162914633,0.0117650758475065,0.9984198808670044,0.9980545043945312,28.0,1248.0,2407.02,0.0024828757159411,0.0036263724323362,0.0016538846539333
1.0,qrnn_paper,paper_no_reset,mackey_1000,3.0,0.001,6.0,3.0,8.0,70.0,64.0,0.029435858130455,0.0226576086133718,0.1359115839004516,0.1251362860202789,0.7030335068702698,0.8152973055839539,28.0,2788.0,3771.37,0.0390539957831303,0.0388484112918376,0.044120829552412
1.0,qrnn_paper,paper_no_reset,mackey_1000,3.0,0.001,6.0,3.0,8.0,140.0,64.0,0.0364317297935485,0.0325851291418075,0.1578195542097091,0.1460902094841003,0.5594705939292908,0.7267864346504211,28.0,2690.0,3187.04,0.0496654966846108,0.0520579554140567,0.0439119711518287
1.0,qrnn_paper,paper_no_reset,mackey_1000,3.0,0.001,6.0,3.0,16.0,1.0,64.0,0.0006692261085845,0.002495989203453,0.0206025317311286,0.0336048491299152,0.9934881329536438,0.9805967211723328,28.0,472.0,1915.1,0.0015995947294868,0.0027275530155748,0.0015465880278497
1.0,qrnn_paper,paper_no_reset,mackey_1000,3.0,0.001,6.0,3.0,16.0,70.0,64.0,0.0141926817595958,0.011058036237955,0.0959405750036239,0.0869119688868522,0.8673421740531921,0.9129106402397156,28.0,2491.0,7886.58,0.0234127769039736,0.0253703165799379,0.0249222479760646
1.0,qrnn_paper,paper_no_reset,mackey_1000,3.0,0.001,6.0,3.0,16.0,140.0,64.0,0.0385610125958919,0.0218294616788625,0.1571254432201385,0.1203632727265358,0.5848293304443359,0.8236092925071716,28.0,2267.0,7068.37,0.0518582966178655,0.0453296229243278,0.0688055902719497
1.0,qrnn_paper,paper_no_reset,mackey_1000,4.0,0.001,6.0,3.0,8.0,1.0,64.0,5.983971641398966e-05,9.045600017998368e-05,0.0058857016265392,0.0071773142553865,0.9995463490486144,0.9993066787719728,28.0,1801.0,3026.53,0.0043231336632743,0.0062664877623319,0.003115348983556
1.0,qrnn_paper,paper_no_reset,mackey_1000,4.0,0.001,6.0,3.0,8.0,70.0,64.0,0.0345707423985004,0.0243055168539285,0.1444862633943557,0.1246753856539726,0.6321014761924744,0.8015051484107971,28.0,1359.0,2436.09,0.0319056092864937,0.0310701876878738,0.0369619317352771
1.0,qrnn_paper,paper_no_reset,mackey_1000,4.0,0.001,6.0,3.0,8.0,140.0,64.0,0.0362985469400882,0.0294398665428161,0.1539851427078247,0.1390265077352523,0.5700228214263916,0.761168360710144,28.0,3476.0,5474.71,0.0540252798236906,0.0533375516533851,0.0591922663152217
1.0,qrnn_paper,paper_no_reset,mackey_1000,4.0,0.001,6.0,3.0,16.0,1.0,64.0,0.0004195356741547,0.0013350358931347,0.0160969365388155,0.0221342239528894,0.9961350560188292,0.9897242784500122,28.0,1504.0,5690.77,0.0049363299040123,0.0071329548954963,0.0037822241429239
1.0,qrnn_paper,paper_no_reset,mackey_1000,4.0,0.001,6.0,3.0,16.0,70.0,64.0,0.0272420868277549,0.0168814975768327,0.1332409977912902,0.1069405376911163,0.7469531893730164,0.866582989692688,28.0,2605.0,6914.48,0.0396825261414051,0.0447647534310817,0.0462259911000728
1.0,qrnn_paper,paper_no_reset,mackey_1000,4.0,0.001,6.0,3.0,16.0,140.0,64.0,0.0393749177455902,0.0222053881734609,0.162866473197937,0.1158423349261283,0.5588465929031372,0.825188398361206,28.0,1409.0,4486.67,0.0378957386128604,0.0327648594975471,0.0520085766911506
1.0,qrnn_paper,paper_no_reset,mackey_1000,5.0,0.001,6.0,3.0,8.0,1.0,64.0,0.0002920030674431,0.0004753533285111,0.0138695463538169,0.0151096861809492,0.9972087740898132,0.9963387846946716,28.0,1438.0,2645.06,0.0018091802834533,0.0028429497033357,0.001388345262967
1.0,qrnn_paper,paper_no_reset,mackey_1000,5.0,0.001,6.0,3.0,8.0,70.0,64.0,0.0340458787977695,0.0235347095876932,0.1483464241027832,0.126680850982666,0.6370645761489868,0.8101507425308228,28.0,1351.0,2420.7,0.0275467702498038,0.0255087167024612,0.0342980213463306
1.0,qrnn_paper,paper_no_reset,mackey_1000,5.0,0.001,6.0,3.0,8.0,140.0,64.0,0.0380537696182727,0.0359949581325054,0.1600410789251327,0.1562460511922836,0.5275352001190186,0.681862473487854,28.0,2636.0,4160.35,0.0458761150948703,0.0484397262334823,0.0409954600036144
1.0,qrnn_paper,paper_no_reset,mackey_1000,5.0,0.001,6.0,3.0,16.0,1.0,64.0,0.000195764892851,0.0004520746879279,0.0113850319758057,0.0139907533302903,0.9981009364128112,0.996559739112854,28.0,1340.0,4778.8,0.0053685389459133,0.0071692438796162,0.0028677128721028
1.0,qrnn_paper,paper_no_reset,mackey_1000,5.0,0.001,6.0,3.0,16.0,70.0,64.0,0.0197774693369865,0.0148364100605249,0.1090934425592422,0.0998116135597229,0.8118500113487244,0.8827710151672363,28.0,1682.0,5870.64,0.0331379421469238,0.0345462374389171,0.0352736636996269
1.0,qrnn_paper,paper_no_reset,mackey_1000,5.0,0.001,6.0,3.0,16.0,140.0,64.0,0.0337763503193855,0.0245442725718021,0.1457595974206924,0.1222612410783767,0.6216819286346436,0.7991902232170105,28.0,2626.0,7203.38,0.0400046026334166,0.0434223040938377,0.032046478241682
1.0,qrnn_paper,paper_no_reset,mackey_1000,6.0,0.001,6.0,3.0,8.0,1.0,64.0,0.0001271721266675,0.0002354778989683,0.009190471842885,0.0115826157853007,0.9987584948539734,0.9981960654258728,28.0,1893.0,3356.95,0.0045128305908292,0.0076670157723128,0.0023104427382349
1.0,qrnn_paper,paper_no_reset,mackey_1000,6.0,0.001,6.0,3.0,8.0,70.0,64.0,0.0274267252534627,0.0221691392362117,0.1250717937946319,0.1184906214475631,0.7067952156066895,0.8247737288475037,28.0,1731.0,2999.22,0.0288896275063355,0.0289238113909959,0.0325836464762687
1.0,qrnn_paper,paper_no_reset,mackey_1000,6.0,0.001,6.0,3.0,8.0,140.0,64.0,0.0385807193815708,0.029644938185811,0.1592633724212646,0.137101411819458,0.5491305589675903,0.7517364621162415,28.0,2489.0,3944.43,0.0500249518081545,0.0519170090556144,0.0493927672505378
1.0,qrnn_paper,paper_no_reset,mackey_1000,6.0,0.001,6.0,3.0,16.0,1.0,64.0,0.0001921674993354,0.0004356736317276,0.0109487362205982,0.0142770698294043,0.998264491558075,0.9966490268707277,28.0,4022.0,9868.11,0.0121851271018385,0.0194583572447299,0.0067828828468918
1.0,qrnn_paper,paper_no_reset,mackey_1000,6.0,0.001,6.0,3.0,16.0,70.0,64.0,0.0157808326184749,0.0102482391521334,0.0910985469818115,0.081031322479248,0.8684477806091309,0.918816864490509,28.0,2021.0,6281.41,0.020395112534364,0.0236076638102531,0.0264362432062625
1.0,qrnn_paper,paper_no_reset,mackey_1000,6.0,0.001,6.0,3.0,16.0,140.0,64.0,0.0324768461287021,0.0245462227612733,0.1419308930635452,0.1253385096788406,0.6400824189186096,0.8180427551269531,28.0,1723.0,5406.99,0.0443607196211814,0.04386493191123,0.0427373237907886
1.0,qrnn_paper,paper_no_reset,mackey_1000,7.0,0.001,6.0,3.0,8.0,1.0,64.0,7.153200567699969e-05,0.0001972853788174,0.0065254615619778,0.008754389360547,0.9993406534194946,0.9984799027442932,28.0,2526.0,3157.78,0.0020025595556944,0.002251174300909,0.0017192837549373
1.0,qrnn_paper,paper_no_reset,mackey_1000,7.0,0.001,6.0,3.0,8.0,70.0,64.0,0.0325210765004158,0.0240536592900753,0.143519714474678,0.1264259964227676,0.6545518040657043,0.8035712242126465,28.0,495.0,868.86,0.0283619362033075,0.024871377274394,0.0351896062493324
1.0,qrnn_paper,paper_no_reset,mackey_1000,7.0,0.001,6.0,3.0,8.0,140.0,64.0,0.0384786799550056,0.0378909632563591,0.1611893326044082,0.1612989753484726,0.518572986125946,0.6621402502059937,28.0,999.0,864.17,0.0413297628983855,0.0416518114507198,0.036666914820671
1.0,qrnn_paper,paper_no_reset,mackey_1000,7.0,0.001,6.0,3.0,16.0,1.0,64.0,0.0005728835240006,0.0009418838890269,0.0194320194423198,0.0237995013594627,0.9946241974830629,0.9927751421928406,28.0,1438.0,3024.1,0.00642792256549,0.0100608468055725,0.0043817730620503
1.0,qrnn_paper,paper_no_reset,mackey_1000,7.0,0.001,6.0,3.0,16.0,70.0,64.0,0.0125439306721091,0.0088480738922953,0.0859496220946312,0.0763206854462623,0.8935899138450623,0.9327943921089172,28.0,1325.0,2610.44,0.0213863679932223,0.0194750931113958,0.0315415747463703
1.0,qrnn_paper,paper_no_reset,mackey_1000,7.0,0.001,6.0,3.0,16.0,140.0,64.0,0.0370299480855464,0.0207568444311618,0.1517393290996551,0.1186190024018287,0.5998331308364868,0.8411291837692261,28.0,2117.0,3710.89,0.0356398834846913,0.0340264551341533,0.0409413389861583
1.0,qrnn_paper,paper_no_reset,mackey_1000,8.0,0.001,6.0,3.0,8.0,1.0,64.0,0.0001222985156346,0.0003565959923435,0.0088713848963379,0.0123716639354825,0.998929798603058,0.9973390102386476,28.0,2202.0,2263.31,0.007513249432668,0.0085459714755415,0.0062414854764938
1.0,qrnn_paper,paper_no_reset,mackey_1000,8.0,0.001,6.0,3.0,8.0,70.0,64.0,0.0324714593589305,0.0237402655184268,0.1430670171976089,0.1264483034610748,0.6538254022598267,0.8074266314506531,28.0,1690.0,1599.11,0.032651538029313,0.0286243017762899,0.0377879701554775
1.0,qrnn_paper,paper_no_reset,mackey_1000,8.0,0.001,6.0,3.0,8.0,140.0,64.0,0.0398534014821052,0.0307493042200803,0.1611790060997009,0.1396383643150329,0.5325572490692139,0.7422068119049072,28.0,2576.0,2154.04,0.0487071638926863,0.0497640706598758,0.0479795560240745
1.0,qrnn_paper,paper_no_reset,mackey_1000,8.0,0.001,6.0,3.0,16.0,1.0,64.0,0.000200958471396,0.000361075362889,0.0107270535081624,0.0128421178087592,0.9981699585914612,0.9972500801086426,28.0,1405.0,2994.45,0.0045524403685703,0.0057442998513579,0.0037425442133098
1.0,qrnn_paper,paper_no_reset,mackey_1000,8.0,0.001,6.0,3.0,16.0,70.0,64.0,0.0131815578788518,0.0102202799171209,0.0851887539029121,0.0805635228753089,0.883974552154541,0.9196369051933287,28.0,2950.0,8581.11,0.0353097292698091,0.0342813432216644,0.0456457175314426
1.0,qrnn_paper,paper_no_reset,mackey_1000,8.0,0.001,6.0,3.0,16.0,140.0,64.0,0.0381905436515808,0.0245903898030519,0.1565366387367248,0.1264699548482895,0.573723554611206,0.8026641607284546,28.0,2270.0,6970.38,0.0385402524843812,0.0364543795585632,0.0485342368483543
1.0,qrnn_paper,paper_no_reset,mackey_1000,9.0,0.001,6.0,3.0,8.0,1.0,64.0,5.245682405075058e-05,8.115046512102708e-05,0.0055367304012179,0.0065659242682158,0.9995037317276,0.9993769526481628,28.0,2832.0,3971.54,0.01103798719123,0.0134337851777672,0.0083738593384623
1.0,qrnn_paper,paper_no_reset,mackey_1000,9.0,0.001,6.0,3.0,8.0,70.0,64.0,0.0288126785308122,0.0213791169226169,0.1317007392644882,0.1205330863595008,0.6989726424217224,0.8268293738365173,28.0,1424.0,2459.01,0.0286904370619191,0.0274600200355052,0.032909121364355
1.0,qrnn_paper,paper_no_reset,mackey_1000,9.0,0.001,6.0,3.0,8.0,140.0,64.0,0.0384180285036563,0.0358692891895771,0.1610101908445358,0.1567212790250778,0.5193127989768982,0.6890548467636108,28.0,1340.0,2101.64,0.0490207076072692,0.0520499721169471,0.0460904240608215
1.0,qrnn_paper,paper_no_reset,mackey_1000,9.0,0.001,6.0,3.0,16.0,1.0,64.0,0.0001926461263792,0.0005999739514663,0.0105590764433145,0.0161231458187103,0.9985594749450684,0.9954075217247008,28.0,2738.0,6637.2,0.0168616162845864,0.0302411802113056,0.010046899318695
1.0,qrnn_paper,paper_no_reset,mackey_1000,9.0,0.001,6.0,3.0,16.0,70.0,64.0,0.0216463319957256,0.0140170650556683,0.1128227338194847,0.0954424142837524,0.8010226488113403,0.891872763633728,28.0,3600.0,8666.41,0.0300502416988213,0.0248377881944179,0.0389468520879745
1.0,qrnn_paper,paper_no_reset,mackey_1000,9.0,0.001,6.0,3.0,16.0,140.0,64.0,0.0367521792650222,0.0253005996346473,0.1578133553266525,0.128710001707077,0.6061211228370667,0.7981498837471008,28.0,1382.0,4410.16,0.0686932713724672,0.0660822242498397,0.0785373747348785
1.0,qrnn_paper,paper_no_reset,lorenz_1000,0.0,0.001,6.0,3.0,8.0,1.0,64.0,0.0024582874029874,0.0028081675991415,0.0387643128633499,0.0403784587979316,0.9733738303184508,0.9697600603103638,36.0,1307.0,2633.51,0.0307916663587093,0.0373583957552909,0.0319081954658031
1.0,qrnn_paper,paper_no_reset,lorenz_1000,0.0,0.001,6.0,3.0,8.0,13.0,64.0,0.0294799096882343,0.0297014657407999,0.1318211704492569,0.1333034485578537,0.6187083125114441,0.6116050481796265,36.0,1001.0,2251.48,0.0456049520522356,0.053948163986206,0.0471088476479053
1.0,qrnn_paper,paper_no_reset,lorenz_1000,0.0,0.001,6.0,3.0,8.0,25.0,64.0,0.0280950330197811,0.0289127565920352,0.1286590248346328,0.130737155675888,0.6419284343719482,0.6219804883003235,36.0,3034.0,5631.25,0.0403711566701531,0.0451853461563587,0.0375689230859279
1.0,qrnn_paper,paper_no_reset,lorenz_1000,0.0,0.001,6.0,3.0,16.0,1.0,64.0,0.0064849024638533,0.0077662984840571,0.0625260919332504,0.06730218231678,0.9285854697227478,0.9163495898246764,36.0,995.0,4465.57,0.0245296315290033,0.0276856496930122,0.0220284983515739
1.0,qrnn_paper,paper_no_reset,lorenz_1000,0.0,0.001,6.0,3.0,16.0,13.0,64.0,0.0337722785770893,0.0336360894143581,0.1406504809856414,0.1415912508964538,0.5401465892791748,0.5336039662361145,36.0,905.0,3328.14,0.0388978591188788,0.0550416260957717,0.0493093468248844
1.0,qrnn_paper,paper_no_reset,lorenz_1000,0.0,0.001,6.0,3.0,16.0,25.0,64.0,0.0357946567237377,0.0340236313641071,0.1462274193763733,0.1397453695535659,0.4992893636226654,0.5140554308891296,36.0,560.0,2343.62,0.0385918248858716,0.044354535639286,0.0459995083510875
1.0,qrnn_paper,paper_no_reset,lorenz_1000,1.0,0.001,6.0,3.0,8.0,1.0,64.0,0.0014300851617008,0.0015263647073879,0.0298582427203655,0.0308254417032003,0.9844706654548644,0.9835525155067444,36.0,2406.0,4437.17,0.0226360113359987,0.022906806319952,0.0216658264398574
1.0,qrnn_paper,paper_no_reset,lorenz_1000,1.0,0.001,6.0,3.0,8.0,13.0,64.0,0.0208905581384897,0.0206470396369695,0.1070491448044776,0.1051182597875595,0.7656405568122864,0.7635177969932556,36.0,1467.0,3358.09,0.0312886452302336,0.0362850502133369,0.0354917906224727
1.0,qrnn_paper,paper_no_reset,lorenz_1000,1.0,0.001,6.0,3.0,8.0,25.0,64.0,0.0285871569067239,0.0288496725261211,0.1315670013427734,0.1315214484930038,0.6469374299049377,0.6313045024871826,36.0,1880.0,4066.85,0.036793040856719,0.0552177019417285,0.0505897291004657
1.0,qrnn_paper,paper_no_reset,lorenz_1000,1.0,0.001,6.0,3.0,16.0,1.0,64.0,0.0034374815877527,0.0032172603532671,0.0460003986954689,0.0443327911198139,0.9623633623123168,0.9658972024917604,36.0,2148.0,6906.43,0.027156202122569,0.0261799301952123,0.0263113621622324
1.0,qrnn_paper,paper_no_reset,lorenz_1000,1.0,0.001,6.0,3.0,16.0,13.0,64.0,0.031737744808197,0.030859662219882,0.1412196159362793,0.1382920891046524,0.5835970640182495,0.6004317402839661,36.0,555.0,2548.78,0.0337709914892911,0.0471631586551666,0.0433795154094696
1.0,qrnn_paper,paper_no_reset,lorenz_1000,1.0,0.001,6.0,3.0,16.0,25.0,64.0,0.0323055982589721,0.0322640538215637,0.1391550898551941,0.1370820105075836,0.5794075131416321,0.5474643707275391,36.0,754.0,2875.45,0.0342346009694867,0.0450898669660091,0.0422831028699874
1.0,qrnn_paper,paper_no_reset,lorenz_1000,2.0,0.001,6.0,3.0,8.0,1.0,64.0,0.0013833757257089,0.0013617157237604,0.0278429072350263,0.0278226044028997,0.9851208329200744,0.9852964878082277,36.0,2563.0,4743.74,0.0200431970879435,0.0216344371438026,0.0202286429703235
1.0,qrnn_paper,paper_no_reset,lorenz_1000,2.0,0.001,6.0,3.0,8.0,13.0,64.0,0.0255943816155195,0.0268464908003807,0.1201982945203781,0.1239282488822937,0.693829357624054,0.6716225147247314,36.0,1657.0,3679.45,0.0378137983381748,0.0461437739431858,0.0412258468568325
1.0,qrnn_paper,paper_no_reset,lorenz_1000,2.0,0.001,6.0,3.0,8.0,25.0,64.0,0.0345983654260635,0.0324482470750808,0.148552656173706,0.1438256353139877,0.532609760761261,0.5728954076766968,36.0,1000.0,2227.01,0.0396366849541664,0.0447661466896534,0.0420270785689353
1.0,qrnn_paper,paper_no_reset,lorenz_1000,2.0,0.001,6.0,3.0,16.0,1.0,64.0,0.0039855116046965,0.0038571683689951,0.0497721247375011,0.0483992621302604,0.9564085602760316,0.958744466304779,36.0,1717.0,5338.13,0.0378077393397688,0.0503744445741176,0.0417827777564525
1.0,qrnn_paper,paper_no_reset,lorenz_1000,2.0,0.001,6.0,3.0,16.0,13.0,64.0,0.030938658863306,0.0325804501771926,0.1321469843387603,0.1369420439004898,0.6050790548324585,0.5545856952667236,36.0,1278.0,5724.27,0.0674667876213789,0.0925981849431991,0.0749991536140441
1.0,qrnn_paper,paper_no_reset,lorenz_1000,2.0,0.001,6.0,3.0,16.0,25.0,64.0,0.0277835521847009,0.0270879082381725,0.1304442882537841,0.1293693333864212,0.6517157554626465,0.6428132057189941,36.0,4463.0,12196.56,0.0584122066696484,0.0765570998191833,0.0693065151572227
1.0,qrnn_paper,paper_no_reset,lorenz_1000,3.0,0.001,6.0,3.0,8.0,1.0,64.0,0.0028639084193855,0.0026654594112187,0.0406288132071495,0.0388859510421752,0.9689162373542786,0.971056580543518,36.0,1593.0,3107.04,0.0181292450986802,0.0183922592550516,0.0170553270727396
1.0,qrnn_paper,paper_no_reset,lorenz_1000,3.0,0.001,6.0,3.0,8.0,13.0,64.0,0.0265071727335453,0.0274916887283325,0.1237675175070762,0.1272390782833099,0.6742129921913147,0.6497991681098938,36.0,1103.0,2512.75,0.0395580988377332,0.0498915687203407,0.0422469824552536
1.0,qrnn_paper,paper_no_reset,lorenz_1000,3.0,0.001,6.0,3.0,8.0,25.0,64.0,0.0295527055859565,0.0304937548935413,0.1310172528028488,0.1345566213130951,0.6261562705039978,0.5957685112953186,36.0,1551.0,3429.38,0.0406899193301796,0.0532793663442134,0.0445643402636051
1.0,qrnn_paper,paper_no_reset,lorenz_1000,3.0,0.001,6.0,3.0,16.0,1.0,64.0,0.0037294386420398,0.0031886221840977,0.0468744002282619,0.0434975288808345,0.9591526389122008,0.9655011296272278,36.0,1029.0,4074.06,0.0306945018470287,0.0286461170762777,0.0293756183236837
1.0,qrnn_paper,paper_no_reset,lorenz_1000,3.0,0.001,6.0,3.0,16.0,13.0,64.0,0.035475879907608,0.0351126715540885,0.1385258287191391,0.1372987926006317,0.5068175792694092,0.5077024698257446,36.0,1074.0,3996.43,0.0325436361134052,0.0427724011242389,0.0413337163627147
1.0,qrnn_paper,paper_no_reset,lorenz_1000,3.0,0.001,6.0,3.0,16.0,25.0,64.0,0.0347216762602329,0.0334542132914066,0.1472869515419006,0.1415750533342361,0.5320748090744019,0.5346702933311462,36.0,706.0,2932.26,0.0406544568638006,0.0443524941802024,0.0406755656003952
1.0,qrnn_paper,paper_no_reset,lorenz_1000,4.0,0.001,6.0,3.0,8.0,1.0,64.0,0.0025036626029759,0.0029903235845267,0.0388178080320358,0.0425083525478839,0.972732961177826,0.96803081035614,36.0,1093.0,2463.64,0.0234196428209543,0.0332175977528095,0.0238630231469869
1.0,qrnn_paper,paper_no_reset,lorenz_1000,4.0,0.001,6.0,3.0,8.0,13.0,64.0,0.0236456524580717,0.0255345981568098,0.1131018698215484,0.117361806333065,0.7261862754821777,0.6820147037506104,36.0,1719.0,3232.23,0.0363536898046732,0.0427173823118209,0.0411871634423732
1.0,qrnn_paper,paper_no_reset,lorenz_1000,4.0,0.001,6.0,3.0,8.0,25.0,64.0,0.0321809388697147,0.0299195889383554,0.1376465559005737,0.1319692134857177,0.5749768614768982,0.6050671339035034,36.0,1145.0,2554.18,0.0394599443301558,0.0477501861751079,0.0414249747991561
1.0,qrnn_paper,paper_no_reset,lorenz_1000,4.0,0.001,6.0,3.0,16.0,1.0,64.0,0.0070267594419419,0.0066096205264329,0.0649148076772689,0.063494361937046,0.923394501209259,0.9269766807556152,36.0,837.0,3272.31,0.0192804854363203,0.0232379641383886,0.0180386807769536
1.0,qrnn_paper,paper_no_reset,lorenz_1000,4.0,0.001,6.0,3.0,16.0,13.0,64.0,0.0280268900096416,0.0278202034533023,0.128831684589386,0.1266684234142303,0.6438372135162354,0.6475874185562134,36.0,2991.0,11639.44,0.0351524928584694,0.0443378053605556,0.0435317531228065
1.0,qrnn_paper,paper_no_reset,lorenz_1000,4.0,0.001,6.0,3.0,16.0,25.0,64.0,0.0320035889744758,0.0297047495841979,0.1384396702051162,0.1306914240121841,0.5892578959465027,0.5983512997627258,36.0,2617.0,10346.42,0.0496374273465739,0.0447585061192512,0.046223759651184
1.0,qrnn_paper,paper_no_reset,lorenz_1000,5.0,0.001,6.0,3.0,8.0,1.0,64.0,0.0031019563321024,0.0026188436895608,0.0410186909139156,0.0375468283891677,0.9674830436706544,0.9717445373535156,36.0,1298.0,2759.14,0.0242509851232171,0.0255617946386337,0.0246516559273004
1.0,qrnn_paper,paper_no_reset,lorenz_1000,5.0,0.001,6.0,3.0,8.0,13.0,64.0,0.0251185912638902,0.0239206366240978,0.1197888627648353,0.1161363050341606,0.6936653852462769,0.7041907906532288,36.0,1169.0,2613.27,0.0372738158330321,0.0423940420150756,0.0377044044435024
1.0,qrnn_paper,paper_no_reset,lorenz_1000,5.0,0.001,6.0,3.0,8.0,25.0,64.0,0.0333394855260849,0.0325976461172103,0.1443366855382919,0.140753224492073,0.5462043285369873,0.552767813205719,36.0,1496.0,3307.16,0.0533062029629945,0.0630970522761344,0.0491468161344528
1.0,qrnn_paper,paper_no_reset,lorenz_1000,5.0,0.001,6.0,3.0,16.0,1.0,64.0,0.0062725790776312,0.0064102089963853,0.0628270059823989,0.0637302845716476,0.9304897785186768,0.930209457874298,36.0,1919.0,6218.73,0.0438522957265377,0.0456618666648864,0.0401081517338752
1.0,qrnn_paper,paper_no_reset,lorenz_1000,5.0,0.001,6.0,3.0,16.0,13.0,64.0,0.0328406915068626,0.0323148481547832,0.1371837556362152,0.1361590176820755,0.5532872080802917,0.561179518699646,36.0,1507.0,5130.32,0.0356648713350296,0.0490068756043911,0.0455671213567256
1.0,qrnn_paper,paper_no_reset,lorenz_1000,5.0,0.001,6.0,3.0,16.0,25.0,64.0,0.0280728675425052,0.0311740860342979,0.1276483088731765,0.1366262435913086,0.649227499961853,0.5758059620857239,36.0,733.0,3094.7,0.0413413130574756,0.0469843558967113,0.0425007939338684
1.0,qrnn_paper,paper_no_reset,lorenz_1000,6.0,0.001,6.0,3.0,8.0,1.0,64.0,0.003450151765719,0.003350791754201,0.0455394200980663,0.0453586019575595,0.9620792269706726,0.963627815246582,36.0,1575.0,1899.16,0.0237718652933836,0.0233559850603342,0.0220320187509059
1.0,qrnn_paper,paper_no_reset,lorenz_1000,6.0,0.001,6.0,3.0,8.0,13.0,64.0,0.0216128192842006,0.0228324681520462,0.1113059669733047,0.1142896935343742,0.7544092535972595,0.7226821184158325,36.0,4722.0,5510.86,0.0438737969845533,0.0588833168148994,0.0558813959360122
1.0,qrnn_paper,paper_no_reset,lorenz_1000,6.0,0.001,6.0,3.0,8.0,25.0,64.0,0.0289549939334392,0.0300497636198997,0.1330851167440414,0.1362765878438949,0.6351054906845093,0.602711021900177,36.0,1846.0,2267.25,0.0449128519743681,0.0522726513445377,0.0460752770304679
1.0,qrnn_paper,paper_no_reset,lorenz_1000,6.0,0.001,6.0,3.0,16.0,1.0,64.0,0.0065283519215881,0.0072561432607471,0.0643724426627159,0.0668309107422828,0.9275414943695068,0.919575572013855,36.0,1368.0,3398.8,0.0441348727792501,0.0450974367558956,0.0414337180554866
1.0,qrnn_paper,paper_no_reset,lorenz_1000,6.0,0.001,6.0,3.0,16.0,13.0,64.0,0.035682588815689,0.0347698330879211,0.1407508850097656,0.1405959874391555,0.4977445006370544,0.532821774482727,36.0,712.0,1775.28,0.0372696779668331,0.0413301438093185,0.0377336144447326
1.0,qrnn_paper,paper_no_reset,lorenz_1000,6.0,0.001,6.0,3.0,16.0,25.0,64.0,0.0295403823256492,0.0303718782961368,0.1270581185817718,0.1344350278377533,0.6194353103637695,0.5823187232017517,36.0,954.0,2201.83,0.0427478394574589,0.0495308563113212,0.0455404967069625
1.0,qrnn_paper,paper_no_reset,lorenz_1000,7.0,0.001,6.0,3.0,8.0,1.0,64.0,0.0011469726450741,0.0011543432483449,0.026177579537034,0.025533577427268,0.987693190574646,0.987699031829834,36.0,1624.0,1998.7,0.0095104926731437,0.009057673625648,0.008530699647963
1.0,qrnn_paper,paper_no_reset,lorenz_1000,7.0,0.001,6.0,3.0,8.0,13.0,64.0,0.0241366419941186,0.0254726223647594,0.1159039586782455,0.1203981935977935,0.7106682658195496,0.6803961992263794,36.0,1603.0,1991.24,0.0385246392339468,0.0367801934480667,0.0392456799745559
1.0,qrnn_paper,paper_no_reset,lorenz_1000,7.0,0.001,6.0,3.0,8.0,25.0,64.0,0.0314295813441276,0.0304059479385614,0.1408760845661163,0.1387458741664886,0.6012352705001831,0.6125637888908386,36.0,1037.0,1293.3,0.0519767124205827,0.0659228041768074,0.0644699037075042
1.0,qrnn_paper,paper_no_reset,lorenz_1000,7.0,0.001,6.0,3.0,16.0,1.0,64.0,0.0052960962057113,0.0054645552299916,0.0577483400702476,0.058190070092678,0.9415417313575744,0.9403672814369202,36.0,2176.0,5214.23,0.0197421853430569,0.0247412975877523,0.0204955358058214
1.0,qrnn_paper,paper_no_reset,lorenz_1000,7.0,0.001,6.0,3.0,16.0,13.0,64.0,0.027974110096693,0.0295887347310781,0.1273367404937744,0.129594400525093,0.672828197479248,0.617799699306488,36.0,560.0,1431.68,0.0296821778640151,0.0354799404740333,0.0330685265362262
1.0,qrnn_paper,paper_no_reset,lorenz_1000,7.0,0.001,6.0,3.0,16.0,25.0,64.0,0.0274080373346805,0.0277529209852218,0.1259884387254715,0.1264485567808151,0.663587749004364,0.6305896043777466,36.0,1719.0,3899.38,0.0358035181545548,0.044855061918497,0.046846579760313
1.0,qrnn_paper,paper_no_reset,lorenz_1000,8.0,0.001,6.0,3.0,8.0,1.0,64.0,0.0012574676657095,0.0013974114554002,0.0261676907539367,0.0285320896655321,0.9864301681518556,0.9849299788475036,36.0,1322.0,1581.46,0.0158253230154514,0.0185301769524812,0.0161357186734676
1.0,qrnn_paper,paper_no_reset,lorenz_1000,8.0,0.001,6.0,3.0,8.0,13.0,64.0,0.0233202911913394,0.0250329915434122,0.1185192987322807,0.122671440243721,0.7354386448860168,0.6910578608512878,36.0,1167.0,1416.57,0.0301740277558565,0.0410793125629425,0.0368511527776718
1.0,qrnn_paper,paper_no_reset,lorenz_1000,8.0,0.001,6.0,3.0,8.0,25.0,64.0,0.0282986722886562,0.0284144207835197,0.1271012276411056,0.1271819472312927,0.6420121192932129,0.6298866868019104,36.0,1179.0,1394.93,0.0412792464718222,0.0459144786000251,0.0404722020030021
1.0,qrnn_paper,paper_no_reset,lorenz_1000,8.0,0.001,6.0,3.0,16.0,1.0,64.0,0.0079444600269198,0.0078029916621744,0.0685521587729454,0.0674067512154579,0.9128820896148682,0.9144667387008668,36.0,720.0,1794.15,0.0159276183694601,0.0165216624736785,0.0158113222569227
1.0,qrnn_paper,paper_no_reset,lorenz_1000,8.0,0.001,6.0,3.0,16.0,13.0,64.0,0.0326041430234909,0.0309743974357843,0.132663756608963,0.1275976151227951,0.5601022839546204,0.5899149179458618,36.0,1159.0,2872.53,0.0387700673192739,0.0445648469030857,0.044953878968954
1.0,qrnn_paper,paper_no_reset,lorenz_1000,8.0,0.001,6.0,3.0,16.0,25.0,64.0,0.030984841287136,0.0305792354047298,0.1358816176652908,0.1305810213088989,0.5922524333000183,0.5787755250930786,36.0,630.0,1444.88,0.0542405417395962,0.0651823207736015,0.0573087520897388
1.0,qrnn_paper,paper_no_reset,lorenz_1000,9.0,0.001,6.0,3.0,8.0,1.0,64.0,0.0010736867552623,0.0009531655814498,0.0250405650585889,0.0231895595788955,0.9883776903152466,0.9897376894950868,36.0,3506.0,4123.22,0.0133361772634089,0.0141010815277695,0.0128323975950479
1.0,qrnn_paper,paper_no_reset,lorenz_1000,9.0,0.001,6.0,3.0,8.0,13.0,64.0,0.0209520179778337,0.021897928789258,0.1032027602195739,0.1056144908070564,0.7632796764373779,0.7369338870048523,36.0,2682.0,3214.15,0.0371720470488071,0.0471924245357513,0.0440595038235187
1.0,qrnn_paper,paper_no_reset,lorenz_1000,9.0,0.001,6.0,3.0,8.0,25.0,64.0,0.0282191187143325,0.0278691314160823,0.1259711533784866,0.1269237995147705,0.648165762424469,0.6374642252922058,36.0,2227.0,2683.64,0.0404137942939996,0.0491547361016273,0.0453427322208881
1.0,qrnn_paper,paper_no_reset,lorenz_1000,9.0,0.001,6.0,3.0,16.0,1.0,64.0,0.0056803347542881,0.0047383294440805,0.0591902360320091,0.05404894053936,0.9381707310676576,0.9483197927474976,36.0,3018.0,7248.09,0.0218708811327815,0.0263857115060091,0.0279250498861074
1.0,qrnn_paper,paper_no_reset,lorenz_1000,9.0,0.001,6.0,3.0,16.0,13.0,64.0,0.0274903587996959,0.0292304717004299,0.1240932345390319,0.1269007623195648,0.6539918780326843,0.6261593699455261,36.0,1686.0,4062.28,0.039035472087562,0.0524075403809547,0.0474459901452064
1.0,qrnn_paper,paper_no_reset,lorenz_1000,9.0,0.001,6.0,3.0,16.0,25.0,64.0,0.0259269550442695,0.02612697891891,0.1202609688043594,0.1218641996383667,0.6782137751579285,0.6576023697853088,36.0,1494.0,3410.14,0.0455927132732338,0.0521280877292156,0.0509564578533172
1.0,qrnn_paper,paper_no_reset,henon_1000,0.0,0.001,6.0,3.0,8.0,1.0,64.0,0.0232703313231468,0.0197584331035614,0.1174830049276351,0.1104919165372848,0.8433014154434204,0.8677499890327454,32.0,2224.0,2459.31,0.0659917473793029,0.0661641210317611,0.0689646527171135
1.0,qrnn_paper,paper_no_reset,henon_1000,0.0,0.001,6.0,3.0,8.0,2.0,64.0,0.0455004312098026,0.0371720269322395,0.1634599715471267,0.148275688290596,0.6626630425453186,0.7315232157707214,32.0,2931.0,3235.95,0.0634235832840204,0.0623424798250198,0.0644050389528274
1.0,qrnn_paper,paper_no_reset,henon_1000,0.0,0.001,6.0,3.0,8.0,4.0,64.0,0.069370113313198,0.0651205405592918,0.2161326110363006,0.2143747359514236,0.3786503672599792,0.4302773475646972,32.0,1450.0,1679.21,0.0856381759047508,0.0865310505032539,0.0839581042528152
1.0,qrnn_paper,paper_no_reset,henon_1000,0.0,0.001,6.0,3.0,16.0,1.0,64.0,0.0379027463495731,0.0390061028301715,0.1505265235900879,0.1568629145622253,0.7295935750007629,0.7170103192329407,32.0,2763.0,6086.92,0.0898494906723499,0.088885061442852,0.0927260071039199
1.0,qrnn_paper,paper_no_reset,henon_1000,0.0,0.001,6.0,3.0,16.0,2.0,64.0,0.0590203180909156,0.0581896491348743,0.1963596194982528,0.1974915862083435,0.5192576050758362,0.5246537327766418,32.0,1056.0,2411.92,0.0831348627805709,0.0829513520002365,0.0841069296002388
1.0,qrnn_paper,paper_no_reset,henon_1000,0.0,0.001,6.0,3.0,16.0,4.0,64.0,0.0823581665754318,0.0744094923138618,0.2390837371349334,0.2269439250230789,0.1326442956924438,0.2733421325683594,32.0,712.0,1654.38,0.0771131001412868,0.0813024342060089,0.0832164138555526
1.0,qrnn_paper,paper_no_reset,henon_1000,1.0,0.001,6.0,3.0,8.0,1.0,64.0,0.0178353562951087,0.0157103314995765,0.1016962751746177,0.0950780659914016,0.8824144005775452,0.8961334228515625,32.0,1959.0,2210.1,0.0582814279943704,0.0569984726607799,0.0623191259801387
1.0,qrnn_paper,paper_no_reset,henon_1000,1.0,0.001,6.0,3.0,8.0,2.0,64.0,0.0339827314019203,0.0326315946877002,0.1450259983539581,0.1403398364782333,0.7627916932106018,0.7696141004562378,32.0,2345.0,2616.26,0.0698086731135845,0.0719024315476417,0.0732536539435386
1.0,qrnn_paper,paper_no_reset,henon_1000,1.0,0.001,6.0,3.0,8.0,4.0,64.0,0.0722001791000366,0.0659485608339309,0.2173883914947509,0.2117784470319748,0.3413980901241302,0.4176312685012817,32.0,876.0,1005.51,0.0763104613870382,0.0790961757302284,0.0807362496852874
1.0,qrnn_paper,paper_no_reset,henon_1000,1.0,0.001,6.0,3.0,16.0,1.0,64.0,0.0321184881031513,0.0311648026108741,0.1419838070869445,0.1399351805448532,0.7761832475662231,0.7821998000144958,32.0,1954.0,4401.58,0.0670636728405952,0.0666303858160972,0.0690516605973243
1.0,qrnn_paper,paper_no_reset,henon_1000,1.0,0.001,6.0,3.0,16.0,2.0,64.0,0.0586008615791797,0.0572160556912422,0.1978841722011566,0.1974375396966934,0.527368426322937,0.5360023975372314,32.0,2681.0,6064.29,0.0833001095801591,0.0869899839162826,0.0803916677832603
1.0,qrnn_paper,paper_no_reset,henon_1000,1.0,0.001,6.0,3.0,16.0,4.0,64.0,0.0746306478977203,0.0715576633810997,0.2293926179409027,0.2252838760614395,0.2702654600143432,0.3232649862766266,32.0,1110.0,2587.07,0.0946720883250236,0.0894856825470924,0.0916420593857765
1.0,qrnn_paper,paper_no_reset,henon_1000,2.0,0.001,6.0,3.0,8.0,1.0,64.0,0.0194209963083267,0.0180379375815391,0.1070166379213333,0.099707007408142,0.8717094659805298,0.8798618316650391,32.0,3479.0,3909.9,0.0559413347393274,0.0560603663325309,0.0601333975791931
1.0,qrnn_paper,paper_no_reset,henon_1000,2.0,0.001,6.0,3.0,8.0,2.0,64.0,0.0429304540157318,0.0356332063674926,0.1626117974519729,0.1500248163938522,0.6875719428062439,0.7443501353263855,32.0,4672.0,5102.61,0.0703173875808715,0.0726857110857963,0.0739836990833282
1.0,qrnn_paper,paper_no_reset,henon_1000,2.0,0.001,6.0,3.0,8.0,4.0,64.0,0.0732301920652389,0.0651547312736511,0.2236249446868896,0.2133893519639969,0.3234656751155853,0.4292566478252411,32.0,1859.0,2121.18,0.0771727852523326,0.0786051601171493,0.0804231688380241
1.0,qrnn_paper,paper_no_reset,henon_1000,2.0,0.001,6.0,3.0,16.0,1.0,64.0,0.0553854554891586,0.0530179850757122,0.1930134892463684,0.1849253922700882,0.5610213279724121,0.5836116075515747,32.0,1685.0,3946.94,0.0718891523778438,0.0773805752396583,0.0799958258867263
1.0,qrnn_paper,paper_no_reset,henon_1000,2.0,0.001,6.0,3.0,16.0,2.0,64.0,0.0506427064538002,0.0545619763433933,0.1794023662805557,0.189964547753334,0.6120688319206238,0.5660976767539978,32.0,2941.0,6423.67,0.0766312915831804,0.0791148245334625,0.0787050053477287
1.0,qrnn_paper,paper_no_reset,henon_1000,2.0,0.001,6.0,3.0,16.0,4.0,64.0,0.081475168466568,0.0768966153264045,0.2392034530639648,0.2319301515817642,0.1475309878587722,0.2245217561721801,32.0,1524.0,3548.13,0.169945615530014,0.168126180768013,0.1868244856595993
1.0,qrnn_paper,paper_no_reset,henon_1000,3.0,0.001,6.0,3.0,8.0,1.0,64.0,0.0456414856016635,0.0426035150885582,0.1729538738727569,0.1680372655391693,0.6588372588157654,0.682904839515686,32.0,909.0,1043.25,0.0611587189137935,0.059955071657896,0.0678222849965095
1.0,qrnn_paper,paper_no_reset,henon_1000,3.0,0.001,6.0,3.0,8.0,2.0,64.0,0.044747058302164,0.0426076054573059,0.166793406009674,0.1652150750160217,0.6698682904243469,0.6830078959465027,32.0,1407.0,1631.98,0.0620797872543334,0.0605575144290924,0.0632463693618774
1.0,qrnn_paper,paper_no_reset,henon_1000,3.0,0.001,6.0,3.0,8.0,4.0,64.0,0.0697601363062858,0.0658710300922393,0.2156958132982254,0.2125222533941269,0.3759844303131103,0.4197588264942169,32.0,1639.0,1842.44,0.0848425865173339,0.0874284505844116,0.0838260352611541
1.0,qrnn_paper,paper_no_reset,henon_1000,3.0,0.001,6.0,3.0,16.0,1.0,64.0,0.0489950142800807,0.050784632563591,0.1772782802581787,0.1806252151727676,0.6277464032173157,0.6078352928161621,32.0,751.0,1770.61,0.0801102608442306,0.0868384763598442,0.0728196650743484
1.0,qrnn_paper,paper_no_reset,henon_1000,3.0,0.001,6.0,3.0,16.0,2.0,64.0,0.0509449727833271,0.0442155376076698,0.1842192262411117,0.1690061688423156,0.6103391051292419,0.6701647639274597,32.0,2624.0,5814.01,0.092094911634922,0.0964105054736137,0.0899372175335884
1.0,qrnn_paper,paper_no_reset,henon_1000,3.0,0.001,6.0,3.0,16.0,4.0,64.0,0.0799021050333976,0.0772383511066436,0.2348604053258896,0.2365625202655792,0.1227591782808303,0.1861960291862487,32.0,543.0,1278.67,0.0974787786602973,0.0976425781846046,0.1024452298879623
1.0,qrnn_paper,paper_no_reset,henon_1000,4.0,0.001,6.0,3.0,8.0,1.0,64.0,0.0164635349065065,0.0146255996078252,0.1014730185270309,0.0972800478339195,0.8919655680656433,0.9037718772888184,32.0,2640.0,2911.84,0.0507019121199846,0.0497265234589576,0.0500683076679706
1.0,qrnn_paper,paper_no_reset,henon_1000,4.0,0.001,6.0,3.0,8.0,2.0,64.0,0.0457409992814064,0.0433997511863708,0.1712144762277603,0.1684310287237167,0.6594402194023132,0.6758291721343994,32.0,3272.0,3652.74,0.0850205548107624,0.0865873545408248,0.0954070910811424
1.0,qrnn_paper,paper_no_reset,henon_1000,4.0,0.001,6.0,3.0,8.0,4.0,64.0,0.0688180476427078,0.0634563118219375,0.2116553336381912,0.2075193524360656,0.3891797065734863,0.4532634913921356,32.0,3294.0,3764.62,0.074165678024292,0.0749023482203483,0.0779381692409515
1.0,qrnn_paper,paper_no_reset,henon_1000,4.0,0.001,6.0,3.0,16.0,1.0,64.0,0.0367360226809978,0.0359993316233158,0.153880700469017,0.1505450308322906,0.7389066815376282,0.7430220246315002,32.0,2700.0,6047.0,0.0719408258795738,0.0728264674544334,0.0717837810516357
,,,,,,,,,,,,,,,,,,,,,,
,,,,,,,,,,,,,,,,,,,,,,
,,,,,,,,,,,,,,,,,,,,,,
,,,,,,,,,,,,,,,,,,,,,,
,,,,,,,,,,,,,,,,,,,,,,
,,,,,,,,,,,,,,,,,,,,,,
,,,,,,,,,,,,,,,,,,,,,,
,,,,,,,,,,,,,,,,,,,,,,
,,,,,,,,,,,,,,,,,,,,,,
,,,,,,,,,,,,,,,,,,,,,,
,,,,,,,,,,,,,,,,,,,,,,
,,,,,,,,,,,,,,,,,,,,,,
,,,,,,,,,,,,,,,,,,,,,,
,,,,,,,,,,,,,,,,,,,,,,
,,,,,,,,,,,,,,,,,,,,,,
,,,,,,,,,,,,,,,,,,,,,,
,,,,,,,,,,,,,,,,,,,,,,
,,,,,,,,,,,,,,,,,,,,,,
,,,,,,,,,,,,,,,,,,,,,,
,,,,,,,,,,,,,,,,,,,,,,
,,,,,,,,,,,,,,,,,,,,,,
,,,,,,,,,,,,,,,,,,,,,,
,,,,,,,,,,,,,,,,,,,,,,
,,,,,,,,,,,,,,,,,,,,,,
,,,,,,,,,,,,,,,,,,,,,,
,,,,,,,,,,,,,,,,,,,,,,
,,,,,,,,,,,,,,,,,,,,,,
,,,,,,,,,,,,,,,,,,,,,,
,,,,,,,,,,,,,,,,,,,,,,
,,,,,,,,,,,,,,,,,,,,,,
,,,,,,,,,,,,,,,,,,,,,,
,,,,,,,,,,,,,,,,,,,,,,
1.0,qrnn_paper,paper_no_reset,mackey_1000,0.0,0.001,4.0,2.0,8.0,1.0,64.0,0.0001779636950232,0.0002989611239172,0.0102228373289108,0.0133531643077731,0.99836665391922,0.997695803642273,19.0,3019.0,1853.29,0.0020126465358771,0.0026803070213645,0.0015099586453288
,,,,,,,,,,,,,,,,,,,,,,
,,,,,,,,,,,,,,,,,,,,,,
,,,,,,,,,,,,,,,,,,,,,,
,,,,,,,,,,,,,,,,,,,,,,
,,,,,,,,,,,,,,,,,,,,,,
,,,,,,,,,,,,,,,,,,,,,,
,,,,,,,,,,,,,,,,,,,,,,
,,,,,,,,,,,,,,,,,,,,,,
,,,,,,,,,,,,,,,,,,,,,,
,,,,,,,,,,,,,,,,,,,,,,
,,,,,,,,,,,,,,,,,,,,,,
,,,,,,,,,,,,,,,,,,,,,,
,,,,,,,,,,,,,,,,,,,,,,
,,,,,,,,,,,,,,,,,,,,,,
,,,,,,,,,,,,,,,,,,,,,,
,,,,,,,,,,,,,,,,,,,,,,
,,,,,,,,,,,,,,,,,,,,,,
,,,,,,,,,,,,,,,,,,,,,,
,,,,,,,,,,,,,,,,,,,,,,
,,,,,,,,,,,,,,,,,,,,,,
,,,,,,,,,,,,,,,,,,,,,,
,,,,,,,,,,,,,,,,,,,,,,
,,,,,,,,,,,,,,,,,,,,,,
,,,,,,,,,,,,,,,,,,,,,,
,,,,,,,,,,,,,,,,,,,,,,
,,,,,,,,,,,,,,,,,,,,,,
,,,,,,,,,,,,,,,,,,,,,,
,,,,,,,,,,,,,,,,,,,,,,
,,,,,,,,,,,,,,,,,,,,,,
,,,,,,,,,,,,,,,,,,,,,,
1.0,qrnn_paper,paper_no_reset,mackey_1000,5.0,0.001,4.0,2.0,8.0,70.0,64.0,0.0291607417166233,0.0218614395707845,0.1355476230382919,0.12017822265625,0.6934759020805359,0.82424396276474,19.0,1360.0,748.7,0.0385160141934951,0.0345696732401847,0.0489742644131183
1.0,qrnn_paper,paper_no_reset,mackey_1000,5.0,0.001,4.0,2.0,8.0,140.0,64.0,0.0347727388143539,0.0398879311978817,0.1521802693605423,0.1623547077178955,0.5720498561859131,0.6335954666137695,19.0,1043.0,521.53,0.0441926284693181,0.0425376631319522,0.0404522791504859
1.0,qrnn_paper,paper_no_reset,mackey_1000,5.0,0.001,4.0,2.0,16.0,1.0,64.0,0.000600497063715,0.0013006388908252,0.0194359645247459,0.0278242174535989,0.9946956038475036,0.9901586174964904,19.0,1092.0,1367.63,0.008866370562464,0.012282621115446,0.0064157508313655
1.0,qrnn_paper,paper_no_reset,mackey_1000,5.0,0.001,4.0,2.0,16.0,70.0,64.0,0.0218363385647535,0.0152185941115021,0.115013413131237,0.0978377014398574,0.7825661301612854,0.8805225491523743,19.0,1833.0,2140.22,0.024924230037464,0.0233980678021907,0.0315616466104984
1.0,qrnn_paper,paper_no_reset,mackey_1000,5.0,0.001,4.0,2.0,16.0,140.0,64.0,0.0347032845020294,0.0286372136324644,0.1565157622098922,0.1349244564771652,0.5967205166816711,0.7575876712799072,19.0,991.0,1013.52,0.0388943529687821,0.039088986814022,0.0434560850262641
1.0,qrnn_paper,paper_no_reset,mackey_1000,6.0,0.001,4.0,2.0,8.0,1.0,64.0,0.0002124058373738,0.0004782438045367,0.0118770850822329,0.0157042182981967,0.998001992702484,0.9963290095329284,19.0,1215.0,726.65,0.004353550565429,0.0046032909303903,0.0031494575086981
1.0,qrnn_paper,paper_no_reset,mackey_1000,6.0,0.001,4.0,2.0,8.0,70.0,64.0,0.0344169549643993,0.0235566571354866,0.1429906338453292,0.1215143948793411,0.6388431191444397,0.8059331178665161,19.0,556.0,302.49,0.0257296154482497,0.024982426315546,0.0321840532124042
1.0,qrnn_paper,paper_no_reset,mackey_1000,6.0,0.001,4.0,2.0,8.0,140.0,64.0,0.0401838719844818,0.0336355790495872,0.1586119085550308,0.1462385058403015,0.541217565536499,0.7179391980171204,19.0,2304.0,1174.44,0.0412619477137923,0.0428181178867816,0.0382060073316097
1.0,qrnn_paper,paper_no_reset,mackey_1000,6.0,0.001,4.0,2.0,16.0,1.0,64.0,0.0003611307765822,0.0009609996923245,0.0155475437641143,0.0227429643273353,0.9966734051704408,0.9928032159805298,19.0,3433.0,4332.1,0.0091009574010968,0.0143919773399829,0.0064062229357659
1.0,qrnn_paper,paper_no_reset,mackey_1000,6.0,0.001,4.0,2.0,16.0,70.0,64.0,0.0281593352556228,0.0216278340667486,0.1356022655963897,0.1234299466013908,0.7002454996109009,0.8196137547492981,19.0,724.0,807.37,0.0265648843099673,0.024686325341463,0.0361289493739604
1.0,qrnn_paper,paper_no_reset,mackey_1000,6.0,0.001,4.0,2.0,16.0,140.0,64.0,0.0327602885663509,0.0272358488291502,0.1510185450315475,0.1309877038002014,0.6333734393119812,0.7715495228767395,19.0,1015.0,1031.51,0.0336816490162164,0.0321424342691898,0.0320876762270927
1.0,qrnn_paper,paper_no_reset,mackey_1000,7.0,0.001,4.0,2.0,8.0,1.0,64.0,0.000403201469453,0.0006947995861992,0.0160745698958635,0.0182869136333465,0.9962917566299438,0.9947721362113952,19.0,1597.0,960.07,0.0311959320679307,0.0423744358122348,0.0236788615584373
1.0,qrnn_paper,paper_no_reset,mackey_1000,7.0,0.001,4.0,2.0,8.0,70.0,64.0,0.0321671813726425,0.0241705533117055,0.1429306268692016,0.1291722953319549,0.6645867824554443,0.8014533519744873,19.0,1052.0,583.04,0.0283969915989372,0.0287043377757072,0.0337951593101024
1.0,qrnn_paper,paper_no_reset,mackey_1000,7.0,0.001,4.0,2.0,8.0,140.0,64.0,0.0378686971962451,0.0352765992283821,0.1578486412763595,0.1556264758110046,0.5338773131370544,0.6930760145187378,19.0,2091.0,1047.1,0.046138843987137,0.0479692630469799,0.0437989830970764
1.0,qrnn_paper,paper_no_reset,mackey_1000,7.0,0.001,4.0,2.0,16.0,1.0,64.0,0.000856450642459,0.0013423226773738,0.0223909895867109,0.0286165960133075,0.991965651512146,0.9896830320358276,19.0,2056.0,2679.61,0.0045576590346172,0.006242414470762,0.0032397315371781
1.0,qrnn_paper,paper_no_reset,mackey_1000,7.0,0.001,4.0,2.0,16.0,70.0,64.0,0.020638320595026,0.0170503817498683,0.1070670634508133,0.1048052757978439,0.7965300679206848,0.861249566078186,19.0,1625.0,1874.96,0.0267932597133848,0.0307952389121055,0.0256217662245035
1.0,qrnn_paper,paper_no_reset,mackey_1000,7.0,0.001,4.0,2.0,16.0,140.0,64.0,0.0332199074327945,0.0269549470394849,0.1487668752670288,0.1287562400102615,0.6220627427101135,0.7754302620887756,19.0,1285.0,1297.27,0.0498218373395502,0.0469832047820091,0.0465482734143734
1.0,qrnn_paper,paper_no_reset,mackey_1000,8.0,0.001,4.0,2.0,8.0,1.0,64.0,6.372397183440626e-05,0.0001676718966336,0.0062999092042446,0.0085049159824848,0.9993976354599,0.9987099170684814,19.0,1898.0,1136.22,0.0046534699387848,0.0084232268854975,0.0026784734800457
1.0,qrnn_paper,paper_no_reset,mackey_1000,8.0,0.001,4.0,2.0,8.0,70.0,64.0,0.0328635685145854,0.0214685834944248,0.144062265753746,0.120345652103424,0.6603092551231384,0.8259653449058533,19.0,2688.0,1513.06,0.0352539591905143,0.0311420671641826,0.0413262099027633
1.0,qrnn_paper,paper_no_reset,mackey_1000,8.0,0.001,4.0,2.0,8.0,140.0,64.0,0.0405054353177547,0.0367980636656284,0.1666473448276519,0.1559036970138549,0.4909444749355316,0.6715170741081238,19.0,2153.0,1076.55,0.0557110826484859,0.0539773479104042,0.0572845265269279
1.0,qrnn_paper,paper_no_reset,mackey_1000,8.0,0.001,4.0,2.0,16.0,1.0,64.0,0.0002666826767381,0.0006422083824872,0.0130670666694641,0.0179910082370042,0.9974956512451172,0.9952161312103271,19.0,981.0,1238.92,0.0027007646858692,0.0053856573067605,0.001760748331435
1.0,qrnn_paper,paper_no_reset,mackey_1000,8.0,0.001,4.0,2.0,16.0,70.0,64.0,0.0281654633581638,0.0183316525071859,0.1326614618301391,0.1113349199295044,0.7340527772903442,0.8532662391662598,19.0,1746.0,2028.7,0.0286529755426777,0.0287123396992683,0.0367876477539539
1.0,qrnn_paper,paper_no_reset,mackey_1000,8.0,0.001,4.0,2.0,16.0,140.0,64.0,0.037516176700592,0.0225050747394561,0.1490668356418609,0.1175972670316696,0.5793601870536804,0.8184123039245605,19.0,2228.0,2311.55,0.0400828630663454,0.041679099202156,0.0375163964927196
1.0,qrnn_paper,paper_no_reset,mackey_1000,9.0,0.001,4.0,2.0,8.0,1.0,64.0,0.000180791656021,0.0003616106987465,0.0105799417942762,0.0142055703327059,0.9982753992080688,0.9972220063209534,19.0,1663.0,1014.77,0.0072928147390484,0.008609595708549,0.0060437046922743
1.0,qrnn_paper,paper_no_reset,mackey_1000,9.0,0.001,4.0,2.0,8.0,70.0,64.0,0.0352910012006759,0.025468623265624,0.1468525826930999,0.1294525414705276,0.6101167798042297,0.7907476425170898,19.0,811.0,447.94,0.0294025070551368,0.0268728416413068,0.0353289358317852
1.0,qrnn_paper,paper_no_reset,mackey_1000,9.0,0.001,4.0,2.0,8.0,140.0,64.0,0.0383136384189128,0.038827046751976,0.1577648371458053,0.1631675958633422,0.5164792537689209,0.6609259843826294,19.0,603.0,293.22,0.0422017695382237,0.0431404300034046,0.0390092432498931
1.0,qrnn_paper,paper_no_reset,mackey_1000,9.0,0.001,4.0,2.0,16.0,1.0,64.0,0.0003644572861958,0.0006618065526708,0.0150030255317687,0.0201356112957,0.9964784383773804,0.9949952363967896,19.0,2342.0,3054.57,0.0093475726898759,0.0138969207182526,0.006061446852982
1.0,qrnn_paper,paper_no_reset,mackey_1000,9.0,0.001,4.0,2.0,16.0,70.0,64.0,0.0252233259379863,0.0145807890221476,0.1194969117641449,0.0977258831262588,0.7774559259414673,0.8880612254142761,19.0,2028.0,2387.12,0.0304281202455361,0.0315354764461517,0.0389429032802581
1.0,qrnn_paper,paper_no_reset,mackey_1000,9.0,0.001,4.0,2.0,16.0,140.0,64.0,0.037850797176361,0.0236996058374643,0.1567654907703399,0.1224575489759445,0.5632603764533997,0.8028425574302673,19.0,2493.0,2671.36,0.0609169648960232,0.0563447587192058,0.0659106895327568
1.0,qrnn_paper,paper_no_reset,lorenz_1000,0.0,0.001,4.0,2.0,8.0,1.0,64.0,0.0044083343818783,0.00435696169734,0.0510338582098484,0.0512823797762393,0.9513072967529296,0.9532356262207032,25.0,1274.0,929.51,0.0230192171409726,0.0233695525676012,0.023225924000144
1.0,qrnn_paper,paper_no_reset,lorenz_1000,0.0,0.001,4.0,2.0,8.0,13.0,64.0,0.0411685891449451,0.0396411605179309,0.1553664654493332,0.1500495076179504,0.3594141006469726,0.4294904172420501,25.0,994.0,701.57,0.0451766956597566,0.0599684044718742,0.0519299283623695
1.0,qrnn_paper,paper_no_reset,lorenz_1000,0.0,0.001,4.0,2.0,8.0,25.0,64.0,0.0328720398247242,0.0336844809353351,0.140323594212532,0.1438477337360382,0.5534446835517883,0.5330896973609924,25.0,893.0,641.88,0.0534863706678152,0.0595127493143081,0.0499222949147224
,,,,,,,,,,,,,,,,,,,,,,
,,,,,,,,,,,,,,,,,,,,,,
,,,,,,,,,,,,,,,,,,,,,,
,,,,,,,,,,,,,,,,,,,,,,
,,,,,,,,,,,,,,,,,,,,,,
,,,,,,,,,,,,,,,,,,,,,,
,,,,,,,,,,,,,,,,,,,,,,
,,,,,,,,,,,,,,,,,,,,,,
,,,,,,,,,,,,,,,,,,,,,,
,,,,,,,,,,,,,,,,,,,,,,
,,,,,,,,,,,,,,,,,,,,,,
,,,,,,,,,,,,,,,,,,,,,,
,,,,,,,,,,,,,,,,,,,,,,
,,,,,,,,,,,,,,,,,,,,,,
,,,,,,,,,,,,,,,,,,,,,,
,,,,,,,,,,,,,,,,,,,,,,
,,,,,,,,,,,,,,,,,,,,,,
,,,,,,,,,,,,,,,,,,,,,,
,,,,,,,,,,,,,,,,,,,,,,
,,,,,,,,,,,,,,,,,,,,,,
,,,,,,,,,,,,,,,,,,,,,,
,,,,,,,,,,,,,,,,,,,,,,
,,,,,,,,,,,,,,,,,,,,,,
,,,,,,,,,,,,,,,,,,,,,,
,,,,,,,,,,,,,,,,,,,,,,
,,,,,,,,,,,,,,,,,,,,,,
,,,,,,,,,,,,,,,,,,,,,,
,,,,,,,,,,,,,,,,,,,,,,
,,,,,,,,,,,,,,,,,,,,,,
,,,,,,,,,,,,,,,,,,,,,,
,,,,,,,,,,,,,,,,,,,,,,
,,,,,,,,,,,,,,,,,,,,,,
1.0,qrnn_paper,paper_no_reset,lorenz_1000,5.0,0.001,4.0,2.0,16.0,25.0,64.0,0.0394305735826492,0.0359141565859317,0.15937440097332,0.1505082696676254,0.4238443076610565,0.4758337736129761,25.0,523.0,716.17,0.0401468674341837,0.0481297113001346,0.046392798423767
1.0,qrnn_paper,paper_no_reset,lorenz_1000,6.0,0.001,4.0,2.0,8.0,1.0,64.0,0.0049191387370228,0.0048799221403896,0.0512344986200332,0.050938781350851,0.945904016494751,0.946581244468689,25.0,1149.0,824.57,0.0693157386034727,0.0960691347718238,0.0758176669478416
1.0,qrnn_paper,paper_no_reset,lorenz_1000,6.0,0.001,4.0,2.0,8.0,13.0,64.0,0.0257880669087171,0.0256210640072822,0.1218936592340469,0.1196923553943634,0.6853294372558594,0.6853912472724915,25.0,1667.0,1213.23,0.0423010066151618,0.0501424558460712,0.042899765074253
1.0,qrnn_paper,paper_no_reset,lorenz_1000,6.0,0.001,4.0,2.0,8.0,25.0,64.0,0.0377489477396011,0.0430773347616195,0.149269700050354,0.1621848195791244,0.4495325088500976,0.4020532369613647,25.0,491.0,348.37,0.0415729206055402,0.0484823584556579,0.040292203426361
1.0,qrnn_paper,paper_no_reset,lorenz_1000,6.0,0.001,4.0,2.0,16.0,1.0,64.0,0.0091489581391215,0.0089532267302274,0.0771461874246597,0.0768584981560707,0.8978990912437439,0.9025022387504578,25.0,1904.0,2765.16,0.0476193960756063,0.0592627562582492,0.0463758669793605
1.0,qrnn_paper,paper_no_reset,lorenz_1000,6.0,0.001,4.0,2.0,16.0,13.0,64.0,0.030791288241744,0.0293913017958402,0.1362338960170745,0.132621943950653,0.599608302116394,0.6376143097877502,25.0,1059.0,1584.62,0.0428938761353492,0.0441986508667469,0.040646344423294
1.0,qrnn_paper,paper_no_reset,lorenz_1000,6.0,0.001,4.0,2.0,16.0,25.0,64.0,0.0339354388415813,0.0343033857643604,0.1480519622564315,0.1478009074926376,0.5423281788825989,0.5131670236587524,25.0,525.0,702.23,0.0422263695961899,0.0498429536819458,0.0464250668883323
1.0,qrnn_paper,paper_no_reset,lorenz_1000,7.0,0.001,4.0,2.0,8.0,1.0,64.0,0.0036328614223748,0.0035940054804086,0.0460728481411933,0.0461249314248561,0.9600131511688232,0.9607049226760864,25.0,2627.0,1917.77,0.0396420959383249,0.054350096732378,0.0437286794185638
1.0,qrnn_paper,paper_no_reset,lorenz_1000,7.0,0.001,4.0,2.0,8.0,13.0,64.0,0.0296154376119375,0.0301077868789434,0.1392444372177124,0.1363885253667831,0.6127154231071472,0.6137480139732361,25.0,966.0,695.08,0.0382914688438177,0.0416608266532421,0.037895493209362
1.0,qrnn_paper,paper_no_reset,lorenz_1000,7.0,0.001,4.0,2.0,8.0,25.0,64.0,0.0330901332199573,0.0309935584664344,0.1458789706230163,0.1417564898729324,0.5621541738510132,0.5878635048866272,25.0,1350.0,967.8,0.0408862899988889,0.0502721518278121,0.0504603013396263
1.0,qrnn_paper,paper_no_reset,lorenz_1000,7.0,0.001,4.0,2.0,16.0,1.0,64.0,0.005923653487116,0.0059410282410681,0.0601493380963802,0.0596396215260028,0.9371092319488524,0.9357929229736328,25.0,2818.0,4135.69,0.0229083996266126,0.0241110976785421,0.021794319152832
1.0,qrnn_paper,paper_no_reset,lorenz_1000,7.0,0.001,4.0,2.0,16.0,13.0,64.0,0.0339566655457019,0.031797606498003,0.1393624395132064,0.1360806375741958,0.5409672260284424,0.5905340909957886,25.0,1087.0,1619.29,0.0319278622046113,0.0451199524104595,0.0430288836359977
1.0,qrnn_paper,paper_no_reset,lorenz_1000,7.0,0.001,4.0,2.0,16.0,25.0,64.0,0.0407569371163845,0.0386222600936889,0.1622160226106643,0.1565653532743454,0.3885551989078522,0.4143608808517456,25.0,1078.0,1468.61,0.0577118036647637,0.0751591324806213,0.0649819150567054
1.0,qrnn_paper,paper_no_reset,lorenz_1000,8.0,0.001,4.0,2.0,8.0,1.0,64.0,0.0039798016659915,0.0043773418292403,0.0502642020583152,0.0530738271772861,0.9568655490875244,0.952071726322174,25.0,973.0,687.66,0.0261516418308019,0.0246710944920778,0.0245181396603584
1.0,qrnn_paper,paper_no_reset,lorenz_1000,8.0,0.001,4.0,2.0,8.0,13.0,64.0,0.0217640176415443,0.0226233378052711,0.1105348914861679,0.1101803183555603,0.7515864968299866,0.7379710674285889,25.0,1167.0,833.68,0.0364674050360918,0.0397972390055656,0.0375555306673049
1.0,qrnn_paper,paper_no_reset,lorenz_1000,8.0,0.001,4.0,2.0,8.0,25.0,64.0,0.0375162474811077,0.0380660444498062,0.1507805436849594,0.1512778848409652,0.4650859832763672,0.4332849681377411,25.0,1174.0,836.59,0.0392348831519484,0.0475790239870548,0.0418321155011653
1.0,qrnn_paper,paper_no_reset,lorenz_1000,8.0,0.001,4.0,2.0,16.0,1.0,64.0,0.0061034322716295,0.0061817695386707,0.0615919008851051,0.0619079396128654,0.9323354959487916,0.9317908883094788,25.0,1398.0,2076.05,0.0239574585109949,0.0295742284506559,0.0268522147089242
1.0,qrnn_paper,paper_no_reset,lorenz_1000,8.0,0.001,4.0,2.0,16.0,13.0,64.0,0.0363397412002086,0.0384419821202755,0.1472941637039184,0.1529325693845749,0.4862675368785858,0.4419451951980591,25.0,779.0,1134.99,0.0297511288896203,0.0412797443568706,0.0384790152311325
1.0,qrnn_paper,paper_no_reset,lorenz_1000,8.0,0.001,4.0,2.0,16.0,25.0,64.0,0.032466921955347,0.0320188030600547,0.137384295463562,0.1372128874063491,0.5740966796875,0.5570901036262512,25.0,1215.0,1692.58,0.0622164544959863,0.0885909274220466,0.0718565881252288
1.0,qrnn_paper,paper_no_reset,lorenz_1000,9.0,0.001,4.0,2.0,8.0,1.0,64.0,0.007520452607423,0.008796852082014,0.0675885081291198,0.0747473165392875,0.9156789779663086,0.9016626477241516,25.0,1382.0,992.57,0.023883437551558,0.0265888515859842,0.0226309970021247
1.0,qrnn_paper,paper_no_reset,lorenz_1000,9.0,0.001,4.0,2.0,8.0,13.0,64.0,0.0332375019788742,0.0354439355432987,0.1374193280935287,0.1449116617441177,0.5417972803115845,0.5064104795455933,25.0,2140.0,1541.34,0.0380116676911711,0.0455260500311851,0.0412260740995407
1.0,qrnn_paper,paper_no_reset,lorenz_1000,9.0,0.001,4.0,2.0,8.0,25.0,64.0,0.0295261181890964,0.0295441281050443,0.135306254029274,0.1371207684278488,0.6341976523399353,0.6188141703605652,25.0,1696.0,1231.18,0.0442758034914732,0.057511318475008,0.0515480451285839
1.0,qrnn_paper,paper_no_reset,lorenz_1000,9.0,0.001,4.0,2.0,16.0,1.0,64.0,0.0094317235052585,0.0079842461273074,0.0741771832108497,0.0689530968666076,0.8931136727333069,0.9117233157157898,25.0,1055.0,1548.74,0.0324129684828221,0.0303952656686306,0.0320132337510585
1.0,qrnn_paper,paper_no_reset,lorenz_1000,9.0,0.001,4.0,2.0,16.0,13.0,64.0,0.0330200865864753,0.0336991138756275,0.1431664675474167,0.143727496266365,0.5497310161590576,0.5540108680725098,25.0,1201.0,1754.18,0.037379677221179,0.0465703941881656,0.0446784272789955
1.0,qrnn_paper,paper_no_reset,lorenz_1000,9.0,0.001,4.0,2.0,16.0,25.0,64.0,0.0356036573648452,0.034666933119297,0.1471074521541595,0.148988589644432,0.5047184228897095,0.5002339482307434,25.0,1686.0,2303.26,0.0475762109789583,0.0525648593902587,0.0485244989395141
1.0,qrnn_paper,paper_no_reset,henon_1000,0.0,0.001,4.0,2.0,8.0,1.0,64.0,0.0252284500747919,0.0236577056348323,0.1236227601766586,0.1216580718755722,0.8285084962844849,0.8391034007072449,22.0,1197.0,796.64,0.0775175735354423,0.0790368616580963,0.0792450234293937
1.0,qrnn_paper,paper_no_reset,henon_1000,0.0,0.001,4.0,2.0,8.0,2.0,64.0,0.0516145825386047,0.0484888367354869,0.1801968514919281,0.1771378219127655,0.6006632447242737,0.6271648406982422,22.0,1345.0,892.08,0.0703214261680841,0.0710815265774726,0.074428454041481
1.0,qrnn_paper,paper_no_reset,henon_1000,0.0,0.001,4.0,2.0,8.0,4.0,64.0,0.075007252395153,0.0660725310444831,0.2269233018159866,0.21713487803936,0.2715276181697845,0.4251160323619842,22.0,1852.0,1212.95,0.0879042573273181,0.0872668027877807,0.0905774012207984
1.0,qrnn_paper,paper_no_reset,henon_1000,0.0,0.001,4.0,2.0,16.0,1.0,64.0,0.0299922320991754,0.0337708927690982,0.13554048538208,0.1458812206983566,0.7931817770004272,0.7611498236656189,22.0,1733.0,2389.08,0.0757480103522539,0.0776213854551315,0.0798566117882728
1.0,qrnn_paper,paper_no_reset,henon_1000,0.0,0.001,4.0,2.0,16.0,2.0,64.0,0.0615739859640598,0.0620393902063369,0.2064592391252517,0.2075077891349792,0.4889836013317108,0.4768942296504974,22.0,1074.0,1507.11,0.1312107503414154,0.1292078346014022,0.1178893446922302
1.0,qrnn_paper,paper_no_reset,henon_1000,0.0,0.001,4.0,2.0,16.0,4.0,64.0,0.0765846669673919,0.0725903287529945,0.2301821559667587,0.2241922467947006,0.2207283973693847,0.3027577400207519,22.0,466.0,633.3,0.0715899661183357,0.0733254179358482,0.0783817023038864
1.0,qrnn_paper,paper_no_reset,henon_1000,1.0,0.001,4.0,2.0,8.0,1.0,64.0,0.0283918362110853,0.0253581907600164,0.1347447484731674,0.1267710924148559,0.8048316240310669,0.8259928226470947,22.0,939.0,629.11,0.0508044481277465,0.0511670894920825,0.0537767559289932
1.0,qrnn_paper,paper_no_reset,henon_1000,1.0,0.001,4.0,2.0,8.0,2.0,64.0,0.0542303323745727,0.0495699979364872,0.187569260597229,0.1805760115385055,0.5754818916320801,0.6163237690925598,22.0,1338.0,889.6,0.0745419941842556,0.0740090906620025,0.0735061764717102
1.0,qrnn_paper,paper_no_reset,henon_1000,1.0,0.001,4.0,2.0,8.0,4.0,64.0,0.0717436745762825,0.0713299363851547,0.2209748178720474,0.2245401591062545,0.3335502445697784,0.3270019888877868,22.0,2605.0,1700.98,0.0975822441279888,0.095103420317173,0.0991048887372016
1.0,qrnn_paper,paper_no_reset,henon_1000,1.0,0.001,4.0,2.0,16.0,1.0,64.0,0.0437117591500282,0.0421601124107837,0.1665191650390625,0.1675572991371154,0.6780192255973816,0.6899828910827637,22.0,1111.0,1558.05,0.0819234319031238,0.086161620914936,0.0817555785179138
1.0,qrnn_paper,paper_no_reset,henon_1000,1.0,0.001,4.0,2.0,16.0,2.0,64.0,0.0613529905676841,0.0590124800801277,0.2037144899368286,0.2032073736190796,0.4927758574485779,0.5154586434364319,22.0,1946.0,2651.45,0.0930948875844478,0.0906900390982627,0.0970441475510597
1.0,qrnn_paper,paper_no_reset,henon_1000,1.0,0.001,4.0,2.0,16.0,4.0,64.0,0.0736326575279235,0.0707228183746337,0.2259487956762313,0.2230946272611618,0.2889710366725921,0.3410150110721588,22.0,667.0,918.36,0.0818311832845211,0.078994520008564,0.0823545679450035
1.0,qrnn_paper,paper_no_reset,henon_1000,2.0,0.001,4.0,2.0,8.0,1.0,64.0,0.0294551011174917,0.024670373648405,0.1345277577638626,0.1220548599958419,0.7972183227539062,0.8311606049537659,22.0,1804.0,1190.04,0.0779501676559448,0.0772678554058075,0.0789652913808822
1.0,qrnn_paper,paper_no_reset,henon_1000,2.0,0.001,4.0,2.0,8.0,2.0,64.0,0.0443887747824192,0.0418269820511341,0.1659369617700576,0.1611245423555374,0.6711385250091553,0.6901280283927917,22.0,2378.0,1578.18,0.0981657855212688,0.102695532143116,0.096571996808052
1.0,qrnn_paper,paper_no_reset,henon_1000,2.0,0.001,4.0,2.0,8.0,4.0,64.0,0.0741002336144447,0.0680702030658721,0.2258271723985672,0.2194801419973373,0.2964259088039398,0.384307861328125,22.0,1456.0,965.86,0.1220290899276733,0.1133377477526664,0.1164992824196815
1.0,qrnn_paper,paper_no_reset,henon_1000,2.0,0.001,4.0,2.0,16.0,1.0,64.0,0.049922801554203,0.0496336258947849,0.1805405020713806,0.1816240698099136,0.6182934641838074,0.6197738647460938,22.0,1771.0,2353.83,0.0898303478956222,0.0895844846963882,0.0956971794366836
1.0,qrnn_paper,paper_no_reset,henon_1000,2.0,0.001,4.0,2.0,16.0,2.0,64.0,0.0711157321929931,0.0679409205913543,0.2260023355484008,0.2229132503271103,0.3460461795330047,0.3969747722148895,22.0,1718.0,2309.35,0.1417520657181739,0.1493238508701324,0.1395448148250579
1.0,qrnn_paper,paper_no_reset,henon_1000,2.0,0.001,4.0,2.0,16.0,4.0,64.0,0.078276440501213,0.0771145150065422,0.2347993403673172,0.236646831035614,0.1784920543432235,0.1977109760046005,22.0,902.0,1257.66,0.0878592059016227,0.0859457701444625,0.0930714681744575
1.0,qrnn_paper,paper_no_reset,henon_1000,3.0,0.001,4.0,2.0,8.0,1.0,64.0,0.0288733448833227,0.0269004050642251,0.1337989568710327,0.1274276077747345,0.8010021448135376,0.8142423033714294,22.0,3466.0,2295.58,0.0929416425526142,0.091089978814125,0.0932883843779563
1.0,qrnn_paper,paper_no_reset,henon_1000,3.0,0.001,4.0,2.0,8.0,2.0,64.0,0.045467521995306,0.0431307815015316,0.1663061380386352,0.1664826720952987,0.6613810658454895,0.6783537268638611,22.0,4975.0,3183.0,0.0609876524657011,0.0636612772941589,0.0641476735472679
1.0,qrnn_paper,paper_no_reset,henon_1000,3.0,0.001,4.0,2.0,8.0,4.0,64.0,0.0687467008829116,0.0681599155068397,0.2156935483217239,0.2198639661073684,0.3856893479824066,0.3836477398872375,22.0,3977.0,2602.25,0.0833288706839084,0.0834077596664428,0.0873387455940246
1.0,qrnn_paper,paper_no_reset,henon_1000,3.0,0.001,4.0,2.0,16.0,1.0,64.0,0.0497731827199459,0.0499849654734134,0.1763929426670074,0.1803977936506271,0.6210225820541382,0.6148466467857361,22.0,2633.0,3503.0,0.0734614130109548,0.0776664689183235,0.0777864009141922
1.0,qrnn_paper,paper_no_reset,henon_1000,3.0,0.001,4.0,2.0,16.0,2.0,64.0,0.0555597618222236,0.05347266420722,0.1920361518859863,0.1881307363510131,0.5590764880180359,0.5781499147415161,22.0,1474.0,2021.48,0.0775469623506069,0.0803816169500351,0.079243429005146
1.0,qrnn_paper,paper_no_reset,henon_1000,3.0,0.001,4.0,2.0,16.0,4.0,64.0,0.0780567899346351,0.0756436139345169,0.2345289438962936,0.2318266779184341,0.1904247254133224,0.2346280664205551,22.0,871.0,1205.02,0.0838767886161804,0.0841514989733696,0.0896326377987861
1.0,qrnn_paper,paper_no_reset,henon_1000,4.0,0.001,4.0,2.0,8.0,1.0,64.0,0.0329432412981987,0.0306920614093542,0.140238419175148,0.134472370147705,0.7688354253768921,0.7844551205635071,22.0,3920.0,2583.5,0.0728133648633957,0.0713270455598831,0.071968987584114
1.0,qrnn_paper,paper_no_reset,henon_1000,4.0,0.001,4.0,2.0,8.0,2.0,64.0,0.0503733791410923,0.0477676577866077,0.1803308874368667,0.1784443259239196,0.6132078170776367,0.635500967502594,22.0,1490.0,983.31,0.0784700371325016,0.0797109678387641,0.0789837315678596
1.0,qrnn_paper,paper_no_reset,henon_1000,4.0,0.001,4.0,2.0,8.0,4.0,64.0,0.0745102986693382,0.0686352103948593,0.2260615974664688,0.2183036804199218,0.2949172556400299,0.3755430877208709,22.0,2743.0,1831.67,0.0961942963302135,0.0924736559391021,0.0939802899956703
1.0,qrnn_paper,paper_no_reset,henon_1000,4.0,0.001,4.0,2.0,16.0,1.0,64.0,0.0499623380601406,0.0437497645616531,0.1803837567567825,0.1645492762327194,0.619522213935852,0.6745664477348328,22.0,1537.0,2118.75,0.0718267813324928,0.0712741166353225,0.0692925602197647
1.0,qrnn_paper,paper_no_reset,henon_1000,4.0,0.001,4.0,2.0,16.0,2.0,64.0,0.0675842240452766,0.0655468329787254,0.2129757106304168,0.2133692502975464,0.4076478481292724,0.4302243590354919,22.0,876.0,1221.92,0.0791256319731474,0.0812131613492965,0.0853908881545066
1.0,qrnn_paper,paper_no_reset,henon_1000,4.0,0.001,4.0,2.0,16.0,4.0,64.0,0.0770182088017463,0.0761865377426147,0.2309026271104812,0.2338920831680297,0.2177726775407791,0.2280390560626983,22.0,714.0,989.64,0.1159124732017517,0.1185607686638832,0.1141114309430122
1.0,qrnn_paper,paper_no_reset,henon_1000,5.0,0.001,4.0,2.0,8.0,1.0,64.0,0.0417251959443092,0.0366681404411792,0.1564409285783767,0.1500634104013443,0.6938663721084595,0.7351176738739014,22.0,1060.0,706.42,0.097089659422636,0.0966403484344482,0.1051773205399513
1.0,qrnn_paper,paper_no_reset,henon_1000,5.0,0.001,4.0,2.0,8.0,2.0,64.0,0.0453416928648948,0.0429820641875267,0.1680024862289428,0.1650418043136596,0.6621723175048828,0.6801558136940002,22.0,2492.0,1684.66,0.0677246671169996,0.0643761679530143,0.0700665935873985
1.0,qrnn_paper,paper_no_reset,henon_1000,5.0,0.001,4.0,2.0,8.0,4.0,64.0,0.078319527208805,0.072143942117691,0.2338556498289108,0.2260108888149261,0.200144276022911,0.31118044257164,22.0,714.0,479.47,0.0802924528717994,0.0786854401230812,0.086802028119564
1.0,qrnn_paper,paper_no_reset,henon_1000,5.0,0.001,4.0,2.0,16.0,1.0,64.0,0.0525735393166542,0.0492092445492744,0.181877925992012,0.1756745129823684,0.5915160179138184,0.6221693158149719,22.0,1244.0,1753.26,0.0859752014279365,0.0859007686376571,0.0858773440122604
1.0,qrnn_paper,paper_no_reset,henon_1000,5.0,0.001,4.0,2.0,16.0,2.0,64.0,0.0630884394049644,0.0626756101846695,0.2093476057052612,0.2062770426273346,0.4722121357917785,0.4706682860851288,22.0,1910.0,2571.42,0.1463271774351597,0.1471311748027801,0.1438150256872177
1.0,qrnn_paper,paper_no_reset,henon_1000,5.0,0.001,4.0,2.0,16.0,4.0,64.0,0.0775197744369506,0.0788938403129577,0.2342344373464584,0.2398781031370163,0.1865599155426025,0.1280899941921234,22.0,437.0,596.88,0.0801775977015495,0.0789669901132583,0.0780585259199142
1.0,qrnn_paper,paper_no_reset,henon_1000,6.0,0.001,4.0,2.0,8.0,1.0,64.0,0.0295419339090585,0.025917125865817,0.1289169788360595,0.1229705587029457,0.7957175374031067,0.8218985795974731,22.0,1639.0,1136.26,0.0602844957262277,0.0598152615129947,0.0611883774399757
1.0,qrnn_paper,paper_no_reset,henon_1000,6.0,0.001,4.0,2.0,8.0,2.0,64.0,0.0490668192505836,0.048828337341547,0.1776123642921447,0.1759636849164962,0.6262869834899902,0.6236623525619507,22.0,1294.0,863.98,0.0822978809475898,0.08209178596735,0.0833251848816871
1.0,qrnn_paper,paper_no_reset,henon_1000,6.0,0.001,4.0,2.0,8.0,4.0,64.0,0.0719748139381408,0.0650414004921913,0.2201198637485504,0.2139553129673004,0.3418594002723694,0.4309403896331787,22.0,1127.0,752.4,0.0792154096066951,0.0778230726718902,0.0793352052569389
1.0,qrnn_paper,paper_no_reset,henon_1000,6.0,0.001,4.0,2.0,16.0,1.0,64.0,0.0453599877655506,0.0452421158552169,0.1672917902469635,0.1718881875276565,0.6647217273712158,0.6606788039207458,22.0,947.0,1315.79,0.0758355982601642,0.0775802507996559,0.0809889510273933
1.0,qrnn_paper,paper_no_reset,henon_1000,6.0,0.001,4.0,2.0,16.0,2.0,64.0,0.0697522312402725,0.0673790499567985,0.2232310473918914,0.2159576565027237,0.3717498183250427,0.4019069969654083,22.0,732.0,990.64,0.0759764965623617,0.0793801248073577,0.0850098505616188
1.0,qrnn_paper,paper_no_reset,henon_1000,6.0,0.001,4.0,2.0,16.0,4.0,64.0,0.0759368985891342,0.0779892057180404,0.2325213551521301,0.2354337722063064,0.2366285771131515,0.1811549365520477,22.0,1641.0,2211.72,0.0938632480800151,0.0887177214026451,0.0952374041080474
1.0,qrnn_paper,paper_no_reset,henon_1000,7.0,0.001,4.0,2.0,8.0,1.0,64.0,0.0276448596268892,0.0258136894553899,0.1295843422412872,0.123900718986988,0.8103919625282288,0.8226273059844971,22.0,4420.0,2888.82,0.0757463887333869,0.0739227905869484,0.0772729963064193
1.0,qrnn_paper,paper_no_reset,henon_1000,7.0,0.001,4.0,2.0,8.0,2.0,64.0,0.0489109493792057,0.0458439588546752,0.1759888082742691,0.1709085702896118,0.6289801597595215,0.6532596349716187,22.0,1169.0,772.82,0.060999010130763,0.0600251927971839,0.0630740374326706
1.0,qrnn_paper,paper_no_reset,henon_1000,7.0,0.001,4.0,2.0,8.0,4.0,64.0,0.0706671774387359,0.0687704160809516,0.2194852381944656,0.2206325381994247,0.3565859496593475,0.3737118244171142,22.0,2628.0,1759.14,0.1159518219530582,0.1079432591795921,0.1140723824501037
1.0,qrnn_paper,paper_no_reset,henon_1000,7.0,0.001,4.0,2.0,16.0,1.0,64.0,0.079315647482872,0.075018361210823,0.2367561012506485,0.232318639755249,0.1831806749105453,0.2574551105499267,22.0,602.0,831.85,0.1486490458250045,0.1385504752397537,0.1517345458269119
1.0,qrnn_paper,paper_no_reset,henon_1000,7.0,0.001,4.0,2.0,16.0,2.0,64.0,0.0655239522457122,0.0651706457138061,0.2161805033683776,0.2147647142410278,0.434874027967453,0.4344599843025207,22.0,1959.0,2702.54,0.0771013356745243,0.0815468430519104,0.0835475325584411
1.0,qrnn_paper,paper_no_reset,henon_1000,7.0,0.001,4.0,2.0,16.0,4.0,64.0,0.080044001340866,0.0767243057489395,0.2337291091680526,0.2299836426973343,0.1659904420375824,0.2390548139810562,22.0,763.0,1067.79,0.0772440206259489,0.0819193422794342,0.0776424780488014
1.0,qrnn_paper,paper_no_reset,henon_1000,8.0,0.001,4.0,2.0,8.0,1.0,64.0,0.0299481526017189,0.0269595757126808,0.1364139765501022,0.1290210038423538,0.7926009893417358,0.8139423131942749,22.0,727.0,479.97,0.0458624303340911,0.0436443015933036,0.0477390848100185
1.0,qrnn_paper,paper_no_reset,henon_1000,8.0,0.001,4.0,2.0,8.0,2.0,64.0,0.0500924177467823,0.0476438216865062,0.177905648946762,0.175528809428215,0.6160367131233215,0.6358965039253235,22.0,1423.0,938.13,0.0730392754077911,0.0754014179110527,0.0781954303383827
1.0,qrnn_paper,paper_no_reset,henon_1000,8.0,0.001,4.0,2.0,8.0,4.0,64.0,0.0763172134757042,0.0687601938843727,0.2267597615718841,0.2189872115850448,0.2540850341320038,0.373446524143219,22.0,1498.0,1007.19,0.0803022943437099,0.0799983590841293,0.0833357572555542
1.0,qrnn_paper,paper_no_reset,henon_1000,8.0,0.001,4.0,2.0,16.0,1.0,64.0,0.0418772473931312,0.0398210883140563,0.1628897488117218,0.1579765528440475,0.6955050826072693,0.7099125385284424,22.0,3538.0,4690.57,0.0614943467080593,0.0598822906613349,0.0627383813261985
1.0,qrnn_paper,paper_no_reset,henon_1000,8.0,0.001,4.0,2.0,16.0,2.0,64.0,0.0647555738687515,0.0586336553096771,0.2064295411109924,0.1971828490495681,0.4601215720176697,0.5193263292312622,22.0,1410.0,1941.6,0.0719840876758098,0.0734185427427291,0.0842119976878166
1.0,qrnn_paper,paper_no_reset,henon_1000,8.0,0.001,4.0,2.0,16.0,4.0,64.0,0.0735275298357009,0.070737600326538,0.2252639830112457,0.2225952595472335,0.2949450016021728,0.3393383324146271,22.0,1356.0,1906.21,0.080032017827034,0.082093745470047,0.0858688428997993
1.0,qrnn_paper,paper_no_reset,henon_1000,9.0,0.001,4.0,2.0,8.0,1.0,64.0,0.036386951804161,0.0352592095732688,0.1512006223201751,0.1488196700811386,0.7401121854782104,0.7470781803131104,22.0,913.0,606.22,0.0884964823722839,0.0876019299030304,0.0883636400103569
1.0,qrnn_paper,paper_no_reset,henon_1000,9.0,0.001,4.0,2.0,8.0,2.0,64.0,0.0488861501216888,0.0481595136225223,0.1761423349380493,0.1774442791938781,0.628149688243866,0.6310542225837708,22.0,3205.0,2124.8,0.0841318070888519,0.0851209983229637,0.0865725874900817
1.0,qrnn_paper,paper_no_reset,henon_1000,9.0,0.001,4.0,2.0,8.0,4.0,64.0,0.0744443461298942,0.0723762512207031,0.2273635119199752,0.2274580299854278,0.2799400687217712,0.306729108095169,22.0,953.0,626.96,0.0947413384914398,0.0935235545039177,0.0923807173967361
1.0,qrnn_paper,paper_no_reset,henon_1000,9.0,0.001,4.0,2.0,16.0,1.0,64.0,0.0407652482390403,0.0467396154999733,0.1668143272399902,0.1768778264522552,0.7044097185134888,0.6465272903442383,22.0,1903.0,2578.3,0.0827885463833808,0.0866292268037796,0.0885148718953132
1.0,qrnn_paper,paper_no_reset,henon_1000,9.0,0.001,4.0,2.0,16.0,2.0,64.0,0.0641380026936531,0.0734983459115028,0.2091947048902511,0.2292694747447967,0.4557855725288391,0.305958092212677,22.0,1803.0,2469.94,0.0686780355870723,0.0782266482710838,0.0708361193537712
1.0,qrnn_paper,paper_no_reset,henon_1000,9.0,0.001,4.0,2.0,16.0,4.0,64.0,0.0766075700521469,0.0747113823890686,0.2312932908535003,0.2288459986448288,0.2189802676439285,0.2577745318412781,22.0,667.0,956.74,0.0766705550253391,0.0781977772712707,0.0800225511193275
1.0,qrnn_paper,paper_no_reset,mackey_1000,0.0,0.001,8.0,4.0,4.0,1.0,64.0,1.310954030486755e-05,5.79895349801518e-05,0.0027452155482023,0.0040012137033045,0.999876856803894,0.9995520710945128,37.0,4270.0,3668.08,0.0090766600333154,0.0103400256484746,0.0074161817319691
1.0,qrnn_paper,paper_no_reset,mackey_1000,0.0,0.001,8.0,4.0,4.0,70.0,64.0,0.035767525434494,0.0285651832818985,0.1455793976783752,0.1322758048772812,0.6045982241630554,0.7615501284599304,37.0,1707.0,1392.62,0.0352080905189116,0.0309621915221214,0.0377083718776702
1.0,qrnn_paper,paper_no_reset,mackey_1000,0.0,0.001,8.0,4.0,4.0,140.0,64.0,0.0377195440232753,0.0428695008158683,0.1552674025297165,0.1669069528579712,0.5208224654197693,0.6193216443061829,37.0,1053.0,853.68,0.0498005474607149,0.0570232942700386,0.0475560799241066
1.0,qrnn_paper,paper_no_reset,mackey_1000,0.0,0.001,8.0,4.0,8.0,1.0,64.0,0.0001007466271403,0.0001528608845546,0.0074679683893918,0.0094332173466682,0.9990630745887756,0.9988811016082764,37.0,1364.0,2441.05,0.0019016000558622,0.0042016515508294,0.001485057757236
1.0,qrnn_paper,paper_no_reset,mackey_1000,0.0,0.001,8.0,4.0,8.0,70.0,64.0,0.027761735022068,0.0225460175424814,0.131746307015419,0.1218566447496414,0.7158355116844177,0.8146457672119141,37.0,1841.0,3049.98,0.0320925859527455,0.029283320531249,0.0372653901576995
1.0,qrnn_paper,paper_no_reset,mackey_1000,0.0,0.001,8.0,4.0,8.0,140.0,64.0,0.0369517318904399,0.0292228087782859,0.1550909280776977,0.1372085511684417,0.5702423453330994,0.7657771110534668,37.0,3960.0,5636.95,0.0429182713851332,0.0441490784287452,0.0401307642459869
1.0,qrnn_paper,paper_no_reset,mackey_1000,0.0,0.001,8.0,4.0,16.0,1.0,64.0,5.3807543736184016e-05,0.0001254928938578,0.0058739939704537,0.0080514345318079,0.999480366706848,0.9990525245666504,37.0,2656.0,9053.23,0.0017591836862266,0.0031816947739571,0.0014684434281662
1.0,qrnn_paper,paper_no_reset,mackey_1000,0.0,0.001,8.0,4.0,16.0,70.0,64.0,0.0191546380519866,0.0148031776770949,0.1054596602916717,0.0951857417821884,0.8238380551338196,0.8817293047904968,37.0,1470.0,4721.56,0.022838478287061,0.0214676670730114,0.0343128778040409
1.0,qrnn_paper,paper_no_reset,mackey_1000,0.0,0.001,8.0,4.0,16.0,140.0,64.0,0.0332737267017364,0.0227202177047729,0.1512454748153686,0.1211168095469474,0.6305751204490662,0.8204077482223511,37.0,1422.0,4272.21,0.0355263277888298,0.0371916592121124,0.0343944206833839
1.0,qrnn_paper,paper_no_reset,mackey_1000,1.0,0.001,8.0,4.0,4.0,1.0,64.0,2.111933099513408e-05,4.383910345495679e-05,0.0034516325686126,0.0045705777592957,0.9998115301132202,0.9996650815010072,37.0,6164.0,5250.3,0.0080095990095287,0.0084493923932313,0.0068760379217565
1.0,qrnn_paper,paper_no_reset,mackey_1000,1.0,0.001,8.0,4.0,4.0,70.0,64.0,0.03444679453969,0.0278037898242473,0.1436147987842559,0.1309480965137481,0.6229231953620911,0.768395721912384,37.0,2033.0,1672.53,0.0356321423831913,0.0315708890557289,0.0375690571963787
1.0,qrnn_paper,paper_no_reset,mackey_1000,1.0,0.001,8.0,4.0,4.0,140.0,64.0,0.0378494635224342,0.0458921492099761,0.1598859578371048,0.1713708341121673,0.5120243430137634,0.5816784501075745,37.0,1210.0,941.52,0.0470022916819693,0.0616011470556259,0.0468524321913719
1.0,qrnn_paper,paper_no_reset,mackey_1000,1.0,0.001,8.0,4.0,8.0,1.0,64.0,2.7357191356713884e-05,0.0001358516892651,0.0040728775784373,0.0057416348718106,0.999748468399048,0.9989567399024964,37.0,4562.0,7688.28,0.0290712375193834,0.0350145660340786,0.0228976048529148
1.0,qrnn_paper,paper_no_reset,mackey_1000,1.0,0.001,8.0,4.0,8.0,70.0,64.0,0.0271118786185979,0.0202808994799852,0.1281501054763794,0.1138762161135673,0.7177290916442871,0.8402070999145508,37.0,1633.0,2657.55,0.0295569772521654,0.0269458815455436,0.0359823890030384
1.0,qrnn_paper,paper_no_reset,mackey_1000,1.0,0.001,8.0,4.0,8.0,140.0,64.0,0.0366362631320953,0.0296337064355611,0.1548754870891571,0.1349565684795379,0.5856855511665344,0.7535596489906311,37.0,3958.0,5486.03,0.0435786484740674,0.0451002046465873,0.0448499545454978
1.0,qrnn_paper,paper_no_reset,mackey_1000,1.0,0.001,8.0,4.0,16.0,1.0,64.0,3.9072383515303954e-05,0.0001097008280339,0.0050502200610935,0.0071721300482749,0.9996404647827148,0.999167799949646,37.0,2124.0,7093.65,0.0027723369305022,0.004825270269066,0.0021337145008146
1.0,qrnn_paper,paper_no_reset,mackey_1000,1.0,0.001,8.0,4.0,16.0,70.0,64.0,0.0179801303893327,0.0154785746708512,0.1052504330873489,0.1041787788271904,0.8260385394096375,0.8772218227386475,37.0,1653.0,5238.55,0.0296329454415374,0.0289975851774215,0.0347858890891075
1.0,qrnn_paper,paper_no_reset,mackey_1000,1.0,0.001,8.0,4.0,16.0,140.0,64.0,0.0328674726188182,0.0229320209473371,0.1411081403493881,0.1193411350250244,0.654162585735321,0.8281509876251221,37.0,1247.0,3633.22,0.0392784834839403,0.0421682521700859,0.0426804572343826
1.0,qrnn_paper,paper_no_reset,mackey_1000,2.0,0.001,8.0,4.0,4.0,1.0,64.0,2.2104044546722434e-05,3.691347228595987e-05,0.0036989890504628,0.0042237853631377,0.9997961521148682,0.9997174739837646,37.0,3650.0,3036.06,0.010531211271882,0.0120117673650383,0.0081506790593266
1.0,qrnn_paper,paper_no_reset,mackey_1000,2.0,0.001,8.0,4.0,4.0,70.0,64.0,0.0342899002134799,0.0274279005825519,0.1450035125017166,0.1292181015014648,0.624759316444397,0.7724958062171936,37.0,1184.0,940.37,0.0371350316951672,0.0322629809379577,0.0391349270939827
1.0,qrnn_paper,paper_no_reset,mackey_1000,2.0,0.001,8.0,4.0,4.0,140.0,64.0,0.0396958440542221,0.0435439683496952,0.1599852591753006,0.1700411140918731,0.4810364544391632,0.615631103515625,37.0,1987.0,1544.35,0.0515010374494724,0.0646886155009269,0.0545759573578834
1.0,qrnn_paper,paper_no_reset,mackey_1000,2.0,0.001,8.0,4.0,8.0,1.0,64.0,5.804085230920464e-05,0.0001733626995701,0.0058016167022287,0.0077947205863893,0.9994983673095704,0.9986668229103088,37.0,2541.0,4458.04,0.0032422126736491,0.0056027173995971,0.0026499428786337
1.0,qrnn_paper,paper_no_reset,mackey_1000,2.0,0.001,8.0,4.0,8.0,70.0,64.0,0.0302077271044254,0.0229045152664184,0.1369424611330032,0.1204733029007911,0.6815708875656128,0.815047025680542,37.0,906.0,1451.92,0.0275008765359719,0.0264050047844648,0.0342962667346
1.0,qrnn_paper,paper_no_reset,mackey_1000,2.0,0.001,8.0,4.0,8.0,140.0,64.0,0.0375254712998867,0.0369273647665977,0.1581315398216247,0.1582987010478973,0.5318771600723267,0.6783740520477295,37.0,914.0,1344.32,0.0441737072542309,0.0436672605574131,0.0416177958250045
1.0,qrnn_paper,paper_no_reset,mackey_1000,2.0,0.001,8.0,4.0,16.0,1.0,64.0,0.0001263337180716,0.0006186682148836,0.0092583196237683,0.0148093225434422,0.9988648891448976,0.9953216910362244,37.0,833.0,2924.21,0.0037634317064657,0.0058757667429745,0.0026756657753139
1.0,qrnn_paper,paper_no_reset,mackey_1000,2.0,0.001,8.0,4.0,16.0,70.0,64.0,0.0164641831070184,0.0106069613248109,0.0958494395017623,0.0837474837899208,0.8694460988044739,0.9185788631439208,37.0,3016.0,9202.31,0.0221500680264499,0.0238455012440681,0.0281949806958436
1.0,qrnn_paper,paper_no_reset,mackey_1000,2.0,0.001,8.0,4.0,16.0,140.0,64.0,0.0352430865168571,0.0222427025437355,0.1508727222681045,0.1211839690804481,0.6193146109580994,0.8353326320648193,37.0,1195.0,3485.13,0.0388231403194367,0.0348620489239692,0.0426608547568321
1.0,qrnn_paper,paper_no_reset,mackey_1000,3.0,0.001,8.0,4.0,4.0,1.0,64.0,6.343347922665998e-05,7.7717391832266e-05,0.0063344156369566,0.0071396091952919,0.9993794560432434,0.9994056224822998,37.0,2441.0,2051.9,0.0086744500789791,0.0092499060556292,0.0069051994942128
1.0,qrnn_paper,paper_no_reset,mackey_1000,3.0,0.001,8.0,4.0,4.0,70.0,64.0,0.0338719375431537,0.0288270376622676,0.1418458372354507,0.1329930424690246,0.6278461813926697,0.7572489380836487,37.0,1034.0,823.25,0.0342727889203363,0.0311233699321746,0.0364207923412323
1.0,qrnn_paper,paper_no_reset,mackey_1000,3.0,0.001,8.0,4.0,4.0,140.0,64.0,0.0387961603701114,0.0436177104711532,0.1572005599737167,0.1680430769920349,0.5080853700637817,0.6062485575675964,37.0,1045.0,814.33,0.0486130053436176,0.06244408339262,0.0507382228970527
1.0,qrnn_paper,paper_no_reset,mackey_1000,3.0,0.001,8.0,4.0,8.0,1.0,64.0,4.499459100770764e-05,9.678368223831058e-05,0.0050196684896945,0.0065700863488018,0.999575674533844,0.9992559552192688,37.0,2770.0,4693.02,0.011660018377006,0.015040960162878,0.0088691161945462
1.0,qrnn_paper,paper_no_reset,mackey_1000,3.0,0.001,8.0,4.0,8.0,70.0,64.0,0.0226294137537479,0.018488772213459,0.1163535118103027,0.1096512153744697,0.7678157687187195,0.854603111743927,37.0,1811.0,2836.75,0.0316856851180394,0.0298328213393688,0.0355721898376941
1.0,qrnn_paper,paper_no_reset,mackey_1000,3.0,0.001,8.0,4.0,8.0,140.0,64.0,0.0334611423313617,0.027590662240982,0.148833230137825,0.1280559599399566,0.6226682066917419,0.7756950855255127,37.0,3002.0,4214.9,0.0477480748668313,0.0483321398496627,0.0459644012153148
,,,,,,,,,,,,,,,,,,,,,,
,,,,,,,,,,,,,,,,,,,,,,
,,,,,,,,,,,,,,,,,,,,,,
,,,,,,,,,,,,,,,,,,,,,,
,,,,,,,,,,,,,,,,,,,,,,
,,,,,,,,,,,,,,,,,,,,,,
,,,,,,,,,,,,,,,,,,,,,,
,,,,,,,,,,,,,,,,,,,,,,
,,,,,,,,,,,,,,,,,,,,,,
,,,,,,,,,,,,,,,,,,,,,,
,,,,,,,,,,,,,,,,,,,,,,
,,,,,,,,,,,,,,,,,,,,,,
,,,,,,,,,,,,,,,,,,,,,,
,,,,,,,,,,,,,,,,,,,,,,
,,,,,,,,,,,,,,,,,,,,,,
,,,,,,,,,,,,,,,,,,,,,,
,,,,,,,,,,,,,,,,,,,,,,
,,,,,,,,,,,,,,,,,,,,,,
,,,,,,,,,,,,,,,,,,,,,,
,,,,,,,,,,,,,,,,,,,,,,
,,,,,,,,,,,,,,,,,,,,,,
,,,,,,,,,,,,,,,,,,,,,,
,,,,,,,,,,,,,,,,,,,,,,
,,,,,,,,,,,,,,,,,,,,,,
,,,,,,,,,,,,,,,,,,,,,,
,,,,,,,,,,,,,,,,,,,,,,
,,,,,,,,,,,,,,,,,,,,,,
,,,,,,,,,,,,,,,,,,,,,,
,,,,,,,,,,,,,,,,,,,,,,
,,,,,,,,,,,,,,,,,,,,,,
,,,,,,,,,,,,,,,,,,,,,,
,,,,,,,,,,,,,,,,,,,,,,
1.0,qrnn_paper,paper_no_reset,mackey_1000,7.0,0.001,8.0,4.0,4.0,140.0,64.0,0.036838486790657,0.0432052984833717,0.1555216014385223,0.1680237352848053,0.5314253568649292,0.6104719042778015,37.0,799.0,626.3,0.0526255721019374,0.0523797199130058,0.0446366146206855
1.0,qrnn_paper,paper_no_reset,mackey_1000,7.0,0.001,8.0,4.0,8.0,1.0,64.0,7.569937588414177e-05,0.0001617232046555,0.0068640913814306,0.0086321141570806,0.9993123412132264,0.9987611174583436,37.0,2137.0,3531.73,0.001241476170253,0.0018164073117077,0.0008651529788039
1.0,qrnn_paper,paper_no_reset,mackey_1000,7.0,0.001,8.0,4.0,8.0,70.0,64.0,0.0319566838443279,0.023584458976984,0.14374540746212,0.1262817531824112,0.6689642667770386,0.8064829707145691,37.0,820.0,1358.16,0.02808554801676,0.027321545407176,0.0354430638253688
1.0,qrnn_paper,paper_no_reset,mackey_1000,7.0,0.001,8.0,4.0,8.0,140.0,64.0,0.0332411080598831,0.0287779998034238,0.1513617634773254,0.1330367624759674,0.61273193359375,0.7687150239944458,37.0,4104.0,5712.25,0.0454046074301004,0.0464936308562755,0.046578824520111
1.0,qrnn_paper,paper_no_reset,mackey_1000,7.0,0.001,8.0,4.0,16.0,1.0,64.0,5.2653664170065895e-05,0.0001880592171801,0.0059238960966467,0.0088060507550835,0.999498724937439,0.9985555410385132,37.0,2204.0,7554.42,0.0014764599851332,0.002544991672039,0.0009892066009342
1.0,qrnn_paper,paper_no_reset,mackey_1000,7.0,0.001,8.0,4.0,16.0,70.0,64.0,0.0103381667286157,0.0084726968780159,0.076808787882328,0.0727745667099952,0.915886402130127,0.9368569254875184,37.0,2228.0,7035.05,0.0248201775054136,0.0230812821537256,0.0342023968696594
1.0,qrnn_paper,paper_no_reset,mackey_1000,7.0,0.001,8.0,4.0,16.0,140.0,64.0,0.0367037802934646,0.0232555624097585,0.1546488404273986,0.1215560510754585,0.5919753909111023,0.8090018630027771,37.0,1395.0,3918.19,0.0354603440500795,0.0362159274518489,0.0338190644979476
1.0,qrnn_paper,paper_no_reset,mackey_1000,8.0,0.001,8.0,4.0,4.0,1.0,64.0,5.800298458780162e-05,0.0002052861236734,0.0059456303715705,0.008765953592956,0.9994574189186096,0.9984128475189208,37.0,1071.0,957.34,0.008549878699705,0.0118498634546995,0.0062199584208428
1.0,qrnn_paper,paper_no_reset,mackey_1000,8.0,0.001,8.0,4.0,4.0,70.0,64.0,0.0346745662391185,0.0282068587839603,0.1439084112644195,0.1318283975124359,0.6164747476577759,0.7651982307434082,37.0,1757.0,1405.47,0.0340698789805173,0.0304015036672353,0.0362409427762031
1.0,qrnn_paper,paper_no_reset,mackey_1000,8.0,0.001,8.0,4.0,4.0,140.0,64.0,0.0369417145848274,0.0450462661683559,0.156310886144638,0.1696186512708664,0.5289088487625122,0.5863656997680664,37.0,1085.0,887.02,0.0627835310167736,0.0608082823455333,0.0490724146366119
1.0,qrnn_paper,paper_no_reset,mackey_1000,8.0,0.001,8.0,4.0,8.0,1.0,64.0,0.000137374154292,0.0003470256924629,0.0090601062402129,0.0118928188458085,0.9987492561340332,0.9973273873329164,37.0,1552.0,2614.38,0.0026776802027598,0.0041235289536416,0.00185835827142
1.0,qrnn_paper,paper_no_reset,mackey_1000,8.0,0.001,8.0,4.0,8.0,70.0,64.0,0.030422693118453,0.0209699682891368,0.1376884877681732,0.1185895949602127,0.6901068091392517,0.8315743803977966,37.0,1732.0,2714.27,0.0308672789898183,0.0294528733938932,0.0347496978938579
1.0,qrnn_paper,paper_no_reset,mackey_1000,8.0,0.001,8.0,4.0,8.0,140.0,64.0,0.0403472743928432,0.0319172739982605,0.1648345440626144,0.1451813727617263,0.5285937190055847,0.7257201075553894,37.0,2200.0,3322.9,0.0468974285759031,0.048525147140026,0.0456580631434917
1.0,qrnn_paper,paper_no_reset,mackey_1000,8.0,0.001,8.0,4.0,16.0,1.0,64.0,0.0002791957522276,0.0008126828470267,0.0128576504066586,0.0206928551197052,0.9974579215049744,0.9939213395118712,37.0,922.0,3334.33,0.0111237412318587,0.0143521353602409,0.0080383103340864
1.0,qrnn_paper,paper_no_reset,mackey_1000,8.0,0.001,8.0,4.0,16.0,70.0,64.0,0.013637357391417,0.0101010352373123,0.0897820144891738,0.0827841535210609,0.882029116153717,0.9239014983177184,37.0,2567.0,7961.21,0.0231224724815951,0.0205032173544168,0.0315745286643505
1.0,qrnn_paper,paper_no_reset,mackey_1000,8.0,0.001,8.0,4.0,16.0,140.0,64.0,0.0338651202619075,0.0223927181214094,0.1443023979663849,0.1181315258145332,0.6412239670753479,0.8265751600265503,37.0,1370.0,4062.72,0.0331754623912274,0.0326748266816139,0.0358496345579624
1.0,qrnn_paper,paper_no_reset,mackey_1000,9.0,0.001,8.0,4.0,4.0,1.0,64.0,1.4801707038714085e-05,5.737019455409609e-05,0.0029673338867723,0.004526357166469,0.99986332654953,0.9995569586753844,37.0,4670.0,3962.17,0.0052990575786679,0.0074788564816117,0.0037492865230888
1.0,qrnn_paper,paper_no_reset,mackey_1000,9.0,0.001,8.0,4.0,4.0,70.0,64.0,0.033830177038908,0.0268509685993194,0.1443116664886474,0.1296913623809814,0.6338428854942322,0.7777983546257019,37.0,3568.0,2808.7,0.0423860947291056,0.0360169149935245,0.0478625930845737
1.0,qrnn_paper,paper_no_reset,mackey_1000,9.0,0.001,8.0,4.0,4.0,140.0,64.0,0.0382892414927482,0.0432694554328918,0.1567915081977844,0.1669908016920089,0.509626030921936,0.6071527004241943,37.0,879.0,723.41,0.0457846486654792,0.0573398470878601,0.0492131486535072
1.0,qrnn_paper,paper_no_reset,mackey_1000,9.0,0.001,8.0,4.0,8.0,1.0,64.0,8.779953350313008e-05,0.0001552192406961,0.0075159547850489,0.0089065926149487,0.9992346167564392,0.9988096952438354,37.0,1777.0,3106.93,0.0135215013287961,0.0148271583020687,0.0108039453625679
,,,,,,,,,,,,,,,,,,,,,,
,,,,,,,,,,,,,,,,,,,,,,
,,,,,,,,,,,,,,,,,,,,,,
,,,,,,,,,,,,,,,,,,,,,,
,,,,,,,,,,,,,,,,,,,,,,
,,,,,,,,,,,,,,,,,,,,,,
,,,,,,,,,,,,,,,,,,,,,,
,,,,,,,,,,,,,,,,,,,,,,
,,,,,,,,,,,,,,,,,,,,,,
,,,,,,,,,,,,,,,,,,,,,,
,,,,,,,,,,,,,,,,,,,,,,
,,,,,,,,,,,,,,,,,,,,,,
1.0,qrnn_paper,paper_no_reset,lorenz_1000,0.0,0.001,8.0,4.0,16.0,13.0,64.0,0.0264760144054889,0.0246156807988882,0.1190343126654625,0.1172862499952316,0.6714810729026794,0.6998549699783325,47.0,1710.0,6548.8,0.0415519198402762,0.0525832995772361,0.0473727770149707
1.0,qrnn_paper,paper_no_reset,lorenz_1000,0.0,0.001,8.0,4.0,16.0,25.0,64.0,0.0274194851517677,0.0267299041152,0.1248007640242576,0.1258366405963897,0.6579342484474182,0.6506272554397583,47.0,1346.0,4995.91,0.030475135685669,0.0394654087722301,0.0371623896062374
1.0,qrnn_paper,paper_no_reset,lorenz_1000,1.0,0.001,8.0,4.0,4.0,1.0,64.0,0.0001133401310653,0.0001145326314144,0.0080313403159379,0.0082528609782457,0.9987791180610656,0.9987662434577942,47.0,1686.0,1644.76,0.0058668473036959,0.0048127891495823,0.0050125592388212
1.0,qrnn_paper,paper_no_reset,lorenz_1000,1.0,0.001,8.0,4.0,4.0,13.0,64.0,0.0238197036087512,0.0265650991350412,0.115289069712162,0.1223422437906265,0.7133494019508362,0.6627333760261536,47.0,2820.0,2693.72,0.0413924522697925,0.0476576499640941,0.0445078127086162
1.0,qrnn_paper,paper_no_reset,lorenz_1000,1.0,0.001,8.0,4.0,4.0,25.0,64.0,0.023847384378314,0.0261894483119249,0.1213537231087684,0.1283111423254013,0.738211989402771,0.6941121220588684,47.0,3312.0,3231.99,0.0455315396189689,0.0573001950979232,0.0506414957344532
1.0,qrnn_paper,paper_no_reset,lorenz_1000,1.0,0.001,8.0,4.0,8.0,1.0,64.0,0.0005071050254628,0.0005104474257677,0.0169712919741868,0.0168560910969972,0.9945201873779296,0.9945067763328552,47.0,2631.0,5048.1,0.0066682714037597,0.0060512633062899,0.0061294101178646
1.0,qrnn_paper,paper_no_reset,lorenz_1000,1.0,0.001,8.0,4.0,8.0,13.0,64.0,0.0207028742879629,0.0214307904243469,0.1030184552073478,0.1053619980812072,0.7665536999702454,0.7457424998283386,47.0,1356.0,2692.79,0.0339080965146422,0.0392811261117458,0.0386132486164569
1.0,qrnn_paper,paper_no_reset,lorenz_1000,1.0,0.001,8.0,4.0,8.0,25.0,64.0,0.0243252031505107,0.0245506670325994,0.1197700798511505,0.1199843510985374,0.7180575132369995,0.7033146023750305,47.0,2474.0,4725.11,0.0342386934906244,0.0439243800938129,0.0415703728795051
1.0,qrnn_paper,paper_no_reset,lorenz_1000,1.0,0.001,8.0,4.0,16.0,1.0,64.0,0.0035975305363535,0.003852171357721,0.0491116568446159,0.0522365346550941,0.9608819484710692,0.9581628441810608,47.0,1226.0,4846.52,0.0279967110604047,0.0332225486636161,0.0316684991121292
1.0,qrnn_paper,paper_no_reset,lorenz_1000,1.0,0.001,8.0,4.0,16.0,13.0,64.0,0.036541324108839,0.0346627235412597,0.1447038799524307,0.1403933316469192,0.4911553263664245,0.517755389213562,47.0,811.0,3311.44,0.0352514756843447,0.0449532978236675,0.0438990145921707
1.0,qrnn_paper,paper_no_reset,lorenz_1000,1.0,0.001,8.0,4.0,16.0,25.0,64.0,0.0302174612879753,0.0297851935029029,0.1334482282400131,0.1330750733613968,0.6072165966033936,0.596226155757904,47.0,631.0,2352.06,0.0334847583952877,0.0412030145525932,0.0404365956783294
1.0,qrnn_paper,paper_no_reset,lorenz_1000,2.0,0.001,8.0,4.0,4.0,1.0,64.0,0.0001511685841251,0.0001738125720294,0.0094231646507978,0.00982843991369,0.9983833432197572,0.9981464147567748,47.0,4012.0,3887.21,0.0346427708864212,0.0420924946665763,0.0297921076416969
1.0,qrnn_paper,paper_no_reset,lorenz_1000,2.0,0.001,8.0,4.0,4.0,13.0,64.0,0.0239430628716945,0.0258368533104658,0.1163221001625061,0.1213082000613212,0.7152895331382751,0.6786232590675354,47.0,3575.0,3417.63,0.0357214201241731,0.0465374067425727,0.0398047305643558
1.0,qrnn_paper,paper_no_reset,lorenz_1000,2.0,0.001,8.0,4.0,4.0,25.0,64.0,0.0290682837367057,0.0281759146600961,0.130963996052742,0.1283972114324569,0.6411342024803162,0.6513605117797852,47.0,1678.0,1643.01,0.0362937374040484,0.0455955117940902,0.0441750548779964
1.0,qrnn_paper,paper_no_reset,lorenz_1000,2.0,0.001,8.0,4.0,8.0,1.0,64.0,0.0009871674701571,0.0007758211577311,0.0229765884578228,0.0203219968825578,0.989559531211853,0.9916836619377136,47.0,3570.0,6656.28,0.0102541200816631,0.0089816628023982,0.0078243901953101
1.0,qrnn_paper,paper_no_reset,lorenz_1000,2.0,0.001,8.0,4.0,8.0,13.0,64.0,0.0207496248185634,0.0214541051536798,0.1018176972866058,0.1019274294376373,0.7662858366966248,0.745090663433075,47.0,1908.0,3753.68,0.0372504146769642,0.0441765896975994,0.039758700877428
1.0,qrnn_paper,paper_no_reset,lorenz_1000,2.0,0.001,8.0,4.0,8.0,25.0,64.0,0.023410577327013,0.0226640719920396,0.1172346398234367,0.1140547692775726,0.7319338917732239,0.7289206981658936,47.0,1963.0,3952.39,0.0388858279213309,0.0448135249316692,0.0468239337205886
1.0,qrnn_paper,paper_no_reset,lorenz_1000,2.0,0.001,8.0,4.0,16.0,1.0,64.0,0.0030913103837519,0.0029134924989193,0.0439116358757019,0.0422964096069335,0.9663678407669068,0.9684514999389648,47.0,1067.0,4285.4,0.0167864835821092,0.0178554728627204,0.0171200782060623
1.0,qrnn_paper,paper_no_reset,lorenz_1000,2.0,0.001,8.0,4.0,16.0,13.0,64.0,0.0269209910184144,0.0273848231881856,0.1246464103460311,0.1278999298810959,0.6601740717887878,0.6603926420211792,47.0,812.0,3361.11,0.0324304955080151,0.0420221090316772,0.0377121903002262
1.0,qrnn_paper,paper_no_reset,lorenz_1000,2.0,0.001,8.0,4.0,16.0,25.0,64.0,0.026804469525814,0.0266252625733613,0.1293054968118667,0.1281972229480743,0.676080584526062,0.6524035930633545,47.0,1664.0,6055.09,0.0597682980199654,0.0588781088590621,0.0534141696989536
1.0,qrnn_paper,paper_no_reset,lorenz_1000,3.0,0.001,8.0,4.0,4.0,1.0,64.0,0.000204504627618,0.0001893889857456,0.0108848484233021,0.0102762794122099,0.997811198234558,0.9979711174964904,47.0,2615.0,2590.59,0.0157505526207387,0.0169089771807193,0.0145522998645901
1.0,qrnn_paper,paper_no_reset,lorenz_1000,3.0,0.001,8.0,4.0,4.0,13.0,64.0,0.0244507119059562,0.0264528859406709,0.1182282194495201,0.1239460110664367,0.7086512446403503,0.6672126054763794,47.0,3958.0,3908.09,0.0424778014421463,0.0533427260816097,0.0489597618579864
1.0,qrnn_paper,paper_no_reset,lorenz_1000,3.0,0.001,8.0,4.0,4.0,25.0,64.0,0.0312775075435638,0.0319420769810676,0.1389127373695373,0.1392323523759842,0.595344603061676,0.5741881132125854,47.0,1615.0,1610.92,0.0485920023173093,0.0638518258929252,0.0542291216552257
1.0,qrnn_paper,paper_no_reset,lorenz_1000,3.0,0.001,8.0,4.0,8.0,1.0,64.0,0.0006648225826211,0.0005639757146127,0.0192833840847015,0.01772934012115,0.9928188323974608,0.9939422607421876,47.0,1872.0,3699.91,0.0070752460043877,0.0072771026752889,0.0063571925275027
1.0,qrnn_paper,paper_no_reset,lorenz_1000,3.0,0.001,8.0,4.0,8.0,13.0,64.0,0.0215463805943727,0.0229977611452341,0.1094165742397308,0.1122763752937316,0.7537071108818054,0.7247660160064697,47.0,1313.0,2686.33,0.0389916691929101,0.04526287317276,0.0427663028240203
1.0,qrnn_paper,paper_no_reset,lorenz_1000,3.0,0.001,8.0,4.0,8.0,25.0,64.0,0.0237904749810695,0.0243074838072061,0.1192191764712333,0.1210344433784484,0.7305012941360474,0.7085363268852234,47.0,1596.0,3188.1,0.042528863158077,0.0515447929501533,0.0467661395668983
1.0,qrnn_paper,paper_no_reset,lorenz_1000,3.0,0.001,8.0,4.0,16.0,1.0,64.0,0.0054364912211894,0.0047958642244338,0.0560770183801651,0.0517546273767948,0.940234899520874,0.9479240775108336,47.0,678.0,2839.23,0.0151571856811642,0.0182295273989439,0.0155197894200682
1.0,qrnn_paper,paper_no_reset,lorenz_1000,3.0,0.001,8.0,4.0,16.0,13.0,64.0,0.0258908085525035,0.0271537136286497,0.1208793669939041,0.1240503340959549,0.6788514852523804,0.655705451965332,47.0,1599.0,6382.86,0.0354475246742367,0.0448040962219238,0.0403245948255062
1.0,qrnn_paper,paper_no_reset,lorenz_1000,3.0,0.001,8.0,4.0,16.0,25.0,64.0,0.0312377512454986,0.0286724902689456,0.1336096674203872,0.1290311366319656,0.5979681015014648,0.6152015328407288,47.0,1113.0,4226.44,0.0427108589145872,0.0450086332857608,0.0508197732269763
1.0,qrnn_paper,paper_no_reset,lorenz_1000,4.0,0.001,8.0,4.0,4.0,1.0,64.0,0.0001989609008887,0.000175982771907,0.0106100281700491,0.0101349148899316,0.9978637099266052,0.9981034994125366,47.0,5055.0,4958.09,0.0214498898014426,0.0205017365515232,0.0199550911784172
1.0,qrnn_paper,paper_no_reset,lorenz_1000,4.0,0.001,8.0,4.0,4.0,13.0,64.0,0.0230022873729467,0.0245525185018777,0.1133910417556762,0.1176089271903038,0.7387121319770813,0.7003269195556641,47.0,3238.0,3310.17,0.0361491387709975,0.0397406183183193,0.0368072539567947
1.0,qrnn_paper,paper_no_reset,lorenz_1000,4.0,0.001,8.0,4.0,4.0,25.0,64.0,0.0298483204096555,0.028930801898241,0.1305496990680694,0.1291798800230026,0.6218665838241577,0.624975323677063,47.0,1973.0,1963.13,0.0459441304206848,0.0644732639193534,0.0519305095076561
1.0,qrnn_paper,paper_no_reset,lorenz_1000,4.0,0.001,8.0,4.0,8.0,1.0,64.0,0.0007287852931767,0.000720387964975,0.0201199855655431,0.0200944114476442,0.9922436475753784,0.9922506213188172,47.0,3593.0,6875.93,0.0078572826925665,0.0089132990688085,0.0073337163776159
1.0,qrnn_paper,paper_no_reset,lorenz_1000,4.0,0.001,8.0,4.0,8.0,13.0,64.0,0.0249479673802852,0.0261841639876365,0.1167082116007804,0.1212043538689613,0.7016794085502625,0.679138720035553,47.0,1815.0,3797.67,0.0385304309427738,0.0400090590119361,0.040263794362545
1.0,qrnn_paper,paper_no_reset,lorenz_1000,4.0,0.001,8.0,4.0,8.0,25.0,64.0,0.0281037371605634,0.0276778656989336,0.1272303909063339,0.1276523917913437,0.6437208652496338,0.6405878067016602,47.0,1580.0,3222.3,0.0429956525564193,0.056456446647644,0.0497888885438442
1.0,qrnn_paper,paper_no_reset,lorenz_1000,4.0,0.001,8.0,4.0,16.0,1.0,64.0,0.0051678647287189,0.0052685588598251,0.0557271614670753,0.0569206736981868,0.9452714323997498,0.9434407949447632,47.0,1196.0,4867.5,0.0112453456036746,0.0113141294568777,0.0103268809616565
1.0,qrnn_paper,paper_no_reset,lorenz_1000,4.0,0.001,8.0,4.0,16.0,13.0,64.0,0.0276737175881862,0.0285445302724838,0.1237104386091232,0.1271202862262725,0.6509701013565063,0.6375361084938049,47.0,1085.0,4478.33,0.0308439584448933,0.0421829633414745,0.0383728109300136
1.0,qrnn_paper,paper_no_reset,lorenz_1000,4.0,0.001,8.0,4.0,16.0,25.0,64.0,0.0266115590929985,0.0263673309236764,0.1249597072601318,0.1239562928676605,0.6741560697555542,0.6536226868629456,47.0,2362.0,8610.95,0.0493462723162439,0.0514644309878349,0.0485900826752185
1.0,qrnn_paper,paper_no_reset,lorenz_1000,5.0,0.001,8.0,4.0,4.0,1.0,64.0,0.0006389656336978,0.0006052983808331,0.0184762012213468,0.0183564405888319,0.99315083026886,0.9934611916542052,47.0,1795.0,1815.73,0.0133591351099312,0.0106094609946012,0.0132497306913137
1.0,qrnn_paper,paper_no_reset,lorenz_1000,5.0,0.001,8.0,4.0,4.0,13.0,64.0,0.023962153121829,0.026241386309266,0.1148528382182121,0.1204612106084823,0.7147164940834045,0.6706715226173401,47.0,3276.0,3282.33,0.0339003764092922,0.0369211062788963,0.0352266691625118
1.0,qrnn_paper,paper_no_reset,lorenz_1000,5.0,0.001,8.0,4.0,4.0,25.0,64.0,0.0275221243500709,0.0284631047397851,0.1282025277614593,0.130223274230957,0.6686643958091736,0.6425125598907471,47.0,1735.0,1727.66,0.0371243410743773,0.0514044500887393,0.0465327873826026
1.0,qrnn_paper,paper_no_reset,lorenz_1000,5.0,0.001,8.0,4.0,8.0,1.0,64.0,0.001203071558848,0.0012605760712176,0.0265387427061796,0.0266318954527378,0.9869397878646852,0.98642897605896,47.0,1567.0,3161.8,0.0054469340946525,0.0053313900716602,0.0055366838350892
1.0,qrnn_paper,paper_no_reset,lorenz_1000,5.0,0.001,8.0,4.0,8.0,13.0,64.0,0.0200659278780221,0.0203812457621097,0.1049733012914657,0.1053689271211624,0.7793759703636169,0.7606440186500549,47.0,1224.0,2487.28,0.0310719422996044,0.0345238223671913,0.031180927529931
1.0,qrnn_paper,paper_no_reset,lorenz_1000,5.0,0.001,8.0,4.0,8.0,25.0,64.0,0.0299547798931598,0.0286042932420969,0.1271744221448898,0.1261676251888275,0.6334457397460938,0.6438264846801758,47.0,2234.0,4609.66,0.0502194311469793,0.060348492115736,0.0523843765258789
1.0,qrnn_paper,paper_no_reset,lorenz_1000,5.0,0.001,8.0,4.0,16.0,1.0,64.0,0.0036737280897796,0.0039108199998736,0.0491813234984874,0.0508696883916854,0.9599151611328124,0.9574987292289734,47.0,1501.0,6108.29,0.0242174245417118,0.0228921175003051,0.0172851756215095
1.0,qrnn_paper,paper_no_reset,lorenz_1000,5.0,0.001,8.0,4.0,16.0,13.0,64.0,0.0247459020465612,0.0240401532500982,0.112622894346714,0.1136019751429557,0.7034860849380493,0.705025851726532,47.0,949.0,3937.45,0.0301101278513669,0.0379927530884742,0.0371929593384265
1.0,qrnn_paper,paper_no_reset,lorenz_1000,5.0,0.001,8.0,4.0,16.0,25.0,64.0,0.0261401161551475,0.0261653792113065,0.1219133287668228,0.1250347048044204,0.6807605028152466,0.6578428149223328,47.0,1061.0,4067.56,0.0399097146259413,0.0436074882745742,0.0447765029966831
1.0,qrnn_paper,paper_no_reset,lorenz_1000,6.0,0.001,8.0,4.0,4.0,1.0,64.0,0.0001465150126023,0.0001619592658244,0.0087310820817947,0.0092680407688021,0.9984351396560668,0.9982772469520568,47.0,3276.0,3254.2,0.0068930559791624,0.0073059345595538,0.0056658731773495
1.0,qrnn_paper,paper_no_reset,lorenz_1000,6.0,0.001,8.0,4.0,4.0,13.0,64.0,0.0255585182458162,0.027155315503478,0.1198143884539604,0.1234098225831985,0.689009428024292,0.65167635679245,47.0,2325.0,2289.99,0.036392943188548,0.0417601279914379,0.0379412099719047
1.0,qrnn_paper,paper_no_reset,lorenz_1000,6.0,0.001,8.0,4.0,4.0,25.0,64.0,0.0270255636423826,0.0273749381303787,0.1254041492938995,0.124739184975624,0.6636557579040527,0.6534796357154846,47.0,1465.0,1471.96,0.0401882166042923,0.0447751954197883,0.0410510934889316
1.0,qrnn_paper,paper_no_reset,lorenz_1000,6.0,0.001,8.0,4.0,8.0,1.0,64.0,0.0010434762807562,0.0010944143868982,0.0247641615569591,0.0250928364694118,0.9886859655380248,0.9882720112800598,47.0,1038.0,2110.73,0.0068419980350881,0.0066046183928847,0.0059561813250184
1.0,qrnn_paper,paper_no_reset,lorenz_1000,6.0,0.001,8.0,4.0,8.0,13.0,64.0,0.0199869554489851,0.0203579291701316,0.0986155197024345,0.1010843813419342,0.7742357850074768,0.7612967491149902,47.0,1784.0,3567.28,0.033727334626019,0.0448413901031017,0.0370185449719429
1.0,qrnn_paper,paper_no_reset,lorenz_1000,6.0,0.001,8.0,4.0,8.0,25.0,64.0,0.0266653075814247,0.0282613653689622,0.124064065515995,0.1293937712907791,0.6649976968765259,0.6299232244491577,47.0,1594.0,3173.42,0.0361250506713986,0.0499214343726635,0.0442541055381298
1.0,qrnn_paper,paper_no_reset,lorenz_1000,6.0,0.001,8.0,4.0,16.0,1.0,64.0,0.0043406425975263,0.0048904670402407,0.0525037497282028,0.0553379915654659,0.952202320098877,0.946421444416046,47.0,1126.0,4615.93,0.0195167869329452,0.0232847593724727,0.0214155092835426
1.0,qrnn_paper,paper_no_reset,lorenz_1000,6.0,0.001,8.0,4.0,16.0,13.0,64.0,0.02585862390697,0.02637311629951,0.1228968799114227,0.1245988383889198,0.6931881904602051,0.6772252321243286,47.0,1436.0,5776.24,0.0358884487301111,0.0424582138657569,0.0390630103647708
1.0,qrnn_paper,paper_no_reset,lorenz_1000,6.0,0.001,8.0,4.0,16.0,25.0,64.0,0.0255298539996147,0.0265771746635437,0.1223697811365127,0.1265144795179367,0.6983493566513062,0.6547158360481262,47.0,1376.0,5104.21,0.0427278396156099,0.0463184602558612,0.0445248037576675
1.0,qrnn_paper,paper_no_reset,lorenz_1000,7.0,0.001,8.0,4.0,4.0,1.0,64.0,0.000216034182813,0.0002065166918328,0.011031461879611,0.0105950832366943,0.997739851474762,0.9978031516075134,47.0,3686.0,3646.47,0.0130861415993422,0.0155073590576648,0.0127390595152974
1.0,qrnn_paper,paper_no_reset,lorenz_1000,7.0,0.001,8.0,4.0,4.0,13.0,64.0,0.0244378354400396,0.026399752125144,0.1167699322104454,0.1217400133609771,0.7085635662078857,0.6672571897506714,47.0,2298.0,2363.5,0.0433560319244861,0.0519136600196361,0.0482289642095565
1.0,qrnn_paper,paper_no_reset,lorenz_1000,7.0,0.001,8.0,4.0,4.0,25.0,64.0,0.0270064454525709,0.0285555683076381,0.1252367347478866,0.1294396072626114,0.6706011891365051,0.6404322981834412,47.0,2061.0,2073.92,0.0366916114464402,0.0483206994831562,0.0455315299332141
1.0,qrnn_paper,paper_no_reset,lorenz_1000,7.0,0.001,8.0,4.0,8.0,1.0,64.0,0.0005436760839074,0.0005289648543111,0.0169340446591377,0.016931751742959,0.994127094745636,0.994313418865204,47.0,1666.0,3310.06,0.0091110380832105,0.009208695963025,0.0089128902181983
1.0,qrnn_paper,paper_no_reset,lorenz_1000,7.0,0.001,8.0,4.0,8.0,13.0,64.0,0.0190077442675828,0.0206154584884643,0.0951806530356407,0.0968820974230766,0.7921748757362366,0.7589346170425415,47.0,2678.0,5270.03,0.032682466506958,0.0402283668518066,0.0386532060801982
1.0,qrnn_paper,paper_no_reset,lorenz_1000,7.0,0.001,8.0,4.0,8.0,25.0,64.0,0.0263653695583343,0.0258903298527002,0.1278647184371948,0.1279748827219009,0.6960504055023193,0.6824192404747009,47.0,1186.0,2400.12,0.0320066172629594,0.0385144501924514,0.0388914234936237
1.0,qrnn_paper,paper_no_reset,lorenz_1000,7.0,0.001,8.0,4.0,16.0,1.0,64.0,0.0050486950203776,0.0052943117916584,0.0573059394955635,0.0586800351738929,0.9442058205604552,0.9418439865112304,47.0,832.0,3481.23,0.0139378687366843,0.0157241784036159,0.0128145199269056
1.0,qrnn_paper,paper_no_reset,lorenz_1000,7.0,0.001,8.0,4.0,16.0,13.0,64.0,0.0205925647169351,0.019586706534028,0.1068163514137268,0.1057879924774169,0.7615435123443604,0.767803966999054,47.0,1923.0,7530.29,0.0386720975860953,0.0497794486582279,0.0426573418080806
1.0,qrnn_paper,paper_no_reset,lorenz_1000,7.0,0.001,8.0,4.0,16.0,25.0,64.0,0.02435321547091,0.0233021602034568,0.1179503500461578,0.1155031248927116,0.7156510353088379,0.7145993113517761,47.0,1839.0,6719.71,0.037691673470868,0.0501970425248146,0.0473422110080719
1.0,qrnn_paper,paper_no_reset,lorenz_1000,8.0,0.001,8.0,4.0,4.0,1.0,64.0,0.000131098597194,0.0001268673804588,0.0087387906387448,0.0083472514525055,0.9986138939857484,0.9986736178398132,47.0,2718.0,2686.72,0.0140795852057635,0.0122074363753199,0.0134904384613037
1.0,qrnn_paper,paper_no_reset,lorenz_1000,8.0,0.001,8.0,4.0,4.0,13.0,64.0,0.0224174614995718,0.0243696272373199,0.1097108721733093,0.1149111241102218,0.7387163639068604,0.6976868510246277,47.0,3318.0,3223.97,0.0485133565962314,0.0488268584012985,0.0452030673623085
1.0,qrnn_paper,paper_no_reset,lorenz_1000,8.0,0.001,8.0,4.0,4.0,25.0,64.0,0.0251205284148454,0.0265714023262262,0.1236631721258163,0.1275379210710525,0.7111539840698242,0.6807438731193542,47.0,2193.0,2213.39,0.046862456575036,0.0564270950853824,0.0545976012945175
1.0,qrnn_paper,paper_no_reset,lorenz_1000,8.0,0.001,8.0,4.0,8.0,1.0,64.0,0.0005069427425041,0.0005423567490652,0.0165177378803491,0.0175787527114152,0.9946449398994446,0.99420166015625,47.0,2779.0,5379.64,0.0197179517708718,0.0161317847669124,0.0145970601588487
1.0,qrnn_paper,paper_no_reset,lorenz_1000,8.0,0.001,8.0,4.0,8.0,13.0,64.0,0.0207779146730899,0.0215306747704744,0.1043850630521774,0.105337806046009,0.7672787308692932,0.7450310587882996,47.0,1480.0,2947.18,0.0297049533575773,0.0358552783727645,0.031677458435297
1.0,qrnn_paper,paper_no_reset,lorenz_1000,8.0,0.001,8.0,4.0,8.0,25.0,64.0,0.0281895250082016,0.0271255653351545,0.1286122798919677,0.1262859851121902,0.6431811451911926,0.6484400629997253,47.0,1059.0,2128.56,0.033409041725099,0.0427534542977809,0.0405114740133285
1.0,qrnn_paper,paper_no_reset,lorenz_1000,8.0,0.001,8.0,4.0,16.0,1.0,64.0,0.0030572940595448,0.0034166027326136,0.0446386560797691,0.0473430454730987,0.9673916697502136,0.9638065099716188,47.0,1312.0,5378.03,0.010232301428914,0.0099867284297943,0.00937922578305
1.0,qrnn_paper,paper_no_reset,lorenz_1000,8.0,0.001,8.0,4.0,16.0,13.0,64.0,0.0226418301463127,0.0218462888151407,0.1102834865450859,0.1087627187371254,0.7340967059135437,0.7419922947883606,47.0,1220.0,4922.82,0.029200273938477,0.0349913872778415,0.0344496518373489
1.0,qrnn_paper,paper_no_reset,lorenz_1000,8.0,0.001,8.0,4.0,16.0,25.0,64.0,0.025526063516736,0.0261609982699155,0.1218392997980117,0.1233643293380737,0.6917098760604858,0.6610333323478699,47.0,1227.0,4587.75,0.0317501328471634,0.0399496518075466,0.040598202496767
1.0,qrnn_paper,paper_no_reset,lorenz_1000,9.0,0.001,8.0,4.0,4.0,1.0,64.0,0.0003455244295764,0.0003788266039919,0.0138163091614842,0.0145447505638003,0.9962716102600098,0.9959205389022828,47.0,2851.0,2851.53,0.0107472057454288,0.0110856806859374,0.0102894296869635
1.0,qrnn_paper,paper_no_reset,lorenz_1000,9.0,0.001,8.0,4.0,4.0,13.0,64.0,0.0241782758384943,0.0259797871112823,0.115306057035923,0.1201701164245605,0.7086585164070129,0.6736226677894592,47.0,3679.0,3613.51,0.0333351891487836,0.0398112051188945,0.0374369099736213
1.0,qrnn_paper,paper_no_reset,lorenz_1000,9.0,0.001,8.0,4.0,4.0,25.0,64.0,0.0268947891891002,0.0270722359418869,0.1237950548529625,0.1251984238624572,0.679223895072937,0.6748654246330261,47.0,3199.0,3281.9,0.0404809776693582,0.0517753660678863,0.0485827401280403
1.0,qrnn_paper,paper_no_reset,lorenz_1000,9.0,0.001,8.0,4.0,8.0,1.0,64.0,0.0007884001242928,0.0008677541045472,0.021743256598711,0.0229117404669523,0.9914798736572266,0.990683376789093,47.0,2744.0,5458.03,0.0201280836947262,0.0231679305434227,0.0203883182257413
1.0,qrnn_paper,paper_no_reset,lorenz_1000,9.0,0.001,8.0,4.0,8.0,13.0,64.0,0.0206340793520212,0.0211095735430717,0.1053469628095626,0.104716420173645,0.779066801071167,0.752035915851593,47.0,2368.0,4844.74,0.0327084613963961,0.0429398603737354,0.0383544005453586
1.0,qrnn_paper,paper_no_reset,lorenz_1000,9.0,0.001,8.0,4.0,8.0,25.0,64.0,0.0314306728541851,0.0306979101151227,0.135275587439537,0.1355598419904709,0.5860552787780762,0.5856024622917175,47.0,1067.0,2158.11,0.035770384222269,0.0439713597297668,0.0437440015375614
1.0,qrnn_paper,paper_no_reset,lorenz_1000,9.0,0.001,8.0,4.0,16.0,1.0,64.0,0.0019858330488204,0.0019841769244521,0.0348857231438159,0.0340714789927005,0.978463351726532,0.9787637591362,47.0,2571.0,10042.27,0.0117470978759229,0.0143730817362666,0.0119844060391187
1.0,qrnn_paper,paper_no_reset,lorenz_1000,9.0,0.001,8.0,4.0,16.0,13.0,64.0,0.0292655006051063,0.0283609498292207,0.1264638304710388,0.1244081854820251,0.6250506639480591,0.637087345123291,47.0,1183.0,4752.97,0.0456727460026741,0.0653066188097,0.0580987706780433
1.0,qrnn_paper,paper_no_reset,lorenz_1000,9.0,0.001,8.0,4.0,16.0,25.0,64.0,0.0303837563842535,0.0313697718083858,0.1314699053764343,0.1345443129539489,0.6038673520088196,0.5732991695404053,47.0,1637.0,5918.4,0.0384775296681457,0.0436181314289569,0.0459246225655078
1.0,qrnn_paper,paper_no_reset,henon_1000,0.0,0.001,8.0,4.0,4.0,1.0,64.0,0.0021278306376188,0.0019791836384683,0.0340910404920578,0.0333999171853065,0.9866868853569032,0.9876749515533448,42.0,2763.0,2565.37,0.0202120196074247,0.020290894433856,0.0215362161397933
1.0,qrnn_paper,paper_no_reset,henon_1000,0.0,0.001,8.0,4.0,4.0,2.0,64.0,0.015631916001439,0.0135858869180083,0.0912996008992195,0.0852006301283836,0.8976696729660034,0.9111469388008118,42.0,3897.0,3568.23,0.0520146898925304,0.0513051077723503,0.0527446307241916
1.0,qrnn_paper,paper_no_reset,henon_1000,0.0,0.001,8.0,4.0,4.0,4.0,64.0,0.0607048273086547,0.057398471981287,0.203667014837265,0.2005431205034256,0.4958029091358185,0.5299550890922546,42.0,4553.0,4115.32,0.0801759548485279,0.0787564441561698,0.0792364627122879
1.0,qrnn_paper,paper_no_reset,henon_1000,0.0,0.001,8.0,4.0,8.0,1.0,64.0,0.0150390034541487,0.0148561960086226,0.0954065546393394,0.0939401686191558,0.9021562337875366,0.9023541212081908,42.0,2076.0,3832.75,0.0462156236171722,0.0483205392956733,0.0486499518156051
1.0,qrnn_paper,paper_no_reset,henon_1000,0.0,0.001,8.0,4.0,8.0,2.0,64.0,0.0356319174170494,0.0305995531380176,0.1471240669488906,0.1333968788385391,0.7484394311904907,0.7855123281478882,42.0,6128.0,10940.09,0.0677917838096618,0.0677851065993309,0.0701367706060409
1.0,qrnn_paper,paper_no_reset,henon_1000,0.0,0.001,8.0,4.0,8.0,4.0,64.0,0.067881092429161,0.0658550560474395,0.2155254036188125,0.2146223783493042,0.401885986328125,0.4199544787406921,42.0,926.0,1762.33,0.0722012478858232,0.0737833902239799,0.0765310525894165
1.0,qrnn_paper,paper_no_reset,henon_1000,0.0,0.001,8.0,4.0,16.0,1.0,64.0,0.0293562319129705,0.0317417792975902,0.1228388175368309,0.1368375718593597,0.7979679107666016,0.7781245708465576,42.0,2994.0,10943.63,0.067091117054224,0.0707195326685905,0.0726057514548301
1.0,qrnn_paper,paper_no_reset,henon_1000,0.0,0.001,8.0,4.0,16.0,2.0,64.0,0.0492219701409339,0.0449590571224689,0.1748776286840438,0.1672210246324539,0.6251716613769531,0.6646203398704529,42.0,2493.0,9195.11,0.0846739262342453,0.0862039551138877,0.0868029296398162
1.0,qrnn_paper,paper_no_reset,henon_1000,0.0,0.001,8.0,4.0,16.0,4.0,64.0,0.0729651227593422,0.0703264772891998,0.2248013317584991,0.2198601216077804,0.3111302256584167,0.349429041147232,42.0,1363.0,5100.31,0.0766450192779302,0.0784105733036995,0.0785522833466529
1.0,qrnn_paper,paper_no_reset,henon_1000,1.0,0.001,8.0,4.0,4.0,1.0,64.0,0.0014235083945095,0.0015028795460239,0.0293168239295482,0.0308368932455778,0.9911737442016602,0.9907510280609132,42.0,3800.0,3526.85,0.0154995034448802,0.0156154753640294,0.0167770069092512
1.0,qrnn_paper,paper_no_reset,henon_1000,1.0,0.001,8.0,4.0,4.0,2.0,64.0,0.0176279488950967,0.0159136522561311,0.0945687890052795,0.090702086687088,0.8837363719940186,0.8951025009155273,42.0,3990.0,3680.25,0.0450385596603155,0.0455396361649036,0.0458848811686039
1.0,qrnn_paper,paper_no_reset,henon_1000,1.0,0.001,8.0,4.0,4.0,4.0,64.0,0.0638839900493621,0.0594942681491375,0.2076887786388397,0.2030708193778991,0.4567787647247314,0.504174530506134,42.0,2500.0,2343.08,0.0746269434690475,0.0744896978139877,0.0752041116356849
1.0,qrnn_paper,paper_no_reset,henon_1000,1.0,0.001,8.0,4.0,8.0,1.0,64.0,0.0080268522724509,0.0072211432270705,0.0685503557324409,0.0645099133253097,0.948831021785736,0.9536985158920288,42.0,1828.0,3427.63,0.0367984928190708,0.0361099950969219,0.0385512635111808
1.0,qrnn_paper,paper_no_reset,henon_1000,1.0,0.001,8.0,4.0,8.0,2.0,64.0,0.0374609380960464,0.0315390042960643,0.1439016014337539,0.1364565342664718,0.7350448369979858,0.7778873443603516,42.0,2196.0,4051.05,0.0516060262918472,0.053084410727024,0.0522542372345924
1.0,qrnn_paper,paper_no_reset,henon_1000,1.0,0.001,8.0,4.0,8.0,4.0,64.0,0.0669181868433952,0.0631505101919174,0.2099840939044952,0.2063687592744827,0.4163353145122528,0.4575095772743225,42.0,1343.0,2567.27,0.0804377518594265,0.0826913267374038,0.0822036787867546
1.0,qrnn_paper,paper_no_reset,henon_1000,1.0,0.001,8.0,4.0,16.0,1.0,64.0,0.021115044131875,0.0208164826035499,0.1196630075573921,0.1154126077890396,0.8603865504264832,0.8619005680084229,42.0,2837.0,10155.41,0.0523886904120445,0.0531096495687961,0.0610716976225376
1.0,qrnn_paper,paper_no_reset,henon_1000,1.0,0.001,8.0,4.0,16.0,2.0,64.0,0.0650203004479408,0.062284380197525,0.2126391232013702,0.2041542530059814,0.4418087601661682,0.4732798635959625,42.0,724.0,2811.3,0.0796451285481452,0.0789980292320251,0.0854004696011543
1.0,qrnn_paper,paper_no_reset,henon_1000,1.0,0.001,8.0,4.0,16.0,4.0,64.0,0.0766859799623489,0.0748348981142044,0.2301132827997207,0.2308091074228286,0.2263708412647247,0.257107675075531,42.0,513.0,2016.57,0.0901587650179863,0.0888733491301536,0.0919509902596473
1.0,qrnn_paper,paper_no_reset,henon_1000,2.0,0.001,8.0,4.0,4.0,1.0,64.0,0.0024190670810639,0.0023854630999267,0.0349613800644874,0.0348335094749927,0.9848611950874328,0.98531973361969,42.0,5650.0,5150.76,0.0208302408456802,0.020678324624896,0.0209462847560644
1.0,qrnn_paper,paper_no_reset,henon_1000,2.0,0.001,8.0,4.0,4.0,2.0,64.0,0.0205478612333536,0.0180262103676795,0.1094967126846313,0.1031464710831642,0.8629278540611267,0.8799031972885132,42.0,6191.0,5611.98,0.0452434256672859,0.0445768609642982,0.0471146777272224
1.0,qrnn_paper,paper_no_reset,henon_1000,2.0,0.001,8.0,4.0,4.0,4.0,64.0,0.0643398240208625,0.0601617395877838,0.2118463218212127,0.2066084593534469,0.4498019218444824,0.4958665668964386,42.0,2569.0,2392.97,0.0818887963891029,0.0786457657814025,0.0825938731431961
1.0,qrnn_paper,paper_no_reset,henon_1000,2.0,0.001,8.0,4.0,8.0,1.0,64.0,0.0088585633784532,0.0082909166812896,0.0729216262698173,0.0698338970541954,0.9436368942260742,0.947192370891571,42.0,2310.0,4285.49,0.075006154179573,0.0736826732754707,0.0732935220003128
1.0,qrnn_paper,paper_no_reset,henon_1000,2.0,0.001,8.0,4.0,8.0,2.0,64.0,0.040847398340702,0.0362759381532669,0.1583468466997146,0.1468476057052612,0.7043432593345642,0.7388191223144531,42.0,2175.0,4070.46,0.0783164478838443,0.0792493447661399,0.0862288251519203
1.0,qrnn_paper,paper_no_reset,henon_1000,2.0,0.001,8.0,4.0,8.0,4.0,64.0,0.0710346177220344,0.0633468702435493,0.2199749946594238,0.2079255282878875,0.3714852035045624,0.4565036594867706,42.0,1709.0,3226.6,0.0917777173221111,0.0899466201663017,0.0911031365394592
1.0,qrnn_paper,paper_no_reset,henon_1000,2.0,0.001,8.0,4.0,16.0,1.0,64.0,0.0444189645349979,0.0394670441746711,0.1639021933078766,0.1532634943723678,0.6713647842407227,0.7134063243865967,42.0,2170.0,8070.46,0.0942547403275966,0.0981689319014549,0.0860389992594719
1.0,qrnn_paper,paper_no_reset,henon_1000,2.0,0.001,8.0,4.0,16.0,2.0,64.0,0.069001980125904,0.0613523051142692,0.2143991887569427,0.2039813995361328,0.411384642124176,0.4891619980335235,42.0,2639.0,9697.83,0.1160164199769497,0.1214040517807006,0.1272687911987304
1.0,qrnn_paper,paper_no_reset,henon_1000,2.0,0.001,8.0,4.0,16.0,4.0,64.0,0.0786299929022789,0.0754140093922615,0.2336322963237762,0.230567380785942,0.1996158212423324,0.247615560889244,42.0,845.0,3263.24,0.0988571658730506,0.0954800248146057,0.1056016683578491
1.0,qrnn_paper,paper_no_reset,henon_1000,3.0,0.001,8.0,4.0,4.0,1.0,64.0,0.0007612917106598,0.0007761947344988,0.020757108926773,0.020988130941987,0.9952587485313416,0.995128095149994,42.0,4137.0,3829.03,0.0354486543685197,0.033416248857975,0.0355649590492248
1.0,qrnn_paper,paper_no_reset,henon_1000,3.0,0.001,8.0,4.0,4.0,2.0,64.0,0.0213927552103996,0.019714131951332,0.1107852980494499,0.1065003275871276,0.8572239875793457,0.8681674003601074,42.0,4304.0,3943.41,0.0618379533290863,0.0614314638078212,0.062676340341568
1.0,qrnn_paper,paper_no_reset,henon_1000,3.0,0.001,8.0,4.0,4.0,4.0,64.0,0.0635756850242614,0.0588265061378479,0.2082082033157348,0.2024611979722976,0.4597629010677337,0.5124548673629761,42.0,2866.0,2677.64,0.079244477301836,0.0766767188906669,0.0764701962471008
1.0,qrnn_paper,paper_no_reset,henon_1000,3.0,0.001,8.0,4.0,8.0,1.0,64.0,0.0089055076241493,0.0090034659951925,0.0731173828244209,0.0747088715434074,0.9430502653121948,0.9419338703155518,42.0,1036.0,1972.3,0.0370826710015535,0.0386700332164764,0.0398968756198883
1.0,qrnn_paper,paper_no_reset,henon_1000,3.0,0.001,8.0,4.0,8.0,2.0,64.0,0.0324651971459388,0.0298115164041519,0.1375628262758255,0.1290236413478851,0.773507833480835,0.7917544841766357,42.0,5864.0,10397.22,0.059359972551465,0.0589442439377307,0.0650337114930152
1.0,qrnn_paper,paper_no_reset,henon_1000,3.0,0.001,8.0,4.0,8.0,4.0,64.0,0.0685639977455139,0.0648090988397598,0.2135737389326095,0.2098418027162552,0.4007344245910644,0.4389887750148773,42.0,2649.0,4792.42,0.097164699435234,0.1040786281228065,0.0938265025615692
1.0,qrnn_paper,paper_no_reset,henon_1000,3.0,0.001,8.0,4.0,16.0,1.0,64.0,0.0534513443708419,0.0455619506537914,0.1886578500270843,0.1701812297105789,0.5871783494949341,0.6590220928192139,42.0,2767.0,9858.39,0.0782792426645755,0.0903397276997566,0.0905772820115089
1.0,qrnn_paper,paper_no_reset,henon_1000,3.0,0.001,8.0,4.0,16.0,2.0,64.0,0.0647292286157608,0.0566039904952049,0.2089609056711197,0.1916355937719345,0.4674902558326721,0.543784499168396,42.0,867.0,3337.82,0.0776193581521511,0.080817274749279,0.0794092044234275
1.0,qrnn_paper,paper_no_reset,henon_1000,3.0,0.001,8.0,4.0,16.0,4.0,64.0,0.0793024078011512,0.0723840370774269,0.2341942936182022,0.230194553732872,0.1717017590999603,0.3071796894073486,42.0,611.0,2416.42,0.0923556141555309,0.0898361429572105,0.0949768126010894
1.0,qrnn_paper,paper_no_reset,henon_1000,4.0,0.001,8.0,4.0,4.0,1.0,64.0,0.0031090108677744,0.0029642542358487,0.0409906506538391,0.0404932238161563,0.9805968999862672,0.981454074382782,42.0,3042.0,2703.33,0.0438808213919401,0.04495470225811,0.0438925586640834
1.0,qrnn_paper,paper_no_reset,henon_1000,4.0,0.001,8.0,4.0,4.0,2.0,64.0,0.021113870665431,0.0193442795425653,0.1144565194845199,0.1112206056714057,0.8589779138565063,0.8705742359161377,42.0,17851.0,15429.51,0.0516129586845636,0.0507211051881313,0.051902487874031
1.0,qrnn_paper,paper_no_reset,henon_1000,4.0,0.001,8.0,4.0,4.0,4.0,64.0,0.0642088800668716,0.0588754117488861,0.2108739912509918,0.2047371715307235,0.4517413675785064,0.5121947526931763,42.0,1861.0,1741.14,0.0774852126836776,0.0760039240121841,0.0794457644224166
1.0,qrnn_paper,paper_no_reset,henon_1000,4.0,0.001,8.0,4.0,8.0,1.0,64.0,0.0109590152278542,0.0100744822993874,0.0812732726335525,0.0790184512734413,0.9294017553329468,0.9347374439239502,42.0,7430.0,12809.58,0.0466932404786348,0.047413058578968,0.0464440062642097
1.0,qrnn_paper,paper_no_reset,henon_1000,4.0,0.001,8.0,4.0,8.0,2.0,64.0,0.034520611166954,0.0306966379284858,0.1424796283245086,0.1299154609441757,0.7569316625595093,0.7846941947937012,42.0,6269.0,10950.04,0.0759151652455329,0.0801008120179176,0.0787263065576553
1.0,qrnn_paper,paper_no_reset,henon_1000,4.0,0.001,8.0,4.0,8.0,4.0,64.0,0.0669182315468788,0.0667167082428932,0.2139269858598709,0.2164803147315979,0.4142250120639801,0.407820463180542,42.0,980.0,1816.41,0.0719070848077535,0.0732948705554008,0.0785145163536071
1.0,qrnn_paper,paper_no_reset,henon_1000,4.0,0.001,8.0,4.0,16.0,1.0,64.0,0.0292332507669925,0.0253289509564638,0.1342333704233169,0.1241336315870285,0.8002499938011169,0.8280767798423767,42.0,1407.0,5195.12,0.0478634841740131,0.0475379861891269,0.0493776388466358
1.0,qrnn_paper,paper_no_reset,henon_1000,4.0,0.001,8.0,4.0,16.0,2.0,64.0,0.0559215694665908,0.0535787753760814,0.1915546208620071,0.1881738007068634,0.5560609698295593,0.5767756104469299,42.0,851.0,3321.84,0.0664335746318101,0.070026695728302,0.0659753903746604
1.0,qrnn_paper,paper_no_reset,henon_1000,4.0,0.001,8.0,4.0,16.0,4.0,64.0,0.0738397017121315,0.0769876465201377,0.2236799299716949,0.2324685603380203,0.2864859998226166,0.217221200466156,42.0,499.0,1962.78,0.0771897688508033,0.0792436078190803,0.0806272253394126
1.0,qrnn_paper,paper_no_reset,henon_1000,5.0,0.001,8.0,4.0,4.0,1.0,64.0,0.0012731939787045,0.001257861033082,0.028369091451168,0.0275138858705759,0.9920716285705566,0.9921343326568604,42.0,9218.0,8114.58,0.0627310328185558,0.0616184510290622,0.0617332495748996
1.0,qrnn_paper,paper_no_reset,henon_1000,5.0,0.001,8.0,4.0,4.0,2.0,64.0,0.0183828100562095,0.0156900640577077,0.098059058189392,0.090416319668293,0.8783895969390869,0.8966063261032104,42.0,4749.0,4420.99,0.0441895026713609,0.0433782897889614,0.045826070010662
1.0,qrnn_paper,paper_no_reset,henon_1000,5.0,0.001,8.0,4.0,4.0,4.0,64.0,0.0649240985512733,0.0602604635059833,0.2085302323102951,0.2037155777215957,0.4432327449321747,0.4946625828742981,42.0,6251.0,5734.37,0.075123032554984,0.0761730819940567,0.0793066397309303
1.0,qrnn_paper,paper_no_reset,henon_1000,5.0,0.001,8.0,4.0,8.0,1.0,64.0,0.0132768545299768,0.0107401115819811,0.0899595916271209,0.0797297358512878,0.9138548374176024,0.9303907752037048,42.0,2050.0,3915.37,0.0502168286591768,0.0522688068449497,0.0513637140393257
1.0,qrnn_paper,paper_no_reset,henon_1000,5.0,0.001,8.0,4.0,8.0,2.0,64.0,0.0349574498832225,0.0331853106617927,0.1413878798484802,0.1386199295520782,0.7543327808380127,0.764623761177063,42.0,3043.0,5840.49,0.0571741230785846,0.0584430992603302,0.0604641251266002
1.0,qrnn_paper,paper_no_reset,henon_1000,5.0,0.001,8.0,4.0,8.0,4.0,64.0,0.0692765116691589,0.0636244192719459,0.2159824818372726,0.2091517746448516,0.3867703378200531,0.4513741731643677,42.0,3924.0,7370.69,0.0822689242660999,0.0864946469664573,0.0847324728965759
1.0,qrnn_paper,paper_no_reset,henon_1000,5.0,0.001,8.0,4.0,16.0,1.0,64.0,0.0279680583626031,0.0242925230413675,0.1300582140684127,0.1174128800630569,0.8086252808570862,0.8354718089103699,42.0,2833.0,10515.4,0.0752579256892204,0.0737776532769203,0.0775628238916397
1.0,qrnn_paper,paper_no_reset,henon_1000,5.0,0.001,8.0,4.0,16.0,2.0,64.0,0.0572887957096099,0.0519984140992164,0.1979575157165527,0.1862288266420364,0.5445356965065002,0.5938146710395813,42.0,1019.0,4044.16,0.0702184930443763,0.0696999803185463,0.0694532617926597
1.0,qrnn_paper,paper_no_reset,henon_1000,5.0,0.001,8.0,4.0,16.0,4.0,64.0,0.0766205564141273,0.0735607892274856,0.2309070080518722,0.2321670949459076,0.253078818321228,0.294342428445816,42.0,1082.0,4276.74,0.0850371487438678,0.0879583954811096,0.0906571149826049
1.0,qrnn_paper,paper_no_reset,henon_1000,6.0,0.001,8.0,4.0,4.0,1.0,64.0,0.0011048844316974,0.0010978823993355,0.0246308874338865,0.0244201682507991,0.9931281208992004,0.9932706356048584,42.0,3670.0,3453.41,0.0441465195268392,0.0431947074830532,0.0443162359297275
1.0,qrnn_paper,paper_no_reset,henon_1000,6.0,0.001,8.0,4.0,4.0,2.0,64.0,0.0185439698398113,0.0173924304544925,0.0978876054286956,0.096111960709095,0.8773519992828369,0.8846226334571838,42.0,8932.0,8019.28,0.0453109312802553,0.0443261936306953,0.0465888120234012
1.0,qrnn_paper,paper_no_reset,henon_1000,6.0,0.001,8.0,4.0,4.0,4.0,64.0,0.0594914555549621,0.0561381392180919,0.1998015195131302,0.1946623027324676,0.5118909478187561,0.5443295836448669,42.0,6701.0,6113.97,0.0725341290235519,0.074332408607006,0.0749096721410751
1.0,qrnn_paper,paper_no_reset,henon_1000,6.0,0.001,8.0,4.0,8.0,1.0,64.0,0.0117823649197816,0.0111444322392344,0.0834782272577285,0.0803623497486114,0.9241254925727844,0.9277930855751038,42.0,2471.0,4845.0,0.0539488393813371,0.0569448322057724,0.0551645345985889
1.0,qrnn_paper,paper_no_reset,henon_1000,6.0,0.001,8.0,4.0,8.0,2.0,64.0,0.0361699610948562,0.0323961563408374,0.1461896151304245,0.1411851793527603,0.743928849697113,0.7710595726966858,42.0,2454.0,4723.67,0.0622092451900243,0.0637430697679519,0.0663209781050682
1.0,qrnn_paper,paper_no_reset,henon_1000,6.0,0.001,8.0,4.0,8.0,4.0,64.0,0.0702505260705947,0.0636980533599853,0.2152401655912399,0.2079503983259201,0.379289299249649,0.4518920481204986,42.0,1611.0,3083.18,0.0733890406787395,0.0739717260003089,0.083737276494503
1.0,qrnn_paper,paper_no_reset,henon_1000,6.0,0.001,8.0,4.0,16.0,1.0,64.0,0.0502035282552242,0.046796478331089,0.1783316135406494,0.1725125163793563,0.6188204884529114,0.647049605846405,42.0,2370.0,8792.2,0.0653960514813661,0.0656464770436286,0.0739173144102096
1.0,qrnn_paper,paper_no_reset,henon_1000,6.0,0.001,8.0,4.0,16.0,2.0,64.0,0.0730355829000473,0.0636261031031608,0.2260295301675796,0.2076689302921295,0.3565193712711334,0.4644941985607147,42.0,2081.0,7916.7,0.0722667355090379,0.0762761682271957,0.0819396302103996
1.0,qrnn_paper,paper_no_reset,henon_1000,6.0,0.001,8.0,4.0,16.0,4.0,64.0,0.0830070525407791,0.0726722925901413,0.2430481016635894,0.224309965968132,0.1596721410751342,0.3126363754272461,42.0,612.0,2401.37,0.0987323895096778,0.0884172990918159,0.1022068113088607
1.0,qrnn_paper,paper_no_reset,henon_1000,7.0,0.001,8.0,4.0,4.0,1.0,64.0,0.0021704863756895,0.0020955151412636,0.0342589132487773,0.0340425372123718,0.9864259958267212,0.9870520234107972,42.0,3010.0,2836.3,0.0217208391055464,0.0211960561573505,0.022067641839385
1.0,qrnn_paper,paper_no_reset,henon_1000,7.0,0.001,8.0,4.0,4.0,2.0,64.0,0.0137811321765184,0.012325931340456,0.0875487104058265,0.0836214646697044,0.9105887413024902,0.9200173616409302,42.0,7486.0,6811.93,0.0509695466607809,0.0493755862116813,0.0523864738643169
1.0,qrnn_paper,paper_no_reset,henon_1000,7.0,0.001,8.0,4.0,4.0,4.0,64.0,0.0624333284795284,0.0594049803912639,0.2074354290962219,0.2050664126873016,0.4748425185680389,0.5052808523178101,42.0,3885.0,3720.68,0.0785341963171959,0.074720598757267,0.0767640471458435
1.0,qrnn_paper,paper_no_reset,henon_1000,7.0,0.001,8.0,4.0,8.0,1.0,64.0,0.0148648517206311,0.0127281416207551,0.0956970676779747,0.0900667235255241,0.9030128717422484,0.9167827367782592,42.0,3039.0,5764.47,0.0409596353769302,0.0384183153510093,0.0372649915516376
1.0,qrnn_paper,paper_no_reset,henon_1000,7.0,0.001,8.0,4.0,8.0,2.0,64.0,0.03837151825428,0.0359934419393539,0.1553256809711456,0.1476528346538543,0.7246962785720825,0.7411984801292419,42.0,1770.0,3419.43,0.0765561059117317,0.0775943994522094,0.0755272135138511
1.0,qrnn_paper,paper_no_reset,henon_1000,7.0,0.001,8.0,4.0,8.0,4.0,64.0,0.0694655030965805,0.0647577792406082,0.2163727432489395,0.2105989903211593,0.3843011558055877,0.4362867176532745,42.0,1849.0,3644.91,0.0871854700148105,0.0827914848923683,0.0829390510916709
1.0,qrnn_paper,paper_no_reset,henon_1000,7.0,0.001,8.0,4.0,16.0,1.0,64.0,0.0262765064835548,0.0276061706244945,0.1271787285804748,0.1277370899915695,0.8222562074661255,0.8105274438858032,42.0,3752.0,13506.21,0.0684070095419883,0.0690159350633621,0.0692877396941185
1.0,qrnn_paper,paper_no_reset,henon_1000,7.0,0.001,8.0,4.0,16.0,2.0,64.0,0.0562587231397628,0.0566498301923275,0.1932567209005355,0.1951597034931183,0.5543456673622131,0.543725848197937,42.0,1353.0,5276.58,0.0756312362849712,0.0809461399912834,0.0775188729166984
1.0,qrnn_paper,paper_no_reset,henon_1000,7.0,0.001,8.0,4.0,16.0,4.0,64.0,0.0810817554593086,0.0729926377534866,0.2400562912225723,0.2286193966865539,0.1526641249656677,0.2946730554103851,42.0,912.0,3590.4,0.0953821577131748,0.0946236327290535,0.0986142829060554
1.0,qrnn_paper,paper_no_reset,henon_1000,8.0,0.001,8.0,4.0,4.0,1.0,64.0,0.0010985931148752,0.0010080294450744,0.0262642167508602,0.0251856036484241,0.9931495189666748,0.993736982345581,42.0,8196.0,7470.23,0.0382975101470947,0.038106944411993,0.0391926132142543
1.0,qrnn_paper,paper_no_reset,henon_1000,8.0,0.001,8.0,4.0,4.0,2.0,64.0,0.0191592443734407,0.0177221857011318,0.1002022698521614,0.096848227083683,0.873312771320343,0.8828754425048828,42.0,8216.0,7488.14,0.0495536547154188,0.0483768358826637,0.0493858717381954
1.0,qrnn_paper,paper_no_reset,henon_1000,8.0,0.001,8.0,4.0,4.0,4.0,64.0,0.0652203857898712,0.0621941871941089,0.2086641490459442,0.2073751091957092,0.4400540888309479,0.4699913263320923,42.0,3770.0,3668.05,0.0728170849382877,0.0739594474434852,0.0727331414818763
1.0,qrnn_paper,paper_no_reset,henon_1000,8.0,0.001,8.0,4.0,8.0,1.0,64.0,0.0113930674269795,0.0104028731584548,0.0888822451233863,0.0833676755428314,0.926533818244934,0.932516872882843,42.0,3510.0,6417.61,0.0424889616668224,0.0410497970879077,0.0440343543887138
1.0,qrnn_paper,paper_no_reset,henon_1000,8.0,0.001,8.0,4.0,8.0,2.0,64.0,0.0342368967831134,0.0320432819426059,0.1391710191965103,0.1355239599943161,0.7593954801559448,0.7739689350128174,42.0,3759.0,6641.29,0.0611402772367,0.0604382380843162,0.0649062916636467
1.0,qrnn_paper,paper_no_reset,henon_1000,8.0,0.001,8.0,4.0,8.0,4.0,64.0,0.0656287521123886,0.0615035444498062,0.2085211426019668,0.2036672979593277,0.4381787180900574,0.4807286560535431,42.0,4653.0,8213.59,0.0772841341793537,0.0783688724040985,0.07666627317667
1.0,qrnn_paper,paper_no_reset,henon_1000,8.0,0.001,8.0,4.0,16.0,1.0,64.0,0.0321669057011604,0.029979420825839,0.13519848883152,0.1321507394313812,0.7780919671058655,0.791857123374939,42.0,2202.0,8010.3,0.0569842785596847,0.0604525692760944,0.0566205345094203
1.0,qrnn_paper,paper_no_reset,henon_1000,8.0,0.001,8.0,4.0,16.0,2.0,64.0,0.0561309941112995,0.0507013909518718,0.1966241151094436,0.184245154261589,0.5568389296531677,0.6071140766143799,42.0,3368.0,12063.14,0.0736872002482414,0.0758906379342079,0.0798927024006843
1.0,qrnn_paper,paper_no_reset,henon_1000,8.0,0.001,8.0,4.0,16.0,4.0,64.0,0.082300029695034,0.0756675004959106,0.2449511289596557,0.2341983169317245,0.0970409139990806,0.2304606884717941,42.0,418.0,1605.18,0.0732882488518953,0.076168768107891,0.082580529153347
1.0,qrnn_paper,paper_no_reset,henon_1000,9.0,0.001,8.0,4.0,4.0,1.0,64.0,0.0028313116636127,0.0027565273921936,0.0406888835132122,0.0405595861375331,0.9822494983673096,0.982707381248474,42.0,1721.0,1585.81,0.0273887287825346,0.026568666100502,0.0281363222748041
1.0,qrnn_paper,paper_no_reset,henon_1000,9.0,0.001,8.0,4.0,4.0,2.0,64.0,0.0127286612987518,0.0118214534595608,0.0872520357370376,0.0823676437139511,0.917585015296936,0.923117995262146,42.0,6713.0,6100.98,0.0790822558104991,0.0801700055599212,0.0790620148181915
1.0,qrnn_paper,paper_no_reset,henon_1000,9.0,0.001,8.0,4.0,4.0,4.0,64.0,0.0610892698168754,0.0577380135655403,0.2034250050783157,0.2002756893634796,0.4921265840530395,0.5256032347679138,42.0,4859.0,4697.0,0.0755076356232166,0.0755145698785781,0.0767750963568687
1.0,qrnn_paper,paper_no_reset,henon_1000,9.0,0.001,8.0,4.0,8.0,1.0,64.0,0.005805118009448,0.0061193890869617,0.0560605116188526,0.0576143600046634,0.9633357524871826,0.9611548781394958,42.0,7480.0,13368.02,0.0271280894055962,0.0284882243722677,0.031512189656496
1.0,qrnn_paper,paper_no_reset,henon_1000,9.0,0.001,8.0,4.0,8.0,2.0,64.0,0.0318855717778205,0.0276194345206022,0.1394117772579193,0.1301090121269226,0.7792741656303406,0.8091158866882324,42.0,2984.0,5666.5,0.06038319170475,0.0583254992961883,0.0612283907830715
1.0,qrnn_paper,paper_no_reset,henon_1000,9.0,0.001,8.0,4.0,8.0,4.0,64.0,0.0673244372010231,0.0604071989655494,0.2139115631580352,0.2020113468170166,0.4203154742717743,0.4936895668506622,42.0,1894.0,3515.34,0.0711262542754411,0.0710082128643989,0.0768387615680694
1.0,qrnn_paper,paper_no_reset,henon_1000,9.0,0.001,8.0,4.0,16.0,1.0,64.0,0.0212631169706583,0.0215384494513273,0.1114808171987533,0.114624872803688,0.859991192817688,0.855411946773529,42.0,1461.0,5592.1,0.0511676546186208,0.0501299612224102,0.0503090806305408
1.0,qrnn_paper,paper_no_reset,henon_1000,9.0,0.001,8.0,4.0,16.0,2.0,64.0,0.0537334866821765,0.0487040877342224,0.1864399015903473,0.1764936298131942,0.5823770761489868,0.6272314786911011,42.0,2490.0,9011.02,0.0662197098135948,0.0678950697183609,0.0677368193864822
1.0,qrnn_paper,paper_no_reset,henon_1000,9.0,0.001,8.0,4.0,16.0,4.0,64.0,0.0781642794609069,0.0732995942234993,0.2323050796985626,0.2266853302717209,0.1900423318147659,0.287527322769165,42.0,511.0,2068.92,0.0837878242135048,0.0817557126283645,0.0879746749997139
1.0,qrnn_paper,paper_no_reset,mackey_1000,0.0,0.001,7.0,3.0,4.0,1.0,64.0,1.955402149178553e-05,2.3544302166556008e-05,0.0034692827612161,0.0037455579731613,0.9998207688331604,0.999819278717041,33.0,6643.0,4256.2,0.0104376555420458,0.0112551376223564,0.0085554551333189
1.0,qrnn_paper,paper_no_reset,mackey_1000,0.0,0.001,7.0,3.0,4.0,70.0,64.0,0.0335911065340042,0.0293216574937105,0.1409195512533188,0.1359598040580749,0.6273033022880554,0.7526863217353821,33.0,581.0,360.63,0.0381927198419968,0.0328773073852062,0.0409528352320194
,,,,,,,,,,,,,,,,,,,,,,
,,,,,,,,,,,,,,,,,,,,,,
,,,,,,,,,,,,,,,,,,,,,,
1.0,qrnn_paper,paper_no_reset,mackey_1000,0.0,0.001,7.0,3.0,8.0,140.0,64.0,0.0364564098417758,0.0272218640893697,0.1514503061771392,0.1303263157606125,0.5824303030967712,0.7771763205528259,33.0,5492.0,5951.7,0.0464134756475687,0.0479367971420288,0.0443664491176605
1.0,qrnn_paper,paper_no_reset,mackey_1000,0.0,0.001,7.0,3.0,16.0,1.0,64.0,4.766430356539786e-05,0.000166702811839,0.0056225466541945,0.0085148233920335,0.9996081590652466,0.99872225522995,33.0,3445.0,9362.56,0.024316905811429,0.0330342166125774,0.0158390719443559
,,,,,,,,,,,,,,,,,,,,,,
,,,,,,,,,,,,,,,,,,,,,,
,,,,,,,,,,,,,,,,,,,,,,
1.0,qrnn_paper,paper_no_reset,mackey_1000,0.0,0.001,7.0,4.0,4.0,70.0,64.0,0.0332198478281497,0.02720951102674,0.1424244046211242,0.1316866874694824,0.6356167197227478,0.7766507863998413,32.0,4101.0,2292.18,0.0448020092315144,0.0398339182138443,0.0526100471615791
,,,,,,,,,,,,,,,,,,,,,,
,,,,,,,,,,,,,,,,,,,,,,
1.0,qrnn_paper,paper_no_reset,mackey_1000,0.0,0.001,7.0,4.0,8.0,70.0,64.0,0.0295683816075325,0.0236961431801319,0.1338051110506057,0.1257389485836029,0.7021205425262451,0.8042384386062622,32.0,1174.0,1447.75,0.0309498554302586,0.0293545052409172,0.0354898124933242
1.0,qrnn_paper,paper_no_reset,mackey_1000,0.0,0.001,7.0,4.0,8.0,140.0,64.0,0.0347576439380645,0.0279384534806013,0.1494845002889633,0.1325194388628006,0.6009417772293091,0.7761473655700684,32.0,3442.0,3999.53,0.046818200033158,0.0488742999732494,0.0479981563985347
1.0,qrnn_paper,paper_no_reset,mackey_1000,0.0,0.001,7.0,4.0,16.0,1.0,64.0,0.0001465019595343,0.0005443892441689,0.0094052497297525,0.0148974582552909,0.9988356232643129,0.9958413243293762,32.0,1555.0,4387.46,0.0147673682309687,0.0165804363787174,0.0115311089903116
1.0,qrnn_paper,paper_no_reset,mackey_1000,0.0,0.001,7.0,4.0,16.0,70.0,64.0,0.0131655298173427,0.008955642580986,0.0841895192861557,0.0758129581809043,0.8897818922996521,0.9306440949440002,32.0,5036.0,12503.3,0.024519452618228,0.024897888302803,0.031477864831686
1.0,qrnn_paper,paper_no_reset,mackey_1000,0.0,0.001,7.0,4.0,16.0,140.0,64.0,0.0333350077271461,0.0210240241140127,0.1466643810272216,0.1139051914215087,0.6278698444366455,0.8346642851829529,32.0,2721.0,5908.82,0.0443009152077138,0.043211106210947,0.0465370826423168
1.0,qrnn_paper,paper_no_reset,mackey_1000,1.0,0.001,7.0,3.0,4.0,1.0,64.0,3.203774758731015e-05,5.425847484730184e-05,0.0045998459681868,0.0053070685826241,0.999699890613556,0.9995833039283752,33.0,2686.0,1695.78,0.0144346076995134,0.0173172298818826,0.0117217833176255
1.0,qrnn_paper,paper_no_reset,mackey_1000,1.0,0.001,7.0,3.0,4.0,70.0,64.0,0.0344721041619777,0.0278901606798172,0.1440477669239044,0.1319975405931472,0.617614209651947,0.7688761949539185,33.0,1733.0,1056.51,0.0341338297973076,0.0306407175958156,0.0364144518971443
1.0,qrnn_paper,paper_no_reset,mackey_1000,1.0,0.001,7.0,3.0,4.0,140.0,64.0,0.0392027348279953,0.043441716581583,0.1556333899497985,0.1672282069921493,0.5023351311683655,0.6116772890090942,33.0,1071.0,631.09,0.0534588565610142,0.0662116035819053,0.0553630292415618
1.0,qrnn_paper,paper_no_reset,mackey_1000,1.0,0.001,7.0,3.0,8.0,1.0,64.0,9.518164733890444e-05,0.000141954733408,0.0076634492725133,0.0084454845637083,0.9990809559822084,0.998911678791046,33.0,4399.0,5550.75,0.0051048188470304,0.0078184735029935,0.0035217881668359
,,,,,,,,,,,,,,,,,,,,,,
,,,,,,,,,,,,,,,,,,,,,,
1.0,qrnn_paper,paper_no_reset,mackey_1000,1.0,0.001,7.0,3.0,16.0,1.0,64.0,0.0001086287666112,0.0002073546056635,0.0080981478095054,0.0098829977214336,0.9989802241325378,0.9983997941017152,33.0,1709.0,4788.83,0.0039245123974978,0.0060798255726695,0.0025232350453734
1.0,qrnn_paper,paper_no_reset,mackey_1000,1.0,0.001,7.0,3.0,16.0,70.0,64.0,0.0150642516091465,0.0127810584381222,0.0954828485846519,0.0924730524420738,0.8675480484962463,0.8977774381637573,33.0,2064.0,5569.7,0.0296094450685713,0.0283032618463039,0.0316948182880878
1.0,qrnn_paper,paper_no_reset,mackey_1000,1.0,0.001,7.0,3.0,16.0,140.0,64.0,0.0282906293869018,0.0243840832263231,0.137867271900177,0.1274051815271377,0.6893748044967651,0.8136798739433289,33.0,1462.0,3363.16,0.03837764961645,0.042030218988657,0.0340977422893047
,,,,,,,,,,,,,,,,,,,,,,
1.0,qrnn_paper,paper_no_reset,mackey_1000,1.0,0.001,7.0,4.0,4.0,70.0,64.0,0.033591691404581,0.0282318480312824,0.139873594045639,0.1331508010625839,0.6272245049476624,0.7638149857521057,32.0,1222.0,904.67,0.0444286877496375,0.0382078662514686,0.0465402379631996
,,,,,,,,,,,,,,,,,,,,,,
,,,,,,,,,,,,,,,,,,,,,,
1.0,qrnn_paper,paper_no_reset,mackey_1000,1.0,0.001,7.0,4.0,8.0,70.0,64.0,0.0283413957804441,0.0227046869695186,0.1275442242622375,0.1215365007519722,0.7079987525939941,0.8132919073104858,32.0,2401.0,2795.08,0.0298153904991017,0.0322242863476276,0.0330591350793838
1.0,qrnn_paper,paper_no_reset,mackey_1000,1.0,0.001,7.0,4.0,8.0,140.0,64.0,0.037862729281187,0.0312486849725246,0.1599594801664352,0.1415162533521652,0.551644504070282,0.7369997501373291,32.0,2190.0,2300.66,0.044047244824469,0.0468049570918083,0.0425891056656837
1.0,qrnn_paper,paper_no_reset,mackey_1000,1.0,0.001,7.0,4.0,16.0,1.0,64.0,0.0003930241800844,0.0006637962069362,0.0147999338805675,0.0182385463267564,0.9962957501411438,0.99494606256485,32.0,2233.0,6003.1,0.0272915612906217,0.0317947976291179,0.0215502008795738
1.0,qrnn_paper,paper_no_reset,mackey_1000,1.0,0.001,7.0,4.0,16.0,70.0,64.0,0.0134705230593681,0.0096271680667996,0.0856480449438095,0.0799902454018592,0.8868916034698486,0.9262926578521729,32.0,1246.0,3131.95,0.0225087174524863,0.0220969542860984,0.0288696475327014
1.0,qrnn_paper,paper_no_reset,mackey_1000,1.0,0.001,7.0,4.0,16.0,140.0,64.0,0.0377708487212657,0.023587666451931,0.1534264534711837,0.1277599483728408,0.5774000287055969,0.8313514590263367,32.0,1921.0,4445.34,0.0491516273468732,0.0407034568488597,0.0520870275795459
,,,,,,,,,,,,,,,,,,,,,,
1.0,qrnn_paper,paper_no_reset,mackey_1000,2.0,0.001,7.0,3.0,4.0,70.0,64.0,0.0341063700616359,0.0280083548277616,0.1420114040374755,0.131859689950943,0.6245410442352295,0.7662066221237183,33.0,2279.0,1410.59,0.0400153189483616,0.0346951335668563,0.0416451022028923
,,,,,,,,,,,,,,,,,,,,,,
1.0,qrnn_paper,paper_no_reset,mackey_1000,2.0,0.001,7.0,3.0,8.0,1.0,64.0,7.748545613139868e-05,0.00017538452812,0.0068926448002457,0.0090358592569828,0.9993038773536682,0.9986613392829896,33.0,2667.0,3696.21,0.002875511359889,0.0047772717662155,0.0019928633701056
1.0,qrnn_paper,paper_no_reset,mackey_1000,2.0,0.001,7.0,3.0,8.0,70.0,64.0,0.0335920751094818,0.0214464385062456,0.1434900164604187,0.1189450994133949,0.6575696468353271,0.8291831016540527,33.0,1458.0,1758.76,0.0282166608505778,0.0271257143467664,0.0339551493525505
1.0,qrnn_paper,paper_no_reset,mackey_1000,2.0,0.001,7.0,3.0,8.0,140.0,64.0,0.0389183238148689,0.0288681201636791,0.1607147455215454,0.1366758793592453,0.5465477705001831,0.7615075707435608,33.0,2156.0,2387.14,0.0483361664228141,0.0526063814759254,0.0464820489287376
,,,,,,,,,,,,,,,,,,,,,,
1.0,qrnn_paper,paper_no_reset,mackey_1000,2.0,0.001,7.0,3.0,16.0,70.0,64.0,0.0127440020442008,0.0111158546060323,0.0894978195428848,0.0858282372355461,0.8811468482017517,0.912339687347412,33.0,2249.0,5787.62,0.0260665797524982,0.0240548234432935,0.0362485498189926
1.0,qrnn_paper,paper_no_reset,mackey_1000,2.0,0.001,7.0,3.0,16.0,140.0,64.0,0.0347281955182552,0.0215617697685956,0.147187665104866,0.1184283569455146,0.6232811212539673,0.8354547023773193,33.0,1692.0,3841.09,0.0388144538737833,0.0366039089858531,0.0484786666929721
1.0,qrnn_paper,paper_no_reset,mackey_1000,2.0,0.001,7.0,4.0,4.0,1.0,64.0,3.154472869937308e-05,7.606107828905806e-05,0.0045031188055872,0.0061680898070335,0.9997113347053528,0.9994122982025146,32.0,2535.0,1672.82,0.0189239962957799,0.0216244496405124,0.0148097053170204
,,,,,,,,,,,,,,,,,,,,,,
,,,,,,,,,,,,,,,,,,,,,,
1.0,qrnn_paper,paper_no_reset,mackey_1000,2.0,0.001,7.0,4.0,8.0,1.0,64.0,6.711852620355785e-05,0.0002126363688148,0.0064261578954756,0.0083276573568582,0.9993700385093688,0.998368203639984,32.0,4278.0,5975.09,0.0058344625867903,0.0091522764414548,0.0042264871299266
1.0,qrnn_paper,paper_no_reset,mackey_1000,2.0,0.001,7.0,4.0,8.0,70.0,64.0,0.0334263034164905,0.0220035500824451,0.1418818235397339,0.1195700392127037,0.6547695994377136,0.8260355591773987,32.0,686.0,812.62,0.0261820024914211,0.0265772808343172,0.0335744358599185
1.0,qrnn_paper,paper_no_reset,mackey_1000,2.0,0.001,7.0,4.0,8.0,140.0,64.0,0.0376797094941139,0.0337368138134479,0.1606096923351287,0.1461566686630249,0.5475556254386902,0.7056411504745483,32.0,2865.0,3096.1,0.0514674610458314,0.0517262890934944,0.0536743961274623
1.0,qrnn_paper,paper_no_reset,mackey_1000,2.0,0.001,7.0,4.0,16.0,1.0,64.0,4.505777542362921e-05,0.0002053994248853,0.0054547456093132,0.0085846604779362,0.9995660185813904,0.9984302520751952,32.0,4308.0,11467.28,0.0150958308950066,0.0191339515149593,0.0120279397815465
1.0,qrnn_paper,paper_no_reset,mackey_1000,2.0,0.001,7.0,4.0,16.0,70.0,64.0,0.0282507091760635,0.0212501026690006,0.1305378824472427,0.1156711503863334,0.7233342528343201,0.8260931372642517,32.0,862.0,2536.8,0.0366652357495493,0.0352836921811103,0.0499271266162395
1.0,qrnn_paper,paper_no_reset,mackey_1000,2.0,0.001,7.0,4.0,16.0,140.0,64.0,0.0360886827111244,0.0225686598569154,0.1537656337022781,0.1241628900170326,0.6189752221107483,0.8356330394744873,32.0,2370.0,5399.24,0.0448940601199865,0.0402709580957889,0.0578653216361999
1.0,qrnn_paper,paper_no_reset,mackey_1000,3.0,0.001,7.0,3.0,4.0,1.0,64.0,2.8668355298577808e-05,5.175892511033453e-05,0.0044034281745553,0.0052634859457612,0.9997249245643616,0.999601662158966,33.0,3914.0,2599.16,0.005209162691608,0.0060231289826333,0.0040311492048203
1.0,qrnn_paper,paper_no_reset,mackey_1000,3.0,0.001,7.0,3.0,4.0,70.0,64.0,0.0358541458845138,0.0275550298392772,0.1462166309356689,0.130139023065567,0.6093522310256958,0.7715354561805725,33.0,3504.0,2046.58,0.0376973549524943,0.0336762480437755,0.0396883860230445
1.0,qrnn_paper,paper_no_reset,mackey_1000,3.0,0.001,7.0,3.0,4.0,140.0,64.0,0.0392795540392398,0.0438152961432933,0.1597906947135925,0.1685782670974731,0.4893561601638794,0.600107729434967,33.0,1044.0,623.51,0.0582995895399815,0.0683575868606567,0.0659314841032028
1.0,qrnn_paper,paper_no_reset,mackey_1000,3.0,0.001,7.0,3.0,8.0,1.0,64.0,6.595829472644255e-05,0.0001842782803578,0.0065632895566523,0.0090048676356673,0.9993663430213928,0.9985809326171876,33.0,1677.0,2254.03,0.0076940294820815,0.009469443000853,0.0064820297993719
1.0,qrnn_paper,paper_no_reset,mackey_1000,3.0,0.001,7.0,3.0,8.0,70.0,64.0,0.0263868514448404,0.020746761932969,0.1233837679028511,0.1169037371873855,0.7290285229682922,0.8317411541938782,33.0,2553.0,3072.95,0.0343437850889232,0.0322583019733428,0.0418827533721923
1.0,qrnn_paper,paper_no_reset,mackey_1000,3.0,0.001,7.0,3.0,8.0,140.0,64.0,0.0361932553350925,0.0284441672265529,0.1544787138700485,0.1335787624120712,0.5771847367286682,0.7696660757064819,33.0,1893.0,2208.75,0.0473877410404384,0.0483282767236232,0.0482549108564853
1.0,qrnn_paper,paper_no_reset,mackey_1000,3.0,0.001,7.0,3.0,16.0,1.0,64.0,0.000191141385585,0.0005621771560981,0.0105310017243027,0.0161454025655984,0.9981781840324402,0.9956907629966736,33.0,3767.0,10347.8,0.004306169541087,0.0078638764098286,0.0038163028657436
1.0,qrnn_paper,paper_no_reset,mackey_1000,3.0,0.001,7.0,3.0,16.0,70.0,64.0,0.0198259390890598,0.0119814611971378,0.110305555164814,0.0917464718222618,0.827743411064148,0.907264232635498,33.0,2395.0,5802.74,0.0324358507576915,0.0344554670155048,0.0330246314406394
1.0,qrnn_paper,paper_no_reset,mackey_1000,3.0,0.001,7.0,3.0,16.0,140.0,64.0,0.0310497842729091,0.0261989831924438,0.1391007304191589,0.1276194751262664,0.6557256579399109,0.7854833006858826,33.0,737.0,1713.39,0.034119572956115,0.0362743251025676,0.0299152303487062
1.0,qrnn_paper,paper_no_reset,mackey_1000,3.0,0.001,7.0,4.0,4.0,1.0,64.0,4.523712777881883e-05,0.0001333924010396,0.0054035121574997,0.0075396043248474,0.9995603561401368,0.9989882111549376,32.0,1299.0,803.81,0.004968652059324,0.0053018638864159,0.0041851396672427
1.0,qrnn_paper,paper_no_reset,mackey_1000,3.0,0.001,7.0,4.0,4.0,70.0,64.0,0.0341073684394359,0.0279602110385894,0.1417556405067443,0.131076231598854,0.6262531280517578,0.7663323879241943,32.0,2508.0,1497.31,0.0394097790122032,0.0348418317735195,0.0418558530509471
1.0,qrnn_paper,paper_no_reset,mackey_1000,3.0,0.001,7.0,4.0,4.0,140.0,64.0,0.0417218878865242,0.0450473837554454,0.1633558273315429,0.1728436052799224,0.4402454197406769,0.6000050902366638,32.0,778.0,432.69,0.0449334328295663,0.0549996420741081,0.0482430085539817
1.0,qrnn_paper,paper_no_reset,mackey_1000,3.0,0.001,7.0,4.0,8.0,1.0,64.0,0.0002392654860159,0.00054423318943,0.012070077471435,0.0150264408439397,0.997961163520813,0.9957985877990724,32.0,2352.0,2947.25,0.0059894171077758,0.01105697453022,0.0046644685789942
1.0,qrnn_paper,paper_no_reset,mackey_1000,3.0,0.001,7.0,4.0,8.0,70.0,64.0,0.0328536480665206,0.0242130365222692,0.1416228413581848,0.1250175088644027,0.6601330637931824,0.802987813949585,32.0,1146.0,1361.97,0.0345244767765204,0.0319863520562648,0.0389751456677913
1.0,qrnn_paper,paper_no_reset,mackey_1000,3.0,0.001,7.0,4.0,8.0,140.0,64.0,0.0394831746816635,0.0334369093179702,0.1650470197200775,0.1489405483007431,0.5250573754310608,0.7126993536949158,32.0,2838.0,2906.91,0.0434903027489781,0.0449715182185173,0.0408160462975502
1.0,qrnn_paper,paper_no_reset,mackey_1000,3.0,0.001,7.0,4.0,16.0,1.0,64.0,0.0003473865799605,0.0007886598468758,0.0149851208552718,0.0206691045314073,0.9968416690826416,0.9939862489700316,32.0,991.0,2591.62,0.0139044107869267,0.0128479078412055,0.0118380403146147
,,,,,,,,,,,,,,,,,,,,,,
1.0,qrnn_paper,paper_no_reset,mackey_1000,3.0,0.001,7.0,4.0,16.0,140.0,64.0,0.0330317057669162,0.0242598913609981,0.1453985720872879,0.1229864582419395,0.6462085843086243,0.8137338161468506,32.0,1648.0,3624.63,0.0364923609886318,0.0357742607593536,0.0376287698745727
1.0,qrnn_paper,paper_no_reset,mackey_1000,4.0,0.001,7.0,3.0,4.0,1.0,64.0,2.7214407964493148e-05,0.0001454457378713,0.0040184911340475,0.0064878878183662,0.9997471570968628,0.998881220817566,33.0,3856.0,2495.02,0.0098116227891296,0.0125682316720485,0.0077753383666276
1.0,qrnn_paper,paper_no_reset,mackey_1000,4.0,0.001,7.0,3.0,4.0,70.0,64.0,0.0337946899235248,0.0277919229120016,0.141801118850708,0.1300698220729828,0.6316553950309753,0.7683082222938538,33.0,1942.0,1139.78,0.0384194737093316,0.034243781119585,0.0398875698447227
1.0,qrnn_paper,paper_no_reset,mackey_1000,4.0,0.001,7.0,3.0,4.0,140.0,64.0,0.0391008034348487,0.0430536568164825,0.1528278142213821,0.1652505695819854,0.5011647939682007,0.6208362579345703,33.0,1605.0,961.71,0.0589399606817298,0.0673335716128349,0.0612048283219337
1.0,qrnn_paper,paper_no_reset,mackey_1000,4.0,0.001,7.0,3.0,8.0,1.0,64.0,0.0001472552248742,0.0003183106600772,0.0096764788031578,0.0125503493472933,0.9985864162445068,0.9975502490997314,33.0,1555.0,2169.4,0.0084254309535026,0.0129868201911449,0.0058241281658411
1.0,qrnn_paper,paper_no_reset,mackey_1000,4.0,0.001,7.0,3.0,8.0,70.0,64.0,0.0308699011802673,0.0215691737830638,0.134680837392807,0.1180867329239845,0.6777108907699585,0.8299725651741028,33.0,778.0,960.54,0.0258365706023242,0.0262328200042247,0.0333470739424228
1.0,qrnn_paper,paper_no_reset,mackey_1000,4.0,0.001,7.0,3.0,8.0,140.0,64.0,0.032221745699644,0.0316396206617355,0.1452893763780594,0.1413884758949279,0.6226646900177002,0.734739363193512,33.0,2240.0,2480.63,0.039061882533133,0.037321351468563,0.0396612659096717
1.0,qrnn_paper,paper_no_reset,mackey_1000,4.0,0.001,7.0,3.0,16.0,1.0,64.0,0.0002804802497848,0.0009723345283418,0.0130493436008691,0.020285403355956,0.9973362684249878,0.992473602294922,33.0,2147.0,6209.51,0.0109619755297899,0.0247870683670043,0.0076432828791439
1.0,qrnn_paper,paper_no_reset,mackey_1000,4.0,0.001,7.0,3.0,16.0,70.0,64.0,0.0183352082967758,0.0124954991042613,0.1060851886868476,0.0929090455174446,0.8427830934524536,0.9021074771881104,33.0,1480.0,3723.58,0.0151660244704948,0.018054349347949,0.0230511389672756
1.0,qrnn_paper,paper_no_reset,mackey_1000,4.0,0.001,7.0,3.0,16.0,140.0,64.0,0.035977367311716,0.0213791765272617,0.1531896144151687,0.1153992637991905,0.6130216717720032,0.8344959616661072,33.0,973.0,2450.66,0.0321003135759383,0.0292652621865272,0.0372274741530418
1.0,qrnn_paper,paper_no_reset,mackey_1000,4.0,0.001,7.0,4.0,4.0,1.0,64.0,1.4454883057624102e-05,4.398895907797851e-05,0.0029307277873158,0.0040424950420856,0.9998675584793092,0.999660313129425,32.0,4629.0,3083.05,0.0040305339498445,0.0040854038670659,0.0034599108621478
1.0,qrnn_paper,paper_no_reset,mackey_1000,4.0,0.001,7.0,4.0,4.0,70.0,64.0,0.0343386717140674,0.0279028117656707,0.1436621099710464,0.1316100805997848,0.6233853101730347,0.7680346369743347,32.0,1723.0,1029.42,0.0378911455886231,0.0329351536929607,0.0404017791152
1.0,qrnn_paper,paper_no_reset,mackey_1000,4.0,0.001,7.0,4.0,4.0,140.0,64.0,0.0368845462799072,0.0447878241539001,0.156437411904335,0.1717030256986618,0.5302475094795227,0.5896896123886108,32.0,1180.0,712.64,0.0594956473343902,0.0670465305447578,0.0565734170377254
1.0,qrnn_paper,paper_no_reset,mackey_1000,4.0,0.001,7.0,4.0,8.0,1.0,64.0,0.0001635321532376,0.0003146905801258,0.0104327201843261,0.0132158594205975,0.9984487295150756,0.9976362586021424,32.0,2083.0,2725.95,0.0188566282391548,0.0253961998969316,0.0133752198889851
1.0,qrnn_paper,paper_no_reset,mackey_1000,4.0,0.001,7.0,4.0,8.0,70.0,64.0,0.0291095003485679,0.0225810389965772,0.129810556769371,0.1208492368459701,0.6942633390426636,0.8182083368301392,32.0,1119.0,1326.37,0.0278441196100579,0.0263226646929979,0.0334156900644302
1.0,qrnn_paper,paper_no_reset,mackey_1000,4.0,0.001,7.0,4.0,8.0,140.0,64.0,0.0381221957504749,0.0313960649073123,0.1585974544286728,0.1432276517152786,0.5460311770439148,0.7339738607406616,32.0,1892.0,2086.17,0.0418269303627312,0.043423656374216,0.0374541692435741
1.0,qrnn_paper,paper_no_reset,mackey_1000,4.0,0.001,7.0,4.0,16.0,1.0,64.0,0.0001442786451661,0.0005661120521835,0.0100579354912042,0.0144438166171312,0.9986407160758972,0.9956513047218324,32.0,1231.0,3432.47,0.0026479178341105,0.0041628032922744,0.0019096246687695
1.0,qrnn_paper,paper_no_reset,mackey_1000,4.0,0.001,7.0,4.0,16.0,70.0,64.0,0.0204241164028644,0.0157074481248855,0.1117065325379371,0.1069613769650459,0.8313172459602356,0.8741316795349121,32.0,2269.0,5418.76,0.03479098321663,0.0370146706700325,0.038184255361557
1.0,qrnn_paper,paper_no_reset,mackey_1000,4.0,0.001,7.0,4.0,16.0,140.0,64.0,0.03431211784482,0.0259626805782318,0.1477710753679275,0.1297939866781234,0.6063182950019836,0.7880445122718811,32.0,1123.0,2460.61,0.0410863813012838,0.0424997359514236,0.0404708571732044
1.0,qrnn_paper,paper_no_reset,mackey_1000,5.0,0.001,7.0,3.0,4.0,1.0,64.0,3.048522921744734e-05,7.694969099247828e-05,0.0043813828378915,0.0058265584520995,0.9997183084487916,0.9994085431098938,33.0,3494.0,2306.49,0.0084901849739253,0.0083731170743703,0.0072501376271247
1.0,qrnn_paper,paper_no_reset,mackey_1000,5.0,0.001,7.0,3.0,4.0,70.0,64.0,0.0334929339587688,0.0286103636026382,0.141926571726799,0.1340055763721466,0.6306919455528259,0.7593189477920532,33.0,1392.0,819.01,0.0355572116871674,0.0309297796338796,0.0382937677204608
1.0,qrnn_paper,paper_no_reset,mackey_1000,5.0,0.001,7.0,3.0,4.0,140.0,64.0,0.0376874841749668,0.0418209135532379,0.1548786461353302,0.1651034951210022,0.5172855257987976,0.627126932144165,33.0,1198.0,709.07,0.0531990780598587,0.0556613281369209,0.0457406528294086
1.0,qrnn_paper,paper_no_reset,mackey_1000,5.0,0.001,7.0,3.0,8.0,1.0,64.0,0.0001052065053954,0.0002624073531478,0.0078948158770799,0.0116264848038554,0.9990487694740297,0.9979817867279052,33.0,813.0,1126.6,0.0004612360935425,0.0006009826320223,0.0004249646735843
1.0,qrnn_paper,paper_no_reset,mackey_1000,5.0,0.001,7.0,3.0,8.0,70.0,64.0,0.0324967764317989,0.0217683427035808,0.147658422589302,0.1212753802537918,0.6650514006614685,0.8256366848945618,33.0,1138.0,1466.09,0.0292888790782954,0.0265638511627912,0.0339464768767356
1.0,qrnn_paper,paper_no_reset,mackey_1000,5.0,0.001,7.0,3.0,8.0,140.0,64.0,0.0398362688720226,0.0301450360566377,0.163975790143013,0.1385084092617035,0.522066593170166,0.7452970743179321,33.0,3125.0,3342.73,0.0467846198007464,0.0504276901483535,0.0448858179152011
1.0,qrnn_paper,paper_no_reset,mackey_1000,5.0,0.001,7.0,3.0,16.0,1.0,64.0,0.0002022155968006,0.0003308650921098,0.0116907246410846,0.0141257541254162,0.9981834292411804,0.9974658489227296,33.0,1886.0,5289.95,0.0047546240966767,0.0065206857398152,0.0032087252475321
1.0,qrnn_paper,paper_no_reset,mackey_1000,5.0,0.001,7.0,3.0,16.0,70.0,64.0,0.0135478330776095,0.0113506978377699,0.0929027646780014,0.0883108228445053,0.8877480626106262,0.910568356513977,33.0,1451.0,3795.58,0.0236590275954869,0.0234124492853879,0.0330563783645629
1.0,qrnn_paper,paper_no_reset,mackey_1000,5.0,0.001,7.0,3.0,16.0,140.0,64.0,0.0323352515697479,0.0241687092930078,0.1460911482572555,0.124816671013832,0.6630111336708069,0.8111237287521362,33.0,1241.0,2816.0,0.0453369016759097,0.0478577464818954,0.0436513870954513
1.0,qrnn_paper,paper_no_reset,mackey_1000,5.0,0.001,7.0,4.0,4.0,1.0,64.0,6.057396967662498e-05,0.0001868676772573,0.0061180614866316,0.007629647385329,0.9994562864303588,0.9985746145248412,32.0,1991.0,1321.42,0.0104859474580734,0.0146636497229337,0.0078312009572982
1.0,qrnn_paper,paper_no_reset,mackey_1000,5.0,0.001,7.0,4.0,4.0,70.0,64.0,0.0364468395709991,0.0282996483147144,0.1478982716798782,0.133271187543869,0.605880618095398,0.7650955319404602,32.0,1931.0,1125.83,0.0356080273373259,0.0311003886163234,0.0370899885892868
1.0,qrnn_paper,paper_no_reset,mackey_1000,5.0,0.001,7.0,4.0,4.0,140.0,64.0,0.0376324541866779,0.0443580485880374,0.1538770645856857,0.1687780618667602,0.5213326215744019,0.5963842868804932,32.0,990.0,569.86,0.0540988536344634,0.0551238246262073,0.0438185855746269
1.0,qrnn_paper,paper_no_reset,mackey_1000,5.0,0.001,7.0,4.0,8.0,1.0,64.0,0.0001145140777225,0.0002018405502894,0.0083869760856032,0.0092839282006025,0.9989320039749146,0.9984553456306458,32.0,1701.0,2157.39,0.0092378691304475,0.0129896318539977,0.0060138772241771
1.0,qrnn_paper,paper_no_reset,mackey_1000,5.0,0.001,7.0,4.0,8.0,70.0,64.0,0.0317577011883258,0.021384734660387,0.1381156295537948,0.1180417612195015,0.6813148260116577,0.8296644687652588,32.0,1688.0,2013.18,0.0298050343990325,0.0269953794777393,0.0342924259603023
1.0,qrnn_paper,paper_no_reset,mackey_1000,5.0,0.001,7.0,4.0,8.0,140.0,64.0,0.0390312112867832,0.0295416377484798,0.1574011445045471,0.1364477723836898,0.5416246056556702,0.7528624534606934,32.0,4364.0,4711.48,0.0501881726086139,0.0534756481647491,0.0472766235470771
1.0,qrnn_paper,paper_no_reset,mackey_1000,5.0,0.001,7.0,4.0,16.0,1.0,64.0,0.0001056327237165,0.0002691302797757,0.0084075750783085,0.0118254981935024,0.9990825057029724,0.9979491233825684,32.0,1623.0,4328.14,0.0015330692753195,0.0029543717391788,0.0009456948027946
1.0,qrnn_paper,paper_no_reset,mackey_1000,5.0,0.001,7.0,4.0,16.0,70.0,64.0,0.0269421562552452,0.0152749503031373,0.1246413737535476,0.1004313081502914,0.7719988226890564,0.8836898803710938,32.0,1320.0,3257.62,0.0274534124053186,0.0300407148897647,0.0301673971116542
1.0,qrnn_paper,paper_no_reset,mackey_1000,5.0,0.001,7.0,4.0,16.0,140.0,64.0,0.0348763726651668,0.0261291731148958,0.1493197083473205,0.1284504383802414,0.6027382612228394,0.7869676351547241,32.0,1389.0,3147.21,0.0473445155657827,0.049141738563776,0.0409712307155132
1.0,qrnn_paper,paper_no_reset,mackey_1000,6.0,0.001,7.0,3.0,4.0,1.0,64.0,3.007692976098042e-05,6.811048660892993e-05,0.0042482907883822,0.00558493565768,0.9997137188911438,0.99948650598526,33.0,2732.0,1847.54,0.0081562662962824,0.0091447364538908,0.0067124129272997
1.0,qrnn_paper,paper_no_reset,mackey_1000,6.0,0.001,7.0,3.0,4.0,70.0,64.0,0.0337973460555076,0.027271594852209,0.1441204249858856,0.1305449157953262,0.6309186816215515,0.7735726237297058,33.0,1898.0,1083.94,0.0425130960841973,0.0365923568606376,0.0475442707538604
1.0,qrnn_paper,paper_no_reset,mackey_1000,6.0,0.001,7.0,3.0,4.0,140.0,64.0,0.0377005524933338,0.0443677306175231,0.1539806276559829,0.1688895970582962,0.5178201198577881,0.5961586833000183,33.0,1242.0,724.84,0.0510810520499944,0.0618668310344219,0.0527914054691791
1.0,qrnn_paper,paper_no_reset,mackey_1000,6.0,0.001,7.0,3.0,8.0,1.0,64.0,3.0977778806118295e-05,0.0001094686886062,0.0042976508848369,0.0057923831045627,0.9997316598892212,0.9991613030433656,33.0,2244.0,3179.55,0.0095877868589013,0.0106389438733458,0.0076771662570536
1.0,qrnn_paper,paper_no_reset,mackey_1000,6.0,0.001,7.0,3.0,8.0,70.0,64.0,0.030587350949645,0.0218812674283981,0.1362363249063491,0.1204073429107666,0.6822590231895447,0.8258022665977478,33.0,1732.0,2175.73,0.029990737636884,0.0267354846000671,0.0379475653171539
1.0,qrnn_paper,paper_no_reset,mackey_1000,6.0,0.001,7.0,3.0,8.0,140.0,64.0,0.0395217090845108,0.0380970053374767,0.163236066699028,0.1613603681325912,0.5010204315185547,0.6621994972229004,33.0,1287.0,1406.36,0.0504358327016234,0.0494443327188491,0.0498994961380958
1.0,qrnn_paper,paper_no_reset,mackey_1000,6.0,0.001,7.0,3.0,16.0,1.0,64.0,4.5224849600344896e-05,0.0001019770061247,0.0052206288091838,0.0072887665592134,0.9995935559272766,0.9992165565490724,33.0,1809.0,4927.47,0.0057643823791295,0.0094627197831869,0.0041902880184352
1.0,qrnn_paper,paper_no_reset,mackey_1000,6.0,0.001,7.0,3.0,16.0,70.0,64.0,0.0108112953603267,0.0102554811164736,0.0796805992722511,0.0811891183257103,0.9003252983093262,0.9194025993347168,33.0,1508.0,3814.42,0.0208451816191275,0.0191112589091062,0.0292462110519409
1.0,qrnn_paper,paper_no_reset,mackey_1000,6.0,0.001,7.0,3.0,16.0,140.0,64.0,0.0358721427619457,0.0228299219161272,0.1536536812782287,0.1225123181939125,0.6019893884658813,0.8151294589042664,33.0,2157.0,4935.2,0.0414709066972136,0.0419950149953365,0.0416189394891262
1.0,qrnn_paper,paper_no_reset,mackey_1000,6.0,0.001,7.0,4.0,4.0,1.0,64.0,1.9248413082095794e-05,5.337110269465484e-05,0.0034064492210745,0.00460004247725,0.9998298287391664,0.9995871186256408,32.0,2619.0,1623.81,0.0051937776152044,0.0056377728469669,0.0041599161922931
1.0,qrnn_paper,paper_no_reset,mackey_1000,6.0,0.001,7.0,4.0,4.0,70.0,64.0,0.0352271720767021,0.0285973660647869,0.1442639678716659,0.1330455094575882,0.6158255934715271,0.7591120600700378,32.0,2059.0,1202.13,0.039124310016632,0.0346824862062931,0.0410661287605762
1.0,qrnn_paper,paper_no_reset,mackey_1000,6.0,0.001,7.0,4.0,4.0,140.0,64.0,0.0374084822833538,0.0454075559973716,0.1575950533151626,0.1691750735044479,0.5204945206642151,0.579479455947876,32.0,1241.0,737.93,0.0586942144566112,0.0667585507035255,0.0607584193348884
1.0,qrnn_paper,paper_no_reset,mackey_1000,6.0,0.001,7.0,4.0,8.0,1.0,64.0,0.0001376049476675,0.0002459741372149,0.0091526480391621,0.0118660880252718,0.9987766146659852,0.9981664419174194,32.0,2522.0,3427.61,0.0106871280353516,0.0136994151398539,0.0070640668272972
1.0,qrnn_paper,paper_no_reset,mackey_1000,6.0,0.001,7.0,4.0,8.0,70.0,64.0,0.0245092883706092,0.0205838438123464,0.1224154531955719,0.1180567219853401,0.7512742280960083,0.8320164680480957,32.0,2597.0,3181.8,0.027200028921167,0.0261568427085876,0.033481191843748
1.0,qrnn_paper,paper_no_reset,mackey_1000,6.0,0.001,7.0,4.0,8.0,140.0,64.0,0.0364813208580017,0.0310135893523693,0.1553107649087906,0.1427414119243621,0.561931312084198,0.7459875345230103,32.0,3415.0,3781.65,0.0586498053744435,0.0548460409045219,0.0604569464921951
1.0,qrnn_paper,paper_no_reset,mackey_1000,6.0,0.001,7.0,4.0,16.0,1.0,64.0,0.0001300380099564,0.0003699048247653,0.0090602524578571,0.0131708569824695,0.9988051056861876,0.9971431493759156,32.0,2543.0,6898.27,0.003828867455013,0.0063889431767165,0.0025637410581111
1.0,qrnn_paper,paper_no_reset,mackey_1000,6.0,0.001,7.0,4.0,16.0,70.0,64.0,0.0160731095820665,0.0100975045934319,0.0959611311554908,0.0813078507781028,0.8457445502281189,0.922888457775116,32.0,1391.0,3344.1,0.0252642813656065,0.0252584889531135,0.0344189330935478
1.0,qrnn_paper,paper_no_reset,mackey_1000,6.0,0.001,7.0,4.0,16.0,140.0,64.0,0.0355531200766563,0.0212033409625291,0.14838607609272,0.1153509691357612,0.6038997173309326,0.8379790782928467,32.0,2370.0,5510.66,0.0362887796945869,0.0344974994659423,0.0355911403894424
1.0,qrnn_paper,paper_no_reset,mackey_1000,7.0,0.001,7.0,3.0,4.0,1.0,64.0,1.5685218386352062e-05,6.719146767864004e-05,0.0029445437248796,0.0044205524027347,0.999854862689972,0.9994817972183228,33.0,4993.0,3418.99,0.0078561297617852,0.0098599661141633,0.0063221417367458
1.0,qrnn_paper,paper_no_reset,mackey_1000,7.0,0.001,7.0,3.0,4.0,70.0,64.0,0.0339531525969505,0.0284825637936592,0.1402721405029297,0.1332269459962844,0.6233178973197937,0.7619015574455261,33.0,1325.0,815.09,0.0359190741760863,0.0321499332785606,0.0401544459164142
1.0,qrnn_paper,paper_no_reset,mackey_1000,7.0,0.001,7.0,3.0,4.0,140.0,64.0,0.0370593257248401,0.0449496172368526,0.1589502096176147,0.1701252609491348,0.5276901125907898,0.5831025838851929,33.0,933.0,555.49,0.052929260664516,0.0564320534467697,0.0473728962242603
1.0,qrnn_paper,paper_no_reset,mackey_1000,7.0,0.001,7.0,3.0,8.0,1.0,64.0,7.901114440755919e-05,0.0001569252490298,0.006795126479119,0.0086972452700138,0.9992734789848328,0.9987942576408386,33.0,2272.0,3131.22,0.0028210332617163,0.0037514462601393,0.0023088594898581
1.0,qrnn_paper,paper_no_reset,mackey_1000,7.0,0.001,7.0,3.0,8.0,70.0,64.0,0.0268949568271636,0.0220073144882917,0.1319440305233001,0.122530773282051,0.7298692464828491,0.8184067010879517,33.0,1485.0,1790.83,0.0270707259575525,0.0261383187025785,0.0338913798332214
1.0,qrnn_paper,paper_no_reset,mackey_1000,7.0,0.001,7.0,3.0,8.0,140.0,64.0,0.0391974300146102,0.0313712581992149,0.1589762419462204,0.1469502747058868,0.5359289050102234,0.7424567341804504,33.0,3119.0,3264.96,0.0413355478085577,0.0411914028227329,0.0376720242202281
,,,,,,,,,,,,,,,,,,,,,,
1.0,qrnn_paper,paper_no_reset,mackey_1000,7.0,0.001,7.0,3.0,16.0,70.0,64.0,0.0142579991370439,0.0120869651436805,0.0904208868741989,0.0901377126574516,0.8683743476867676,0.9042457342147828,33.0,4550.0,11486.99,0.0242020937924583,0.024413663893938,0.0309239029884338
1.0,qrnn_paper,paper_no_reset,mackey_1000,7.0,0.001,7.0,3.0,16.0,140.0,64.0,0.0334730744361877,0.0228727553039789,0.1499154567718505,0.1226837784051895,0.6435630321502686,0.8203431367874146,33.0,1323.0,3125.45,0.0383219425566494,0.0366551056504249,0.0436517857015132
,,,,,,,,,,,,,,,,,,,,,,
1.0,qrnn_paper,paper_no_reset,mackey_1000,7.0,0.001,7.0,4.0,4.0,70.0,64.0,0.033969759941101,0.0284281224012374,0.1407527923583984,0.1309823393821716,0.6199727058410645,0.7642333507537842,32.0,826.0,479.69,0.0370395729939142,0.0326319821178913,0.0401404909789562
1.0,qrnn_paper,paper_no_reset,mackey_1000,7.0,0.001,7.0,4.0,4.0,140.0,64.0,0.0368771702051162,0.0455773659050464,0.1579239964485168,0.1724277138710022,0.5303137302398682,0.5795665979385376,32.0,1264.0,707.0,0.0540335861345132,0.062807485461235,0.050913255661726
1.0,qrnn_paper,paper_no_reset,mackey_1000,7.0,0.001,7.0,4.0,8.0,1.0,64.0,8.263589552370831e-05,0.000223535724217,0.0072652208618819,0.0095741692930459,0.9992398619651794,0.9982784390449524,32.0,1919.0,2445.98,0.0035026110010221,0.0053148162551224,0.0022765805479139
1.0,qrnn_paper,paper_no_reset,mackey_1000,7.0,0.001,7.0,4.0,8.0,70.0,64.0,0.0339891463518142,0.0231716632843017,0.1460378468036651,0.1246373951435089,0.6452968120574951,0.8119574189186096,32.0,1049.0,1255.26,0.0285928646723429,0.0264746211469173,0.0339091122150421
1.0,qrnn_paper,paper_no_reset,mackey_1000,7.0,0.001,7.0,4.0,8.0,140.0,64.0,0.0349824875593185,0.0289916489273309,0.1523889154195785,0.1367950141429901,0.6055209040641785,0.7637790441513062,32.0,3721.0,3978.41,0.043476759456098,0.0459202751517295,0.0388295650482177
1.0,qrnn_paper,paper_no_reset,mackey_1000,7.0,0.001,7.0,4.0,16.0,1.0,64.0,0.0001555706985527,0.0003583256911952,0.0097009297460317,0.0134949898347258,0.9985353946685792,0.9972444772720336,32.0,2234.0,5993.04,0.0055736549431458,0.0077890888787806,0.0030405400320887
1.0,qrnn_paper,paper_no_reset,mackey_1000,7.0,0.001,7.0,4.0,16.0,70.0,64.0,0.0227378476411104,0.0163925606757402,0.1139251217246055,0.104848526418209,0.7942664623260498,0.8703086972236633,32.0,987.0,2369.9,0.0267182383686304,0.0256871245801448,0.0332299433648586
1.0,qrnn_paper,paper_no_reset,mackey_1000,7.0,0.001,7.0,4.0,16.0,140.0,64.0,0.0369167178869247,0.0228212308138608,0.1520318239927292,0.1200638189911842,0.5854264497756958,0.8185596466064453,32.0,1700.0,3867.09,0.0373951443471014,0.0353133454918861,0.0391296334564685
1.0,qrnn_paper,paper_no_reset,mackey_1000,8.0,0.001,7.0,3.0,4.0,1.0,64.0,1.254915514437016e-05,2.111773756041657e-05,0.0026846900582313,0.0031766183674335,0.9998883605003356,0.9998371601104736,33.0,2767.0,1847.79,0.0045967628480866,0.005081532523036,0.0038476523477584
1.0,qrnn_paper,paper_no_reset,mackey_1000,8.0,0.001,7.0,3.0,4.0,70.0,64.0,0.0323721505701541,0.0271294899284839,0.1388893574476242,0.1276096105575561,0.6453312635421753,0.7764883041381836,33.0,3135.0,1955.28,0.0389416172272629,0.0344636365771293,0.0425570234656333
1.0,qrnn_paper,paper_no_reset,mackey_1000,8.0,0.001,7.0,3.0,4.0,140.0,64.0,0.0379431843757629,0.0449097044765949,0.1585254967212677,0.1704555302858352,0.5127819776535034,0.5870128870010376,33.0,857.0,494.6,0.064463938275973,0.0603625141084194,0.0491177923977375
1.0,qrnn_paper,paper_no_reset,mackey_1000,8.0,0.001,7.0,3.0,8.0,1.0,64.0,3.950541213271208e-05,0.0002028719318332,0.0050218366086483,0.0079421186819672,0.999670684337616,0.9984371662139891,33.0,2923.0,3868.08,0.0031084759859368,0.0056132678873836,0.0027821399271488
1.0,qrnn_paper,paper_no_reset,mackey_1000,8.0,0.001,7.0,3.0,8.0,70.0,64.0,0.0289057400077581,0.0206434708088636,0.1331326812505722,0.1156969889998436,0.702725350856781,0.8335400819778442,33.0,1626.0,1966.24,0.0305944155487749,0.0274772699922323,0.0362626686692237
1.0,qrnn_paper,paper_no_reset,mackey_1000,8.0,0.001,7.0,3.0,8.0,140.0,64.0,0.0343082770705223,0.0282435733824968,0.1500587612390518,0.1316116601228714,0.6155379414558411,0.7736077308654785,33.0,2289.0,2463.46,0.0464964844286441,0.0501972436904907,0.0464250184595584
1.0,qrnn_paper,paper_no_reset,mackey_1000,8.0,0.001,7.0,3.0,16.0,1.0,64.0,9.958879672922194e-05,0.0004000456538051,0.0082162581384181,0.0121678728610277,0.9992610216140748,0.996917486190796,33.0,2725.0,7256.94,0.009093702584505,0.015977207571268,0.0052915466949343
1.0,qrnn_paper,paper_no_reset,mackey_1000,8.0,0.001,7.0,3.0,16.0,70.0,64.0,0.02469352632761,0.0161037109792232,0.1228712722659111,0.102848969399929,0.7566428184509277,0.8730319738388062,33.0,2770.0,6920.27,0.0352498862064547,0.0343569256365299,0.0487041622400283
1.0,qrnn_paper,paper_no_reset,mackey_1000,8.0,0.001,7.0,3.0,16.0,140.0,64.0,0.034425064921379,0.0236818008124828,0.1508450210094452,0.1227969750761985,0.6206711530685425,0.8234349489212036,33.0,1750.0,3920.87,0.0374836148694157,0.0361068770289421,0.0385275557637214
1.0,qrnn_paper,paper_no_reset,mackey_1000,8.0,0.001,7.0,4.0,4.0,1.0,64.0,6.547605153173208e-05,0.0001196054217871,0.0066507849842309,0.007744372356683,0.9994251132011414,0.9990805387496948,32.0,1121.0,743.6,0.0013750800862908,0.0027361146640032,0.000993519090116
1.0,qrnn_paper,paper_no_reset,mackey_1000,8.0,0.001,7.0,4.0,4.0,70.0,64.0,0.0350215584039688,0.0282969288527965,0.1450860351324081,0.1310250014066696,0.6149463057518005,0.7638833522796631,32.0,1169.0,658.49,0.0403000043912066,0.0362537242472171,0.0439585298299789
1.0,qrnn_paper,paper_no_reset,mackey_1000,8.0,0.001,7.0,4.0,4.0,140.0,64.0,0.0369244962930679,0.0450928285717964,0.1579840034246444,0.1704946458339691,0.5293138027191162,0.5830037593841553,32.0,1086.0,630.25,0.0690131208135022,0.0649891719222068,0.0552327595651149
1.0,qrnn_paper,paper_no_reset,mackey_1000,8.0,0.001,7.0,4.0,8.0,1.0,64.0,0.0001775691634975,0.0003452532691881,0.0105759007856249,0.0139183010905981,0.998384952545166,0.997408092021942,32.0,1425.0,1839.94,0.0046145125525072,0.0076167597435414,0.003271218156442
1.0,qrnn_paper,paper_no_reset,mackey_1000,8.0,0.001,7.0,4.0,8.0,70.0,64.0,0.0253236331045627,0.0199116021394729,0.127357006072998,0.11521527916193,0.7395303845405579,0.8406496644020081,32.0,2227.0,2728.83,0.0329102432976166,0.0290011242032051,0.0374078117311
1.0,qrnn_paper,paper_no_reset,mackey_1000,8.0,0.001,7.0,4.0,8.0,140.0,64.0,0.0353407263755798,0.0337036363780498,0.1539931744337082,0.1474638134241104,0.5810551643371582,0.7078907489776611,32.0,2089.0,2389.02,0.0452824775129556,0.0467976331710815,0.0456758849322795
1.0,qrnn_paper,paper_no_reset,mackey_1000,8.0,0.001,7.0,4.0,16.0,1.0,64.0,2.6426003387314267e-05,0.0001430710835848,0.0038978545926511,0.0061840964481234,0.9997478723526,0.9989151358604432,32.0,3340.0,8884.93,0.0078195261303335,0.0123907458037137,0.0047908364795148
1.0,qrnn_paper,paper_no_reset,mackey_1000,8.0,0.001,7.0,4.0,16.0,70.0,64.0,0.0163702424615621,0.0127711007371544,0.0998308807611465,0.0916421189904213,0.8504735827445984,0.898276150226593,32.0,2091.0,5102.88,0.0276465747091505,0.0255853496491909,0.0377863198518753
1.0,qrnn_paper,paper_no_reset,mackey_1000,8.0,0.001,7.0,4.0,16.0,140.0,64.0,0.0345223881304264,0.0242233127355575,0.1488172709941864,0.1254957467317581,0.6132149696350098,0.8060439229011536,32.0,1910.0,4369.17,0.041390991769731,0.0429585091769695,0.0464390963315963
1.0,qrnn_paper,paper_no_reset,mackey_1000,9.0,0.001,7.0,3.0,4.0,1.0,64.0,2.001269967877306e-05,5.415833220467903e-05,0.0034926154185086,0.00450683478266,0.999815821647644,0.9995833039283752,33.0,3454.0,2350.68,0.0101123491767793,0.0127708036452531,0.0075518856756389
1.0,qrnn_paper,paper_no_reset,mackey_1000,9.0,0.001,7.0,3.0,4.0,70.0,64.0,0.0349911861121654,0.0280017536133527,0.143339604139328,0.1332878172397613,0.6114206910133362,0.7664726376533508,33.0,1605.0,971.85,0.0375081929895612,0.0328497774899005,0.0406859256327152
1.0,qrnn_paper,paper_no_reset,mackey_1000,9.0,0.001,7.0,3.0,4.0,140.0,64.0,0.0385479629039764,0.0428186506032943,0.1576297134160995,0.1679743975400924,0.5003147721290588,0.6168307065963745,33.0,967.0,581.4,0.0458272238706487,0.0569752417504787,0.049981877207756
1.0,qrnn_paper,paper_no_reset,mackey_1000,9.0,0.001,7.0,3.0,8.0,1.0,64.0,8.693774725543335e-05,0.0001716006372589,0.0068405182100832,0.0086417533457279,0.9992238283157348,0.9986770749092102,33.0,2424.0,3305.59,0.0015211652731522,0.002313410397619,0.0011686738580465
1.0,qrnn_paper,paper_no_reset,mackey_1000,9.0,0.001,7.0,3.0,8.0,70.0,64.0,0.0278349854052066,0.0200517289340496,0.1335604935884475,0.1195260509848594,0.7309268712997437,0.8424057364463806,33.0,3011.0,3716.82,0.0305890515446662,0.0283038131892681,0.0362947583198547
1.0,qrnn_paper,paper_no_reset,mackey_1000,9.0,0.001,7.0,3.0,8.0,140.0,64.0,0.0378775969147682,0.028576286509633,0.1620806157588958,0.1320717483758926,0.5841343998908997,0.7646051049232483,33.0,4234.0,4575.76,0.044082002248615,0.0464556254446506,0.0404562540352344
1.0,qrnn_paper,paper_no_reset,mackey_1000,9.0,0.001,7.0,3.0,16.0,1.0,64.0,0.0003466492344159,0.0006548161036334,0.0140138594433665,0.0186472050845623,0.9966409802436828,0.9949423670768738,33.0,1463.0,4076.31,0.0052940820343792,0.0071755619719624,0.0045834160409867
1.0,qrnn_paper,paper_no_reset,mackey_1000,9.0,0.001,7.0,3.0,16.0,70.0,64.0,0.0152500318363308,0.0113524878397583,0.0980434343218803,0.0851244106888771,0.860392153263092,0.9106343984603882,33.0,1017.0,2593.61,0.0210248465753263,0.020140703767538,0.0289147533476352
1.0,qrnn_paper,paper_no_reset,mackey_1000,9.0,0.001,7.0,3.0,16.0,140.0,64.0,0.0338885337114334,0.0221453756093978,0.1493802070617675,0.1206255480647087,0.6609644293785095,0.8270957469940186,33.0,1241.0,2710.77,0.0357857125345617,0.03767991065979,0.0382639318704605
1.0,qrnn_paper,paper_no_reset,mackey_1000,9.0,0.001,7.0,4.0,4.0,1.0,64.0,2.0050658349646252e-05,6.324954301817343e-05,0.0035430081188678,0.004452537279576,0.9998043179512024,0.9995110630989076,32.0,2814.0,1806.4,0.0096498762257397,0.0116812065243721,0.0071484334766864
1.0,qrnn_paper,paper_no_reset,mackey_1000,9.0,0.001,7.0,4.0,4.0,70.0,64.0,0.0347295962274074,0.0284991040825843,0.1434237509965896,0.1335877329111099,0.6143031120300293,0.7617636919021606,32.0,469.0,271.05,0.033230572938919,0.0292776934802532,0.0363081283867359
1.0,qrnn_paper,paper_no_reset,mackey_1000,9.0,0.001,7.0,4.0,4.0,140.0,64.0,0.0397398881614208,0.0439467243850231,0.1604002267122268,0.1698071509599685,0.4748930931091308,0.6117163896560669,32.0,1977.0,1178.94,0.0538720666322155,0.0666728913784027,0.0580059252679348
1.0,qrnn_paper,paper_no_reset,mackey_1000,9.0,0.001,7.0,4.0,8.0,1.0,64.0,5.215711644268595e-05,0.0001018502516672,0.0057027488946914,0.0066168145276606,0.9995115399360656,0.9992256760597228,32.0,4499.0,5967.35,0.0155534194782376,0.0164119433611631,0.0133024817332625
1.0,qrnn_paper,paper_no_reset,mackey_1000,9.0,0.001,7.0,4.0,8.0,70.0,64.0,0.0305134207010269,0.021426536142826,0.1329499334096908,0.1166437268257141,0.6971720457077026,0.827279806137085,32.0,3009.0,3568.25,0.0343841980728838,0.0337048470973968,0.0400309786200523
1.0,qrnn_paper,paper_no_reset,mackey_1000,9.0,0.001,7.0,4.0,8.0,140.0,64.0,0.0361711122095584,0.0305681396275758,0.154642567038536,0.1394790709018707,0.5744167566299438,0.7487059831619263,32.0,2959.0,3213.48,0.0449417470954358,0.0449800007045269,0.0477146469056606
1.0,qrnn_paper,paper_no_reset,mackey_1000,9.0,0.001,7.0,4.0,16.0,1.0,64.0,4.2694289732025936e-05,0.0001503494422649,0.005188072565943,0.0076799448579549,0.999614119529724,0.9988420605659484,32.0,2162.0,6001.11,0.0037029220489785,0.005449519958347,0.0027940666768699
1.0,qrnn_paper,paper_no_reset,mackey_1000,9.0,0.001,7.0,4.0,16.0,70.0,64.0,0.0132947973906993,0.0116786016151309,0.088332898914814,0.0863945260643959,0.8736396431922913,0.9103270769119264,32.0,1405.0,3573.9,0.0206247020719779,0.0207619573920965,0.0280379969626665
1.0,qrnn_paper,paper_no_reset,mackey_1000,9.0,0.001,7.0,4.0,16.0,140.0,64.0,0.0387454442679882,0.0225159805268049,0.1555516570806503,0.1225575357675552,0.5808195471763611,0.816913902759552,32.0,1345.0,2981.17,0.0374009790830314,0.041839275509119,0.0438008606433868
1.0,qrnn_paper,paper_no_reset,lorenz_1000,0.0,0.001,7.0,3.0,4.0,1.0,64.0,0.0001525130501249,0.0001540342200314,0.0093617606908082,0.0092258146032691,0.9983681440353394,0.9983444809913636,43.0,3597.0,2868.73,0.0126126195304095,0.0133079728111624,0.0120847700163722
1.0,qrnn_paper,paper_no_reset,lorenz_1000,0.0,0.001,7.0,3.0,4.0,13.0,64.0,0.0235022343695163,0.0246379673480987,0.1131488531827926,0.1169520244002342,0.7242665886878967,0.6975753307342529,43.0,2967.0,2178.69,0.0365914640948176,0.0408494286239147,0.0367878265678882
1.0,qrnn_paper,paper_no_reset,lorenz_1000,0.0,0.001,7.0,3.0,4.0,25.0,64.0,0.0378438755869865,0.0401471331715583,0.1456279456615448,0.1505257040262222,0.4416939914226532,0.4186987578868866,43.0,984.0,744.11,0.0423618152737617,0.0582592375576496,0.0525843985378742
1.0,qrnn_paper,paper_no_reset,lorenz_1000,0.0,0.001,7.0,3.0,8.0,1.0,64.0,0.0004176463407929,0.0004537759232334,0.0166197624057531,0.0169098004698753,0.9955096244812012,0.99522203207016,43.0,3866.0,6145.78,0.0100515142548829,0.0103883119300007,0.0101349977776408
1.0,qrnn_paper,paper_no_reset,lorenz_1000,0.0,0.001,7.0,3.0,8.0,13.0,64.0,0.0220220703631639,0.0242970660328865,0.112602412700653,0.1162117421627044,0.7535915970802307,0.7010434865951538,43.0,2139.0,3412.62,0.0365999503061175,0.0449470579624176,0.0427469015121459
1.0,qrnn_paper,paper_no_reset,lorenz_1000,0.0,0.001,7.0,3.0,8.0,25.0,64.0,0.0308641158044338,0.0330194607377052,0.1326721757650375,0.1367934048175811,0.5902525782585144,0.5501106977462769,43.0,1604.0,2529.72,0.0350168680772185,0.0487410835921764,0.0452428758144378
1.0,qrnn_paper,paper_no_reset,lorenz_1000,0.0,0.001,7.0,3.0,16.0,1.0,64.0,0.004207947757095,0.0046004010364413,0.0495600365102291,0.053334292024374,0.9538344144821168,0.9496737718582152,43.0,1152.0,3689.88,0.0256854470819234,0.0214752163738012,0.0215142369270324
1.0,qrnn_paper,paper_no_reset,lorenz_1000,0.0,0.001,7.0,3.0,16.0,13.0,64.0,0.0246631484478712,0.025079071521759,0.1124272421002388,0.1159301474690437,0.707388699054718,0.6968496441841125,43.0,1631.0,5128.94,0.0371186982840299,0.0503360629081726,0.0499717779457569
1.0,qrnn_paper,paper_no_reset,lorenz_1000,0.0,0.001,7.0,3.0,16.0,25.0,64.0,0.0274339243769645,0.0266880318522453,0.127198725938797,0.1268982738256454,0.6629286408424377,0.6574224829673767,43.0,1268.0,3736.91,0.045068417986234,0.0484175160527229,0.0468747802078723
1.0,qrnn_paper,paper_no_reset,lorenz_1000,0.0,0.001,7.0,4.0,4.0,1.0,64.0,0.001140606123954,0.0012054503895342,0.0260842815041542,0.0270979218184947,0.9876348376274108,0.9870561957359314,40.0,1109.0,832.13,0.0145016098394989,0.0158602241426706,0.0143490936607122
1.0,qrnn_paper,paper_no_reset,lorenz_1000,0.0,0.001,7.0,4.0,4.0,13.0,64.0,0.0369160212576389,0.0368939004838466,0.151774063706398,0.1488434225320816,0.4545282125473022,0.4993571937084198,40.0,558.0,415.53,0.0407661581411957,0.0425409786403179,0.0394268445670604
1.0,qrnn_paper,paper_no_reset,lorenz_1000,0.0,0.001,7.0,4.0,4.0,25.0,64.0,0.0301126725971698,0.0310602784156799,0.1311131864786148,0.1326982229948043,0.615606963634491,0.5928799510002136,40.0,4863.0,3544.89,0.0418257981538772,0.0449631549417972,0.0415990799665451
1.0,qrnn_paper,paper_no_reset,lorenz_1000,0.0,0.001,7.0,4.0,8.0,1.0,64.0,0.0021083164028823,0.0023197147529572,0.0350964926183223,0.0373642742633819,0.9771525263786316,0.9752505421638488,40.0,2190.0,3174.34,0.021390619687736,0.0204362496733665,0.0213053897023201
1.0,qrnn_paper,paper_no_reset,lorenz_1000,0.0,0.001,7.0,4.0,8.0,13.0,64.0,0.0250918101519346,0.026075929403305,0.1167658492922782,0.1172608882188797,0.6913067102432251,0.674243688583374,40.0,3382.0,5083.66,0.038928697630763,0.0475721098482608,0.0403242669999599
1.0,qrnn_paper,paper_no_reset,lorenz_1000,0.0,0.001,7.0,4.0,8.0,25.0,64.0,0.0333623550832271,0.0346774421632289,0.1427284479141235,0.1434441208839416,0.5471837520599365,0.5178716778755188,40.0,1152.0,1728.93,0.0404928982257843,0.0527382306754589,0.047321617603302
1.0,qrnn_paper,paper_no_reset,lorenz_1000,0.0,0.001,7.0,4.0,16.0,1.0,64.0,0.0050218179821968,0.0055757607333362,0.0553294904530048,0.059114821255207,0.9446035027503968,0.9387782216072084,40.0,1348.0,4232.28,0.015702155791223,0.0181875824928283,0.0172560941427946
1.0,qrnn_paper,paper_no_reset,lorenz_1000,0.0,0.001,7.0,4.0,16.0,13.0,64.0,0.0338615961372852,0.0346433110535144,0.1438208669424057,0.1464539170265197,0.5297286510467529,0.5192803740501404,40.0,1619.0,4902.42,0.0432128258049488,0.0558344908058643,0.0469244122505188
1.0,qrnn_paper,paper_no_reset,lorenz_1000,0.0,0.001,7.0,4.0,16.0,25.0,64.0,0.0271498467773199,0.0279596280306577,0.1287682652473449,0.1309643387794494,0.6639449000358582,0.6279124021530151,40.0,4069.0,11573.24,0.0404301298161347,0.0452762059867382,0.0454055778682231
1.0,qrnn_paper,paper_no_reset,lorenz_1000,1.0,0.001,7.0,3.0,4.0,1.0,64.0,0.0003832867951132,0.000361825863365,0.0146072329953312,0.0144194066524505,0.9959523677825928,0.9962227940559388,43.0,1222.0,956.47,0.00846016430296,0.0098842475563287,0.0087491543963551
1.0,qrnn_paper,paper_no_reset,lorenz_1000,1.0,0.001,7.0,3.0,4.0,13.0,64.0,0.0246285367757082,0.0266128461807966,0.1159528791904449,0.1222035735845565,0.7069313526153564,0.6663927435874939,43.0,2894.0,2297.16,0.0342659872025251,0.0403081215918064,0.0354587323963642
1.0,qrnn_paper,paper_no_reset,lorenz_1000,1.0,0.001,7.0,3.0,4.0,25.0,64.0,0.0308484714478254,0.0314858965575695,0.1326200813055038,0.1349802762269973,0.6064950823783875,0.5953807234764099,43.0,946.0,731.43,0.0488254602998495,0.0693528950214386,0.0597482547163963
1.0,qrnn_paper,paper_no_reset,lorenz_1000,1.0,0.001,7.0,3.0,8.0,1.0,64.0,0.0007742382586002,0.0007075127214193,0.0206693708896636,0.0196679476648569,0.991653561592102,0.9923797845840454,43.0,2238.0,3528.16,0.0119972754269838,0.0106683503836393,0.0108798462897539
1.0,qrnn_paper,paper_no_reset,lorenz_1000,1.0,0.001,7.0,3.0,8.0,13.0,64.0,0.0198930837213993,0.0209382399916648,0.1000366583466529,0.1025107726454734,0.7812272310256958,0.7536799907684326,43.0,3497.0,5749.63,0.0307612823322415,0.0394560880959034,0.0363648198544979
1.0,qrnn_paper,paper_no_reset,lorenz_1000,1.0,0.001,7.0,3.0,8.0,25.0,64.0,0.0234791226685047,0.0239468105137348,0.1189031451940536,0.120763786137104,0.7346013784408569,0.7105730772018433,43.0,1877.0,2862.99,0.0326533043757081,0.043684784322977,0.0422230027616024
1.0,qrnn_paper,paper_no_reset,lorenz_1000,1.0,0.001,7.0,3.0,16.0,1.0,64.0,0.0029537482187151,0.0031420767772942,0.04285179823637,0.0443972386419773,0.9683005809783936,0.9661571383476256,43.0,1448.0,4436.58,0.0159892342053353,0.0163693241775035,0.0154983112588524
1.0,qrnn_paper,paper_no_reset,lorenz_1000,1.0,0.001,7.0,3.0,16.0,13.0,64.0,0.0261890571564435,0.0263692550361156,0.1158549785614013,0.1186942160129547,0.6805951595306396,0.6734713315963745,43.0,1396.0,4446.48,0.0387280069291591,0.0531831607222557,0.0536923594772815
1.0,qrnn_paper,paper_no_reset,lorenz_1000,1.0,0.001,7.0,3.0,16.0,25.0,64.0,0.0278625786304473,0.029583390802145,0.1313897967338562,0.13658007979393,0.6518106460571289,0.6013957858085632,43.0,1544.0,4602.55,0.0386517904698848,0.0469999872148036,0.0453572981059551
1.0,qrnn_paper,paper_no_reset,lorenz_1000,1.0,0.001,7.0,4.0,4.0,1.0,64.0,0.000556050625164,0.0005711152916774,0.017229625955224,0.0173483286052942,0.9940379858016968,0.9938902854919434,40.0,1936.0,1367.45,0.0253632485866546,0.0297967158257961,0.0242923125624656
1.0,qrnn_paper,paper_no_reset,lorenz_1000,1.0,0.001,7.0,4.0,4.0,13.0,64.0,0.0291182659566402,0.0310456808656454,0.1284686923027038,0.134812518954277,0.6257089972496033,0.5876695513725281,40.0,1657.0,1200.43,0.0415660735219717,0.0509396195411682,0.0465215630829334
1.0,qrnn_paper,paper_no_reset,lorenz_1000,1.0,0.001,7.0,4.0,4.0,25.0,64.0,0.0265567302703857,0.0269152261316776,0.125293955206871,0.1276139765977859,0.6936675310134888,0.6731598973274231,40.0,2516.0,1834.2,0.038609854504466,0.0476286262273788,0.0422833450138568
1.0,qrnn_paper,paper_no_reset,lorenz_1000,1.0,0.001,7.0,4.0,8.0,1.0,64.0,0.0011020397068932,0.0010003752540796,0.0251165330410003,0.023833630606532,0.9880743622779846,0.9892383813858032,40.0,1891.0,2851.96,0.0172917869873344,0.020247021690011,0.0182623863220214
1.0,qrnn_paper,paper_no_reset,lorenz_1000,1.0,0.001,7.0,4.0,8.0,13.0,64.0,0.0248702075332403,0.0252587050199508,0.112939640879631,0.1138263717293739,0.6986722350120544,0.6886988282203674,40.0,3411.0,5267.95,0.0386873178184032,0.0486577786505222,0.0456784702837467
1.0,qrnn_paper,paper_no_reset,lorenz_1000,1.0,0.001,7.0,4.0,8.0,25.0,64.0,0.0319000929594039,0.0336707904934883,0.1357098817825317,0.1395120173692703,0.5759594440460205,0.5308888554573059,40.0,1020.0,1563.21,0.0329102851450443,0.0425129681825637,0.0415441654622554
1.0,qrnn_paper,paper_no_reset,lorenz_1000,1.0,0.001,7.0,4.0,16.0,1.0,64.0,0.0038920368533581,0.0039510470815002,0.0494061969220638,0.049620471894741,0.957247257232666,0.9569789171218872,40.0,1014.0,3089.23,0.0201547631993889,0.0208896938711404,0.0223779305815696
1.0,qrnn_paper,paper_no_reset,lorenz_1000,1.0,0.001,7.0,4.0,16.0,13.0,64.0,0.0329734198749065,0.0323540344834327,0.1418262422084808,0.1388168334960937,0.5534460544586182,0.5715378522872925,40.0,804.0,2491.31,0.0355696136131882,0.051303930580616,0.0510535165667533
1.0,qrnn_paper,paper_no_reset,lorenz_1000,1.0,0.001,7.0,4.0,16.0,25.0,64.0,0.0286343693733215,0.0303357448428869,0.1345192641019821,0.1379340142011642,0.6474572420120239,0.5899108648300171,40.0,1423.0,4097.66,0.0431978661153051,0.0578467845916748,0.0480590015649795
1.0,qrnn_paper,paper_no_reset,lorenz_1000,2.0,0.001,7.0,3.0,4.0,1.0,64.0,0.0002885042922571,0.0002949023328255,0.0124198319390416,0.0128018530085682,0.996902883052826,0.9968182444572448,43.0,2501.0,1968.73,0.0168379740789532,0.0144653767347335,0.0157118141651153
1.0,qrnn_paper,paper_no_reset,lorenz_1000,2.0,0.001,7.0,3.0,4.0,13.0,64.0,0.0259611420333385,0.0284194368869066,0.1248872503638267,0.1313228607177734,0.6864938139915466,0.6368921995162964,43.0,1634.0,1295.42,0.0364337567239999,0.0453363768756389,0.04073366522789
1.0,qrnn_paper,paper_no_reset,lorenz_1000,2.0,0.001,7.0,3.0,4.0,25.0,64.0,0.0280719753354787,0.0276651047170162,0.1277187913656234,0.1278474479913711,0.6613150238990784,0.6567034721374512,43.0,3501.0,2783.46,0.042202703282237,0.0536406263709068,0.0487470738589763
1.0,qrnn_paper,paper_no_reset,lorenz_1000,2.0,0.001,7.0,3.0,8.0,1.0,64.0,0.0014570374041795,0.0013123338576406,0.0290091373026371,0.0270136725157499,0.9841832518577576,0.9858412742614746,43.0,2439.0,3771.17,0.0177814754657447,0.0161220245063304,0.0139953065663576
1.0,qrnn_paper,paper_no_reset,lorenz_1000,2.0,0.001,7.0,3.0,8.0,13.0,64.0,0.0212175082415342,0.0217220429331064,0.1043976321816444,0.1052064821124076,0.7589542269706726,0.7436420917510986,43.0,2664.0,4195.92,0.0363225821405649,0.039582509547472,0.0387230552732944
1.0,qrnn_paper,paper_no_reset,lorenz_1000,2.0,0.001,7.0,3.0,8.0,25.0,64.0,0.0255376044660806,0.0255535542964935,0.1230166032910347,0.1221383735537529,0.7036178112030029,0.6927914619445801,43.0,2414.0,3904.47,0.0435138899832963,0.0450784228742122,0.0454071164131164
1.0,qrnn_paper,paper_no_reset,lorenz_1000,2.0,0.001,7.0,3.0,16.0,1.0,64.0,0.0032676253467798,0.0034517750609666,0.044834665954113,0.0465839281678199,0.9643030166625975,0.96255624294281,43.0,2336.0,7555.48,0.019132694043219,0.0197856575250625,0.0172194615006446
1.0,qrnn_paper,paper_no_reset,lorenz_1000,2.0,0.001,7.0,3.0,16.0,13.0,64.0,0.0220589227974414,0.0226967670023441,0.1037609949707984,0.1071828305721283,0.7446328401565552,0.7283053398132324,43.0,1200.0,3984.77,0.0317968733608722,0.0332552082836627,0.0327171720564365
1.0,qrnn_paper,paper_no_reset,lorenz_1000,2.0,0.001,7.0,3.0,16.0,25.0,64.0,0.0249684620648622,0.0251254122704267,0.1212262585759162,0.1238662526011467,0.7005056142807007,0.6789271831512451,43.0,1228.0,3639.86,0.0362710122846894,0.0466184243559837,0.046687476336956
1.0,qrnn_paper,paper_no_reset,lorenz_1000,2.0,0.001,7.0,4.0,4.0,1.0,64.0,0.0003625079989433,0.0003124108479823,0.0139367748051881,0.0127840703353285,0.9960943460464478,0.9966486692428588,40.0,1834.0,1355.79,0.0181337311863899,0.0185572449117898,0.0159992203116416
1.0,qrnn_paper,paper_no_reset,lorenz_1000,2.0,0.001,7.0,4.0,4.0,13.0,64.0,0.0261725801974535,0.0284007508307695,0.1272980570793151,0.1305792331695556,0.6763370037078857,0.6356974244117737,40.0,2875.0,2105.0,0.0438304340466857,0.0503960885107517,0.0473093315958976
1.0,qrnn_paper,paper_no_reset,lorenz_1000,2.0,0.001,7.0,4.0,4.0,25.0,64.0,0.0295979157090187,0.0303223542869091,0.13042713701725,0.1336647570133209,0.6307017207145691,0.6137266159057617,40.0,2288.0,1612.42,0.0483716942369937,0.0625374466180801,0.0576257556676864
1.0,qrnn_paper,paper_no_reset,lorenz_1000,2.0,0.001,7.0,4.0,8.0,1.0,64.0,0.0016660055844113,0.0015646719839423,0.0318030230700969,0.0296862814575433,0.981868326663971,0.9830827116966248,40.0,1674.0,2547.07,0.0248556924983859,0.0277398396283388,0.0256484039127826
,,,,,,,,,,,,,,,,,,,,,,
1.0,qrnn_paper,paper_no_reset,lorenz_1000,2.0,0.001,7.0,4.0,8.0,25.0,64.0,0.0329518616199493,0.0348668433725833,0.1466870605945587,0.1509036272764206,0.5914515852928162,0.5059963464736938,40.0,1231.0,1836.95,0.04410085901618,0.0476888827979564,0.0456539504230022
1.0,qrnn_paper,paper_no_reset,lorenz_1000,2.0,0.001,7.0,4.0,16.0,1.0,64.0,0.0082248011603951,0.0080184964463114,0.0723694637417793,0.0710219517350196,0.909662902355194,0.9116412997245787,40.0,1118.0,3451.82,0.0251042634248733,0.025169838219881,0.0237616617232561
1.0,qrnn_paper,paper_no_reset,lorenz_1000,2.0,0.001,7.0,4.0,16.0,13.0,64.0,0.0299669224768877,0.032012864947319,0.1248617842793464,0.1300997883081436,0.6063512563705444,0.5723289251327515,40.0,1767.0,5481.56,0.0569643162190914,0.0784720405936241,0.0670335590839386
1.0,qrnn_paper,paper_no_reset,lorenz_1000,2.0,0.001,7.0,4.0,16.0,25.0,64.0,0.0267882477492094,0.0271092727780342,0.1266037076711654,0.1281926035881042,0.673214852809906,0.6449893712997437,40.0,2995.0,8378.81,0.0507221300568845,0.0680700242519378,0.0613108538091182
1.0,qrnn_paper,paper_no_reset,lorenz_1000,3.0,0.001,7.0,3.0,4.0,1.0,64.0,0.0002111012290697,0.0002600745065137,0.0101507231593132,0.0111275818198919,0.9977761507034302,0.997227430343628,43.0,5064.0,4046.95,0.0112183747347444,0.0130138751119375,0.0096869356930255
1.0,qrnn_paper,paper_no_reset,lorenz_1000,3.0,0.001,7.0,3.0,4.0,13.0,64.0,0.0258859265595674,0.0275609940290451,0.1189595460891723,0.1229306757450103,0.68832927942276,0.6481872797012329,43.0,1473.0,1167.4,0.0416499258950352,0.0471532791852951,0.0394291058182716
1.0,qrnn_paper,paper_no_reset,lorenz_1000,3.0,0.001,7.0,3.0,4.0,25.0,64.0,0.0284764189273118,0.0276940334588289,0.1269901096820831,0.1261348724365234,0.6605824828147888,0.657152533531189,43.0,1632.0,1259.69,0.0381395610049366,0.0530104413628578,0.0468351580202579
1.0,qrnn_paper,paper_no_reset,lorenz_1000,3.0,0.001,7.0,3.0,8.0,1.0,64.0,0.0014969131443649,0.0014528126921504,0.0296827889978885,0.0296829622238874,0.9839365482330322,0.9842938780784608,43.0,923.0,1427.09,0.011277915071696,0.0103528397157788,0.0102111864835023
1.0,qrnn_paper,paper_no_reset,lorenz_1000,3.0,0.001,7.0,3.0,8.0,13.0,64.0,0.0227986108511686,0.0237297154963016,0.110306903719902,0.1121748983860015,0.7362356185913086,0.7088975310325623,43.0,2416.0,3922.76,0.0293703516945242,0.0365443117916584,0.0348440036177635
1.0,qrnn_paper,paper_no_reset,lorenz_1000,3.0,0.001,7.0,3.0,8.0,25.0,64.0,0.0309087224304676,0.0316461250185966,0.1394359916448593,0.1401469856500625,0.5984230041503906,0.5684311389923096,43.0,1613.0,2532.87,0.0389740048907697,0.047110628336668,0.042878370732069
1.0,qrnn_paper,paper_no_reset,lorenz_1000,3.0,0.001,7.0,3.0,16.0,1.0,64.0,0.0051185972988605,0.0051642064936459,0.0559814572334289,0.0562082268297672,0.9444164037704468,0.9439801573753356,43.0,1555.0,5171.52,0.0243878791108727,0.0241187922656536,0.0247837919741868
1.0,qrnn_paper,paper_no_reset,lorenz_1000,3.0,0.001,7.0,3.0,16.0,13.0,64.0,0.0274971928447484,0.0287026837468147,0.1192566975951194,0.1226252764463424,0.662632942199707,0.6244916915893555,43.0,1255.0,4108.34,0.0383088074624538,0.0512712448835372,0.0489590466022491
1.0,qrnn_paper,paper_no_reset,lorenz_1000,3.0,0.001,7.0,3.0,16.0,25.0,64.0,0.0329495929181575,0.0342516526579856,0.1418686658143997,0.1476280391216278,0.5576212406158447,0.5068206191062927,43.0,675.0,2010.73,0.0388065274390909,0.0466804280877113,0.0479209348559379
1.0,qrnn_paper,paper_no_reset,lorenz_1000,3.0,0.001,7.0,4.0,4.0,1.0,64.0,0.0004358237201813,0.0003872319648507,0.0157502237707376,0.0145438015460968,0.995287835597992,0.995870053768158,40.0,1941.0,1381.18,0.0116127188317477,0.0119727980345487,0.0110989846289157
1.0,qrnn_paper,paper_no_reset,lorenz_1000,3.0,0.001,7.0,4.0,4.0,13.0,64.0,0.0260426420718431,0.0283794458955526,0.1215722188353538,0.1281029134988784,0.6851887702941895,0.6331584453582764,40.0,2516.0,1819.31,0.044126059859991,0.0516032204031944,0.0445187129080295
1.0,qrnn_paper,paper_no_reset,lorenz_1000,3.0,0.001,7.0,4.0,4.0,25.0,64.0,0.0352533087134361,0.0344190672039985,0.1424497365951538,0.1424102187156677,0.5092973113059998,0.5326455235481262,40.0,1614.0,1185.06,0.0469289809465408,0.0519480593502521,0.04991440102458
1.0,qrnn_paper,paper_no_reset,lorenz_1000,3.0,0.001,7.0,4.0,8.0,1.0,64.0,0.0019712739158421,0.0020666315685957,0.034786332398653,0.0355597771704196,0.9787417650222778,0.9778403639793396,40.0,1884.0,2744.81,0.0143191021867096,0.0134021854028105,0.0109955668449401
1.0,qrnn_paper,paper_no_reset,lorenz_1000,3.0,0.001,7.0,4.0,8.0,13.0,64.0,0.0218216311186552,0.0232923086732625,0.1071208268404007,0.1107748746871948,0.7626437544822693,0.7310053110122681,40.0,3911.0,5706.08,0.035222184844315,0.0452089942991733,0.0454111881554126
1.0,qrnn_paper,paper_no_reset,lorenz_1000,3.0,0.001,7.0,4.0,8.0,25.0,64.0,0.0321971960365772,0.0314220115542411,0.138020858168602,0.1370953321456909,0.5813198089599609,0.5783388018608093,40.0,1334.0,1999.5,0.0346863486804068,0.042505457997322,0.0394625104963779
1.0,qrnn_paper,paper_no_reset,lorenz_1000,3.0,0.001,7.0,4.0,16.0,1.0,64.0,0.003427235642448,0.0032824866939336,0.0465444475412368,0.0449893809854984,0.9625089764595032,0.9646746516227722,40.0,2239.0,6801.37,0.0303601939231157,0.0353791266679763,0.0308662969619035
1.0,qrnn_paper,paper_no_reset,lorenz_1000,3.0,0.001,7.0,4.0,16.0,13.0,64.0,0.0301559995859861,0.0302120950073003,0.1328379958868026,0.1354701220989227,0.6139882802963257,0.6002986431121826,40.0,2137.0,6686.58,0.0403312856331467,0.0566336847841739,0.0523455515503883
1.0,qrnn_paper,paper_no_reset,lorenz_1000,3.0,0.001,7.0,4.0,16.0,25.0,64.0,0.0334769412875175,0.0350426770746707,0.1453205347061157,0.1488370299339294,0.5547236800193787,0.4872535765171051,40.0,897.0,2542.79,0.04962676929103,0.0606698989868164,0.0550018101930618
1.0,qrnn_paper,paper_no_reset,lorenz_1000,4.0,0.001,7.0,3.0,4.0,1.0,64.0,0.0002181260497309,0.0002327826514374,0.0111601585522294,0.0115746920928359,0.9977009296417236,0.9975454807281494,43.0,2440.0,1936.57,0.0155643229372799,0.0137770622968673,0.0150275398045778
1.0,qrnn_paper,paper_no_reset,lorenz_1000,4.0,0.001,7.0,3.0,4.0,13.0,64.0,0.0266156923025846,0.0291882753372192,0.1226130872964859,0.1294382810592651,0.6714538335800171,0.6236580610275269,43.0,2598.0,2002.25,0.0383318791165947,0.0444394014775753,0.0406661443412303
1.0,qrnn_paper,paper_no_reset,lorenz_1000,4.0,0.001,7.0,3.0,4.0,25.0,64.0,0.0256674606353044,0.0254159532487392,0.122398667037487,0.1207564547657966,0.6962484121322632,0.6865456104278564,43.0,2755.0,2164.04,0.0403364062309265,0.0525455214083194,0.0497412979602813
1.0,qrnn_paper,paper_no_reset,lorenz_1000,4.0,0.001,7.0,3.0,8.0,1.0,64.0,0.0010437584714964,0.0008702282211743,0.022592632099986,0.0210677348077297,0.9887747764587402,0.990742564201355,43.0,3894.0,6180.92,0.0222801913507282,0.025943137705326,0.0212971977889537
1.0,qrnn_paper,paper_no_reset,lorenz_1000,4.0,0.001,7.0,3.0,8.0,13.0,64.0,0.0233719758689403,0.0245853178203105,0.1146871745586395,0.117793321609497,0.7228277325630188,0.6954011917114258,43.0,1644.0,2578.88,0.0302123756147921,0.0372507311403751,0.0343258380889892
1.0,qrnn_paper,paper_no_reset,lorenz_1000,4.0,0.001,7.0,3.0,8.0,25.0,64.0,0.0281628537923097,0.0271361023187637,0.1266563683748245,0.1245782747864723,0.6446788907051086,0.6525442600250244,43.0,952.0,1547.14,0.0423723211511969,0.051587700843811,0.0431394763290882
1.0,qrnn_paper,paper_no_reset,lorenz_1000,4.0,0.001,7.0,3.0,16.0,1.0,64.0,0.0042942808941006,0.0050273756496608,0.0527144409716129,0.0567309521138668,0.9538877606391908,0.9453150033950806,43.0,2097.0,6748.73,0.0147520247846841,0.0164251029491424,0.013244142755866
1.0,qrnn_paper,paper_no_reset,lorenz_1000,4.0,0.001,7.0,3.0,16.0,13.0,64.0,0.0270881205797195,0.0258307848125696,0.1210571154952049,0.1191137805581092,0.660086452960968,0.6833702325820923,43.0,1253.0,4009.79,0.0374295033514499,0.0472516156733036,0.0461942479014396
1.0,qrnn_paper,paper_no_reset,lorenz_1000,4.0,0.001,7.0,3.0,16.0,25.0,64.0,0.0298557057976722,0.0307163968682289,0.1360069066286087,0.1386427581310272,0.6111958026885986,0.5764346718788147,43.0,1721.0,5214.96,0.0471406620409753,0.0566509291529655,0.0537066347897052
1.0,qrnn_paper,paper_no_reset,lorenz_1000,4.0,0.001,7.0,4.0,4.0,1.0,64.0,0.0016443651402369,0.001544635859318,0.0293092783540487,0.0288635995239019,0.9821423888206482,0.9833927154541016,40.0,2035.0,1453.17,0.0235972143709659,0.0259602200239896,0.0244197528809309
1.0,qrnn_paper,paper_no_reset,lorenz_1000,4.0,0.001,7.0,4.0,4.0,13.0,64.0,0.0260707326233387,0.0267341863363981,0.1227794215083122,0.125575840473175,0.6867724657058716,0.6608480215072632,40.0,4804.0,3516.22,0.0451749585568904,0.0564451701939106,0.0482705868780612
1.0,qrnn_paper,paper_no_reset,lorenz_1000,4.0,0.001,7.0,4.0,4.0,25.0,64.0,0.0297926198691129,0.0307348296046257,0.1309479176998138,0.1351552903652191,0.6269102692604065,0.5975877046585083,40.0,3095.0,2304.11,0.0454664431512355,0.0680773332715034,0.0568749271333217
1.0,qrnn_paper,paper_no_reset,lorenz_1000,4.0,0.001,7.0,4.0,8.0,1.0,64.0,0.0009676803019829,0.0009749541059136,0.0245271567255258,0.0250245556235313,0.9896010756492616,0.9895071983337402,40.0,4495.0,6483.64,0.0161082010716199,0.0167042091488838,0.013906548731029
1.0,qrnn_paper,paper_no_reset,lorenz_1000,4.0,0.001,7.0,4.0,8.0,13.0,64.0,0.0224138870835304,0.0235062632709741,0.1116092801094055,0.1124725565314292,0.7433103919029236,0.717291533946991,40.0,1289.0,1937.98,0.0369669271633028,0.044743750244379,0.0462409444153308
1.0,qrnn_paper,paper_no_reset,lorenz_1000,4.0,0.001,7.0,4.0,8.0,25.0,64.0,0.0295383110642433,0.0273266788572073,0.1333184093236923,0.1272868067026138,0.6298955082893372,0.6480877995491028,40.0,2205.0,3394.99,0.0349469069391489,0.0458033606410026,0.0454611517488956
1.0,qrnn_paper,paper_no_reset,lorenz_1000,4.0,0.001,7.0,4.0,16.0,1.0,64.0,0.0061374809592962,0.0063314936123788,0.0628466382622718,0.063327707350254,0.9324041604995728,0.930639922618866,40.0,821.0,2497.41,0.0340737372636795,0.0362932682037353,0.0333634242415428
1.0,qrnn_paper,paper_no_reset,lorenz_1000,4.0,0.001,7.0,4.0,16.0,13.0,64.0,0.0270799249410629,0.027956448495388,0.1212329417467117,0.1242852881550788,0.6560004949569702,0.6444658041000366,40.0,1756.0,5458.77,0.0391180139034986,0.0474692583084106,0.0417179390788078
1.0,qrnn_paper,paper_no_reset,lorenz_1000,4.0,0.001,7.0,4.0,16.0,25.0,64.0,0.026225222274661,0.0260344576090574,0.1239756345748901,0.1221930161118507,0.6843805909156799,0.665266752243042,40.0,1499.0,4051.31,0.0444896473652786,0.0594169422984123,0.0438353307545185
1.0,qrnn_paper,paper_no_reset,lorenz_1000,5.0,0.001,7.0,3.0,4.0,1.0,64.0,0.0001546258572489,0.0001775590644683,0.0091980388388037,0.0096720745787024,0.9983457922935486,0.998130977153778,43.0,6016.0,4641.83,0.0038340445840731,0.0037349995691329,0.0038644992746412
1.0,qrnn_paper,paper_no_reset,lorenz_1000,5.0,0.001,7.0,3.0,4.0,13.0,64.0,0.0207609608769416,0.0226139929145574,0.103544183075428,0.1090006679296493,0.7638156414031982,0.7285869121551514,43.0,2520.0,1981.71,0.0388077832758426,0.0446040667593479,0.040908258408308
1.0,qrnn_paper,paper_no_reset,lorenz_1000,5.0,0.001,7.0,3.0,4.0,25.0,64.0,0.0274367965757846,0.0268999245017766,0.1251191794872284,0.1230374872684478,0.6651391386985779,0.6705982685089111,43.0,1993.0,1584.67,0.0379802534822374,0.0444651432335376,0.0387733057141304
1.0,qrnn_paper,paper_no_reset,lorenz_1000,5.0,0.001,7.0,3.0,8.0,1.0,64.0,0.0014151240466162,0.001518340781331,0.0281546227633953,0.0299473572522401,0.9846518039703368,0.9836525321006776,43.0,2654.0,4135.26,0.0158614067360758,0.0179253965616226,0.015625650063157
1.0,qrnn_paper,paper_no_reset,lorenz_1000,5.0,0.001,7.0,3.0,8.0,13.0,64.0,0.0188792124390602,0.020297298207879,0.1006748527288436,0.1030602306127548,0.8029943108558655,0.7603863477706909,43.0,2428.0,3778.25,0.0308087999001145,0.0348157957196235,0.0315617807209491
1.0,qrnn_paper,paper_no_reset,lorenz_1000,5.0,0.001,7.0,3.0,8.0,25.0,64.0,0.0290536526590585,0.029854854568839,0.1337787806987762,0.1344010531902313,0.6275721192359924,0.6039170622825623,43.0,1495.0,2448.95,0.0347844773903489,0.0443658903241157,0.0400238446891307
1.0,qrnn_paper,paper_no_reset,lorenz_1000,5.0,0.001,7.0,3.0,16.0,1.0,64.0,0.004920489154756,0.0056529096327722,0.0528381168842315,0.0584102496504783,0.9457554817199708,0.9398288130760192,43.0,1181.0,3817.11,0.0135991270653903,0.0148824732750654,0.013851917348802
1.0,qrnn_paper,paper_no_reset,lorenz_1000,5.0,0.001,7.0,3.0,16.0,13.0,64.0,0.0281145181506872,0.0269303377717733,0.1210631653666496,0.1204265877604484,0.6487522125244141,0.6579773426055908,43.0,1245.0,4005.73,0.0357033287174999,0.0451481230556964,0.0432392619550228
1.0,qrnn_paper,paper_no_reset,lorenz_1000,5.0,0.001,7.0,3.0,16.0,25.0,64.0,0.0259017255157232,0.0270644053816795,0.123666763305664,0.1287534534931183,0.6880662441253662,0.6478280425071716,43.0,1700.0,5236.06,0.0485221859481599,0.0581056997179985,0.0549308657646179
1.0,qrnn_paper,paper_no_reset,lorenz_1000,5.0,0.001,7.0,4.0,4.0,1.0,64.0,0.0006353721837513,0.0006440030410885,0.0191723108291625,0.0195475798100233,0.9934979677200316,0.9933440685272216,40.0,1430.0,1054.48,0.0097491511143744,0.0107748731970787,0.010337458923459
1.0,qrnn_paper,paper_no_reset,lorenz_1000,5.0,0.001,7.0,4.0,4.0,13.0,64.0,0.0284931138157844,0.0298099387437105,0.1287838667631149,0.1353906542062759,0.6405003666877747,0.6098146438598633,40.0,2517.0,1869.33,0.0446458745747804,0.0495511628687381,0.0462098196148872
1.0,qrnn_paper,paper_no_reset,lorenz_1000,5.0,0.001,7.0,4.0,4.0,25.0,64.0,0.0285309981554746,0.0282182097434997,0.1275681406259536,0.1271271109580993,0.6490893363952637,0.6502261161804199,40.0,1500.0,1056.44,0.0367820986080914,0.044773019850254,0.0409616753458976
1.0,qrnn_paper,paper_no_reset,lorenz_1000,5.0,0.001,7.0,4.0,8.0,1.0,64.0,0.0014649522490799,0.00145086098928,0.0277886614203453,0.0287405643612146,0.9845635890960692,0.9844675660133362,40.0,1142.0,1761.46,0.0221457386389374,0.0261751320213079,0.0191232915967702
1.0,qrnn_paper,paper_no_reset,lorenz_1000,5.0,0.001,7.0,4.0,8.0,13.0,64.0,0.0214726906269788,0.0211461875587701,0.1104612797498703,0.1077683344483375,0.7557914853096008,0.7536415457725525,40.0,1223.0,1866.47,0.036739881709218,0.0450446158647537,0.0419812574982643
1.0,qrnn_paper,paper_no_reset,lorenz_1000,5.0,0.001,7.0,4.0,8.0,25.0,64.0,0.0275743398815393,0.0269948858767747,0.1224385127425193,0.1229223161935806,0.6471085548400879,0.6528503894805908,40.0,875.0,1334.12,0.0392031513154506,0.0468352474272251,0.0425908081233501
1.0,qrnn_paper,paper_no_reset,lorenz_1000,5.0,0.001,7.0,4.0,16.0,1.0,64.0,0.0050057051703333,0.0058356299996376,0.0538097210228443,0.0579760931432247,0.9453598260879515,0.9363537430763244,40.0,1690.0,5081.22,0.0362830612808465,0.0440306477248668,0.0350088141858577
1.0,qrnn_paper,paper_no_reset,lorenz_1000,5.0,0.001,7.0,4.0,16.0,13.0,64.0,0.0300005786120891,0.0295470710843801,0.1278731971979141,0.1270353347063064,0.6104714274406433,0.6220203638076782,40.0,1507.0,4778.66,0.041065899003297,0.0550522357225418,0.0511254072189331
1.0,qrnn_paper,paper_no_reset,lorenz_1000,5.0,0.001,7.0,4.0,16.0,25.0,64.0,0.034019935876131,0.0357870645821094,0.1414563953876495,0.1473459154367447,0.5406349301338196,0.4757761657238006,40.0,1280.0,3598.6,0.0436967160138818,0.0465990379452705,0.0474414080381393
1.0,qrnn_paper,paper_no_reset,lorenz_1000,6.0,0.001,7.0,3.0,4.0,1.0,64.0,0.000248635187745,0.0002696966112125,0.0110473232343792,0.0118958540260791,0.997317910194397,0.9971172213554382,43.0,3412.0,2549.5,0.008351908205077,0.0087856976315379,0.0083753848448395
1.0,qrnn_paper,paper_no_reset,lorenz_1000,6.0,0.001,7.0,3.0,4.0,13.0,64.0,0.0263318363577127,0.0266429856419563,0.120773047208786,0.1219538301229476,0.6830192804336548,0.6644930243492126,43.0,2011.0,1578.94,0.0381376631557941,0.0499691888689994,0.0421108156442642
1.0,qrnn_paper,paper_no_reset,lorenz_1000,6.0,0.001,7.0,3.0,4.0,25.0,64.0,0.0269947126507759,0.0269991010427474,0.1254718154668808,0.1228617802262306,0.6776441931724548,0.665605366230011,43.0,2105.0,1693.18,0.0449835145846009,0.0528536774218082,0.04666468501091
1.0,qrnn_paper,paper_no_reset,lorenz_1000,6.0,0.001,7.0,3.0,8.0,1.0,64.0,0.0015641598729416,0.001522499602288,0.0288634952157735,0.0291179474443197,0.983224093914032,0.9838075041770936,43.0,1125.0,1780.73,0.0050948221003636,0.0050522568635642,0.0045625697821378
1.0,qrnn_paper,paper_no_reset,lorenz_1000,6.0,0.001,7.0,3.0,8.0,13.0,64.0,0.0210303105413913,0.0223998073488473,0.1091443300247192,0.1130760833621025,0.7531330585479736,0.7274022102355957,43.0,2067.0,3342.54,0.03605188857764,0.0436650216579437,0.04163284227252
1.0,qrnn_paper,paper_no_reset,lorenz_1000,6.0,0.001,7.0,3.0,8.0,25.0,64.0,0.02636612765491,0.0259957555681467,0.1261679232120514,0.1259726285934448,0.672034740447998,0.671132504940033,43.0,1701.0,2771.74,0.0371174038387835,0.0496410839259624,0.0444094650447368
1.0,qrnn_paper,paper_no_reset,lorenz_1000,6.0,0.001,7.0,3.0,16.0,1.0,64.0,0.0056918244808912,0.0054789073765277,0.0588759742677211,0.0588931553065776,0.937366783618927,0.9410125017166138,43.0,842.0,2785.11,0.0120069948025047,0.0124229388311505,0.0110586769878864
1.0,qrnn_paper,paper_no_reset,lorenz_1000,6.0,0.001,7.0,3.0,16.0,13.0,64.0,0.0223308838903903,0.0238892901688814,0.1120862290263176,0.1180793270468711,0.7360632419586182,0.7018288969993591,43.0,722.0,2403.21,0.0352682910859584,0.0404067821800708,0.039080262184143
1.0,qrnn_paper,paper_no_reset,lorenz_1000,6.0,0.001,7.0,3.0,16.0,25.0,64.0,0.0260765720158815,0.026601817458868,0.1270994544029235,0.1296348869800567,0.6927934288978577,0.658496081829071,43.0,1087.0,3255.03,0.0356443495386176,0.042511448264122,0.041719127446413
1.0,qrnn_paper,paper_no_reset,lorenz_1000,6.0,0.001,7.0,4.0,4.0,1.0,64.0,0.0010728741763159,0.0012179305776953,0.024896839633584,0.0261073503643274,0.9884320497512816,0.9870808124542236,40.0,1426.0,1009.68,0.01215281477198,0.0117439022287726,0.0126312281936407
1.0,qrnn_paper,paper_no_reset,lorenz_1000,6.0,0.001,7.0,4.0,4.0,13.0,64.0,0.0239052977412939,0.0249597951769828,0.1151380464434623,0.1179711297154426,0.7143805623054504,0.688773512840271,40.0,3429.0,2522.82,0.0366093717515468,0.0424966216087341,0.0407408364117145
1.0,qrnn_paper,paper_no_reset,lorenz_1000,6.0,0.001,7.0,4.0,4.0,25.0,64.0,0.0371172726154327,0.0375322699546813,0.1459625959396362,0.1454611420631408,0.4599296450614929,0.4651716649532318,40.0,1479.0,1081.75,0.0508847411721944,0.0538967475295066,0.0436943881213665
1.0,qrnn_paper,paper_no_reset,lorenz_1000,6.0,0.001,7.0,4.0,8.0,1.0,64.0,0.0024650497362017,0.0027715426404029,0.0352942831814289,0.0375737212598323,0.9732510447502136,0.9698145389556884,40.0,1767.0,2591.98,0.0207750066183507,0.0197501443326473,0.0195121169090271
1.0,qrnn_paper,paper_no_reset,lorenz_1000,6.0,0.001,7.0,4.0,8.0,13.0,64.0,0.0211629848927259,0.0224722381681203,0.1080141365528106,0.1101182177662849,0.7610635161399841,0.7360238432884216,40.0,1356.0,2041.69,0.0287471460178494,0.0329987406730651,0.028270699083805
1.0,qrnn_paper,paper_no_reset,lorenz_1000,6.0,0.001,7.0,4.0,8.0,25.0,64.0,0.0275636222213506,0.0280133541673421,0.1287123411893844,0.1319982707500457,0.6568245887756348,0.6353052854537964,40.0,1513.0,2238.19,0.0417140424251556,0.0496002174913883,0.044674776494503
1.0,qrnn_paper,paper_no_reset,lorenz_1000,6.0,0.001,7.0,4.0,16.0,1.0,64.0,0.0067353644408285,0.0070067099295556,0.0650742352008819,0.0685901418328285,0.9248943328857422,0.9230531454086304,40.0,1020.0,3064.97,0.012921685539186,0.0132229411974549,0.010733020491898
1.0,qrnn_paper,paper_no_reset,lorenz_1000,6.0,0.001,7.0,4.0,16.0,13.0,64.0,0.0266594383865594,0.0282763000577688,0.1193971037864685,0.1253829598426818,0.6682836413383484,0.6361228227615356,40.0,2004.0,6389.95,0.0468019008636474,0.0529937222599983,0.0480068624019622
1.0,qrnn_paper,paper_no_reset,lorenz_1000,6.0,0.001,7.0,4.0,16.0,25.0,64.0,0.0301545932888984,0.0292651820927858,0.1329924464225769,0.13107530772686,0.6253222823143005,0.605718731880188,40.0,1793.0,5208.68,0.0465374891128805,0.0542958155274391,0.0505809523165226
1.0,qrnn_paper,paper_no_reset,lorenz_1000,7.0,0.001,7.0,3.0,4.0,1.0,64.0,0.0001887447142507,0.00019454077119,0.0098769543692469,0.0101225096732378,0.9979905486106871,0.997903287410736,43.0,2184.0,1741.42,0.0077434533275663,0.008393065072596,0.0078404136002063
1.0,qrnn_paper,paper_no_reset,lorenz_1000,7.0,0.001,7.0,3.0,4.0,13.0,64.0,0.0252041816711425,0.0264946892857551,0.1176767349243164,0.1213985234498977,0.6982216835021973,0.6684991717338562,43.0,2305.0,1850.38,0.0353552307933568,0.0394523814320564,0.0355020947754383
1.0,qrnn_paper,paper_no_reset,lorenz_1000,7.0,0.001,7.0,3.0,4.0,25.0,64.0,0.0279493909329175,0.0276364106684923,0.1264425963163375,0.1254543215036392,0.6569679379463196,0.6538946628570557,43.0,1807.0,1410.84,0.0434120297431945,0.059200681746006,0.050549890846014
1.0,qrnn_paper,paper_no_reset,lorenz_1000,7.0,0.001,7.0,3.0,8.0,1.0,64.0,0.001375435036607,0.0012836012756451,0.0273390281945467,0.0264714919030666,0.9851781129837036,0.9863875508308412,43.0,1145.0,1800.73,0.0127610178664326,0.0113578652963042,0.0115935811772942
1.0,qrnn_paper,paper_no_reset,lorenz_1000,7.0,0.001,7.0,3.0,8.0,13.0,64.0,0.0217854995280504,0.022854471579194,0.1047970652580261,0.1075639426708221,0.7443454265594482,0.7214564085006714,43.0,1400.0,2304.46,0.0310541551560163,0.0361081771552562,0.0339514203369617
1.0,qrnn_paper,paper_no_reset,lorenz_1000,7.0,0.001,7.0,3.0,8.0,25.0,64.0,0.0271607358008623,0.0280981734395027,0.1270819008350372,0.1297152042388916,0.671660304069519,0.6393923759460449,43.0,2454.0,3945.73,0.0397273916751146,0.0506807304918766,0.0482558943331241
1.0,qrnn_paper,paper_no_reset,lorenz_1000,7.0,0.001,7.0,3.0,16.0,1.0,64.0,0.0036280953790992,0.003442334709689,0.0474738031625747,0.0466451868414878,0.9603826999664308,0.9626052975654602,43.0,1289.0,4300.37,0.0112597009167075,0.0128320166841149,0.0114188678562641
1.0,qrnn_paper,paper_no_reset,lorenz_1000,7.0,0.001,7.0,3.0,16.0,13.0,64.0,0.0233662817627191,0.0241098944097757,0.1134746819734573,0.1145834103226661,0.7215030193328857,0.7092239856719971,43.0,1468.0,5018.01,0.0394229087978601,0.059211041778326,0.0442281626164913
1.0,qrnn_paper,paper_no_reset,lorenz_1000,7.0,0.001,7.0,3.0,16.0,25.0,64.0,0.0280798897147178,0.0266533680260181,0.1288388073444366,0.1256375908851623,0.6478755474090576,0.6490328907966614,43.0,1303.0,4024.23,0.0344586494482225,0.0408343821763992,0.0435926355421543
1.0,qrnn_paper,paper_no_reset,lorenz_1000,7.0,0.001,7.0,4.0,4.0,1.0,64.0,0.0005007462459616,0.0005116997635923,0.016478156670928,0.0166269224137067,0.994586706161499,0.994476318359375,40.0,4421.0,3252.82,0.0091268171090632,0.0090723680332303,0.0093057230114936
1.0,qrnn_paper,paper_no_reset,lorenz_1000,7.0,0.001,7.0,4.0,4.0,13.0,64.0,0.0277224984019994,0.0288376323878765,0.127978041768074,0.1319876164197921,0.6578183770179749,0.6260489821434021,40.0,2361.0,1737.29,0.0370940191671252,0.0423428453505039,0.0406667925417423
1.0,qrnn_paper,paper_no_reset,lorenz_1000,7.0,0.001,7.0,4.0,4.0,25.0,64.0,0.030846007168293,0.0311792977154254,0.1340626776218414,0.1363225728273391,0.6039460897445679,0.5918371081352234,40.0,2239.0,1597.74,0.0371445914730429,0.0453025326132774,0.0464686416089534
1.0,qrnn_paper,paper_no_reset,lorenz_1000,7.0,0.001,7.0,4.0,8.0,1.0,64.0,0.001051667612046,0.0010900137713178,0.0257859658449888,0.0256892293691635,0.9886509776115416,0.9883018136024476,40.0,2477.0,3700.86,0.0066658203955739,0.0076441718265414,0.0069703073240816
1.0,qrnn_paper,paper_no_reset,lorenz_1000,7.0,0.001,7.0,4.0,8.0,13.0,64.0,0.0195144787430763,0.0211554393172264,0.0992102771997451,0.1039317548274993,0.7775304317474365,0.7440561652183533,40.0,2469.0,3832.79,0.0289353184401989,0.0355026349425315,0.0320472680032253
1.0,qrnn_paper,paper_no_reset,lorenz_1000,7.0,0.001,7.0,4.0,8.0,25.0,64.0,0.0296471398323774,0.0305810123682022,0.1321366429328918,0.1359948068857193,0.6299921274185181,0.596961259841919,40.0,2025.0,2930.09,0.0470622088760137,0.0559144541621208,0.0546162128448486
1.0,qrnn_paper,paper_no_reset,lorenz_1000,7.0,0.001,7.0,4.0,16.0,1.0,64.0,0.0038404094520956,0.004158086143434,0.0483859926462173,0.0501545369625091,0.9578844904899596,0.9547501802444458,40.0,1992.0,6026.77,0.0323060998693108,0.0411483384668827,0.034785121679306
1.0,qrnn_paper,paper_no_reset,lorenz_1000,7.0,0.001,7.0,4.0,16.0,13.0,64.0,0.0254901368170976,0.0262746457010507,0.1207402572035789,0.1250626146793365,0.6917542219161987,0.6697416305541992,40.0,1818.0,5654.6,0.03431609403342,0.039676409214735,0.04061159491539
1.0,qrnn_paper,paper_no_reset,lorenz_1000,7.0,0.001,7.0,4.0,16.0,25.0,64.0,0.0246157813817262,0.0252947639673948,0.1213583648204803,0.1225767284631729,0.7094321250915527,0.67457515001297,40.0,2495.0,6625.38,0.0426898296508524,0.0438927449285984,0.0424066856503486
1.0,qrnn_paper,paper_no_reset,lorenz_1000,8.0,0.001,7.0,3.0,4.0,1.0,64.0,0.0001818352320697,0.0001636258530197,0.0094283446669578,0.0087699694558978,0.9980544447898864,0.9982820153236388,43.0,4400.0,3422.95,0.009260544553399,0.0079014962539076,0.0083638345822691
1.0,qrnn_paper,paper_no_reset,lorenz_1000,8.0,0.001,7.0,3.0,4.0,13.0,64.0,0.0260101184248924,0.027281004935503,0.1208616122603416,0.1250078827142715,0.6808375716209412,0.6509836316108704,43.0,2824.0,2250.45,0.0316791558638215,0.0372080989181995,0.0347326397895813
1.0,qrnn_paper,paper_no_reset,lorenz_1000,8.0,0.001,7.0,3.0,4.0,25.0,64.0,0.0299537498503923,0.0299888923764228,0.1347081363201141,0.1343839168548584,0.6263801455497742,0.6166673302650452,43.0,1305.0,999.27,0.0477113299071788,0.0613927952945232,0.0575159899890422
1.0,qrnn_paper,paper_no_reset,lorenz_1000,8.0,0.001,7.0,3.0,8.0,1.0,64.0,0.0018047016346827,0.0016982979141175,0.0332512371242046,0.0321599096059799,0.9805061221122742,0.981659770011902,43.0,1441.0,2362.21,0.0127915233373641,0.0101932315155863,0.0095318267121911
1.0,qrnn_paper,paper_no_reset,lorenz_1000,8.0,0.001,7.0,3.0,8.0,13.0,64.0,0.0209728889167308,0.0218018908053636,0.1058124229311943,0.1090094670653343,0.7648540735244751,0.7490296363830566,43.0,1964.0,3123.76,0.0303987681865692,0.038570087403059,0.0326651372015476
1.0,qrnn_paper,paper_no_reset,lorenz_1000,8.0,0.001,7.0,3.0,8.0,25.0,64.0,0.0262096431106328,0.0264912545680999,0.1221071258187294,0.1250484138727188,0.6831880807876587,0.6635323762893677,43.0,1290.0,2006.15,0.03575010150671,0.0442965552210807,0.0409140922129154
1.0,qrnn_paper,paper_no_reset,lorenz_1000,8.0,0.001,7.0,3.0,16.0,1.0,64.0,0.0064174402505159,0.0065901651978492,0.0645734667778015,0.0665806829929351,0.929903507232666,0.9273409247398376,43.0,615.0,2067.47,0.0170398832298815,0.0167187862098217,0.0147387916222214
1.0,qrnn_paper,paper_no_reset,lorenz_1000,8.0,0.001,7.0,3.0,16.0,13.0,64.0,0.0263543035835027,0.026246340945363,0.1204723417758941,0.1226987391710281,0.6721506714820862,0.6651549935340881,43.0,510.0,1713.64,0.0251350671052932,0.0303304195404052,0.0322033986449241
1.0,qrnn_paper,paper_no_reset,lorenz_1000,8.0,0.001,7.0,3.0,16.0,25.0,64.0,0.0270764380693435,0.0266934018582105,0.1292849481105804,0.128679484128952,0.6745898127555847,0.652230978012085,43.0,1028.0,3218.58,0.0348068409495883,0.0365082621574401,0.0372505187988281
1.0,qrnn_paper,paper_no_reset,lorenz_1000,8.0,0.001,7.0,4.0,4.0,1.0,64.0,0.0003957271110266,0.0004020697379019,0.0144727453589439,0.0142260575667023,0.9957870841026306,0.9956748485565186,40.0,3778.0,2796.5,0.0084134506992995,0.0068413936533033,0.0066653043031692
1.0,qrnn_paper,paper_no_reset,lorenz_1000,8.0,0.001,7.0,4.0,4.0,13.0,64.0,0.023831432685256,0.0254382975399494,0.1128012463450431,0.1174230426549911,0.716707706451416,0.6821170449256897,40.0,2801.0,1934.46,0.0335872929543256,0.0364853516221046,0.0342909060418605
1.0,qrnn_paper,paper_no_reset,lorenz_1000,8.0,0.001,7.0,4.0,4.0,25.0,64.0,0.0289588440209627,0.0294710434973239,0.1296924203634262,0.1295085847377777,0.6349348425865173,0.6178891062736511,40.0,2701.0,1943.46,0.0421487059444189,0.0471368394792079,0.0407451726496219
1.0,qrnn_paper,paper_no_reset,lorenz_1000,8.0,0.001,7.0,4.0,8.0,1.0,64.0,0.0015461581060662,0.0016680614789947,0.0282004792243242,0.0292411837726831,0.983360469341278,0.9820488691329956,40.0,1698.0,2410.75,0.0153773989528417,0.0152591997757554,0.0138384038582444
1.0,qrnn_paper,paper_no_reset,lorenz_1000,8.0,0.001,7.0,4.0,8.0,13.0,64.0,0.0200738124549388,0.0208384525030851,0.1034821569919586,0.1064764261245727,0.7795742750167847,0.7580327391624451,40.0,1663.0,2550.0,0.0440312713384628,0.0496555902063846,0.0443700142204761
1.0,qrnn_paper,paper_no_reset,lorenz_1000,8.0,0.001,7.0,4.0,8.0,25.0,64.0,0.0330005697906017,0.0320979468524456,0.1404632478952407,0.1376115530729293,0.5502898693084717,0.5613519549369812,40.0,513.0,773.44,0.0406331785023212,0.0449612215161323,0.0404589958488941
1.0,qrnn_paper,paper_no_reset,lorenz_1000,8.0,0.001,7.0,4.0,16.0,1.0,64.0,0.0051225973293185,0.0049778022803366,0.0572709403932094,0.0567324496805667,0.9438928365707396,0.9456669688224792,40.0,1433.0,4441.61,0.0201462904922664,0.0241812877357006,0.0193558260798454
1.0,qrnn_paper,paper_no_reset,lorenz_1000,8.0,0.001,7.0,4.0,16.0,13.0,64.0,0.0267237089574337,0.0263110883533954,0.1234220042824745,0.1222733855247497,0.6598657369613647,0.6711915731430054,40.0,730.0,2162.93,0.0318917112424969,0.0436422787606716,0.041188258677721
1.0,qrnn_paper,paper_no_reset,lorenz_1000,8.0,0.001,7.0,4.0,16.0,25.0,64.0,0.035837423056364,0.0361010245978832,0.1476221084594726,0.1498932391405105,0.5100269913673401,0.4697025120258331,40.0,651.0,1826.08,0.033109030375878,0.0405473262071609,0.0397319830954074
1.0,qrnn_paper,paper_no_reset,lorenz_1000,9.0,0.001,7.0,3.0,4.0,1.0,64.0,0.000219402500079,0.0001890245475806,0.0101298252120614,0.0093071069568395,0.997639775276184,0.9979626536369324,43.0,3515.0,2686.44,0.0177647384814918,0.0193329118192195,0.0177014246582984
1.0,qrnn_paper,paper_no_reset,lorenz_1000,9.0,0.001,7.0,3.0,4.0,13.0,64.0,0.0255971103906631,0.0274039227515459,0.1193068474531173,0.1258842647075653,0.6906960010528564,0.6530360579490662,43.0,2228.0,1688.98,0.0306417636573314,0.0351715981960296,0.0332174226641655
1.0,qrnn_paper,paper_no_reset,lorenz_1000,9.0,0.001,7.0,3.0,4.0,25.0,64.0,0.0293097309768199,0.0301460064947605,0.1337847113609314,0.1349373757839203,0.6348897814750671,0.608905553817749,43.0,1518.0,1200.16,0.0387507505714893,0.0537670627236366,0.0494600869715213
1.0,qrnn_paper,paper_no_reset,lorenz_1000,9.0,0.001,7.0,3.0,8.0,1.0,64.0,0.0023218574933707,0.0023018533829599,0.0354584977030754,0.037481352686882,0.975010097026825,0.9751930832862854,43.0,1906.0,3073.35,0.0230380540713667,0.0205417312681674,0.0206395480781793
1.0,qrnn_paper,paper_no_reset,lorenz_1000,9.0,0.001,7.0,3.0,8.0,13.0,64.0,0.022546449676156,0.0243667773902416,0.1148361638188362,0.1200579330325126,0.7360786199569702,0.7039816379547119,43.0,2729.0,4261.56,0.043706826493144,0.0592019408941268,0.0551141798496246
1.0,qrnn_paper,paper_no_reset,lorenz_1000,9.0,0.001,7.0,3.0,8.0,25.0,64.0,0.0268903411924839,0.0277382750064134,0.1231961697340011,0.1270462125539779,0.6743216514587402,0.6475500464439392,43.0,1403.0,2350.33,0.0411388138309121,0.0546924099326133,0.0485980845987796
1.0,qrnn_paper,paper_no_reset,lorenz_1000,9.0,0.001,7.0,3.0,16.0,1.0,64.0,0.0030212183482944,0.0030722559895366,0.0428533814847469,0.0439129844307899,0.9675793647766112,0.9672081470489502,43.0,1174.0,3770.31,0.0185960385948419,0.0239699222147464,0.0207614582031965
1.0,qrnn_paper,paper_no_reset,lorenz_1000,9.0,0.001,7.0,3.0,16.0,13.0,64.0,0.0209721084684133,0.0239037740975618,0.1064540520310401,0.1135405451059341,0.7678782939910889,0.7123044729232788,43.0,2095.0,7152.21,0.0364142129197716,0.0505044050514698,0.0499002300202846
1.0,qrnn_paper,paper_no_reset,lorenz_1000,9.0,0.001,7.0,3.0,16.0,25.0,64.0,0.0326111949980258,0.0317795574665069,0.1450826674699783,0.1413765549659729,0.5843843817710876,0.5581207871437073,43.0,1137.0,3362.38,0.0503103008700741,0.0600775629281997,0.06303221732378
1.0,qrnn_paper,paper_no_reset,lorenz_1000,9.0,0.001,7.0,4.0,4.0,1.0,64.0,0.0001931544975377,0.0001910771679831,0.0099873514845967,0.0097546773031353,0.997937798500061,0.99797922372818,40.0,5446.0,3960.79,0.0270345658063888,0.0348820015788078,0.0278695207089185
1.0,qrnn_paper,paper_no_reset,lorenz_1000,9.0,0.001,7.0,4.0,4.0,13.0,64.0,0.026991719380021,0.029228638857603,0.1268447488546371,0.1327110975980758,0.6681060791015625,0.6168563365936279,40.0,3195.0,2317.98,0.0394397359341383,0.0476450994610786,0.0428966768085956
1.0,qrnn_paper,paper_no_reset,lorenz_1000,9.0,0.001,7.0,4.0,4.0,25.0,64.0,0.0283047761768102,0.0297098774462938,0.1310197561979293,0.1334810554981231,0.6621301770210266,0.6268967390060425,40.0,2245.0,1678.01,0.0407000761479139,0.0532705746591091,0.0469987764954566
1.0,qrnn_paper,paper_no_reset,lorenz_1000,9.0,0.001,7.0,4.0,8.0,1.0,64.0,0.0017764718504622,0.0017148280749097,0.0324675291776657,0.0329342111945152,0.9807262420654296,0.9814538359642028,40.0,1571.0,2382.3,0.0172255052253603,0.0162947960197925,0.0169371273368597
1.0,qrnn_paper,paper_no_reset,lorenz_1000,9.0,0.001,7.0,4.0,8.0,13.0,64.0,0.0228347014635801,0.0233763419091701,0.1104601770639419,0.1116209998726844,0.7398168444633484,0.7202883958816528,40.0,2993.0,4455.53,0.0444457916542887,0.0573330037295818,0.0552487075328826
1.0,qrnn_paper,paper_no_reset,lorenz_1000,9.0,0.001,7.0,4.0,8.0,25.0,64.0,0.0326985083520412,0.0334555134177207,0.1448329240083694,0.1448655128479004,0.581163227558136,0.5468015670776367,40.0,1295.0,1888.86,0.0452100858092308,0.0555912554264068,0.0532525107264518
1.0,qrnn_paper,paper_no_reset,lorenz_1000,9.0,0.001,7.0,4.0,16.0,1.0,64.0,0.0044535160996019,0.0043107750825583,0.053751491010189,0.052295196801424,0.9510834217071532,0.9529187083244324,40.0,1311.0,4125.55,0.0370986165478825,0.0432476513087749,0.0424003712832927
1.0,qrnn_paper,paper_no_reset,lorenz_1000,9.0,0.001,7.0,4.0,16.0,13.0,64.0,0.0282993242144584,0.0296734161674976,0.1240310370922088,0.1311807781457901,0.6407053470611572,0.6067960858345032,40.0,2146.0,6582.21,0.0383377259597182,0.0499545373022556,0.0458911955356597
1.0,qrnn_paper,paper_no_reset,lorenz_1000,9.0,0.001,7.0,4.0,16.0,25.0,64.0,0.0365941449999809,0.0333957448601722,0.1491399258375167,0.1445315927267074,0.4828643500804901,0.5222077965736389,40.0,1154.0,3337.79,0.0497824524839719,0.055472832173109,0.0585117489099502
1.0,qrnn_paper,paper_no_reset,henon_1000,0.0,0.001,7.0,3.0,4.0,1.0,64.0,0.0016020702896639,0.0015066798077896,0.0275632236152887,0.02706079185009,0.99005925655365,0.9906449913978576,38.0,2416.0,1748.92,0.0171295383013784,0.0174812916666269,0.0184246059507131
1.0,qrnn_paper,paper_no_reset,henon_1000,0.0,0.001,7.0,3.0,4.0,2.0,64.0,0.0164873227477073,0.0151927415281534,0.0940929651260376,0.0922810062766075,0.8919662237167358,0.9001239538192749,38.0,6629.0,4616.75,0.0516639579087495,0.0509970374405384,0.0537818111479282
1.0,qrnn_paper,paper_no_reset,henon_1000,0.0,0.001,7.0,3.0,4.0,4.0,64.0,0.0623368881642818,0.0571508109569549,0.2052792757749557,0.1989971548318863,0.4758654236793518,0.5330920815467834,38.0,5969.0,4189.2,0.0788352198898792,0.0771355256438255,0.0781919956207275
1.0,qrnn_paper,paper_no_reset,henon_1000,0.0,0.001,7.0,3.0,8.0,1.0,64.0,0.0121926562860608,0.0109426602721214,0.0866559669375419,0.0821111351251602,0.9211761355400084,0.9289472103118896,38.0,2619.0,3820.19,0.0483163464814424,0.0510074719786644,0.050427671521902
1.0,qrnn_paper,paper_no_reset,henon_1000,0.0,0.001,7.0,3.0,8.0,2.0,64.0,0.0366856828331947,0.034954335540533,0.1407566517591476,0.1405484676361084,0.7397587895393372,0.7499157786369324,38.0,2384.0,3611.77,0.0616236925125122,0.0613987669348716,0.0638111904263496
1.0,qrnn_paper,paper_no_reset,henon_1000,0.0,0.001,7.0,3.0,8.0,4.0,64.0,0.0734488740563392,0.0645129382610321,0.2233373522758484,0.2092295140028,0.3225396275520324,0.4387233853340149,38.0,2420.0,3650.49,0.0765649132430553,0.0769233405590057,0.0796001031994819
1.0,qrnn_paper,paper_no_reset,henon_1000,0.0,0.001,7.0,3.0,16.0,1.0,64.0,0.028781522065401,0.026508904993534,0.1354461312294006,0.1336348056793213,0.803071916103363,0.8198153972625732,38.0,893.0,2838.59,0.0562144801020622,0.0563923344016075,0.0573863983154296
1.0,qrnn_paper,paper_no_reset,henon_1000,0.0,0.001,7.0,3.0,16.0,2.0,64.0,0.0530752427875995,0.0482990592718124,0.1822946667671203,0.1771854162216186,0.5875744223594666,0.6314156651496887,38.0,2033.0,6092.1,0.0745912350714206,0.079142726957798,0.0750607103109359
1.0,qrnn_paper,paper_no_reset,henon_1000,0.0,0.001,7.0,3.0,16.0,4.0,64.0,0.0787493586540222,0.0691384747624397,0.2315662801265716,0.2194266766309738,0.1949013471603393,0.3672546744346618,38.0,1542.0,4623.39,0.0773309767246246,0.082752987742424,0.0820487290620803
1.0,qrnn_paper,paper_no_reset,henon_1000,0.0,0.001,7.0,4.0,4.0,1.0,64.0,0.0028558718040585,0.0028154083993285,0.0421189107000827,0.0424941778182983,0.9821051359176636,0.9824016094207764,36.0,2516.0,1706.3,0.0454776655882597,0.0447119437158107,0.046867486089468
1.0,qrnn_paper,paper_no_reset,henon_1000,0.0,0.001,7.0,4.0,4.0,2.0,64.0,0.0222321450710296,0.0206155348569154,0.1091871634125709,0.1047615632414817,0.8510768413543701,0.8622909188270569,36.0,5140.0,3541.37,0.052564512565732,0.0508554242551326,0.0529694966971874
1.0,qrnn_paper,paper_no_reset,henon_1000,0.0,0.001,7.0,4.0,4.0,4.0,64.0,0.0673819780349731,0.0625320225954055,0.2151358127593994,0.2106727212667465,0.405656486749649,0.4651320576667785,36.0,1168.0,778.73,0.0822910882532596,0.0774974152445793,0.0795568823814392
1.0,qrnn_paper,paper_no_reset,henon_1000,0.0,0.001,7.0,4.0,8.0,1.0,64.0,0.0092243943363428,0.009432366117835,0.074252039194107,0.0753451064229011,0.9410243034362792,0.9392604231834412,36.0,3107.0,4475.99,0.0474016711115837,0.0489530116319656,0.0493714958429336
1.0,qrnn_paper,paper_no_reset,henon_1000,0.0,0.001,7.0,4.0,8.0,2.0,64.0,0.047095738351345,0.0463127568364143,0.1714421510696411,0.1696728616952896,0.6457136869430542,0.6485083103179932,36.0,2637.0,3662.31,0.0678474429994821,0.066767044365406,0.0679186210036277
1.0,qrnn_paper,paper_no_reset,henon_1000,0.0,0.001,7.0,4.0,8.0,4.0,64.0,0.0793524831533432,0.0704528912901878,0.2310483008623123,0.2217304110527038,0.2251171618700027,0.3448102474212646,36.0,1237.0,1715.42,0.0814687840640544,0.0789340957999229,0.0855492502450943
1.0,qrnn_paper,paper_no_reset,henon_1000,0.0,0.001,7.0,4.0,16.0,1.0,64.0,0.0312579572200775,0.0332603268325328,0.1367684304714203,0.141483798623085,0.7833879590034485,0.7654080986976624,36.0,1082.0,3387.12,0.0619992945343256,0.0641123279929161,0.0603623762726783
1.0,qrnn_paper,paper_no_reset,henon_1000,0.0,0.001,7.0,4.0,16.0,2.0,64.0,0.0631719604134559,0.0583608411252498,0.2080448418855667,0.1986496597528457,0.4688670933246612,0.5225362777709961,36.0,912.0,2697.1,0.0869010955095291,0.0892846509814262,0.0868272706866264
1.0,qrnn_paper,paper_no_reset,henon_1000,0.0,0.001,7.0,4.0,16.0,4.0,64.0,0.0795339792966842,0.0770636573433876,0.2352416515350341,0.2328609526157379,0.166324034333229,0.2065256237983703,36.0,777.0,2282.31,0.0802567817270755,0.0817056894302368,0.0831650644540786
1.0,qrnn_paper,paper_no_reset,henon_1000,1.0,0.001,7.0,3.0,4.0,1.0,64.0,0.0010767937637865,0.0009777437662705,0.0261233672499656,0.0244962349534034,0.9932968616485596,0.993976593017578,38.0,5031.0,3583.41,0.0141490743495523,0.0139338048174977,0.0152007909491658
1.0,qrnn_paper,paper_no_reset,henon_1000,1.0,0.001,7.0,3.0,4.0,2.0,64.0,0.0187003202736377,0.017011284828186,0.1015884280204773,0.096567615866661,0.8762053847312927,0.8873053789138794,38.0,3416.0,2529.64,0.0453342620283365,0.0435894951224327,0.0466132909059524
1.0,qrnn_paper,paper_no_reset,henon_1000,1.0,0.001,7.0,3.0,4.0,4.0,64.0,0.0610971935093402,0.0594001524150371,0.2044555991888046,0.2016256749629974,0.4909453988075256,0.5058339238166809,38.0,2492.0,1767.58,0.0720787096768617,0.0720633864402771,0.0722053050994873
1.0,qrnn_paper,paper_no_reset,henon_1000,1.0,0.001,7.0,3.0,8.0,1.0,64.0,0.0085222329944372,0.0081140408292412,0.071778155863285,0.0692513287067413,0.9461022019386292,0.948172688484192,38.0,2034.0,3075.78,0.0340665709227323,0.0353109091520309,0.034016665071249
1.0,qrnn_paper,paper_no_reset,henon_1000,1.0,0.001,7.0,3.0,8.0,2.0,64.0,0.0402775965631008,0.0364819392561912,0.1550148725509643,0.1514451056718826,0.7095832824707031,0.7371625304222107,38.0,1819.0,2666.34,0.0573510415852069,0.0610298477113246,0.0623715706169605
1.0,qrnn_paper,paper_no_reset,henon_1000,1.0,0.001,7.0,3.0,8.0,4.0,64.0,0.0738287344574928,0.0694136619567871,0.2220587283372879,0.2187694609165191,0.3015785217285156,0.3628152906894684,38.0,1166.0,1787.16,0.0814127400517463,0.0822035074234008,0.0838410928845405
1.0,qrnn_paper,paper_no_reset,henon_1000,1.0,0.001,7.0,3.0,16.0,1.0,64.0,0.0331096053123474,0.0297589059919118,0.142150416970253,0.1324225664138794,0.7720155119895935,0.7932762503623962,38.0,4548.0,13340.75,0.0849122703075409,0.0825212746858596,0.0876924842596054
1.0,qrnn_paper,paper_no_reset,henon_1000,1.0,0.001,7.0,3.0,16.0,2.0,64.0,0.063677929341793,0.0583578310906887,0.2057946622371673,0.198460653424263,0.4658093452453613,0.524019718170166,38.0,2747.0,8590.1,0.0849063828587532,0.0828459784388542,0.08271986246109
1.0,qrnn_paper,paper_no_reset,henon_1000,1.0,0.001,7.0,3.0,16.0,4.0,64.0,0.0785501077771186,0.0780173167586326,0.236218050122261,0.2374644428491592,0.1544807702302932,0.1595638692378997,38.0,500.0,1541.03,0.0842885382473468,0.0821689367294311,0.0825493708252906
1.0,qrnn_paper,paper_no_reset,henon_1000,1.0,0.001,7.0,4.0,4.0,1.0,64.0,0.0031370008364319,0.0029952100012451,0.0427394472062587,0.0429969243705272,0.980397403240204,0.9811285138130188,36.0,5320.0,3643.27,0.0137292180210351,0.0134177710860967,0.0150225078687071
1.0,qrnn_paper,paper_no_reset,henon_1000,1.0,0.001,7.0,4.0,4.0,2.0,64.0,0.0284296944737434,0.0252685882151126,0.128735065460205,0.1196248978376388,0.8045060038566589,0.8267154097557068,36.0,2637.0,1843.27,0.0506614077836275,0.0492265447974205,0.0498559512197971
1.0,qrnn_paper,paper_no_reset,henon_1000,1.0,0.001,7.0,4.0,4.0,4.0,64.0,0.0630235522985458,0.0600932911038398,0.2071028500795364,0.2018024623394012,0.4669832587242126,0.4970965981483459,36.0,3650.0,2512.79,0.0745384752750396,0.0734899714589119,0.0740944594144821
1.0,qrnn_paper,paper_no_reset,henon_1000,1.0,0.001,7.0,4.0,8.0,1.0,64.0,0.0131320757791399,0.0126854460686445,0.090658314526081,0.0867170840501785,0.9147520065307616,0.91707581281662,36.0,1525.0,2193.37,0.0570074971765279,0.0554959811270237,0.0554405823349952
1.0,qrnn_paper,paper_no_reset,henon_1000,1.0,0.001,7.0,4.0,8.0,2.0,64.0,0.0349949449300766,0.032707143574953,0.1466993540525436,0.1424672454595565,0.7527919411659241,0.7691561579704285,36.0,2301.0,3190.01,0.0732129149138927,0.0718612745404243,0.0741506814956665
1.0,qrnn_paper,paper_no_reset,henon_1000,1.0,0.001,7.0,4.0,8.0,4.0,64.0,0.0694228634238243,0.0637211576104164,0.216955304145813,0.2084686756134033,0.3871581852436065,0.4500560462474823,36.0,1932.0,2826.75,0.0836357876658439,0.0826662629842758,0.0811333209276199
1.0,qrnn_paper,paper_no_reset,henon_1000,1.0,0.001,7.0,4.0,16.0,1.0,64.0,0.0534139759838581,0.0475676469504833,0.1855804771184921,0.1792845726013183,0.5892847180366516,0.6390270590782166,36.0,914.0,2731.21,0.0622678022831678,0.0641587153077125,0.0659487172961235
1.0,qrnn_paper,paper_no_reset,henon_1000,1.0,0.001,7.0,4.0,16.0,2.0,64.0,0.0503983721137046,0.0461661703884601,0.1807672977447509,0.1715201139450073,0.6142380237579346,0.6525396704673767,36.0,1757.0,5004.14,0.1140328481793403,0.1113947480916976,0.1047045513987541
1.0,qrnn_paper,paper_no_reset,henon_1000,1.0,0.001,7.0,4.0,16.0,4.0,64.0,0.0793796107172966,0.0794832333922386,0.2347254455089569,0.2337407916784286,0.1985494643449783,0.1769458204507827,36.0,788.0,2356.0,0.1010260015726089,0.0960548967123031,0.103038765490055
1.0,qrnn_paper,paper_no_reset,henon_1000,2.0,0.001,7.0,3.0,4.0,1.0,64.0,0.0015885808970779,0.0015529228840023,0.0287486612796783,0.0287430491298437,0.9900828003883362,0.9903284907341005,38.0,3742.0,2675.93,0.0244874615222215,0.0250822342932224,0.0248247869312763
1.0,qrnn_paper,paper_no_reset,henon_1000,2.0,0.001,7.0,3.0,4.0,2.0,64.0,0.0170731265097856,0.0154544645920395,0.0975992530584335,0.0916249901056289,0.8877498507499695,0.898286759853363,38.0,10857.0,7525.49,0.0528897795826196,0.0538850016891956,0.0568581819534301
1.0,qrnn_paper,paper_no_reset,henon_1000,2.0,0.001,7.0,3.0,4.0,4.0,64.0,0.0582863986492157,0.0552116073668003,0.197555810213089,0.1937499344348907,0.5252987146377563,0.5550174117088318,38.0,6559.0,4588.78,0.086089664697647,0.0842118188738823,0.0871365889906883
1.0,qrnn_paper,paper_no_reset,henon_1000,2.0,0.001,7.0,3.0,8.0,1.0,64.0,0.0178804919123649,0.0150009104982018,0.1039948835968971,0.0972482413053512,0.8822101950645447,0.901108980178833,38.0,4392.0,6596.03,0.0600991979241371,0.0586403310298919,0.0598192103207111
1.0,qrnn_paper,paper_no_reset,henon_1000,2.0,0.001,7.0,3.0,8.0,2.0,64.0,0.0431535504758358,0.0369492173194885,0.1610708087682724,0.1507741957902908,0.6847375631332397,0.733548104763031,38.0,1506.0,2165.76,0.0578146271407604,0.0598532296717166,0.0640657767653465
1.0,qrnn_paper,paper_no_reset,henon_1000,2.0,0.001,7.0,3.0,8.0,4.0,64.0,0.0737849697470665,0.0663681328296661,0.2258370518684387,0.2159682363271713,0.3153453767299652,0.4114086925983429,38.0,1238.0,1804.72,0.0762211918830871,0.0745872035622596,0.0771213844418525
1.0,qrnn_paper,paper_no_reset,henon_1000,2.0,0.001,7.0,3.0,16.0,1.0,64.0,0.0382975824177265,0.0381152592599391,0.1525155305862426,0.1509553492069244,0.7263442277908325,0.7262311577796936,38.0,2076.0,6121.49,0.1077372394502163,0.1125975102186203,0.1114950254559516
1.0,qrnn_paper,paper_no_reset,henon_1000,2.0,0.001,7.0,3.0,16.0,2.0,64.0,0.0740102306008338,0.0659850388765335,0.2265672087669372,0.2151548564434051,0.3342114090919494,0.4229394197463989,38.0,1107.0,3371.19,0.1027343720197677,0.102841280400753,0.1100016236305236
1.0,qrnn_paper,paper_no_reset,henon_1000,2.0,0.001,7.0,3.0,16.0,4.0,64.0,0.0797109901905059,0.0789673030376434,0.2358410507440567,0.2388190180063247,0.1499497145414352,0.1537230461835861,38.0,576.0,1771.15,0.104149130731821,0.1013099327683448,0.1133892908692359
1.0,qrnn_paper,paper_no_reset,henon_1000,2.0,0.001,7.0,4.0,4.0,1.0,64.0,0.0021010250784456,0.0020260901656001,0.0309561192989349,0.030747452750802,0.9869007468223572,0.9874131083488464,36.0,2447.0,1692.75,0.0344693761318922,0.0325685329735279,0.034178003668785
1.0,qrnn_paper,paper_no_reset,henon_1000,2.0,0.001,7.0,4.0,4.0,2.0,64.0,0.0304157845675945,0.0278604011982679,0.1269088685512542,0.1224630624055862,0.7888876795768738,0.8069167733192444,36.0,2681.0,1881.82,0.0548245225101709,0.0535543709993362,0.0560079924762249
1.0,qrnn_paper,paper_no_reset,henon_1000,2.0,0.001,7.0,4.0,4.0,4.0,64.0,0.0621024072170257,0.0602120868861675,0.206701248884201,0.203723520040512,0.4780673086643219,0.4956788718700409,36.0,1709.0,1179.98,0.0781179167330265,0.0781643390655517,0.0773445516824722
1.0,qrnn_paper,paper_no_reset,henon_1000,2.0,0.001,7.0,4.0,8.0,1.0,64.0,0.0104799401015043,0.0105047198012471,0.0821184962987899,0.0814733579754829,0.932932198047638,0.9320475459098816,36.0,3912.0,5462.64,0.0685698293149471,0.0728922933340072,0.0728957280516624
1.0,qrnn_paper,paper_no_reset,henon_1000,2.0,0.001,7.0,4.0,8.0,2.0,64.0,0.0501328036189079,0.0447937995195388,0.1802231818437576,0.1707057505846023,0.6186056137084961,0.6629137396812439,36.0,2691.0,3723.67,0.0931306026875972,0.0910390317440033,0.0983266830444336
1.0,qrnn_paper,paper_no_reset,henon_1000,2.0,0.001,7.0,4.0,8.0,4.0,64.0,0.0745139569044113,0.0673660486936569,0.2221396714448928,0.2127801775932312,0.3000369369983673,0.3961765766143799,36.0,1610.0,2275.08,0.0800435446202754,0.0785824730992317,0.0843691676855087
1.0,qrnn_paper,paper_no_reset,henon_1000,2.0,0.001,7.0,4.0,16.0,1.0,64.0,0.028549300506711,0.0256030093878507,0.1264858692884445,0.1206159442663192,0.804749071598053,0.825513482093811,36.0,2805.0,8019.23,0.0912775792181491,0.0861257538199424,0.0933099240064621
1.0,qrnn_paper,paper_no_reset,henon_1000,2.0,0.001,7.0,4.0,16.0,2.0,64.0,0.0800312086939811,0.0709300339221954,0.2358177900314331,0.2217063307762146,0.1750140935182571,0.3412232995033264,36.0,520.0,1479.04,0.0820511803030967,0.0814303457736969,0.0864478200674057
1.0,qrnn_paper,paper_no_reset,henon_1000,2.0,0.001,7.0,4.0,16.0,4.0,64.0,0.0839138552546501,0.0802570581436157,0.2438858598470688,0.2387913316488266,0.0755034163594245,0.1326477825641632,36.0,493.0,1430.44,0.0799542941153049,0.0823296457529068,0.0816224738955497
1.0,qrnn_paper,paper_no_reset,henon_1000,3.0,0.001,7.0,3.0,4.0,1.0,64.0,0.0019570663571357,0.001826858962886,0.0303023569285869,0.030144203454256,0.9878110289573668,0.9885299801826476,38.0,4321.0,3100.89,0.0348164640367031,0.0346438251435756,0.0355423688888549
1.0,qrnn_paper,paper_no_reset,henon_1000,3.0,0.001,7.0,3.0,4.0,2.0,64.0,0.0248788781464099,0.0244707446545362,0.1145278140902519,0.1140604093670845,0.8311448693275452,0.8327566385269165,38.0,4802.0,3315.22,0.0466284483671188,0.0460152514278888,0.0472806133329868
1.0,qrnn_paper,paper_no_reset,henon_1000,3.0,0.001,7.0,3.0,4.0,4.0,64.0,0.0641453936696052,0.0613768137991428,0.2084145545959472,0.2057402431964874,0.4511517882347107,0.4805382788181305,38.0,2601.0,1891.43,0.0844889849424362,0.0847477465867996,0.0890810564160347
1.0,qrnn_paper,paper_no_reset,henon_1000,3.0,0.001,7.0,3.0,8.0,1.0,64.0,0.0117418430745601,0.0108842551708221,0.0810384526848793,0.0799103006720542,0.9242257475852966,0.929352641105652,38.0,2740.0,4065.15,0.0353650821372866,0.0348824970424175,0.039574459195137
1.0,qrnn_paper,paper_no_reset,henon_1000,3.0,0.001,7.0,3.0,8.0,2.0,64.0,0.045490875840187,0.0432462096214294,0.170973539352417,0.1636974662542343,0.661275327205658,0.6779099702835083,38.0,1923.0,2838.11,0.0687249206006526,0.069003127515316,0.0739459916949272
1.0,qrnn_paper,paper_no_reset,henon_1000,3.0,0.001,7.0,3.0,8.0,4.0,64.0,0.067965880036354,0.0615597553551197,0.2137201279401779,0.2062184065580368,0.409050703048706,0.4787405133247375,38.0,2451.0,3646.03,0.0844810537993907,0.0867159664630889,0.0888803675770759
1.0,qrnn_paper,paper_no_reset,henon_1000,3.0,0.001,7.0,3.0,16.0,1.0,64.0,0.0244767144322395,0.0213580224663019,0.1207402497529983,0.1115602478384971,0.8363349437713623,0.8567270636558533,38.0,3748.0,11164.52,0.0682276826351881,0.0752547457814216,0.0769751071929931
1.0,qrnn_paper,paper_no_reset,henon_1000,3.0,0.001,7.0,3.0,16.0,2.0,64.0,0.0676188617944717,0.0637314692139625,0.2120125889778137,0.206226497888565,0.4217481315135956,0.4604226946830749,38.0,1696.0,5171.94,0.1230100221931934,0.1236381158232688,0.1252964287996292
1.0,qrnn_paper,paper_no_reset,henon_1000,3.0,0.001,7.0,3.0,16.0,4.0,64.0,0.0765469968318939,0.0748561024665832,0.2327765822410583,0.2329418808221817,0.2200643569231033,0.252197265625,38.0,691.0,2118.48,0.0833617478609085,0.0853958055377006,0.0867504402995109
1.0,qrnn_paper,paper_no_reset,henon_1000,3.0,0.001,7.0,4.0,4.0,1.0,64.0,0.0021244625095278,0.0019273089710623,0.0333532728254795,0.0322374142706394,0.9867597222328186,0.9879801273345948,36.0,3941.0,2698.99,0.0311942251399159,0.0307927019894123,0.0323751606047153
1.0,qrnn_paper,paper_no_reset,henon_1000,3.0,0.001,7.0,4.0,4.0,2.0,64.0,0.0241500623524189,0.021918287500739,0.1222667247056961,0.1156153455376625,0.836776852607727,0.8517339825630188,36.0,1614.0,1120.1,0.0478518009185791,0.0479044392704963,0.0503727123141288
1.0,qrnn_paper,paper_no_reset,henon_1000,3.0,0.001,7.0,4.0,4.0,4.0,64.0,0.0668185949325561,0.0628357306122779,0.2135468870401382,0.2114276140928268,0.4133982360363006,0.4611161947250366,36.0,1313.0,886.18,0.1104476727545261,0.1049965173006057,0.1084398850798606
1.0,qrnn_paper,paper_no_reset,henon_1000,3.0,0.001,7.0,4.0,8.0,1.0,64.0,0.0083257686346769,0.0083943102508783,0.0696713551878929,0.0703520327806472,0.9468858242034912,0.9459296464920044,36.0,3563.0,5005.95,0.0589756626635789,0.059924304485321,0.0623571351170539
1.0,qrnn_paper,paper_no_reset,henon_1000,3.0,0.001,7.0,4.0,8.0,2.0,64.0,0.0421517826616764,0.035817053169012,0.1613886505365371,0.1472994685173034,0.6958333849906921,0.74265456199646,36.0,4670.0,6435.31,0.0616360809653997,0.0614130906760692,0.0685233995318412
1.0,qrnn_paper,paper_no_reset,henon_1000,3.0,0.001,7.0,4.0,8.0,4.0,64.0,0.0735887736082077,0.0651392489671707,0.224578782916069,0.2153653353452682,0.3248352110385895,0.4295121431350708,36.0,695.0,1038.89,0.068573448061943,0.0716167762875557,0.0766008868813514
1.0,qrnn_paper,paper_no_reset,henon_1000,3.0,0.001,7.0,4.0,16.0,1.0,64.0,0.0357685461640358,0.0366576053202152,0.1460116654634475,0.1501273214817047,0.7465125918388367,0.7371752858161926,36.0,693.0,1987.39,0.0541078366339206,0.0516599267721176,0.0548935793340206
1.0,qrnn_paper,paper_no_reset,henon_1000,3.0,0.001,7.0,4.0,16.0,2.0,64.0,0.0608060620725154,0.0611062720417976,0.2047899514436721,0.207876518368721,0.4981702864170074,0.4888683557510376,36.0,637.0,1850.24,0.0708613574504852,0.0736259669065475,0.0752794072031974
1.0,qrnn_paper,paper_no_reset,henon_1000,3.0,0.001,7.0,4.0,16.0,4.0,64.0,0.0800858736038208,0.0773492604494094,0.2370059490203857,0.2341634333133697,0.1538834124803543,0.2066384255886078,36.0,1272.0,3740.48,0.1039001323282718,0.106725089251995,0.1039763689041137
1.0,qrnn_paper,paper_no_reset,henon_1000,4.0,0.001,7.0,3.0,4.0,1.0,64.0,0.0030937884002923,0.0029275957494974,0.0405931025743484,0.0381691791117191,0.980599284172058,0.9816338419914246,38.0,2281.0,1645.9,0.0259585099294781,0.0251389313489198,0.0262240245938301
1.0,qrnn_paper,paper_no_reset,henon_1000,4.0,0.001,7.0,3.0,4.0,2.0,64.0,0.019828962162137,0.0174340531229972,0.1063655614852905,0.1023228913545608,0.8684068322181702,0.8849432468414307,38.0,5566.0,3811.66,0.0467841282486915,0.0457470715045928,0.0468907766044139
1.0,qrnn_paper,paper_no_reset,henon_1000,4.0,0.001,7.0,3.0,4.0,4.0,64.0,0.0623626038432121,0.0580833405256271,0.2085082232952118,0.2029908448457718,0.4777329266071319,0.5215206146240234,38.0,5827.0,3972.25,0.0753040879964828,0.0738561525940895,0.0747656822204589
1.0,qrnn_paper,paper_no_reset,henon_1000,4.0,0.001,7.0,3.0,8.0,1.0,64.0,0.012021561153233,0.0113280117511749,0.0821410119533538,0.0801193565130233,0.9223084449768066,0.9262832403182985,38.0,2717.0,3938.12,0.0394093543291091,0.0383618287742137,0.0399165675044059
1.0,qrnn_paper,paper_no_reset,henon_1000,4.0,0.001,7.0,3.0,8.0,2.0,64.0,0.0368454568088054,0.0313324220478534,0.1486887037754058,0.1394226551055908,0.7386466264724731,0.7799074649810791,38.0,5005.0,7330.8,0.0519147530198097,0.0534691102802753,0.0599811188876628
1.0,qrnn_paper,paper_no_reset,henon_1000,4.0,0.001,7.0,3.0,8.0,4.0,64.0,0.0689790621399879,0.0679178163409233,0.2149620652198791,0.2148937284946441,0.3842816948890686,0.3885811269283294,38.0,692.0,1014.28,0.078272321075201,0.0806808248162269,0.0812299996614456
1.0,qrnn_paper,paper_no_reset,henon_1000,4.0,0.001,7.0,3.0,16.0,1.0,64.0,0.0300416033715009,0.0268369875848293,0.1350319385528564,0.1279225051403045,0.7928592562675476,0.816286563873291,38.0,1174.0,3462.49,0.0563150063157081,0.0575490072369575,0.0603577867150306
1.0,qrnn_paper,paper_no_reset,henon_1000,4.0,0.001,7.0,3.0,16.0,2.0,64.0,0.0574133545160293,0.0536781586706638,0.193466231226921,0.1873771101236343,0.5422843098640442,0.5769380331039429,38.0,2425.0,7092.32,0.0738463405519724,0.0818953812122345,0.0828903913497924
1.0,qrnn_paper,paper_no_reset,henon_1000,4.0,0.001,7.0,3.0,16.0,4.0,64.0,0.0781603530049324,0.0717783644795417,0.2353393137454986,0.2291721403598785,0.2138726860284805,0.319381833076477,38.0,1196.0,3576.26,0.0855757229030132,0.0840566903352737,0.0893350169062614
1.0,qrnn_paper,paper_no_reset,henon_1000,4.0,0.001,7.0,4.0,4.0,1.0,64.0,0.0025597682688385,0.0025468820240348,0.0384680069983005,0.0388825312256813,0.9840158820152284,0.9839684963226318,36.0,6702.0,4583.71,0.0255609344691038,0.0256049893796443,0.0253895316272974
1.0,qrnn_paper,paper_no_reset,henon_1000,4.0,0.001,7.0,4.0,4.0,2.0,64.0,0.0203594751656055,0.0181917026638984,0.1037981137633323,0.0993544608354568,0.8642956614494324,0.8790961503982544,36.0,6091.0,4175.28,0.0707457169890403,0.0701465383172035,0.0716056153178215
1.0,qrnn_paper,paper_no_reset,henon_1000,4.0,0.001,7.0,4.0,4.0,4.0,64.0,0.0657434687018394,0.0606167688965797,0.2131064981222152,0.2082001864910125,0.4320838153362274,0.4900322556495666,36.0,6152.0,4233.29,0.0784563362598419,0.074745774269104,0.0819301307201385
1.0,qrnn_paper,paper_no_reset,henon_1000,4.0,0.001,7.0,4.0,8.0,1.0,64.0,0.0245357565581798,0.0239908266812562,0.1196558400988578,0.118510715663433,0.8343053460121155,0.8363037109375,36.0,2595.0,3551.72,0.0424099564552307,0.04070745408535,0.0425411313772201
1.0,qrnn_paper,paper_no_reset,henon_1000,4.0,0.001,7.0,4.0,8.0,2.0,64.0,0.0396262854337692,0.0360825918614864,0.1497678309679031,0.1440790891647339,0.7144091129302979,0.7407878041267395,36.0,4194.0,5743.81,0.0569817513227462,0.0554268173873424,0.0589394941926002
1.0,qrnn_paper,paper_no_reset,henon_1000,4.0,0.001,7.0,4.0,8.0,4.0,64.0,0.0687724128365516,0.0658156052231788,0.2138679027557373,0.2131896764039993,0.3870737552642822,0.4194609820842743,36.0,1182.0,1660.87,0.0731957264244556,0.0748276486992836,0.0772839859127998
1.0,qrnn_paper,paper_no_reset,henon_1000,4.0,0.001,7.0,4.0,16.0,1.0,64.0,0.0516223274171352,0.0478273145854473,0.1821693778038025,0.1790911257266998,0.6056919693946838,0.6359487175941467,36.0,2158.0,6101.56,0.0786000456660986,0.0833818539977073,0.0819246023893356
1.0,qrnn_paper,paper_no_reset,henon_1000,4.0,0.001,7.0,4.0,16.0,2.0,64.0,0.058147445321083,0.065012477338314,0.1946413516998291,0.2108460962772369,0.5299143195152283,0.439507782459259,36.0,1664.0,4618.98,0.0756496787071228,0.0798912495374679,0.0795177966356277
1.0,qrnn_paper,paper_no_reset,henon_1000,4.0,0.001,7.0,4.0,16.0,4.0,64.0,0.0793072432279586,0.0775088369846344,0.2354998141527176,0.2397170811891555,0.1445441991090774,0.1795906275510788,36.0,442.0,1308.7,0.0775526821613311,0.0782456919550895,0.0795497372746467
1.0,qrnn_paper,paper_no_reset,henon_1000,5.0,0.001,7.0,3.0,4.0,1.0,64.0,0.0011980988783761,0.0011832066811621,0.0266319680958986,0.0273761637508869,0.9925434589385986,0.9927191138267516,38.0,8679.0,6008.35,0.0347199076786637,0.0363278277218341,0.0368813499808311
1.0,qrnn_paper,paper_no_reset,henon_1000,5.0,0.001,7.0,3.0,4.0,2.0,64.0,0.0148548278957605,0.012697190977633,0.0855240002274513,0.0792333781719207,0.9029776453971864,0.9173560738563538,38.0,10106.0,7264.38,0.0557585131376981,0.0549517311155796,0.0574380978941917
1.0,qrnn_paper,paper_no_reset,henon_1000,5.0,0.001,7.0,3.0,4.0,4.0,64.0,0.0642455294728279,0.0610822960734367,0.2107280045747757,0.2085430771112442,0.4498157203197479,0.4848128259181976,38.0,3176.0,2282.21,0.0724105939269065,0.0719089433550834,0.0732386857271194
1.0,qrnn_paper,paper_no_reset,henon_1000,5.0,0.001,7.0,3.0,8.0,1.0,64.0,0.0111358696594834,0.0111108431592583,0.0851669088006019,0.0847696512937545,0.9283104538917542,0.9278091192245485,38.0,3435.0,5012.19,0.043723789229989,0.042107306420803,0.0462447106838226
1.0,qrnn_paper,paper_no_reset,henon_1000,5.0,0.001,7.0,3.0,8.0,2.0,64.0,0.0386517941951751,0.0344609431922435,0.1472358703613281,0.1384663134813308,0.7240330576896667,0.7544965147972107,38.0,3857.0,5722.78,0.0664687234908342,0.0650560483336448,0.0685261115431785
1.0,qrnn_paper,paper_no_reset,henon_1000,5.0,0.001,7.0,3.0,8.0,4.0,64.0,0.073190800845623,0.0684393271803855,0.2229559123516082,0.2161871045827865,0.3270707726478576,0.3850894272327423,38.0,2756.0,4067.8,0.0836099848151206,0.0871481969952583,0.0874032750725746
1.0,qrnn_paper,paper_no_reset,henon_1000,5.0,0.001,7.0,3.0,16.0,1.0,64.0,0.0429414995014667,0.0401881299912929,0.1705324202775955,0.1632875949144363,0.6855254769325256,0.7078445553779602,38.0,1681.0,5099.66,0.0836897894740104,0.0862044617533683,0.0867985561490058
1.0,qrnn_paper,paper_no_reset,henon_1000,5.0,0.001,7.0,3.0,16.0,2.0,64.0,0.0605704113841056,0.0551642291247844,0.2051288932561874,0.1908101290464401,0.5037235617637634,0.5598345994949341,38.0,1181.0,3504.66,0.0689309895038604,0.0740789324045181,0.0694833248853683
1.0,qrnn_paper,paper_no_reset,henon_1000,5.0,0.001,7.0,3.0,16.0,4.0,64.0,0.0816216841340065,0.0700626596808433,0.2349730730056762,0.2186074405908584,0.1671630889177322,0.3569491505622864,38.0,1322.0,4033.43,0.0885574035346508,0.0922354310750961,0.0938275083899498
1.0,qrnn_paper,paper_no_reset,henon_1000,5.0,0.001,7.0,4.0,4.0,1.0,64.0,0.0018857935210689,0.0019166269339621,0.0350755676627159,0.0358601547777652,0.9882877469062804,0.9882299304008484,36.0,6056.0,4250.76,0.0242539683356881,0.0251756552606821,0.0267033521085977
1.0,qrnn_paper,paper_no_reset,henon_1000,5.0,0.001,7.0,4.0,4.0,2.0,64.0,0.019932834431529,0.0186191331595182,0.1042079180479049,0.103527694940567,0.8675621747970581,0.8756155967712402,36.0,9751.0,6506.66,0.052519491314888,0.0532315410673618,0.0552690513432025
1.0,qrnn_paper,paper_no_reset,henon_1000,5.0,0.001,7.0,4.0,4.0,4.0,64.0,0.0648081004619598,0.0610866546630859,0.2100386321544647,0.2055628299713134,0.4454440772533417,0.4858457744121551,36.0,6035.0,4099.76,0.0734565421938896,0.0752469450235366,0.0761911943554878
1.0,qrnn_paper,paper_no_reset,henon_1000,5.0,0.001,7.0,4.0,8.0,1.0,64.0,0.0175197273492813,0.0160593334585428,0.1037274003028869,0.100990429520607,0.8847169280052185,0.8937450647354126,36.0,1974.0,2859.63,0.0581254068762064,0.0574868954718112,0.0587890893220901
1.0,qrnn_paper,paper_no_reset,henon_1000,5.0,0.001,7.0,4.0,8.0,2.0,64.0,0.0469557009637355,0.0379492454230785,0.1719409525394439,0.1552603095769882,0.648762047290802,0.7244991660118103,36.0,2507.0,3525.63,0.062647595629096,0.0589764229953289,0.0667937099933624
1.0,qrnn_paper,paper_no_reset,henon_1000,5.0,0.001,7.0,4.0,8.0,4.0,64.0,0.0703310742974281,0.0656690225005149,0.2167744934558868,0.2105288803577423,0.3705682456493377,0.4233462214469909,36.0,1585.0,2262.11,0.0751043513417244,0.0742169171571731,0.0763636901974678
1.0,qrnn_paper,paper_no_reset,henon_1000,5.0,0.001,7.0,4.0,16.0,1.0,64.0,0.0342949330806732,0.0315670669078826,0.1452027559280395,0.1388556808233261,0.7609104514122009,0.7792384624481201,36.0,1917.0,5270.4,0.0575252924114465,0.0603301376104354,0.0566159710288047
1.0,qrnn_paper,paper_no_reset,henon_1000,5.0,0.001,7.0,4.0,16.0,2.0,64.0,0.077889047563076,0.0676670297980308,0.2332364916801452,0.2167882323265075,0.2418952137231826,0.3964046537876129,36.0,641.0,1810.79,0.0861349940299987,0.0868643447756767,0.0902252569794654
1.0,qrnn_paper,paper_no_reset,henon_1000,5.0,0.001,7.0,4.0,16.0,4.0,64.0,0.0792406797409057,0.0733604282140731,0.2382180988788604,0.2274658977985382,0.1939433515071869,0.2913413345813751,36.0,1286.0,3777.34,0.0886732928454876,0.086177259683609,0.0886308625340461
1.0,qrnn_paper,paper_no_reset,henon_1000,6.0,0.001,7.0,3.0,4.0,1.0,64.0,0.0016797013813629,0.0016554718604311,0.0306808017194271,0.0308182202279567,0.9895407557487488,0.9898344278335572,38.0,5080.0,3719.39,0.0272382002323865,0.0264982730150222,0.0279900152236223
1.0,qrnn_paper,paper_no_reset,henon_1000,6.0,0.001,7.0,3.0,4.0,2.0,64.0,0.0190058071166276,0.0172808989882469,0.1035612449049949,0.1011539176106453,0.8741053342819214,0.8852038383483887,38.0,4012.0,2898.53,0.0543487757444381,0.0541930086910724,0.0559647195041179
1.0,qrnn_paper,paper_no_reset,henon_1000,6.0,0.001,7.0,3.0,4.0,4.0,64.0,0.0662672519683837,0.064147874712944,0.2127897143363952,0.211895003914833,0.4230169057846069,0.4438425600528717,38.0,1318.0,936.08,0.0736522443592548,0.0756910666823387,0.0783601924777031
,,,,,,,,,,,,,,,,,,,,,,
1.0,qrnn_paper,paper_no_reset,henon_1000,6.0,0.001,7.0,3.0,8.0,2.0,64.0,0.0441860221326351,0.0394629761576652,0.1611350625753402,0.1528626382350921,0.674092173576355,0.7114092111587524,38.0,2937.0,4281.87,0.0661101952195167,0.0681288242340087,0.0695701390504837
1.0,qrnn_paper,paper_no_reset,henon_1000,6.0,0.001,7.0,3.0,8.0,4.0,64.0,0.0716324746608734,0.0636264160275459,0.217731088399887,0.2113888412714004,0.3489789068698883,0.4509825408458709,38.0,962.0,1431.88,0.0785473182797431,0.0793376713991165,0.0809366628527641
1.0,qrnn_paper,paper_no_reset,henon_1000,6.0,0.001,7.0,3.0,16.0,1.0,64.0,0.0405598692595958,0.032731220126152,0.1612121611833572,0.1416125297546386,0.7059053182601929,0.7701128721237183,38.0,1053.0,3201.14,0.0747977420687675,0.083650529384613,0.0798300430178642
1.0,qrnn_paper,paper_no_reset,henon_1000,6.0,0.001,7.0,3.0,16.0,2.0,64.0,0.0724589824676513,0.0704583078622818,0.2210984081029892,0.2197821289300918,0.3294699788093567,0.3549617826938629,38.0,781.0,2315.1,0.0736896000802516,0.0781185775995254,0.0793572217226028
1.0,qrnn_paper,paper_no_reset,henon_1000,6.0,0.001,7.0,3.0,16.0,4.0,64.0,0.0799102187156677,0.0751508548855781,0.2371325194835662,0.2308606058359146,0.1695315986871719,0.2525867819786072,38.0,506.0,1529.65,0.0796571403741836,0.079666644334793,0.0867618471384048
1.0,qrnn_paper,paper_no_reset,henon_1000,6.0,0.001,7.0,4.0,4.0,1.0,64.0,0.0033772336319088,0.0032401855569332,0.0422364994883537,0.0424189120531082,0.9788113236427308,0.9797627329826356,36.0,1924.0,1301.53,0.0287717496976256,0.0279705412685871,0.0296302065253257
1.0,qrnn_paper,paper_no_reset,henon_1000,6.0,0.001,7.0,4.0,4.0,2.0,64.0,0.0257409922778606,0.0230360534042119,0.1187617629766464,0.1139140129089355,0.824701726436615,0.8436921238899231,36.0,6521.0,4400.53,0.0474073603749275,0.0467100031673908,0.0486213080585002
1.0,qrnn_paper,paper_no_reset,henon_1000,6.0,0.001,7.0,4.0,4.0,4.0,64.0,0.0639129057526588,0.0613175630569458,0.2100603878498077,0.2082044184207916,0.4543015360832214,0.4809594452381134,36.0,6561.0,4617.96,0.0746609307825565,0.0740493461489677,0.0757638290524482
1.0,qrnn_paper,paper_no_reset,henon_1000,6.0,0.001,7.0,4.0,8.0,1.0,64.0,0.0127683030441403,0.0111992303282022,0.087690345942974,0.0835517570376396,0.917657732963562,0.9273249506950378,36.0,1823.0,2548.89,0.0377864755690097,0.036365870386362,0.0371476523578166
,,,,,,,,,,,,,,,,,,,,,,
1.0,qrnn_paper,paper_no_reset,henon_1000,6.0,0.001,7.0,4.0,8.0,4.0,64.0,0.0689915269613266,0.062518835067749,0.213037371635437,0.2045661807060241,0.3952807188034057,0.4666718542575836,36.0,3280.0,4730.87,0.0918515987694263,0.0898860022425651,0.0947413891553878
1.0,qrnn_paper,paper_no_reset,henon_1000,6.0,0.001,7.0,4.0,16.0,1.0,64.0,0.0298456810414791,0.0246502961963415,0.1353592723608017,0.1227018982172012,0.7948404550552368,0.8325973153114319,36.0,1618.0,4691.26,0.0649207711219787,0.0635334625840187,0.0645916908979415
1.0,qrnn_paper,paper_no_reset,henon_1000,6.0,0.001,7.0,4.0,16.0,2.0,64.0,0.0566217005252838,0.0572004206478595,0.1938217282295227,0.1931092590093612,0.5473129749298096,0.5364038944244385,36.0,947.0,2714.79,0.0686390154063701,0.0713639631867408,0.0726354494690895
1.0,qrnn_paper,paper_no_reset,henon_1000,6.0,0.001,7.0,4.0,16.0,4.0,64.0,0.0724504962563514,0.0688527598977088,0.2268777787685394,0.2228035181760788,0.3142655789852142,0.3730304837226867,36.0,2105.0,6053.58,0.1177804298698902,0.1113537400960922,0.1341802775859832
1.0,qrnn_paper,paper_no_reset,henon_1000,7.0,0.001,7.0,3.0,4.0,1.0,64.0,0.0026301781181246,0.0024837951641529,0.0384976454079151,0.0373434163630008,0.9835321307182312,0.9844390749931335,38.0,2401.0,1663.35,0.0339299254119396,0.0341108739376068,0.0349985174834728
1.0,qrnn_paper,paper_no_reset,henon_1000,7.0,0.001,7.0,3.0,4.0,2.0,64.0,0.0145712662488222,0.0130974370986223,0.0875890552997589,0.0839729234576225,0.9050634503364564,0.9144719839096068,38.0,6552.0,4743.54,0.0408423013985157,0.0408887043595314,0.0442749038338661
1.0,qrnn_paper,paper_no_reset,henon_1000,7.0,0.001,7.0,3.0,4.0,4.0,64.0,0.0632304698228836,0.0617948099970817,0.2069681584835052,0.206681028008461,0.4627814888954162,0.474698007106781,38.0,2910.0,2086.84,0.0850029617547988,0.0822739675641059,0.0830018669366836
1.0,qrnn_paper,paper_no_reset,henon_1000,7.0,0.001,7.0,3.0,8.0,1.0,64.0,0.0102064413949847,0.0097330491989851,0.0799610614776611,0.0780070126056671,0.9347821474075316,0.9370888471603394,38.0,2866.0,4068.7,0.0387354712933301,0.0353880301117897,0.039185669273138
1.0,qrnn_paper,paper_no_reset,henon_1000,7.0,0.001,7.0,3.0,8.0,2.0,64.0,0.0430268794298172,0.0419760383665561,0.1663183718919754,0.1627362370491027,0.6842385530471802,0.6889812350273132,38.0,1477.0,2169.72,0.0575682613998651,0.0563399381935596,0.0601763278245925
1.0,qrnn_paper,paper_no_reset,henon_1000,7.0,0.001,7.0,3.0,8.0,4.0,64.0,0.0714899152517318,0.0650995150208473,0.2221521884202957,0.2130556255578994,0.3452558815479278,0.4300232827663421,38.0,674.0,959.49,0.0717232264578342,0.0712273865938186,0.0769054517149925
1.0,qrnn_paper,paper_no_reset,henon_1000,7.0,0.001,7.0,3.0,16.0,1.0,64.0,0.0421391651034355,0.0396919660270214,0.1656621694564819,0.1592354029417038,0.6974546313285828,0.7113799452781677,38.0,1166.0,3563.87,0.0710180465131998,0.075207732617855,0.0741737410426139
1.0,qrnn_paper,paper_no_reset,henon_1000,7.0,0.001,7.0,3.0,16.0,2.0,64.0,0.0534997284412384,0.0562667325139045,0.1862953156232834,0.1980215311050415,0.5815679430961609,0.547279417514801,38.0,1221.0,3869.08,0.078768803179264,0.0819328725337982,0.0801532790064811
1.0,qrnn_paper,paper_no_reset,henon_1000,7.0,0.001,7.0,3.0,16.0,4.0,64.0,0.0752065628767013,0.0763726308941841,0.2293891161680221,0.2340235263109207,0.2630979716777801,0.24232979118824,38.0,497.0,1505.11,0.0749323792755603,0.078917883336544,0.0770866647362709
1.0,qrnn_paper,paper_no_reset,henon_1000,7.0,0.001,7.0,4.0,4.0,1.0,64.0,0.0027129971422255,0.0025074058212339,0.0371873527765274,0.0366464331746101,0.9830015301704408,0.9841891527175904,36.0,8763.0,6002.75,0.0313875833526253,0.0293343421071767,0.0314785726368427
1.0,qrnn_paper,paper_no_reset,henon_1000,7.0,0.001,7.0,4.0,4.0,2.0,64.0,0.0248644072562456,0.0229679755866527,0.1190287545323371,0.1150509938597679,0.831258237361908,0.8439590334892273,36.0,3995.0,2713.85,0.0576028205454349,0.0570495165884494,0.057578332722187
1.0,qrnn_paper,paper_no_reset,henon_1000,7.0,0.001,7.0,4.0,4.0,4.0,64.0,0.0643023923039436,0.0596177205443382,0.2079605609178543,0.2017715126276016,0.4527458548545837,0.5029355883598328,36.0,5748.0,3865.26,0.0828386679291725,0.079755038022995,0.0814795494079589
1.0,qrnn_paper,paper_no_reset,henon_1000,7.0,0.001,7.0,4.0,8.0,1.0,64.0,0.0158205647021532,0.0137272691354155,0.0976572781801223,0.0917505398392677,0.8970158100128174,0.909965991973877,36.0,2500.0,3635.46,0.0490593168884515,0.0471693128347396,0.0489472523331642
1.0,qrnn_paper,paper_no_reset,henon_1000,7.0,0.001,7.0,4.0,8.0,2.0,64.0,0.0418781302869319,0.0406041145324707,0.1618986427783966,0.1584137380123138,0.6937196850776672,0.7012149691581726,36.0,2270.0,3281.57,0.0599945228546857,0.0598492845892906,0.0605823621153831
1.0,qrnn_paper,paper_no_reset,henon_1000,7.0,0.001,7.0,4.0,8.0,4.0,64.0,0.0715309903025627,0.0658947080373764,0.2211785316467285,0.2172522246837616,0.3436933159828186,0.4187273383140564,36.0,742.0,1070.56,0.073488499969244,0.0746457278728485,0.0752163454890251
1.0,qrnn_paper,paper_no_reset,henon_1000,7.0,0.001,7.0,4.0,16.0,1.0,64.0,0.0284413509070873,0.032918706536293,0.1267498284578323,0.13748100399971,0.8052771687507629,0.7683945894241333,36.0,2261.0,6695.0,0.0664482083171606,0.068317174911499,0.0604856014251709
1.0,qrnn_paper,paper_no_reset,henon_1000,7.0,0.001,7.0,4.0,16.0,2.0,64.0,0.0621561594307422,0.062068872153759,0.2045310586690902,0.2072724252939224,0.4803811609745025,0.476097047328949,36.0,546.0,1613.69,0.0604095667600631,0.0677550360560417,0.0639658272266388
1.0,qrnn_paper,paper_no_reset,henon_1000,7.0,0.001,7.0,4.0,16.0,4.0,64.0,0.0754444152116775,0.0750848054885864,0.2257911562919616,0.2289582341909408,0.2746325731277466,0.2766865491867065,36.0,1988.0,5835.38,0.085513662546873,0.0930912345647811,0.0884520635008812
1.0,qrnn_paper,paper_no_reset,henon_1000,8.0,0.001,7.0,3.0,4.0,1.0,64.0,0.0012604730436578,0.0012375020887702,0.0248406119644641,0.0256074499338865,0.992170512676239,0.9923596382141112,38.0,5943.0,4367.65,0.02004463262856,0.0192201416939497,0.0214041005820035
1.0,qrnn_paper,paper_no_reset,henon_1000,8.0,0.001,7.0,3.0,4.0,2.0,64.0,0.0256529971957206,0.0235372446477413,0.121431678533554,0.114062413573265,0.8254820108413696,0.8397074937820435,38.0,3377.0,2398.18,0.0605729524046182,0.0594686083495616,0.0611573830246925
1.0,qrnn_paper,paper_no_reset,henon_1000,8.0,0.001,7.0,3.0,4.0,4.0,64.0,0.0617392696440219,0.0600986815989017,0.2049945890903473,0.2028025388717651,0.4833209216594696,0.4972586929798126,38.0,6315.0,4664.84,0.0755819790065288,0.0750887542963028,0.0742735043168068
1.0,qrnn_paper,paper_no_reset,henon_1000,8.0,0.001,7.0,3.0,8.0,1.0,64.0,0.0110417380928993,0.0110661340877413,0.0834222808480262,0.0817977860569953,0.9289345741271972,0.9283196926116944,38.0,5276.0,7326.13,0.032667857222259,0.0327155999839305,0.0336255729198455
1.0,qrnn_paper,paper_no_reset,henon_1000,8.0,0.001,7.0,3.0,8.0,2.0,64.0,0.0426027663052082,0.0384895429015159,0.1579899489879608,0.1524248421192169,0.6892839074134827,0.7197683453559875,38.0,3198.0,4598.24,0.065237770602107,0.0636488124728202,0.0696361660957336
1.0,qrnn_paper,paper_no_reset,henon_1000,8.0,0.001,7.0,3.0,8.0,4.0,64.0,0.0711100772023201,0.0651933476328849,0.2191081643104553,0.2143947482109069,0.3547318875789642,0.4290801286697387,38.0,2125.0,3206.37,0.0758187931030988,0.0794095620512962,0.080854907631874
1.0,qrnn_paper,paper_no_reset,henon_1000,8.0,0.001,7.0,3.0,16.0,1.0,64.0,0.0430445298552513,0.0457138605415821,0.1653433889150619,0.1720480024814605,0.6842934489250183,0.6573805809020996,38.0,1015.0,3162.65,0.0625151306390762,0.0644431933760643,0.061686348170042
1.0,qrnn_paper,paper_no_reset,henon_1000,8.0,0.001,7.0,3.0,16.0,2.0,64.0,0.0717151388525962,0.0673725232481956,0.2239722460508346,0.214162066578865,0.3572398424148559,0.4040185511112213,38.0,655.0,2032.48,0.0876948297023773,0.0842864885926246,0.091113731265068
1.0,qrnn_paper,paper_no_reset,henon_1000,8.0,0.001,7.0,3.0,16.0,4.0,64.0,0.0736892446875572,0.0678317174315452,0.2255311161279678,0.2161179780960083,0.3070848286151886,0.3918145298957824,38.0,638.0,1926.12,0.0693625420331955,0.0741327926516532,0.0797832384705543
1.0,qrnn_paper,paper_no_reset,henon_1000,8.0,0.001,7.0,4.0,4.0,1.0,64.0,0.0045750462450087,0.0042256321758031,0.0497081764042377,0.0486738681793212,0.9711808562278748,0.9733125567436218,36.0,2123.0,1459.98,0.0371305810287594,0.0361458510160446,0.0370946191251277
1.0,qrnn_paper,paper_no_reset,henon_1000,8.0,0.001,7.0,4.0,4.0,2.0,64.0,0.0253131687641143,0.0235741175711154,0.1203581914305687,0.1165793687105178,0.8280860185623169,0.8397117257118225,36.0,2690.0,1916.35,0.0592459354549646,0.0567643344402313,0.0577626340091228
1.0,qrnn_paper,paper_no_reset,henon_1000,8.0,0.001,7.0,4.0,4.0,4.0,64.0,0.0649488344788551,0.0619686171412467,0.2119901478290558,0.2098434120416641,0.4409294128417969,0.4724592268466949,36.0,4142.0,2781.48,0.0764783665537834,0.0758533403277397,0.0758702531456947
1.0,qrnn_paper,paper_no_reset,henon_1000,8.0,0.001,7.0,4.0,8.0,1.0,64.0,0.0158519931137561,0.0156442690640687,0.0987424775958061,0.0970178470015525,0.8962230682373047,0.8966096043586731,36.0,2395.0,3273.91,0.0735620480030775,0.0751474425196647,0.0744113847613334
1.0,qrnn_paper,paper_no_reset,henon_1000,8.0,0.001,7.0,4.0,8.0,2.0,64.0,0.0429415255784988,0.037623893469572,0.1663220673799514,0.1537049263715744,0.6852850914001465,0.7277112603187561,36.0,1147.0,1638.78,0.0637229595333337,0.0636286288499832,0.0659784600138664
1.0,qrnn_paper,paper_no_reset,henon_1000,8.0,0.001,7.0,4.0,8.0,4.0,64.0,0.0700687766075134,0.0640373602509498,0.2172048985958099,0.2102835327386856,0.3704099357128143,0.4456186890602112,36.0,775.0,1125.34,0.0753174930810928,0.0757551044225692,0.0785500854253768
1.0,qrnn_paper,paper_no_reset,henon_1000,8.0,0.001,7.0,4.0,16.0,1.0,64.0,0.0402029864490032,0.0369585752487182,0.1550032347440719,0.1528873294591903,0.7112074494361877,0.7345625162124634,36.0,1008.0,2935.09,0.0580448448657989,0.0593044832348823,0.0616636276245117
1.0,qrnn_paper,paper_no_reset,henon_1000,8.0,0.001,7.0,4.0,16.0,2.0,64.0,0.05426562204957,0.0523850098252296,0.192478135228157,0.1834433376789093,0.5750026106834412,0.5907472968101501,36.0,1428.0,4210.44,0.0743589475750923,0.0772176459431648,0.0790575817227363
1.0,qrnn_paper,paper_no_reset,henon_1000,8.0,0.001,7.0,4.0,16.0,4.0,64.0,0.0798803865909576,0.0751158595085144,0.237534761428833,0.233855202794075,0.1671332269906997,0.2533335387706756,36.0,540.0,1586.72,0.0781137648969888,0.0809266418218612,0.0841978788375854
1.0,qrnn_paper,paper_no_reset,henon_1000,9.0,0.001,7.0,3.0,4.0,1.0,64.0,0.0018299835501238,0.0016262761782854,0.030969014391303,0.0299028027802705,0.988663136959076,0.9900497198104858,38.0,3033.0,2195.44,0.0183491215109825,0.0176364723592996,0.0192884635180234
1.0,qrnn_paper,paper_no_reset,henon_1000,9.0,0.001,7.0,3.0,4.0,2.0,64.0,0.016374496743083,0.0145767275243997,0.0963982120156288,0.0925858244299888,0.8929240107536316,0.9044572114944458,38.0,7835.0,5562.83,0.051991968974471,0.0506338104605674,0.0533675849437713
1.0,qrnn_paper,paper_no_reset,henon_1000,9.0,0.001,7.0,3.0,4.0,4.0,64.0,0.0631539672613143,0.0592231601476669,0.2080212831497192,0.2031547874212265,0.4656020104885101,0.507788896560669,38.0,6078.0,4359.41,0.076729292422533,0.077806681394577,0.0783816128969192
1.0,qrnn_paper,paper_no_reset,henon_1000,9.0,0.001,7.0,3.0,8.0,1.0,64.0,0.0060770278796553,0.0059924209490418,0.0609154142439365,0.0621926560997962,0.9615074396133424,0.9617512226104736,38.0,2722.0,3890.43,0.0270364264026284,0.0261308457702398,0.0286648590117692
1.0,qrnn_paper,paper_no_reset,henon_1000,9.0,0.001,7.0,3.0,8.0,2.0,64.0,0.0401385761797428,0.0347790643572807,0.1540567129850387,0.1422547250986099,0.7115488052368164,0.7513973712921143,38.0,3197.0,4555.49,0.0580503445118665,0.0572281554341316,0.059434600174427
1.0,qrnn_paper,paper_no_reset,henon_1000,9.0,0.001,7.0,3.0,8.0,4.0,64.0,0.0702894404530525,0.0622499361634254,0.2179062515497207,0.2045782208442688,0.3803232908248901,0.4702301919460296,38.0,1841.0,2783.37,0.0798007786273956,0.0757424160838127,0.0810496434569358
1.0,qrnn_paper,paper_no_reset,henon_1000,9.0,0.001,7.0,3.0,16.0,1.0,64.0,0.0224943757057189,0.0225375089794397,0.1202350556850433,0.1197145134210586,0.8495112657546997,0.8481507897377014,38.0,1636.0,4954.05,0.0672550227493047,0.0698228180408477,0.0708570033311843
1.0,qrnn_paper,paper_no_reset,henon_1000,9.0,0.001,7.0,3.0,16.0,2.0,64.0,0.0743027925491333,0.06775963306427,0.2249830365180969,0.2180899977684021,0.3182177543640136,0.4003651738166809,38.0,902.0,2761.03,0.0754220679402351,0.0761386305093765,0.0786814764142036
1.0,qrnn_paper,paper_no_reset,henon_1000,9.0,0.001,7.0,3.0,16.0,4.0,64.0,0.0739427804946899,0.0716623738408088,0.226921260356903,0.2246250808238983,0.2921899557113647,0.3222663700580597,38.0,957.0,2766.4,0.0815127372741699,0.0833736658096313,0.0841600149869918
1.0,qrnn_paper,paper_no_reset,henon_1000,9.0,0.001,7.0,4.0,4.0,1.0,64.0,0.0018244128441438,0.0017007261049002,0.0323324501514434,0.0320529416203498,0.988614022731781,0.9895031452178956,36.0,3031.0,2082.22,0.0145800482481718,0.0140393460169434,0.0160690769553184
1.0,qrnn_paper,paper_no_reset,henon_1000,9.0,0.001,7.0,4.0,4.0,2.0,64.0,0.0259824693202972,0.0221332572400569,0.1171312183141708,0.1096433922648429,0.8230615258216858,0.8506932258605957,36.0,3844.0,2527.5,0.0576103158295154,0.0558639355003833,0.0582899935543537
1.0,qrnn_paper,paper_no_reset,henon_1000,9.0,0.001,7.0,4.0,4.0,4.0,64.0,0.0640942156314849,0.0608508177101612,0.2139614969491958,0.2097973078489303,0.4521628022193908,0.4869930744171142,36.0,3172.0,2173.51,0.0751197181642055,0.0741262063384056,0.0748719274997711
1.0,qrnn_paper,paper_no_reset,henon_1000,9.0,0.001,7.0,4.0,8.0,1.0,64.0,0.0079379808157682,0.0070992284454405,0.0683030486106872,0.0663161501288414,0.9495174288749696,0.954563558101654,36.0,5651.0,8008.23,0.044978891313076,0.040945541113615,0.0459602139890193
1.0,qrnn_paper,paper_no_reset,henon_1000,9.0,0.001,7.0,4.0,8.0,2.0,64.0,0.0370133854448795,0.0320240445435047,0.1538077890872955,0.137614294886589,0.7361587882041931,0.7739673256874084,36.0,4553.0,6420.25,0.0524228364229202,0.0499069467186927,0.0526760071516037
1.0,qrnn_paper,paper_no_reset,henon_1000,9.0,0.001,7.0,4.0,8.0,4.0,64.0,0.066664844751358,0.0634553879499435,0.2093639820814132,0.2071757018566131,0.4206425249576568,0.453356921672821,36.0,1334.0,1838.12,0.0783909618854522,0.0772237554192543,0.0795420557260513
1.0,qrnn_paper,paper_no_reset,henon_1000,9.0,0.001,7.0,4.0,16.0,1.0,64.0,0.0252348985522985,0.0278729200363159,0.125582680106163,0.1327967196702957,0.8299294114112854,0.8082437515258789,36.0,1219.0,3512.04,0.0735247656702995,0.0750565826892852,0.0745857581496238
1.0,qrnn_paper,paper_no_reset,henon_1000,9.0,0.001,7.0,4.0,16.0,2.0,64.0,0.0496471673250198,0.0466058440506458,0.1815889775753021,0.1770817935466766,0.6214588284492493,0.6477620601654053,36.0,1121.0,3207.31,0.0619565583765506,0.0646675825119018,0.0643000826239585
1.0,qrnn_paper,paper_no_reset,henon_1000,9.0,0.001,7.0,4.0,16.0,4.0,64.0,0.0835915505886077,0.0780672132968902,0.2396839559078216,0.2325480133295059,0.102289468050003,0.1964491009712219,36.0,1155.0,3383.72,0.0808663919568061,0.084859050810337,0.0886003375053405
1.0,qrnn_paper,paper_no_reset,mackey_1000,0.0,0.001,6.0,2.0,4.0,1.0,64.0,3.729124364326708e-05,5.8946785429725423e-05,0.0046762628480792,0.0057334071025252,0.9996695518493652,0.9995442628860474,29.0,4211.0,2197.98,0.0079980619717389,0.00911227427423,0.0067057437263429
1.0,qrnn_paper,paper_no_reset,mackey_1000,0.0,0.001,6.0,2.0,4.0,70.0,64.0,0.0335781723260879,0.0270198658108711,0.140670821070671,0.1295700371265411,0.6306511163711548,0.7777472734451294,29.0,2191.0,1022.89,0.036900013892187,0.0326099842786788,0.0404439643025398
1.0,qrnn_paper,paper_no_reset,mackey_1000,0.0,0.001,6.0,2.0,4.0,140.0,64.0,0.0383463352918624,0.0435423180460929,0.156924620270729,0.1683075577020645,0.5113089680671692,0.6112229228019714,29.0,798.0,382.41,0.0462734049393071,0.0525126755237579,0.0444621182978153
1.0,qrnn_paper,paper_no_reset,mackey_1000,0.0,0.001,6.0,2.0,8.0,1.0,64.0,0.0001112195823225,0.0001934984320541,0.0079461298882961,0.0095950225368142,0.9989758133888244,0.9985086917877196,29.0,2106.0,2164.53,0.0040946629829704,0.008719322271645,0.0025441204197704
1.0,qrnn_paper,paper_no_reset,mackey_1000,0.0,0.001,6.0,2.0,8.0,70.0,64.0,0.0314266607165336,0.021738352254033,0.1350970417261123,0.1200747489929199,0.6814817190170288,0.8219949007034302,29.0,1631.0,1603.34,0.0329423333621687,0.02842603251338,0.0383564196527004
1.0,qrnn_paper,paper_no_reset,mackey_1000,0.0,0.001,6.0,2.0,8.0,140.0,64.0,0.0381007008254528,0.0310349315404891,0.160596564412117,0.1387378871440887,0.5659418106079102,0.7371211647987366,29.0,3102.0,2695.42,0.0491130691953003,0.0522881746292114,0.0437270849943161
1.0,qrnn_paper,paper_no_reset,mackey_1000,0.0,0.001,6.0,2.0,16.0,1.0,64.0,0.0009694315958768,0.0017647696658968,0.0238956660032272,0.030409812927246,0.9905567169189452,0.9866576194763184,29.0,1697.0,3721.75,0.0118644524365663,0.0170958489179611,0.0083740577101707
1.0,qrnn_paper,paper_no_reset,mackey_1000,0.0,0.001,6.0,2.0,16.0,70.0,64.0,0.0222839023917913,0.0138825066387653,0.1084238514304161,0.0902558639645576,0.7816925644874573,0.8893684148788452,29.0,1308.0,2717.18,0.0255573689937591,0.0220392774790525,0.0364287346601486
1.0,qrnn_paper,paper_no_reset,mackey_1000,0.0,0.001,6.0,2.0,16.0,140.0,64.0,0.0319772064685821,0.0254507344216108,0.1485892832279205,0.1285058557987213,0.6375263929367065,0.7856315970420837,29.0,1732.0,3243.53,0.0391557239927351,0.0366158448159694,0.044059183448553
1.0,qrnn_paper,paper_no_reset,mackey_1000,0.0,0.001,6.0,4.0,4.0,1.0,64.0,8.868748409440741e-05,0.000263305788394,0.0074401283636689,0.0098565872758626,0.9992185831069946,0.9979713559150696,27.0,3597.0,1690.77,0.0090464663226157,0.0091508738696575,0.0076909777708351
1.0,qrnn_paper,paper_no_reset,mackey_1000,0.0,0.001,6.0,4.0,4.0,70.0,64.0,0.0337601639330387,0.0284523647278547,0.1392030864953994,0.132900670170784,0.6281557083129883,0.7625072598457336,27.0,2204.0,988.1,0.0433662827644083,0.0385671965777874,0.0483290962874889
1.0,qrnn_paper,paper_no_reset,mackey_1000,0.0,0.001,6.0,4.0,4.0,140.0,64.0,0.0383594408631324,0.0438405461609363,0.1541482210159301,0.1676815152168274,0.5114314556121826,0.6097752451896667,27.0,1463.0,659.69,0.048718631060587,0.0560536570847034,0.0485544651746749
1.0,qrnn_paper,paper_no_reset,mackey_1000,0.0,0.001,6.0,4.0,8.0,1.0,64.0,0.0001057760964613,0.0001568955485709,0.0079562906175851,0.0093195475637912,0.9990320801734924,0.9988247156143188,27.0,2748.0,2841.12,0.0193387735635042,0.0295250676572322,0.0132740205153822
1.0,qrnn_paper,paper_no_reset,mackey_1000,0.0,0.001,6.0,4.0,8.0,70.0,64.0,0.0317634604871273,0.0219531506299972,0.1373704820871353,0.1205149292945861,0.6746720671653748,0.8252367973327637,27.0,2495.0,2336.27,0.0306574803673558,0.0292198061943054,0.0364192947745323
1.0,qrnn_paper,paper_no_reset,mackey_1000,0.0,0.001,6.0,4.0,8.0,140.0,64.0,0.03883758187294,0.039261095225811,0.1621565520763397,0.1652307212352752,0.5107378959655762,0.6464575529098511,27.0,1344.0,1142.74,0.071164445951581,0.069017581641674,0.0806977599859237
1.0,qrnn_paper,paper_no_reset,mackey_1000,0.0,0.001,6.0,4.0,16.0,1.0,64.0,0.0021824254654347,0.0028045554645359,0.0359806008636951,0.0415121614933013,0.979121208190918,0.9782242178916932,27.0,1432.0,2848.26,0.0622295100241899,0.066393956542015,0.0554841682314872
1.0,qrnn_paper,paper_no_reset,mackey_1000,0.0,0.001,6.0,4.0,16.0,70.0,64.0,0.0156207121908664,0.0120513048022985,0.0932056233286857,0.0921185985207557,0.8570237755775452,0.9084547162055968,27.0,2238.0,4241.19,0.0694444109168317,0.0730379521846771,0.0851581171154975
1.0,qrnn_paper,paper_no_reset,mackey_1000,0.0,0.001,6.0,4.0,16.0,140.0,64.0,0.0371242947876453,0.0236264765262603,0.1558740139007568,0.1198576539754867,0.5806208848953247,0.8142148852348328,27.0,1642.0,2815.25,0.0353279956616461,0.0336366035044193,0.0404603257775306
1.0,qrnn_paper,paper_no_reset,mackey_1000,1.0,0.001,6.0,2.0,4.0,1.0,64.0,2.629631489980966e-05,3.5230867069913074e-05,0.0041355895809829,0.004396001342684,0.99978369474411,0.9997289180755616,29.0,3656.0,1891.92,0.0074589561205357,0.008799566887319,0.0060002044774591
1.0,qrnn_paper,paper_no_reset,mackey_1000,1.0,0.001,6.0,2.0,4.0,70.0,64.0,0.0338827818632125,0.0289282798767089,0.1386605054140091,0.1341014355421066,0.6206837296485901,0.7580111026763916,29.0,1078.0,535.91,0.0440912211520804,0.0388552919030189,0.0513750463724136
1.0,qrnn_paper,paper_no_reset,mackey_1000,1.0,0.001,6.0,2.0,4.0,140.0,64.0,0.0384947471320629,0.0432899184525013,0.1547649651765823,0.1671614944934845,0.5149580240249634,0.6149757504463196,29.0,1135.0,549.15,0.0462728433388595,0.0593442879617214,0.0467341095209121
1.0,qrnn_paper,paper_no_reset,mackey_1000,1.0,0.001,6.0,2.0,8.0,1.0,64.0,0.000184971577255,0.0004317478160373,0.011055963113904,0.0147869931533932,0.9983006715774536,0.9966678023338318,29.0,1385.0,1453.92,0.0039020931115373,0.0047589275054633,0.0028205527924001
1.0,qrnn_paper,paper_no_reset,mackey_1000,1.0,0.001,6.0,2.0,8.0,70.0,64.0,0.0289800781756639,0.0211631469428539,0.1359521001577377,0.1194683387875557,0.7071033120155334,0.8290922045707703,29.0,2267.0,2171.96,0.0276191304955217,0.025691146031022,0.0337616093456745
1.0,qrnn_paper,paper_no_reset,mackey_1000,1.0,0.001,6.0,2.0,8.0,140.0,64.0,0.0328073948621749,0.028849484398961,0.1480214893817901,0.1304291933774948,0.6289792060852051,0.7666409611701965,29.0,3463.0,3118.36,0.0457794535905122,0.048002440482378,0.0433081313967704
1.0,qrnn_paper,paper_no_reset,mackey_1000,1.0,0.001,6.0,2.0,16.0,1.0,64.0,0.0002232964470749,0.0003604408120736,0.0113169103860855,0.0138840498402714,0.9979305863380432,0.9972521066665648,29.0,2395.0,5174.66,0.0050222018267959,0.0051284781657159,0.0047431271523237
1.0,qrnn_paper,paper_no_reset,mackey_1000,1.0,0.001,6.0,2.0,16.0,70.0,64.0,0.0140455476939678,0.0120048644021153,0.088809959590435,0.0885237529873848,0.8730977773666382,0.9042957425117492,29.0,1606.0,3200.75,0.0187577232718467,0.019518107175827,0.0221977476030588
1.0,qrnn_paper,paper_no_reset,mackey_1000,1.0,0.001,6.0,2.0,16.0,140.0,64.0,0.0330696702003479,0.0233142673969268,0.1430241465568542,0.1220361515879631,0.6615096926689148,0.8255516290664673,29.0,2956.0,5472.34,0.0328512450214475,0.0364422425627708,0.0281672924757003
1.0,qrnn_paper,paper_no_reset,mackey_1000,1.0,0.001,6.0,4.0,4.0,1.0,64.0,0.0001646346063353,0.0002146692131645,0.0106048453599214,0.0119779640808701,0.9984451532363892,0.9983396530151368,27.0,2339.0,1134.09,0.0076537357643246,0.00873963534832,0.0064232125878334
1.0,qrnn_paper,paper_no_reset,mackey_1000,1.0,0.001,6.0,4.0,4.0,70.0,64.0,0.0346287637948989,0.0281438156962394,0.1418285816907882,0.131288468837738,0.6122057437896729,0.7672489285469055,27.0,949.0,420.81,0.0384210753771993,0.0338114909827709,0.042533952742815
1.0,qrnn_paper,paper_no_reset,mackey_1000,1.0,0.001,6.0,4.0,4.0,140.0,64.0,0.0394507683813571,0.0445605032145977,0.1564761102199554,0.1695299297571182,0.4904105961322784,0.6108375787734985,27.0,2321.0,1021.79,0.064186201741298,0.077467456459999,0.0721362829208374
1.0,qrnn_paper,paper_no_reset,mackey_1000,1.0,0.001,6.0,4.0,8.0,1.0,64.0,0.0001371732651023,0.0005059537943452,0.0093165040016174,0.0147194992750883,0.9986974000930786,0.9961387515068054,27.0,1865.0,1910.28,0.0139176197350025,0.0210557859390974,0.0103281466290354
1.0,qrnn_paper,paper_no_reset,mackey_1000,1.0,0.001,6.0,4.0,8.0,70.0,64.0,0.0298518277704715,0.021239148452878,0.1382674574851989,0.1218163520097732,0.690291702747345,0.829420268535614,27.0,2420.0,2152.27,0.0284778908309009,0.0268716290593147,0.0342786386609077
1.0,qrnn_paper,paper_no_reset,mackey_1000,1.0,0.001,6.0,4.0,8.0,140.0,64.0,0.0398369692265987,0.029794244095683,0.1629511415958404,0.1378635615110397,0.5246887803077698,0.7538772225379944,27.0,3200.0,2679.93,0.0443443413823843,0.0472563728690147,0.0447643026709556
1.0,qrnn_paper,paper_no_reset,mackey_1000,1.0,0.001,6.0,4.0,16.0,1.0,64.0,0.0001180915860459,0.0003682402602862,0.0090628806501626,0.0136148072779178,0.9988771080970764,0.9972299933433532,27.0,2165.0,4372.29,0.0059278846252709,0.0097749326378107,0.0033918153494596
1.0,qrnn_paper,paper_no_reset,mackey_1000,1.0,0.001,6.0,4.0,16.0,70.0,64.0,0.0191946271806955,0.0146555323153734,0.1106421500444412,0.0974049940705299,0.8228185176849365,0.8847011923789978,27.0,727.0,1375.48,0.0282306025425593,0.0292710456997156,0.0371114239096641
1.0,qrnn_paper,paper_no_reset,mackey_1000,1.0,0.001,6.0,4.0,16.0,140.0,64.0,0.0376084893941879,0.0270155780017375,0.1594753563404083,0.129409447312355,0.5681789517402649,0.7869584560394287,27.0,1244.0,2123.78,0.0542264538817107,0.0471467562019825,0.0734701678156852
1.0,qrnn_paper,paper_no_reset,mackey_1000,2.0,0.001,6.0,2.0,4.0,1.0,64.0,5.061024421593174e-05,0.0001651716447668,0.005639620590955,0.0077198282815515,0.9995309114456176,0.9987228512763976,29.0,2244.0,1157.0,0.0027772043133154,0.0039192638359963,0.0018989481031894
1.0,qrnn_paper,paper_no_reset,mackey_1000,2.0,0.001,6.0,2.0,4.0,70.0,64.0,0.0335328206419944,0.0281690806150436,0.1425820738077163,0.1323187053203582,0.6297976970672607,0.7650743722915649,29.0,1874.0,880.87,0.036504895115892,0.0313433036208152,0.0391482636332511
1.0,qrnn_paper,paper_no_reset,mackey_1000,2.0,0.001,6.0,2.0,4.0,140.0,64.0,0.037823412567377,0.0429365634918212,0.1531221717596054,0.1668873429298401,0.5204463601112366,0.6133397221565247,29.0,1236.0,604.27,0.0531297580520105,0.0656416937708854,0.0576383583247661
1.0,qrnn_paper,paper_no_reset,mackey_1000,2.0,0.001,6.0,2.0,8.0,1.0,64.0,0.0001229828631039,0.0001602307602297,0.0083632180467247,0.0085966438055038,0.9988017082214355,0.9987651109695436,29.0,1795.0,1898.39,0.0055187223479151,0.0060271532274782,0.0048574125394225
1.0,qrnn_paper,paper_no_reset,mackey_1000,2.0,0.001,6.0,2.0,8.0,70.0,64.0,0.0319876447319984,0.0222474876791238,0.141649529337883,0.1205874234437942,0.67317134141922,0.8186310529708862,29.0,640.0,628.98,0.0277618302239312,0.0249059479683637,0.035456508398056
1.0,qrnn_paper,paper_no_reset,mackey_1000,2.0,0.001,6.0,2.0,8.0,140.0,64.0,0.0361587554216384,0.0321255922317504,0.154228538274765,0.1434115469455719,0.5720498561859131,0.7246277332305908,29.0,2367.0,2051.2,0.0414638952352106,0.0430804304778575,0.0428633689880371
1.0,qrnn_paper,paper_no_reset,mackey_1000,2.0,0.001,6.0,2.0,16.0,1.0,64.0,0.0001831096305977,0.0007020772318355,0.0108519038185477,0.0170831177383661,0.9982322454452516,0.9946843385696412,29.0,1005.0,2294.63,0.0023734326590783,0.0045831995084881,0.0013942390214651
1.0,qrnn_paper,paper_no_reset,mackey_1000,2.0,0.001,6.0,2.0,16.0,70.0,64.0,0.0149032231420278,0.0123593192547559,0.0918124988675117,0.0891274288296699,0.8641457557678223,0.9006270170211792,29.0,1831.0,3627.09,0.029141588964396,0.0307310558855533,0.0336595848202705
1.0,qrnn_paper,paper_no_reset,mackey_1000,2.0,0.001,6.0,2.0,16.0,140.0,64.0,0.0354044362902641,0.0215647332370281,0.1523678749799728,0.1180890575051307,0.6161224246025085,0.8321080803871155,29.0,1792.0,3417.64,0.0408219052478671,0.040226262062788,0.0444710366427898
1.0,qrnn_paper,paper_no_reset,mackey_1000,2.0,0.001,6.0,4.0,4.0,1.0,64.0,4.918456033919938e-05,8.673625416122377e-05,0.0058139814063906,0.0068330862559378,0.9995394945144652,0.9993338584899902,27.0,3918.0,1863.11,0.0074389226268976,0.0095033776015043,0.005333243869245
1.0,qrnn_paper,paper_no_reset,mackey_1000,2.0,0.001,6.0,4.0,4.0,70.0,64.0,0.03550561144948,0.0282775312662124,0.1437691301107406,0.1328319907188415,0.6036415100097656,0.7651163935661316,27.0,804.0,351.41,0.0379631769739919,0.0332160890102386,0.0411470718681812
1.0,qrnn_paper,paper_no_reset,mackey_1000,2.0,0.001,6.0,4.0,4.0,140.0,64.0,0.0371531657874584,0.0430640764534473,0.1537839770317077,0.1685733944177627,0.5290549993515015,0.6097024083137512,27.0,788.0,345.12,0.0512429888767655,0.0634185075759887,0.0538438484072685
1.0,qrnn_paper,paper_no_reset,mackey_1000,2.0,0.001,6.0,4.0,8.0,1.0,64.0,8.953598444350064e-05,0.0001409589895047,0.0072833513841032,0.0082233529537916,0.999171793460846,0.998914361000061,27.0,4932.0,4947.72,0.0295605026185512,0.033794566988945,0.0233977027237415
1.0,qrnn_paper,paper_no_reset,mackey_1000,2.0,0.001,6.0,4.0,8.0,70.0,64.0,0.0353291593492031,0.0246984120458364,0.1449668854475021,0.1299387365579605,0.6096664071083069,0.7998330593109131,27.0,794.0,712.95,0.0310493517253134,0.0276953522115945,0.0360113978385925
1.0,qrnn_paper,paper_no_reset,mackey_1000,2.0,0.001,6.0,4.0,8.0,140.0,64.0,0.0363875590264797,0.0393911264836788,0.1569680571556091,0.163994625210762,0.5477295517921448,0.6443080902099609,27.0,1408.0,1144.93,0.0563995405100286,0.0585126318037509,0.0597176402807235
1.0,qrnn_paper,paper_no_reset,mackey_1000,2.0,0.001,6.0,4.0,16.0,1.0,64.0,9.984993084799498e-05,0.000354842224624,0.0079247551038861,0.0125021040439605,0.9990424513816832,0.997270405292511,27.0,1351.0,2751.5,0.0258664556778967,0.0312585942447185,0.0218261610716581
1.0,qrnn_paper,paper_no_reset,mackey_1000,2.0,0.001,6.0,4.0,16.0,70.0,64.0,0.0206541456282138,0.0147441616281867,0.1106578707695007,0.0996964275836944,0.8129937052726746,0.8834141492843628,27.0,2439.0,4666.12,0.0305221987267335,0.0292989648878574,0.0372756198048591
1.0,qrnn_paper,paper_no_reset,mackey_1000,2.0,0.001,6.0,4.0,16.0,140.0,64.0,0.0361789688467979,0.0236864853650331,0.1495541185140609,0.127134770154953,0.6049966216087341,0.812179446220398,27.0,1585.0,2696.22,0.0347441527992486,0.0308302585035562,0.0405337698757648
1.0,qrnn_paper,paper_no_reset,mackey_1000,3.0,0.001,6.0,2.0,4.0,1.0,64.0,9.82793153525563e-06,4.0285533032147214e-05,0.0024317952338606,0.0034013432450592,0.9999112486839294,0.9996890425682068,29.0,4368.0,2236.39,0.0055895669851452,0.0060224616900086,0.0048640761524438
1.0,qrnn_paper,paper_no_reset,mackey_1000,3.0,0.001,6.0,2.0,4.0,70.0,64.0,0.0328947976231575,0.0257454644888639,0.1412580907344818,0.1261807680130005,0.6474263072013855,0.7893668413162231,29.0,3554.0,1674.91,0.0323927785373396,0.0303389523178339,0.0343496687710285
1.0,qrnn_paper,paper_no_reset,mackey_1000,3.0,0.001,6.0,2.0,4.0,140.0,64.0,0.0404738970100879,0.0444102883338928,0.1569699347019195,0.1689992100000381,0.4714651107788086,0.6013687252998352,29.0,1264.0,590.91,0.0527859811878038,0.0659593343734741,0.0556802898645401
1.0,qrnn_paper,paper_no_reset,mackey_1000,3.0,0.001,6.0,2.0,8.0,1.0,64.0,4.777591675519943e-05,0.0001771741663105,0.0055637080222368,0.0081830630078911,0.999535322189331,0.9986354112625122,29.0,4101.0,4275.05,0.0097868612036108,0.0151976635679602,0.0071068205870687
1.0,qrnn_paper,paper_no_reset,mackey_1000,3.0,0.001,6.0,2.0,8.0,70.0,64.0,0.0241898540407419,0.0196652691811323,0.1210241168737411,0.1134177669882774,0.75126713514328,0.8435348868370056,29.0,2126.0,1988.89,0.0338268623583846,0.0308019109070301,0.0389311462640762
1.0,qrnn_paper,paper_no_reset,mackey_1000,3.0,0.001,6.0,2.0,8.0,140.0,64.0,0.0358592346310615,0.0298497881740331,0.1531179547309875,0.1388203054666519,0.591597318649292,0.7576879858970642,29.0,3004.0,2629.32,0.0402659964747726,0.0417618863284587,0.0381848365068435
1.0,qrnn_paper,paper_no_reset,mackey_1000,3.0,0.001,6.0,2.0,16.0,1.0,64.0,0.0002426607243251,0.0004700518038589,0.0130653623491525,0.0158380530774593,0.997741162776947,0.996404230594635,29.0,1224.0,2554.67,0.0025646831374615,0.0041039180941879,0.0020317526068538
1.0,qrnn_paper,paper_no_reset,mackey_1000,3.0,0.001,6.0,2.0,16.0,70.0,64.0,0.0159614235162735,0.0106872133910655,0.0943818315863609,0.0786109119653701,0.854429304599762,0.915041208267212,29.0,3512.0,7221.64,0.0267109848144981,0.0257855355739593,0.0350972600281238
1.0,qrnn_paper,paper_no_reset,mackey_1000,3.0,0.001,6.0,2.0,16.0,140.0,64.0,0.0358480140566825,0.023919329047203,0.1455313712358474,0.1205168962478637,0.6200863718986511,0.8063843846321106,29.0,1728.0,3127.67,0.0377578439656645,0.0373728685081005,0.0479140467941761
1.0,qrnn_paper,paper_no_reset,mackey_1000,3.0,0.001,6.0,4.0,4.0,1.0,64.0,0.0004825671494472,0.0005115116946399,0.0184384286403656,0.0186766944825649,0.9955450892448424,0.9961057305336,27.0,2960.0,1442.78,0.0041541971033439,0.0043330960907042,0.0034463079646229
1.0,qrnn_paper,paper_no_reset,mackey_1000,3.0,0.001,6.0,4.0,4.0,70.0,64.0,0.034117292612791,0.0286049488931894,0.138213962316513,0.1349060088396072,0.619647204875946,0.760618269443512,27.0,1821.0,800.58,0.0379471619509988,0.0335705168545246,0.0403387248516082
1.0,qrnn_paper,paper_no_reset,mackey_1000,3.0,0.001,6.0,4.0,4.0,140.0,64.0,0.0393967628479003,0.043609146028757,0.1593676805496215,0.16762076318264,0.4851080179214477,0.6042718291282654,27.0,864.0,381.49,0.0451638033717042,0.0558757185935974,0.0458617471158504
1.0,qrnn_paper,paper_no_reset,mackey_1000,3.0,0.001,6.0,4.0,8.0,1.0,64.0,0.0005434209597297,0.0011538323014974,0.0196378286927938,0.0261234082281589,0.9949875473976136,0.9910852313041688,27.0,956.0,991.81,0.0166299334727227,0.0243575014173984,0.0125753702595829
1.0,qrnn_paper,paper_no_reset,mackey_1000,3.0,0.001,6.0,4.0,8.0,70.0,64.0,0.0358428657054901,0.0245148781687021,0.1462458074092865,0.126480370759964,0.6146636009216309,0.7993103265762329,27.0,1053.0,976.94,0.0367758019516865,0.0316285006701946,0.0433594174683094
1.0,qrnn_paper,paper_no_reset,mackey_1000,3.0,0.001,6.0,4.0,8.0,140.0,64.0,0.0386245623230934,0.0303982477635145,0.1600464284420013,0.1413795500993728,0.533912718296051,0.7445524334907532,27.0,2560.0,2184.29,0.0504755284637212,0.0524984188377857,0.0486832112073898
1.0,qrnn_paper,paper_no_reset,mackey_1000,3.0,0.001,6.0,4.0,16.0,1.0,64.0,0.0006708843866363,0.0023736883886158,0.0202860590070486,0.0313621275126934,0.9936484098434448,0.9823827147483826,27.0,1089.0,2163.4,0.0083278928883373,0.0174253173172473,0.006601586472243
1.0,qrnn_paper,paper_no_reset,mackey_1000,3.0,0.001,6.0,4.0,16.0,70.0,64.0,0.0209249388426542,0.0165338441729545,0.1124000996351242,0.1057792827486991,0.8141897916793823,0.8661644458770752,27.0,1434.0,2741.81,0.025216588543521,0.0257204733788967,0.0325741246342659
1.0,qrnn_paper,paper_no_reset,mackey_1000,3.0,0.001,6.0,4.0,16.0,140.0,64.0,0.0326199121773242,0.0223667006939649,0.1439710855484008,0.1198338717222213,0.639618992805481,0.8210439085960388,27.0,2227.0,3722.03,0.0450373725034296,0.0422766543924808,0.0467657223343849
1.0,qrnn_paper,paper_no_reset,mackey_1000,4.0,0.001,6.0,2.0,4.0,1.0,64.0,2.6467123461770825e-05,9.207455877913162e-05,0.0040433779358863,0.0053499746136367,0.999750554561615,0.9992899894714355,29.0,3203.0,1647.82,0.0056197575759142,0.005920470226556,0.0047573898918926
1.0,qrnn_paper,paper_no_reset,mackey_1000,4.0,0.001,6.0,2.0,4.0,70.0,64.0,0.0361888073384761,0.0278091877698898,0.1447272300720214,0.1315879374742508,0.6047801375389099,0.7675518989562988,29.0,1209.0,568.01,0.0367933153692218,0.0335523039102554,0.0384060963988304
1.0,qrnn_paper,paper_no_reset,mackey_1000,4.0,0.001,6.0,2.0,4.0,140.0,64.0,0.0386162772774696,0.0462811812758445,0.1580827087163925,0.1724064797163009,0.5007128119468689,0.5671862959861755,29.0,1087.0,497.68,0.0520597369306617,0.0613600201904773,0.0503449887037277
1.0,qrnn_paper,paper_no_reset,mackey_1000,4.0,0.001,6.0,2.0,8.0,1.0,64.0,0.0002338230842724,0.0003760237304959,0.011928766965866,0.0143230222165584,0.9977962374687196,0.9970991015434264,29.0,2505.0,2607.44,0.0139847827143967,0.0216564089059829,0.0088665122166275
1.0,qrnn_paper,paper_no_reset,mackey_1000,4.0,0.001,6.0,2.0,8.0,70.0,64.0,0.0283548384904861,0.0200454462319612,0.1314900517463684,0.1147866174578666,0.7065746784210205,0.8385278582572937,29.0,1190.0,1188.63,0.0295932297077443,0.0274918619543313,0.0360490754246711
1.0,qrnn_paper,paper_no_reset,mackey_1000,4.0,0.001,6.0,2.0,8.0,140.0,64.0,0.0343604832887649,0.0295046977698802,0.147658497095108,0.1376862227916717,0.6090943217277527,0.7708097696304321,29.0,4669.0,4083.77,0.0459024826996028,0.0507458001375198,0.0490767769515514
1.0,qrnn_paper,paper_no_reset,mackey_1000,4.0,0.001,6.0,2.0,16.0,1.0,64.0,0.0002011261967709,0.0006256374763324,0.0112756183370947,0.0171152856200933,0.9980872273445128,0.99517560005188,29.0,2682.0,5949.78,0.0038177890470251,0.0084433509036898,0.002759656868875
1.0,qrnn_paper,paper_no_reset,mackey_1000,4.0,0.001,6.0,2.0,16.0,70.0,64.0,0.0189941860735416,0.011858744546771,0.1036357581615448,0.0917378589510917,0.8231093883514404,0.9118485450744628,29.0,1302.0,2667.23,0.021576105720467,0.0248074941337108,0.0287292841821908
1.0,qrnn_paper,paper_no_reset,mackey_1000,4.0,0.001,6.0,2.0,16.0,140.0,64.0,0.030820420011878,0.0212575495243072,0.142118215560913,0.1130225732922554,0.6575568318367004,0.8312005400657654,29.0,1529.0,2711.84,0.0336262704804539,0.0313507057726383,0.0400236546993255
1.0,qrnn_paper,paper_no_reset,mackey_1000,4.0,0.001,6.0,4.0,4.0,1.0,64.0,0.0001654106745263,0.0002155976544599,0.0104805137962102,0.0116775026544928,0.9984090328216552,0.9983336925506592,27.0,3463.0,1662.93,0.0082908648066222,0.0088364714756608,0.0070531731471419
1.0,qrnn_paper,paper_no_reset,mackey_1000,4.0,0.001,6.0,4.0,4.0,70.0,64.0,0.0359500423073768,0.02855721488595,0.1425863653421402,0.1306885182857513,0.6047413945198059,0.7626470327377319,27.0,1412.0,639.3,0.0360460028880172,0.0325131192803382,0.0375549159944057
1.0,qrnn_paper,paper_no_reset,mackey_1000,4.0,0.001,6.0,4.0,4.0,140.0,64.0,0.0379378423094749,0.0444794297218322,0.1549246311187744,0.1699251532554626,0.5181676149368286,0.5945078134536743,27.0,1605.0,703.88,0.0585497315559122,0.0669841766357421,0.0594163313508033
1.0,qrnn_paper,paper_no_reset,mackey_1000,4.0,0.001,6.0,4.0,8.0,1.0,64.0,0.0001273699454031,0.0002265550283482,0.0087316567078232,0.0107184816151857,0.9987696409225464,0.9982609748840332,27.0,2095.0,2092.61,0.0063591146375983,0.0069557819515466,0.0053535453043878
1.0,qrnn_paper,paper_no_reset,mackey_1000,4.0,0.001,6.0,4.0,8.0,70.0,64.0,0.036264456808567,0.0263384580612182,0.1418793797492981,0.1313499361276626,0.5992929935455322,0.7820229530334473,27.0,418.0,368.63,0.0298681619266668,0.0270033031702041,0.0370399542152881
1.0,qrnn_paper,paper_no_reset,mackey_1000,4.0,0.001,6.0,4.0,8.0,140.0,64.0,0.035909105092287,0.0388159938156604,0.1562899798154831,0.1595030575990677,0.5614610910415649,0.6563441157341003,27.0,1365.0,1126.68,0.0593511560000479,0.0574422515928745,0.0652346611022949
1.0,qrnn_paper,paper_no_reset,mackey_1000,4.0,0.001,6.0,4.0,16.0,1.0,64.0,0.000178329530172,0.0003861811128444,0.0105189708992838,0.0140231708064675,0.9983097314834596,0.997024655342102,27.0,2522.0,5086.59,0.0065435627009719,0.0072168600745499,0.0050501911900937
1.0,qrnn_paper,paper_no_reset,mackey_1000,4.0,0.001,6.0,4.0,16.0,70.0,64.0,0.0335403233766555,0.0209587551653385,0.1419525295495987,0.1193963214755058,0.6453227996826172,0.8281647562980652,27.0,755.0,1448.81,0.0284760074896944,0.0301220249384641,0.0339365117251873
1.0,qrnn_paper,paper_no_reset,mackey_1000,4.0,0.001,6.0,4.0,16.0,140.0,64.0,0.0363161787390708,0.0254615191370248,0.1534811854362487,0.1292001903057098,0.5830654501914978,0.7942683696746826,27.0,1422.0,2450.35,0.0385669730603694,0.0354895330965518,0.0432596988976001
1.0,qrnn_paper,paper_no_reset,mackey_1000,5.0,0.001,6.0,2.0,4.0,1.0,64.0,2.0614312234101817e-05,5.13230734213721e-05,0.0033844166900962,0.0046546370722353,0.9998152256011964,0.9996033906936646,29.0,2927.0,1489.82,0.0033224419457837,0.0041213012300431,0.0025917738676071
1.0,qrnn_paper,paper_no_reset,mackey_1000,5.0,0.001,6.0,2.0,4.0,70.0,64.0,0.0356937274336814,0.0284817516803741,0.1462876051664352,0.1322130709886551,0.6124877333641052,0.7612660527229309,29.0,838.0,396.46,0.0360632573978768,0.0311722978949546,0.0375650636851787
1.0,qrnn_paper,paper_no_reset,mackey_1000,5.0,0.001,6.0,2.0,4.0,140.0,64.0,0.0374895185232162,0.0437142364680767,0.1529968082904815,0.167290598154068,0.5243018865585327,0.6101771593093872,29.0,1400.0,652.11,0.0560590405431058,0.0580227710306644,0.0476174913346767
1.0,qrnn_paper,paper_no_reset,mackey_1000,5.0,0.001,6.0,2.0,8.0,1.0,64.0,0.0001368247030768,0.0003714002668857,0.0092359157279133,0.0128528177738189,0.9987955689430236,0.99713933467865,29.0,1140.0,1216.31,0.0050720988772809,0.0071754679083824,0.0037452701944857
1.0,qrnn_paper,paper_no_reset,mackey_1000,5.0,0.001,6.0,2.0,8.0,70.0,64.0,0.0316448025405406,0.0227944366633892,0.1357879787683487,0.1221765205264091,0.6813111305236816,0.8150168657302856,29.0,1651.0,1567.95,0.0286836293008592,0.0260324999690055,0.033701092004776
1.0,qrnn_paper,paper_no_reset,mackey_1000,5.0,0.001,6.0,2.0,8.0,140.0,64.0,0.0357594341039657,0.0309323873370885,0.1565474569797516,0.1445700228214264,0.5810125470161438,0.7427986264228821,29.0,3892.0,3295.3,0.0561373769305646,0.0529891178011894,0.0611620284616947
1.0,qrnn_paper,paper_no_reset,mackey_1000,5.0,0.001,6.0,2.0,16.0,1.0,64.0,0.000368113949662,0.0005896525108255,0.0144813386723399,0.0172362569719553,0.9966707229614258,0.9954866766929626,29.0,2204.0,4984.84,0.0023853672435507,0.0032117085065692,0.0017078932141885
1.0,qrnn_paper,paper_no_reset,mackey_1000,5.0,0.001,6.0,2.0,16.0,70.0,64.0,0.0186327006667852,0.0147772068157792,0.1071362420916557,0.0992703586816787,0.8242164850234985,0.8815978169441223,29.0,1587.0,3300.16,0.021045697439048,0.0200399905443191,0.0281470771878957
1.0,qrnn_paper,paper_no_reset,mackey_1000,5.0,0.001,6.0,2.0,16.0,140.0,64.0,0.0339726209640502,0.0217406768351793,0.1456129252910614,0.1232094839215278,0.6546485424041748,0.8444731831550598,29.0,1845.0,3175.54,0.0372446947731077,0.0394128412008285,0.0318517833948135
1.0,qrnn_paper,paper_no_reset,mackey_1000,5.0,0.001,6.0,4.0,4.0,1.0,64.0,3.406771429581568e-05,6.269838922889903e-05,0.004604869056493,0.0057647214271128,0.9996880292892456,0.999515950679779,27.0,5143.0,2545.5,0.0079423431772738,0.0091135166585445,0.006612398661673
1.0,qrnn_paper,paper_no_reset,mackey_1000,5.0,0.001,6.0,4.0,4.0,70.0,64.0,0.0352966114878654,0.0279683526605367,0.1449004560708999,0.1307844370603561,0.6161028742790222,0.7667915225028992,27.0,1249.0,573.32,0.0430567496352725,0.0377940498292446,0.0497909523546695
1.0,qrnn_paper,paper_no_reset,mackey_1000,5.0,0.001,6.0,4.0,4.0,140.0,64.0,0.0372063294053077,0.0447431094944477,0.1525333821773529,0.1706831157207489,0.5301845669746399,0.5968124866485596,27.0,1659.0,725.8,0.0603473737008041,0.0603691115975379,0.0541189759969711
1.0,qrnn_paper,paper_no_reset,mackey_1000,5.0,0.001,6.0,4.0,8.0,1.0,64.0,0.0001484416279708,0.0004391412076074,0.0098451850935816,0.0128559004515409,0.9987578988075256,0.996704876422882,27.0,4339.0,4407.66,0.0094483999535441,0.0139692435041069,0.0079026715829968
1.0,qrnn_paper,paper_no_reset,mackey_1000,5.0,0.001,6.0,4.0,8.0,70.0,64.0,0.0305303204804658,0.021683532744646,0.1406360119581222,0.1219736263155937,0.6862010359764099,0.8281869888305664,27.0,1699.0,1568.29,0.0332891636838515,0.0307969376444816,0.0392070300877094
1.0,qrnn_paper,paper_no_reset,mackey_1000,5.0,0.001,6.0,4.0,8.0,140.0,64.0,0.0383832529187202,0.0361394360661506,0.1585567891597747,0.1564108431339264,0.5207582116127014,0.6862757205963135,27.0,1856.0,1512.27,0.0433581848628819,0.0445170104503631,0.0410886667668819
1.0,qrnn_paper,paper_no_reset,mackey_1000,5.0,0.001,6.0,4.0,16.0,1.0,64.0,0.0003054286062251,0.0007811725954525,0.0139950588345527,0.0194784291088581,0.9970315098762512,0.99417644739151,27.0,1440.0,2936.95,0.0181269475258886,0.0278880205005407,0.0133448038250207
1.0,qrnn_paper,paper_no_reset,mackey_1000,5.0,0.001,6.0,4.0,16.0,70.0,64.0,0.0225281193852424,0.0159669630229473,0.1106324344873428,0.0992992296814918,0.7897925972938538,0.8751093745231628,27.0,1099.0,2140.63,0.0236139725893735,0.0249531511217355,0.0316958390176296
1.0,qrnn_paper,paper_no_reset,mackey_1000,5.0,0.001,6.0,4.0,16.0,140.0,64.0,0.0343919955193996,0.0224015954881906,0.1494466364383697,0.1169890537858009,0.6436751484870911,0.8320151567459106,27.0,1813.0,3034.26,0.0343320993706584,0.0363381132483482,0.0317851342260837
1.0,qrnn_paper,paper_no_reset,mackey_1000,6.0,0.001,6.0,2.0,4.0,1.0,64.0,1.875549241958652e-05,4.1819825128186494e-05,0.0035105550196021,0.0045626498758792,0.999821662902832,0.9996768832206726,29.0,4836.0,2599.74,0.0078069083858281,0.0082458639517426,0.0063534309156239
1.0,qrnn_paper,paper_no_reset,mackey_1000,6.0,0.001,6.0,2.0,4.0,70.0,64.0,0.0339345559477806,0.0278097260743379,0.1427395045757293,0.132498100399971,0.6276293992996216,0.7688708901405334,29.0,1662.0,797.97,0.0391210342446963,0.0333271957933902,0.0422060899436473
1.0,qrnn_paper,paper_no_reset,mackey_1000,6.0,0.001,6.0,2.0,4.0,140.0,64.0,0.0387284271419048,0.0442184582352638,0.1560672521591186,0.1679830998182296,0.5023240447044373,0.5961461663246155,29.0,1216.0,572.89,0.0461675975885656,0.0563736297190189,0.0487033501267433
1.0,qrnn_paper,paper_no_reset,mackey_1000,6.0,0.001,6.0,2.0,8.0,1.0,64.0,0.0001479527563787,0.0003747214504983,0.0095819197595119,0.0125610716640949,0.9986445903778076,0.9971153140068054,29.0,1605.0,1650.09,0.0119091221131384,0.0134921167045831,0.0093867480754852
1.0,qrnn_paper,paper_no_reset,mackey_1000,6.0,0.001,6.0,2.0,8.0,70.0,64.0,0.03018768876791,0.021376471966505,0.133436694741249,0.1159185022115707,0.6854104399681091,0.8263513445854187,29.0,1402.0,1366.87,0.0304935021946827,0.0283162388950586,0.0362961180508136
1.0,qrnn_paper,paper_no_reset,mackey_1000,6.0,0.001,6.0,2.0,8.0,140.0,64.0,0.0359780378639698,0.0275731794536113,0.1537287682294845,0.1320086121559143,0.5833643674850464,0.7824262976646423,29.0,3166.0,2751.47,0.0592616815119981,0.0586559809744358,0.058846790343523
1.0,qrnn_paper,paper_no_reset,mackey_1000,6.0,0.001,6.0,2.0,16.0,1.0,64.0,0.0002792817540466,0.0004419033066369,0.0132644670084118,0.0169002655893564,0.997475564479828,0.996628761291504,29.0,2191.0,4883.55,0.0056622216943651,0.007800115738064,0.0036191141698509
1.0,qrnn_paper,paper_no_reset,mackey_1000,6.0,0.001,6.0,2.0,16.0,70.0,64.0,0.0139072267338633,0.0117477877065539,0.0951495319604873,0.0875826030969619,0.8655186891555786,0.9100381731987,29.0,1021.0,2000.64,0.0198915679421689,0.0192295163869857,0.0235846731811761
1.0,qrnn_paper,paper_no_reset,mackey_1000,6.0,0.001,6.0,2.0,16.0,140.0,64.0,0.0343705676496028,0.0236039068549871,0.1498662531375885,0.1268593817949295,0.631377637386322,0.8273122310638428,29.0,811.0,1467.27,0.0336280190385878,0.0335708372294902,0.034788429737091
1.0,qrnn_paper,paper_no_reset,mackey_1000,6.0,0.001,6.0,4.0,4.0,1.0,64.0,0.0002135801041731,0.0004793996340595,0.0120318057015538,0.0141652170568704,0.997969686985016,0.9963178038597108,27.0,2360.0,1116.64,0.0130492028780281,0.0145820081233978,0.0105507867410779
1.0,qrnn_paper,paper_no_reset,mackey_1000,6.0,0.001,6.0,4.0,4.0,70.0,64.0,0.0351586863398551,0.0303731486201286,0.140982836484909,0.1388450860977172,0.6050254702568054,0.7466632127761841,27.0,983.0,434.72,0.0440319553017616,0.0390464588999748,0.0472362525761127
1.0,qrnn_paper,paper_no_reset,mackey_1000,6.0,0.001,6.0,4.0,4.0,140.0,64.0,0.0400756783783435,0.0423000752925872,0.1558933407068252,0.1640526205301284,0.4776780903339386,0.6219687461853027,27.0,841.0,362.98,0.0484236039014326,0.0584524273872375,0.0506834425032138
1.0,qrnn_paper,paper_no_reset,mackey_1000,6.0,0.001,6.0,4.0,8.0,1.0,64.0,7.329010986723006e-05,0.0001631081686355,0.0063117784447968,0.0081739583984017,0.999369740486145,0.9987500309944152,27.0,1673.0,1711.18,0.0185057683847844,0.026953937485814,0.0106223104521632
1.0,qrnn_paper,paper_no_reset,mackey_1000,6.0,0.001,6.0,4.0,8.0,70.0,64.0,0.0280412007123231,0.0227737948298454,0.1336254924535751,0.1240320801734924,0.7091885209083557,0.8132154941558838,27.0,1699.0,1484.62,0.0414425736914078,0.0348125360906124,0.046600479632616
1.0,qrnn_paper,paper_no_reset,mackey_1000,6.0,0.001,6.0,4.0,8.0,140.0,64.0,0.0366886220872402,0.0318345725536346,0.1578637957572937,0.142939418554306,0.55718594789505,0.7402845621109009,27.0,3396.0,2749.62,0.0493618482723832,0.0478467307984828,0.0509062968194484
1.0,qrnn_paper,paper_no_reset,mackey_1000,6.0,0.001,6.0,4.0,16.0,1.0,64.0,0.000253308477113,0.0005627973587252,0.0128421001136302,0.0182040408253669,0.9977087378501892,0.9956631660461426,27.0,1186.0,2500.31,0.0086155576165765,0.0137466778978705,0.0063458909280598
1.0,qrnn_paper,paper_no_reset,mackey_1000,6.0,0.001,6.0,4.0,16.0,70.0,64.0,0.0175555385649204,0.0143367499113082,0.108763001859188,0.1019890904426574,0.8407134413719177,0.8906053304672241,27.0,2146.0,3970.52,0.0520961677862538,0.0508250929415226,0.0540217086672782
1.0,qrnn_paper,paper_no_reset,mackey_1000,6.0,0.001,6.0,4.0,16.0,140.0,64.0,0.0382752045989036,0.0253015104681253,0.1612797230482101,0.1251905113458633,0.5723800659179688,0.7977241277694702,27.0,699.0,1197.48,0.0328384249005466,0.0318308845162391,0.035794410854578
1.0,qrnn_paper,paper_no_reset,mackey_1000,7.0,0.001,6.0,2.0,4.0,1.0,64.0,2.573279562056996e-05,8.003736002137884e-05,0.0038396818563342,0.0051773590967059,0.999769389629364,0.999381184577942,29.0,2221.0,1164.38,0.0046803611796349,0.0049816593527793,0.0040046931244432
1.0,qrnn_paper,paper_no_reset,mackey_1000,7.0,0.001,6.0,2.0,4.0,70.0,64.0,0.0349704436957836,0.0276368055492639,0.1456900686025619,0.1305728554725647,0.6160712838172913,0.7707511782646179,29.0,1987.0,950.56,0.0326897735810942,0.0301623959094285,0.034696739166975
1.0,qrnn_paper,paper_no_reset,mackey_1000,7.0,0.001,6.0,2.0,4.0,140.0,64.0,0.0373870842158794,0.0447204783558845,0.1575091332197189,0.1691350936889648,0.5211533904075623,0.5892760157585144,29.0,900.0,445.16,0.051537321259578,0.0570014826953411,0.046062059700489
1.0,qrnn_paper,paper_no_reset,mackey_1000,7.0,0.001,6.0,2.0,8.0,1.0,64.0,0.0004857395251747,0.0005193529068492,0.0173618365079164,0.018026178702712,0.995275616645813,0.996003031730652,29.0,2142.0,2188.59,0.0042005841387435,0.0060669700615108,0.0034220472443848
1.0,qrnn_paper,paper_no_reset,mackey_1000,7.0,0.001,6.0,2.0,8.0,70.0,64.0,0.0306876134127378,0.0239860955625772,0.1378103494644165,0.1272009164094925,0.6780199408531189,0.8020873069763184,29.0,981.0,953.56,0.0291617734150754,0.028044156730175,0.0348154343664646
1.0,qrnn_paper,paper_no_reset,mackey_1000,7.0,0.001,6.0,2.0,8.0,140.0,64.0,0.0365965105593204,0.0304122176021337,0.1564785987138748,0.1418887376785278,0.5740223526954651,0.7564718127250671,29.0,2066.0,1761.61,0.0415209387429058,0.0420973040163517,0.0384626500308513
1.0,qrnn_paper,paper_no_reset,mackey_1000,7.0,0.001,6.0,2.0,16.0,1.0,64.0,0.0003271289460826,0.0005870491149835,0.0144523549824953,0.0179133005440235,0.9968591928482056,0.9955575466156006,29.0,1364.0,2986.02,0.0036105576436966,0.0060273092240095,0.0022247701417654
1.0,qrnn_paper,paper_no_reset,mackey_1000,7.0,0.001,6.0,2.0,16.0,70.0,64.0,0.0173405818641185,0.0126257166266441,0.1048763915896415,0.0943335518240928,0.8363037705421448,0.900002121925354,29.0,1234.0,2503.5,0.0268659421967135,0.0279422346502542,0.0321033000946044
1.0,qrnn_paper,paper_no_reset,mackey_1000,7.0,0.001,6.0,2.0,16.0,140.0,64.0,0.0357100144028663,0.0238545723259449,0.1501445919275283,0.1277274340391159,0.6224231123924255,0.8213697075843811,29.0,759.0,1362.01,0.0307040200568735,0.0283011030405759,0.0385725311934948
1.0,qrnn_paper,paper_no_reset,mackey_1000,7.0,0.001,6.0,4.0,4.0,1.0,64.0,3.014382309629582e-05,6.552057311637327e-05,0.0041970708407461,0.0050731287337839,0.9997234344482422,0.9994983077049256,27.0,3813.0,1890.55,0.0087554487399756,0.0117964074015617,0.0065163397230207
1.0,qrnn_paper,paper_no_reset,mackey_1000,7.0,0.001,6.0,4.0,4.0,70.0,64.0,0.0349532142281532,0.0304989144206047,0.1386568248271942,0.1405921578407287,0.6054440140724182,0.7431831359863281,27.0,781.0,340.33,0.0369731073992119,0.034258633852005,0.0390982404351234
1.0,qrnn_paper,paper_no_reset,mackey_1000,7.0,0.001,6.0,4.0,4.0,140.0,64.0,0.0388409011065959,0.0468994118273258,0.1627222746610641,0.172883078455925,0.495506078004837,0.558282732963562,27.0,1407.0,605.97,0.0763922308882077,0.0894631370902061,0.0774124637246131
1.0,qrnn_paper,paper_no_reset,mackey_1000,7.0,0.001,6.0,4.0,8.0,1.0,64.0,6.91199820721522e-05,0.0001218103789142,0.0067391521297395,0.0084165465086698,0.9994008541107178,0.9990748167037964,27.0,3919.0,3765.39,0.0053826628951355,0.0083475410938262,0.0039473911747336
1.0,qrnn_paper,paper_no_reset,mackey_1000,7.0,0.001,6.0,4.0,8.0,70.0,64.0,0.0345875956118106,0.0243699084967374,0.1478429734706878,0.1280791014432907,0.6342576742172241,0.7999686598777771,27.0,1223.0,1104.36,0.0299961266832219,0.027759525924921,0.0343572720885276
1.0,qrnn_paper,paper_no_reset,mackey_1000,7.0,0.001,6.0,4.0,8.0,140.0,64.0,0.0344642885029315,0.0307609811425209,0.153128296136856,0.1438178122043609,0.5825086236000061,0.7471489906311035,27.0,6692.0,5448.03,0.047041380777955,0.0484089739620685,0.0441750735044479
1.0,qrnn_paper,paper_no_reset,mackey_1000,7.0,0.001,6.0,4.0,16.0,1.0,64.0,0.0003574424481485,0.0006669987924396,0.0155612947419285,0.0193798691034317,0.99700665473938,0.9949480891227722,27.0,2075.0,4284.54,0.0271236282773315,0.0473022349178791,0.0188572853803634
1.0,qrnn_paper,paper_no_reset,mackey_1000,7.0,0.001,6.0,4.0,16.0,70.0,64.0,0.0159965492784976,0.0159852467477321,0.1046520471572876,0.1078630685806274,0.843935489654541,0.8738608360290527,27.0,1578.0,2882.09,0.0227737936915622,0.0226790960878133,0.0295094922184944
1.0,qrnn_paper,paper_no_reset,mackey_1000,7.0,0.001,6.0,4.0,16.0,140.0,64.0,0.0359607450664043,0.0218911599367856,0.1505344659090042,0.1167770326137542,0.6095377206802368,0.8308416604995728,27.0,2348.0,3941.73,0.0357089573517441,0.0359860695898532,0.0354770757257938
1.0,qrnn_paper,paper_no_reset,mackey_1000,8.0,0.001,6.0,2.0,4.0,1.0,64.0,1.1588494999159591e-05,3.3059266570489854e-05,0.0025634926278144,0.0034774136729538,0.99989253282547,0.999745786190033,29.0,4376.0,2266.77,0.0092363945208489,0.0098733222112059,0.0076409690082073
1.0,qrnn_paper,paper_no_reset,mackey_1000,8.0,0.001,6.0,2.0,4.0,70.0,64.0,0.0346571132540702,0.0279528237879276,0.144524484872818,0.1306674033403396,0.6208006739616394,0.7672311067581177,29.0,1184.0,562.22,0.0395217241926325,0.0344977267086505,0.0430696345865726
1.0,qrnn_paper,paper_no_reset,mackey_1000,8.0,0.001,6.0,2.0,4.0,140.0,64.0,0.0385014750063419,0.0453323610126972,0.1582657843828201,0.170372873544693,0.5006904006004333,0.5844910144805908,29.0,1380.0,650.36,0.0691613236235247,0.0676898881793022,0.0557717941701412
1.0,qrnn_paper,paper_no_reset,mackey_1000,8.0,0.001,6.0,2.0,8.0,1.0,64.0,0.0001332680258201,0.0001950040023075,0.0086538074538111,0.0108776139095425,0.9987885355949402,0.998542308807373,29.0,1897.0,1996.84,0.0123103933408856,0.0129635985940694,0.010187953710556
,,,,,,,,,,,,,,,,,,,,,,
,,,,,,,,,,,,,,,,,,,,,,
,,,,,,,,,,,,,,,,,,,,,,
,,,,,,,,,,,,,,,,,,,,,,
,,,,,,,,,,,,,,,,,,,,,,
,,,,,,,,,,,,,,,,,,,,,,
,,,,,,,,,,,,,,,,,,,,,,
,,,,,,,,,,,,,,,,,,,,,,
,,,,,,,,,,,,,,,,,,,,,,
,,,,,,,,,,,,,,,,,,,,,,
,,,,,,,,,,,,,,,,,,,,,,
,,,,,,,,,,,,,,,,,,,,,,
,,,,,,,,,,,,,,,,,,,,,,
,,,,,,,,,,,,,,,,,,,,,,
,,,,,,,,,,,,,,,,,,,,,,
,,,,,,,,,,,,,,,,,,,,,,
,,,,,,,,,,,,,,,,,,,,,,
,,,,,,,,,,,,,,,,,,,,,,
,,,,,,,,,,,,,,,,,,,,,,
,,,,,,,,,,,,,,,,,,,,,,
1.0,qrnn_paper,paper_no_reset,mackey_1000,9.0,0.001,6.0,2.0,16.0,1.0,64.0,9.024632163345814e-05,0.0003149668918922,0.0076220384798944,0.010383634828031,0.999207317829132,0.9975683689117432,29.0,2993.0,6426.28,0.0106355076655745,0.0191149730235338,0.0067907646298408
1.0,qrnn_paper,paper_no_reset,mackey_1000,9.0,0.001,6.0,2.0,16.0,70.0,64.0,0.0184372812509536,0.011503386311233,0.0982292667031288,0.0845843032002449,0.8246235847473145,0.9086207151412964,29.0,1509.0,2983.15,0.023545337220033,0.0232589393854141,0.0334845148026943
1.0,qrnn_paper,paper_no_reset,mackey_1000,9.0,0.001,6.0,2.0,16.0,140.0,64.0,0.0372859872877597,0.0219997800886631,0.1554832756519317,0.1214209124445915,0.6020630598068237,0.8311308026313782,29.0,1254.0,2321.1,0.0330965633038431,0.0353345349431037,0.0360367409884929
1.0,qrnn_paper,paper_no_reset,mackey_1000,9.0,0.001,6.0,4.0,4.0,1.0,64.0,5.4197600547922775e-05,6.567755917785689e-05,0.0057167126797139,0.0060071963816881,0.99949449300766,0.9994956254959106,27.0,2463.0,1235.18,0.0098285944666713,0.0125276548787951,0.0073545724153518
1.0,qrnn_paper,paper_no_reset,mackey_1000,9.0,0.001,6.0,4.0,4.0,70.0,64.0,0.0348524339497089,0.0295436773449182,0.1359782069921493,0.1361991316080093,0.6017642021179199,0.7565682530403137,27.0,1016.0,455.08,0.0383821531302399,0.0328992940485477,0.0416457429528236
1.0,qrnn_paper,paper_no_reset,mackey_1000,9.0,0.001,6.0,4.0,4.0,140.0,64.0,0.0366067327558994,0.0453841909766197,0.1552271991968155,0.1717995256185531,0.5366270542144775,0.5841630697250366,27.0,1874.0,846.65,0.0489278131665034,0.0609278082847595,0.051783088594675
1.0,qrnn_paper,paper_no_reset,mackey_1000,9.0,0.001,6.0,4.0,8.0,1.0,64.0,9.665650577517226e-05,0.0002168509963667,0.0076644048094749,0.0093244882300496,0.9991067051887512,0.9983281493186952,27.0,2565.0,2542.98,0.0093017193488776,0.0133033795282244,0.0070470925420522
1.0,qrnn_paper,paper_no_reset,mackey_1000,9.0,0.001,6.0,4.0,8.0,70.0,64.0,0.0309581197798252,0.0222681742161512,0.1360504776239395,0.121649369597435,0.6703388690948486,0.8233011364936829,27.0,1215.0,1072.45,0.0297238377647267,0.0282740518450737,0.035302348434925
1.0,qrnn_paper,paper_no_reset,mackey_1000,9.0,0.001,6.0,4.0,8.0,140.0,64.0,0.0379720740020275,0.0372761264443397,0.1611858308315277,0.1608709841966629,0.5217113494873047,0.675518810749054,27.0,975.0,790.86,0.0410034889355301,0.0386451706290245,0.0403002761304378
1.0,qrnn_paper,paper_no_reset,mackey_1000,9.0,0.001,6.0,4.0,16.0,1.0,64.0,3.1429026421392336e-05,0.0001184787906822,0.0044990670867264,0.0066671757958829,0.999708652496338,0.9990860819816588,27.0,2052.0,4144.29,0.0139251566026359,0.0241976752877235,0.0091940388083457
1.0,qrnn_paper,paper_no_reset,mackey_1000,9.0,0.001,6.0,4.0,16.0,70.0,64.0,0.0157436747103929,0.0126959010958671,0.0919314697384834,0.0895978361368179,0.85170578956604,0.8985235095024109,27.0,1440.0,2653.68,0.0238111082257495,0.0238073281943798,0.0322669073939323
1.0,qrnn_paper,paper_no_reset,mackey_1000,9.0,0.001,6.0,4.0,16.0,140.0,64.0,0.0338883809745311,0.0225381460040807,0.1452006697654724,0.1199045330286026,0.6228343844413757,0.817426860332489,27.0,3227.0,5359.34,0.0447370223701,0.0451073236763477,0.0444632619619369
1.0,qrnn_paper,paper_no_reset,lorenz_1000,0.0,0.001,6.0,2.0,4.0,1.0,64.0,0.000309981231112,0.0003053901600651,0.0129463234916329,0.0128093501552939,0.9966630935668944,0.9967020750045776,39.0,2382.0,1496.73,0.0242442913353443,0.0240211449563503,0.0239412821829319
1.0,qrnn_paper,paper_no_reset,lorenz_1000,0.0,0.001,6.0,2.0,4.0,13.0,64.0,0.0359021611511707,0.0374142341315746,0.1433605998754501,0.1460777819156646,0.4776450097560882,0.4941535592079162,39.0,897.0,562.46,0.0390973886474967,0.0442673861980438,0.0423514097929
1.0,qrnn_paper,paper_no_reset,lorenz_1000,0.0,0.001,6.0,2.0,4.0,25.0,64.0,0.0308895725756883,0.0322233438491821,0.1315621882677078,0.1325189620256424,0.5903806686401367,0.5668138265609741,39.0,1765.0,1131.72,0.0442051859572529,0.0644535347819328,0.052619595080614
1.0,qrnn_paper,paper_no_reset,lorenz_1000,0.0,0.001,6.0,2.0,8.0,1.0,64.0,0.001488608890213,0.0013481338974088,0.0292778462171554,0.0283619556576013,0.9838342666625975,0.9854351282119752,39.0,1923.0,2509.56,0.016868738643825,0.0180036202073097,0.0168038755655288
1.0,qrnn_paper,paper_no_reset,lorenz_1000,0.0,0.001,6.0,2.0,8.0,13.0,64.0,0.0233042407780885,0.0239052735269069,0.1099318265914917,0.1123831123113632,0.7223219275474548,0.7061454057693481,39.0,1326.0,1660.44,0.0455777112394571,0.0591907873749733,0.0561749599874019
1.0,qrnn_paper,paper_no_reset,lorenz_1000,0.0,0.001,6.0,2.0,8.0,25.0,64.0,0.0272685009986162,0.0286857653409242,0.1259552091360092,0.1295614093542099,0.6623650193214417,0.6314910054206848,39.0,2100.0,2624.18,0.0414064079523086,0.0542405098676681,0.0481118112802505
1.0,qrnn_paper,paper_no_reset,lorenz_1000,0.0,0.001,6.0,2.0,16.0,1.0,64.0,0.0039400495588779,0.0045525878667831,0.0496174693107605,0.0538810901343822,0.9580941200256348,0.951646625995636,39.0,915.0,2450.89,0.0239936556667089,0.0271123871207237,0.0232792533934116
1.0,qrnn_paper,paper_no_reset,lorenz_1000,0.0,0.001,6.0,2.0,16.0,13.0,64.0,0.0247457902878522,0.024632379412651,0.1194382756948471,0.1197043359279632,0.703903079032898,0.6978756189346313,39.0,1211.0,3309.95,0.0390720171853899,0.0500002168118953,0.0436195880174636
1.0,qrnn_paper,paper_no_reset,lorenz_1000,0.0,0.001,6.0,2.0,16.0,25.0,64.0,0.0287105776369571,0.0290192700922489,0.1270007640123367,0.1313736140727996,0.6432406902313232,0.6175278425216675,39.0,707.0,1751.84,0.0353548551599184,0.0382296591997146,0.0366914719343185
1.0,qrnn_paper,paper_no_reset,lorenz_1000,0.0,0.001,6.0,4.0,4.0,1.0,64.0,0.0024783925618976,0.0025269067846238,0.0375411137938499,0.0376158691942691,0.9729780554771424,0.9725686311721802,33.0,2196.0,1181.22,0.0290323588997125,0.0257141180336475,0.0260201189666986
1.0,qrnn_paper,paper_no_reset,lorenz_1000,0.0,0.001,6.0,4.0,4.0,13.0,64.0,0.0293812919408082,0.030751621350646,0.1351209580898285,0.1365489661693573,0.6120510697364807,0.5962969660758972,33.0,1807.0,1002.05,0.0403419006615877,0.045191328972578,0.0399505235254764
1.0,qrnn_paper,paper_no_reset,lorenz_1000,0.0,0.001,6.0,4.0,4.0,25.0,64.0,0.0283738616853952,0.0283607766032218,0.1250497549772262,0.1246017217636108,0.6459398865699768,0.6389682292938232,33.0,3762.0,1958.92,0.047594479471445,0.0523570626974105,0.047761496156454
1.0,qrnn_paper,paper_no_reset,lorenz_1000,0.0,0.001,6.0,4.0,8.0,1.0,64.0,0.0030610624235123,0.0032017396297305,0.0442166067659854,0.0447992570698261,0.9665314555168152,0.965361714363098,33.0,2677.0,2920.4,0.0265516618266701,0.0292523484677076,0.0271914843469858
1.0,qrnn_paper,paper_no_reset,lorenz_1000,0.0,0.001,6.0,4.0,8.0,13.0,64.0,0.0316249802708625,0.0333264730870723,0.1359209269285202,0.1375223696231842,0.57267826795578,0.5485213994979858,33.0,901.0,1013.51,0.0387341324239969,0.0486348867416381,0.0441481992602348
1.0,qrnn_paper,paper_no_reset,lorenz_1000,0.0,0.001,6.0,4.0,8.0,25.0,64.0,0.0309278815984725,0.0314423032104969,0.1305012255907058,0.1344747990369796,0.6019957661628723,0.5723099708557129,33.0,2933.0,3209.19,0.0533934693783521,0.0553362630307674,0.049798309803009
1.0,qrnn_paper,paper_no_reset,lorenz_1000,0.0,0.001,6.0,4.0,16.0,1.0,64.0,0.0054814787581563,0.006412704475224,0.0590004511177539,0.0646247193217277,0.9392150640487672,0.929625391960144,33.0,1930.0,4395.18,0.0378487112000584,0.0406807176768779,0.035016406327486
1.0,qrnn_paper,paper_no_reset,lorenz_1000,0.0,0.001,6.0,4.0,16.0,13.0,64.0,0.0323590748012065,0.032423697412014,0.1338390707969665,0.1352143287658691,0.5719795227050781,0.5797315239906311,33.0,763.0,1777.46,0.044218566827476,0.0524619258940219,0.0462322756648063
1.0,qrnn_paper,paper_no_reset,lorenz_1000,0.0,0.001,6.0,4.0,16.0,25.0,64.0,0.0331545509397983,0.0327589102089405,0.1433630287647247,0.1419141739606857,0.5638741254806519,0.5419450402259827,33.0,1626.0,3431.12,0.0521175890333122,0.0523161329329013,0.0508967787027359
1.0,qrnn_paper,paper_no_reset,lorenz_1000,1.0,0.001,6.0,2.0,4.0,1.0,64.0,0.0001389323442708,0.0001170936593553,0.0086428541690111,0.0078575443476438,0.9985110759735109,0.9987481236457824,39.0,1447.0,948.26,0.0055017637787386,0.0060630138032138,0.0052504246123135
1.0,qrnn_paper,paper_no_reset,lorenz_1000,1.0,0.001,6.0,2.0,4.0,13.0,64.0,0.0268553402274847,0.0276764258742332,0.1249695196747779,0.1264846920967102,0.6683141589164734,0.642147958278656,39.0,1690.0,1101.63,0.0327431567013263,0.0409414209425449,0.036737535148859
1.0,qrnn_paper,paper_no_reset,lorenz_1000,1.0,0.001,6.0,2.0,4.0,25.0,64.0,0.0280808731913566,0.0286522209644317,0.1280689090490341,0.1315123587846756,0.6579634547233582,0.634960949420929,39.0,1701.0,1106.07,0.0385770127177238,0.0526840165257453,0.0463566854596138
1.0,qrnn_paper,paper_no_reset,lorenz_1000,1.0,0.001,6.0,2.0,8.0,1.0,64.0,0.0010133057367056,0.0010117943165823,0.0231281667947769,0.0240514725446701,0.98934668302536,0.9893801212310792,39.0,855.0,1107.77,0.0080624180380254,0.0092634707689285,0.0075050396844744
1.0,qrnn_paper,paper_no_reset,lorenz_1000,1.0,0.001,6.0,2.0,8.0,13.0,64.0,0.0228500831872224,0.0230963472276926,0.1092296242713928,0.1095349341630935,0.7355526685714722,0.730427086353302,39.0,926.0,1203.37,0.0373873377218842,0.0474551729857921,0.0465880818665027
1.0,qrnn_paper,paper_no_reset,lorenz_1000,1.0,0.001,6.0,2.0,8.0,25.0,64.0,0.026451651006937,0.0269224271178245,0.1234182268381118,0.1270251274108886,0.6817478537559509,0.6633771657943726,39.0,1493.0,1877.66,0.0354703307151794,0.0478342324495315,0.0440082922577858
1.0,qrnn_paper,paper_no_reset,lorenz_1000,1.0,0.001,6.0,2.0,16.0,1.0,64.0,0.0038628142792731,0.0042252014391124,0.0485941618680954,0.0511856041848659,0.957546889781952,0.953859806060791,39.0,2213.0,6092.74,0.011583764757961,0.0130773298442363,0.0118132615461945
1.0,qrnn_paper,paper_no_reset,lorenz_1000,1.0,0.001,6.0,2.0,16.0,13.0,64.0,0.0276551507413387,0.029174581170082,0.1233422309160232,0.1263315081596374,0.6581936478614807,0.6287315487861633,39.0,678.0,1761.28,0.0339824987575411,0.0461181662976741,0.0425354018807411
1.0,qrnn_paper,paper_no_reset,lorenz_1000,1.0,0.001,6.0,2.0,16.0,25.0,64.0,0.024310790002346,0.0265173371881246,0.1198032200336456,0.1269005089998245,0.7051630616188049,0.6505792140960693,39.0,2068.0,5037.6,0.0377531295849217,0.0470535457134246,0.0439803786575794
1.0,qrnn_paper,paper_no_reset,lorenz_1000,1.0,0.001,6.0,4.0,4.0,1.0,64.0,0.0054123420268297,0.0053555290214717,0.0508019924163818,0.051876813173294,0.9401279091835022,0.9416874051094056,33.0,2230.0,1200.31,0.0268957015126943,0.0291628390550613,0.0249613653868436
1.0,qrnn_paper,paper_no_reset,lorenz_1000,1.0,0.001,6.0,4.0,4.0,13.0,64.0,0.0360643751919269,0.0374934375286102,0.1543636620044708,0.1542750298976898,0.4749017655849457,0.4946287274360657,33.0,1041.0,558.49,0.0400241587311029,0.044678833335638,0.0386020094156265
1.0,qrnn_paper,paper_no_reset,lorenz_1000,1.0,0.001,6.0,4.0,4.0,25.0,64.0,0.0289093926548957,0.03006630577147,0.127275675535202,0.1297229826450348,0.6387993693351746,0.6189112067222595,33.0,2487.0,1350.26,0.0421567495912313,0.0583212301135063,0.0487351454794406
1.0,qrnn_paper,paper_no_reset,lorenz_1000,1.0,0.001,6.0,4.0,8.0,1.0,64.0,0.0044045760296285,0.0043391152285039,0.0520473532378673,0.0514667257666587,0.9516331553459167,0.9539512991905212,33.0,1113.0,1251.29,0.0394494159147143,0.0349668748676776,0.0369689986109733
1.0,qrnn_paper,paper_no_reset,lorenz_1000,1.0,0.001,6.0,4.0,8.0,13.0,64.0,0.0227395817637443,0.0235907826572656,0.1126002073287963,0.1145499125123024,0.7434062957763672,0.7209762930870056,33.0,2494.0,2825.82,0.0389037501066923,0.0449891425669193,0.0446331538259983
1.0,qrnn_paper,paper_no_reset,lorenz_1000,1.0,0.001,6.0,4.0,8.0,25.0,64.0,0.0309200678020715,0.0322322882711887,0.1351225823163986,0.1396248042583465,0.6032907366752625,0.5593395829200745,33.0,2280.0,2490.25,0.039040470123291,0.0526545420289039,0.050051063299179
1.0,qrnn_paper,paper_no_reset,lorenz_1000,1.0,0.001,6.0,4.0,16.0,1.0,64.0,0.0055807949975132,0.0058671962469816,0.0602143891155719,0.0614862069487571,0.9385756254196168,0.9359459280967712,33.0,635.0,1489.59,0.0217641772702336,0.0247045811265707,0.0235531479120254
1.0,qrnn_paper,paper_no_reset,lorenz_1000,1.0,0.001,6.0,4.0,16.0,13.0,64.0,0.0405156463384628,0.0389806479215621,0.1489658057689666,0.1470973193645477,0.3790772259235382,0.4474080801010132,33.0,835.0,1953.85,0.0596626654267311,0.0786898285150528,0.0687867328524589
1.0,qrnn_paper,paper_no_reset,lorenz_1000,1.0,0.001,6.0,4.0,16.0,25.0,64.0,0.0319431498646736,0.0334277302026748,0.1433195024728775,0.143954798579216,0.5776263475418091,0.525621771812439,33.0,839.0,1781.36,0.0400423767666021,0.0469781942665576,0.0460769906640052
1.0,qrnn_paper,paper_no_reset,lorenz_1000,2.0,0.001,6.0,2.0,4.0,1.0,64.0,0.0003596866736188,0.0003607233520597,0.014437798410654,0.0145012103021144,0.9962257742881776,0.9961709976196288,39.0,2212.0,1373.09,0.018212978169322,0.0205833967775106,0.015331944450736
1.0,qrnn_paper,paper_no_reset,lorenz_1000,2.0,0.001,6.0,2.0,4.0,13.0,64.0,0.0258457921445369,0.0272068139165639,0.1217618957161903,0.1259377151727676,0.6848970055580139,0.6542486548423767,39.0,1632.0,1056.23,0.0365484507754445,0.0455145537853241,0.0414077080786228
1.0,qrnn_paper,paper_no_reset,lorenz_1000,2.0,0.001,6.0,2.0,4.0,25.0,64.0,0.0270252842456102,0.0263608004897832,0.1265448182821273,0.1260609030723571,0.6690317988395691,0.676863968372345,39.0,2678.0,1644.06,0.0424633171409368,0.0539035908877849,0.0477754883468151
1.0,qrnn_paper,paper_no_reset,lorenz_1000,2.0,0.001,6.0,2.0,8.0,1.0,64.0,0.0013998636277392,0.0012637892505154,0.0278992541134357,0.0262339673936367,0.9850434064865112,0.9866091012954712,39.0,3183.0,4319.05,0.0223604234866797,0.0150292925536632,0.016053557395935
1.0,qrnn_paper,paper_no_reset,lorenz_1000,2.0,0.001,6.0,2.0,8.0,13.0,64.0,0.0216860007494688,0.0235028825700283,0.1084203794598579,0.1140518933534622,0.7477744817733765,0.711600661277771,39.0,2582.0,3244.94,0.0299135018140077,0.0314747914671897,0.031555388122797
1.0,qrnn_paper,paper_no_reset,lorenz_1000,2.0,0.001,6.0,2.0,8.0,25.0,64.0,0.0296693686395883,0.0290650408715009,0.134788230061531,0.1343547254800796,0.6341459155082703,0.6219297647476196,39.0,1003.0,1372.19,0.037036157771945,0.0450510755181312,0.044551845639944
1.0,qrnn_paper,paper_no_reset,lorenz_1000,2.0,0.001,6.0,2.0,16.0,1.0,64.0,0.0081162266433238,0.00956373475492,0.0723868981003761,0.0786454677581787,0.9114018082618712,0.8924540281295776,39.0,835.0,2290.81,0.0227579549886286,0.0162295922636985,0.0164561755955219
1.0,qrnn_paper,paper_no_reset,lorenz_1000,2.0,0.001,6.0,2.0,16.0,13.0,64.0,0.0336736105382442,0.0333425253629684,0.1333921700716018,0.1321977376937866,0.5449272990226746,0.5437480211257935,39.0,757.0,1977.33,0.0364943191409111,0.0481315553188324,0.0416493155062198
1.0,qrnn_paper,paper_no_reset,lorenz_1000,2.0,0.001,6.0,2.0,16.0,25.0,64.0,0.0331945270299911,0.035308688879013,0.1432035565376281,0.1479779332876205,0.5587313175201416,0.4891681373119354,39.0,1075.0,2614.49,0.0505918206440077,0.0581565164029598,0.0532942749559879
1.0,qrnn_paper,paper_no_reset,lorenz_1000,2.0,0.001,6.0,4.0,4.0,1.0,64.0,0.0031555774621665,0.003412410384044,0.0415958426892757,0.043073046952486,0.965487003326416,0.9625943899154664,33.0,1629.0,894.48,0.0482493959367275,0.0626179352402687,0.0493023544549942
1.0,qrnn_paper,paper_no_reset,lorenz_1000,2.0,0.001,6.0,4.0,4.0,13.0,64.0,0.0329353585839271,0.0375198163092136,0.1424465477466583,0.1515396237373352,0.5453847050666809,0.5329934358596802,33.0,692.0,379.69,0.0378065422177314,0.045873899012804,0.0381711013615131
1.0,qrnn_paper,paper_no_reset,lorenz_1000,2.0,0.001,6.0,4.0,4.0,25.0,64.0,0.0420858561992645,0.0432369858026504,0.1558126658201217,0.1589943170547485,0.3298464119434356,0.3698388636112213,33.0,737.0,397.13,0.0534676823765039,0.0607597045600414,0.0506616830825805
1.0,qrnn_paper,paper_no_reset,lorenz_1000,2.0,0.001,6.0,4.0,8.0,1.0,64.0,0.0029097648803144,0.0028907540254294,0.0421125181019306,0.0420982465147972,0.9681153297424316,0.9685202240943908,33.0,1973.0,2147.87,0.0316543081775307,0.0297725312411785,0.0255750268697738
1.0,qrnn_paper,paper_no_reset,lorenz_1000,2.0,0.001,6.0,4.0,8.0,13.0,64.0,0.0228457897901535,0.0250480230897665,0.1158088892698288,0.1175878643989563,0.739732563495636,0.6931540966033936,33.0,2435.0,2691.16,0.0394851628690958,0.0438202992081642,0.0383867546916008
1.0,qrnn_paper,paper_no_reset,lorenz_1000,2.0,0.001,6.0,4.0,8.0,25.0,64.0,0.0300217140465974,0.028153546154499,0.1362382769584655,0.1320226043462753,0.6206377744674683,0.6524196863174438,33.0,1922.0,2129.33,0.0549418173730373,0.0685355216264724,0.0552363581955432
1.0,qrnn_paper,paper_no_reset,lorenz_1000,2.0,0.001,6.0,4.0,16.0,1.0,64.0,0.0069119338877499,0.0075632925145328,0.0670045837759971,0.0712760090827941,0.923093318939209,0.9179164171218872,33.0,904.0,2084.23,0.026135336048901,0.0315136462450027,0.0266123730689287
1.0,qrnn_paper,paper_no_reset,lorenz_1000,2.0,0.001,6.0,4.0,16.0,13.0,64.0,0.0339541435241699,0.0346296168863773,0.1392868459224701,0.1411368399858474,0.531588613986969,0.5200780630111694,33.0,1427.0,3202.37,0.0424230232834815,0.0570650920271873,0.0501117706298828
1.0,qrnn_paper,paper_no_reset,lorenz_1000,2.0,0.001,6.0,4.0,16.0,25.0,64.0,0.0356451123952865,0.0325968265533447,0.1512612104415893,0.1438164412975311,0.5039676427841187,0.5419539213180542,33.0,731.0,1569.76,0.047982506867912,0.0508520938456058,0.0501682832837104
1.0,qrnn_paper,paper_no_reset,lorenz_1000,3.0,0.001,6.0,2.0,4.0,1.0,64.0,0.0002778651833068,0.0002902671403717,0.0121291475370526,0.0122766876593232,0.997014582157135,0.9968811273574828,39.0,3623.0,2234.24,0.0136118307244032,0.0152319362387061,0.0114100370556116
1.0,qrnn_paper,paper_no_reset,lorenz_1000,3.0,0.001,6.0,2.0,4.0,13.0,64.0,0.0284916870296001,0.0294438824057579,0.1281044334173202,0.1312987357378006,0.64935302734375,0.613070547580719,39.0,1200.0,781.86,0.0376759845763444,0.0444636978209018,0.0432693473994731
1.0,qrnn_paper,paper_no_reset,lorenz_1000,3.0,0.001,6.0,2.0,4.0,25.0,64.0,0.0261825416237115,0.0274800043553113,0.1224398612976074,0.1266437619924545,0.7028058171272278,0.6603577136993408,39.0,1696.0,1082.76,0.0364557340741157,0.0443073436617851,0.0430931970477104
1.0,qrnn_paper,paper_no_reset,lorenz_1000,3.0,0.001,6.0,2.0,8.0,1.0,64.0,0.0014432237949222,0.0014341295463964,0.0310121141374111,0.030204365029931,0.9845506548881532,0.9847556948661804,39.0,3145.0,4150.51,0.0155994709581136,0.0143308863043785,0.0137353911995887
1.0,qrnn_paper,paper_no_reset,lorenz_1000,3.0,0.001,6.0,2.0,8.0,13.0,64.0,0.0219657644629478,0.023483283817768,0.1146741360425949,0.1175872683525085,0.7543541789054871,0.7178979516029358,39.0,2740.0,3554.51,0.0344439648091793,0.0448897369205951,0.0438146144151687
1.0,qrnn_paper,paper_no_reset,lorenz_1000,3.0,0.001,6.0,2.0,8.0,25.0,64.0,0.0291142258793115,0.0287256259471178,0.1297310590744018,0.1290914565324783,0.6373882293701172,0.6277232766151428,39.0,1592.0,2048.3,0.0346186785958707,0.0469057448208332,0.045026134699583
1.0,qrnn_paper,paper_no_reset,lorenz_1000,3.0,0.001,6.0,2.0,16.0,1.0,64.0,0.006015651859343,0.0060316706076264,0.0616106577217578,0.0634333118796348,0.9351800084114076,0.9350387454032898,39.0,1929.0,5042.65,0.0117423627525568,0.0146871218457818,0.0120313558727502
1.0,qrnn_paper,paper_no_reset,lorenz_1000,3.0,0.001,6.0,2.0,16.0,13.0,64.0,0.0327532514929771,0.0359970517456531,0.1394625455141067,0.1495117992162704,0.5590103268623352,0.4949867129325866,39.0,1170.0,3050.5,0.0491265758872032,0.0580605044960975,0.0516736917197704
1.0,qrnn_paper,paper_no_reset,lorenz_1000,3.0,0.001,6.0,2.0,16.0,25.0,64.0,0.0327045135200023,0.0309109911322593,0.1398089230060577,0.1377955079078674,0.5608001947402954,0.5718191862106323,39.0,2210.0,5401.13,0.0390510068585475,0.0413471609354019,0.0406875163316726
1.0,qrnn_paper,paper_no_reset,lorenz_1000,3.0,0.001,6.0,4.0,4.0,1.0,64.0,0.0048563857562839,0.0047922204248607,0.0520718470215797,0.0514427945017814,0.9466047883033752,0.9469417929649352,33.0,1624.0,879.22,0.0088866631500422,0.0088444743305444,0.0097759561613202
1.0,qrnn_paper,paper_no_reset,lorenz_1000,3.0,0.001,6.0,4.0,4.0,13.0,64.0,0.029545359313488,0.0315291993319988,0.1319960057735443,0.1358071714639663,0.6225177049636841,0.5746285319328308,33.0,2856.0,1595.88,0.0418729100376367,0.0482535064220428,0.0433812551200389
1.0,qrnn_paper,paper_no_reset,lorenz_1000,3.0,0.001,6.0,4.0,4.0,25.0,64.0,0.0431469976902008,0.0417442098259925,0.1636013984680175,0.1617643237113952,0.3046618402004242,0.3731654584407806,33.0,1244.0,690.58,0.04637206569314,0.0579401142895221,0.0497573390603065
1.0,qrnn_paper,paper_no_reset,lorenz_1000,3.0,0.001,6.0,4.0,8.0,1.0,64.0,0.0033930609934031,0.0032456503249704,0.0430716574192047,0.0421352311968803,0.9628357887268066,0.9645471572875975,33.0,2487.0,2714.09,0.0335655134171247,0.0376003496348857,0.03607714548707
1.0,qrnn_paper,paper_no_reset,lorenz_1000,3.0,0.001,6.0,4.0,8.0,13.0,64.0,0.0231941603124141,0.0238157510757446,0.1081233844161033,0.1107760965824127,0.7364003658294678,0.7129291296005249,33.0,1874.0,2102.98,0.0401849631220102,0.045429840683937,0.042066004127264
,,,,,,,,,,,,,,,,,,,,,,
,,,,,,,,,,,,,,,,,,,,,,
,,,,,,,,,,,,,,,,,,,,,,
,,,,,,,,,,,,,,,,,,,,,,
1.0,qrnn_paper,paper_no_reset,lorenz_1000,4.0,0.001,6.0,2.0,4.0,1.0,64.0,0.000365304906154,0.0003810047928709,0.0146188447251915,0.0147789614275097,0.9962890148162842,0.9959867596626282,39.0,1967.0,1267.06,0.0308092648163437,0.0317491367459297,0.0294612012803554
1.0,qrnn_paper,paper_no_reset,lorenz_1000,4.0,0.001,6.0,2.0,4.0,13.0,64.0,0.0260032285004854,0.0276017524302005,0.1208956018090248,0.1253516227006912,0.6789125800132751,0.649337649345398,39.0,2962.0,1862.22,0.0393853308632969,0.0473202392458915,0.0413117185235023
1.0,qrnn_paper,paper_no_reset,lorenz_1000,4.0,0.001,6.0,2.0,4.0,25.0,64.0,0.0260092075914144,0.0260796621441841,0.1227010861039161,0.1217525526881218,0.6863174438476562,0.681432843208313,39.0,5492.0,3471.64,0.0428103070706129,0.0526317097246646,0.050634179264307
1.0,qrnn_paper,paper_no_reset,lorenz_1000,4.0,0.001,6.0,2.0,8.0,1.0,64.0,0.002122015459463,0.0021586418151855,0.0350141786038875,0.0358594879508018,0.97742360830307,0.9767184257507324,39.0,1778.0,2300.81,0.0188036113977432,0.0225124768912792,0.0171186495572328
1.0,qrnn_paper,paper_no_reset,lorenz_1000,4.0,0.001,6.0,2.0,8.0,13.0,64.0,0.023068830370903,0.022015718743205,0.1108132153749466,0.1095374897122383,0.7283647656440735,0.7401288151741028,39.0,2696.0,3529.82,0.0360008003190159,0.0442196317017078,0.044426541775465
1.0,qrnn_paper,paper_no_reset,lorenz_1000,4.0,0.001,6.0,2.0,8.0,25.0,64.0,0.0272222030907869,0.0268274918198585,0.125235378742218,0.1265508234500885,0.6586292386054993,0.6557847261428833,39.0,2476.0,3207.65,0.0523154586553573,0.068195603787899,0.0525455959141254
1.0,qrnn_paper,paper_no_reset,lorenz_1000,4.0,0.001,6.0,2.0,16.0,1.0,64.0,0.0065572545863687,0.0065797469578683,0.0646603479981422,0.0644137859344482,0.9281738996505736,0.9275891184806824,39.0,1084.0,2820.49,0.0233030648902058,0.0226641092449426,0.0205077733844518
1.0,qrnn_paper,paper_no_reset,lorenz_1000,4.0,0.001,6.0,2.0,16.0,13.0,64.0,0.0305147897452116,0.0291344001889228,0.132493644952774,0.129352793097496,0.6028385758399963,0.6170681715011597,39.0,1480.0,4051.3,0.0368350960314273,0.046911783516407,0.0487032756209373
1.0,qrnn_paper,paper_no_reset,lorenz_1000,4.0,0.001,6.0,2.0,16.0,25.0,64.0,0.0371748954057693,0.0367749482393264,0.1553653925657272,0.1549406498670578,0.4782044589519501,0.4574594795703888,39.0,605.0,1473.76,0.0388016510340902,0.042023979127407,0.0408425405621528
1.0,qrnn_paper,paper_no_reset,lorenz_1000,4.0,0.001,6.0,4.0,4.0,1.0,64.0,0.0025886921212077,0.0026798846665769,0.0393796637654304,0.0398890562355518,0.972034752368927,0.9708619713783264,33.0,2607.0,1432.27,0.0483324564993381,0.0618083700537681,0.0513831600546836
1.0,qrnn_paper,paper_no_reset,lorenz_1000,4.0,0.001,6.0,4.0,4.0,13.0,64.0,0.0331555753946304,0.035287007689476,0.1414271295070648,0.145947054028511,0.5380304455757141,0.5229350328445435,33.0,1671.0,904.49,0.0444089468568563,0.0478790402412414,0.0473659895360469
1.0,qrnn_paper,paper_no_reset,lorenz_1000,4.0,0.001,6.0,4.0,4.0,25.0,64.0,0.0274924449622631,0.0289427135139703,0.12367445230484,0.1278384029865265,0.6749371886253357,0.6407803297042847,33.0,2517.0,1353.06,0.0523086782544851,0.0620007216930389,0.0486553944647312
1.0,qrnn_paper,paper_no_reset,lorenz_1000,4.0,0.001,6.0,4.0,8.0,1.0,64.0,0.0033936332911252,0.0033819060772657,0.0440639518201351,0.0438724979758262,0.9626970887184144,0.9630324244499208,33.0,2239.0,2443.15,0.0155603450722992,0.0169450249522924,0.0141188316047191
1.0,qrnn_paper,paper_no_reset,lorenz_1000,4.0,0.001,6.0,4.0,8.0,13.0,64.0,0.0246944390237331,0.0251966882497072,0.1153780594468116,0.1171497926115989,0.7007070183753967,0.684153139591217,33.0,2235.0,2490.81,0.0503542143851518,0.0660788714885711,0.0581534132361412
1.0,qrnn_paper,paper_no_reset,lorenz_1000,4.0,0.001,6.0,4.0,8.0,25.0,64.0,0.0305900238454341,0.031788170337677,0.1350705325603485,0.1400426477193832,0.6082044243812561,0.568132221698761,33.0,1490.0,1655.39,0.0489417858421802,0.0580568611621856,0.0496184341609478
1.0,qrnn_paper,paper_no_reset,lorenz_1000,4.0,0.001,6.0,4.0,16.0,1.0,64.0,0.0042072879150509,0.0037409467622637,0.052662655711174,0.0481127984821796,0.9542791843414308,0.9602851271629332,33.0,2183.0,4941.55,0.0360460011288523,0.042863804847002,0.0371625497937202
1.0,qrnn_paper,paper_no_reset,lorenz_1000,4.0,0.001,6.0,4.0,16.0,13.0,64.0,0.0237646549940109,0.0237384941428899,0.1196051687002182,0.1201707124710083,0.714557945728302,0.7118667960166931,33.0,1887.0,4393.54,0.0404327441006898,0.05356315523386,0.0483360104262828
1.0,qrnn_paper,paper_no_reset,lorenz_1000,4.0,0.001,6.0,4.0,16.0,25.0,64.0,0.0313946157693862,0.0296971835196018,0.1424668133258819,0.1394823640584945,0.5946293473243713,0.6020591259002686,33.0,1501.0,3097.63,0.0767833031713962,0.0964246615767479,0.0812703743577003
1.0,qrnn_paper,paper_no_reset,lorenz_1000,5.0,0.001,6.0,2.0,4.0,1.0,64.0,0.0004667816974688,0.000477769965073,0.0157249849289655,0.0159363783895969,0.9949628710746764,0.9948367476463318,39.0,6564.0,4154.65,0.008533075498417,0.0084091266617178,0.0079311467707157
1.0,qrnn_paper,paper_no_reset,lorenz_1000,5.0,0.001,6.0,2.0,4.0,13.0,64.0,0.0223335716873407,0.0230172742158174,0.1106599792838096,0.1128778755664825,0.7450799345970154,0.7203396558761597,39.0,2394.0,1466.27,0.0293935278430581,0.0338984727859497,0.0307298321276903
1.0,qrnn_paper,paper_no_reset,lorenz_1000,5.0,0.001,6.0,2.0,4.0,25.0,64.0,0.0280261300504207,0.0291779730468988,0.1290786415338516,0.1324078440666198,0.6572674512863159,0.6212061047554016,39.0,1210.0,785.75,0.0362905861809849,0.0524633266031742,0.0471144877374172
1.0,qrnn_paper,paper_no_reset,lorenz_1000,5.0,0.001,6.0,2.0,8.0,1.0,64.0,0.0016264371806755,0.0015553798293694,0.0283906869590282,0.0285786911845207,0.98235422372818,0.9832482933998108,39.0,1812.0,2362.46,0.0214031297713518,0.0227639507502317,0.0222505889832973
1.0,qrnn_paper,paper_no_reset,lorenz_1000,5.0,0.001,6.0,2.0,8.0,13.0,64.0,0.0230322089046239,0.0231701824814081,0.1151503771543502,0.1146067157387733,0.7324467897415161,0.7276416420936584,39.0,1621.0,2067.74,0.0340299986302852,0.0407365672290325,0.039542268961668
1.0,qrnn_paper,paper_no_reset,lorenz_1000,5.0,0.001,6.0,2.0,8.0,25.0,64.0,0.0276720374822616,0.0278266575187444,0.1286507844924926,0.1275572180747985,0.6598736047744751,0.6458646059036255,39.0,1638.0,2145.88,0.0386025607585907,0.0460727624595165,0.0381423570215702
1.0,qrnn_paper,paper_no_reset,lorenz_1000,5.0,0.001,6.0,2.0,16.0,1.0,64.0,0.0046228840947151,0.0052816648967564,0.0535178482532501,0.0570969022810459,0.94931960105896,0.942449390888214,39.0,1208.0,3114.85,0.0135348350740969,0.016120683401823,0.013385304249823
1.0,qrnn_paper,paper_no_reset,lorenz_1000,5.0,0.001,6.0,2.0,16.0,13.0,64.0,0.0244970116764307,0.0250824391841888,0.1207062825560569,0.1197899356484413,0.698358416557312,0.7044304013252258,39.0,775.0,2053.63,0.03030412402004,0.0391659811139106,0.0381641834974288
1.0,qrnn_paper,paper_no_reset,lorenz_1000,5.0,0.001,6.0,2.0,16.0,25.0,64.0,0.0367822237312793,0.0347466208040714,0.1520610600709915,0.1483287215232849,0.4818311929702759,0.4948245882987976,39.0,972.0,2384.53,0.0461970451805326,0.0584368705749511,0.0583784505724906
1.0,qrnn_paper,paper_no_reset,lorenz_1000,5.0,0.001,6.0,4.0,4.0,1.0,64.0,0.0023342878557741,0.0024019670672714,0.0346943885087966,0.0351829528808593,0.9744965434074402,0.973763644695282,33.0,2153.0,1151.02,0.0302559651434421,0.0276619903743267,0.0285421982407569
1.0,qrnn_paper,paper_no_reset,lorenz_1000,5.0,0.001,6.0,4.0,4.0,13.0,64.0,0.0264616031199693,0.0280095655471086,0.1230458319187164,0.1289326697587967,0.6738330125808716,0.6401751041412354,33.0,2062.0,1109.53,0.0466459784656763,0.0596571676433086,0.0562044270336627
1.0,qrnn_paper,paper_no_reset,lorenz_1000,5.0,0.001,6.0,4.0,4.0,25.0,64.0,0.0291531682014465,0.0304506104439497,0.1328654885292053,0.136486679315567,0.6397169828414917,0.6145433187484741,33.0,4464.0,2434.14,0.0478620890527963,0.0676835998892784,0.0591640770435333
1.0,qrnn_paper,paper_no_reset,lorenz_1000,5.0,0.001,6.0,4.0,8.0,1.0,64.0,0.0043666870333254,0.0041992310434579,0.0501438491046428,0.0486825257539749,0.9518572688102722,0.9539109468460084,33.0,1167.0,1294.46,0.0100199691485613,0.0084265256300568,0.0074511412531137
1.0,qrnn_paper,paper_no_reset,lorenz_1000,5.0,0.001,6.0,4.0,8.0,13.0,64.0,0.0279747378081083,0.0289768110960721,0.1252613067626953,0.1296122223138809,0.6541928052902222,0.6324424147605896,33.0,1900.0,2029.17,0.0394721886143088,0.0525554008781909,0.0479376800358295
1.0,qrnn_paper,paper_no_reset,lorenz_1000,5.0,0.001,6.0,4.0,8.0,25.0,64.0,0.0330011695623397,0.0324617400765419,0.14132159948349,0.1402335911989212,0.5763680338859558,0.5753588080406189,33.0,810.0,884.52,0.0460660003125667,0.0524382703006267,0.0479038618505001
1.0,qrnn_paper,paper_no_reset,lorenz_1000,5.0,0.001,6.0,4.0,16.0,1.0,64.0,0.0057602412998676,0.0062410659156739,0.0599363818764686,0.0621327422559261,0.9360889196395874,0.9313127398490906,33.0,2000.0,4573.77,0.0336976004764437,0.034403633326292,0.0334492959082126
1.0,qrnn_paper,paper_no_reset,lorenz_1000,5.0,0.001,6.0,4.0,16.0,13.0,64.0,0.0301489941775798,0.0311148669570684,0.1293550580739975,0.1298932284116745,0.6129212379455566,0.5927978157997131,33.0,986.0,2291.5,0.0418025694321841,0.0500345863401889,0.0486321486532688
1.0,qrnn_paper,paper_no_reset,lorenz_1000,5.0,0.001,6.0,4.0,16.0,25.0,64.0,0.0242772847414016,0.0244434457272291,0.1216969490051269,0.120469145476818,0.7283404469490051,0.6955428123474121,33.0,2386.0,4962.95,0.0331836111015743,0.0395499542355537,0.0370264910161495
1.0,qrnn_paper,paper_no_reset,lorenz_1000,6.0,0.001,6.0,2.0,4.0,1.0,64.0,0.0005073378561064,0.000546874187421,0.0161228962242603,0.0170380808413028,0.9945634603500366,0.9941213130950928,39.0,2493.0,1556.61,0.0171614417806267,0.0143850985914468,0.0137862246483564
1.0,qrnn_paper,paper_no_reset,lorenz_1000,6.0,0.001,6.0,2.0,4.0,13.0,64.0,0.0226992052048444,0.0241538528352975,0.1109564900398254,0.1152667105197906,0.7384931445121765,0.7017678022384644,39.0,2539.0,1621.57,0.047797080501914,0.0623644068837165,0.0564568080008029
1.0,qrnn_paper,paper_no_reset,lorenz_1000,6.0,0.001,6.0,2.0,4.0,25.0,64.0,0.0362481325864791,0.0374561622738838,0.1461245864629745,0.1458255350589752,0.4851440191268921,0.4581097662448883,39.0,1071.0,681.99,0.0421047370880842,0.0474078394472599,0.0449233241379261
1.0,qrnn_paper,paper_no_reset,lorenz_1000,6.0,0.001,6.0,2.0,8.0,1.0,64.0,0.0018189391121268,0.0020318718161433,0.0325152426958084,0.0342185907065868,0.9802066087722778,0.9779638051986694,39.0,1342.0,1743.18,0.0119169102516025,0.0120690437033772,0.0107041904702782
1.0,qrnn_paper,paper_no_reset,lorenz_1000,6.0,0.001,6.0,2.0,8.0,13.0,64.0,0.0243828874081373,0.0258091688156127,0.1184324249625206,0.1213074475526809,0.7210122346878052,0.6847339272499084,39.0,3089.0,4012.33,0.037987258657813,0.0481435097754001,0.0422351025044918
1.0,qrnn_paper,paper_no_reset,lorenz_1000,6.0,0.001,6.0,2.0,8.0,25.0,64.0,0.0265775099396705,0.0263346470892429,0.1228963062167167,0.1219526156783104,0.6699299216270447,0.6659871339797974,39.0,1129.0,1457.53,0.0393272522836923,0.0477466657757759,0.0431047677993774
1.0,qrnn_paper,paper_no_reset,lorenz_1000,6.0,0.001,6.0,2.0,16.0,1.0,64.0,0.0044859629124403,0.004068664740771,0.0524805635213851,0.0508924648165702,0.9522013068199158,0.9557059407234192,39.0,2345.0,6229.36,0.0163363934494554,0.0115744872018694,0.0127137079834938
1.0,qrnn_paper,paper_no_reset,lorenz_1000,6.0,0.001,6.0,2.0,16.0,13.0,64.0,0.0326614901423454,0.0334147624671459,0.1293010413646698,0.1310170441865921,0.555778443813324,0.5495272874832153,39.0,1755.0,4762.53,0.0422202073037624,0.0510213188827037,0.0495522730052471
1.0,qrnn_paper,paper_no_reset,lorenz_1000,6.0,0.001,6.0,2.0,16.0,25.0,64.0,0.021957067772746,0.0229099243879318,0.1137814149260521,0.1152903214097023,0.7459391355514526,0.7182665467262268,39.0,2494.0,6032.95,0.0435915688673655,0.0458292514085769,0.0442061573266983
1.0,qrnn_paper,paper_no_reset,lorenz_1000,6.0,0.001,6.0,4.0,4.0,1.0,64.0,0.0023426651023328,0.0024946080520749,0.0354394540190696,0.0368062071502208,0.974604606628418,0.9727813601493835,33.0,1216.0,671.92,0.0329564848914742,0.0437760427594184,0.0315633416175842
1.0,qrnn_paper,paper_no_reset,lorenz_1000,6.0,0.001,6.0,4.0,4.0,13.0,64.0,0.0401253104209899,0.0407224111258983,0.1580264121294021,0.1574124842882156,0.3854518830776214,0.426903486251831,33.0,658.0,349.0,0.0419943414628505,0.0518295802175998,0.0498268380761146
1.0,qrnn_paper,paper_no_reset,lorenz_1000,6.0,0.001,6.0,4.0,4.0,25.0,64.0,0.0392751991748809,0.0430764332413673,0.1532016545534134,0.1609338670969009,0.4038176536560058,0.3529177606105804,33.0,1352.0,712.44,0.0475710213184356,0.05481793358922,0.0442074425518512
1.0,qrnn_paper,paper_no_reset,lorenz_1000,6.0,0.001,6.0,4.0,8.0,1.0,64.0,0.0034340650308877,0.0034072073176503,0.046153500676155,0.0466292239725589,0.9624321460723876,0.9630098938941956,33.0,1706.0,1923.96,0.0580396078526973,0.0849682763218879,0.0649859905242919
1.0,qrnn_paper,paper_no_reset,lorenz_1000,6.0,0.001,6.0,4.0,8.0,13.0,64.0,0.0314293056726455,0.032003428786993,0.1317916959524154,0.1318060457706451,0.5739829540252686,0.5764279365539551,33.0,1403.0,1530.76,0.0400468878448009,0.0504933260381221,0.0462417937815189
1.0,qrnn_paper,paper_no_reset,lorenz_1000,6.0,0.001,6.0,4.0,8.0,25.0,64.0,0.0305911153554916,0.0323001146316528,0.1372160017490387,0.1401565819978714,0.6002848744392395,0.5655394196510315,33.0,2081.0,2339.31,0.039556024223566,0.0468069054186344,0.0411314144730567
1.0,qrnn_paper,paper_no_reset,lorenz_1000,6.0,0.001,6.0,4.0,16.0,1.0,64.0,0.0088503612205386,0.0101020950824022,0.0724209398031234,0.0761766210198402,0.9013840556144714,0.8871111869812012,33.0,1687.0,3809.26,0.0391519309952855,0.0466894060373306,0.041773747652769
1.0,qrnn_paper,paper_no_reset,lorenz_1000,6.0,0.001,6.0,4.0,16.0,13.0,64.0,0.0281593296676874,0.0293894279748201,0.1315018087625503,0.1320899128913879,0.6355044841766357,0.6218836903572083,33.0,1998.0,4728.21,0.0424441862851381,0.0522175692021846,0.0446065478026866
1.0,qrnn_paper,paper_no_reset,lorenz_1000,6.0,0.001,6.0,4.0,16.0,25.0,64.0,0.0347391068935394,0.0363228991627693,0.1449865847826004,0.1492467522621154,0.5297838449478149,0.4580418467521667,33.0,2982.0,6499.54,0.0503479184375868,0.0544600822031497,0.0483244657516479
1.0,qrnn_paper,paper_no_reset,lorenz_1000,7.0,0.001,6.0,2.0,4.0,1.0,64.0,0.0002674502902664,0.0003032786189578,0.0118453027680516,0.012294833548367,0.997209131717682,0.9967803359031676,39.0,2995.0,1955.33,0.008763057552278,0.0090628135949373,0.0066460259258747
1.0,qrnn_paper,paper_no_reset,lorenz_1000,7.0,0.001,6.0,2.0,4.0,13.0,64.0,0.0247220899909734,0.0263882689177989,0.1184178590774536,0.1239620372653007,0.7048670053482056,0.6646283268928528,39.0,2919.0,1789.48,0.0425558488816022,0.0371104478836059,0.0379735678434371
1.0,qrnn_paper,paper_no_reset,lorenz_1000,7.0,0.001,6.0,2.0,4.0,25.0,64.0,0.0320788584649562,0.0327378436923027,0.1364876180887222,0.1370273530483245,0.5809838771820068,0.5576115846633911,39.0,1390.0,881.98,0.0384180122986435,0.0468128956854343,0.0447349362075328
1.0,qrnn_paper,paper_no_reset,lorenz_1000,7.0,0.001,6.0,2.0,8.0,1.0,64.0,0.0009438848937861,0.0009554328280501,0.022768035531044,0.0227811317890882,0.9897898435592652,0.9896966218948364,39.0,3973.0,5061.06,0.0123400632292032,0.0117070116102695,0.0095451446250081
1.0,qrnn_paper,paper_no_reset,lorenz_1000,7.0,0.001,6.0,2.0,8.0,13.0,64.0,0.0194959864020347,0.0203782171010971,0.0994154587388038,0.1013823077082634,0.787065327167511,0.7678670287132263,39.0,1416.0,1850.34,0.0330045271664857,0.0408558249473571,0.0394865460693836
1.0,qrnn_paper,paper_no_reset,lorenz_1000,7.0,0.001,6.0,2.0,8.0,25.0,64.0,0.0286617800593376,0.0300668086856603,0.1306756138801574,0.1355933845043182,0.6449906229972839,0.6008220314979553,39.0,1982.0,2506.38,0.037820329517126,0.0436319448053836,0.0445599853992462
1.0,qrnn_paper,paper_no_reset,lorenz_1000,7.0,0.001,6.0,2.0,16.0,1.0,64.0,0.009843342937529,0.0107052139937877,0.0773775354027748,0.0810089260339737,0.8917616605758667,0.8815960884094238,39.0,765.0,2045.57,0.0197452242486178,0.0214307643473148,0.0186860356479883
1.0,qrnn_paper,paper_no_reset,lorenz_1000,7.0,0.001,6.0,2.0,16.0,13.0,64.0,0.0249067936092615,0.0269461330026388,0.1194395050406456,0.1218587979674339,0.7107933759689331,0.6640480160713196,39.0,1036.0,2813.63,0.0386704593896865,0.0478775426745414,0.0449833795428276
1.0,qrnn_paper,paper_no_reset,lorenz_1000,7.0,0.001,6.0,2.0,16.0,25.0,64.0,0.0285020638257265,0.0266360417008399,0.1334668695926666,0.127104565501213,0.6493393778800964,0.6483887434005737,39.0,1394.0,3376.2,0.0321544197698434,0.0385988503694534,0.0391311421990394
1.0,qrnn_paper,paper_no_reset,lorenz_1000,7.0,0.001,6.0,4.0,4.0,1.0,64.0,0.0024018096737563,0.002542479429394,0.0341861695051193,0.0351649411022663,0.9739150404930116,0.972366750240326,33.0,2111.0,1145.49,0.0142845544032752,0.015641076490283,0.011837606318295
1.0,qrnn_paper,paper_no_reset,lorenz_1000,7.0,0.001,6.0,4.0,4.0,13.0,64.0,0.0360640510916709,0.0380028635263443,0.1503363996744156,0.1518534570932388,0.4777004420757293,0.463565856218338,33.0,1630.0,905.68,0.0423268523067235,0.0505590923130512,0.0485349409282207
1.0,qrnn_paper,paper_no_reset,lorenz_1000,7.0,0.001,6.0,4.0,4.0,25.0,64.0,0.0411002859473228,0.0444088391959667,0.1519215106964111,0.1596605032682418,0.3594095408916473,0.3075816333293915,33.0,929.0,514.43,0.050332124531269,0.0667209029197692,0.052253745496273
1.0,qrnn_paper,paper_no_reset,lorenz_1000,7.0,0.001,6.0,4.0,8.0,1.0,64.0,0.003052984829992,0.0031996024772524,0.0410811342298984,0.0419880487024784,0.9668994545936584,0.9651311039924622,33.0,1406.0,1567.23,0.0240416908636689,0.0231100525707006,0.0230044424533844
1.0,qrnn_paper,paper_no_reset,lorenz_1000,7.0,0.001,6.0,4.0,8.0,13.0,64.0,0.026600994169712,0.0277787651866674,0.1207528635859489,0.1237789466977119,0.6660493016242981,0.640903115272522,33.0,2600.0,2790.68,0.0467324692755937,0.0592165328562259,0.051956932991743
1.0,qrnn_paper,paper_no_reset,lorenz_1000,7.0,0.001,6.0,4.0,8.0,25.0,64.0,0.031949121505022,0.0305805504322052,0.1382758021354675,0.1353358030319214,0.5833115577697754,0.5949602127075195,33.0,1940.0,2120.72,0.0455709021538496,0.0553648173809051,0.0500957705080509
1.0,qrnn_paper,paper_no_reset,lorenz_1000,7.0,0.001,6.0,4.0,16.0,1.0,64.0,0.0116283893585205,0.0112432623282074,0.0833520218729972,0.0837376341223716,0.8663111925125122,0.8718827962875366,33.0,675.0,1581.06,0.0254060486331582,0.0226240903139114,0.0215426348149776
1.0,qrnn_paper,paper_no_reset,lorenz_1000,7.0,0.001,6.0,4.0,16.0,13.0,64.0,0.032426044344902,0.0327564924955368,0.1385859102010727,0.1389596909284591,0.562829315662384,0.5533496737480164,33.0,1235.0,2773.67,0.0451554542407393,0.0562877841293811,0.0557287745177745
1.0,qrnn_paper,paper_no_reset,lorenz_1000,7.0,0.001,6.0,4.0,16.0,25.0,64.0,0.0306052695959806,0.0315682776272296,0.133995309472084,0.1354831010103225,0.6070358753204346,0.5601187944412231,33.0,1234.0,2558.73,0.0409969546728664,0.0452067106962204,0.0432216376066207
1.0,qrnn_paper,paper_no_reset,lorenz_1000,8.0,0.001,6.0,2.0,4.0,1.0,64.0,0.0003766898880712,0.0003618416958488,0.0142768528312444,0.0139588611200451,0.995936155319214,0.9960917830467224,39.0,2147.0,1322.0,0.0060344742378219,0.0048885745927691,0.0040056067518889
1.0,qrnn_paper,paper_no_reset,lorenz_1000,8.0,0.001,6.0,2.0,4.0,13.0,64.0,0.0241519529372453,0.0263301637023687,0.114406943321228,0.1204700246453285,0.7115247249603271,0.6716894507408142,39.0,2857.0,1791.47,0.0345164097845554,0.03923861682415,0.0348291397094726
1.0,qrnn_paper,paper_no_reset,lorenz_1000,8.0,0.001,6.0,2.0,4.0,25.0,64.0,0.0279761515557765,0.0287357121706008,0.1284710019826889,0.1292432993650436,0.6554043292999268,0.631585955619812,39.0,4197.0,2624.07,0.0420308716595172,0.0510688796639442,0.0472144745290279
1.0,qrnn_paper,paper_no_reset,lorenz_1000,8.0,0.001,6.0,2.0,8.0,1.0,64.0,0.00153790472541,0.0015168115496635,0.0291882045567035,0.029431976377964,0.9833704233169556,0.983606457710266,39.0,1277.0,1679.4,0.0113274034578353,0.01109214220196,0.0100673539564013
1.0,qrnn_paper,paper_no_reset,lorenz_1000,8.0,0.001,6.0,2.0,8.0,13.0,64.0,0.0214426703751087,0.0215400140732526,0.107108823955059,0.1078878343105316,0.7554282546043396,0.7434958815574646,39.0,1484.0,1930.71,0.0420280005782842,0.0449296422302722,0.045074425637722
1.0,qrnn_paper,paper_no_reset,lorenz_1000,8.0,0.001,6.0,2.0,8.0,25.0,64.0,0.0402882620692253,0.0378669835627079,0.1576069891452789,0.1506052017211914,0.3943260014057159,0.4728824496269226,39.0,576.0,754.46,0.0407486660405993,0.0503282658755779,0.0494739152491092
1.0,qrnn_paper,paper_no_reset,lorenz_1000,8.0,0.001,6.0,2.0,16.0,1.0,64.0,0.0041665532626211,0.004071838222444,0.0508711040019989,0.0505058392882347,0.9545267224311828,0.9556227922439576,39.0,1823.0,4879.44,0.0288436666131019,0.0291337817907333,0.026398692280054
1.0,qrnn_paper,paper_no_reset,lorenz_1000,8.0,0.001,6.0,2.0,16.0,13.0,64.0,0.0284199994057416,0.0299761332571506,0.1245623975992202,0.130492478609085,0.6417378783226013,0.6018216013908386,39.0,1471.0,3873.23,0.0371879417449235,0.0442458167672157,0.0439609289169311
1.0,qrnn_paper,paper_no_reset,lorenz_1000,8.0,0.001,6.0,2.0,16.0,25.0,64.0,0.0273275151848793,0.0260262321680784,0.1266422122716903,0.1244980245828628,0.6626254320144653,0.6604284644126892,39.0,3107.0,7626.45,0.0431067968408266,0.0466069355607032,0.0442484356462955
1.0,qrnn_paper,paper_no_reset,lorenz_1000,8.0,0.001,6.0,4.0,4.0,1.0,64.0,0.0028715343214571,0.0029405211098492,0.0394901596009731,0.0398507229983806,0.9685562252998352,0.9681090116500854,33.0,1823.0,1016.3,0.0362493747845292,0.0465159453451633,0.0358048975467681
1.0,qrnn_paper,paper_no_reset,lorenz_1000,8.0,0.001,6.0,4.0,4.0,13.0,64.0,0.0283541027456522,0.0302803479135036,0.129557654261589,0.136010080575943,0.644730269908905,0.6013562679290771,33.0,1413.0,756.17,0.0413186829537153,0.0513168387115001,0.0418244786560535
1.0,qrnn_paper,paper_no_reset,lorenz_1000,8.0,0.001,6.0,4.0,4.0,25.0,64.0,0.0302482303231954,0.0309218764305114,0.1274181753396988,0.1273133605718612,0.6035830974578857,0.5874588489532471,33.0,1196.0,680.98,0.0476182997226715,0.0583848655223846,0.0506065338850021
1.0,qrnn_paper,paper_no_reset,lorenz_1000,8.0,0.001,6.0,4.0,8.0,1.0,64.0,0.0044117541983723,0.0050962893292307,0.0501254349946975,0.0551280789077281,0.9517242908477784,0.944031834602356,33.0,1833.0,2097.39,0.03363245613873,0.0367543287575244,0.0327195674180984
1.0,qrnn_paper,paper_no_reset,lorenz_1000,8.0,0.001,6.0,4.0,8.0,13.0,64.0,0.0270023457705974,0.0282859485596418,0.1236271485686302,0.1283048689365387,0.657566487789154,0.6384106874465942,33.0,1254.0,1419.78,0.0476826563477516,0.0474824346601963,0.0486241169273853
1.0,qrnn_paper,paper_no_reset,lorenz_1000,8.0,0.001,6.0,4.0,8.0,25.0,64.0,0.0305623654276132,0.0298183001577854,0.1359973847866058,0.1354084461927414,0.6122254133224487,0.6152337789535522,33.0,2516.0,2786.23,0.0428083719685673,0.0483747571706771,0.0420154519379138
1.0,qrnn_paper,paper_no_reset,lorenz_1000,8.0,0.001,6.0,4.0,16.0,1.0,64.0,0.0165212880820035,0.0151977026835083,0.0993065163493156,0.0952389612793922,0.8110175728797913,0.8270437121391296,33.0,860.0,1963.9,0.0240763079375028,0.0227414015680551,0.0251844990998506
1.0,qrnn_paper,paper_no_reset,lorenz_1000,8.0,0.001,6.0,4.0,16.0,13.0,64.0,0.0316825173795223,0.0335843078792095,0.1354246139526367,0.1373602151870727,0.5784154534339905,0.5428254008293152,33.0,1804.0,4092.55,0.0401374604552984,0.0564449615776538,0.0471745766699314
1.0,qrnn_paper,paper_no_reset,lorenz_1000,8.0,0.001,6.0,4.0,16.0,25.0,64.0,0.0256248693913221,0.0243797190487384,0.1240759566426277,0.1210464388132095,0.6919379234313965,0.6894838809967041,33.0,2883.0,5946.5,0.0489834364917543,0.0607694834470748,0.0506541095674037
1.0,qrnn_paper,paper_no_reset,lorenz_1000,9.0,0.001,6.0,2.0,4.0,1.0,64.0,0.0004270105273462,0.0004103977407794,0.0138831101357936,0.0136313959956169,0.9954148530960084,0.99556964635849,39.0,3563.0,2273.9,0.0140390802174806,0.0118724275380373,0.0127733526751399
1.0,qrnn_paper,paper_no_reset,lorenz_1000,9.0,0.001,6.0,2.0,4.0,13.0,64.0,0.0227060876786708,0.0238145720213651,0.1115884408354759,0.1138411536812782,0.7395852208137512,0.7122547626495361,39.0,4128.0,2604.77,0.0351536346599459,0.0406425781548023,0.0393456406891346
1.0,qrnn_paper,paper_no_reset,lorenz_1000,9.0,0.001,6.0,2.0,4.0,25.0,64.0,0.0286359768360853,0.0302057862281799,0.1304274797439575,0.1352448761463165,0.6433027386665344,0.6140733361244202,39.0,1988.0,1268.14,0.0368870930746197,0.0448348633944988,0.0430356115102767
1.0,qrnn_paper,paper_no_reset,lorenz_1000,9.0,0.001,6.0,2.0,8.0,1.0,64.0,0.0014478055527433,0.0011494962964206,0.0264275670051574,0.0243013706058263,0.9842950105667114,0.9875957369804382,39.0,1940.0,2521.22,0.0295397380366921,0.0307651907205581,0.0286826640367507
1.0,qrnn_paper,paper_no_reset,lorenz_1000,9.0,0.001,6.0,2.0,8.0,13.0,64.0,0.0226847194135189,0.0236858762800693,0.1112208887934684,0.1128654330968856,0.733917236328125,0.7172845005989075,39.0,1059.0,1402.65,0.0364646131172776,0.0420756265521049,0.0434898249804973
1.0,qrnn_paper,paper_no_reset,lorenz_1000,9.0,0.001,6.0,2.0,8.0,25.0,64.0,0.0292965471744537,0.0296510811895132,0.1317535489797592,0.1321241110563278,0.6404137015342712,0.6238178610801697,39.0,1197.0,1600.03,0.0372540198266506,0.0451992750167846,0.0414178594946861
1.0,qrnn_paper,paper_no_reset,lorenz_1000,9.0,0.001,6.0,2.0,16.0,1.0,64.0,0.0028865127824246,0.003227214096114,0.0425492674112319,0.044375903904438,0.96845942735672,0.9650057554244996,39.0,2341.0,6258.96,0.0292651738971471,0.0295450165867805,0.0284722745418548
1.0,qrnn_paper,paper_no_reset,lorenz_1000,9.0,0.001,6.0,2.0,16.0,13.0,64.0,0.0235140454024076,0.0241546593606472,0.1161569729447364,0.1168804392218589,0.7214064002037048,0.701510488986969,39.0,1556.0,4150.51,0.0319175207987427,0.0426463335752487,0.041582815349102
1.0,qrnn_paper,paper_no_reset,lorenz_1000,9.0,0.001,6.0,2.0,16.0,25.0,64.0,0.0270735695958137,0.0275294948369264,0.1266641020774841,0.1274946928024292,0.6759856939315796,0.6439610719680786,39.0,1137.0,2833.9,0.0371604470743073,0.0409476906061172,0.0420759245753288
1.0,qrnn_paper,paper_no_reset,lorenz_1000,9.0,0.001,6.0,4.0,4.0,1.0,64.0,0.0023530891630798,0.0024334001354873,0.0350298285484313,0.0348666980862617,0.9743319749832152,0.9734202027320862,33.0,2063.0,1131.58,0.0448815383017063,0.0595367141067981,0.0471094995737075
1.0,qrnn_paper,paper_no_reset,lorenz_1000,9.0,0.001,6.0,4.0,4.0,13.0,64.0,0.0280059315264225,0.0308555364608764,0.1266567558050155,0.1343742460012436,0.6441359519958496,0.5921472311019897,33.0,1826.0,985.6,0.048712608590722,0.0564740821719169,0.0553922578692436
1.0,qrnn_paper,paper_no_reset,lorenz_1000,9.0,0.001,6.0,4.0,4.0,25.0,64.0,0.0368394330143928,0.0364035442471504,0.1469387710094452,0.1454021036624908,0.4713406562805176,0.4816771447658539,33.0,1893.0,1015.49,0.0408474918454885,0.0531104952096939,0.0459972955286502
1.0,qrnn_paper,paper_no_reset,lorenz_1000,9.0,0.001,6.0,4.0,8.0,1.0,64.0,0.0033480417914688,0.0034013497643172,0.0434000007808208,0.0433368347585201,0.9632918238639832,0.9630920886993408,33.0,3614.0,3958.94,0.0166478215716779,0.0195833668112754,0.0160160791128873
1.0,qrnn_paper,paper_no_reset,lorenz_1000,9.0,0.001,6.0,4.0,8.0,13.0,64.0,0.0246227383613586,0.0261910147964954,0.1221275106072425,0.1242955103516578,0.7107765078544617,0.6737931966781616,33.0,1418.0,1609.03,0.0353017466142773,0.0448889173567295,0.0426044166088104
1.0,qrnn_paper,paper_no_reset,lorenz_1000,9.0,0.001,6.0,4.0,8.0,25.0,64.0,0.0349917523562908,0.0356134325265884,0.1470055878162384,0.1471476703882217,0.5144144296646118,0.4944120645523071,33.0,791.0,873.89,0.0483781497925519,0.0676374956965446,0.0632088705897331
1.0,qrnn_paper,paper_no_reset,lorenz_1000,9.0,0.001,6.0,4.0,16.0,1.0,64.0,0.0053645311854779,0.0059313802048563,0.0599394328892231,0.0628683567047119,0.940989315509796,0.9370964169502258,33.0,1151.0,2630.89,0.0225393489003181,0.0324756540358066,0.0269284304231405
1.0,qrnn_paper,paper_no_reset,lorenz_1000,9.0,0.001,6.0,4.0,16.0,13.0,64.0,0.0345073901116848,0.0343983918428421,0.1465779542922973,0.1490536630153656,0.5244106650352478,0.5302881002426147,33.0,874.0,2025.3,0.0480264857411384,0.0589164309203624,0.057737573981285
1.0,qrnn_paper,paper_no_reset,lorenz_1000,9.0,0.001,6.0,4.0,16.0,25.0,64.0,0.0326150804758071,0.0329556055366992,0.1460472792387008,0.1433406770229339,0.571635365486145,0.5309983491897583,33.0,1579.0,3251.09,0.0497891811860932,0.0598465017974376,0.060427188873291
1.0,qrnn_paper,paper_no_reset,henon_1000,0.0,0.001,6.0,2.0,4.0,1.0,64.0,0.0018220880301669,0.0017241808818653,0.0294144265353679,0.0298249516636133,0.9886333346366882,0.9893094897270204,34.0,3336.0,1941.09,0.0216366965323686,0.0210552718490362,0.021527936682105
1.0,qrnn_paper,paper_no_reset,henon_1000,0.0,0.001,6.0,2.0,4.0,2.0,64.0,0.0261684898287057,0.023815693333745,0.1242919042706489,0.1191845834255218,0.821437418460846,0.8376137614250183,34.0,2113.0,1242.11,0.041336415335536,0.0409162789583206,0.0439517013728618
1.0,qrnn_paper,paper_no_reset,henon_1000,0.0,0.001,6.0,2.0,4.0,4.0,64.0,0.0604478158056736,0.0583004467189312,0.2027455866336822,0.2003821432590484,0.4993214607238769,0.5188740491867065,34.0,4575.0,2788.14,0.0883451364934444,0.0833925455808639,0.085122026503086
1.0,qrnn_paper,paper_no_reset,henon_1000,0.0,0.001,6.0,2.0,8.0,1.0,64.0,0.0138867143541574,0.0125968912616372,0.0885940790176391,0.0832632705569267,0.909606158733368,0.9176762104034424,34.0,1559.0,1865.8,0.0262395704165101,0.0259230285882949,0.0264808647334575
1.0,qrnn_paper,paper_no_reset,henon_1000,0.0,0.001,6.0,2.0,8.0,2.0,64.0,0.0398687347769737,0.03839747980237,0.1537415832281112,0.1518741101026535,0.7122416496276855,0.7209485173225403,34.0,7090.0,8250.36,0.0566113166511058,0.0558539703488349,0.0606888271868228
1.0,qrnn_paper,paper_no_reset,henon_1000,0.0,0.001,6.0,2.0,8.0,4.0,64.0,0.0724422037601471,0.0636816769838333,0.2189576178789138,0.2071051299571991,0.3413963317871094,0.4506087303161621,34.0,1935.0,2315.37,0.08150345236063,0.0822444558143615,0.0831430628895759
1.0,qrnn_paper,paper_no_reset,henon_1000,0.0,0.001,6.0,2.0,16.0,1.0,64.0,0.039797618985176,0.0420373640954494,0.1580864042043686,0.1645145863294601,0.7124836444854736,0.6904153823852539,34.0,782.0,1914.61,0.0532628428190946,0.0522784814238548,0.0512685813009738
1.0,qrnn_paper,paper_no_reset,henon_1000,0.0,0.001,6.0,2.0,16.0,2.0,64.0,0.0637003034353256,0.0621692538261413,0.2088491171598434,0.2061754167079925,0.4636722505092621,0.4749347865581512,34.0,1082.0,2653.02,0.0805562674999237,0.0850743278861045,0.0863020047545433
1.0,qrnn_paper,paper_no_reset,henon_1000,0.0,0.001,6.0,2.0,16.0,4.0,64.0,0.0708722025156021,0.0699474588036537,0.2208676040172577,0.2234944254159927,0.3431556820869446,0.3537846505641937,34.0,2701.0,6540.24,0.0778910096734762,0.0819120034575462,0.0810946226119995
1.0,qrnn_paper,paper_no_reset,henon_1000,0.0,0.001,6.0,4.0,4.0,1.0,64.0,0.0095864934846758,0.0094781750813126,0.0798397809267044,0.0790988430380821,0.9385356903076172,0.9388060569763184,30.0,5792.0,3077.48,0.0429650459438562,0.0418028756976127,0.0422647930681705
1.0,qrnn_paper,paper_no_reset,henon_1000,0.0,0.001,6.0,4.0,4.0,2.0,64.0,0.0395816192030906,0.036892969161272,0.1541764438152313,0.1480669975280761,0.7129884362220764,0.7333362102508545,30.0,1470.0,741.79,0.0694608055055141,0.0684149637818336,0.0689944997429847
1.0,qrnn_paper,paper_no_reset,henon_1000,0.0,0.001,6.0,4.0,4.0,4.0,64.0,0.0645525008440017,0.0604872480034828,0.2092109620571136,0.2043245434761047,0.4471825361251831,0.4918026030063629,30.0,7720.0,3785.96,0.0789421640336513,0.0763098746538162,0.0769677683711052
1.0,qrnn_paper,paper_no_reset,henon_1000,0.0,0.001,6.0,4.0,8.0,1.0,64.0,0.0186453890055418,0.0173280499875545,0.1081073731184005,0.1013132706284523,0.8767332434654236,0.8847832083702087,30.0,2337.0,2328.35,0.040690479800105,0.0378547310829162,0.0424542240798473
1.0,qrnn_paper,paper_no_reset,henon_1000,0.0,0.001,6.0,4.0,8.0,2.0,64.0,0.0413078777492046,0.0365344285964965,0.1516922265291214,0.1435552090406417,0.6991201639175415,0.7384639978408813,30.0,4469.0,4564.23,0.0697018153965473,0.0715842321515083,0.0713642314076423
1.0,qrnn_paper,paper_no_reset,henon_1000,0.0,0.001,6.0,4.0,8.0,4.0,64.0,0.0703212916851043,0.0624351613223552,0.2182757258415222,0.2070492804050445,0.3676402568817138,0.4678549170494079,30.0,6312.0,6287.67,0.0857443965971469,0.0895282253623008,0.0861596018075943
,,,,,,,,,,,,,,,,,,,,,,
,,,,,,,,,,,,,,,,,,,,,,
,,,,,,,,,,,,,,,,,,,,,,
,,,,,,,,,,,,,,,,,,,,,,
,,,,,,,,,,,,,,,,,,,,,,
,,,,,,,,,,,,,,,,,,,,,,
,,,,,,,,,,,,,,,,,,,,,,
,,,,,,,,,,,,,,,,,,,,,,
,,,,,,,,,,,,,,,,,,,,,,
,,,,,,,,,,,,,,,,,,,,,,
,,,,,,,,,,,,,,,,,,,,,,
,,,,,,,,,,,,,,,,,,,,,,
,,,,,,,,,,,,,,,,,,,,,,
,,,,,,,,,,,,,,,,,,,,,,
,,,,,,,,,,,,,,,,,,,,,,
,,,,,,,,,,,,,,,,,,,,,,
,,,,,,,,,,,,,,,,,,,,,,
,,,,,,,,,,,,,,,,,,,,,,
,,,,,,,,,,,,,,,,,,,,,,
1.0,qrnn_paper,paper_no_reset,henon_1000,1.0,0.001,6.0,4.0,16.0,2.0,64.0,0.066486045718193,0.0596117191016674,0.2145303189754486,0.2021877467632293,0.4263191521167755,0.5074005722999573,30.0,1014.0,2189.34,0.0724337995052337,0.0776986852288246,0.0778639242053031
1.0,qrnn_paper,paper_no_reset,henon_1000,1.0,0.001,6.0,4.0,16.0,4.0,64.0,0.0728036537766456,0.0698543563485145,0.225695788860321,0.2228462100028991,0.307156890630722,0.3548378348350525,30.0,1395.0,3114.85,0.1070557661354541,0.1080454438924789,0.108286827802658
1.0,qrnn_paper,paper_no_reset,henon_1000,2.0,0.001,6.0,2.0,4.0,1.0,64.0,0.0023079302627593,0.002188814105466,0.0354759432375431,0.0355953462421894,0.9856004118919371,0.986382782459259,34.0,2939.0,1720.54,0.0263062916696071,0.0259534828364849,0.0266544353216886
1.0,qrnn_paper,paper_no_reset,henon_1000,2.0,0.001,6.0,2.0,4.0,2.0,64.0,0.0185511950403451,0.016382148489356,0.1048511266708374,0.0979956239461898,0.8772071599960327,0.8916352391242981,34.0,8661.0,5127.1,0.0509510174393653,0.0504654273390769,0.0522251836955547
1.0,qrnn_paper,paper_no_reset,henon_1000,2.0,0.001,6.0,2.0,4.0,4.0,64.0,0.0628329962491989,0.058198258280754,0.2050491720438003,0.2005058377981186,0.4707872569561004,0.520352303981781,34.0,6276.0,3645.45,0.076161840558052,0.074304461479187,0.0759298354387283
1.0,qrnn_paper,paper_no_reset,henon_1000,2.0,0.001,6.0,2.0,8.0,1.0,64.0,0.0364095233380794,0.034590620547533,0.1465816497802734,0.1413509249687194,0.7400649189949036,0.7526351809501648,34.0,956.0,1166.55,0.0810366064310073,0.0800176709890365,0.0847903788089752
1.0,qrnn_paper,paper_no_reset,henon_1000,2.0,0.001,6.0,2.0,8.0,2.0,64.0,0.0507215075194835,0.0460360832512378,0.1816608160734176,0.1748707741498947,0.6106868982315063,0.652714729309082,34.0,2208.0,2697.77,0.0625545263290405,0.0646632686257362,0.0693800598382949
1.0,qrnn_paper,paper_no_reset,henon_1000,2.0,0.001,6.0,2.0,8.0,4.0,64.0,0.0727144628763198,0.0678047686815261,0.2218604385852813,0.2133344858884811,0.3270665407180786,0.3910879790782928,34.0,1158.0,1427.86,0.0764425672590732,0.0793974101543426,0.0809863209724426
1.0,qrnn_paper,paper_no_reset,henon_1000,2.0,0.001,6.0,2.0,16.0,1.0,64.0,0.0461810156702995,0.0436260849237442,0.1707153171300888,0.163735032081604,0.658637523651123,0.6758065819740295,34.0,2764.0,6612.17,0.0843070305883884,0.0858552008867263,0.1027933806180954
1.0,qrnn_paper,paper_no_reset,henon_1000,2.0,0.001,6.0,2.0,16.0,2.0,64.0,0.0781760886311531,0.0750365480780601,0.2317566126585006,0.2318190485239029,0.2419722080230713,0.284305065870285,34.0,1435.0,3588.36,0.0736634716391563,0.0781205743551254,0.0799667388200759
1.0,qrnn_paper,paper_no_reset,henon_1000,2.0,0.001,6.0,2.0,16.0,4.0,64.0,0.0775117874145507,0.0788675621151924,0.2284433990716934,0.238831415772438,0.2227105498313903,0.179041251540184,34.0,1241.0,2966.56,0.1260737136006355,0.1218174695968627,0.140163391828537
1.0,qrnn_paper,paper_no_reset,henon_1000,2.0,0.001,6.0,4.0,4.0,1.0,64.0,0.003385956166312,0.0029857847839593,0.0454477220773696,0.0438136011362075,0.9788162112236024,0.9815359115600586,30.0,4743.0,2491.73,0.025218210183084,0.0256787799298763,0.0264942850917577
1.0,qrnn_paper,paper_no_reset,henon_1000,2.0,0.001,6.0,4.0,4.0,2.0,64.0,0.0310577116906642,0.0278511326760053,0.130211666226387,0.1234356835484504,0.7839658260345459,0.8069126009941101,30.0,4470.0,2297.66,0.0569037072360515,0.0559967644512653,0.0576346889138221
1.0,qrnn_paper,paper_no_reset,henon_1000,2.0,0.001,6.0,4.0,4.0,4.0,64.0,0.0658720210194587,0.0622543692588806,0.2128168195486068,0.208948403596878,0.4278657138347626,0.4686134457588196,30.0,6032.0,3057.84,0.0866103775799274,0.0829940661787986,0.0882755666971206
1.0,qrnn_paper,paper_no_reset,henon_1000,2.0,0.001,6.0,4.0,8.0,1.0,64.0,0.0278691221028566,0.0248311888426542,0.1339403688907623,0.1234268546104431,0.8086534142494202,0.829933226108551,30.0,2890.0,3002.54,0.0613349497318267,0.058021429926157,0.0638643652200698
1.0,qrnn_paper,paper_no_reset,henon_1000,2.0,0.001,6.0,4.0,8.0,2.0,64.0,0.0423440933227539,0.0400179252028465,0.1564113497734069,0.1568344980478286,0.6898711323738098,0.7065407633781433,30.0,2720.0,2840.81,0.0762400619685649,0.0772334188222885,0.0825833082199096
1.0,qrnn_paper,paper_no_reset,henon_1000,2.0,0.001,6.0,4.0,8.0,4.0,64.0,0.0765528082847595,0.0682632625102996,0.2269263565540313,0.2159954458475113,0.2706300318241119,0.3815761506557464,30.0,2026.0,2168.74,0.1259700357913971,0.1206521913409233,0.115110732614994
1.0,qrnn_paper,paper_no_reset,henon_1000,2.0,0.001,6.0,4.0,16.0,1.0,64.0,0.0589371435344219,0.052670482546091,0.1960175931453704,0.1879117786884308,0.521286129951477,0.58857661485672,30.0,1121.0,2387.21,0.0838663898408413,0.0862505733966827,0.0884212628006935
1.0,qrnn_paper,paper_no_reset,henon_1000,2.0,0.001,6.0,4.0,16.0,2.0,64.0,0.0815374478697776,0.075194351375103,0.2400001883506775,0.2337446957826614,0.0920683443546295,0.2551735043525696,30.0,472.0,1046.85,0.081000404804945,0.0810334905982017,0.084800936281681
1.0,qrnn_paper,paper_no_reset,henon_1000,2.0,0.001,6.0,4.0,16.0,4.0,64.0,0.0736795663833618,0.0756875276565551,0.226255789399147,0.2312891036272049,0.2875286042690277,0.2439509332180023,30.0,844.0,1862.95,0.0800793550908565,0.0842575952410698,0.0830878913402557
1.0,qrnn_paper,paper_no_reset,henon_1000,3.0,0.001,6.0,2.0,4.0,1.0,64.0,0.0054078721441328,0.005273500457406,0.0516333356499671,0.051732812076807,0.9658536314964294,0.9664461016654968,34.0,3007.0,1789.59,0.0476879943162202,0.046317271888256,0.0478520579636096
1.0,qrnn_paper,paper_no_reset,henon_1000,3.0,0.001,6.0,2.0,4.0,2.0,64.0,0.0222201850265264,0.0203702971339225,0.1151990815997123,0.1109435781836509,0.8508277535438538,0.8636431694030762,34.0,2092.0,1245.52,0.047827012091875,0.0462443046271801,0.0495865941047668
1.0,qrnn_paper,paper_no_reset,henon_1000,3.0,0.001,6.0,2.0,4.0,4.0,64.0,0.0622678585350513,0.0576338246464729,0.2075752019882202,0.201751634478569,0.4777608513832092,0.5268242359161377,34.0,6946.0,4118.69,0.0762483835220337,0.0760933086276054,0.0774103328585624
1.0,qrnn_paper,paper_no_reset,henon_1000,3.0,0.001,6.0,2.0,8.0,1.0,64.0,0.0128054004162549,0.0115299597382545,0.0885278731584549,0.0853739827871322,0.9171428084373474,0.924920380115509,34.0,5299.0,6269.94,0.0499703638255596,0.0523020811378955,0.0520226508378982
,,,,,,,,,,,,,,,,,,,,,,
,,,,,,,,,,,,,,,,,,,,,,
,,,,,,,,,,,,,,,,,,,,,,
,,,,,,,,,,,,,,,,,,,,,,
,,,,,,,,,,,,,,,,,,,,,,
,,,,,,,,,,,,,,,,,,,,,,
,,,,,,,,,,,,,,,,,,,,,,
,,,,,,,,,,,,,,,,,,,,,,
1.0,qrnn_paper,paper_no_reset,henon_1000,3.0,0.001,6.0,4.0,8.0,1.0,64.0,0.0143995741382241,0.0137606523931026,0.0973426029086113,0.0923418551683425,0.906260311603546,0.9096856713294984,30.0,4239.0,4393.11,0.1042414121329784,0.1111491024494171,0.114051453769207
1.0,qrnn_paper,paper_no_reset,henon_1000,3.0,0.001,6.0,4.0,8.0,2.0,64.0,0.0590436644852161,0.0502259768545627,0.2020198702812194,0.1826106160879135,0.5224187970161438,0.609365701675415,30.0,739.0,782.49,0.0690379921346902,0.0673453733325004,0.0721536204218864
1.0,qrnn_paper,paper_no_reset,henon_1000,3.0,0.001,6.0,4.0,8.0,4.0,64.0,0.0747035369277,0.0677722319960594,0.2234464287757873,0.2157360464334488,0.2902193367481231,0.389193594455719,30.0,1492.0,1547.91,0.0947896614670753,0.0936082378029823,0.0906037911772728
1.0,qrnn_paper,paper_no_reset,henon_1000,3.0,0.001,6.0,4.0,16.0,1.0,64.0,0.0400083139538764,0.0380521863698959,0.1577284336090088,0.1533537060022354,0.7105628252029419,0.7257850766181946,30.0,1502.0,3238.51,0.1035119891166687,0.0978829562664032,0.0913261771202087
1.0,qrnn_paper,paper_no_reset,henon_1000,3.0,0.001,6.0,4.0,16.0,2.0,64.0,0.0623110868036747,0.0609567984938621,0.2083078026771545,0.2066938579082489,0.4788547456264496,0.4906620681285858,30.0,1644.0,3621.72,0.0777217887341976,0.0813099965453147,0.0787007510662078
1.0,qrnn_paper,paper_no_reset,henon_1000,3.0,0.001,6.0,4.0,16.0,4.0,64.0,0.0735238492488861,0.0669714361429214,0.2248914241790771,0.2146967500448227,0.3028330206871032,0.4037092626094818,30.0,2110.0,4576.87,0.1155261822044849,0.1090910583734512,0.1079925820231437
1.0,qrnn_paper,paper_no_reset,henon_1000,4.0,0.001,6.0,2.0,4.0,1.0,64.0,0.0029546483419835,0.0028820666484534,0.0411316938698291,0.0402157753705978,0.9814900755882264,0.9820300936698914,34.0,2719.0,1608.06,0.0215281182900071,0.0211269594728946,0.0210512988269329
1.0,qrnn_paper,paper_no_reset,henon_1000,4.0,0.001,6.0,2.0,4.0,2.0,64.0,0.0249161571264266,0.0221087541431188,0.1162910535931587,0.1099491789937019,0.8309768438339233,0.8504681587219238,34.0,8036.0,4661.52,0.0523920379579067,0.0494203455746173,0.0541144981980323
1.0,qrnn_paper,paper_no_reset,henon_1000,4.0,0.001,6.0,2.0,4.0,4.0,64.0,0.0619735233485698,0.0595637634396553,0.2068665027618408,0.2029234170913696,0.4799980521202087,0.5033342838287354,34.0,2260.0,1334.95,0.0734272807836532,0.0715989097952842,0.0724197253584861
1.0,qrnn_paper,paper_no_reset,henon_1000,4.0,0.001,6.0,2.0,8.0,1.0,64.0,0.0133703434839844,0.0126206083223223,0.0910733789205551,0.0886349156498909,0.9133059978485109,0.9175639748573304,34.0,3504.0,4110.92,0.0437945462763309,0.0416095368564128,0.0442360639572143
1.0,qrnn_paper,paper_no_reset,henon_1000,4.0,0.001,6.0,2.0,8.0,2.0,64.0,0.0439622141420841,0.0379079803824424,0.163979947566986,0.1536627411842346,0.6768202781677246,0.7250505089759827,34.0,4453.0,5324.74,0.0688061207532882,0.071503572165966,0.0737819895148277
1.0,qrnn_paper,paper_no_reset,henon_1000,4.0,0.001,6.0,2.0,8.0,4.0,64.0,0.0734747424721717,0.0686161145567894,0.2278699427843094,0.2224042862653732,0.3073590993881225,0.3756554424762726,34.0,762.0,937.74,0.0892202287912368,0.0881066769361496,0.0913182199001312
1.0,qrnn_paper,paper_no_reset,henon_1000,4.0,0.001,6.0,2.0,16.0,1.0,64.0,0.0413541831076145,0.041595421731472,0.160911351442337,0.1588521301746368,0.6992208361625671,0.6944824457168579,34.0,847.0,2116.42,0.0839641757309436,0.0889220237731933,0.0864137485623359
1.0,qrnn_paper,paper_no_reset,henon_1000,4.0,0.001,6.0,2.0,16.0,2.0,64.0,0.0617930069565773,0.0628492757678031,0.2016033083200454,0.2066040784120559,0.4871060848236084,0.4709670543670654,34.0,957.0,2344.17,0.0697052206844091,0.0734438002109527,0.0739486292004585
1.0,qrnn_paper,paper_no_reset,henon_1000,4.0,0.001,6.0,2.0,16.0,4.0,64.0,0.0779610946774482,0.0723792091012001,0.2307471185922622,0.2246349155902862,0.2126105725765228,0.3093451261520386,34.0,1520.0,3699.2,0.0782512992620468,0.0783567652106285,0.0837374776601791
1.0,qrnn_paper,paper_no_reset,henon_1000,4.0,0.001,6.0,4.0,4.0,1.0,64.0,0.0034529725089669,0.0030956408008933,0.0430948324501514,0.0415546000003814,0.9783194661140442,0.9806122183799744,30.0,4891.0,2433.2,0.0524664480239152,0.0508528761565685,0.0509185008704662
1.0,qrnn_paper,paper_no_reset,henon_1000,4.0,0.001,6.0,4.0,4.0,2.0,64.0,0.0240643396973609,0.0215035490691661,0.1148037612438201,0.1079219058156013,0.8373433351516724,0.8549306988716125,30.0,10461.0,5268.76,0.0790120497345924,0.0776687040925026,0.0791896656155586
1.0,qrnn_paper,paper_no_reset,henon_1000,4.0,0.001,6.0,4.0,4.0,4.0,64.0,0.0678201243281364,0.0648235529661178,0.2198338210582733,0.2163154482841491,0.3993695080280304,0.4329177141189575,30.0,2031.0,1036.91,0.0961696662008762,0.0938345789909362,0.0945356488227844
1.0,qrnn_paper,paper_no_reset,henon_1000,4.0,0.001,6.0,4.0,8.0,1.0,64.0,0.0134614240378141,0.012077028863132,0.0906515344977378,0.0854678750038147,0.9125444293022156,0.9213926196098328,30.0,2902.0,3022.92,0.0360356682911515,0.0354316160082817,0.0373940505087375
1.0,qrnn_paper,paper_no_reset,henon_1000,4.0,0.001,6.0,4.0,8.0,2.0,64.0,0.0467241927981376,0.0434958562254905,0.1671388447284698,0.1653790473937988,0.6520694494247437,0.6749662160873413,30.0,4168.0,4339.51,0.0643647830933332,0.06238704174757,0.0645805448293685
1.0,qrnn_paper,paper_no_reset,henon_1000,4.0,0.001,6.0,4.0,8.0,4.0,64.0,0.0694710463285446,0.0658933222293853,0.2155233770608902,0.2118459939956665,0.3767784833908081,0.4182822704315185,30.0,1707.0,1812.86,0.1159717127680778,0.1090270727872848,0.1126568168401718
1.0,qrnn_paper,paper_no_reset,henon_1000,4.0,0.001,6.0,4.0,16.0,1.0,64.0,0.0438384003937244,0.0398145467042923,0.1673095226287841,0.1579540073871612,0.6765896081924438,0.7099341154098511,30.0,2253.0,4888.82,0.0904458686709404,0.0886469781398773,0.0755491703748703
1.0,qrnn_paper,paper_no_reset,henon_1000,4.0,0.001,6.0,4.0,16.0,2.0,64.0,0.0657472014427185,0.0568300262093544,0.2102507650852203,0.195062518119812,0.447015643119812,0.5428449511528015,30.0,1722.0,3795.29,0.0746721729636192,0.076494000852108,0.0819497480988502
1.0,qrnn_paper,paper_no_reset,henon_1000,4.0,0.001,6.0,4.0,16.0,4.0,64.0,0.07918231934309,0.0815648734569549,0.2373864948749542,0.2405736148357391,0.155596062541008,0.0786513239145279,30.0,925.0,2084.48,0.0775105021893978,0.0843812227249145,0.083214446902275
1.0,qrnn_paper,paper_no_reset,henon_1000,5.0,0.001,6.0,2.0,4.0,1.0,64.0,0.0032572434283792,0.0029281617607921,0.0424445495009422,0.0408123359084129,0.9795504212379456,0.9817989468574524,34.0,3435.0,2027.72,0.0178570673801004,0.0176884438842535,0.0192517396062612
1.0,qrnn_paper,paper_no_reset,henon_1000,5.0,0.001,6.0,2.0,4.0,2.0,64.0,0.0250521600246429,0.0218266882002353,0.1246301308274269,0.1161853671073913,0.8300122618675232,0.8523720502853394,34.0,4233.0,2481.56,0.0491986691951751,0.0485657826066017,0.0509182102978229
1.0,qrnn_paper,paper_no_reset,henon_1000,5.0,0.001,6.0,2.0,4.0,4.0,64.0,0.0656094253063201,0.0617957934737205,0.2114903479814529,0.2077329605817794,0.4336424469947815,0.4749346673488617,34.0,2139.0,1276.53,0.0866852037608623,0.0848570466041565,0.0841424614191055
1.0,qrnn_paper,paper_no_reset,henon_1000,5.0,0.001,6.0,2.0,8.0,1.0,64.0,0.017641894519329,0.0171549171209335,0.1046364828944206,0.1020576879382133,0.8835968971252441,0.8859758377075195,34.0,2279.0,2762.06,0.0429070796817541,0.0393717028200626,0.0434019565582275
1.0,qrnn_paper,paper_no_reset,henon_1000,5.0,0.001,6.0,2.0,8.0,2.0,64.0,0.0457189828157424,0.0378461293876171,0.1704572290182113,0.15552818775177,0.6605445146560669,0.7254456877708435,34.0,2530.0,2960.09,0.0714645374566316,0.0728315040469169,0.0715646967291832
1.0,qrnn_paper,paper_no_reset,henon_1000,5.0,0.001,6.0,2.0,8.0,4.0,64.0,0.0707780420780181,0.0640913993120193,0.2168615311384201,0.2063992470502853,0.3664715588092804,0.4453923106193542,34.0,3536.0,4203.26,0.0809651978313922,0.0840670764446258,0.0835237875580787
1.0,qrnn_paper,paper_no_reset,henon_1000,5.0,0.001,6.0,2.0,16.0,1.0,64.0,0.0515425689518451,0.0496689863502979,0.1858410835266113,0.1818667352199554,0.6019552946090698,0.6205809116363525,34.0,784.0,1966.46,0.0642883516848087,0.0619220063090324,0.0654321685433387
1.0,qrnn_paper,paper_no_reset,henon_1000,5.0,0.001,6.0,2.0,16.0,2.0,64.0,0.0756149515509605,0.0705674216151237,0.2292128801345825,0.2202029079198837,0.3001159429550171,0.3620540499687195,34.0,824.0,2060.45,0.0782119706273078,0.0833724588155746,0.0842193290591239
,,,,,,,,,,,,,,,,,,,,,,
,,,,,,,,,,,,,,,,,,,,,,
,,,,,,,,,,,,,,,,,,,,,,
,,,,,,,,,,,,,,,,,,,,,,
1.0,qrnn_paper,paper_no_reset,henon_1000,5.0,0.001,6.0,4.0,8.0,1.0,64.0,0.0239173341542482,0.0214993972331285,0.1258377581834793,0.1194724813103675,0.8383462429046631,0.8547067046165466,30.0,1409.0,1480.22,0.0375079119578003,0.0361435525119304,0.0380561687052249
1.0,qrnn_paper,paper_no_reset,henon_1000,5.0,0.001,6.0,4.0,8.0,2.0,64.0,0.0599998235702514,0.0537104941904544,0.2059905529022216,0.1954831928014755,0.5111833214759827,0.5722996592521667,30.0,833.0,879.59,0.0590136229991912,0.0578539595007896,0.0651363134384155
1.0,qrnn_paper,paper_no_reset,henon_1000,5.0,0.001,6.0,4.0,8.0,4.0,64.0,0.0696295276284217,0.0644128173589706,0.2147085815668106,0.2104326486587524,0.3807365894317627,0.4401569366455078,30.0,2283.0,2414.23,0.0879714824259281,0.0872616991400718,0.0964928567409515
1.0,qrnn_paper,paper_no_reset,henon_1000,5.0,0.001,6.0,4.0,16.0,1.0,64.0,0.0552777424454689,0.0542912557721138,0.2011099457740783,0.1968230754137039,0.5638951659202576,0.5692809820175171,30.0,1326.0,2939.16,0.1256037846207618,0.1305555403232574,0.1212976053357124
1.0,qrnn_paper,paper_no_reset,henon_1000,5.0,0.001,6.0,4.0,16.0,2.0,64.0,0.059182196855545,0.0537495091557502,0.2022409588098526,0.1900795102119445,0.5182580351829529,0.5752663612365723,30.0,1674.0,3617.42,0.085401950776577,0.0895576104521751,0.1002939864993095
1.0,qrnn_paper,paper_no_reset,henon_1000,5.0,0.001,6.0,4.0,16.0,4.0,64.0,0.0772919133305549,0.076210968196392,0.2338859438896179,0.234117180109024,0.2062382996082306,0.2187041640281677,30.0,625.0,1381.75,0.0789431132376194,0.0798491537570953,0.0797207504510879
1.0,qrnn_paper,paper_no_reset,henon_1000,6.0,0.001,6.0,2.0,4.0,1.0,64.0,0.0023217832203954,0.0021979534067213,0.0341480188071727,0.0346628129482269,0.9854760766029358,0.9863370060920716,34.0,5166.0,3011.36,0.0105225834529846,0.010924894362688,0.0116067612543702
1.0,qrnn_paper,paper_no_reset,henon_1000,6.0,0.001,6.0,2.0,4.0,2.0,64.0,0.0193376298993825,0.0170121379196643,0.1039549186825752,0.0972708985209465,0.8716810345649719,0.8872805833816528,34.0,7119.0,4051.42,0.049555492773652,0.0491703748703002,0.052551481872797
1.0,qrnn_paper,paper_no_reset,henon_1000,6.0,0.001,6.0,2.0,4.0,4.0,64.0,0.0643626376986503,0.0617336854338645,0.2082301378250122,0.2076350748538971,0.4477788507938385,0.4756720066070556,34.0,1360.0,794.43,0.0696620214730501,0.0705868080258369,0.0722483769059181
1.0,qrnn_paper,paper_no_reset,henon_1000,6.0,0.001,6.0,2.0,8.0,1.0,64.0,0.0218411479145288,0.0203104261308908,0.1120013520121574,0.1053841039538383,0.8538469672203064,0.8634626269340515,34.0,2027.0,2420.99,0.054743530228734,0.0561338625848293,0.0564696490764617
1.0,qrnn_paper,paper_no_reset,henon_1000,6.0,0.001,6.0,2.0,8.0,2.0,64.0,0.0381971187889575,0.0344291031360626,0.1523069739341735,0.143759936094284,0.7268473505973816,0.7544631361961365,34.0,3955.0,4575.96,0.06552369967103,0.0644434466958046,0.0693126320838928
1.0,qrnn_paper,paper_no_reset,henon_1000,6.0,0.001,6.0,2.0,8.0,4.0,64.0,0.0715562552213668,0.0688835978507995,0.2197765260934829,0.218636006116867,0.3446406126022339,0.3733499050140381,34.0,634.0,772.87,0.0733184181153774,0.074756421148777,0.0777172818779945
1.0,qrnn_paper,paper_no_reset,henon_1000,6.0,0.001,6.0,2.0,16.0,1.0,64.0,0.0483513735234737,0.0439042896032333,0.1757087111473083,0.1668284088373184,0.6345093846321106,0.6731996536254883,34.0,759.0,1895.69,0.0741942621767521,0.0714238137006759,0.0784398168325424
1.0,qrnn_paper,paper_no_reset,henon_1000,6.0,0.001,6.0,2.0,16.0,2.0,64.0,0.0595135912299156,0.0637804120779037,0.2003050744533538,0.2100355625152588,0.5132437348365784,0.4548978805541992,34.0,870.0,2141.14,0.0779636770486831,0.0808535814285278,0.0826775804162025
1.0,qrnn_paper,paper_no_reset,henon_1000,6.0,0.001,6.0,2.0,16.0,4.0,64.0,0.0805157274007797,0.07330022752285,0.2379664182662964,0.2259041965007782,0.1707937717437744,0.2948309779167175,34.0,1272.0,3155.9,0.096245240420103,0.0949316993355751,0.1012421548366546
1.0,qrnn_paper,paper_no_reset,henon_1000,6.0,0.001,6.0,4.0,4.0,1.0,64.0,0.0070198234170675,0.0066497987136244,0.0634426027536392,0.0606784373521804,0.9553998708724976,0.9574694633483888,30.0,5759.0,2957.39,0.0253623319789767,0.0244533959776163,0.0256747584789991
1.0,qrnn_paper,paper_no_reset,henon_1000,6.0,0.001,6.0,4.0,4.0,2.0,64.0,0.0376668907701969,0.0350400917232036,0.1466257274150848,0.1410641819238662,0.7296568155288696,0.7492748498916626,30.0,2791.0,1520.08,0.0769859462976455,0.0774627104401588,0.077138140797615
1.0,qrnn_paper,paper_no_reset,henon_1000,6.0,0.001,6.0,4.0,4.0,4.0,64.0,0.0690183937549591,0.0683375000953674,0.2158466577529907,0.2187910825014114,0.3774276971817016,0.3795323371887207,30.0,1988.0,1014.48,0.0712725687772035,0.0725056380033493,0.0727406665682792
1.0,qrnn_paper,paper_no_reset,henon_1000,6.0,0.001,6.0,4.0,8.0,1.0,64.0,0.017007403075695,0.0160734206438064,0.1018625199794769,0.1015136316418647,0.8882600665092468,0.8936841487884521,30.0,5145.0,5289.64,0.0725375723093748,0.0728476643562316,0.0778147205710411
1.0,qrnn_paper,paper_no_reset,henon_1000,6.0,0.001,6.0,4.0,8.0,2.0,64.0,0.0431886166334152,0.0345929078757762,0.1642073392868042,0.1461296826601028,0.6849795579910278,0.753132700920105,30.0,2813.0,2971.71,0.0886147186160087,0.0881135761737823,0.0872486382722854
1.0,qrnn_paper,paper_no_reset,henon_1000,6.0,0.001,6.0,4.0,8.0,4.0,64.0,0.0730703324079513,0.063787005841732,0.2207223325967788,0.2106019258499145,0.3293024599552154,0.4486942291259765,30.0,1987.0,2066.23,0.0773899443447589,0.0757858455181121,0.0765493735671043
1.0,qrnn_paper,paper_no_reset,henon_1000,6.0,0.001,6.0,4.0,16.0,1.0,64.0,0.0463968478143215,0.0471718683838844,0.1708482801914215,0.1720125675201416,0.6532984375953674,0.6434617042541504,30.0,1421.0,3105.28,0.0683744926005602,0.0711693614721298,0.0731478780508041
1.0,qrnn_paper,paper_no_reset,henon_1000,6.0,0.001,6.0,4.0,16.0,2.0,64.0,0.0634249746799469,0.0565809234976768,0.2098611295223236,0.1934113055467605,0.4664697647094726,0.5434063673019409,30.0,763.0,1672.13,0.0655783731490373,0.0651515200734138,0.0692111477255821
1.0,qrnn_paper,paper_no_reset,henon_1000,6.0,0.001,6.0,4.0,16.0,4.0,64.0,0.0740450993180275,0.0716122165322303,0.2241196185350418,0.223516896367073,0.2846918702125549,0.3225390017032623,30.0,2138.0,4682.81,0.0933077067136764,0.0903558433055877,0.0997881814837455
1.0,qrnn_paper,paper_no_reset,henon_1000,7.0,0.001,6.0,2.0,4.0,1.0,64.0,0.0023524612188339,0.0021346311550587,0.0347428247332572,0.033597245812416,0.98527729511261,0.9867860078811646,34.0,3544.0,2079.11,0.0194113608449697,0.018647663295269,0.0195515789091587
1.0,qrnn_paper,paper_no_reset,henon_1000,7.0,0.001,6.0,2.0,4.0,2.0,64.0,0.0135427033528685,0.0129733709618449,0.0874817594885826,0.0873831734061241,0.9122135639190674,0.9156610369682312,34.0,6474.0,3700.96,0.0427995942533016,0.0428439565002918,0.0460070855915546
1.0,qrnn_paper,paper_no_reset,henon_1000,7.0,0.001,6.0,2.0,4.0,4.0,64.0,0.0649346560239791,0.0624272748827934,0.2124973833560943,0.2102892845869064,0.4405579268932342,0.4663155376911163,34.0,693.0,414.6,0.075210228562355,0.072155013680458,0.0751122161746025
1.0,qrnn_paper,paper_no_reset,henon_1000,7.0,0.001,6.0,2.0,8.0,1.0,64.0,0.0236018393188714,0.0219739228487014,0.1157646849751472,0.1154415756464004,0.8407803773880005,0.8515705466270447,34.0,2091.0,2500.88,0.044866294786334,0.0421885326504707,0.0468318611383438
1.0,qrnn_paper,paper_no_reset,henon_1000,7.0,0.001,6.0,2.0,8.0,2.0,64.0,0.0445098243653774,0.0412883087992668,0.1684223264455795,0.1639151871204376,0.6710116863250732,0.6952589154243469,34.0,921.0,1106.82,0.0592467978596687,0.0593109130859375,0.0623377449810504
1.0,qrnn_paper,paper_no_reset,henon_1000,7.0,0.001,6.0,2.0,8.0,4.0,64.0,0.0686645582318306,0.0646101459860801,0.2153751999139785,0.2109264582395553,0.3928881585597992,0.4377773702144623,34.0,2262.0,2752.61,0.0784961268305778,0.0782511979341507,0.0830268263816833
1.0,qrnn_paper,paper_no_reset,henon_1000,7.0,0.001,6.0,2.0,16.0,1.0,64.0,0.0559005849063396,0.0498489253222942,0.1916876286268234,0.1842002123594284,0.5568690896034241,0.6158813238143921,34.0,743.0,1835.8,0.0607685066759586,0.066228874027729,0.0723438635468483
1.0,qrnn_paper,paper_no_reset,henon_1000,7.0,0.001,6.0,2.0,16.0,2.0,64.0,0.0579526349902153,0.0546624176204204,0.1949453800916671,0.1896318346261978,0.5362230539321899,0.565570592880249,34.0,2266.0,5502.38,0.0873944371938705,0.0821260809898376,0.0905980020761489
1.0,qrnn_paper,paper_no_reset,henon_1000,7.0,0.001,6.0,2.0,16.0,4.0,64.0,0.081176683306694,0.071472629904747,0.2375863939523697,0.2242533564567566,0.165846511721611,0.3271205723285675,34.0,874.0,2159.91,0.0754085417836904,0.078517697751522,0.0808998644351959
1.0,qrnn_paper,paper_no_reset,henon_1000,7.0,0.001,6.0,4.0,4.0,1.0,64.0,0.0032031768932938,0.0030908500775694,0.0452171303331851,0.0452628880739212,0.9800043702125548,0.9805252552032472,30.0,5161.0,2711.25,0.031853349879384,0.0322358533740043,0.0326801128685474
1.0,qrnn_paper,paper_no_reset,henon_1000,7.0,0.001,6.0,4.0,4.0,2.0,64.0,0.03053311817348,0.0279159359633922,0.12613545358181,0.1202478483319282,0.7879128456115723,0.8066337704658508,30.0,2354.0,1236.2,0.052149411290884,0.0498021915555,0.0524899661540985
1.0,qrnn_paper,paper_no_reset,henon_1000,7.0,0.001,6.0,4.0,4.0,4.0,64.0,0.063773289322853,0.0615190975368022,0.2079529911279678,0.2055839449167251,0.4572336077690124,0.4791370630264282,30.0,3195.0,1693.97,0.0734386950731277,0.0706721618771553,0.0735011547803878
1.0,qrnn_paper,paper_no_reset,henon_1000,7.0,0.001,6.0,4.0,8.0,1.0,64.0,0.0181528963148593,0.0171862859278917,0.1075158417224884,0.1053481623530387,0.8802163004875183,0.8857916593551636,30.0,1461.0,1532.55,0.0537840470671653,0.0532365292310714,0.0573852397501468
1.0,qrnn_paper,paper_no_reset,henon_1000,7.0,0.001,6.0,4.0,8.0,2.0,64.0,0.0481855906546115,0.0451848208904266,0.1750188320875167,0.1704244315624237,0.6349071860313416,0.6602481603622437,30.0,886.0,962.76,0.0599061034619808,0.060859203338623,0.0593037940561771
1.0,qrnn_paper,paper_no_reset,henon_1000,7.0,0.001,6.0,4.0,8.0,4.0,64.0,0.0736707895994186,0.0676081106066703,0.2236865311861038,0.2185344249010086,0.3090955913066864,0.3924150466918945,30.0,3710.0,3900.46,0.0896651938557624,0.0884897634387016,0.0917074680328369
1.0,qrnn_paper,paper_no_reset,henon_1000,7.0,0.001,6.0,4.0,16.0,1.0,64.0,0.0582301616668701,0.0524865314364433,0.19668710231781,0.1880999952554702,0.5318022966384888,0.5885705351829529,30.0,869.0,1857.48,0.087633566558361,0.098303385078907,0.0861338153481483
1.0,qrnn_paper,paper_no_reset,henon_1000,7.0,0.001,6.0,4.0,16.0,2.0,64.0,0.0561382137238979,0.0525375381112098,0.1918297559022903,0.1911534816026687,0.5530616044998169,0.5890054106712341,30.0,4118.0,8776.42,0.1342163078486919,0.1358726620674133,0.1243529990315437
1.0,qrnn_paper,paper_no_reset,henon_1000,7.0,0.001,6.0,4.0,16.0,4.0,64.0,0.0861088335514068,0.0804348066449165,0.2443349808454513,0.2393997609615326,0.0159005336463451,0.1302391737699508,30.0,832.0,1822.9,0.1485091149806976,0.1550607085227966,0.1558936387300491
1.0,qrnn_paper,paper_no_reset,henon_1000,8.0,0.001,6.0,2.0,4.0,1.0,64.0,0.0017468384467065,0.0016571987653151,0.0316565334796905,0.031137490645051,0.9891039729118348,0.989647626876831,34.0,4172.0,2431.41,0.0450090840458869,0.0459898523986339,0.0473653003573417
1.0,qrnn_paper,paper_no_reset,henon_1000,8.0,0.001,6.0,2.0,4.0,2.0,64.0,0.0309139359742403,0.0280064307153224,0.1224366798996925,0.1173856407403945,0.7851404547691345,0.8057577013969421,34.0,5487.0,3163.75,0.068289839848876,0.0671491995453834,0.0689967349171638
,,,,,,,,,,,,,,,,,,,,,,
,,,,,,,,,,,,,,,,,,,,,,
,,,,,,,,,,,,,,,,,,,,,,
,,,,,,,,,,,,,,,,,,,,,,
1.0,qrnn_paper,paper_no_reset,henon_1000,8.0,0.001,6.0,2.0,16.0,1.0,64.0,0.0347726568579673,0.0343607552349567,0.1476298719644546,0.145970419049263,0.7559069991111755,0.756277322769165,34.0,3856.0,9056.05,0.0677584286779165,0.0719409435987472,0.0713984221220016
1.0,qrnn_paper,paper_no_reset,henon_1000,8.0,0.001,6.0,2.0,16.0,2.0,64.0,0.0692197605967521,0.0691060572862625,0.2150257527828216,0.2147030383348465,0.4028063714504242,0.3991587460041046,34.0,966.0,2404.54,0.0798377849161624,0.0838177278637886,0.0903999134898185
,,,,,,,,,,,,,,,,,,,,,,
,,,,,,,,,,,,,,,,,,,,,,
,,,,,,,,,,,,,,,,,,,,,,
,,,,,,,,,,,,,,,,,,,,,,
1.0,qrnn_paper,paper_no_reset,henon_1000,8.0,0.001,6.0,4.0,8.0,1.0,64.0,0.0244126748293638,0.0227976534515619,0.1228155568242073,0.1210374161601066,0.8347099423408508,0.8454289436340332,30.0,2639.0,2815.2,0.0745800077915191,0.0758132562041282,0.077048510313034
1.0,qrnn_paper,paper_no_reset,henon_1000,8.0,0.001,6.0,4.0,8.0,2.0,64.0,0.0438630506396293,0.0364485681056976,0.1620843857526779,0.1482529193162918,0.6813637614250183,0.7373368740081787,30.0,4756.0,5091.9,0.0765649933367967,0.0789937749505043,0.0848178416490554
1.0,qrnn_paper,paper_no_reset,henon_1000,8.0,0.001,6.0,4.0,8.0,4.0,64.0,0.070703200995922,0.0679482072591781,0.2209114730358123,0.2184672504663467,0.3523620963096618,0.3875862956047058,30.0,1178.0,1264.9,0.0789224058389663,0.0778440311551094,0.0782484412193298
1.0,qrnn_paper,paper_no_reset,henon_1000,8.0,0.001,6.0,4.0,16.0,1.0,64.0,0.0359165109694004,0.0347277671098709,0.150326132774353,0.1463936120271682,0.7462550401687622,0.7533147931098938,30.0,1881.0,4021.67,0.0592253606766462,0.0605785772204399,0.0614600628614425
1.0,qrnn_paper,paper_no_reset,henon_1000,8.0,0.001,6.0,4.0,16.0,2.0,64.0,0.0661906450986862,0.0619245059788227,0.2168743461370468,0.2090680599212646,0.4301144182682037,0.4786074757575989,30.0,2223.0,4870.44,0.081198488920927,0.0802431479096412,0.0858559012413024
1.0,qrnn_paper,paper_no_reset,henon_1000,8.0,0.001,6.0,4.0,16.0,4.0,64.0,0.077863410115242,0.0673535987734794,0.2357373386621475,0.2176636457443237,0.2205374985933303,0.3974940478801727,30.0,1735.0,3770.71,0.0738591291010379,0.0745566859841346,0.0830034986138343
,,,,,,,,,,,,,,,,,,,,,,
,,,,,,,,,,,,,,,,,,,,,,
,,,,,,,,,,,,,,,,,,,,,,
,,,,,,,,,,,,,,,,,,,,,,
1.0,qrnn_paper,paper_no_reset,henon_1000,9.0,0.001,6.0,2.0,8.0,2.0,64.0,0.0434866324067115,0.0420747138559818,0.1629399806261062,0.1591297388076782,0.6792144179344177,0.6880297064781189,34.0,738.0,873.24,0.0517160691320896,0.052397396415472,0.0545735843479633
1.0,qrnn_paper,paper_no_reset,henon_1000,9.0,0.001,6.0,2.0,8.0,4.0,64.0,0.0688309967517852,0.0655168890953064,0.2156630605459213,0.2137394547462463,0.3885172605514526,0.4254276156425476,34.0,2656.0,3122.39,0.0893614515662193,0.0902883857488632,0.0919713079929351
1.0,qrnn_paper,paper_no_reset,henon_1000,9.0,0.001,6.0,2.0,16.0,1.0,64.0,0.0349805541336536,0.034746203571558,0.1461672186851501,0.1494092345237732,0.7540156841278076,0.75388503074646,34.0,973.0,2285.55,0.0586880713701248,0.0592564828693866,0.0569451265037059
1.0,qrnn_paper,paper_no_reset,henon_1000,9.0,0.001,6.0,2.0,16.0,2.0,64.0,0.0508717969059944,0.0508228614926338,0.1832785606384277,0.1829787641763687,0.6094279289245605,0.6061158776283264,34.0,3897.0,9434.0,0.083163858950138,0.0829566344618797,0.0844909250736236
1.0,qrnn_paper,paper_no_reset,henon_1000,9.0,0.001,6.0,2.0,16.0,4.0,64.0,0.0725017637014389,0.0739365518093109,0.2223727107048034,0.2287921756505966,0.3196286559104919,0.284998208284378,34.0,662.0,1603.88,0.0830382008105516,0.080497920513153,0.082072377204895
1.0,qrnn_paper,paper_no_reset,henon_1000,9.0,0.001,6.0,4.0,4.0,1.0,64.0,0.0023570461198687,0.0021192769054323,0.0362515486776828,0.0346294902265071,0.9852486252784728,0.9868255853652954,30.0,1515.0,821.09,0.0449113897979259,0.0429528765380382,0.0443355701863765
1.0,qrnn_paper,paper_no_reset,henon_1000,9.0,0.001,6.0,4.0,4.0,2.0,64.0,0.0296578668057918,0.0271836780011653,0.1327375620603561,0.1275952458381652,0.794946551322937,0.8132299780845642,30.0,6722.0,3368.98,0.0513168733566999,0.0503122583031654,0.0526151321828365
1.0,qrnn_paper,paper_no_reset,henon_1000,9.0,0.001,6.0,4.0,4.0,4.0,64.0,0.0627071112394332,0.0599912293255329,0.2088325768709182,0.2056067138910293,0.4702729880809784,0.4980492889881134,30.0,6331.0,3229.26,0.0880438573658466,0.0854167714715004,0.0864254385232925
1.0,qrnn_paper,paper_no_reset,henon_1000,9.0,0.001,6.0,4.0,8.0,1.0,64.0,0.0086386753246188,0.0078162997961044,0.0714157298207283,0.0687152668833732,0.94483482837677,0.9499216675758362,30.0,4329.0,4509.31,0.0588880870491266,0.0602632611989975,0.0597990229725837
1.0,qrnn_paper,paper_no_reset,henon_1000,9.0,0.001,6.0,4.0,8.0,2.0,64.0,0.0346931628882885,0.0301374997943639,0.1450593769550323,0.1354223638772964,0.7554941773414612,0.7891125082969666,30.0,3133.0,3260.18,0.0734078153967857,0.0730243325233459,0.0781283527612686
1.0,qrnn_paper,paper_no_reset,henon_1000,9.0,0.001,6.0,4.0,8.0,4.0,64.0,0.071465827524662,0.0742993727326393,0.2195577472448349,0.2278168648481369,0.3397175669670105,0.2673756778240204,30.0,792.0,833.41,0.0787391006946563,0.0807927250862121,0.0775932073593139
,,,,,,,,,,,,,,,,,,,,,,
,,,,,,,,,,,,,,,,,,,,,,
,,,,,,,,,,,,,,,,,,,,,,
,,,,,,,,,,,,,,,,,,,,,,
1.0,qrnn_paper,paper_no_reset,mackey_1000,0.0,0.001,5.0,2.0,4.0,70.0,64.0,0.0340968407690525,0.0275588314980268,0.1441021114587783,0.1305075138807296,0.6230286955833435,0.7720861434936523,24.0,1381.0,506.37,0.0367830917239189,0.0322724096477031,0.0382259227335453
1.0,qrnn_paper,paper_no_reset,mackey_1000,0.0,0.001,5.0,2.0,4.0,140.0,64.0,0.0374429933726787,0.0445043593645095,0.1530403196811676,0.1681738644838333,0.5311304330825806,0.5922188758850098,24.0,1206.0,444.21,0.0539248043464289,0.0618705376982688,0.0507564097642898
1.0,qrnn_paper,paper_no_reset,mackey_1000,0.0,0.001,5.0,2.0,8.0,1.0,64.0,0.000140853531775,0.0002605949121061,0.0092854481190443,0.0117340125143527,0.9986451864242554,0.9980041980743408,24.0,1995.0,1625.56,0.0057821731781587,0.0095828473567962,0.0035040061920881
1.0,qrnn_paper,paper_no_reset,mackey_1000,0.0,0.001,5.0,2.0,8.0,70.0,64.0,0.028035907074809,0.0207434892654418,0.1290020197629928,0.1168506145477294,0.7075307965278625,0.8342626094818115,24.0,2174.0,1624.54,0.0305978225337134,0.0265987440943717,0.0371486991643905
,,,,,,,,,,,,,,,,,,,,,,
,,,,,,,,,,,,,,,,,,,,,,
,,,,,,,,,,,,,,,,,,,,,,
,,,,,,,,,,,,,,,,,,,,,,
,,,,,,,,,,,,,,,,,,,,,,
,,,,,,,,,,,,,,,,,,,,,,
,,,,,,,,,,,,,,,,,,,,,,
,,,,,,,,,,,,,,,,,,,,,,
,,,,,,,,,,,,,,,,,,,,,,
,,,,,,,,,,,,,,,,,,,,,,
,,,,,,,,,,,,,,,,,,,,,,
,,,,,,,,,,,,,,,,,,,,,,
,,,,,,,,,,,,,,,,,,,,,,
,,,,,,,,,,,,,,,,,,,,,,
,,,,,,,,,,,,,,,,,,,,,,
,,,,,,,,,,,,,,,,,,,,,,
,,,,,,,,,,,,,,,,,,,,,,
,,,,,,,,,,,,,,,,,,,,,,
,,,,,,,,,,,,,,,,,,,,,,
,,,,,,,,,,,,,,,,,,,,,,
1.0,qrnn_paper,paper_no_reset,mackey_1000,1.0,0.001,5.0,2.0,16.0,70.0,64.0,0.021938506513834,0.0132134510204195,0.1066427901387214,0.087363876402378,0.8199234008789062,0.8961807489395142,24.0,3224.0,5065.39,0.0399453106025854,0.042055107653141,0.0396972373127937
1.0,qrnn_paper,paper_no_reset,mackey_1000,1.0,0.001,5.0,2.0,16.0,140.0,64.0,0.0288438461720943,0.024247795343399,0.1268386244773864,0.1323482394218444,0.6921493411064148,0.8135601878166199,24.0,1550.0,2161.46,0.0352006261236965,0.0363926775753498,0.0451512262225151
1.0,qrnn_paper,paper_no_reset,mackey_1000,1.0,0.001,5.0,3.0,4.0,1.0,64.0,0.0002196310670115,0.0002957845572382,0.0122135216370224,0.0137973548844456,0.9979488849639891,0.9977219104766846,23.0,907.0,346.58,0.0012417707592248,0.0014139198465272,0.0009556750301271
1.0,qrnn_paper,paper_no_reset,mackey_1000,1.0,0.001,5.0,3.0,4.0,70.0,64.0,0.0342658273875713,0.0279871597886085,0.142687901854515,0.130912184715271,0.621729850769043,0.7657663226127625,23.0,696.0,250.31,0.0380348331398434,0.033409796655178,0.0397006385028362
1.0,qrnn_paper,paper_no_reset,mackey_1000,1.0,0.001,5.0,3.0,4.0,140.0,64.0,0.0378024093806743,0.0442582629621028,0.1554411351680755,0.1689475029706955,0.5151237845420837,0.602051854133606,23.0,1183.0,413.86,0.0452356995859493,0.0584433265030384,0.0451852716505527
1.0,qrnn_paper,paper_no_reset,mackey_1000,1.0,0.001,5.0,3.0,8.0,1.0,64.0,0.000311446696287,0.000575900892727,0.0133220199495553,0.0187044851481914,0.9973577857017516,0.9956392049789428,23.0,1872.0,1471.63,0.0038405601633712,0.0057200398296117,0.003032689448446
1.0,qrnn_paper,paper_no_reset,mackey_1000,1.0,0.001,5.0,3.0,8.0,70.0,64.0,0.0363218449056148,0.0238614622503519,0.1469198912382125,0.1242295131087303,0.5987120866775513,0.8103584051132202,23.0,463.0,336.88,0.0290433816197845,0.0246449653059244,0.0373080410063266
1.0,qrnn_paper,paper_no_reset,mackey_1000,1.0,0.001,5.0,3.0,8.0,140.0,64.0,0.0362162627279758,0.0320373848080635,0.1586722582578659,0.1451608091592788,0.5694888830184937,0.7294188141822815,23.0,3032.0,2011.3,0.047322838101536,0.0490738190710544,0.0467610210180282
1.0,qrnn_paper,paper_no_reset,mackey_1000,1.0,0.001,5.0,3.0,16.0,1.0,64.0,0.00044797747978,0.0008546366589143,0.0170373897999525,0.0217794701457023,0.9956581592559814,0.99341881275177,23.0,1421.0,2409.19,0.0121476394124329,0.019751725718379,0.0059323268942534
1.0,qrnn_paper,paper_no_reset,mackey_1000,1.0,0.001,5.0,3.0,16.0,70.0,64.0,0.0215262603014707,0.0151189481839537,0.1084773615002632,0.0961307287216186,0.7928292155265808,0.8794847130775452,23.0,1624.0,2376.72,0.0397259994513458,0.0376482121646404,0.0491138398647308
1.0,qrnn_paper,paper_no_reset,mackey_1000,1.0,0.001,5.0,3.0,16.0,140.0,64.0,0.0383991785347461,0.0297256670892238,0.1580086797475814,0.1422855257987976,0.5455058813095093,0.7403193116188049,23.0,967.0,1309.13,0.042749909684062,0.0392423756420612,0.0594609379768371
1.0,qrnn_paper,paper_no_reset,mackey_1000,2.0,0.001,5.0,2.0,4.0,1.0,64.0,4.272798469173722e-05,5.684678762918338e-05,0.005310068372637,0.0055645541287958,0.9996395111083984,0.9995648264884948,24.0,4224.0,1736.04,0.0094069342594593,0.0113280229270458,0.0071497065946459
1.0,qrnn_paper,paper_no_reset,mackey_1000,2.0,0.001,5.0,2.0,4.0,70.0,64.0,0.0357021428644657,0.0284477211534976,0.145203024148941,0.1339249312877655,0.6098461747169495,0.7607238292694092,24.0,1236.0,453.8,0.0394900830255614,0.03481937199831,0.040851704776287
1.0,qrnn_paper,paper_no_reset,mackey_1000,2.0,0.001,5.0,2.0,4.0,140.0,64.0,0.0379108153283596,0.0450246557593345,0.1581787914037704,0.1687017381191253,0.5144760012626648,0.5817643404006958,24.0,1056.0,389.6,0.0508019191005991,0.065116748213768,0.0524964109063148
1.0,qrnn_paper,paper_no_reset,mackey_1000,2.0,0.001,5.0,2.0,8.0,1.0,64.0,6.881274748593569e-05,0.0003961910551879,0.0066245049238204,0.0104715768247842,0.9993657469749452,0.9969484210014344,24.0,2058.0,1688.55,0.0134299217723309,0.0157828349620103,0.0118278330191969
1.0,qrnn_paper,paper_no_reset,mackey_1000,2.0,0.001,5.0,2.0,8.0,70.0,64.0,0.0298281572759151,0.0239262040704488,0.1356425583362579,0.1253004223108291,0.6848553419113159,0.8064684271812439,24.0,1497.0,1106.63,0.0435043014585971,0.0361247435212135,0.0553810372948646
1.0,qrnn_paper,paper_no_reset,mackey_1000,2.0,0.001,5.0,2.0,8.0,140.0,64.0,0.0395978055894374,0.0308152511715888,0.162226527929306,0.1468222290277481,0.5235196352005005,0.7386783957481384,24.0,3934.0,2615.72,0.0772238089703023,0.0748485252261161,0.0621770396828651
1.0,qrnn_paper,paper_no_reset,mackey_1000,2.0,0.001,5.0,2.0,16.0,1.0,64.0,0.0001618949172552,0.0003247061977162,0.0105586424469947,0.0123933730646967,0.99855637550354,0.997506618499756,24.0,2327.0,3856.84,0.0592846196144819,0.0690554827451706,0.0530046969652175
1.0,qrnn_paper,paper_no_reset,mackey_1000,2.0,0.001,5.0,2.0,16.0,70.0,64.0,0.0289859119802713,0.0206746328622102,0.1334156841039657,0.1187261119484901,0.714600145816803,0.8316912055015564,24.0,1160.0,1820.48,0.0307155893080764,0.0313936695456504,0.0345792137086391
1.0,qrnn_paper,paper_no_reset,mackey_1000,2.0,0.001,5.0,2.0,16.0,140.0,64.0,0.0360792018473148,0.0267123356461524,0.1591528207063675,0.1343401223421096,0.5887361168861389,0.7713252902030945,24.0,2419.0,3435.33,0.0445512463338673,0.0400599800050258,0.0579039901494979
,,,,,,,,,,,,,,,,,,,,,,
1.0,qrnn_paper,paper_no_reset,mackey_1000,2.0,0.001,5.0,3.0,4.0,70.0,64.0,0.0349346660077571,0.0286645740270614,0.142182856798172,0.1326137781143188,0.612725019454956,0.7608354687690735,23.0,2887.0,1025.38,0.0522170219984319,0.0482196398079395,0.0589589364826679
1.0,qrnn_paper,paper_no_reset,mackey_1000,2.0,0.001,5.0,3.0,4.0,140.0,64.0,0.0369120240211486,0.0445928424596786,0.1538561284542083,0.1688890159130096,0.5333468914031982,0.589680552482605,23.0,907.0,327.23,0.0512786743412208,0.0637350231409072,0.0543504133820533
1.0,qrnn_paper,paper_no_reset,mackey_1000,2.0,0.001,5.0,3.0,8.0,1.0,64.0,0.000268924399279,0.0004593461053445,0.0124899968504905,0.0148928137496113,0.9975595474243164,0.9964584112167358,23.0,1999.0,1628.12,0.0141671826131641,0.0157987680286169,0.0126113584265112
1.0,qrnn_paper,paper_no_reset,mackey_1000,2.0,0.001,5.0,3.0,8.0,70.0,64.0,0.0327933579683303,0.0222634803503751,0.1410719156265258,0.1209038719534874,0.6581959128379822,0.822817325592041,23.0,964.0,693.5,0.0282318128479851,0.0264718979597091,0.0343179069459438
1.0,qrnn_paper,paper_no_reset,mackey_1000,2.0,0.001,5.0,3.0,8.0,140.0,64.0,0.0404926873743534,0.0362473987042903,0.1645113229751587,0.1582494676113128,0.4854850471019745,0.6851440072059631,23.0,2222.0,1472.8,0.0519577730447053,0.0572413057088851,0.0495767854154109
1.0,qrnn_paper,paper_no_reset,mackey_1000,2.0,0.001,5.0,3.0,16.0,1.0,64.0,0.0015236036852002,0.0028439278248697,0.028974026441574,0.0403375178575515,0.9851407408714294,0.9778456091880798,23.0,800.0,1297.02,0.0084189858753234,0.0131404884159564,0.0066847652196884
1.0,qrnn_paper,paper_no_reset,mackey_1000,2.0,0.001,5.0,3.0,16.0,70.0,64.0,0.0279670730233192,0.0173880048096179,0.1252789199352264,0.1064848974347114,0.7164839506149292,0.8607335090637207,23.0,1743.0,2603.39,0.0671943070160018,0.0600587129592895,0.0952694192528724
1.0,qrnn_paper,paper_no_reset,mackey_1000,2.0,0.001,5.0,3.0,16.0,140.0,64.0,0.0363763943314552,0.0230189282447099,0.1496321558952331,0.1221948415040969,0.6046165227890015,0.8143125772476196,23.0,2554.0,3423.01,0.0426879038568586,0.0409207828342914,0.0435694083571434
1.0,qrnn_paper,paper_no_reset,mackey_1000,3.0,0.001,5.0,2.0,4.0,1.0,64.0,5.812869858345948e-05,7.407763041555882e-05,0.0061097298748791,0.0062427297234535,0.9995152950286864,0.9994281530380248,24.0,2441.0,978.18,0.0035182735417038,0.0039479974657297,0.0027740804944187
1.0,qrnn_paper,paper_no_reset,mackey_1000,3.0,0.001,5.0,2.0,4.0,70.0,64.0,0.0333030484616756,0.0273809432983398,0.142503023147583,0.1298751235008239,0.6332115530967712,0.7749271392822266,24.0,2012.0,745.03,0.0499705452885892,0.0484850592911243,0.0549796111881732
1.0,qrnn_paper,paper_no_reset,mackey_1000,3.0,0.001,5.0,2.0,4.0,140.0,64.0,0.040133137255907,0.043207574635744,0.1594527661800384,0.1676440834999084,0.4797883629798889,0.6134324669837952,24.0,950.0,353.19,0.0454990879580792,0.0573979467153549,0.0471414476633071
1.0,qrnn_paper,paper_no_reset,mackey_1000,3.0,0.001,5.0,2.0,8.0,1.0,64.0,0.0003204536042176,0.0006125112413428,0.014584444463253,0.017602227628231,0.9970408082008362,0.9953100085258484,24.0,1590.0,1289.65,0.0156040157191455,0.0303735435009002,0.0093532791361212
1.0,qrnn_paper,paper_no_reset,mackey_1000,3.0,0.001,5.0,2.0,8.0,70.0,64.0,0.0312168505042791,0.0229825489223003,0.1384893059730529,0.1213422939181327,0.6748343110084534,0.811876118183136,24.0,2128.0,1552.25,0.0308705311682489,0.0279976334422826,0.0345146059989929
1.0,qrnn_paper,paper_no_reset,mackey_1000,3.0,0.001,5.0,2.0,8.0,140.0,64.0,0.0382243581116199,0.0346790105104446,0.1616148203611374,0.1519171148538589,0.5381126403808594,0.699627697467804,24.0,2206.0,1542.38,0.0464468514546752,0.0476246662437915,0.0486755743622779
1.0,qrnn_paper,paper_no_reset,mackey_1000,3.0,0.001,5.0,2.0,16.0,1.0,64.0,0.0007804631604813,0.0016119607025757,0.021509189158678,0.0283667910844087,0.9930952787399292,0.987546443939209,24.0,3769.0,6298.91,0.0111904547084122,0.0191490557044744,0.0108702834695577
1.0,qrnn_paper,paper_no_reset,mackey_1000,3.0,0.001,5.0,2.0,16.0,70.0,64.0,0.0200323946774005,0.0133612705394625,0.1071720719337463,0.0920718982815742,0.8168659806251526,0.8976052403450012,24.0,1669.0,2640.67,0.0306963943358924,0.034017764031887,0.0330369547009468
1.0,qrnn_paper,paper_no_reset,mackey_1000,3.0,0.001,5.0,2.0,16.0,140.0,64.0,0.0383944697678089,0.0228589158505201,0.1621071547269821,0.1216820701956749,0.5646440386772156,0.813606321811676,24.0,2687.0,3869.67,0.0353909777477383,0.0330663435161113,0.0412376746535301
1.0,qrnn_paper,paper_no_reset,mackey_1000,3.0,0.001,5.0,3.0,4.0,1.0,64.0,0.000300398474792,0.0010808689985424,0.014793767593801,0.0175743326544761,0.9970943927764891,0.9916637539863586,23.0,5534.0,2180.57,0.0096574942115694,0.0111387418583035,0.00765424920246
1.0,qrnn_paper,paper_no_reset,mackey_1000,3.0,0.001,5.0,3.0,4.0,70.0,64.0,0.0341784954071044,0.0290289912372827,0.1418551057577133,0.1345768123865127,0.6191067099571228,0.7555225491523743,23.0,2296.0,823.25,0.0419819657173421,0.0370543785393238,0.0446225591003894
1.0,qrnn_paper,paper_no_reset,mackey_1000,3.0,0.001,5.0,3.0,4.0,140.0,64.0,0.0396903604269027,0.0512872338294982,0.1653767675161361,0.1880618929862976,0.4911698698997497,0.5394234657287598,23.0,2115.0,762.66,0.0734713089316048,0.0803299024701118,0.0881491526961326
1.0,qrnn_paper,paper_no_reset,mackey_1000,3.0,0.001,5.0,3.0,8.0,1.0,64.0,0.00036215185537,0.0008456031209789,0.015024778433144,0.0211280956864357,0.996476113796234,0.9935289025306702,23.0,3498.0,2785.02,0.0043519721832126,0.0059420787729322,0.0031350261997431
1.0,qrnn_paper,paper_no_reset,mackey_1000,3.0,0.001,5.0,3.0,8.0,70.0,64.0,0.0344999320805072,0.0239742472767829,0.1453874707221985,0.124773234128952,0.6479889750480652,0.8022398948669434,23.0,1439.0,1067.9,0.0335543261220057,0.0286221522837877,0.0401499755680561
1.0,qrnn_paper,paper_no_reset,mackey_1000,3.0,0.001,5.0,3.0,8.0,140.0,64.0,0.0377115160226821,0.0337322875857353,0.1604500859975814,0.1509269326925277,0.5335783362388611,0.7166792154312134,23.0,3961.0,2567.5,0.0483379201032221,0.0497046075761318,0.0487839430570602
1.0,qrnn_paper,paper_no_reset,mackey_1000,3.0,0.001,5.0,3.0,16.0,1.0,64.0,0.0010469286935403,0.001591270789504,0.0238606948405504,0.0295772552490234,0.9901305437088012,0.98776376247406,23.0,1129.0,1892.94,0.0559890761971473,0.0753472968935966,0.0415721386671066
1.0,qrnn_paper,paper_no_reset,mackey_1000,3.0,0.001,5.0,3.0,16.0,70.0,64.0,0.0201675221323966,0.0152862472459673,0.1087283641099929,0.1010223552584648,0.8228462934494019,0.8782501220703125,23.0,1886.0,2845.64,0.0254315005408393,0.0243926756083965,0.0332412496209144
1.0,qrnn_paper,paper_no_reset,mackey_1000,3.0,0.001,5.0,3.0,16.0,140.0,64.0,0.0366437919437885,0.0211100801825523,0.1523902416229248,0.1153034716844558,0.6458914875984192,0.8343889117240906,23.0,2065.0,2782.99,0.0411029634997248,0.0334059186279773,0.0603566467761993
1.0,qrnn_paper,paper_no_reset,mackey_1000,4.0,0.001,5.0,2.0,4.0,1.0,64.0,4.367220390122384e-05,7.745193579467013e-05,0.0053199189715087,0.0060120359994471,0.9995864033699036,0.9994072318077089,24.0,5099.0,2041.31,0.0093232000712305,0.0114816995337605,0.0071962405927479
1.0,qrnn_paper,paper_no_reset,mackey_1000,4.0,0.001,5.0,2.0,4.0,70.0,64.0,0.0345456711947917,0.027966110035777,0.1444014310836792,0.1317349374294281,0.6200318932533264,0.766869306564331,24.0,1285.0,476.15,0.038829992007878,0.0331717245280742,0.0419097691774368
1.0,qrnn_paper,paper_no_reset,mackey_1000,4.0,0.001,5.0,2.0,4.0,140.0,64.0,0.0377325415611267,0.0446910746395587,0.1588101238012313,0.1701208353042602,0.515046238899231,0.5896390080451965,24.0,1311.0,480.91,0.0604069975929127,0.0707919001579284,0.0626586005091667
,,,,,,,,,,,,,,,,,,,,,,
,,,,,,,,,,,,,,,,,,,,,,
,,,,,,,,,,,,,,,,,,,,,,
,,,,,,,,,,,,,,,,,,,,,,
1.0,qrnn_paper,paper_no_reset,mackey_1000,4.0,0.001,5.0,2.0,16.0,70.0,64.0,0.019162056967616,0.0118291806429624,0.1016432121396064,0.0844612568616867,0.832647442817688,0.9086093902587892,24.0,1191.0,1858.99,0.0311242023275958,0.0330548472702503,0.0418887436389923
1.0,qrnn_paper,paper_no_reset,mackey_1000,4.0,0.001,5.0,2.0,16.0,140.0,64.0,0.0367245450615882,0.0244148150086402,0.1566226929426193,0.1303999871015548,0.5886306762695312,0.7998536825180054,24.0,1363.0,1992.39,0.0406523384153842,0.040736973285675,0.0404590293765068
1.0,qrnn_paper,paper_no_reset,mackey_1000,4.0,0.001,5.0,3.0,4.0,1.0,64.0,2.438848059682641e-05,0.0001419993786839,0.0039609395898878,0.0060659926384687,0.9997861981391908,0.9989033341407776,23.0,5586.0,2129.08,0.0088525461032986,0.0121578378602862,0.0068494053557515
1.0,qrnn_paper,paper_no_reset,mackey_1000,4.0,0.001,5.0,3.0,4.0,70.0,64.0,0.0331005938351154,0.0291130486875772,0.1349449455738067,0.1326702833175659,0.6285168528556824,0.7561789751052856,23.0,2088.0,718.65,0.0704270895156595,0.0612545013427734,0.0957210808992385
1.0,qrnn_paper,paper_no_reset,mackey_1000,4.0,0.001,5.0,3.0,4.0,140.0,64.0,0.0381813757121562,0.0472352169454097,0.1603334844112396,0.174089252948761,0.5090777277946472,0.5578113794326782,23.0,1132.0,409.96,0.0487345163193013,0.0571662001311779,0.0453845113515853
1.0,qrnn_paper,paper_no_reset,mackey_1000,4.0,0.001,5.0,3.0,8.0,1.0,64.0,5.6863958889152855e-05,0.0002788613201119,0.0057695684954524,0.0092904111370444,0.999473750591278,0.997852623462677,23.0,3116.0,2439.68,0.0127573784440755,0.021497044712305,0.0074917920865118
1.0,qrnn_paper,paper_no_reset,mackey_1000,4.0,0.001,5.0,3.0,8.0,70.0,64.0,0.0372692048549652,0.0256380569189786,0.1493371129035949,0.1272597759962082,0.6009202599525452,0.7891504764556885,23.0,1051.0,756.94,0.0295726309219996,0.0282870810478925,0.0365571267902851
1.0,qrnn_paper,paper_no_reset,mackey_1000,4.0,0.001,5.0,3.0,8.0,140.0,64.0,0.0388850197196006,0.0283437222242355,0.1588453650474548,0.1324623823165893,0.5649714469909668,0.7698538303375244,23.0,3181.0,2089.71,0.0441264067776501,0.0449833236634731,0.0417546443641185
1.0,qrnn_paper,paper_no_reset,mackey_1000,4.0,0.001,5.0,3.0,16.0,1.0,64.0,0.0001622235722607,0.0002630306989885,0.0092874588444828,0.011852828785777,0.9985009431838988,0.9979732632637024,23.0,1592.0,2640.08,0.0050424446817487,0.0093480665236711,0.0023935008794069
1.0,qrnn_paper,paper_no_reset,mackey_1000,4.0,0.001,5.0,3.0,16.0,70.0,64.0,0.0224398281425237,0.018438721075654,0.1220674291253089,0.113824687898159,0.7689540386199951,0.8494939804077148,23.0,2477.0,3648.12,0.0246272020869784,0.0247696842998266,0.0331440828740596
1.0,qrnn_paper,paper_no_reset,mackey_1000,4.0,0.001,5.0,3.0,16.0,140.0,64.0,0.0396222062408924,0.0237031858414411,0.1674608141183853,0.125733733177185,0.5349851846694946,0.8033843636512756,23.0,1243.0,1693.19,0.0368071682751178,0.0337019748985767,0.0408420786261558
1.0,qrnn_paper,paper_no_reset,mackey_1000,5.0,0.001,5.0,2.0,4.0,1.0,64.0,7.631316839251667e-05,0.0001290052168769,0.0071820900775492,0.0085396878421306,0.9993122220039368,0.9990146160125732,24.0,1768.0,727.88,0.0125886335037648,0.0135730346664786,0.0105659049004316
1.0,qrnn_paper,paper_no_reset,mackey_1000,5.0,0.001,5.0,2.0,4.0,70.0,64.0,0.0352220945060253,0.0276967994868755,0.1439322531223297,0.1304534524679184,0.612870454788208,0.7696317434310913,24.0,2443.0,915.96,0.0431415848433971,0.0368117056787014,0.0473957061767578
1.0,qrnn_paper,paper_no_reset,mackey_1000,5.0,0.001,5.0,2.0,4.0,140.0,64.0,0.0381136909127235,0.0447698161005973,0.1557826399803161,0.1690386682748794,0.5090027451515198,0.5950881242752075,24.0,1899.0,703.4,0.0608219972087277,0.0638696178793907,0.0536725036799907
1.0,qrnn_paper,paper_no_reset,mackey_1000,5.0,0.001,5.0,2.0,8.0,1.0,64.0,0.0001087128839571,0.0001973633188754,0.0083826519548892,0.0092613194137811,0.9990075826644896,0.99848735332489,24.0,2022.0,1712.8,0.0134869143366813,0.0171433966606855,0.0096978591755032
1.0,qrnn_paper,paper_no_reset,mackey_1000,5.0,0.001,5.0,2.0,8.0,70.0,64.0,0.0312954969704151,0.0221750270575284,0.1416904926300048,0.121379405260086,0.6806772947311401,0.8194403052330017,24.0,2031.0,1566.61,0.0299432492918438,0.0278180185705423,0.0342806950211524
1.0,qrnn_paper,paper_no_reset,mackey_1000,5.0,0.001,5.0,2.0,8.0,140.0,64.0,0.037591565400362,0.0386803671717643,0.1589243710041046,0.1627117544412613,0.5286062359809875,0.6527618765830994,24.0,1570.0,1073.34,0.054236666765064,0.0560311377048492,0.0563782043755054
1.0,qrnn_paper,paper_no_reset,mackey_1000,5.0,0.001,5.0,2.0,16.0,1.0,64.0,0.0001313086831942,0.0006100488244555,0.0093209873884916,0.0153529802337288,0.9987845420837402,0.9952923655509948,24.0,2152.0,3734.68,0.0226085722446441,0.0268003065139055,0.0179507136344909
1.0,qrnn_paper,paper_no_reset,mackey_1000,5.0,0.001,5.0,2.0,16.0,70.0,64.0,0.0143814925104379,0.008561523631215,0.0904643237590789,0.0716576725244522,0.8777138590812683,0.935270369052887,24.0,2262.0,3455.05,0.0233677331772115,0.0246227029711008,0.030272351577878
1.0,qrnn_paper,paper_no_reset,mackey_1000,5.0,0.001,5.0,2.0,16.0,140.0,64.0,0.0324389226734638,0.0270011182874441,0.1471924930810928,0.133148193359375,0.6274964213371277,0.7879472374916077,24.0,2358.0,3358.33,0.0359631367027759,0.0382787734270095,0.0356260798871517
1.0,qrnn_paper,paper_no_reset,mackey_1000,5.0,0.001,5.0,3.0,4.0,1.0,64.0,7.524446118623018e-05,0.0001293733657803,0.0070338011719286,0.0082158809527754,0.9992914795875548,0.9990078210830688,23.0,2513.0,971.06,0.0150866149459034,0.0340054370462894,0.0076913107186555
1.0,qrnn_paper,paper_no_reset,mackey_1000,5.0,0.001,5.0,3.0,4.0,70.0,64.0,0.0337084084749221,0.0297422464936971,0.1394129991531372,0.138290986418724,0.6242046356201172,0.7484248876571655,23.0,981.0,360.34,0.0410490168465508,0.0362010300159454,0.0440340675413608
1.0,qrnn_paper,paper_no_reset,mackey_1000,5.0,0.001,5.0,3.0,4.0,140.0,64.0,0.0380620695650577,0.0444054454565048,0.157569333910942,0.1702169924974441,0.5085538029670715,0.6039160490036011,23.0,1964.0,699.38,0.0629785851471954,0.0663556978106498,0.0550801642239093
1.0,qrnn_paper,paper_no_reset,mackey_1000,5.0,0.001,5.0,3.0,8.0,1.0,64.0,3.596761598601006e-05,0.0001835861476138,0.0048582609742879,0.0069933314807713,0.999666154384613,0.9985860586166382,23.0,3127.0,2517.52,0.0147638576105237,0.0195398144423961,0.0109600443392992
1.0,qrnn_paper,paper_no_reset,mackey_1000,5.0,0.001,5.0,3.0,8.0,70.0,64.0,0.0326290242373943,0.0222489219158887,0.1470036208629608,0.1225825995206832,0.6539483070373535,0.8202994465827942,23.0,2081.0,1528.33,0.0280949945251146,0.0264012608677148,0.0349530950188636
1.0,qrnn_paper,paper_no_reset,mackey_1000,5.0,0.001,5.0,3.0,8.0,140.0,64.0,0.0387272760272026,0.0389927178621292,0.1602184474468231,0.1614757627248764,0.5114647150039673,0.6525229811668396,23.0,1449.0,984.99,0.0407538614235818,0.0413031987845897,0.0371637307107448
1.0,qrnn_paper,paper_no_reset,mackey_1000,5.0,0.001,5.0,3.0,16.0,1.0,64.0,8.313376747537404e-05,0.0006123912753537,0.0068941726349294,0.0139371007680892,0.9992532134056092,0.9953041672706604,23.0,1863.0,2994.58,0.012291654292494,0.013935012742877,0.0084302593022584
1.0,qrnn_paper,paper_no_reset,mackey_1000,5.0,0.001,5.0,3.0,16.0,70.0,64.0,0.0220212079584598,0.0161719862371683,0.1160482168197631,0.1067297607660293,0.7960540652275085,0.8735029101371765,23.0,1809.0,2693.89,0.0340588842001226,0.0390086844563484,0.037411343306303
1.0,qrnn_paper,paper_no_reset,mackey_1000,5.0,0.001,5.0,3.0,16.0,140.0,64.0,0.0351010113954544,0.0235365405678749,0.1535484790802002,0.1217764467000961,0.6232360005378723,0.8133520483970642,23.0,1947.0,2584.92,0.0377440883312374,0.0363525860011577,0.0374034717679023
1.0,qrnn_paper,paper_no_reset,mackey_1000,6.0,0.001,5.0,2.0,4.0,1.0,64.0,1.9056233213632368e-05,2.3075221179169603e-05,0.0034164427779614,0.0035021672956645,0.9998531937599182,0.9998237490653992,24.0,4147.0,1688.47,0.0087242356035858,0.0092563163489103,0.0069951200857758
1.0,qrnn_paper,paper_no_reset,mackey_1000,6.0,0.001,5.0,2.0,4.0,70.0,64.0,0.0367704480886459,0.0284250006079673,0.1480933576822281,0.1321308463811874,0.6021655201911926,0.762507975101471,24.0,1061.0,403.79,0.038420671183202,0.0333470031619071,0.0401869863271713
1.0,qrnn_paper,paper_no_reset,mackey_1000,6.0,0.001,5.0,2.0,4.0,140.0,64.0,0.0373588539659976,0.0437568128108978,0.1541708409786224,0.1693901717662811,0.5237449407577515,0.6073580384254456,24.0,1249.0,469.0,0.048603530973196,0.0588210187852382,0.0502257458865642
1.0,qrnn_paper,paper_no_reset,mackey_1000,6.0,0.001,5.0,2.0,8.0,1.0,64.0,0.0001074224419426,0.0002030344476224,0.0080124149098992,0.0097786448895931,0.9989863038063048,0.9984347224235536,24.0,1886.0,1536.68,0.0010496544593479,0.0022060105111449,0.0006610951968468
1.0,qrnn_paper,paper_no_reset,mackey_1000,6.0,0.001,5.0,2.0,8.0,70.0,64.0,0.0339268967509269,0.022290488705039,0.1441223621368408,0.1215177997946739,0.6559386253356934,0.8182857632637024,24.0,1322.0,988.39,0.0385964918467733,0.0335937850177288,0.0483854226768016
1.0,qrnn_paper,paper_no_reset,mackey_1000,6.0,0.001,5.0,2.0,8.0,140.0,64.0,0.0395174175500869,0.033338725566864,0.1601601094007492,0.1457273215055465,0.5215535163879395,0.7123017311096191,24.0,3415.0,2340.68,0.0553402621299028,0.0559972524642944,0.0556448549032211
1.0,qrnn_paper,paper_no_reset,mackey_1000,6.0,0.001,5.0,2.0,16.0,1.0,64.0,0.0013980177463963,0.0025555458851158,0.0285551603883504,0.0367291904985904,0.9868856072425842,0.9801583886146544,24.0,1542.0,2669.27,0.0191252242773771,0.0231637060642242,0.0151514969766139
1.0,qrnn_paper,paper_no_reset,mackey_1000,6.0,0.001,5.0,2.0,16.0,70.0,64.0,0.0172470770776271,0.0176408402621746,0.1044647023081779,0.1090418174862861,0.8346432447433472,0.8574071526527405,24.0,1359.0,2178.86,0.0227260301924414,0.0247693452984094,0.0270308256149292
1.0,qrnn_paper,paper_no_reset,mackey_1000,6.0,0.001,5.0,2.0,16.0,140.0,64.0,0.0345621965825557,0.0236638784408569,0.1501422971487045,0.1241110861301422,0.6121202111244202,0.8193071484565735,24.0,967.0,1339.57,0.03279739478603,0.0309514719992876,0.0343453884124755
1.0,qrnn_paper,paper_no_reset,mackey_1000,6.0,0.001,5.0,3.0,4.0,1.0,64.0,3.562019992386922e-05,5.487759699462913e-05,0.0044919308274984,0.0054713864810764,0.9996946454048156,0.9995787143707277,23.0,3673.0,1434.82,0.0130257794633507,0.0147471269592642,0.0104563320055603
1.0,qrnn_paper,paper_no_reset,mackey_1000,6.0,0.001,5.0,3.0,4.0,70.0,64.0,0.0339624173939228,0.0286128893494606,0.1419825553894043,0.1333617120981216,0.6275015473365784,0.759737491607666,23.0,1663.0,601.93,0.0399875533249643,0.0347524136304855,0.0416435785591602
1.0,qrnn_paper,paper_no_reset,mackey_1000,6.0,0.001,5.0,3.0,4.0,140.0,64.0,0.0405874513089656,0.0420300960540771,0.1610164195299148,0.1661362498998642,0.4731378257274627,0.6304951906204224,23.0,1340.0,479.27,0.0504088515622748,0.0600511580705642,0.0539193488657474
1.0,qrnn_paper,paper_no_reset,mackey_1000,6.0,0.001,5.0,3.0,8.0,1.0,64.0,0.0001104939074139,0.0002642522740643,0.0084097227081656,0.0114380605518817,0.9990072250366212,0.9980013966560364,23.0,2632.0,2110.65,0.0173036757856607,0.0177127923816442,0.0158732254058122
1.0,qrnn_paper,paper_no_reset,mackey_1000,6.0,0.001,5.0,3.0,8.0,70.0,64.0,0.0309754349291324,0.0239687282592058,0.1431905627250671,0.1270479708909988,0.6665636301040649,0.8041667342185974,23.0,1555.0,1163.95,0.0606832119325796,0.0540385544300079,0.0697950273752212
1.0,qrnn_paper,paper_no_reset,mackey_1000,6.0,0.001,5.0,3.0,8.0,140.0,64.0,0.0407042354345321,0.0347749441862106,0.1631014496088028,0.1519815176725387,0.4927346110343933,0.6940112113952637,23.0,2131.0,1361.17,0.0589912007562816,0.0586452484130859,0.058551263064146
1.0,qrnn_paper,paper_no_reset,mackey_1000,6.0,0.001,5.0,3.0,16.0,1.0,64.0,0.0005455013597384,0.0011724084615707,0.018992954865098,0.0254111308604478,0.9949260354042052,0.9910253882408142,23.0,1015.0,1670.79,0.012158809415996,0.0174134895205497,0.0088174315169453
1.0,qrnn_paper,paper_no_reset,mackey_1000,6.0,0.001,5.0,3.0,16.0,70.0,64.0,0.0273611731827259,0.0189751852303743,0.1259524524211883,0.1094469055533409,0.7205721139907837,0.8447721004486084,23.0,1278.0,1833.46,0.0251929793092939,0.0214200019836425,0.0344812758266925
1.0,qrnn_paper,paper_no_reset,mackey_1000,6.0,0.001,5.0,3.0,16.0,140.0,64.0,0.0352987237274646,0.0224397778511047,0.1529974341392517,0.1229109466075897,0.6050313711166382,0.8330886363983154,23.0,1037.0,1428.92,0.0337911022361367,0.0284989792853593,0.0401437133550643
1.0,qrnn_paper,paper_no_reset,mackey_1000,7.0,0.001,5.0,2.0,4.0,1.0,64.0,2.818883876898326e-05,6.14097953075543e-05,0.0042586768977344,0.0058481874875724,0.9997456669807434,0.9995261430740356,24.0,5043.0,2007.8,0.0102250671479851,0.0123818051069974,0.0084239551797509
1.0,qrnn_paper,paper_no_reset,mackey_1000,7.0,0.001,5.0,2.0,4.0,70.0,64.0,0.0334519296884536,0.0289710741490125,0.138426274061203,0.1354064494371414,0.6289870738983154,0.7553833723068237,24.0,1057.0,396.92,0.0384389733274777,0.0339423269033432,0.0413541905581951
1.0,qrnn_paper,paper_no_reset,mackey_1000,7.0,0.001,5.0,2.0,4.0,140.0,64.0,0.0375082455575466,0.0459395609796047,0.1596448123455047,0.1732692420482635,0.5187608599662781,0.5763125419616699,24.0,1265.0,459.72,0.0527267774773968,0.0624107606709003,0.0489467009902
1.0,qrnn_paper,paper_no_reset,mackey_1000,7.0,0.001,5.0,2.0,8.0,1.0,64.0,9.554953430779278e-05,0.0003375349042471,0.0075673949904739,0.0111369909718632,0.9990715980529784,0.9973994493484496,24.0,1095.0,878.68,0.0038410455686971,0.0048334575258195,0.0027075537946075
1.0,qrnn_paper,paper_no_reset,mackey_1000,7.0,0.001,5.0,2.0,8.0,70.0,64.0,0.0272538848221302,0.0201948601752519,0.1265263557434082,0.1150091215968132,0.71616131067276,0.8379475474357605,24.0,2549.0,1948.88,0.0327574362357457,0.0300355963408947,0.0363889709115028
1.0,qrnn_paper,paper_no_reset,mackey_1000,7.0,0.001,5.0,2.0,8.0,140.0,64.0,0.0398377180099487,0.0313115455210208,0.165200263261795,0.1469485908746719,0.5040018558502197,0.7354338765144348,24.0,3218.0,2171.15,0.0458311028778553,0.0480709411203861,0.045581679791212
1.0,qrnn_paper,paper_no_reset,mackey_1000,7.0,0.001,5.0,2.0,16.0,1.0,64.0,0.0005564120947383,0.0014525501755997,0.0181752648204565,0.0275889039039611,0.994881510734558,0.9888023734092712,24.0,747.0,1282.98,0.006993488734588,0.0091864420101046,0.0049150511622428
1.0,qrnn_paper,paper_no_reset,mackey_1000,7.0,0.001,5.0,2.0,16.0,70.0,64.0,0.0181579124182462,0.0116128213703632,0.1068264245986938,0.0915485247969627,0.8507716655731201,0.909761905670166,24.0,2045.0,3197.13,0.0256374751528104,0.0250263940542936,0.0314611718058586
1.0,qrnn_paper,paper_no_reset,mackey_1000,7.0,0.001,5.0,2.0,16.0,140.0,64.0,0.0364725962281227,0.0266079399734735,0.156461089849472,0.1291040033102035,0.5852918028831482,0.7805490493774414,24.0,1501.0,2075.78,0.0337714529596269,0.0365239381790161,0.0330278873443603
1.0,qrnn_paper,paper_no_reset,mackey_1000,7.0,0.001,5.0,3.0,4.0,1.0,64.0,0.0001291989174205,0.0001794318814063,0.0093227988108992,0.0103354314342141,0.9988261461257936,0.9986328482627868,23.0,2258.0,865.78,0.0087207849603146,0.0094137722626328,0.0074245892465114
1.0,qrnn_paper,paper_no_reset,mackey_1000,7.0,0.001,5.0,3.0,4.0,70.0,64.0,0.0338097140192985,0.0300729442387819,0.1380590200424194,0.138229489326477,0.6189019680023193,0.7456470727920532,23.0,1884.0,660.4,0.0555334306425518,0.0502004995942115,0.0700137913227081
1.0,qrnn_paper,paper_no_reset,mackey_1000,7.0,0.001,5.0,3.0,4.0,140.0,64.0,0.0390499681234359,0.0450452417135238,0.1559345126152038,0.1683868318796157,0.4978152811527252,0.5875125527381897,23.0,1131.0,404.21,0.0527679576641983,0.0619481168687343,0.0493029989302158
1.0,qrnn_paper,paper_no_reset,mackey_1000,7.0,0.001,5.0,3.0,8.0,1.0,64.0,0.0001223039143951,0.0001908951817313,0.0087251244112849,0.0103391669690608,0.9988226890563964,0.99853777885437,23.0,1711.0,1369.34,0.0102794318459928,0.0127050336450338,0.0076691908761858
1.0,qrnn_paper,paper_no_reset,mackey_1000,7.0,0.001,5.0,3.0,8.0,70.0,64.0,0.0313437953591346,0.0238539390265941,0.1374047100543975,0.1262666881084442,0.6678435206413269,0.8057923316955566,23.0,1347.0,984.33,0.0324134435504674,0.0307729262858629,0.0356459505856037
1.0,qrnn_paper,paper_no_reset,mackey_1000,7.0,0.001,5.0,3.0,8.0,140.0,64.0,0.0404847674071788,0.0282740648835897,0.1592706590890884,0.1338589340448379,0.5315136313438416,0.766459047794342,23.0,3378.0,2184.59,0.0477782483212649,0.0518653430044651,0.0459292531013488
1.0,qrnn_paper,paper_no_reset,mackey_1000,7.0,0.001,5.0,3.0,16.0,1.0,64.0,0.0002823891991283,0.0005849606823176,0.0122792106121778,0.0165391061455011,0.9975125193595886,0.9955584406852722,23.0,2053.0,3386.93,0.0042946889996528,0.0052595464512705,0.0022454471327364
1.0,qrnn_paper,paper_no_reset,mackey_1000,7.0,0.001,5.0,3.0,16.0,70.0,64.0,0.0207401551306247,0.0163132194429636,0.1113533154129982,0.1041995286941528,0.8182781934738159,0.8688578605651855,23.0,781.0,1212.96,0.0227057311890853,0.021839328110218,0.0310642309486866
1.0,qrnn_paper,paper_no_reset,mackey_1000,7.0,0.001,5.0,3.0,16.0,140.0,64.0,0.0358843281865119,0.0230999235063791,0.1507369428873062,0.1210507974028587,0.6043112874031067,0.8220376968383789,23.0,1408.0,1932.65,0.0456143682822585,0.0501260124146938,0.049715083092451
1.0,qrnn_paper,paper_no_reset,mackey_1000,8.0,0.001,5.0,2.0,4.0,1.0,64.0,1.8915643522632308e-05,9.37054501264356e-05,0.0033627778757363,0.0050625912845134,0.9998170733451844,0.99928218126297,24.0,5416.0,2183.39,0.0130179290659725,0.0179434884339571,0.009951326996088
1.0,qrnn_paper,paper_no_reset,mackey_1000,8.0,0.001,5.0,2.0,4.0,70.0,64.0,0.0355576761066913,0.0273947268724441,0.1454884260892868,0.1292416602373123,0.6108058094978333,0.7740840315818787,24.0,2000.0,749.87,0.0363522645913892,0.0324192829430103,0.038449939340353
1.0,qrnn_paper,paper_no_reset,mackey_1000,8.0,0.001,5.0,2.0,4.0,140.0,64.0,0.0377226397395134,0.0446540191769599,0.1586842834949493,0.1707953065633773,0.514185905456543,0.5962775945663452,24.0,981.0,370.65,0.0623160178462664,0.0595637522637844,0.049450010061264
1.0,qrnn_paper,paper_no_reset,mackey_1000,8.0,0.001,5.0,2.0,8.0,1.0,64.0,3.529242530930787e-05,0.0001028432961902,0.0043420284055173,0.0057080909609794,0.9997301697731018,0.9992089867591858,24.0,1902.0,1561.58,0.0034585663583129,0.0045608934015035,0.0023841876536607
1.0,qrnn_paper,paper_no_reset,mackey_1000,8.0,0.001,5.0,2.0,8.0,70.0,64.0,0.0281024239957332,0.0206936597824096,0.1286524534225464,0.1138582825660705,0.7162573933601379,0.8317883610725403,24.0,2210.0,1692.13,0.0288711666233009,0.0267674177885055,0.0337748080492019
1.0,qrnn_paper,paper_no_reset,mackey_1000,8.0,0.001,5.0,2.0,8.0,140.0,64.0,0.0377867631614208,0.0306274630129337,0.1572426259517669,0.140271246433258,0.5376974940299988,0.7464002966880798,24.0,2538.0,1779.51,0.042546743992716,0.0435970239341259,0.0412920527160167
1.0,qrnn_paper,paper_no_reset,mackey_1000,8.0,0.001,5.0,2.0,16.0,1.0,64.0,0.0001425752125214,0.0004063205851707,0.0091664195060729,0.0128464214503765,0.9987122416496276,0.9969376921653748,24.0,996.0,1653.47,0.000982684030896,0.0016537283081561,0.0007540470105595
1.0,qrnn_paper,paper_no_reset,mackey_1000,8.0,0.001,5.0,2.0,16.0,70.0,64.0,0.0212340392172336,0.0132073564454913,0.1133373454213142,0.095154769718647,0.7995960712432861,0.896527111530304,24.0,2081.0,3154.51,0.026016601257854,0.0255972519516944,0.034895084798336
1.0,qrnn_paper,paper_no_reset,mackey_1000,8.0,0.001,5.0,2.0,16.0,140.0,64.0,0.0350246764719486,0.0227800328284502,0.1512563675642013,0.1142695695161819,0.6104130744934082,0.8153626322746277,24.0,1500.0,2150.08,0.0318007112946361,0.0290464274585247,0.035760223865509
1.0,qrnn_paper,paper_no_reset,mackey_1000,8.0,0.001,5.0,3.0,4.0,1.0,64.0,7.658876711502671e-05,0.0001642417919356,0.0072289425879716,0.008260665461421,0.99929016828537,0.9987335801124572,23.0,1383.0,520.03,0.0097950357478111,0.0152043951675295,0.0069829933345317
1.0,qrnn_paper,paper_no_reset,mackey_1000,8.0,0.001,5.0,3.0,4.0,70.0,64.0,0.0364825502038002,0.0282768327742815,0.1464568525552749,0.1324246376752853,0.603125274181366,0.7634566426277161,23.0,1023.0,364.66,0.0324657656666305,0.0296836905181407,0.0342640504240989
1.0,qrnn_paper,paper_no_reset,mackey_1000,8.0,0.001,5.0,3.0,4.0,140.0,64.0,0.0379714779555797,0.0433280132710933,0.1560253500938415,0.1684899628162384,0.5126186013221741,0.6110844016075134,23.0,1376.0,486.46,0.0649226113326019,0.0640804469585418,0.0521636269986629
1.0,qrnn_paper,paper_no_reset,mackey_1000,8.0,0.001,5.0,3.0,8.0,1.0,64.0,7.502616062993184e-05,0.0002525821619201,0.0072304224595427,0.0102853886783123,0.9993073344230652,0.9980547428131104,23.0,1604.0,1296.84,0.0045676320092752,0.0065394616685807,0.0031576165929436
1.0,qrnn_paper,paper_no_reset,mackey_1000,8.0,0.001,5.0,3.0,8.0,70.0,64.0,0.0368934161961078,0.0261939223855733,0.144519492983818,0.1309353113174438,0.5902302861213684,0.7856830358505249,23.0,837.0,607.95,0.0359450973984268,0.0329650752246379,0.0416562892496585
1.0,qrnn_paper,paper_no_reset,mackey_1000,8.0,0.001,5.0,3.0,8.0,140.0,64.0,0.0384641252458095,0.0362424366176128,0.1603505462408065,0.1561097800731659,0.5157038569450378,0.6808751821517944,23.0,1910.0,1246.72,0.0441545727662742,0.0453072786331176,0.0404853299260139
1.0,qrnn_paper,paper_no_reset,mackey_1000,8.0,0.001,5.0,3.0,16.0,1.0,64.0,7.974080654093996e-05,0.0003806036838795,0.0074206222780048,0.0117504717782139,0.9992300271987916,0.9970688819885254,23.0,840.0,1392.31,0.0004711754765594,0.0009462924208492,0.0002779563656076
1.0,qrnn_paper,paper_no_reset,mackey_1000,8.0,0.001,5.0,3.0,16.0,70.0,64.0,0.0242388490587472,0.0194106213748455,0.1197289153933525,0.1158966943621635,0.7686747312545776,0.844717264175415,23.0,1498.0,2237.16,0.0239360750549369,0.024805249646306,0.0329948961734771
1.0,qrnn_paper,paper_no_reset,mackey_1000,8.0,0.001,5.0,3.0,16.0,140.0,64.0,0.0380599312484264,0.0230467859655618,0.1589155942201614,0.1201219707727432,0.5655514001846313,0.8122660517692566,23.0,3176.0,4264.02,0.0466988622210919,0.0477127619087696,0.0414333008229732
1.0,qrnn_paper,paper_no_reset,mackey_1000,9.0,0.001,5.0,2.0,4.0,1.0,64.0,5.46578157809563e-05,0.0001360948808724,0.0058210897259414,0.0072368681430816,0.9995214939117432,0.9989488124847412,24.0,1531.0,623.2,0.0122076714411377,0.0170535892248153,0.0084882341325283
1.0,qrnn_paper,paper_no_reset,mackey_1000,9.0,0.001,5.0,2.0,4.0,70.0,64.0,0.0338319912552833,0.0284945722669363,0.1418973803520202,0.1340544670820236,0.6257216930389404,0.7626429200172424,24.0,1607.0,596.53,0.0393266706830925,0.0345001518726348,0.0421276167035102
1.0,qrnn_paper,paper_no_reset,mackey_1000,9.0,0.001,5.0,2.0,4.0,140.0,64.0,0.0405334122478961,0.0435701645910739,0.1635269820690155,0.1694656014442443,0.460970789194107,0.6131647825241089,24.0,2230.0,800.52,0.0614066866110079,0.0742027014493942,0.0656937435269355
1.0,qrnn_paper,paper_no_reset,mackey_1000,9.0,0.001,5.0,2.0,8.0,1.0,64.0,0.000318218168104,0.0006854316452518,0.0136155523359775,0.0184697359800338,0.9969540238380432,0.994722545146942,24.0,2330.0,1987.19,0.0064332373905926,0.01073944196105,0.0041238418780267
1.0,qrnn_paper,paper_no_reset,mackey_1000,9.0,0.001,5.0,2.0,8.0,70.0,64.0,0.033228013664484,0.0219079982489347,0.1430470794439315,0.1204466745257377,0.663918137550354,0.8260231018066406,24.0,1455.0,1087.94,0.0308892341951529,0.0303142480552196,0.0337620675563812
1.0,qrnn_paper,paper_no_reset,mackey_1000,9.0,0.001,5.0,2.0,8.0,140.0,64.0,0.035292163491249,0.030335059389472,0.1554677933454513,0.1390289813280105,0.593885064125061,0.7462533116340637,24.0,4104.0,2772.05,0.0490632532164454,0.0528673566877841,0.0462581105530262
1.0,qrnn_paper,paper_no_reset,mackey_1000,9.0,0.001,5.0,2.0,16.0,1.0,64.0,0.0001847081148298,0.0003134379221592,0.0109419170767068,0.0122860241681337,0.9982136487960817,0.9975895285606384,24.0,3126.0,5025.42,0.008988688327372,0.0125277340412139,0.0067047653719782
1.0,qrnn_paper,paper_no_reset,mackey_1000,9.0,0.001,5.0,2.0,16.0,70.0,64.0,0.0140153840184211,0.0134013686329126,0.0958682224154472,0.093162216246128,0.8671786785125732,0.8920915722846985,24.0,1214.0,1890.31,0.0302658844739198,0.0296285729855299,0.033608604222536
1.0,qrnn_paper,paper_no_reset,mackey_1000,9.0,0.001,5.0,2.0,16.0,140.0,64.0,0.0370802544057369,0.0221722945570945,0.1532467454671859,0.1201276406645774,0.5892611145973206,0.8295425772666931,24.0,2016.0,2859.12,0.0441986755467951,0.0414302460849285,0.0442260317504406
1.0,qrnn_paper,paper_no_reset,mackey_1000,9.0,0.001,5.0,3.0,4.0,1.0,64.0,2.268933531013317e-05,3.89426204492338e-05,0.0036439569666981,0.0041785491630434,0.9998025298118592,0.9996989965438844,23.0,4026.0,1536.81,0.0107419984415173,0.0115257445722818,0.0086756274104118
1.0,qrnn_paper,paper_no_reset,mackey_1000,9.0,0.001,5.0,3.0,4.0,70.0,64.0,0.0333789326250553,0.0295266583561897,0.136196032166481,0.1359189748764038,0.6251452565193176,0.7531242966651917,23.0,1179.0,407.92,0.0533428945475154,0.052871823310852,0.0528731197118759
1.0,qrnn_paper,paper_no_reset,mackey_1000,9.0,0.001,5.0,3.0,4.0,140.0,64.0,0.0402355901896953,0.0458446145057678,0.1607640981674194,0.1736691147089004,0.4671964347362518,0.5966596007347107,23.0,3730.0,1319.62,0.0511907914753667,0.0644921511411666,0.0550650730729103
1.0,qrnn_paper,paper_no_reset,mackey_1000,9.0,0.001,5.0,3.0,8.0,1.0,64.0,0.0001550414890516,0.00025911864941,0.0098521653562784,0.0113606331869959,0.9985386729240416,0.9980013966560364,23.0,1869.0,1515.38,0.0117416214197874,0.012164301238954,0.0101661775261163
1.0,qrnn_paper,paper_no_reset,mackey_1000,9.0,0.001,5.0,3.0,8.0,70.0,64.0,0.0312387906014919,0.0203950740396976,0.1325539499521255,0.113394983112812,0.6830216646194458,0.837472140789032,23.0,2373.0,1682.66,0.0313352307097779,0.0279342178255319,0.0363413803279399
1.0,qrnn_paper,paper_no_reset,mackey_1000,9.0,0.001,5.0,3.0,8.0,140.0,64.0,0.0341055728495121,0.0297263544052839,0.1505172252655029,0.1349605619907379,0.6093495488166809,0.7527543902397156,23.0,5586.0,3563.92,0.0437327558174729,0.0457734651863575,0.0409938395023345
1.0,qrnn_paper,paper_no_reset,mackey_1000,9.0,0.001,5.0,3.0,16.0,1.0,64.0,0.0008937228121794,0.001237926306203,0.0249034911394119,0.0270584132522344,0.991547703742981,0.9905722737312316,23.0,1717.0,2824.24,0.0030302964616566,0.0046850768849253,0.002364152111113
1.0,qrnn_paper,paper_no_reset,mackey_1000,9.0,0.001,5.0,3.0,16.0,70.0,64.0,0.0198543835431337,0.0138082010671496,0.1029337868094444,0.0956447497010231,0.8332787156105042,0.8902931809425354,23.0,1291.0,1896.79,0.0290765712658564,0.0275402516126632,0.0374462008476257
1.0,qrnn_paper,paper_no_reset,mackey_1000,9.0,0.001,5.0,3.0,16.0,140.0,64.0,0.0376695841550827,0.0232911482453346,0.1587357521057129,0.1234759241342544,0.5994541049003601,0.8198447227478027,23.0,1264.0,1708.18,0.0480579957365989,0.0457911863923072,0.0492028221487998
1.0,qrnn_paper,paper_no_reset,lorenz_1000,0.0,0.001,5.0,2.0,4.0,1.0,64.0,0.0006797548267059,0.0007552333991043,0.0192830543965101,0.020498001947999,0.992681920528412,0.9918302297592164,32.0,3170.0,1521.88,0.0275355618447065,0.031761385500431,0.0291071012616157
1.0,qrnn_paper,paper_no_reset,lorenz_1000,0.0,0.001,5.0,2.0,4.0,13.0,64.0,0.0270631201565265,0.0288209002465009,0.1246566399931907,0.1296566724777221,0.6643528342247009,0.6277555227279663,32.0,2452.0,1153.39,0.0387191727757453,0.0425850078463554,0.0380970574915409
1.0,qrnn_paper,paper_no_reset,lorenz_1000,0.0,0.001,5.0,2.0,4.0,25.0,64.0,0.0332673378288745,0.0331852138042449,0.1399139463901519,0.1385448575019836,0.5438183546066284,0.5469644069671631,32.0,2109.0,999.17,0.0396382866427302,0.0583134032785892,0.0500035062432289
1.0,qrnn_paper,paper_no_reset,lorenz_1000,0.0,0.001,5.0,2.0,8.0,1.0,64.0,0.0031348837073892,0.0028823127504438,0.0437813811004161,0.0417392067611217,0.9657683968544006,0.9690773487091064,32.0,2961.0,2992.23,0.0149857866577804,0.0176583807915449,0.0133171333000063
1.0,qrnn_paper,paper_no_reset,lorenz_1000,0.0,0.001,5.0,2.0,8.0,13.0,64.0,0.0207093115895986,0.0217611994594335,0.1059279516339302,0.1080937385559082,0.7739998698234558,0.7458253502845764,32.0,3670.0,3582.13,0.038173752091825,0.0476567670702934,0.0432552807033062
1.0,qrnn_paper,paper_no_reset,lorenz_1000,0.0,0.001,5.0,2.0,8.0,25.0,64.0,0.0324037298560142,0.0308082271367311,0.1396007090806961,0.13558429479599,0.5736104249954224,0.5904639363288879,32.0,1992.0,2001.86,0.0462230768054723,0.0555931366980075,0.0493208840489387
1.0,qrnn_paper,paper_no_reset,lorenz_1000,0.0,0.001,5.0,2.0,16.0,1.0,64.0,0.0075967260636389,0.0076263593509793,0.0722338408231735,0.0717325061559677,0.91691255569458,0.9183058738708496,32.0,1967.0,4028.52,0.0265832824632525,0.0274697709828615,0.0268262848258018
1.0,qrnn_paper,paper_no_reset,lorenz_1000,0.0,0.001,5.0,2.0,16.0,13.0,64.0,0.0274036042392253,0.0286035276949405,0.1208330616354942,0.1237827017903328,0.6660861968994141,0.6378265023231506,32.0,983.0,2006.64,0.0446792919188737,0.0594466179609298,0.0485546588897705
1.0,qrnn_paper,paper_no_reset,lorenz_1000,0.0,0.001,5.0,2.0,16.0,25.0,64.0,0.0343919955193996,0.0318955741822719,0.1393046379089355,0.1348427534103393,0.5315386652946472,0.5585349202156067,32.0,936.0,1765.51,0.0427270535793569,0.0456133410334587,0.0486512184143066
1.0,qrnn_paper,paper_no_reset,lorenz_1000,0.0,0.001,5.0,3.0,4.0,1.0,64.0,0.0026102208066731,0.0027150157839059,0.0375386960804462,0.0380742475390434,0.9715039134025574,0.9703090190887452,29.0,2688.0,1174.01,0.040272344276309,0.0517109483480453,0.0403601042926311
1.0,qrnn_paper,paper_no_reset,lorenz_1000,0.0,0.001,5.0,3.0,4.0,13.0,64.0,0.0299910753965377,0.032378077507019,0.1394770592451095,0.1422877460718155,0.5984920859336853,0.5746291279792786,29.0,1451.0,661.07,0.0400725364685058,0.0451062880456447,0.0390702597796916
1.0,qrnn_paper,paper_no_reset,lorenz_1000,0.0,0.001,5.0,3.0,4.0,25.0,64.0,0.0305412877351045,0.0309797078371047,0.1343058496713638,0.1328159272670745,0.6066274046897888,0.5890164375305176,29.0,1703.0,744.99,0.0442221770063042,0.0604652129113674,0.0556530095636844
1.0,qrnn_paper,paper_no_reset,lorenz_1000,0.0,0.001,5.0,3.0,8.0,1.0,64.0,0.0034334904048591,0.0037067085504531,0.0440181456506252,0.0475560240447521,0.962317168712616,0.9599127173423768,29.0,948.0,847.19,0.032680301554501,0.0390589535236358,0.0329954922199249
1.0,qrnn_paper,paper_no_reset,lorenz_1000,0.0,0.001,5.0,3.0,8.0,13.0,64.0,0.0280077643692493,0.0303132385015487,0.1276916861534118,0.1343123316764831,0.6500146985054016,0.6077673435211182,29.0,1617.0,1457.47,0.0443479411303997,0.0633580833673477,0.0547000914812088
1.0,qrnn_paper,paper_no_reset,lorenz_1000,0.0,0.001,5.0,3.0,8.0,25.0,64.0,0.0293703731149435,0.0300211310386657,0.1315844804048538,0.1346255391836166,0.6378699541091919,0.6191951632499695,29.0,2396.0,2108.74,0.0510039646178483,0.0539378710091114,0.0447049401700496
1.0,qrnn_paper,paper_no_reset,lorenz_1000,0.0,0.001,5.0,3.0,16.0,1.0,64.0,0.0086337476968765,0.0092906737700104,0.0743506774306297,0.078042522072792,0.9026286602020264,0.8969524502754211,29.0,2130.0,3894.76,0.0352261399850249,0.048695433884859,0.0351162962615489
1.0,qrnn_paper,paper_no_reset,lorenz_1000,0.0,0.001,5.0,3.0,16.0,13.0,64.0,0.0366807989776134,0.0387036129832267,0.1414242535829544,0.1438837796449661,0.4683610200881958,0.4419763386249542,29.0,1063.0,1933.0,0.0454105233773589,0.0616678111255168,0.0515957586467266
1.0,qrnn_paper,paper_no_reset,lorenz_1000,0.0,0.001,5.0,3.0,16.0,25.0,64.0,0.0334734395146369,0.0368076898157596,0.1409912556409835,0.1506179720163345,0.5447641611099243,0.4798195362091064,29.0,707.0,1198.75,0.0328204493141836,0.0404019504785537,0.0364473462104797
1.0,qrnn_paper,paper_no_reset,lorenz_1000,1.0,0.001,5.0,2.0,4.0,1.0,64.0,0.0009232028387486,0.0010012297425419,0.0228523854166269,0.0240103583782911,0.9900850057601928,0.9891982078552246,32.0,1289.0,617.77,0.0179171343334019,0.0198929645121097,0.0182865317910909
1.0,qrnn_paper,paper_no_reset,lorenz_1000,1.0,0.001,5.0,2.0,4.0,13.0,64.0,0.029435746371746,0.0305340085178613,0.1354379504919052,0.1376292109489441,0.6187164783477783,0.5983541011810303,32.0,1147.0,575.59,0.0412256054580211,0.0461644902825355,0.0438988991081714
1.0,qrnn_paper,paper_no_reset,lorenz_1000,1.0,0.001,5.0,2.0,4.0,25.0,64.0,0.0306298024952411,0.0293654277920722,0.1357201635837555,0.1316307932138443,0.6095765233039856,0.6273214817047119,32.0,1474.0,730.44,0.0432465363293886,0.0578704439103603,0.0478712022304534
1.0,qrnn_paper,paper_no_reset,lorenz_1000,1.0,0.001,5.0,2.0,8.0,1.0,64.0,0.0022387029603123,0.0023486190475523,0.0359867885708808,0.0367762744426727,0.9756234884262084,0.974499523639679,32.0,1191.0,1178.67,0.0127460974734276,0.0153258740901947,0.0130416266620159
1.0,qrnn_paper,paper_no_reset,lorenz_1000,1.0,0.001,5.0,2.0,8.0,13.0,64.0,0.0284437518566846,0.0288061127066612,0.1232639327645301,0.1254556328058242,0.6344442963600159,0.6310024261474609,32.0,2368.0,2298.58,0.0382040612399578,0.0480662621557712,0.0405340828001499
1.0,qrnn_paper,paper_no_reset,lorenz_1000,1.0,0.001,5.0,2.0,8.0,25.0,64.0,0.0301727410405874,0.0291355606168508,0.1326350569725036,0.132303386926651,0.6095641851425171,0.6270129084587097,32.0,1713.0,1698.44,0.0424135858193039,0.0482823587954044,0.0457517765462398
1.0,qrnn_paper,paper_no_reset,lorenz_1000,1.0,0.001,5.0,2.0,16.0,1.0,64.0,0.0086056711152195,0.0082692969590425,0.0750901401042938,0.0737618803977966,0.9027122855186462,0.9075586199760436,32.0,743.0,1522.35,0.0251367771998047,0.029474364593625,0.0256153903901577
1.0,qrnn_paper,paper_no_reset,lorenz_1000,1.0,0.001,5.0,2.0,16.0,13.0,64.0,0.0331517346203327,0.0325776301324367,0.1426243633031845,0.1387757956981659,0.5450754761695862,0.5682133436203003,32.0,1616.0,3274.64,0.041290234029293,0.0513511933386325,0.051389068365097
1.0,qrnn_paper,paper_no_reset,lorenz_1000,1.0,0.001,5.0,2.0,16.0,25.0,64.0,0.0297412797808647,0.029926074668765,0.1342843174934387,0.1360193789005279,0.6218407154083252,0.5933188796043396,32.0,1210.0,2298.96,0.031875449957119,0.0456841699779033,0.0425489097833633
1.0,qrnn_paper,paper_no_reset,lorenz_1000,1.0,0.001,5.0,3.0,4.0,1.0,64.0,0.0021999799646437,0.0023189848288893,0.0341190956532955,0.034859512001276,0.976002275943756,0.974707007408142,29.0,1747.0,773.46,0.0237755682319402,0.0280156377702951,0.024335840716958
1.0,qrnn_paper,paper_no_reset,lorenz_1000,1.0,0.001,5.0,3.0,4.0,13.0,64.0,0.027583111077547,0.0295453500002622,0.128128319978714,0.1330581456422805,0.6630539298057556,0.6195334196090698,29.0,2928.0,1293.39,0.0432054027915,0.0476625896990299,0.0455823726952075
1.0,qrnn_paper,paper_no_reset,lorenz_1000,1.0,0.001,5.0,3.0,4.0,25.0,64.0,0.0274565797299146,0.0275882668793201,0.1287442445755005,0.1306708008050918,0.6745168566703796,0.6650277376174927,29.0,2501.0,1108.0,0.0593173466622829,0.0816361159086227,0.0623071789741516
1.0,qrnn_paper,paper_no_reset,lorenz_1000,1.0,0.001,5.0,3.0,8.0,1.0,64.0,0.0073205032385885,0.008836330845952,0.0671514123678207,0.0729115009307861,0.9176612496376038,0.9003812074661255,29.0,769.0,709.65,0.0192026896402239,0.022768747061491,0.0174495726823806
1.0,qrnn_paper,paper_no_reset,lorenz_1000,1.0,0.001,5.0,3.0,8.0,13.0,64.0,0.0242376513779163,0.0236732047051191,0.1138482391834259,0.1136386767029762,0.7078580856323242,0.7084089517593384,29.0,764.0,675.29,0.0360445337370038,0.0458470657467842,0.0419909060001373
1.0,qrnn_paper,paper_no_reset,lorenz_1000,1.0,0.001,5.0,3.0,8.0,25.0,64.0,0.0384440310299396,0.0342504940927028,0.1568110287189483,0.1468110829591751,0.4401023089885711,0.5189385414123535,29.0,852.0,748.88,0.0370809121057391,0.0462182722985744,0.0422520339488983
1.0,qrnn_paper,paper_no_reset,lorenz_1000,1.0,0.001,5.0,3.0,16.0,1.0,64.0,0.0063062594272196,0.0058719720691442,0.0659737288951873,0.0640778392553329,0.9300121068954468,0.9354043006896972,29.0,913.0,1711.51,0.0363237144425511,0.0419929698109626,0.0359368957579135
1.0,qrnn_paper,paper_no_reset,lorenz_1000,1.0,0.001,5.0,3.0,16.0,13.0,64.0,0.0330493710935115,0.0321414470672607,0.1386734396219253,0.1378189921379089,0.5534089803695679,0.5717865228652954,29.0,1825.0,3358.9,0.0462094629183411,0.0575628690421581,0.0521771162748336
1.0,qrnn_paper,paper_no_reset,lorenz_1000,1.0,0.001,5.0,3.0,16.0,25.0,64.0,0.0312099456787109,0.0313876681029796,0.1366673111915588,0.1357819736003875,0.5910502672195435,0.5716227293014526,29.0,1349.0,2262.8,0.0413002843658129,0.0525556057691574,0.0506544895470142
1.0,qrnn_paper,paper_no_reset,lorenz_1000,2.0,0.001,5.0,2.0,4.0,1.0,64.0,0.0009660052019171,0.001107980380766,0.023594032973051,0.0255623180419206,0.9895615577697754,0.9879876375198364,32.0,2664.0,1290.1,0.0234721396118402,0.028630981221795,0.0226799082010984
1.0,qrnn_paper,paper_no_reset,lorenz_1000,2.0,0.001,5.0,2.0,4.0,13.0,64.0,0.0272853411734104,0.0281101614236831,0.1238110437989234,0.1280738264322281,0.6627547144889832,0.6435105800628662,32.0,2582.0,1267.68,0.034122590906918,0.0407961346209049,0.0368071086704731
1.0,qrnn_paper,paper_no_reset,lorenz_1000,2.0,0.001,5.0,2.0,4.0,25.0,64.0,0.0346995219588279,0.0345237590372562,0.140940636396408,0.1420237571001052,0.5264334082603455,0.5203609466552734,32.0,2977.0,1448.16,0.0381976746022701,0.0501266084611415,0.0491504855453968
1.0,qrnn_paper,paper_no_reset,lorenz_1000,2.0,0.001,5.0,2.0,8.0,1.0,64.0,0.0012994908029213,0.0011828113347291,0.0276172291487455,0.0264610201120376,0.986228048801422,0.9876337051391602,32.0,1871.0,1839.41,0.0133808780461549,0.0122495889663696,0.0123498998582363
1.0,qrnn_paper,paper_no_reset,lorenz_1000,2.0,0.001,5.0,2.0,8.0,13.0,64.0,0.0249222945421934,0.0270146243274211,0.1197152435779571,0.1249778121709823,0.7044963240623474,0.662019670009613,32.0,930.0,921.72,0.0396688340231776,0.0441267900168895,0.0379112996160984
1.0,qrnn_paper,paper_no_reset,lorenz_1000,2.0,0.001,5.0,2.0,8.0,25.0,64.0,0.0359025262296199,0.0337948054075241,0.146546721458435,0.1445449739694595,0.4954907894134521,0.5266956090927124,32.0,1283.0,1232.87,0.0429145714268088,0.0476087294518947,0.0438624545931816
1.0,qrnn_paper,paper_no_reset,lorenz_1000,2.0,0.001,5.0,2.0,16.0,1.0,64.0,0.0046379971317946,0.004374552052468,0.0543516725301742,0.0532880537211895,0.9489357471466064,0.9528784155845642,32.0,2623.0,5214.43,0.0190904108807444,0.0229549538344144,0.0189402382820844
1.0,qrnn_paper,paper_no_reset,lorenz_1000,2.0,0.001,5.0,2.0,16.0,13.0,64.0,0.0271282624453306,0.02925187908113,0.1238567754626274,0.1274221688508987,0.6734742522239685,0.6242114305496216,32.0,759.0,1561.68,0.0409245152026414,0.0494265146553516,0.0403055846691131
1.0,qrnn_paper,paper_no_reset,lorenz_1000,2.0,0.001,5.0,2.0,16.0,25.0,64.0,0.0309871267527341,0.0315578654408454,0.1345957219600677,0.138011634349823,0.5964328050613403,0.5664580464363098,32.0,1174.0,2245.78,0.0499411635100841,0.0710429400205612,0.0713734328746795
1.0,qrnn_paper,paper_no_reset,lorenz_1000,2.0,0.001,5.0,3.0,4.0,1.0,64.0,0.0026771230623126,0.0028372963424772,0.0364581868052482,0.0389350801706314,0.9710450172424316,0.9692416787147522,29.0,1654.0,722.44,0.0361638136208057,0.0388274267315864,0.0328390225768089
1.0,qrnn_paper,paper_no_reset,lorenz_1000,2.0,0.001,5.0,3.0,4.0,13.0,64.0,0.0296179298311471,0.0315399505198001,0.1323830485343933,0.1380682289600372,0.6157930493354797,0.5773504376411438,29.0,1395.0,607.3,0.0378808481618762,0.0463756658136844,0.039788257330656
1.0,qrnn_paper,paper_no_reset,lorenz_1000,2.0,0.001,5.0,3.0,4.0,25.0,64.0,0.0456270836293697,0.0463363230228424,0.169947937130928,0.1746421605348587,0.2078604400157928,0.2388051301240921,29.0,581.0,262.54,0.0478043753653764,0.0511964075267314,0.0507729947566986
1.0,qrnn_paper,paper_no_reset,lorenz_1000,2.0,0.001,5.0,3.0,8.0,1.0,64.0,0.0032340770121663,0.0036842934787273,0.0435937978327274,0.046714823693037,0.9649359583854676,0.9610992074012756,29.0,3266.0,2986.0,0.0293258709833025,0.0301637109369039,0.0257956814020872
1.0,qrnn_paper,paper_no_reset,lorenz_1000,2.0,0.001,5.0,3.0,8.0,13.0,64.0,0.0293301567435264,0.0301978643983602,0.1271329075098037,0.1296681612730026,0.616284191608429,0.6016610860824585,29.0,833.0,746.03,0.0420340334996581,0.0537725314497947,0.049369316548109
1.0,qrnn_paper,paper_no_reset,lorenz_1000,2.0,0.001,5.0,3.0,8.0,25.0,64.0,0.0317552685737609,0.0316432490944862,0.139148473739624,0.1367004662752151,0.5893278121948242,0.5811038017272949,29.0,1268.0,1146.82,0.0463634420186281,0.0582090578973293,0.0500260628759861
1.0,qrnn_paper,paper_no_reset,lorenz_1000,2.0,0.001,5.0,3.0,16.0,1.0,64.0,0.0070111285895109,0.0082948207855224,0.0667663365602493,0.0724628120660781,0.9233763217926024,0.9087892770767212,29.0,1340.0,2527.52,0.0673764791339635,0.081115685403347,0.0721094459295272
1.0,qrnn_paper,paper_no_reset,lorenz_1000,2.0,0.001,5.0,3.0,16.0,13.0,64.0,0.036168735474348,0.0387092940509319,0.1444231122732162,0.1502418220043182,0.4832207858562469,0.4420900046825409,29.0,743.0,1348.88,0.0426655823364853,0.0552932098507881,0.0488610416650772
1.0,qrnn_paper,paper_no_reset,lorenz_1000,2.0,0.001,5.0,3.0,16.0,25.0,64.0,0.0353834442794323,0.0351918078958988,0.1484093368053436,0.149016723036766,0.5147483348846436,0.4839325845241546,29.0,2539.0,4241.82,0.0395089979800913,0.0469505339860916,0.0522151738405227
1.0,qrnn_paper,paper_no_reset,lorenz_1000,3.0,0.001,5.0,2.0,4.0,1.0,64.0,0.0007456021266989,0.0008076136582531,0.0204404145479202,0.021449489519,0.9919862151145936,0.9912622570991516,32.0,2477.0,1240.64,0.0096058526076376,0.0115832993760705,0.0092973336577415
1.0,qrnn_paper,paper_no_reset,lorenz_1000,3.0,0.001,5.0,2.0,4.0,13.0,64.0,0.0275739319622516,0.0296133235096931,0.129097044467926,0.1338247209787368,0.6521477103233337,0.6137046217918396,32.0,2557.0,1228.81,0.0368817798793315,0.0453435815870761,0.0431660190224647
1.0,qrnn_paper,paper_no_reset,lorenz_1000,3.0,0.001,5.0,2.0,4.0,25.0,64.0,0.0346854589879512,0.0341505035758018,0.144494280219078,0.1425998657941818,0.5237320065498352,0.539658784866333,32.0,2399.0,1161.45,0.0447229351848363,0.0540116317570209,0.0473191887140274
1.0,qrnn_paper,paper_no_reset,lorenz_1000,3.0,0.001,5.0,2.0,8.0,1.0,64.0,0.0027381258551031,0.0029229449573904,0.0408443212509155,0.0430947840213775,0.9700659513473512,0.9682052731513976,32.0,1981.0,1956.44,0.0327825220301747,0.0358830206096172,0.0305293295532464
1.0,qrnn_paper,paper_no_reset,lorenz_1000,3.0,0.001,5.0,2.0,8.0,13.0,64.0,0.0245881211012601,0.0265685804188251,0.1153605952858924,0.1221250817179679,0.7057730555534363,0.6642810702323914,32.0,1774.0,1764.25,0.0428364355117082,0.0511828064918518,0.0472053065896034
1.0,qrnn_paper,paper_no_reset,lorenz_1000,3.0,0.001,5.0,2.0,8.0,25.0,64.0,0.030676957219839,0.029324684292078,0.1356517672538757,0.1331148296594619,0.612267017364502,0.6229279637336731,32.0,1829.0,1826.56,0.0410960840061307,0.0512463562190532,0.0496988035738468
1.0,qrnn_paper,paper_no_reset,lorenz_1000,3.0,0.001,5.0,2.0,16.0,1.0,64.0,0.0094398101791739,0.0085695814341306,0.0789083465933799,0.0742727369070053,0.8938153386116028,0.9061011672019958,32.0,627.0,1346.45,0.011813997849822,0.012527335435152,0.0116689102724194
1.0,qrnn_paper,paper_no_reset,lorenz_1000,3.0,0.001,5.0,2.0,16.0,13.0,64.0,0.0277164857834577,0.0278493091464042,0.1242943108081817,0.1240006685256958,0.6641920804977417,0.6439765691757202,32.0,2878.0,5736.52,0.0428738240152597,0.0497895926237106,0.0483062677085399
1.0,qrnn_paper,paper_no_reset,lorenz_1000,3.0,0.001,5.0,2.0,16.0,25.0,64.0,0.0372710563242435,0.0363883785903453,0.1551556140184402,0.1514039635658264,0.4956023097038269,0.4659823775291443,32.0,526.0,1005.09,0.0380556078420745,0.0398090332746505,0.0412154980003833
1.0,qrnn_paper,paper_no_reset,lorenz_1000,3.0,0.001,5.0,3.0,4.0,1.0,64.0,0.0029768359381705,0.0032383403740823,0.0426959469914436,0.0445159599184989,0.967484712600708,0.96473890542984,29.0,2021.0,899.42,0.0220102487131953,0.0205047614872455,0.0208602994680404
1.0,qrnn_paper,paper_no_reset,lorenz_1000,3.0,0.001,5.0,3.0,4.0,13.0,64.0,0.0386586971580982,0.0422734506428241,0.154264435172081,0.1648636162281036,0.4178632199764251,0.3710849583148956,29.0,595.0,261.72,0.0478255897760391,0.053565252572298,0.0571267642080783
1.0,qrnn_paper,paper_no_reset,lorenz_1000,3.0,0.001,5.0,3.0,4.0,25.0,64.0,0.0417638048529624,0.0427705608308315,0.1542402505874633,0.1563048660755157,0.3446844816207886,0.3549045920372009,29.0,1175.0,515.58,0.0427931554615497,0.0603171922266483,0.0540323480963707
1.0,qrnn_paper,paper_no_reset,lorenz_1000,3.0,0.001,5.0,3.0,8.0,1.0,64.0,0.0028723592404276,0.0030128161888569,0.04273022711277,0.0430747047066688,0.9685505032539368,0.9671547412872314,29.0,1293.0,1204.57,0.0251392224803566,0.0261740405112504,0.0276801399886608
1.0,qrnn_paper,paper_no_reset,lorenz_1000,3.0,0.001,5.0,3.0,8.0,13.0,64.0,0.0252912528812885,0.0259602610021829,0.1204774007201194,0.1214210093021392,0.6961157917976379,0.6822701096534729,29.0,1915.0,1676.36,0.0448494475334882,0.0635603815317154,0.0636852160096168
1.0,qrnn_paper,paper_no_reset,lorenz_1000,3.0,0.001,5.0,3.0,8.0,25.0,64.0,0.0427871011197567,0.0408551357686519,0.1639279425144195,0.1599094271659851,0.3207860887050628,0.3984465301036834,29.0,876.0,785.38,0.0494348637759685,0.0607994347810745,0.0478167459368705
1.0,qrnn_paper,paper_no_reset,lorenz_1000,3.0,0.001,5.0,3.0,16.0,1.0,64.0,0.0117970183491706,0.0106948586180806,0.0872661024332046,0.0817465782165527,0.8662431240081787,0.8808924555778503,29.0,1000.0,1837.96,0.0171267530880868,0.0190831124782562,0.0186910759657621
1.0,qrnn_paper,paper_no_reset,lorenz_1000,3.0,0.001,5.0,3.0,16.0,13.0,64.0,0.0400542430579662,0.0424447245895862,0.1582382172346115,0.162138283252716,0.3944056928157806,0.3384104073047638,29.0,1685.0,3113.21,0.0442606912925839,0.0571101531386375,0.0499854087829589
1.0,qrnn_paper,paper_no_reset,lorenz_1000,3.0,0.001,5.0,3.0,16.0,25.0,64.0,0.0392079502344131,0.0389233082532882,0.1578910499811172,0.1526472866535186,0.4289716780185699,0.4032213687896728,29.0,1147.0,1953.45,0.0489344472686449,0.0560562275350093,0.0524048693478107
1.0,qrnn_paper,paper_no_reset,lorenz_1000,4.0,0.001,5.0,2.0,4.0,1.0,64.0,0.0007853562710806,0.0008556058164685,0.0215196851640939,0.0216999147087335,0.9914956092834472,0.9907357692718506,32.0,1965.0,944.52,0.0135823585093021,0.0158414561301469,0.0144848683848977
1.0,qrnn_paper,paper_no_reset,lorenz_1000,4.0,0.001,5.0,2.0,4.0,13.0,64.0,0.0269039291888475,0.029476786032319,0.1242154762148857,0.1303072720766067,0.6616825461387634,0.6151020526885986,32.0,2209.0,1051.85,0.0388139551505446,0.044898547232151,0.0423975773155689
1.0,qrnn_paper,paper_no_reset,lorenz_1000,4.0,0.001,5.0,2.0,4.0,25.0,64.0,0.0376073904335498,0.0378218069672584,0.1482711732387542,0.1488829106092453,0.4456022381782532,0.4693855345249176,32.0,748.0,362.02,0.0456542570143938,0.0485892929136753,0.0471023879945278
1.0,qrnn_paper,paper_no_reset,lorenz_1000,4.0,0.001,5.0,2.0,8.0,1.0,64.0,0.0036033517681062,0.0035037517081946,0.0449549034237861,0.0441197901964187,0.960565447807312,0.9617840647697448,32.0,1059.0,1069.86,0.0244857217185199,0.0290197674185037,0.0234327707439661
1.0,qrnn_paper,paper_no_reset,lorenz_1000,4.0,0.001,5.0,2.0,8.0,13.0,64.0,0.0262388680130243,0.0253389738500118,0.1232388317584991,0.1205635294318199,0.6714121103286743,0.6883069276809692,32.0,1769.0,1802.52,0.0387662626802921,0.0450056940317153,0.0403878986835479
1.0,qrnn_paper,paper_no_reset,lorenz_1000,4.0,0.001,5.0,2.0,8.0,25.0,64.0,0.0281199160963296,0.0280780792236328,0.1267828792333603,0.1247448995709419,0.6532382369041443,0.639110267162323,32.0,1355.0,1339.69,0.0376970021054148,0.0492499098181724,0.0462464168667793
1.0,qrnn_paper,paper_no_reset,lorenz_1000,4.0,0.001,5.0,2.0,16.0,1.0,64.0,0.0079569704830646,0.0099764568731188,0.0709436386823654,0.0797172486782074,0.9111352562904358,0.8874102234840393,32.0,1301.0,2664.57,0.0343619739636778,0.0292907077819108,0.0283378474414348
1.0,qrnn_paper,paper_no_reset,lorenz_1000,4.0,0.001,5.0,2.0,16.0,13.0,64.0,0.0277329310774803,0.0291214324533939,0.1273461729288101,0.130806103348732,0.647625207901001,0.6237002611160278,32.0,2904.0,5614.74,0.0554621268063783,0.0672207102179527,0.0553185939788818
1.0,qrnn_paper,paper_no_reset,lorenz_1000,4.0,0.001,5.0,2.0,16.0,25.0,64.0,0.0378151796758174,0.0357668474316597,0.1485752463340759,0.1438636630773544,0.4590933918952942,0.4778041243553161,32.0,645.0,1241.65,0.048633730245961,0.0550911873579025,0.0487616620957851
1.0,qrnn_paper,paper_no_reset,lorenz_1000,4.0,0.001,5.0,3.0,4.0,1.0,64.0,0.0027085787151008,0.0027690278366208,0.0401021689176559,0.040049985051155,0.9703983068466188,0.969703197479248,29.0,1546.0,673.11,0.0084375633392483,0.0078748539090156,0.008532122708857
1.0,qrnn_paper,paper_no_reset,lorenz_1000,4.0,0.001,5.0,3.0,4.0,13.0,64.0,0.0266709569841623,0.0284311156719923,0.1222437843680381,0.127150684595108,0.6732824444770813,0.6348908543586731,29.0,2984.0,1331.85,0.0414875505492091,0.046465341001749,0.0437286347150802
1.0,qrnn_paper,paper_no_reset,lorenz_1000,4.0,0.001,5.0,3.0,4.0,25.0,64.0,0.042334459722042,0.0458173640072345,0.1579534709453582,0.1655332148075103,0.31866055727005,0.3188764750957489,29.0,1673.0,733.78,0.0528223264962434,0.0580303072929382,0.0480825044214725
1.0,qrnn_paper,paper_no_reset,lorenz_1000,4.0,0.001,5.0,3.0,8.0,1.0,64.0,0.0030975530389696,0.0032288283109664,0.0426221378147602,0.0436535328626632,0.9662672877311708,0.9648043513298036,29.0,2510.0,2180.55,0.032827559672296,0.0396335572004318,0.0332631841301918
1.0,qrnn_paper,paper_no_reset,lorenz_1000,4.0,0.001,5.0,3.0,8.0,13.0,64.0,0.028469480574131,0.0296270214021205,0.1278713941574096,0.1323259472846985,0.6410236358642578,0.6173133254051208,29.0,1786.0,1613.19,0.0446438618004322,0.0580922923982143,0.0519149713218212
1.0,qrnn_paper,paper_no_reset,lorenz_1000,4.0,0.001,5.0,3.0,8.0,25.0,64.0,0.0367319025099277,0.0348452292382717,0.1487397700548172,0.1446001231670379,0.477468878030777,0.5043573975563049,29.0,1311.0,1187.02,0.0421847118064761,0.050769105553627,0.043680615723133
1.0,qrnn_paper,paper_no_reset,lorenz_1000,4.0,0.001,5.0,3.0,16.0,1.0,64.0,0.0084809260442852,0.0095261987298727,0.0749691575765609,0.0791656672954559,0.9075483083724976,0.8970264792442322,29.0,1238.0,2371.26,0.0320229243487119,0.0311379320919513,0.0274699069559574
1.0,qrnn_paper,paper_no_reset,lorenz_1000,4.0,0.001,5.0,3.0,16.0,13.0,64.0,0.0254436805844306,0.0248318016529083,0.1205888539552688,0.1206833347678184,0.6796234846115112,0.6900477409362793,29.0,1446.0,2742.69,0.031285435333848,0.0403699986636638,0.0377798415720462
1.0,qrnn_paper,paper_no_reset,lorenz_1000,4.0,0.001,5.0,3.0,16.0,25.0,64.0,0.0304873250424861,0.0314695052802562,0.1374983489513397,0.1396876573562622,0.6138870716094971,0.5823202133178711,29.0,1389.0,2374.78,0.0449583414528104,0.0536564737558364,0.0486155003309249
1.0,qrnn_paper,paper_no_reset,lorenz_1000,5.0,0.001,5.0,2.0,4.0,1.0,64.0,0.0025480792392045,0.0027736888732761,0.0401781126856803,0.0417651534080505,0.9722526669502258,0.9697341918945312,32.0,1671.0,810.76,0.013910477142781,0.0134098781272768,0.0128275919705629
1.0,qrnn_paper,paper_no_reset,lorenz_1000,5.0,0.001,5.0,2.0,4.0,13.0,64.0,0.0260829292237758,0.0268172342330217,0.125011146068573,0.1253209263086319,0.6805838346481323,0.6595284342765808,32.0,2111.0,1044.71,0.0332047663629055,0.0371128693222999,0.0368471033871173
1.0,qrnn_paper,paper_no_reset,lorenz_1000,5.0,0.001,5.0,2.0,4.0,25.0,64.0,0.0295548401772975,0.0294688027352094,0.131570816040039,0.1298001259565353,0.627722442150116,0.6256059408187866,32.0,1747.0,842.6,0.0424596188124269,0.0567213557660579,0.0461165010929107
1.0,qrnn_paper,paper_no_reset,lorenz_1000,5.0,0.001,5.0,2.0,8.0,1.0,64.0,0.0019699709955602,0.001931355218403,0.0339914374053478,0.0335046127438545,0.9786495566368104,0.9796297550201416,32.0,1339.0,1323.2,0.0209667341783642,0.0239063072949647,0.0188593864440917
1.0,qrnn_paper,paper_no_reset,lorenz_1000,5.0,0.001,5.0,2.0,8.0,13.0,64.0,0.0229063518345356,0.0239348728209733,0.1120769456028938,0.1119518056511879,0.7345264554023743,0.714425265789032,32.0,1916.0,1956.79,0.040852366387844,0.0502418540418148,0.0498182736337184
1.0,qrnn_paper,paper_no_reset,lorenz_1000,5.0,0.001,5.0,2.0,8.0,25.0,64.0,0.0351964235305786,0.0369060225784778,0.1425641328096389,0.1484985500574112,0.5142307281494141,0.4618654549121856,32.0,675.0,651.87,0.040840021148324,0.0517184846103191,0.0443755947053432
1.0,qrnn_paper,paper_no_reset,lorenz_1000,5.0,0.001,5.0,2.0,16.0,1.0,64.0,0.0083205346018075,0.0094450758770108,0.074525699019432,0.0787305533885955,0.9061221480369568,0.8943233489990234,32.0,1189.0,2465.49,0.034128594212234,0.045578546822071,0.0344011709094047
1.0,qrnn_paper,paper_no_reset,lorenz_1000,5.0,0.001,5.0,2.0,16.0,13.0,64.0,0.0282770991325378,0.0275968536734581,0.1310202926397323,0.1273771673440933,0.6323381066322327,0.6494011878967285,32.0,2395.0,4699.56,0.036637208238244,0.0499267801642417,0.0452124774456024
1.0,qrnn_paper,paper_no_reset,lorenz_1000,5.0,0.001,5.0,2.0,16.0,25.0,64.0,0.0289553068578243,0.0302300676703453,0.1345843076705932,0.135921448469162,0.6267609596252441,0.5893436670303345,32.0,1361.0,2673.81,0.0330192995154195,0.0413007661700248,0.0392415113747119
1.0,qrnn_paper,paper_no_reset,lorenz_1000,5.0,0.001,5.0,3.0,4.0,1.0,64.0,0.0037789153866469,0.0039008227176964,0.046917125582695,0.046521957963705,0.9586411118507384,0.9570213556289672,29.0,1103.0,489.95,0.0217954669147729,0.0187713894993066,0.0207058731466531
1.0,qrnn_paper,paper_no_reset,lorenz_1000,5.0,0.001,5.0,3.0,4.0,13.0,64.0,0.0267119910567998,0.0272389166057109,0.123414896428585,0.1284786313772201,0.6789377927780151,0.6502683758735657,29.0,2767.0,1195.21,0.0384926714003086,0.0443790405988693,0.0392650924623012
1.0,qrnn_paper,paper_no_reset,lorenz_1000,5.0,0.001,5.0,3.0,4.0,25.0,64.0,0.0266580004245042,0.0265421438962221,0.1277796179056167,0.1284860074520111,0.6852424144744873,0.6842471361160278,29.0,2253.0,989.32,0.0379087363835424,0.0482816249132156,0.0413587838411331
1.0,qrnn_paper,paper_no_reset,lorenz_1000,5.0,0.001,5.0,3.0,8.0,1.0,64.0,0.003028497332707,0.0030216991435736,0.0426580198109149,0.0432884469628334,0.9670141339302064,0.9670887589454652,29.0,1534.0,1332.66,0.0141477168537676,0.017453534528613,0.0156496278941631
1.0,qrnn_paper,paper_no_reset,lorenz_1000,5.0,0.001,5.0,3.0,8.0,13.0,64.0,0.0225589852780103,0.0233284514397382,0.113556832075119,0.1147630661725997,0.7390637993812561,0.7244412302970886,29.0,3648.0,3220.43,0.0450996020808815,0.0682777091860771,0.0546155534684658
1.0,qrnn_paper,paper_no_reset,lorenz_1000,5.0,0.001,5.0,3.0,8.0,25.0,64.0,0.031518816947937,0.0330410711467266,0.1364529728889465,0.141090989112854,0.6099108457565308,0.556326150894165,29.0,2286.0,2056.76,0.0427323009818792,0.0554297268390655,0.0493422895669937
1.0,qrnn_paper,paper_no_reset,lorenz_1000,5.0,0.001,5.0,3.0,16.0,1.0,64.0,0.0092375157400965,0.0097577823325991,0.0759290605783462,0.0797856077551841,0.8959813117980957,0.8907514810562134,29.0,927.0,1746.67,0.032517734542489,0.0427355356514453,0.0344843119382858
1.0,qrnn_paper,paper_no_reset,lorenz_1000,5.0,0.001,5.0,3.0,16.0,13.0,64.0,0.036953117698431,0.0370744466781616,0.1511860340833664,0.1520179659128189,0.4685851335525512,0.4692727923393249,29.0,757.0,1426.02,0.0437201790511608,0.0568924397230148,0.0528850331902504
1.0,qrnn_paper,paper_no_reset,lorenz_1000,5.0,0.001,5.0,3.0,16.0,25.0,64.0,0.0325145684182643,0.0319344997406005,0.1443619728088379,0.1413525938987732,0.5740169882774353,0.5662194490432739,29.0,755.0,1297.15,0.0441182313693894,0.0575480982661247,0.0560805611312389
1.0,qrnn_paper,paper_no_reset,lorenz_1000,6.0,0.001,5.0,2.0,4.0,1.0,64.0,0.0007111002341844,0.0007795100682415,0.0211055967956781,0.0218817647546529,0.9923295974731444,0.9916983842849731,32.0,1531.0,729.54,0.0085915737319737,0.0096911862492561,0.008471556007862
1.0,qrnn_paper,paper_no_reset,lorenz_1000,6.0,0.001,5.0,2.0,4.0,13.0,64.0,0.0404164008796215,0.0386512987315654,0.1563366800546646,0.1518976092338562,0.3823011517524719,0.4419549107551574,32.0,980.0,479.25,0.0447158578783273,0.0529996827244758,0.0485034734010696
1.0,qrnn_paper,paper_no_reset,lorenz_1000,6.0,0.001,5.0,2.0,4.0,25.0,64.0,0.026750661432743,0.0282016415148973,0.1249511837959289,0.1288218349218368,0.6800361275672913,0.6448809504508972,32.0,2478.0,1244.56,0.0465082373470068,0.0540559664368629,0.0449407249689102
1.0,qrnn_paper,paper_no_reset,lorenz_1000,6.0,0.001,5.0,2.0,8.0,1.0,64.0,0.0015104989288374,0.0015837684040889,0.0295701920986175,0.0303066875785589,0.9837825894355774,0.9833974838256836,32.0,2211.0,2172.98,0.0116235882509499,0.015127302147448,0.011903497390449
1.0,qrnn_paper,paper_no_reset,lorenz_1000,6.0,0.001,5.0,2.0,8.0,13.0,64.0,0.0249940957874059,0.0257188882678747,0.1213733926415443,0.1234047561883926,0.6961345076560974,0.6883113980293274,32.0,2145.0,2158.52,0.0386066354811191,0.0430100075900554,0.0396216548979282
1.0,qrnn_paper,paper_no_reset,lorenz_1000,6.0,0.001,5.0,2.0,8.0,25.0,64.0,0.0324899367988109,0.0338159948587417,0.1439152359962463,0.1453034430742263,0.5659499168395996,0.5279265642166138,32.0,1473.0,1474.31,0.0384234955534339,0.0496785603463649,0.043773416429758
1.0,qrnn_paper,paper_no_reset,lorenz_1000,6.0,0.001,5.0,2.0,16.0,1.0,64.0,0.0075293546542525,0.0073278252966701,0.0705870613455772,0.0703495368361473,0.916374683380127,0.9191014766693116,32.0,1435.0,2947.19,0.0228343496099114,0.0193402916193008,0.0198367871344089
1.0,qrnn_paper,paper_no_reset,lorenz_1000,6.0,0.001,5.0,2.0,16.0,13.0,64.0,0.0404013469815254,0.0411573015153408,0.1535196751356125,0.1562648862600326,0.3902599513530731,0.3648335635662079,32.0,846.0,1754.39,0.0426398688927292,0.0498270913958549,0.0464746877551078
1.0,qrnn_paper,paper_no_reset,lorenz_1000,6.0,0.001,5.0,2.0,16.0,25.0,64.0,0.0334364734590053,0.0335946194827556,0.1455048620700836,0.1455340385437011,0.5461392402648926,0.5255270600318909,32.0,2271.0,4196.6,0.0368626285344362,0.046108391135931,0.0447446554899215
1.0,qrnn_paper,paper_no_reset,lorenz_1000,6.0,0.001,5.0,3.0,4.0,1.0,64.0,0.0022795584518462,0.0024329524021595,0.0355161912739276,0.0364318154752254,0.9751304984092712,0.9734236001968384,29.0,3232.0,1427.19,0.0277083799242973,0.034186128526926,0.0305512212216854
1.0,qrnn_paper,paper_no_reset,lorenz_1000,6.0,0.001,5.0,3.0,4.0,13.0,64.0,0.0368339829146862,0.0380751267075538,0.1469800621271133,0.1498353630304336,0.4625395238399505,0.462624728679657,29.0,953.0,426.5,0.0455360766500234,0.0541143901646137,0.047546099871397
1.0,qrnn_paper,paper_no_reset,lorenz_1000,6.0,0.001,5.0,3.0,4.0,25.0,64.0,0.0442023202776908,0.0451740399003028,0.1555512994527816,0.1574164628982544,0.2920632660388946,0.2903394401073456,29.0,1063.0,470.36,0.054118563234806,0.0626264214515686,0.054069198668003
1.0,qrnn_paper,paper_no_reset,lorenz_1000,6.0,0.001,5.0,3.0,8.0,1.0,64.0,0.0065373904071748,0.0077655240893363,0.0622936598956584,0.0690419003367424,0.9274847507476808,0.913545548915863,29.0,1275.0,1149.18,0.0278001548722386,0.0309188533574342,0.0274564269930124
1.0,qrnn_paper,paper_no_reset,lorenz_1000,6.0,0.001,5.0,3.0,8.0,13.0,64.0,0.0225155912339687,0.021678889170289,0.1129200756549835,0.1103227958083152,0.7351436018943787,0.7507792115211487,29.0,1806.0,1579.55,0.042309571057558,0.0467531159520149,0.0417734421789646
1.0,qrnn_paper,paper_no_reset,lorenz_1000,6.0,0.001,5.0,3.0,8.0,25.0,64.0,0.0325352065265178,0.0350602976977825,0.1374362260103225,0.1465702950954437,0.5579838156700134,0.5342538356781006,29.0,931.0,829.51,0.0436343416571617,0.0556141287088394,0.0501576140522956
1.0,qrnn_paper,paper_no_reset,lorenz_1000,6.0,0.001,5.0,3.0,16.0,1.0,64.0,0.0059786546044051,0.0064003271982073,0.0614183358848094,0.064040221273899,0.933891534805298,0.9296873807907104,29.0,1720.0,3109.35,0.0359879428520798,0.0450207591056823,0.0385089144110679
1.0,qrnn_paper,paper_no_reset,lorenz_1000,6.0,0.001,5.0,3.0,16.0,13.0,64.0,0.0386066623032093,0.0417750142514705,0.146526500582695,0.1542936116456985,0.4300578832626343,0.3860473036766052,29.0,917.0,1732.97,0.0418712187558412,0.0546526908874511,0.0522570498287677
1.0,qrnn_paper,paper_no_reset,lorenz_1000,6.0,0.001,5.0,3.0,16.0,25.0,64.0,0.0312622338533401,0.0324999690055847,0.1361239999532699,0.1399228870868683,0.6021559834480286,0.5723437666893005,29.0,867.0,1490.25,0.0435898291567961,0.0472691282629966,0.0440834462642669
1.0,qrnn_paper,paper_no_reset,lorenz_1000,7.0,0.001,5.0,2.0,4.0,1.0,64.0,0.0004537262720987,0.0004759877047035,0.0164880361407995,0.0170451756566762,0.9950957894325256,0.9948557019233704,32.0,3540.0,1720.73,0.0315444881096482,0.0345707684755325,0.0301011092960834
1.0,qrnn_paper,paper_no_reset,lorenz_1000,7.0,0.001,5.0,2.0,4.0,13.0,64.0,0.0243441108614206,0.0253958832472562,0.1165243983268737,0.1195873394608497,0.70577472448349,0.681538462638855,32.0,6620.0,3214.67,0.0414286557585001,0.0473141595721244,0.0415532179176807
1.0,qrnn_paper,paper_no_reset,lorenz_1000,7.0,0.001,5.0,2.0,4.0,25.0,64.0,0.0293120387941598,0.0310183744877576,0.1303675919771194,0.1334006488323211,0.6266207695007324,0.5871933102607727,32.0,2593.0,1280.56,0.0394584268331527,0.0516588315367698,0.049558725208044
1.0,qrnn_paper,paper_no_reset,lorenz_1000,7.0,0.001,5.0,2.0,8.0,1.0,64.0,0.0014671973185613,0.0013173931511119,0.0271021425724029,0.0262077581137418,0.9849786162376404,0.9863417148590088,32.0,1236.0,1261.74,0.0155881335027515,0.0162236727774143,0.016071792691946
1.0,qrnn_paper,paper_no_reset,lorenz_1000,7.0,0.001,5.0,2.0,8.0,13.0,64.0,0.0244523137807846,0.0262486618012189,0.1163036674261093,0.1189493685960769,0.7084412574768066,0.6673606038093567,32.0,1551.0,1541.93,0.0315487705171108,0.039249263703823,0.0364642776548862
1.0,qrnn_paper,paper_no_reset,lorenz_1000,7.0,0.001,5.0,2.0,8.0,25.0,64.0,0.0359053909778595,0.0352529399096965,0.1431093066930771,0.1417964249849319,0.5162394046783447,0.4967869818210602,32.0,768.0,788.47,0.0407196942716836,0.0500451549887657,0.0482721552252769
1.0,qrnn_paper,paper_no_reset,lorenz_1000,7.0,0.001,5.0,2.0,16.0,1.0,64.0,0.0070565184578299,0.0076985470950603,0.0663998499512672,0.0693051889538765,0.9224901795387268,0.9151450395584106,32.0,1466.0,2942.13,0.0222357774153351,0.0255614183843135,0.0241373386234045
1.0,qrnn_paper,paper_no_reset,lorenz_1000,7.0,0.001,5.0,2.0,16.0,13.0,64.0,0.0305894967168569,0.0320279635488987,0.1253555715084076,0.1335069239139557,0.5984097123146057,0.5645744204521179,32.0,643.0,1295.32,0.0272639146074652,0.0378850921988487,0.0359223261475563
1.0,qrnn_paper,paper_no_reset,lorenz_1000,7.0,0.001,5.0,2.0,16.0,25.0,64.0,0.0380518473684787,0.0378176718950271,0.1575552076101303,0.1554186791181564,0.4501746296882629,0.4343036413192749,32.0,1939.0,3530.8,0.044932920899656,0.048248067498207,0.0455526821315288
1.0,qrnn_paper,paper_no_reset,lorenz_1000,7.0,0.001,5.0,3.0,4.0,1.0,64.0,0.0021892781369388,0.002247157972306,0.0342801846563816,0.0343088135123252,0.9761013984680176,0.9755051732063292,29.0,2172.0,943.49,0.0188162612728774,0.0194474328309297,0.0169076025485992
1.0,qrnn_paper,paper_no_reset,lorenz_1000,7.0,0.001,5.0,3.0,4.0,13.0,64.0,0.0382425598800182,0.0389795079827308,0.1568088829517364,0.1559100449085235,0.4212358295917511,0.4646371603012085,29.0,836.0,359.29,0.090101496130228,0.1351639032363891,0.1103409603238105
1.0,qrnn_paper,paper_no_reset,lorenz_1000,7.0,0.001,5.0,3.0,4.0,25.0,64.0,0.0395369492471218,0.0405360162258148,0.1506484895944595,0.1536411345005035,0.3999375402927398,0.3962485492229461,29.0,1649.0,721.93,0.0540610682219266,0.073725514113903,0.0533911027014255
1.0,qrnn_paper,paper_no_reset,lorenz_1000,7.0,0.001,5.0,3.0,8.0,1.0,64.0,0.0039916611276566,0.0039964481256902,0.0468773730099201,0.0470469743013381,0.9560040235519408,0.9566292762756348,29.0,1162.0,1037.79,0.0202258233912289,0.0229899138212203,0.0198200996965169
1.0,qrnn_paper,paper_no_reset,lorenz_1000,7.0,0.001,5.0,3.0,8.0,13.0,64.0,0.0410926006734371,0.0415946841239929,0.1524076461791992,0.1533384472131729,0.3676298856735229,0.3906187415122986,29.0,584.0,526.34,0.0405149865895509,0.0468118451535701,0.0468283034861087
1.0,qrnn_paper,paper_no_reset,lorenz_1000,7.0,0.001,5.0,3.0,8.0,25.0,64.0,0.0384374745190143,0.0407761149108409,0.1509872823953628,0.159278392791748,0.4310277104377746,0.3865728974342346,29.0,1480.0,1363.42,0.0426724299788475,0.0520972274243831,0.0447692684829235
1.0,qrnn_paper,paper_no_reset,lorenz_1000,7.0,0.001,5.0,3.0,16.0,1.0,64.0,0.0060714716091752,0.0068258303217589,0.0637250915169715,0.0664370507001876,0.9325591325759888,0.9244433641433716,29.0,1379.0,2591.14,0.0469128757715225,0.0543738380074501,0.0510282665491104
1.0,qrnn_paper,paper_no_reset,lorenz_1000,7.0,0.001,5.0,3.0,16.0,13.0,64.0,0.0381769277155399,0.0355504937469959,0.1454158723354339,0.1425459235906601,0.4482569396495819,0.4941016137599945,29.0,857.0,1623.31,0.0594031251966953,0.0718794390559196,0.0592080727219581
1.0,qrnn_paper,paper_no_reset,lorenz_1000,7.0,0.001,5.0,3.0,16.0,25.0,64.0,0.0341631658375263,0.0336926765739917,0.1435212939977646,0.144534170627594,0.5364837646484375,0.5147374868392944,29.0,915.0,1545.0,0.0295060910284519,0.0376911424100399,0.0376204997301101
1.0,qrnn_paper,paper_no_reset,lorenz_1000,8.0,0.001,5.0,2.0,4.0,1.0,64.0,0.0005122510483488,0.0005439711385406,0.0166451670229434,0.0173248294740915,0.994512677192688,0.9942626953125,32.0,3314.0,1601.77,0.0132671087514609,0.0179883725941181,0.0123629318550229
1.0,qrnn_paper,paper_no_reset,lorenz_1000,8.0,0.001,5.0,2.0,4.0,13.0,64.0,0.0279956348240375,0.0305417031049728,0.1296464949846267,0.1346828788518905,0.6425464153289795,0.6029332876205444,32.0,1121.0,541.61,0.0334471326321363,0.0400026217103004,0.0343089252710342
1.0,qrnn_paper,paper_no_reset,lorenz_1000,8.0,0.001,5.0,2.0,4.0,25.0,64.0,0.0282429810613393,0.0289744436740875,0.128409594297409,0.1306147277355194,0.654918372631073,0.6244133114814758,32.0,2250.0,1090.74,0.0386519536375999,0.0416229404509067,0.039242435246706
1.0,qrnn_paper,paper_no_reset,lorenz_1000,8.0,0.001,5.0,2.0,8.0,1.0,64.0,0.0014852255117148,0.0016004926292225,0.0304097607731819,0.0318466611206531,0.9838907718658448,0.982872486114502,32.0,1313.0,1314.89,0.0348173247650265,0.0443112477660179,0.0347483903169631
1.0,qrnn_paper,paper_no_reset,lorenz_1000,8.0,0.001,5.0,2.0,8.0,13.0,64.0,0.0199597347527742,0.0197124909609556,0.1060997247695922,0.1037238761782646,0.7816000580787659,0.7684772610664368,32.0,2200.0,2199.43,0.0414445649832487,0.0460701547563076,0.0406577587127685
1.0,qrnn_paper,paper_no_reset,lorenz_1000,8.0,0.001,5.0,2.0,8.0,25.0,64.0,0.0270408820360898,0.026014320552349,0.1266073882579803,0.1234003156423568,0.6685023903846741,0.6745176315307617,32.0,1602.0,1610.21,0.0313960061408579,0.0426759533584117,0.0402779690921306
1.0,qrnn_paper,paper_no_reset,lorenz_1000,8.0,0.001,5.0,2.0,16.0,1.0,64.0,0.0086086904630064,0.0100008780136704,0.0743056833744049,0.0782260373234748,0.90365731716156,0.8874709606170654,32.0,672.0,1385.42,0.0319438034668564,0.0348799377679824,0.0299978982657194
1.0,qrnn_paper,paper_no_reset,lorenz_1000,8.0,0.001,5.0,2.0,16.0,13.0,64.0,0.0311511382460594,0.0307875033468008,0.1296284794807434,0.131739854812622,0.5840159058570862,0.5907405614852905,32.0,688.0,1400.19,0.0340468348935246,0.0408756546676158,0.0375463366508483
1.0,qrnn_paper,paper_no_reset,lorenz_1000,8.0,0.001,5.0,2.0,16.0,25.0,64.0,0.0371460616588592,0.0388696789741516,0.1525197923183441,0.1558247208595276,0.4703146815299988,0.4273867309093475,32.0,924.0,1753.57,0.0446287310785717,0.0555601716041564,0.051194179803133
1.0,qrnn_paper,paper_no_reset,lorenz_1000,8.0,0.001,5.0,3.0,4.0,1.0,64.0,0.0022484196815639,0.0023466567508876,0.0344099886715412,0.0352101400494575,0.975606083869934,0.9745335578918456,29.0,3084.0,1350.91,0.0390080768615007,0.0449606403708457,0.0372052080929279
1.0,qrnn_paper,paper_no_reset,lorenz_1000,8.0,0.001,5.0,3.0,4.0,13.0,64.0,0.0375318825244903,0.0385330356657505,0.1515232920646667,0.1501994878053665,0.4398638308048248,0.4901352822780609,29.0,649.0,287.21,0.0401325814425945,0.048614464700222,0.0443652011454105
1.0,qrnn_paper,paper_no_reset,lorenz_1000,8.0,0.001,5.0,3.0,4.0,25.0,64.0,0.0398548245429992,0.0391287133097648,0.1522364765405655,0.1486512273550033,0.3891308903694153,0.4422607719898224,29.0,552.0,244.87,0.0442281443625688,0.0473359450697898,0.0400724373757839
1.0,qrnn_paper,paper_no_reset,lorenz_1000,8.0,0.001,5.0,3.0,8.0,1.0,64.0,0.0023589597549289,0.0025105308741331,0.0350195802748203,0.0357531458139419,0.9743075370788574,0.9728198051452636,29.0,2164.0,1926.82,0.0234723850153386,0.024210562929511,0.02209909632802
1.0,qrnn_paper,paper_no_reset,lorenz_1000,8.0,0.001,5.0,3.0,8.0,13.0,64.0,0.0235114619135856,0.0261480659246444,0.1218636184930801,0.128620907664299,0.7225686311721802,0.6745664477348328,29.0,1106.0,975.14,0.0309564672410488,0.0372173525393009,0.0331292077898979
1.0,qrnn_paper,paper_no_reset,lorenz_1000,8.0,0.001,5.0,3.0,8.0,25.0,64.0,0.0420319810509681,0.0459509193897247,0.1652077883481979,0.1730829775333404,0.335406482219696,0.2536950409412384,29.0,794.0,700.77,0.0472668316215276,0.0594127178192138,0.0497401468455791
1.0,qrnn_paper,paper_no_reset,lorenz_1000,8.0,0.001,5.0,3.0,16.0,1.0,64.0,0.0050074243918061,0.0046089049428701,0.0564101822674274,0.0539701506495475,0.944805383682251,0.9496170282363892,29.0,1200.0,2250.95,0.03543661236763,0.045479841530323,0.0381807275116443
1.0,qrnn_paper,paper_no_reset,lorenz_1000,8.0,0.001,5.0,3.0,16.0,13.0,64.0,0.0312092583626508,0.0310711376368999,0.1341693103313446,0.1333213001489639,0.5800281763076782,0.6000136137008667,29.0,1620.0,3058.11,0.044236322492361,0.0486886277794837,0.0465236119925975
1.0,qrnn_paper,paper_no_reset,lorenz_1000,8.0,0.001,5.0,3.0,16.0,25.0,64.0,0.0482025071978569,0.0471779853105545,0.1718424409627914,0.170797660946846,0.1991356015205383,0.2314222753047943,29.0,441.0,745.51,0.0450962914360894,0.0478929616510868,0.0487059727311134
1.0,qrnn_paper,paper_no_reset,lorenz_1000,9.0,0.001,5.0,2.0,4.0,1.0,64.0,0.0005392202292568,0.0005331539432518,0.0160471927374601,0.0162565521895885,0.9942270517349244,0.99424809217453,32.0,1973.0,931.94,0.0088813962880522,0.0089333327487111,0.0084867849946022
1.0,qrnn_paper,paper_no_reset,lorenz_1000,9.0,0.001,5.0,2.0,4.0,13.0,64.0,0.0270826183259487,0.0286798533052206,0.1246938854455947,0.1287947595119476,0.6594127416610718,0.6265446543693542,32.0,3289.0,1597.07,0.0372699869796633,0.0477375425398349,0.0442501157522201
1.0,qrnn_paper,paper_no_reset,lorenz_1000,9.0,0.001,5.0,2.0,4.0,25.0,64.0,0.0338463895022869,0.035299751907587,0.1402351111173629,0.1439794600009918,0.5407189130783081,0.5061010122299194,32.0,2467.0,1183.2,0.0462776351720094,0.0502932779490947,0.045456513762474
1.0,qrnn_paper,paper_no_reset,lorenz_1000,9.0,0.001,5.0,2.0,8.0,1.0,64.0,0.0022706934250891,0.002255079569295,0.0364589020609855,0.036062829196453,0.975235641002655,0.97557932138443,32.0,1766.0,1730.09,0.019832235109061,0.0175309237092733,0.0197610892355442
1.0,qrnn_paper,paper_no_reset,lorenz_1000,9.0,0.001,5.0,2.0,8.0,13.0,64.0,0.0228295996785163,0.0241279825568199,0.1080086603760719,0.1105927973985672,0.7399146556854248,0.7056982517242432,32.0,2980.0,2886.52,0.055360210314393,0.0670667067170143,0.0644465833902359
1.0,qrnn_paper,paper_no_reset,lorenz_1000,9.0,0.001,5.0,2.0,8.0,25.0,64.0,0.0319555662572383,0.0322868861258029,0.1389251351356506,0.1422554105520248,0.5901631116867065,0.5600572228431702,32.0,1228.0,1209.26,0.0566836524754762,0.0779647305607795,0.0710100159049034
1.0,qrnn_paper,paper_no_reset,lorenz_1000,9.0,0.001,5.0,2.0,16.0,1.0,64.0,0.0083631752058863,0.008061796426773,0.0697562023997306,0.0713155418634414,0.906170666217804,0.9131537675857544,32.0,1985.0,3832.54,0.0416624221950769,0.0603681579232215,0.0521506741642952
1.0,qrnn_paper,paper_no_reset,lorenz_1000,9.0,0.001,5.0,2.0,16.0,13.0,64.0,0.0348834842443466,0.0359802767634391,0.1424974352121353,0.146612137556076,0.5232833027839661,0.4998559951782226,32.0,843.0,1782.62,0.0510503053665161,0.0693348720669746,0.0587404891848564
1.0,qrnn_paper,paper_no_reset,lorenz_1000,9.0,0.001,5.0,2.0,16.0,25.0,64.0,0.037244364619255,0.0420467592775821,0.1494122296571731,0.1658012717962265,0.4676797688007355,0.3703023195266723,32.0,1294.0,2432.53,0.0552262427906195,0.0617049783468246,0.0559964030981063
1.0,qrnn_paper,paper_no_reset,lorenz_1000,9.0,0.001,5.0,3.0,4.0,1.0,64.0,0.0033769328147172,0.0034228740260004,0.0435368828475475,0.0428738221526145,0.9630473852157592,0.9623973369598388,29.0,1900.0,837.23,0.0274052800610661,0.0311173219233751,0.0283286515623331
1.0,qrnn_paper,paper_no_reset,lorenz_1000,9.0,0.001,5.0,3.0,4.0,13.0,64.0,0.0274336989969015,0.029925163835287,0.1273459792137146,0.134000226855278,0.6599149107933044,0.6060128211975098,29.0,3668.0,1610.54,0.0462811946868896,0.0546460598707199,0.0526219457387924
1.0,qrnn_paper,paper_no_reset,lorenz_1000,9.0,0.001,5.0,3.0,4.0,25.0,64.0,0.0453915111720562,0.0481705628335475,0.1637125611305236,0.1689702123403549,0.240564540028572,0.2359165996313095,29.0,1087.0,479.95,0.0500743325799703,0.0732795447111129,0.0649234652519226
1.0,qrnn_paper,paper_no_reset,lorenz_1000,9.0,0.001,5.0,3.0,8.0,1.0,64.0,0.003061531111598,0.0032282806932926,0.0421279147267341,0.0434463508427143,0.9665070176124572,0.9648457765579224,29.0,2787.0,2433.22,0.0359953816980123,0.0335617400705814,0.0376891382038593
1.0,qrnn_paper,paper_no_reset,lorenz_1000,9.0,0.001,5.0,3.0,8.0,13.0,64.0,0.0287410970777273,0.02882338501513,0.1253850907087326,0.1258832067251205,0.633510172367096,0.6307355165481567,29.0,2003.0,1811.74,0.0405316028743982,0.0488618612289428,0.0465162396430969
1.0,qrnn_paper,paper_no_reset,lorenz_1000,9.0,0.001,5.0,3.0,8.0,25.0,64.0,0.0392732918262481,0.040303636342287,0.1551721543073654,0.1568945348262787,0.4192197918891907,0.388788491487503,29.0,1497.0,1316.68,0.0571252338588237,0.0783006250858306,0.0688803046941757
1.0,qrnn_paper,paper_no_reset,lorenz_1000,9.0,0.001,5.0,3.0,16.0,1.0,64.0,0.0054770302958786,0.0055095115676522,0.0613552555441856,0.0624712333083152,0.9397986531257628,0.94231116771698,29.0,1973.0,3606.69,0.0340101610869169,0.0394593365490436,0.0362872444093227
1.0,qrnn_paper,paper_no_reset,lorenz_1000,9.0,0.001,5.0,3.0,16.0,13.0,64.0,0.0357323810458183,0.036718551069498,0.1481024324893951,0.1475371718406677,0.5073824524879456,0.4796274304389953,29.0,671.0,1255.54,0.0441347181797027,0.0498110875487327,0.0522844120860099
1.0,qrnn_paper,paper_no_reset,lorenz_1000,9.0,0.001,5.0,3.0,16.0,25.0,64.0,0.0328871868550777,0.0316239260137081,0.140232428908348,0.1353297382593155,0.5580596327781677,0.5683959126472473,29.0,1019.0,1719.91,0.0366090602344936,0.0436079762876033,0.041126862168312
1.0,qrnn_paper,paper_no_reset,henon_1000,0.0,0.001,5.0,2.0,4.0,1.0,64.0,0.0100042261183261,0.0095461821183562,0.07879438996315,0.0770610868930816,0.9357634782791138,0.9382983446121216,28.0,2665.0,1164.16,0.0428081922233104,0.0432084202766418,0.0422069653868675
1.0,qrnn_paper,paper_no_reset,henon_1000,0.0,0.001,5.0,2.0,4.0,2.0,64.0,0.0266840104013681,0.023901654407382,0.1300127357244491,0.1237669363617897,0.8184526562690735,0.8372657299041748,28.0,2975.0,1360.6,0.0638167552649974,0.0627325400710105,0.0638812556862831
1.0,qrnn_paper,paper_no_reset,henon_1000,0.0,0.001,5.0,2.0,4.0,4.0,64.0,0.0630603060126304,0.0588507130742073,0.2070804387331009,0.2021376937627792,0.4678159654140472,0.5121936202049255,28.0,7290.0,3195.35,0.0783716596662998,0.0766176134347915,0.0783604308962822
1.0,qrnn_paper,paper_no_reset,henon_1000,0.0,0.001,5.0,2.0,8.0,1.0,64.0,0.0281865652650594,0.0271496549248695,0.1309430748224258,0.1262841969728469,0.8062759041786194,0.812300980091095,28.0,954.0,823.52,0.0402254443615675,0.0396897755563259,0.04209516197443
1.0,qrnn_paper,paper_no_reset,henon_1000,0.0,0.001,5.0,2.0,8.0,2.0,64.0,0.0465740039944648,0.0411232113838195,0.1655594855546951,0.1578538566827774,0.6519342660903931,0.6966096758842468,28.0,1488.0,1339.0,0.0643839828670024,0.0673822462558746,0.0690179616212844
1.0,qrnn_paper,paper_no_reset,henon_1000,0.0,0.001,5.0,2.0,8.0,4.0,64.0,0.0678618624806404,0.0642374753952026,0.211562767624855,0.2114504426717758,0.405063658952713,0.4426482021808624,28.0,1700.0,1523.98,0.0851920962333679,0.0830441191792488,0.0902530699968338
1.0,qrnn_paper,paper_no_reset,henon_1000,0.0,0.001,5.0,2.0,16.0,1.0,64.0,0.0473926477134227,0.0467349663376808,0.1753913611173629,0.1760717332363128,0.6466494202613831,0.6469122171401978,28.0,2311.0,4192.97,0.0562075588852167,0.0557679124176502,0.0571635775268077
1.0,qrnn_paper,paper_no_reset,henon_1000,0.0,0.001,5.0,2.0,16.0,2.0,64.0,0.0644099339842796,0.0640847235918045,0.2108591347932815,0.2123112380504608,0.4502915740013122,0.4492224752902984,28.0,948.0,1807.28,0.0715921700000763,0.0753716304898262,0.0687199085950851
1.0,qrnn_paper,paper_no_reset,henon_1000,0.0,0.001,5.0,2.0,16.0,4.0,64.0,0.0712986662983894,0.0729144513607025,0.2203083038330078,0.2294480055570602,0.3384668529033661,0.2962830364704132,28.0,680.0,1292.44,0.0901290785521268,0.0896954238414764,0.0921865105628967
1.0,qrnn_paper,paper_no_reset,henon_1000,0.0,0.001,5.0,3.0,4.0,1.0,64.0,0.0031400001607835,0.0027740516234189,0.0404002182185649,0.0384756252169609,0.9802932739257812,0.982921838760376,26.0,3940.0,1602.02,0.0279162881895899,0.0274015422910451,0.0278095453977584
1.0,qrnn_paper,paper_no_reset,henon_1000,0.0,0.001,5.0,3.0,4.0,2.0,64.0,0.0315850935876369,0.029001735150814,0.1401063054800033,0.1345244348049163,0.779656708240509,0.7980339527130127,26.0,3897.0,1613.62,0.0588941998779773,0.0575488433241844,0.0577500462532043
1.0,qrnn_paper,paper_no_reset,henon_1000,0.0,0.001,5.0,3.0,4.0,4.0,64.0,0.0666976794600486,0.0646461024880409,0.215162843465805,0.2130316346883773,0.4139086604118347,0.4355766773223877,26.0,4306.0,1784.0,0.0983883112668991,0.0962922424077987,0.0953409373760223
1.0,qrnn_paper,paper_no_reset,henon_1000,0.0,0.001,5.0,3.0,8.0,1.0,64.0,0.0222891028970479,0.0196465533226728,0.1181524768471717,0.1104336678981781,0.8506834506988525,0.8682159781455994,26.0,1684.0,1411.93,0.045642589405179,0.0456270389258861,0.0441857501864433
1.0,qrnn_paper,paper_no_reset,henon_1000,0.0,0.001,5.0,3.0,8.0,2.0,64.0,0.0412989370524883,0.0383009277284145,0.1521389037370681,0.1494030058383941,0.6991968154907227,0.7217540740966797,26.0,3312.0,2749.81,0.0761445313692092,0.0748896524310112,0.0750533491373062
1.0,qrnn_paper,paper_no_reset,henon_1000,0.0,0.001,5.0,3.0,8.0,4.0,64.0,0.0757055878639221,0.0716667249798774,0.2288631498813629,0.2269644141197204,0.2580468654632568,0.3205727338790893,26.0,1693.0,1421.6,0.08682162463665,0.086281381547451,0.0881089195609092
1.0,qrnn_paper,paper_no_reset,henon_1000,0.0,0.001,5.0,3.0,16.0,1.0,64.0,0.0426143072545528,0.0438426584005355,0.163767471909523,0.1667007654905319,0.6881218552589417,0.6738928556442261,26.0,940.0,1658.01,0.0503644622862339,0.0516638532280921,0.0489769764244556
1.0,qrnn_paper,paper_no_reset,henon_1000,0.0,0.001,5.0,3.0,16.0,2.0,64.0,0.0563552640378475,0.0560573749244213,0.1928601711988449,0.1948585510253906,0.5542925000190735,0.5503432750701904,26.0,1320.0,2347.68,0.0935290515422821,0.0874756202101707,0.0830655246973037
1.0,qrnn_paper,paper_no_reset,henon_1000,0.0,0.001,5.0,3.0,16.0,4.0,64.0,0.0709421709179878,0.0694262236356735,0.2210182249546051,0.2180555760860443,0.3428307473659515,0.3622283339500427,26.0,980.0,1744.26,0.101490981131792,0.1069080680608749,0.1082207038998603
1.0,qrnn_paper,paper_no_reset,henon_1000,1.0,0.001,5.0,2.0,4.0,1.0,64.0,0.0027549569495022,0.0025332034565508,0.0384539775550365,0.0370930917561054,0.9827308058738708,0.9842044115066528,28.0,2271.0,993.22,0.0394064370542764,0.0382412150502204,0.0412902720272541
1.0,qrnn_paper,paper_no_reset,henon_1000,1.0,0.001,5.0,2.0,4.0,2.0,64.0,0.0278034470975399,0.0247699152678251,0.1302094161510467,0.1257910728454589,0.808946430683136,0.8314271569252014,28.0,13575.0,5844.87,0.0692242968827486,0.06887798756361,0.0677724704146385
1.0,qrnn_paper,paper_no_reset,henon_1000,1.0,0.001,5.0,2.0,4.0,4.0,64.0,0.0648868232965469,0.0604723840951919,0.2102889418601989,0.2049305289983749,0.4414567947387695,0.4920801818370819,28.0,2803.0,1274.59,0.0778147473931312,0.0754004791378974,0.0790481939911842
1.0,qrnn_paper,paper_no_reset,henon_1000,1.0,0.001,5.0,2.0,8.0,1.0,64.0,0.0114971129223704,0.0114813791587948,0.0838735699653625,0.0874674469232559,0.9261157512664796,0.9255105257034302,28.0,5790.0,5029.46,0.0405912343412637,0.0417274720966815,0.0420543141663074
1.0,qrnn_paper,paper_no_reset,henon_1000,1.0,0.001,5.0,2.0,8.0,2.0,64.0,0.0452994108200073,0.0404210872948169,0.1678082048892974,0.159555584192276,0.6650501489639282,0.7027674317359924,28.0,4548.0,3993.5,0.0867784902453422,0.0898756459355354,0.0902903899550437
1.0,qrnn_paper,paper_no_reset,henon_1000,1.0,0.001,5.0,2.0,8.0,4.0,64.0,0.0708888545632362,0.0669295191764831,0.2191405296325683,0.217031791806221,0.3568911254405975,0.4037709832191467,28.0,3065.0,2762.17,0.0887323513627052,0.0911278650164604,0.0894528850913047
1.0,qrnn_paper,paper_no_reset,henon_1000,1.0,0.001,5.0,2.0,16.0,1.0,64.0,0.0433793142437934,0.044464074075222,0.1699357032775879,0.1707567721605301,0.6807563304901123,0.667910099029541,28.0,1220.0,2332.82,0.0775824323296547,0.0811467990279197,0.0762781277298927
1.0,qrnn_paper,paper_no_reset,henon_1000,1.0,0.001,5.0,2.0,16.0,2.0,64.0,0.0715187117457389,0.0708478689193725,0.222635418176651,0.2216978073120117,0.347699224948883,0.3546665012836456,28.0,820.0,1513.87,0.1056036591529846,0.1013825163245201,0.1050261780619621
1.0,qrnn_paper,paper_no_reset,henon_1000,1.0,0.001,5.0,2.0,16.0,4.0,64.0,0.0759471729397773,0.0677718147635459,0.2289736866950988,0.2187557369470596,0.2465376853942871,0.3924874663352966,28.0,1135.0,2131.01,0.0773009970784187,0.0755757763981819,0.0796489715576171
1.0,qrnn_paper,paper_no_reset,henon_1000,1.0,0.001,5.0,3.0,4.0,1.0,64.0,0.003549724118784,0.0032552566844969,0.0442848764359951,0.0431969612836837,0.9776982069015504,0.9797409176826476,26.0,4846.0,1989.0,0.0511266194283962,0.0514603964984416,0.0514343604445457
1.0,qrnn_paper,paper_no_reset,henon_1000,1.0,0.001,5.0,3.0,4.0,2.0,64.0,0.0324008911848068,0.0312677547335624,0.1397916376590728,0.1384264528751373,0.7731796503067017,0.7800323367118835,26.0,1719.0,708.26,0.0605922192335128,0.0596114508807659,0.0609968602657318
1.0,qrnn_paper,paper_no_reset,henon_1000,1.0,0.001,5.0,3.0,4.0,4.0,64.0,0.0676961466670036,0.062333270907402,0.211862713098526,0.2077110409736633,0.4023919999599457,0.4677523970603943,26.0,1341.0,562.34,0.0721209213137626,0.0715721845626831,0.0741978958249092
1.0,qrnn_paper,paper_no_reset,henon_1000,1.0,0.001,5.0,3.0,8.0,1.0,64.0,0.0175298769026994,0.0153175247833132,0.1033854261040687,0.0971658676862716,0.8847275376319885,0.8990186452865601,26.0,1546.0,1300.76,0.0504922747611999,0.0490615665912628,0.0505672357976436
1.0,qrnn_paper,paper_no_reset,henon_1000,1.0,0.001,5.0,3.0,8.0,2.0,64.0,0.0427946262061595,0.0380073115229606,0.1593304425477981,0.1514874845743179,0.6876378059387207,0.724305272102356,26.0,3829.0,3181.93,0.0805333502590656,0.0805081874132156,0.0813824534416198
1.0,qrnn_paper,paper_no_reset,henon_1000,1.0,0.001,5.0,3.0,8.0,4.0,64.0,0.0691108331084251,0.0669745430350303,0.2171442508697509,0.2157347351312637,0.3802187442779541,0.4022449553012848,26.0,2543.0,2129.33,0.0848124705255031,0.0849402472376823,0.0850810706615448
1.0,qrnn_paper,paper_no_reset,henon_1000,1.0,0.001,5.0,3.0,16.0,1.0,64.0,0.0406590364873409,0.0412537492811679,0.1615418940782547,0.1629849225282669,0.7048214077949524,0.6972649097442627,26.0,2018.0,3476.35,0.089067929983139,0.0869291499257087,0.0839657634496688
1.0,qrnn_paper,paper_no_reset,henon_1000,1.0,0.001,5.0,3.0,16.0,2.0,64.0,0.0561334751546382,0.0536466650664806,0.1942537724971771,0.1903159022331237,0.5527850389480591,0.5758675336837769,26.0,1179.0,2039.91,0.0678048852831125,0.0692183449864387,0.0702170878648758
1.0,qrnn_paper,paper_no_reset,henon_1000,1.0,0.001,5.0,3.0,16.0,4.0,64.0,0.0834463834762573,0.0806383788585662,0.2432573139667511,0.2413977086544037,0.0664889588952064,0.1067465469241142,26.0,525.0,937.3,0.0932440780103206,0.0923531427979469,0.0910475775599479
1.0,qrnn_paper,paper_no_reset,henon_1000,2.0,0.001,5.0,2.0,4.0,1.0,64.0,0.0027763119433075,0.0026235918048769,0.0398140810430049,0.0392904393374919,0.9826054573059082,0.9835166931152344,28.0,2826.0,1274.35,0.0368634052574634,0.0365425273776054,0.0364431627094745
1.0,qrnn_paper,paper_no_reset,henon_1000,2.0,0.001,5.0,2.0,4.0,2.0,64.0,0.0270075909793376,0.024043058976531,0.122463434934616,0.1157097741961479,0.8156324625015259,0.8359925150871277,28.0,8129.0,3571.39,0.092227004468441,0.0915311723947525,0.0914517343044281
1.0,qrnn_paper,paper_no_reset,henon_1000,2.0,0.001,5.0,2.0,4.0,4.0,64.0,0.0640496984124183,0.0609137117862701,0.2101417034864425,0.2051890194416046,0.4519686102867126,0.4862945675849914,28.0,6553.0,2856.75,0.0930718414485454,0.0926032438874244,0.0923084467649459
1.0,qrnn_paper,paper_no_reset,henon_1000,2.0,0.001,5.0,2.0,8.0,1.0,64.0,0.0206679217517375,0.0181380938738584,0.1132328510284423,0.1047776117920875,0.8623103499412537,0.8790168166160583,28.0,4558.0,4009.29,0.0713664475828409,0.0716279000043869,0.0733420699834823
1.0,qrnn_paper,paper_no_reset,henon_1000,2.0,0.001,5.0,2.0,8.0,2.0,64.0,0.0478026233613491,0.0421749427914619,0.1659050434827804,0.161760002374649,0.6397514343261719,0.6872339844703674,28.0,3254.0,2917.31,0.1364931404590606,0.1332909613847732,0.1257144659757614
1.0,qrnn_paper,paper_no_reset,henon_1000,2.0,0.001,5.0,2.0,8.0,4.0,64.0,0.073310874402523,0.0647378712892532,0.2226059138774871,0.2107986509799957,0.3191530406475067,0.4358116388320923,28.0,1668.0,1543.77,0.0809997998178005,0.0824858620762825,0.0852009132504463
1.0,qrnn_paper,paper_no_reset,henon_1000,2.0,0.001,5.0,2.0,16.0,1.0,64.0,0.0351657159626483,0.0332425273954868,0.1445686519145965,0.1391248255968094,0.7524954080581665,0.766753613948822,28.0,3531.0,6398.44,0.0926119230687618,0.0971071869134903,0.0994637012481689
1.0,qrnn_paper,paper_no_reset,henon_1000,2.0,0.001,5.0,2.0,16.0,2.0,64.0,0.0764273554086685,0.0753204450011253,0.2282218039035797,0.229481890797615,0.2647625505924225,0.2823843955993652,28.0,1095.0,2048.5,0.0905406758189201,0.0893082544207573,0.0971433669328689
1.0,qrnn_paper,paper_no_reset,henon_1000,2.0,0.001,5.0,2.0,16.0,4.0,64.0,0.0801975280046463,0.0780046507716178,0.2361402660608291,0.2371437847614288,0.1168370023369789,0.1684998422861099,28.0,1060.0,2031.89,0.134328119456768,0.1450300216674804,0.135176882147789
1.0,qrnn_paper,paper_no_reset,henon_1000,2.0,0.001,5.0,3.0,4.0,1.0,64.0,0.0073455576784908,0.0067159608006477,0.0660657808184623,0.0635313689708709,0.9532914757728576,0.9570239186286926,26.0,2635.0,1113.25,0.0341351570561528,0.0344600714743137,0.0353338308632373
1.0,qrnn_paper,paper_no_reset,henon_1000,2.0,0.001,5.0,3.0,4.0,2.0,64.0,0.0331809781491756,0.0306977294385433,0.1366605162620544,0.131291314959526,0.7668788433074951,0.7844756245613098,26.0,1984.0,810.85,0.0480172339826822,0.0474166497588157,0.0488382466137409
1.0,qrnn_paper,paper_no_reset,henon_1000,2.0,0.001,5.0,3.0,4.0,4.0,64.0,0.0656518265604972,0.0619634203612804,0.210796445608139,0.2056660056114196,0.4321847259998321,0.4726421236991882,26.0,3159.0,1293.45,0.0836679480969905,0.08226328343153,0.084062784910202
1.0,qrnn_paper,paper_no_reset,henon_1000,2.0,0.001,5.0,3.0,8.0,1.0,64.0,0.0117298848927021,0.010792794637382,0.0825668349862098,0.080320194363594,0.9243030548095704,0.9300456643104552,26.0,3730.0,3110.25,0.056358690187335,0.0565146245062351,0.0568038038909435
1.0,qrnn_paper,paper_no_reset,henon_1000,2.0,0.001,5.0,3.0,8.0,2.0,64.0,0.0480797998607158,0.04254662245512,0.1718223839998245,0.1604337841272354,0.6367136836051941,0.6847188472747803,26.0,3325.0,2697.89,0.1247778423130512,0.1236780509352684,0.1149148195981979
1.0,qrnn_paper,paper_no_reset,henon_1000,2.0,0.001,5.0,3.0,8.0,4.0,64.0,0.0738377720117569,0.0669542402029037,0.2262445539236068,0.2168405503034591,0.3130794763565063,0.4022325575351715,26.0,1914.0,1565.14,0.0891951754689216,0.0901110842823982,0.0958905592560768
1.0,qrnn_paper,paper_no_reset,henon_1000,2.0,0.001,5.0,3.0,16.0,1.0,64.0,0.0424136929214,0.0415272787213325,0.1637116819620132,0.1607643067836761,0.6894781589508057,0.6948317885398865,26.0,1441.0,2494.12,0.0738012097775936,0.0744461864233017,0.0802796110510826
1.0,qrnn_paper,paper_no_reset,henon_1000,2.0,0.001,5.0,3.0,16.0,2.0,64.0,0.0787824094295501,0.0741584375500679,0.2337175607681274,0.2298013269901275,0.179696187376976,0.276311308145523,26.0,474.0,860.02,0.0796250250190496,0.0796074718236923,0.0838024243712425
1.0,qrnn_paper,paper_no_reset,henon_1000,2.0,0.001,5.0,3.0,16.0,4.0,64.0,0.0814961045980453,0.0762706100940704,0.2389903962612152,0.2314625531435012,0.0784669667482376,0.2135085016489029,26.0,667.0,1186.51,0.1201756633818149,0.1187744215130806,0.1358348429203033
1.0,qrnn_paper,paper_no_reset,henon_1000,3.0,0.001,5.0,2.0,4.0,1.0,64.0,0.0041628493927419,0.0040720906108617,0.0487239882349967,0.0489965938031673,0.9737838506698608,0.9743854999542236,28.0,4221.0,1890.65,0.0325288366526365,0.032886017113924,0.0335584916174411
1.0,qrnn_paper,paper_no_reset,henon_1000,3.0,0.001,5.0,2.0,4.0,2.0,64.0,0.0312868431210517,0.029007039964199,0.1303620785474777,0.1254341155290603,0.781851589679718,0.7981942892074585,28.0,2133.0,948.84,0.0499308407306671,0.0489178672432899,0.050846017897129
1.0,qrnn_paper,paper_no_reset,henon_1000,3.0,0.001,5.0,2.0,4.0,4.0,64.0,0.0633809268474578,0.0596143342554569,0.2066934257745742,0.2026267349720001,0.4620624780654907,0.5029447674751282,28.0,3154.0,1429.73,0.0794649571180343,0.0763646885752677,0.0799664929509162
1.0,qrnn_paper,paper_no_reset,henon_1000,3.0,0.001,5.0,2.0,8.0,1.0,64.0,0.0141658168286085,0.0126540400087833,0.0942557901144027,0.0884513854980468,0.9077402949333192,0.9172667860984802,28.0,4216.0,3673.73,0.0447854451835155,0.0440166182816028,0.0478308983147144
1.0,qrnn_paper,paper_no_reset,henon_1000,3.0,0.001,5.0,2.0,8.0,2.0,64.0,0.0493610687553882,0.0414574556052684,0.1823054403066635,0.1680876761674881,0.627105712890625,0.6935517191886902,28.0,1581.0,1466.33,0.0717780072242021,0.0716167911887168,0.0760724768042564
1.0,qrnn_paper,paper_no_reset,henon_1000,3.0,0.001,5.0,2.0,8.0,4.0,64.0,0.0738230720162391,0.0682456493377685,0.225246712565422,0.2183106541633606,0.3103646039962768,0.3839257359504699,28.0,1359.0,1274.68,0.0873946644365787,0.0893818438053131,0.0883796215057373
1.0,qrnn_paper,paper_no_reset,henon_1000,3.0,0.001,5.0,2.0,16.0,1.0,64.0,0.0478340052068233,0.0444933474063873,0.1776558011770248,0.1712713092565536,0.6390330195426941,0.6682586073875427,28.0,1658.0,3086.22,0.070405027270317,0.0792947635054588,0.0777538642287254
1.0,qrnn_paper,paper_no_reset,henon_1000,3.0,0.001,5.0,2.0,16.0,2.0,64.0,0.0533151924610137,0.046736255288124,0.1864825785160064,0.1718890070915222,0.5846468806266785,0.6466977000236511,28.0,1899.0,3501.65,0.0869846880435943,0.0916384607553482,0.0848675072193145
1.0,qrnn_paper,paper_no_reset,henon_1000,3.0,0.001,5.0,2.0,16.0,4.0,64.0,0.0747512131929397,0.0719489678740501,0.2270491123199463,0.2252251356840133,0.2629005014896393,0.3168300986289978,28.0,699.0,1355.2,0.08417334780097,0.0835007056593895,0.0875718519091606
1.0,qrnn_paper,paper_no_reset,henon_1000,3.0,0.001,5.0,3.0,4.0,1.0,64.0,0.0120166139677166,0.0111868437379598,0.0859201550483703,0.0823748409748077,0.9223729968070984,0.9272871613502502,26.0,898.0,372.1,0.0278640568256378,0.0265240501612424,0.0274436566978693
1.0,qrnn_paper,paper_no_reset,henon_1000,3.0,0.001,5.0,3.0,4.0,2.0,64.0,0.0269244350492954,0.0255259312689304,0.1203269064426422,0.1169327422976493,0.8157278299331665,0.8251929879188538,26.0,6222.0,2533.47,0.0747457385063171,0.0747834220528602,0.0750645026564598
1.0,qrnn_paper,paper_no_reset,henon_1000,3.0,0.001,5.0,3.0,4.0,4.0,64.0,0.0651540383696556,0.0601859129965305,0.2133178263902664,0.2076451778411865,0.4389335215091705,0.495794802904129,26.0,2954.0,1230.13,0.0740626789629459,0.0730590745806694,0.074471078813076
1.0,qrnn_paper,paper_no_reset,henon_1000,3.0,0.001,5.0,3.0,8.0,1.0,64.0,0.024898299947381,0.0235159546136856,0.1228863000869751,0.1213834732770919,0.8309886455535889,0.8399017453193665,26.0,1970.0,1636.43,0.0516269207000732,0.052971001714468,0.0532049722969532
1.0,qrnn_paper,paper_no_reset,henon_1000,3.0,0.001,5.0,3.0,8.0,2.0,64.0,0.0441846027970314,0.04193602129817,0.1637018322944641,0.1579784452915191,0.6728166341781616,0.6891867518424988,26.0,1890.0,1601.66,0.0593120329082012,0.0573237463831901,0.0604190789163112
1.0,qrnn_paper,paper_no_reset,henon_1000,3.0,0.001,5.0,3.0,8.0,4.0,64.0,0.0745937898755073,0.0696865394711494,0.2250833213329315,0.2206713408231735,0.2806625366210937,0.3575120270252228,26.0,862.0,735.69,0.0949031934142112,0.0937145575881004,0.0934324264526367
1.0,qrnn_paper,paper_no_reset,henon_1000,3.0,0.001,5.0,3.0,16.0,1.0,64.0,0.0440930612385273,0.0415293835103511,0.1701993644237518,0.1659445464611053,0.6740300059318542,0.6948389410972595,26.0,1954.0,3337.26,0.0776315256953239,0.0775621458888053,0.0790081769227981
1.0,qrnn_paper,paper_no_reset,henon_1000,3.0,0.001,5.0,3.0,16.0,2.0,64.0,0.0600365176796913,0.0547232590615749,0.2005994170904159,0.1920145004987716,0.5078487396240234,0.5641347765922546,26.0,1763.0,3039.79,0.0812503091990947,0.0829295888543129,0.0831905603408813
1.0,qrnn_paper,paper_no_reset,henon_1000,3.0,0.001,5.0,3.0,16.0,4.0,64.0,0.0764655321836471,0.0716508328914642,0.2304833233356475,0.2229641079902649,0.2265748381614685,0.3221505582332611,26.0,913.0,1593.26,0.0819162122905254,0.0810446590185165,0.0849250853061676
1.0,qrnn_paper,paper_no_reset,henon_1000,4.0,0.001,5.0,2.0,4.0,1.0,64.0,0.003896394977346,0.0039791907183825,0.0472490303218364,0.047297965735197,0.9755030274391174,0.9750093817710876,28.0,4439.0,1958.9,0.0403772756457328,0.0387878194451332,0.03961718454957
1.0,qrnn_paper,paper_no_reset,henon_1000,4.0,0.001,5.0,2.0,4.0,2.0,64.0,0.0215463861823081,0.0187615863978862,0.112232856452465,0.1052014529705047,0.8558668494224548,0.8747166991233826,28.0,18975.0,7912.31,0.0579624347388744,0.0543855912983417,0.0576901473104953
1.0,qrnn_paper,paper_no_reset,henon_1000,4.0,0.001,5.0,2.0,4.0,4.0,64.0,0.0665299668908119,0.0635742545127868,0.2155414372682571,0.2138221114873886,0.4191282391548157,0.4511943459510803,28.0,2811.0,1235.54,0.0881153665482998,0.0852664038538932,0.0881794840097427
1.0,qrnn_paper,paper_no_reset,henon_1000,4.0,0.001,5.0,2.0,8.0,1.0,64.0,0.0181228388100862,0.0154524762183427,0.1066428422927856,0.0971664264798164,0.8803232312202454,0.8980643153190613,28.0,2761.0,2500.59,0.0806228522211313,0.0746937692165374,0.0753753334283828
1.0,qrnn_paper,paper_no_reset,henon_1000,4.0,0.001,5.0,2.0,8.0,2.0,64.0,0.0511675402522087,0.0473589859902858,0.1881545037031173,0.1822611093521118,0.6061533093452454,0.6380777359008789,28.0,1140.0,1022.9,0.0645475436002016,0.0671517476439476,0.070871502161026
1.0,qrnn_paper,paper_no_reset,henon_1000,4.0,0.001,5.0,2.0,8.0,4.0,64.0,0.0729180127382278,0.066536895930767,0.2243809998035431,0.2175713926553726,0.3184878528118133,0.4098007380962372,28.0,1286.0,1174.53,0.0784821815788745,0.0798933207988739,0.0824499577283859
1.0,qrnn_paper,paper_no_reset,henon_1000,4.0,0.001,5.0,2.0,16.0,1.0,64.0,0.0588806271553039,0.0566980354487896,0.1981366574764251,0.1915779709815979,0.5234423279762268,0.5419266819953918,28.0,1351.0,2539.47,0.0694798082113266,0.0673931986093521,0.0754428207874298
1.0,qrnn_paper,paper_no_reset,henon_1000,4.0,0.001,5.0,2.0,16.0,2.0,64.0,0.074849396944046,0.0727369859814643,0.2260094135999679,0.2259596586227417,0.2957144975662231,0.311588853597641,28.0,1173.0,2168.61,0.0715623449534177,0.0770575478672981,0.0755361393094062
1.0,qrnn_paper,paper_no_reset,henon_1000,4.0,0.001,5.0,2.0,16.0,4.0,64.0,0.0834695100784301,0.0809699445962905,0.2412498891353607,0.2405052632093429,0.0838712751865387,0.1370944678783416,28.0,1071.0,2003.96,0.0832024812698364,0.0845828801393508,0.081958070397377
1.0,qrnn_paper,paper_no_reset,henon_1000,4.0,0.001,5.0,3.0,4.0,1.0,64.0,0.0031561169307678,0.0027906140312552,0.042514618486166,0.0408641137182712,0.9802173972129822,0.982522189617157,26.0,5457.0,2183.74,0.0411459624767303,0.0390764363110065,0.0399697497487068
1.0,qrnn_paper,paper_no_reset,henon_1000,4.0,0.001,5.0,3.0,4.0,2.0,64.0,0.0304039251059293,0.0277205035090446,0.1282296925783157,0.1225815787911415,0.7888319492340088,0.8079949021339417,26.0,2522.0,1036.81,0.0711033869534731,0.0709747225046157,0.0703157633543014
1.0,qrnn_paper,paper_no_reset,henon_1000,4.0,0.001,5.0,3.0,4.0,4.0,64.0,0.0673110038042068,0.0600476153194904,0.2150308787822723,0.2055432796478271,0.4103029370307922,0.4979486465454101,26.0,6056.0,2442.09,0.0830243788659572,0.0797624960541725,0.081593133509159
1.0,qrnn_paper,paper_no_reset,henon_1000,4.0,0.001,5.0,3.0,8.0,1.0,64.0,0.0168854743242263,0.0156490076333284,0.0978107154369354,0.0961910858750343,0.8889962434768677,0.8967248797416687,26.0,2305.0,2014.66,0.0708446592092514,0.0676503404974937,0.0724987462162971
1.0,qrnn_paper,paper_no_reset,henon_1000,4.0,0.001,5.0,3.0,8.0,2.0,64.0,0.0527257770299911,0.0460861176252365,0.1912990361452102,0.1771784722805023,0.5913511514663696,0.6504767537117004,26.0,1430.0,1174.51,0.0722500313073396,0.0695074722170829,0.0744839459657669
1.0,qrnn_paper,paper_no_reset,henon_1000,4.0,0.001,5.0,3.0,8.0,4.0,64.0,0.0709171667695045,0.0656829476356506,0.2171745300292968,0.2106402665376663,0.3636717796325683,0.4223574995994568,26.0,1618.0,1391.77,0.0808020442724228,0.0788300335407257,0.082545481622219
1.0,qrnn_paper,paper_no_reset,henon_1000,4.0,0.001,5.0,3.0,16.0,1.0,64.0,0.0502140261232852,0.0478984043002128,0.1816966831684112,0.1774930953979492,0.6164516806602478,0.6356891393661499,26.0,730.0,1266.43,0.0507929340004921,0.0500327013432979,0.0516951009631156
1.0,qrnn_paper,paper_no_reset,henon_1000,4.0,0.001,5.0,3.0,16.0,2.0,64.0,0.0659373700618743,0.0580516122281551,0.2129805386066436,0.2003821283578872,0.4287765324115753,0.531620442867279,26.0,1631.0,2713.91,0.0764320116490125,0.0788329988718032,0.0857110396027565
1.0,qrnn_paper,paper_no_reset,henon_1000,4.0,0.001,5.0,3.0,16.0,4.0,64.0,0.0807424932718277,0.0745269656181335,0.2387682497501373,0.2329208999872207,0.1473688036203384,0.2653055787086487,26.0,1056.0,1835.16,0.0795979171991348,0.0801962539553642,0.0815493687987327
1.0,qrnn_paper,paper_no_reset,henon_1000,5.0,0.001,5.0,2.0,4.0,1.0,64.0,0.0087808715179562,0.0077616930939257,0.0637214854359626,0.0605444461107254,0.9438915848731996,0.9501306414604188,28.0,1530.0,681.66,0.028283204883337,0.0271962210536003,0.0287789795547723
1.0,qrnn_paper,paper_no_reset,henon_1000,5.0,0.001,5.0,2.0,4.0,2.0,64.0,0.0340631529688835,0.0327376872301101,0.138099655508995,0.1368506699800491,0.7600403428077698,0.7682576775550842,28.0,2810.0,1234.88,0.068639151379466,0.0694193467497825,0.0706315711140632
1.0,qrnn_paper,paper_no_reset,henon_1000,5.0,0.001,5.0,2.0,4.0,4.0,64.0,0.0639019384980201,0.0594783648848533,0.2101624459028244,0.2033684998750686,0.4568146169185638,0.5045555830001831,28.0,9903.0,4284.32,0.0754670165479183,0.0765228345990181,0.0776389017701149
1.0,qrnn_paper,paper_no_reset,henon_1000,5.0,0.001,5.0,2.0,8.0,1.0,64.0,0.025889303535223,0.0243567619472742,0.1290248185396194,0.1250175684690475,0.8239879608154297,0.8341915607452393,28.0,5858.0,5018.92,0.0909916490316391,0.0853511914610862,0.091809444129467
1.0,qrnn_paper,paper_no_reset,henon_1000,5.0,0.001,5.0,2.0,8.0,2.0,64.0,0.0485012903809547,0.0451048277318477,0.1742150783538818,0.1690728962421417,0.6337156295776367,0.6599684357643127,28.0,1441.0,1316.03,0.0681614566594362,0.0677636265754699,0.0677826106548309
1.0,qrnn_paper,paper_no_reset,henon_1000,5.0,0.001,5.0,2.0,8.0,4.0,64.0,0.0719286873936653,0.0675570145249366,0.2240563184022903,0.2178586274385452,0.3471240401268005,0.3939237892627716,28.0,3208.0,2802.08,0.0846565455198287,0.0877464786171913,0.0895202308893203
1.0,qrnn_paper,paper_no_reset,henon_1000,5.0,0.001,5.0,2.0,16.0,1.0,64.0,0.0705237537622451,0.0667567700147628,0.2188466042280197,0.216199055314064,0.3690414130687713,0.4124793112277984,28.0,502.0,977.43,0.0714701697230339,0.0733995214104652,0.0762839466333389
1.0,qrnn_paper,paper_no_reset,henon_1000,5.0,0.001,5.0,2.0,16.0,2.0,64.0,0.0758432894945144,0.0803399607539177,0.2345502078533172,0.240656167268753,0.2592418491840362,0.160352349281311,28.0,1239.0,2303.85,0.0785465940833091,0.0837257280945777,0.0796005204319953
1.0,qrnn_paper,paper_no_reset,henon_1000,5.0,0.001,5.0,2.0,16.0,4.0,64.0,0.0810404047369957,0.0753691270947456,0.2368003278970718,0.2303422838449478,0.1317159980535507,0.2398231923580169,28.0,648.0,1202.25,0.0819525800645351,0.0812273547053337,0.0841442421078682
1.0,qrnn_paper,paper_no_reset,henon_1000,5.0,0.001,5.0,3.0,4.0,1.0,64.0,0.0049298019148409,0.0045969975180923,0.0545521900057792,0.0522620342671871,0.9689280986785888,0.9710054993629456,26.0,2728.0,1133.13,0.035049626417458,0.0357283391058445,0.0386644415557384
1.0,qrnn_paper,paper_no_reset,henon_1000,5.0,0.001,5.0,3.0,4.0,2.0,64.0,0.0299718976020813,0.0266544185578823,0.1308286637067794,0.1241451129317283,0.7924408316612244,0.8162251710891724,26.0,2876.0,1179.84,0.0538254983723163,0.0523544661700725,0.0549131743609905
1.0,qrnn_paper,paper_no_reset,henon_1000,5.0,0.001,5.0,3.0,4.0,4.0,64.0,0.0653795674443245,0.0648780316114425,0.2102216929197311,0.2124676406383514,0.4329142868518829,0.432440847158432,26.0,1992.0,830.44,0.1024368017911911,0.1000685840845108,0.1037637069821357
1.0,qrnn_paper,paper_no_reset,henon_1000,5.0,0.001,5.0,3.0,8.0,1.0,64.0,0.0280474200844764,0.025320840999484,0.1355229914188385,0.1277862340211868,0.8083004951477051,0.8268177509307861,26.0,1653.0,1387.32,0.1085798017680645,0.1093721389770507,0.1212996989488601
1.0,qrnn_paper,paper_no_reset,henon_1000,5.0,0.001,5.0,3.0,8.0,2.0,64.0,0.0525974109768867,0.0465796552598476,0.185479387640953,0.1692545861005783,0.5935513973236084,0.6471353769302368,26.0,1615.0,1330.21,0.1134557373821735,0.111310064792633,0.1215196549892425
1.0,qrnn_paper,paper_no_reset,henon_1000,5.0,0.001,5.0,3.0,8.0,4.0,64.0,0.0705623924732208,0.0648573487997055,0.2162846773862838,0.2111995071172714,0.3692274689674377,0.4349009394645691,26.0,1572.0,1340.13,0.0735630478709936,0.0752969309687614,0.075375497341156
1.0,qrnn_paper,paper_no_reset,henon_1000,5.0,0.001,5.0,3.0,16.0,1.0,64.0,0.0522639378905296,0.0532705783843994,0.1820763498544693,0.1856454312801361,0.5942981839179993,0.5813591480255127,26.0,1177.0,1995.7,0.0815482437610626,0.0833654478192329,0.0756960734724998
1.0,qrnn_paper,paper_no_reset,henon_1000,5.0,0.001,5.0,3.0,16.0,2.0,64.0,0.0636444836854934,0.0559148043394088,0.20943184196949,0.1966999620199203,0.4686334133148193,0.5507981777191162,26.0,1589.0,2723.37,0.1345640905201435,0.1373548954725265,0.140360414981842
1.0,qrnn_paper,paper_no_reset,henon_1000,5.0,0.001,5.0,3.0,16.0,4.0,64.0,0.0775080919265747,0.0759759992361068,0.2329285740852356,0.2333193570375442,0.1917861849069595,0.2219697386026382,26.0,409.0,700.7,0.0759164206683635,0.0761581808328628,0.0777917951345443
1.0,qrnn_paper,paper_no_reset,henon_1000,6.0,0.001,5.0,2.0,4.0,1.0,64.0,0.0026447449345141,0.0022844022605568,0.0387275069952011,0.0365934558212757,0.9834299087524414,0.985710620880127,28.0,6503.0,2869.71,0.0579628899693489,0.058137372136116,0.0575934574007988
1.0,qrnn_paper,paper_no_reset,henon_1000,6.0,0.001,5.0,2.0,4.0,2.0,64.0,0.0212056916207075,0.0190509390085935,0.1058683171868324,0.101952813565731,0.8590978980064392,0.8737128973007202,28.0,7647.0,3340.17,0.0615857370197773,0.0615247301757335,0.0633280128240585
1.0,qrnn_paper,paper_no_reset,henon_1000,6.0,0.001,5.0,2.0,4.0,4.0,64.0,0.0647704526782035,0.0606794133782386,0.2104910314083099,0.2075371742248535,0.4428399801254272,0.4898729622364044,28.0,3951.0,1751.53,0.0922225162386894,0.0916459336876869,0.0897658616304397
1.0,qrnn_paper,paper_no_reset,henon_1000,6.0,0.001,5.0,2.0,8.0,1.0,64.0,0.0266035757958889,0.0271563362330198,0.1267313808202743,0.1307245045900344,0.8188841938972473,0.8124640583992004,28.0,973.0,872.49,0.0481616288423538,0.0487593486905097,0.0511567741632461
1.0,qrnn_paper,paper_no_reset,henon_1000,6.0,0.001,5.0,2.0,8.0,2.0,64.0,0.0474012419581413,0.0406563878059387,0.1698485165834427,0.1575237363576889,0.6442310214042664,0.7007343769073486,28.0,1437.0,1290.32,0.080085801333189,0.0811130478978157,0.0888806134462356
1.0,qrnn_paper,paper_no_reset,henon_1000,6.0,0.001,5.0,2.0,8.0,4.0,64.0,0.0724354982376098,0.0669094994664192,0.2247110456228256,0.2158732563257217,0.3334606885910034,0.4032797217369079,28.0,1204.0,1123.2,0.0706139482557773,0.0724711343646049,0.0743130818009376
1.0,qrnn_paper,paper_no_reset,henon_1000,6.0,0.001,5.0,2.0,16.0,1.0,64.0,0.0414117686450481,0.0390988588333129,0.1641585230827331,0.1569550931453704,0.7000772356987,0.7166047096252441,28.0,2233.0,4025.64,0.0843339435756206,0.0842672064900398,0.0837259218096733
1.0,qrnn_paper,paper_no_reset,henon_1000,6.0,0.001,5.0,2.0,16.0,2.0,64.0,0.0580615811049938,0.0542988777160644,0.2009859234094619,0.1931464374065399,0.5358676910400391,0.5688036680221558,28.0,2163.0,3868.95,0.0827468488365411,0.0835928320884704,0.0867948904633522
1.0,qrnn_paper,paper_no_reset,henon_1000,6.0,0.001,5.0,2.0,16.0,4.0,64.0,0.0728833004832267,0.0722737237811088,0.2252026945352554,0.2249128222465515,0.3042099475860595,0.3091897070407867,28.0,1804.0,3209.17,0.1077272593975067,0.1000747755169868,0.1129676923155784
1.0,qrnn_paper,paper_no_reset,henon_1000,6.0,0.001,5.0,3.0,4.0,1.0,64.0,0.0117133166640996,0.0113722141832113,0.0830892026424408,0.081892117857933,0.9243557453155518,0.9266337156295776,26.0,3649.0,1499.54,0.0688885603100061,0.066120259463787,0.0682006031274795
1.0,qrnn_paper,paper_no_reset,henon_1000,6.0,0.001,5.0,3.0,4.0,2.0,64.0,0.0291183218359947,0.0267098937183618,0.1361668556928634,0.1307707279920578,0.7989893555641174,0.8156646490097046,26.0,5749.0,2308.0,0.0612262357026338,0.0609685368835926,0.0611048452556133
1.0,qrnn_paper,paper_no_reset,henon_1000,6.0,0.001,5.0,3.0,4.0,4.0,64.0,0.0675706267356872,0.065182164311409,0.2162508517503738,0.2143820971250534,0.4008984267711639,0.42814701795578,26.0,5601.0,2275.68,0.0820302739739418,0.0838692337274551,0.0823692828416824
1.0,qrnn_paper,paper_no_reset,henon_1000,6.0,0.001,5.0,3.0,8.0,1.0,64.0,0.0323447659611702,0.032714195549488,0.1393563449382782,0.141039490699768,0.7742432951927185,0.7681360840797424,26.0,860.0,751.46,0.0594603735953569,0.060584794729948,0.0614314377307891
1.0,qrnn_paper,paper_no_reset,henon_1000,6.0,0.001,5.0,3.0,8.0,2.0,64.0,0.0440579392015934,0.040933970361948,0.1709655672311782,0.162204697728157,0.6744963526725769,0.6984805464744568,26.0,2908.0,2405.49,0.0776246510446071,0.0783193483948707,0.0792464464902877
1.0,qrnn_paper,paper_no_reset,henon_1000,6.0,0.001,5.0,3.0,8.0,4.0,64.0,0.0728907659649849,0.0635627210140228,0.2204576730728149,0.2099736481904983,0.3378432095050812,0.451813131570816,26.0,2087.0,1725.71,0.0714339785277843,0.073484294116497,0.0735134556889534
1.0,qrnn_paper,paper_no_reset,henon_1000,6.0,0.001,5.0,3.0,16.0,1.0,64.0,0.0418121740221977,0.0395897589623928,0.1621668338775634,0.1575144529342651,0.6948223114013672,0.7119918465614319,26.0,2252.0,3858.38,0.1090313203632831,0.1154386773705482,0.1155892089009285
1.0,qrnn_paper,paper_no_reset,henon_1000,6.0,0.001,5.0,3.0,16.0,2.0,64.0,0.0652447491884231,0.0605817921459674,0.2116395235061645,0.2020997405052185,0.4392365515232086,0.4963410794734955,26.0,2782.0,4624.14,0.0983161509037017,0.0954722836613655,0.1003503575921058
1.0,qrnn_paper,paper_no_reset,henon_1000,6.0,0.001,5.0,3.0,16.0,4.0,64.0,0.075109377503395,0.0715104639530181,0.2297689467668533,0.2261859327554702,0.2635796070098877,0.3242378532886505,26.0,1159.0,1966.99,0.10126868262887,0.0943311676383018,0.1115382090210914
1.0,qrnn_paper,paper_no_reset,henon_1000,7.0,0.001,5.0,2.0,4.0,1.0,64.0,0.0037370505742728,0.003505831118673,0.045941062271595,0.046074029058218,0.9765585064888,0.9782183170318604,28.0,3350.0,1497.85,0.026279124431312,0.025545161217451,0.0270922649651765
1.0,qrnn_paper,paper_no_reset,henon_1000,7.0,0.001,5.0,2.0,4.0,2.0,64.0,0.0317886136472225,0.0284497551620006,0.1299186646938324,0.1221147179603576,0.7779878973960876,0.8023222088813782,28.0,3784.0,1628.72,0.0564807023853063,0.0570017136633396,0.0586473233997821
1.0,qrnn_paper,paper_no_reset,henon_1000,7.0,0.001,5.0,2.0,4.0,4.0,64.0,0.0626967102289199,0.0583423860371112,0.2086120247840881,0.2031916826963424,0.4730514287948608,0.5183528661727905,28.0,6595.0,2841.31,0.0921387910842895,0.0891554504632949,0.0908751934766769
1.0,qrnn_paper,paper_no_reset,henon_1000,7.0,0.001,5.0,2.0,8.0,1.0,64.0,0.0211106166243553,0.0198528934270143,0.1167157143354415,0.1132412999868393,0.8592114448547363,0.8666713833808899,28.0,4376.0,3800.32,0.0610126495361328,0.0561320185661315,0.0635523721575737
1.0,qrnn_paper,paper_no_reset,henon_1000,7.0,0.001,5.0,2.0,8.0,2.0,64.0,0.0491004660725593,0.0457094833254814,0.1765321344137191,0.1708827912807464,0.626869797706604,0.6539906859397888,28.0,2214.0,1975.11,0.0701253358274698,0.0675379261374473,0.0698602944612503
1.0,qrnn_paper,paper_no_reset,henon_1000,7.0,0.001,5.0,2.0,8.0,4.0,64.0,0.0712067037820816,0.0677384436130523,0.2194322198629379,0.2190978676080703,0.3510381877422333,0.3908421993255615,28.0,3056.0,2757.06,0.0875744581222534,0.0892831459641456,0.0852327272295951
1.0,qrnn_paper,paper_no_reset,henon_1000,7.0,0.001,5.0,2.0,16.0,1.0,64.0,0.0478981472551822,0.0483065098524093,0.1724978238344192,0.1779547035694122,0.6382023096084595,0.6311716437339783,28.0,1770.0,3207.69,0.0667232297360897,0.0683578550815582,0.0686854422092437
1.0,qrnn_paper,paper_no_reset,henon_1000,7.0,0.001,5.0,2.0,16.0,2.0,64.0,0.0606244020164012,0.0594434551894664,0.2009912878274917,0.1989849954843521,0.5013695955276489,0.5121011137962341,28.0,1909.0,3515.61,0.0752671651542186,0.0757373794913292,0.0747195109724998
1.0,qrnn_paper,paper_no_reset,henon_1000,7.0,0.001,5.0,2.0,16.0,4.0,64.0,0.0754652768373489,0.0716830193996429,0.2305536121129989,0.22433502972126,0.2575958669185638,0.3229624330997467,28.0,1464.0,2637.87,0.0792158100754022,0.0863900557160377,0.0812616720795631
1.0,qrnn_paper,paper_no_reset,henon_1000,7.0,0.001,5.0,3.0,4.0,1.0,64.0,0.0023058545775711,0.0020570151973515,0.0363938622176647,0.0342674069106578,0.9856024980545044,0.987134039402008,26.0,5034.0,2068.85,0.0429904587566852,0.0418296232819557,0.0433217473328113
1.0,qrnn_paper,paper_no_reset,henon_1000,7.0,0.001,5.0,3.0,4.0,2.0,64.0,0.0296045932918787,0.0261589214205741,0.139048546552658,0.130614548921585,0.7951334714889526,0.8205039501190186,26.0,7452.0,3017.65,0.0556531395763158,0.0564816184341907,0.0572202876210212
1.0,qrnn_paper,paper_no_reset,henon_1000,7.0,0.001,5.0,3.0,4.0,4.0,64.0,0.0661021023988723,0.0616143457591533,0.2137214690446853,0.2091665416955948,0.4239236116409302,0.4775649011135101,26.0,6723.0,2668.03,0.0941993288695812,0.0904831960797309,0.0936259999871254
1.0,qrnn_paper,paper_no_reset,henon_1000,7.0,0.001,5.0,3.0,8.0,1.0,64.0,0.0212298203259706,0.0204141121357679,0.1160678938031196,0.1102500334382057,0.8584626913070679,0.8627631068229675,26.0,2470.0,2049.92,0.0462952055037021,0.0456026680767536,0.0472431145608425
1.0,qrnn_paper,paper_no_reset,henon_1000,7.0,0.001,5.0,3.0,8.0,2.0,64.0,0.0426271371543407,0.0398450903594493,0.1593168824911117,0.1567343473434448,0.6871418356895447,0.7078880667686462,26.0,2077.0,1731.33,0.0963325299322605,0.0965621843934059,0.0946617200970649
1.0,qrnn_paper,paper_no_reset,henon_1000,7.0,0.001,5.0,3.0,8.0,4.0,64.0,0.0778099372982978,0.0720192566514015,0.228454440832138,0.2232920676469802,0.2349894195795059,0.3161331415176391,26.0,1177.0,971.84,0.1404066577553749,0.1452391892671585,0.149217203259468
1.0,qrnn_paper,paper_no_reset,henon_1000,7.0,0.001,5.0,3.0,16.0,1.0,64.0,0.0347990654408931,0.0363166965544223,0.1516920030117035,0.1553367525339126,0.7551367878913879,0.740014374256134,26.0,2602.0,4337.12,0.0540563985705375,0.0570402294397354,0.0571289286017417
1.0,qrnn_paper,paper_no_reset,henon_1000,7.0,0.001,5.0,3.0,16.0,2.0,64.0,0.0612960718572139,0.0641779974102974,0.1998361945152282,0.2080764770507812,0.4964865148067474,0.4561944603919983,26.0,3631.0,6030.7,0.0831055559217929,0.0834144800901413,0.0852572992444038
1.0,qrnn_paper,paper_no_reset,henon_1000,7.0,0.001,5.0,3.0,16.0,4.0,64.0,0.0753727182745933,0.0731573700904846,0.2285162508487701,0.2268866896629333,0.2486699670553207,0.2911008596420288,26.0,675.0,1184.69,0.0911238215863704,0.0951640456914901,0.0931994542479515
1.0,qrnn_paper,paper_no_reset,henon_1000,8.0,0.001,5.0,2.0,4.0,1.0,64.0,0.0036398174706846,0.0034495291765779,0.0440487563610076,0.0433425232768058,0.9771214127540588,0.9782596826553344,28.0,5325.0,2342.57,0.038514856249094,0.0373504981398582,0.0396264716982841
1.0,qrnn_paper,paper_no_reset,henon_1000,8.0,0.001,5.0,2.0,4.0,2.0,64.0,0.0246858615428209,0.0218466315418481,0.1191310808062553,0.1105544120073318,0.8331332802772522,0.852254331111908,28.0,5231.0,2288.98,0.0759590357542037,0.0751135870814323,0.0762451067566871
1.0,qrnn_paper,paper_no_reset,henon_1000,8.0,0.001,5.0,2.0,4.0,4.0,64.0,0.0648109391331672,0.0627533793449401,0.211398184299469,0.211411103606224,0.4419368207454681,0.4620452225208282,28.0,2853.0,1293.17,0.075313002616167,0.0775592103600502,0.0755445584654808
1.0,qrnn_paper,paper_no_reset,henon_1000,8.0,0.001,5.0,2.0,8.0,1.0,64.0,0.0168275069445371,0.0172396171838045,0.1018643751740455,0.1046981811523437,0.8896836042404175,0.8854520916938782,28.0,4653.0,4046.47,0.0577928036451339,0.0554123073816299,0.0590832754969596
1.0,qrnn_paper,paper_no_reset,henon_1000,8.0,0.001,5.0,2.0,8.0,2.0,64.0,0.0426009595394134,0.0391623675823211,0.1634727567434311,0.1541888564825058,0.6899932622909546,0.7140839695930481,28.0,3404.0,2943.79,0.0638288542628288,0.0644893199205398,0.0724405869841575
1.0,qrnn_paper,paper_no_reset,henon_1000,8.0,0.001,5.0,2.0,8.0,4.0,64.0,0.0706879571080207,0.0657078027725219,0.21840500831604,0.2127778083086013,0.3595539331436157,0.4211151897907257,28.0,1271.0,1165.63,0.0754012592136859,0.0749363750219345,0.0761220902204513
1.0,qrnn_paper,paper_no_reset,henon_1000,8.0,0.001,5.0,2.0,16.0,1.0,64.0,0.0406500324606895,0.0386795103549957,0.156868427991867,0.1553930342197418,0.7054288983345032,0.7198967933654785,28.0,685.0,1262.67,0.0598318569362163,0.0612028241157531,0.0586774908006191
1.0,qrnn_paper,paper_no_reset,henon_1000,8.0,0.001,5.0,2.0,16.0,2.0,64.0,0.0564765930175781,0.0542677082121372,0.1951630115509033,0.1883218586444854,0.5492233633995056,0.5712395906448364,28.0,1237.0,2253.1,0.0741033367812633,0.0735911428928375,0.0780048444867134
1.0,qrnn_paper,paper_no_reset,henon_1000,8.0,0.001,5.0,2.0,16.0,4.0,64.0,0.0765277296304702,0.0674697756767273,0.2310417890548706,0.2149039506912231,0.2428184449672699,0.3975690901279449,28.0,1312.0,2461.36,0.0805819127708673,0.0862250253558158,0.0883821099996566
1.0,qrnn_paper,paper_no_reset,henon_1000,8.0,0.001,5.0,3.0,4.0,1.0,64.0,0.0031911488622426,0.0030595373827964,0.043274849653244,0.0434974245727062,0.980017066001892,0.9809260964393616,26.0,2316.0,956.68,0.0584700349718332,0.0571948997676372,0.0598412938416004
1.0,qrnn_paper,paper_no_reset,henon_1000,8.0,0.001,5.0,3.0,4.0,2.0,64.0,0.0330510325729846,0.0314406678080558,0.1363441497087478,0.1330104172229766,0.7679426074028015,0.7785528302192688,26.0,3401.0,1351.08,0.069403276592493,0.0681867077946662,0.0700220316648483
1.0,qrnn_paper,paper_no_reset,henon_1000,8.0,0.001,5.0,3.0,4.0,4.0,64.0,0.0684320777654647,0.065013438463211,0.2185729742050171,0.2143720388412475,0.3877784609794616,0.4302902817726135,26.0,2354.0,956.4,0.0758970342576503,0.0772397890686988,0.0783605501055717
1.0,qrnn_paper,paper_no_reset,henon_1000,8.0,0.001,5.0,3.0,8.0,1.0,64.0,0.0282502751797437,0.0274035111069679,0.1249133870005607,0.1266167610883712,0.8055091500282288,0.8103026747703552,26.0,1672.0,1390.97,0.0520974893122911,0.0539667531847953,0.0549272745847702
1.0,qrnn_paper,paper_no_reset,henon_1000,8.0,0.001,5.0,3.0,8.0,2.0,64.0,0.0471193492412567,0.0445226579904556,0.1687973290681839,0.1672171801328659,0.6471250057220459,0.6655268669128418,26.0,3577.0,2920.53,0.0782330445945262,0.0791097059845924,0.0826108902692794
1.0,qrnn_paper,paper_no_reset,henon_1000,8.0,0.001,5.0,3.0,8.0,4.0,64.0,0.0714599639177322,0.0659116059541702,0.2213710099458694,0.2129476070404052,0.3423785865306854,0.4182777404785156,26.0,1319.0,1112.35,0.0762636356055736,0.0758050754666328,0.0758794397115707
1.0,qrnn_paper,paper_no_reset,henon_1000,8.0,0.001,5.0,3.0,16.0,1.0,64.0,0.0437204726040363,0.0426022373139858,0.1693746447563171,0.1647004634141922,0.6776096224784851,0.6855947375297546,26.0,1329.0,2316.43,0.0681734889745712,0.0713352784514427,0.0728488788008689
1.0,qrnn_paper,paper_no_reset,henon_1000,8.0,0.001,5.0,3.0,16.0,2.0,64.0,0.0577700659632682,0.0549616068601608,0.1919672191143036,0.1892114132642746,0.5387188792228699,0.5627212524414062,26.0,1060.0,1861.23,0.0681148324161768,0.0717707350850105,0.0711710751056671
1.0,qrnn_paper,paper_no_reset,henon_1000,8.0,0.001,5.0,3.0,16.0,4.0,64.0,0.0754006803035736,0.0730725973844528,0.2295747250318527,0.2276888638734817,0.2534491419792175,0.2942460477352142,26.0,2841.0,4774.37,0.0790252450853586,0.08151376247406,0.0828252509236335
1.0,qrnn_paper,paper_no_reset,henon_1000,9.0,0.001,5.0,2.0,4.0,1.0,64.0,0.0033337255008518,0.0030185121577233,0.0456449575722217,0.0431230925023555,0.9791204929351808,0.981018364429474,28.0,4870.0,2208.63,0.0451121486723423,0.0426265858113765,0.0463582947850227
1.0,qrnn_paper,paper_no_reset,henon_1000,9.0,0.001,5.0,2.0,4.0,2.0,64.0,0.0192584507167339,0.0178701635450124,0.1092801317572593,0.1066947430372238,0.87249356508255,0.8814854025840759,28.0,14231.0,6044.56,0.0486813802272081,0.0472313612699508,0.0491257347166538
1.0,qrnn_paper,paper_no_reset,henon_1000,9.0,0.001,5.0,2.0,4.0,4.0,64.0,0.0634247288107872,0.0592806935310363,0.2073809951543808,0.2029102444648742,0.463192880153656,0.5068387985229492,28.0,7923.0,3421.66,0.0769298523664474,0.0766736641526222,0.0752999037504196
1.0,qrnn_paper,paper_no_reset,henon_1000,9.0,0.001,5.0,2.0,8.0,1.0,64.0,0.0135875595733523,0.0131708374246954,0.0879786908626556,0.0882469713687896,0.9120547771453856,0.9137254357337952,28.0,4694.0,3990.08,0.040909631177783,0.0411406867206096,0.0417564958333969
1.0,qrnn_paper,paper_no_reset,henon_1000,9.0,0.001,5.0,2.0,8.0,2.0,64.0,0.045127123594284,0.0427541434764862,0.1658811867237091,0.1633969694375991,0.6643522381782532,0.6816972494125366,28.0,1084.0,992.39,0.0636199194937944,0.0620046146214008,0.0649701580405235
1.0,qrnn_paper,paper_no_reset,henon_1000,9.0,0.001,5.0,2.0,8.0,4.0,64.0,0.072836048901081,0.0684073492884635,0.2246018350124359,0.2199051827192306,0.3254101574420929,0.3805987238883972,28.0,1021.0,901.46,0.0803810931742191,0.0783163234591484,0.078948937356472
1.0,qrnn_paper,paper_no_reset,henon_1000,9.0,0.001,5.0,2.0,16.0,1.0,64.0,0.0385148935019969,0.0395873636007308,0.1609678119421005,0.1626005619764328,0.7234104871749878,0.712975800037384,28.0,1382.0,2527.47,0.0607604160904884,0.0651683211326599,0.0671081319451332
1.0,qrnn_paper,paper_no_reset,henon_1000,9.0,0.001,5.0,2.0,16.0,2.0,64.0,0.0613571256399154,0.0576430261135101,0.204987347126007,0.197626918554306,0.4971541464328766,0.5311338901519775,28.0,1471.0,2711.85,0.075132218748331,0.0788744688034057,0.078064277768135
1.0,qrnn_paper,paper_no_reset,henon_1000,9.0,0.001,5.0,2.0,16.0,4.0,64.0,0.0708567798137664,0.0727377757430076,0.2198316007852554,0.2272936999797821,0.3429553806781769,0.3061917424201965,28.0,1442.0,2694.43,0.0866085320711135,0.089055486023426,0.0933119431138038
1.0,qrnn_paper,paper_no_reset,henon_1000,9.0,0.001,5.0,3.0,4.0,1.0,64.0,0.0063764592632651,0.0058750533498823,0.0611788071691989,0.0590372867882251,0.9595867991447448,0.962596356868744,26.0,4512.0,1876.88,0.0726034604012966,0.0728756040334701,0.0746894553303718
1.0,qrnn_paper,paper_no_reset,henon_1000,9.0,0.001,5.0,3.0,4.0,2.0,64.0,0.0257588531821966,0.022799851372838,0.1237154081463813,0.1179787218570709,0.8246926069259644,0.8452696800231934,26.0,2777.0,1130.25,0.0490571420639753,0.0476377382874488,0.0491809509694576
1.0,qrnn_paper,paper_no_reset,henon_1000,9.0,0.001,5.0,3.0,4.0,4.0,64.0,0.0654794499278068,0.0622044391930103,0.2095115333795547,0.2058317363262176,0.4319859445095062,0.4693034589290619,26.0,6304.0,2502.07,0.0792168691754341,0.0775420367717742,0.0788240954279899
1.0,qrnn_paper,paper_no_reset,henon_1000,9.0,0.001,5.0,3.0,8.0,1.0,64.0,0.0171221233904361,0.0155840869992971,0.1000653356313705,0.0969468429684639,0.8874121308326721,0.8971791863441467,26.0,2988.0,2460.29,0.0606468390673399,0.0592910461127758,0.0638521835207939
1.0,qrnn_paper,paper_no_reset,henon_1000,9.0,0.001,5.0,3.0,8.0,2.0,64.0,0.0460840463638305,0.0427043810486793,0.1691354066133499,0.1619246304035186,0.655323326587677,0.6821742653846741,26.0,1794.0,1457.57,0.0536202773451805,0.055551066994667,0.0545006915926933
1.0,qrnn_paper,paper_no_reset,henon_1000,9.0,0.001,5.0,3.0,8.0,4.0,64.0,0.0720439329743385,0.0678984150290489,0.2226774841547012,0.218513548374176,0.3381163775920868,0.3881413638591766,26.0,1865.0,1529.78,0.0846152171492576,0.0839778259396553,0.0925984308123588
1.0,qrnn_paper,paper_no_reset,henon_1000,9.0,0.001,5.0,3.0,16.0,1.0,64.0,0.0386938042938709,0.0421522743999958,0.1620795875787735,0.1630610525608062,0.7218896746635437,0.6893419623374939,26.0,1162.0,1980.83,0.0689880106598138,0.0648441761732101,0.0634901970624923
1.0,qrnn_paper,paper_no_reset,henon_1000,9.0,0.001,5.0,3.0,16.0,2.0,64.0,0.0460783392190933,0.0433808490633964,0.1698426753282547,0.1652763187885284,0.6560121774673462,0.6782161593437195,26.0,3735.0,6210.88,0.0954855009913444,0.0967351645231247,0.0936234369874
1.0,qrnn_paper,paper_no_reset,henon_1000,9.0,0.001,5.0,3.0,16.0,4.0,64.0,0.0769203081727027,0.0740980133414268,0.2296571135520935,0.2284728437662124,0.2128221541643142,0.2694948315620422,26.0,595.0,1033.98,0.0785034656524658,0.0775414556264877,0.0795792713761329
