Version,Model,Ansatz,Data,Random ID,Learning Rate,Number Qubits,Hidden Size,Sequence Length,Prediction Step,Batch Size,MSE Testing,MSE Validation,MAE Testing,MAE Validation,Correlation Testing,Correlation Validation,Num Parameters,Epochs to Convergance,Total Training Time,Training Loss after 100 epochs,Validation Loss after 100 epochs,Testing Loss after 100 epochs
1,rnn,layers_1,mackey_1000,0,0.001,,8,4,1,64,1.39056746775168e-05,1.5045153304527048e-05,0.0029219782445579,0.0031230896711349,0.9998686909675598,0.9998849630355836,97,1447,30.05,0.0015173759544268,0.0014929400058463,0.0012680109357461
1,rnn,layers_1,mackey_1000,0,0.001,,8,4,70,64,0.0332433022558689,0.0244865398854017,0.1403747946023941,0.121685616672039,0.6348021626472473,0.8062559366226196,97,926,18.13,0.0380801287376218,0.0317578501999378,0.04289211332798
1,rnn,layers_1,mackey_1000,0,0.001,,8,4,140,64,0.0376671776175498,0.0427435711026191,0.1574356108903885,0.1662818491458892,0.5219167470932007,0.6100967526435852,97,703,14.09,0.0496626535637511,0.0577482134103775,0.0485471114516258
1,rnn,layers_1,mackey_1000,0,0.001,,8,8,1,64,4.548672677628929e-06,5.265916570351692e-06,0.0016978607745841,0.0018743620021268,0.9999571442604064,0.99996018409729,97,2214,53.59,0.0013210760313086,0.0014390550786629,0.0011629582149907
1,rnn,layers_1,mackey_1000,0,0.001,,8,8,70,64,0.0376974642276763,0.0270164422690868,0.1433594226837158,0.1354128122329712,0.5865733623504639,0.775503933429718,97,435,10.58,0.0319055153263939,0.0271337646991014,0.038014568388462
1,rnn,layers_1,mackey_1000,0,0.001,,8,8,140,64,0.0359166115522384,0.039988487958908,0.1485574543476104,0.1658518612384796,0.5658349990844727,0.6400237083435059,97,475,10.28,0.0400186302140355,0.0405792631208896,0.0371895357966423
1,rnn,layers_1,mackey_1000,0,0.001,,8,16,1,64,1.667930519033689e-06,2.484657898094156e-06,0.0010678905528038,0.0012994455173611,0.9999839067459106,0.9999812245368958,97,1978,64.28,0.0016753398464061,0.0018119540764018,0.0015495351981371
1,rnn,layers_1,mackey_1000,0,0.001,,8,16,70,64,0.0255285948514938,0.0176117308437824,0.1237355843186378,0.1113008186221122,0.7386253476142883,0.8554796576499939,97,1217,37.87,0.026691536936495,0.0255081970244646,0.0351583138108253
1,rnn,layers_1,mackey_1000,0,0.001,,8,16,140,64,0.028877604752779,0.0174399558454751,0.1418408304452896,0.1097229421138763,0.6845966577529907,0.8660079836845398,97,1550,56.05,0.0378562728874385,0.0421955026686191,0.0274361409246921
1,rnn,layers_2,mackey_1000,0,0.001,,8,4,1,64,1.3942258192400914e-05,1.492705905548064e-05,0.0028315801173448,0.0030109426006674,0.9998778104782104,0.9998857975006104,241,870,26.4,0.0003555495815817,0.0003383031580597,0.000265504932031
1,rnn,layers_2,mackey_1000,0,0.001,,8,4,70,64,0.0340510234236717,0.0240456443279981,0.1414030194282531,0.11961480230093,0.6335363984107971,0.8063088655471802,241,689,18.8,0.0363741552250252,0.0314390510320663,0.0404005162417888
1,rnn,layers_2,mackey_1000,0,0.001,,8,4,140,64,0.0397358871996402,0.0418409183621406,0.1602307111024856,0.1657152771949768,0.4919202327728271,0.622861921787262,241,625,17.23,0.0552711375057697,0.0654450207948684,0.0522712208330631
1,rnn,layers_2,mackey_1000,0,0.001,,8,8,1,64,3.5650607514980948e-06,4.797939254785888e-06,0.001519403536804,0.0017695659771561,0.9999690651893616,0.9999648928642272,241,1317,48.87,0.0004333854245487,0.000436121772509,0.000366210762877
1,rnn,layers_2,mackey_1000,0,0.001,,8,8,70,64,0.0209011938422918,0.0176491159945726,0.1128319203853607,0.1039098873734474,0.8001766204833984,0.8563759326934814,241,1168,40.22,0.0319971123503314,0.0277281533926725,0.0375853069126606
1,rnn,layers_2,mackey_1000,0,0.001,,8,8,140,64,0.0251681171357631,0.0264956504106521,0.1290791183710098,0.1287872940301895,0.7185719013214111,0.7740057110786438,241,1774,53.47,0.0451488303951919,0.0448973439633846,0.039928063750267
1,rnn,layers_2,mackey_1000,0,0.001,,8,16,1,64,2.1772436866740463e-06,2.812797674778267e-06,0.0012105675414204,0.001339042559266,0.999980926513672,0.9999790787696838,241,1424,73.66,0.0003907585836714,0.0004052510485053,0.0003768380265682
1,rnn,layers_2,mackey_1000,0,0.001,,8,16,70,64,0.0053819301538169,0.0058787898160517,0.0602581761777401,0.0614187829196453,0.9547679424285888,0.9549606442451476,241,1572,75.67,0.0269916670189963,0.0259082298725843,0.034827634692192
1,rnn,layers_2,mackey_1000,0,0.001,,8,16,140,64,0.0298692863434553,0.0195597615092992,0.1451751887798309,0.110793612897396,0.6700582504272461,0.8458269834518433,241,1034,43.7,0.0387377953156828,0.042852085083723,0.0284960512071847
1,rnn,layers_3,mackey_1000,0,0.001,,8,4,1,64,7.621163149451604e-06,1.0822094736795408e-05,0.0020522319246083,0.0025666563306003,0.9999332427978516,0.999917447566986,385,1136,42.84,0.0004755551635753,0.0004974856274202,0.0003603631048463
1,rnn,layers_3,mackey_1000,0,0.001,,8,4,70,64,0.0342176407575607,0.0234767012298107,0.1395689696073532,0.1181214600801467,0.6347992420196533,0.8100312948226929,385,773,26.11,0.0363505710330274,0.0308822318911552,0.0409080199897289
1,rnn,layers_3,mackey_1000,0,0.001,,8,4,140,64,0.0403971299529075,0.0430227629840374,0.1651533544063568,0.1684123575687408,0.4864445328712463,0.6034326553344727,385,703,23.2,0.056122644080056,0.0666939318180084,0.0527970343828201
1,rnn,layers_3,mackey_1000,0,0.001,,8,8,1,64,4.153199824941112e-06,6.104062777012587e-06,0.0016421271720901,0.0019952706061303,0.999967396259308,0.9999539256095886,385,1270,67.25,0.0005673442792613,0.0006169928819872,0.0004615448997355
1,rnn,layers_3,mackey_1000,0,0.001,,8,8,70,64,0.0148079320788383,0.013218349777162,0.0982999205589294,0.0899299308657646,0.8577954173088074,0.8974807858467102,385,2338,101.48,0.0351236071437597,0.029345903545618,0.0414459481835365
1,rnn,layers_3,mackey_1000,0,0.001,,8,8,140,64,0.0166219174861907,0.0227182563394308,0.1019939631223678,0.1237079203128814,0.8358729481697083,0.817407488822937,385,1603,65.27,0.0584859121590852,0.0653807744383812,0.0525978654623031
1,rnn,layers_3,mackey_1000,0,0.001,,8,16,1,64,1.891301735668094e-06,3.4121080716431607e-06,0.0011140836868435,0.0014725655782967,0.9999839663505554,0.999973714351654,385,1437,146.87,0.0005611123167909,0.0006259128567762,0.0005087615572847
1,rnn,layers_3,mackey_1000,0,0.001,,8,16,70,64,0.0082123205065727,0.0068283178843557,0.0675952658057212,0.0641787946224212,0.924399733543396,0.948190987110138,385,1285,82.29,0.0271357066101498,0.0262906309217214,0.0395758338272571
1,rnn,layers_3,mackey_1000,0,0.001,,8,16,140,64,0.0307620149105787,0.0174977537244558,0.1498035937547683,0.1082747057080268,0.6640822887420654,0.8596989512443542,385,765,44.71,0.059050700161606,0.0639058277010917,0.0540351122617721
1,rnn,layers_1,mackey_1000,0,0.001,,16,4,1,64,1.797993536456488e-05,1.856758535723202e-05,0.0032221474684774,0.0033516497351229,0.9998407959938048,0.9998570680618286,321,1155,23.94,0.0006272657075896,0.0006038259598426,0.0004977284697815
1,rnn,layers_1,mackey_1000,0,0.001,,16,4,70,64,0.0332945249974727,0.0252810306847095,0.139350026845932,0.1233992874622345,0.6345086693763733,0.795683741569519,321,719,13.57,0.03785007695357,0.0323735289275646,0.0415958575904369
1,rnn,layers_1,mackey_1000,0,0.001,,16,4,140,64,0.0402837507426738,0.042621873319149,0.158649742603302,0.1640608310699463,0.4872311651706695,0.6087585687637329,321,750,14.05,0.0540996992753611,0.0640378147363662,0.0513987094163894
1,rnn,layers_1,mackey_1000,0,0.001,,16,8,1,64,9.303766091761643e-06,1.0328442840545904e-05,0.0024306261911988,0.0025630523450672,0.999912977218628,0.9999216794967652,321,1409,35.26,0.0012059184315148,0.0013248401228338,0.0010643844725564
1,rnn,layers_1,mackey_1000,0,0.001,,16,8,70,64,0.0164109580218791,0.0139111503958702,0.0998759716749191,0.0915139839053154,0.8400964736938477,0.8935499787330627,321,2295,54.02,0.0317771521707375,0.0282037574797868,0.035825464874506
1,rnn,layers_1,mackey_1000,0,0.001,,16,8,140,64,0.0353657789528369,0.0405706837773323,0.1497586071491241,0.1671478152275085,0.5685415267944336,0.6290194392204285,321,472,10.37,0.0399306043982505,0.0414156839251518,0.0348004177212715
1,rnn,layers_1,mackey_1000,0,0.001,,16,16,1,64,2.79294658867002e-06,4.520474703895161e-06,0.0013210652396082,0.0016709435731172,0.9999728798866272,0.999966025352478,321,1772,63.49,0.0017162810778245,0.0016916979802772,0.0015079224249348
1,rnn,layers_1,mackey_1000,0,0.001,,16,16,70,64,0.0229696463793516,0.0163520276546478,0.1138407364487648,0.1013409122824668,0.7650197148323059,0.8698142170906067,321,1114,34.29,0.0271162194096379,0.0257598031312227,0.0352741293609142
1,rnn,layers_1,mackey_1000,0,0.001,,16,16,140,64,0.0299596451222896,0.0185408946126699,0.1451504230499267,0.1090105399489402,0.6675927042961121,0.8629958033561707,321,910,25.64,0.0387040767818689,0.0429642088711261,0.0276640765368938
1,rnn,layers_2,mackey_1000,0,0.001,,16,4,1,64,1.2731544302369002e-05,1.3746676813752856e-05,0.0027393749915063,0.0029174520168453,0.999881386756897,0.9998942017555236,865,739,22.62,0.0003670576203148,0.0003323434793855,0.0002801293157972
1,rnn,layers_2,mackey_1000,0,0.001,,16,4,70,64,0.033468373119831,0.0240755025297403,0.1404550224542617,0.1203777492046356,0.6405125856399536,0.805995523929596,865,508,14.45,0.0314418609357542,0.0280289985239505,0.0350980050861835
1,rnn,layers_2,mackey_1000,0,0.001,,16,4,140,64,0.0401665866374969,0.0417411178350448,0.1572372168302536,0.1637824177742004,0.496220201253891,0.6192272901535034,865,458,13.04,0.0402151171842383,0.0444314815104007,0.037915501743555
1,rnn,layers_2,mackey_1000,0,0.001,,16,8,1,64,3.34938181367761e-06,3.980622750532348e-06,0.0014486789004877,0.0016123539535328,0.9999709725379944,0.9999693036079408,865,1158,44.36,0.0004976085212547,0.0003793990763369,0.0003464696055743
1,rnn,layers_2,mackey_1000,0,0.001,,16,8,70,64,0.0052304961718618,0.00644605839625,0.0563040859997272,0.0633970275521278,0.9503700137138368,0.9518312215805054,865,2013,93.12,0.0293956498305002,0.0254311319440603,0.0350483544170856
1,rnn,layers_2,mackey_1000,0,0.001,,16,8,140,64,0.017276206985116,0.0248295534402132,0.1076389774680137,0.1235096454620361,0.818921685218811,0.7933322191238403,865,1384,43.2,0.0385299040935933,0.0436848141252994,0.0353207401931285
1,rnn,layers_2,mackey_1000,0,0.001,,16,16,1,64,2.0532422695396235e-06,3.1769220640853746e-06,0.0011354760499671,0.001353888772428,0.9999812841415404,0.9999783039093018,865,1033,58.11,0.0002766013567452,0.0002042295236606,0.0001869785191956
1,rnn,layers_2,mackey_1000,0,0.001,,16,16,70,64,0.0033534767571836,0.0024044222664088,0.0369242578744888,0.0368874482810497,0.970736801624298,0.9820236563682556,865,1670,86.26,0.0235408561097251,0.0206266213208436,0.0354079827666282
1,rnn,layers_2,mackey_1000,0,0.001,,16,16,140,64,0.025962583720684,0.0206089112907648,0.1288437992334365,0.120210975408554,0.724482536315918,0.8435755372047424,865,568,25.48,0.0370284523814916,0.0397747009992599,0.0287557635456323
1,rnn,layers_3,mackey_1000,0,0.001,,16,4,1,64,1.2502563549787736e-05,1.4981519598222803e-05,0.0026812176220119,0.0030420743860304,0.9998975396156312,0.9998849630355836,1409,743,29.15,0.0004926583584165,0.0003784724103752,0.000311144220177
1,rnn,layers_3,mackey_1000,0,0.001,,16,4,70,64,0.0325452536344528,0.0242499839514493,0.1363099217414856,0.1208107620477676,0.6536484956741333,0.8030120730400085,1409,559,19.85,0.0338033686081568,0.0303673092275857,0.0365231931209564
1,rnn,layers_3,mackey_1000,0,0.001,,16,4,140,64,0.0412035696208477,0.0429469645023345,0.1559713333845138,0.1647299975156784,0.4854199290275574,0.6087622046470642,1409,480,17.14,0.0428248254013144,0.0464935675263404,0.0403301902115345
1,rnn,layers_3,mackey_1000,0,0.001,,16,8,1,64,3.987551281170454e-06,5.868746029591421e-06,0.0015842444263398,0.0019231488695368,0.999966561794281,0.999957263469696,1409,929,48.8,0.0004917353362543,0.0004846880037803,0.0004250810889061
1,rnn,layers_3,mackey_1000,0,0.001,,16,8,70,64,0.0025459723547101,0.0032104889396578,0.0380282998085022,0.043195080012083,0.9767716526985168,0.9757054448127748,1409,3291,156.03,0.0307301620228423,0.0318441092967987,0.0331023372709751
1,rnn,layers_3,mackey_1000,0,0.001,,16,8,140,64,0.0174865145236253,0.0245943292975425,0.1014840677380561,0.1266359835863113,0.8399518132209778,0.7976233959197998,1409,1047,45.14,0.0389404073357582,0.0444991737604141,0.035168383270502
1,rnn,layers_3,mackey_1000,0,0.001,,16,16,1,64,2.349755504837958e-06,4.541549515124643e-06,0.0012338268570601,0.0017229642253369,0.9999778270721436,0.9999682307243348,1409,915,71.78,0.0003613938504713,0.0003690898884087,0.000321330880979
1,rnn,layers_3,mackey_1000,0,0.001,,16,16,70,64,0.0003874167450703,0.0005854089977219,0.0152616240084171,0.0184925477951765,0.996351957321167,0.9961383938789368,1409,1343,95.4,0.0224504092087348,0.0196998622268438,0.0324221402406692
1,rnn,layers_3,mackey_1000,0,0.001,,16,16,140,64,0.0207627899944782,0.0209347587078809,0.1152766719460487,0.1172127351164817,0.7771615386009216,0.8248431086540222,1409,581,37.08,0.0371105321682989,0.0406228452920913,0.0295324213802814
1,rnn,layers_1,mackey_1000,0,0.001,,32,4,1,64,1.9308316041133367e-05,1.825016079237685e-05,0.0035284601617604,0.0034007793292403,0.9998354315757751,0.9998636841773988,1153,1016,22.72,0.0005434059508843,0.0005433676415123,0.000516909873113
1,rnn,layers_1,mackey_1000,0,0.001,,32,4,70,64,0.0344307459890842,0.0242026709020137,0.1399286538362503,0.1197539642453193,0.6329315304756165,0.8024339079856873,1153,844,17.1,0.033830676227808,0.0302096214145421,0.0370170399546623
1,rnn,layers_1,mackey_1000,0,0.001,,32,4,140,64,0.0409130863845348,0.0422725565731525,0.1599088460206985,0.1642911881208419,0.4758904278278351,0.6133197546005249,1153,754,19.43,0.046084929154151,0.0521235838532447,0.0447113029658794
1,rnn,layers_1,mackey_1000,0,0.001,,32,8,1,64,4.673521289078053e-06,5.330447038431885e-06,0.0017359281191602,0.001885658246465,0.9999549984931946,0.999959409236908,1153,1526,40.44,0.0006728648470016,0.0005587385385297,0.0005464440910145
1,rnn,layers_1,mackey_1000,0,0.001,,32,8,70,64,0.0150626040995121,0.0137041471898555,0.0986290425062179,0.0915944576263427,0.8491014242172241,0.8935987949371338,1153,1511,37.29,0.0313380859378311,0.0294510703533887,0.0338241308927536
1,rnn,layers_1,mackey_1000,0,0.001,,32,8,140,64,0.0163852870464324,0.0236682333052158,0.1037565618753433,0.1287557482719421,0.8288233280181885,0.8034604787826538,1153,1498,33.19,0.0400185622274875,0.0419378951191902,0.0345285534858703
1,rnn,layers_1,mackey_1000,0,0.001,,32,16,1,64,3.175746087435982e-06,3.3859896575449966e-06,0.0013830978423357,0.0014651382807642,0.9999715089797974,0.9999751448631288,1153,1059,38.72,0.0004768475075252,0.0004035927995573,0.0003955746942665
1,rnn,layers_1,mackey_1000,0,0.001,,32,16,70,64,0.0014938447857275,0.0016745089087635,0.0299555249512195,0.0314459763467311,0.9869856238365172,0.9881592988967896,1153,1456,49.34,0.0268878603561057,0.0257308464497327,0.0382661931216716
1,rnn,layers_1,mackey_1000,0,0.001,,32,16,140,64,0.0219408795237541,0.0168828405439853,0.1197180226445198,0.1086341142654419,0.7694186568260193,0.8779506683349609,1153,606,19.08,0.0378690147772431,0.0411651171743869,0.0291904732584953
1,rnn,layers_2,mackey_1000,0,0.001,,32,4,1,64,1.188422720588278e-05,1.1844189430121332e-05,0.0026462234091013,0.0027115114498883,0.9998981356620787,0.9999104738235474,3265,619,19.89,0.0002916095036198,0.0002848426520358,0.0002768511767499
1,rnn,layers_2,mackey_1000,0,0.001,,32,4,70,64,0.0365176424384117,0.0233116876333951,0.1428032219409942,0.1166918501257896,0.6272287964820862,0.8071516156196594,3265,450,16.33,0.0305699312852488,0.0277839433401823,0.0335064344108104
1,rnn,layers_2,mackey_1000,0,0.001,,32,4,140,64,0.0380793251097202,0.0430862158536911,0.1536106467247009,0.1653731614351272,0.5179728269577026,0.6060457229614258,3265,434,14.96,0.0421332468071745,0.046178113669157,0.0377442799508571
1,rnn,layers_2,mackey_1000,0,0.001,,32,8,1,64,3.93738400816801e-06,4.104786967218388e-06,0.0016025953227654,0.0016513620503246,0.9999662041664124,0.9999688267707824,3265,799,47.7,0.000178995222086,0.0001489076967118,0.0001381013571517
1,rnn,layers_2,mackey_1000,0,0.001,,32,8,70,64,0.0052406806498765,0.0044791572727262,0.0559018105268478,0.0518858470022678,0.9519672393798828,0.96613609790802,3265,1577,92.45,0.0235563262055317,0.0257309470325708,0.028364147990942
1,rnn,layers_2,mackey_1000,0,0.001,,32,8,140,64,0.0133423767983913,0.0252410359680652,0.0941235870122909,0.1281221956014633,0.8673714399337769,0.7909701466560364,3265,794,39.18,0.0378550393506884,0.0446906872093677,0.0343604460358619
1,rnn,layers_2,mackey_1000,0,0.001,,32,16,1,64,2.666428827069467e-06,3.1160602702584583e-06,0.0013645660365,0.0014138584956526,0.9999740719795228,0.9999760389328004,3265,679,69.93,0.00016237193704,0.0001163763226941,0.0001025802775984
1,rnn,layers_2,mackey_1000,0,0.001,,32,16,70,64,0.0015618616016581,0.0007489793351851,0.0270801912993192,0.0212145764380693,0.9863892197608948,0.9944435358047484,3265,1051,98.93,0.0146666929746667,0.0183294918388128,0.019166000187397
1,rnn,layers_2,mackey_1000,0,0.001,,32,16,140,64,0.0233753528445959,0.0198455043137073,0.1223856657743454,0.1149488613009452,0.7518299221992493,0.8420581817626953,3265,479,42.32,0.0293233799748122,0.0284255240112543,0.0284722689539194
1,rnn,layers_3,mackey_1000,0,0.001,,32,4,1,64,9.403270269103814e-06,1.075825002772035e-05,0.002290098927915,0.0025213670451194,0.9999153017997742,0.9999172687530518,5377,560,32.72,0.0002429650718113,0.0002367568376939,0.0002066741435555
1,rnn,layers_3,mackey_1000,0,0.001,,32,4,70,64,0.031569518148899,0.0219668876379728,0.1347794532775879,0.1142318323254585,0.6990751624107361,0.8184064030647278,5377,421,16.49,0.0288676979641119,0.0245684590190649,0.0348535068333148
1,rnn,layers_3,mackey_1000,0,0.001,,32,4,140,64,0.0368445068597793,0.0428530797362327,0.153342917561531,0.1666086614131927,0.5372171401977539,0.6053717732429504,5377,420,16.39,0.0413950182911422,0.0463091097772121,0.0367918945848941
1,rnn,layers_3,mackey_1000,0,0.001,,32,8,1,64,3.273980837548152e-06,4.495444045460317e-06,0.0014339283807203,0.0016604773700237,0.9999722838401794,0.9999679327011108,5377,674,38.76,8.420411577390042e-05,6.850738282082602e-05,6.234437751118094e-05
1,rnn,layers_3,mackey_1000,0,0.001,,32,8,70,64,0.0019705458544194,0.0026707551442086,0.0342302061617374,0.0387491546571254,0.9836974143981934,0.9797821044921876,5377,1751,90.56,0.0240838049600521,0.0248781442642211,0.0290978774428367
1,rnn,layers_3,mackey_1000,0,0.001,,32,8,140,64,0.013774768449366,0.0225871875882148,0.0934159010648727,0.1214369609951973,0.8569179177284241,0.8148896098136902,5377,569,27.53,0.0334551413543522,0.0479639954864978,0.0273232161998748
1,rnn,layers_3,mackey_1000,0,0.001,,32,16,1,64,1.0944389714495628e-06,2.033123337241705e-06,0.0008025454590097,0.0010161119280382,0.9999896287918092,0.9999849200248718,5377,784,70.27,8.052748617046746e-05,8.10985075077042e-05,5.567423067986965e-05
1,rnn,layers_3,mackey_1000,0,0.001,,32,16,70,64,0.0005795047618448,0.0008694928255863,0.018742486834526,0.0229748245328664,0.9949352741241456,0.9939875602722168,5377,1068,86.93,0.0090636287091506,0.0110290730372071,0.0111754462122917
1,rnn,layers_3,mackey_1000,0,0.001,,32,16,140,64,0.0244286321103572,0.0211884826421737,0.1297344863414764,0.1155627071857452,0.7316632270812988,0.8326460123062134,5377,404,29.28,0.0207743633072823,0.0223673991858959,0.0239533502608537
1,rnn,layers_1,mackey_1000,1,0.001,,8,4,1,64,1.7144528101198375e-05,1.7379830751451664e-05,0.0033058952540159,0.003344370983541,0.999833643436432,0.9998672008514404,97,1496,31.02,0.0015820929314941,0.0016074519371613,0.0013875972945243
1,rnn,layers_1,mackey_1000,1,0.001,,8,4,70,64,0.0334685780107975,0.0251086335629224,0.140145257115364,0.1228238195180893,0.6361343264579773,0.7954193949699402,97,1097,21.18,0.0405636094510555,0.0343334823846817,0.0451488643884658
1,rnn,layers_1,mackey_1000,1,0.001,,8,4,140,64,0.0386149063706398,0.0428091660141944,0.15203857421875,0.1638582348823547,0.5165387392044067,0.6147436499595642,97,665,13.26,0.0493342238704725,0.0637067854404449,0.0488342344760894
1,rnn,layers_1,mackey_1000,1,0.001,,8,8,1,64,5.002952548238682e-06,6.201048108778196e-06,0.0018251568544656,0.0020185315515846,0.9999517798423768,0.999952495098114,97,2658,65.51,0.001066070300294,0.0011647810460999,0.0009942305041477
1,rnn,layers_1,mackey_1000,1,0.001,,8,8,70,64,0.034911211580038,0.0236802157014608,0.1444191932678222,0.122017815709114,0.6328160762786865,0.8058217763900757,97,1625,37.45,0.0309862662106752,0.0277272909879684,0.0366202108561992
1,rnn,layers_1,mackey_1000,1,0.001,,8,8,140,64,0.0352324843406677,0.0393091775476932,0.1556593477725982,0.1652068644762039,0.5692543983459473,0.6408745646476746,97,508,11.08,0.0458281957544386,0.0459760539233684,0.0387108884751796
1,rnn,layers_1,mackey_1000,1,0.001,,8,16,1,64,4.39905988969258e-06,5.280486675474094e-06,0.001730767195113,0.0018562509212642,0.9999580979347228,0.99996018409729,97,2028,65.38,0.0006334809673717,0.0006486617494374,0.0005486903828568
1,rnn,layers_1,mackey_1000,1,0.001,,8,16,70,64,0.0243236776441335,0.0151410549879074,0.1170117631554603,0.0985458046197891,0.7457743287086487,0.8811455368995667,97,1477,58.5,0.0269916523247957,0.0254400074481964,0.03598602861166
1,rnn,layers_1,mackey_1000,1,0.001,,8,16,140,64,0.0274339653551578,0.0196732226759195,0.1367999911308288,0.1168304160237312,0.7022302746772766,0.8508715629577637,97,2121,55.44,0.0386639810167253,0.0428233183920383,0.0276745222508907
1,rnn,layers_2,mackey_1000,1,0.001,,8,4,1,64,1.040464576362865e-05,1.25745164041291e-05,0.002431770088151,0.0027847255114465,0.999910831451416,0.9999040365219116,241,943,28.23,0.0009781073313206,0.0010146680288016,0.0008243406191468
1,rnn,layers_2,mackey_1000,1,0.001,,8,4,70,64,0.0331167578697204,0.0239986162632703,0.1380279958248138,0.1196673139929771,0.6468411087989807,0.8054243326187134,241,814,21.89,0.0350038212620549,0.03102608025074,0.0380126498639583
1,rnn,layers_2,mackey_1000,1,0.001,,8,4,140,64,0.0378635190427303,0.0420069396495819,0.1564717888832092,0.1660611629486084,0.519905149936676,0.6182090044021606,241,676,18.59,0.0504107312913725,0.0649196505546569,0.0496257357299327
1,rnn,layers_2,mackey_1000,1,0.001,,8,8,1,64,6.494392891909229e-06,7.577531505376099e-06,0.0020576163660734,0.0022483929060399,0.999948501586914,0.9999423623085022,241,1245,46.47,0.0004780325863976,0.0005707431118935,0.00043366823229
1,rnn,layers_2,mackey_1000,1,0.001,,8,8,70,64,0.0337583310902118,0.0225942935794591,0.1426166892051696,0.1203882247209549,0.6320515275001526,0.8209415674209595,241,667,22.44,0.0314504870524009,0.0284737925976514,0.0360498987138271
1,rnn,layers_2,mackey_1000,1,0.001,,8,8,140,64,0.0286252349615097,0.0361689329147338,0.1375161707401275,0.1550350338220596,0.6722646951675415,0.6855833530426025,241,908,27.9,0.0511793857440352,0.0529218018054962,0.0466402024030685
1,rnn,layers_2,mackey_1000,1,0.001,,8,16,1,64,2.29891634262458e-06,2.972445372506627e-06,0.0012036528205499,0.0013675498776137,0.999982476234436,0.9999772310256958,241,1459,77.67,0.000490486761555,0.0005889579770155,0.0004143627884332
1,rnn,layers_2,mackey_1000,1,0.001,,8,16,70,64,0.0276430919766426,0.0166633147746324,0.1268057227134704,0.1057715415954589,0.7109905481338501,0.8683469295501709,241,703,34.01,0.027186531573534,0.0259846877306699,0.0349162556231021
1,rnn,layers_2,mackey_1000,1,0.001,,8,16,140,64,0.0321171954274177,0.0190696232020854,0.1459143459796905,0.1112053021788597,0.6596765518188477,0.8488599061965942,241,962,41.9,0.0537805003114044,0.0548000000417232,0.0482543855905532
1,rnn,layers_3,mackey_1000,1,0.001,,8,4,1,64,1.4254530469770543e-05,1.7045578715624288e-05,0.0028467564843595,0.0031392376404255,0.9998745918273926,0.9998696446418762,385,933,36.71,0.0004159838339546,0.0004813026462215,0.0003445175534579
1,rnn,layers_3,mackey_1000,1,0.001,,8,4,70,64,0.0318007357418537,0.0239291880279779,0.1362929344177246,0.1216378509998321,0.6549022793769836,0.8067003488540649,385,722,24.99,0.0361642812689145,0.0315628610551357,0.0393008291721344
1,rnn,layers_3,mackey_1000,1,0.001,,8,4,140,64,0.0374309085309505,0.0434388257563114,0.1548172086477279,0.1682871580123901,0.520708441734314,0.6063842177391052,385,692,23.55,0.0516986405420741,0.0667100101709365,0.0518598519265651
1,rnn,layers_3,mackey_1000,1,0.001,,8,8,1,64,7.733433449175209e-06,9.368453902425244e-06,0.0023051665630191,0.0025410342495888,0.9999389052391052,0.9999281167984008,385,1321,65.0,0.0006436910887714,0.0007474421872757,0.0005538702826015
1,rnn,layers_3,mackey_1000,1,0.001,,8,8,70,64,0.0173080265522003,0.0175125878304243,0.1013019159436225,0.1063794121146202,0.8323156237602234,0.8594287037849426,385,1137,50.19,0.0320484983838266,0.0294592641294002,0.0351918488740921
1,rnn,layers_3,mackey_1000,1,0.001,,8,8,140,64,0.0253876410424709,0.0382421128451824,0.1279866397380828,0.1584688127040863,0.7169600129127502,0.668449342250824,385,698,39.51,0.0581128085032105,0.0646439641714096,0.0532467477023601
1,rnn,layers_3,mackey_1000,1,0.001,,8,16,1,64,8.207294740714133e-06,1.1658517905743793e-05,0.0023204020690172,0.0026669327635318,0.999925136566162,0.9999110102653505,385,989,71.35,0.0006072367192246,0.000672887195833,0.0005124550662003
1,rnn,layers_3,mackey_1000,1,0.001,,8,16,70,64,0.0029748287051916,0.0034596521873027,0.0422830432653427,0.0484689399600029,0.9721832275390624,0.9749475121498108,385,1970,129.83,0.0279864608827564,0.0288474857807159,0.0334487482905387
1,rnn,layers_3,mackey_1000,1,0.001,,8,16,140,64,0.0268378760665655,0.0200064796954393,0.1327998042106628,0.1155599877238273,0.7171667218208313,0.8426670432090759,385,833,49.03,0.0572457001544535,0.0607714690268039,0.0526498034596443
1,rnn,layers_1,mackey_1000,1,0.001,,16,4,1,64,1.6675941878929734e-05,1.6746051187510602e-05,0.0031873288098722,0.003264654893428,0.9998422265052797,0.9998733997344972,321,1134,23.77,0.0003855454357108,0.0004123477265238,0.0003672137390822
1,rnn,layers_1,mackey_1000,1,0.001,,16,4,70,64,0.0341098979115486,0.0250600297003984,0.1417895555496215,0.1235280558466911,0.6286283731460571,0.7968232035636902,321,687,13.49,0.0355128695567448,0.0310193393379449,0.0396849885582923
1,rnn,layers_1,mackey_1000,1,0.001,,16,4,140,64,0.0374462381005287,0.0430088751018047,0.1551419794559478,0.1662404537200927,0.5245546698570251,0.6077626943588257,321,733,14.26,0.0509995534779995,0.0656841695308685,0.0504102818667888
1,rnn,layers_1,mackey_1000,1,0.001,,16,8,1,64,5.716505256714299e-06,6.372213192662457e-06,0.0019034931901842,0.0020485152490437,0.9999449253082277,0.9999508857727052,321,1645,41.1,0.0006032705801771,0.000644183543045,0.0005867226864211
1,rnn,layers_1,mackey_1000,1,0.001,,16,8,70,64,0.023489685729146,0.0181041471660137,0.1176702752709388,0.1091103106737136,0.7606049180030823,0.8568898439407349,321,1117,25.12,0.0311507032149367,0.0291854757815599,0.0346193350851535
1,rnn,layers_1,mackey_1000,1,0.001,,16,8,140,64,0.0249025076627731,0.0252483673393726,0.1260062307119369,0.1292418092489242,0.7239903807640076,0.7902430891990662,321,1852,37.34,0.0520961149595677,0.0537420623004436,0.0450828149914741
1,rnn,layers_1,mackey_1000,1,0.001,,16,16,1,64,2.372589960941696e-06,3.4264908208569977e-06,0.0012592227431014,0.0014609321951866,0.9999772310256958,0.9999741911888124,321,1577,52.8,0.0007902501383796,0.0008170176297426,0.0007301899022422
1,rnn,layers_1,mackey_1000,1,0.001,,16,16,70,64,0.0262107774615287,0.0168804284185171,0.119754709303379,0.1009763702750206,0.7243618965148926,0.8701397776603699,321,824,25.5,0.0276165625287426,0.0268336925655603,0.0341617166996002
1,rnn,layers_1,mackey_1000,1,0.001,,16,16,140,64,0.0234573520720005,0.0201580878347158,0.1223119273781776,0.1167765259742736,0.7534804940223694,0.8330264687538147,321,781,22.32,0.051328950561583,0.0518134646117687,0.043179202824831
1,rnn,layers_2,mackey_1000,1,0.001,,16,4,1,64,1.4569321137969382e-05,1.572163455421105e-05,0.0029673224780708,0.0031478977762162,0.9998640418052672,0.9998787641525269,865,805,23.86,0.000304002687335,0.0003423769667278,0.0002769585698843
1,rnn,layers_2,mackey_1000,1,0.001,,16,4,70,64,0.0333868525922298,0.0239399503916502,0.1395341008901596,0.1195340454578399,0.6394559741020203,0.8071754574775696,865,599,16.66,0.0340386308315727,0.0304135382175445,0.0378516502678394
1,rnn,layers_2,mackey_1000,1,0.001,,16,4,140,64,0.0426968857645988,0.0430911667644977,0.1668318808078766,0.167165070772171,0.4544685184955597,0.6033993363380432,865,509,14.03,0.0491011266826212,0.0623357072472572,0.0466500930488109
1,rnn,layers_2,mackey_1000,1,0.001,,16,8,1,64,3.304989149910398e-06,4.206582616461674e-06,0.0014534326037392,0.0016444219509139,0.999969244003296,0.9999680519104004,865,1183,61.03,0.0003637690999312,0.0003893274988513,0.0003235712647438
1,rnn,layers_2,mackey_1000,1,0.001,,16,8,70,64,0.0139189986512064,0.013258053921163,0.0935490205883979,0.088737241923809,0.8727225065231323,0.8943637013435364,865,1379,46.9,0.0317402293698655,0.0295104719698429,0.0342957824468612
1,rnn,layers_2,mackey_1000,1,0.001,,16,8,140,64,0.0122994892299175,0.0233909748494625,0.0882746130228042,0.1224279999732971,0.8793171644210815,0.8040526509284973,865,1655,51.28,0.0400781719945371,0.0432560257613658,0.0355393439531326
1,rnn,layers_2,mackey_1000,1,0.001,,16,16,1,64,2.980818408104824e-06,3.5725404359254757e-06,0.0014203222235664,0.0014927082229405,0.9999730587005616,0.9999738335609436,865,991,54.26,0.0004044816392706,0.000395347335143,0.0003257860662415
1,rnn,layers_2,mackey_1000,1,0.001,,16,16,70,64,0.0026607296895235,0.0020658462308347,0.0366973429918289,0.0362624339759349,0.9782457947731018,0.9849387407302856,865,1949,97.54,0.0271952882823016,0.0258192289620637,0.0345579981803894
1,rnn,layers_2,mackey_1000,1,0.001,,16,16,140,64,0.0303201582282781,0.017869172617793,0.1380995512008667,0.1102526038885116,0.6834160089492798,0.8598373532295227,865,706,32.3,0.0385000091046094,0.0433168597519397,0.0267859064042568
1,rnn,layers_3,mackey_1000,1,0.001,,16,4,1,64,1.3257617865747306e-05,1.5156464542087631e-05,0.0027215494774281,0.0030196113511919,0.9998915791511536,0.9998837113380432,1409,759,29.36,0.0003861500124912,0.0004225530428811,0.0003283273836132
1,rnn,layers_3,mackey_1000,1,0.001,,16,4,70,64,0.0324076749384403,0.0239919535815715,0.139468640089035,0.1209042221307754,0.666454553604126,0.8013324737548828,1409,557,19.29,0.0345782877670394,0.0304561257362365,0.0389436557888984
1,rnn,layers_3,mackey_1000,1,0.001,,16,4,140,64,0.0427886880934238,0.0429812259972095,0.1669926792383194,0.167499765753746,0.4573107659816742,0.6048156023025513,1409,502,17.93,0.0498016607016325,0.0611223094165325,0.0476571395993232
1,rnn,layers_3,mackey_1000,1,0.001,,16,8,1,64,5.213964413997019e-06,6.982603281358024e-06,0.0018448254559189,0.0020967035088688,0.9999592304229736,0.9999468922615052,1409,1009,52.12,0.0003894765075528,0.0003765700384974,0.0003247236309107
1,rnn,layers_3,mackey_1000,1,0.001,,16,8,70,64,0.0044688927009701,0.0055935280397534,0.0520298741757869,0.0592193119227886,0.959118127822876,0.956867516040802,1409,2040,95.03,0.031454027733869,0.0289677381515502,0.0341649316251277
1,rnn,layers_3,mackey_1000,1,0.001,,16,8,140,64,0.0164346992969512,0.0223661214113235,0.1058334857225418,0.1206880807876586,0.8494264483451843,0.814508318901062,1409,1078,45.94,0.0390225020237267,0.0427254848182201,0.034597523510456
1,rnn,layers_3,mackey_1000,1,0.001,,16,16,1,64,9.235424840881024e-06,1.342128962278366e-05,0.0025301498826593,0.0029378221370279,0.9999130368232728,0.99990051984787,1409,706,54.09,0.0003706116171088,0.0003609037376008,0.000328849768266
1,rnn,layers_3,mackey_1000,1,0.001,,16,16,70,64,0.0007768697687424,0.000400655757403,0.0206661280244588,0.0149069903418421,0.993656039237976,0.9972898960113524,1409,1736,118.78,0.0268085300922393,0.0254419911652803,0.0350225269794464
1,rnn,layers_3,mackey_1000,1,0.001,,16,16,140,64,0.0222241543233394,0.0174214262515306,0.1184754595160484,0.1087274253368377,0.7697073221206665,0.8574480414390564,1409,527,33.37,0.0360925900749862,0.0391928851604461,0.0292972140014171
1,rnn,layers_1,mackey_1000,1,0.001,,32,4,1,64,1.5514238839386962e-05,1.644544317969121e-05,0.0030884814914315,0.0032478990033268,0.9998504519462584,0.999877393245697,1153,1034,22.37,0.0003715815546456,0.0003498243167996,0.0002983325975947
1,rnn,layers_1,mackey_1000,1,0.001,,32,4,70,64,0.0334332101047039,0.0245109926909208,0.1374183595180511,0.120798721909523,0.6407358646392822,0.8009024858474731,1153,974,24.59,0.0345622431486845,0.0305200833827257,0.0392234846949577
1,rnn,layers_1,mackey_1000,1,0.001,,32,4,140,64,0.0403258018195629,0.0427282638847827,0.1571768671274185,0.164613738656044,0.4851797819137573,0.6100523471832275,1153,629,13.11,0.0469819682960708,0.0562839768826961,0.0437970981001853
1,rnn,layers_1,mackey_1000,1,0.001,,32,8,1,64,6.6531924858281855e-06,7.299164735741215e-06,0.0021092519164085,0.002201173454523,0.9999376535415648,0.9999439716339112,1153,1331,35.34,0.000497788778739,0.0005068038590252,0.0004897165345028
1,rnn,layers_1,mackey_1000,1,0.001,,32,8,70,64,0.0167308654636144,0.0148586658760905,0.1004725620150566,0.0971375256776809,0.828972339630127,0.8944699764251709,1153,1143,28.13,0.0310790193163686,0.0270290579646825,0.0352748297154903
1,rnn,layers_1,mackey_1000,1,0.001,,32,8,140,64,0.0251259561628103,0.0285996831953525,0.1312365680932998,0.1355719864368438,0.7319860458374023,0.7559285759925842,1153,990,21.97,0.0386172784492373,0.0422971844673156,0.0354095362126827
1,rnn,layers_1,mackey_1000,1,0.001,,32,16,1,64,2.4054618279478746e-06,3.562074198271148e-06,0.0012641947250813,0.0015225156676024,0.9999770522117616,0.9999725818634032,1153,1480,53.94,0.0004355025972472,0.0004367646179161,0.0004042127693537
1,rnn,layers_1,mackey_1000,1,0.001,,32,16,70,64,0.0264663286507129,0.0167338624596595,0.1168016642332077,0.0999100655317306,0.7252106666564941,0.8709421157836914,1153,500,17.31,0.0236497219238016,0.0204284954816102,0.0359845533967018
1,rnn,layers_1,mackey_1000,1,0.001,,32,16,140,64,0.028065912425518,0.0188306458294391,0.1353659927845001,0.1101011112332344,0.699958086013794,0.8520864248275757,1153,624,19.23,0.0378398937173187,0.0423424169421196,0.0274182390421628
1,rnn,layers_2,mackey_1000,1,0.001,,32,4,1,64,9.672943633631805e-06,1.116903695219662e-05,0.0023754891008138,0.002588883973658,0.9999091625213624,0.9999161958694458,3265,690,22.26,0.0003297866976936,0.000257522566244,0.0002151217922801
1,rnn,layers_2,mackey_1000,1,0.001,,32,4,70,64,0.0347282625734806,0.0234929323196411,0.1433289796113968,0.119216650724411,0.6303895711898804,0.8086801767349243,3265,452,13.7,0.0289483614679839,0.0275734979659318,0.03368516638875
1,rnn,layers_2,mackey_1000,1,0.001,,32,4,140,64,0.0426997803151607,0.0430496744811534,0.1572857797145843,0.1636754721403122,0.4576261341571808,0.6093312501907349,3265,416,12.56,0.0403614036945833,0.0446122139692306,0.0363515727221965
1,rnn,layers_2,mackey_1000,1,0.001,,32,8,1,64,3.6340870792628266e-06,4.160342086834135e-06,0.001513494644314,0.0016362939495593,0.9999674558639526,0.9999685883522034,3265,817,34.82,0.0002075376367429,0.0001957803178811,0.0001785240310709
1,rnn,layers_2,mackey_1000,1,0.001,,32,8,70,64,0.0032826983369886,0.0054780761711299,0.043731153011322,0.0570976510643959,0.9719557166099548,0.9585301280021667,3265,2412,94.64,0.026007341634896,0.0228872913867235,0.0322216041386127
1,rnn,layers_2,mackey_1000,1,0.001,,32,8,140,64,0.0168861206620931,0.0244935825467109,0.1032656282186508,0.1273986399173736,0.820898175239563,0.8069198727607727,3265,731,25.42,0.0380533873103559,0.043837796896696,0.0324505195021629
1,rnn,layers_2,mackey_1000,1,0.001,,32,16,1,64,2.316933887414052e-06,3.6317394460638752e-06,0.0012111915275454,0.0015125542413443,0.9999793767929076,0.9999724626541138,3265,639,39.19,0.0001447460977942,0.0001366624783258,0.0001052162115229
1,rnn,layers_2,mackey_1000,1,0.001,,32,16,70,64,0.0003493856929708,0.0006724894046783,0.0145582230761647,0.0196569859981536,0.9969095587730408,0.9950010180473328,3265,1390,77.41,0.0214447848912742,0.0170440953224897,0.0325279608368873
1,rnn,layers_2,mackey_1000,1,0.001,,32,16,140,64,0.0278347004204988,0.0165066923946142,0.1415419727563858,0.1059393659234047,0.712162435054779,0.8695119023323059,3265,468,33.52,0.0318388112355023,0.0312378834933042,0.0313697718083858
1,rnn,layers_3,mackey_1000,1,0.001,,32,4,1,64,9.868304914562032e-06,1.136848732130602e-05,0.0023506404832005,0.0025461800396442,0.9999191164970398,0.9999144077301024,5377,571,24.09,0.0002757711452431,0.0002708255778998,0.0002567323681432
1,rnn,layers_3,mackey_1000,1,0.001,,32,4,70,64,0.0378139913082122,0.0230796616524457,0.1495898514986038,0.1174429580569267,0.6125538945198059,0.8117003440856934,5377,426,16.81,0.0299642435792419,0.0280432160943746,0.0354305878281593
1,rnn,layers_3,mackey_1000,1,0.001,,32,4,140,64,0.0323988422751426,0.0420306958258152,0.1440388709306717,0.1635114401578903,0.618554949760437,0.6144425272941589,5377,450,17.86,0.0430260592450698,0.0473748594522476,0.0381490141153335
1,rnn,layers_3,mackey_1000,1,0.001,,32,8,1,64,3.40598012371629e-06,5.3804265007784124e-06,0.0014749460387974,0.0018249960849061,0.9999685883522034,0.9999614953994752,5377,656,37.64,0.0001809924113331,0.0001665229647187,0.000152456908836
1,rnn,layers_3,mackey_1000,1,0.001,,32,8,70,64,0.0023637036792933,0.0028499322943389,0.0360956341028213,0.0409286320209503,0.9784429669380188,0.9782467484474182,5377,1736,89.89,0.0285125720418161,0.0229087881743907,0.0392917357385158
1,rnn,layers_3,mackey_1000,1,0.001,,32,8,140,64,0.0135340243577957,0.0228644087910652,0.0917604714632034,0.1221412792801857,0.8677841424942017,0.8109762072563171,5377,673,32.57,0.0330009376630187,0.0393356867134571,0.0277582127600908
1,rnn,layers_3,mackey_1000,1,0.001,,32,16,1,64,1.2755681382259354e-06,1.8954901861434337e-06,0.000931957445573,0.0011072196066379,0.9999884963035583,0.9999857544898988,5377,746,64.67,0.0001479100777942,0.0001358678564429,0.0001241361314896
1,rnn,layers_3,mackey_1000,1,0.001,,32,16,70,64,0.0016511066351085,0.0010565173579379,0.0293775182217359,0.0241641327738761,0.9862333536148072,0.9920220375061036,5377,767,63.94,0.0250230208039283,0.0225684233009815,0.0368616431951522
1,rnn,layers_3,mackey_1000,1,0.001,,32,16,140,64,0.0229319706559181,0.0202811863273382,0.1226724684238433,0.1144291013479232,0.7525458335876465,0.8363403677940369,5377,425,29.84,0.0320191951468586,0.0362990051507949,0.0327088236808776
1,rnn,layers_1,mackey_1000,2,0.001,,8,4,1,64,8.052902558119968e-06,8.965053893916775e-06,0.002163479104638,0.0023445039987564,0.9999300837516784,0.9999315142631532,97,1943,39.62,0.0053322137333452,0.0053127664141356,0.0044590374454855
1,rnn,layers_1,mackey_1000,2,0.001,,8,4,70,64,0.0336563847959041,0.0253383871167898,0.1416728049516677,0.1251880377531051,0.6311957240104675,0.7956857681274414,97,1023,19.43,0.040977243747976,0.0346849858760833,0.04470806568861
1,rnn,layers_1,mackey_1000,2,0.001,,8,4,140,64,0.0380579270422458,0.0432580411434173,0.152582585811615,0.1650490909814834,0.5226428508758545,0.6083444952964783,97,1095,20.47,0.0520593913582464,0.0666757076978683,0.0522707179188728
1,rnn,layers_1,mackey_1000,2,0.001,,8,8,1,64,3.904279310518177e-06,4.647857167583425e-06,0.0015707608545199,0.001718699815683,0.9999628067016602,0.9999642968177797,97,2418,58.55,0.0025586633360944,0.0027635279111564,0.0023596913088113
1,rnn,layers_1,mackey_1000,2,0.001,,8,8,70,64,0.0336219929158687,0.0243671052157878,0.1425613760948181,0.1248912289738655,0.6272680759429932,0.8060912489891052,97,791,18.19,0.0366363674402236,0.0313015580177307,0.0431226007640361
1,rnn,layers_1,mackey_1000,2,0.001,,8,8,140,64,0.0349790900945663,0.0404246039688587,0.154778391122818,0.166332870721817,0.5718050003051758,0.624923825263977,97,734,15.2,0.0586504256352782,0.0655054897069931,0.0536997839808464
1,rnn,layers_1,mackey_1000,2,0.001,,8,16,1,64,3.326391151858843e-06,3.870005002681864e-06,0.0014614727115258,0.0015865068417042,0.9999677538871764,0.999970555305481,97,2145,92.5,0.0024851168738678,0.0027846777811646,0.0023701929021626
1,rnn,layers_1,mackey_1000,2,0.001,,8,16,70,64,0.0258547104895114,0.0148258171975612,0.1226546838879585,0.0947571843862533,0.7346800565719604,0.8825365900993347,97,1269,37.32,0.0343707652969492,0.0313525907695293,0.0408941730856895
1,rnn,layers_1,mackey_1000,2,0.001,,8,16,140,64,0.0289203003048896,0.0214764978736639,0.1434554755687713,0.1169863268733024,0.6803140044212341,0.8259040713310242,97,1753,45.91,0.0591051774099469,0.0639990046620369,0.0543293431401252
1,rnn,layers_2,mackey_1000,2,0.001,,8,4,1,64,1.2235685971972998e-05,1.4674163139716256e-05,0.0027630189433693,0.0029705262277275,0.9998872876167296,0.9998874068260192,241,1134,33.9,0.0030597278615459,0.0030823464039713,0.0024985463824123
1,rnn,layers_2,mackey_1000,2,0.001,,8,4,70,64,0.0337343253195285,0.0246488526463508,0.1408949047327041,0.1211212575435638,0.632016122341156,0.8015203475952148,241,697,18.73,0.0387701795746882,0.03317866101861,0.0420031659305095
1,rnn,layers_2,mackey_1000,2,0.001,,8,4,140,64,0.0542928129434585,0.0661562606692314,0.1968122124671936,0.2117965668439865,-0.1997325271368026,0.1438656598329544,241,407,11.13,0.0520529661638041,0.0665171220898628,0.0528671145439147
1,rnn,layers_2,mackey_1000,2,0.001,,8,8,1,64,3.705221160998917e-06,4.9345703700964805e-06,0.0015466392505913,0.0017346756067126,0.9999667406082152,0.999963104724884,241,1732,63.22,0.0011438432557042,0.0013862638734281,0.0010039089247584
1,rnn,layers_2,mackey_1000,2,0.001,,8,8,70,64,0.0179116204380989,0.018026789650321,0.1065428331494331,0.107709489762783,0.826729416847229,0.8545171022415161,241,1148,37.76,0.0316600838883055,0.0286638680845499,0.0369923748075962
1,rnn,layers_2,mackey_1000,2,0.001,,8,8,140,64,0.0293101463466882,0.0377710461616516,0.1404648870229721,0.15969218313694,0.6604845523834229,0.6634630560874939,241,865,26.11,0.0586773669347167,0.0656234622001648,0.0536380559206008
1,rnn,layers_2,mackey_1000,2,0.001,,8,16,1,64,1.826044353947509e-06,2.6839677502721315e-06,0.0011011494789272,0.0012746426509693,0.9999839663505554,0.9999805092811584,241,1621,84.51,0.0013219881569966,0.0015223823720589,0.0011854375479742
1,rnn,layers_2,mackey_1000,2,0.001,,8,16,70,64,0.0051810522563755,0.0044916640035808,0.0528770387172699,0.052255030721426,0.9524718523025512,0.9654167294502258,241,2439,117.29,0.0267528682533237,0.0259412564337253,0.0347611680626869
1,rnn,layers_2,mackey_1000,2,0.001,,8,16,140,64,0.0251493006944656,0.0185335110872983,0.1272672861814499,0.1111175343394279,0.738641619682312,0.8519478440284729,241,1364,60.96,0.05912606138736,0.0641469284892082,0.0541387312114238
1,rnn,layers_3,mackey_1000,2,0.001,,8,4,1,64,1.05403050838504e-05,1.3199209206504747e-05,0.0024094549007713,0.0027288533747196,0.9999141693115234,0.9998981952667236,385,805,31.3,0.000341080254293,0.0003906045458279,0.0003237742639612
1,rnn,layers_3,mackey_1000,2,0.001,,8,4,70,64,0.0344772450625896,0.0241278707981109,0.1408717483282089,0.1200781464576721,0.633353590965271,0.8029665350914001,385,618,21.49,0.0349277307589848,0.0305735170841217,0.0391083694994449
1,rnn,layers_3,mackey_1000,2,0.001,,8,4,140,64,0.0373485498130321,0.0431206189095974,0.1564879566431045,0.1678824871778488,0.525804877281189,0.6046348810195923,385,512,17.22,0.0501452101161703,0.0626274868845939,0.0496027953922748
1,rnn,layers_3,mackey_1000,2,0.001,,8,8,1,64,5.338929895515321e-06,6.894645594002213e-06,0.0017867370042949,0.0020811967551708,0.999965488910675,0.999947726726532,385,1020,49.38,0.0004880340828094,0.0005045844009146,0.0004092547460459
1,rnn,layers_3,mackey_1000,2,0.001,,8,8,70,64,0.0126202991232275,0.0121455332264304,0.0889588221907615,0.088082417845726,0.8793577551841736,0.9102602601051332,385,2169,132.74,0.0305573617418607,0.0276057124137878,0.0366650745272636
1,rnn,layers_3,mackey_1000,2,0.001,,8,8,140,64,0.0217946283519268,0.0228617340326309,0.1201400980353355,0.1242884695529937,0.7734226584434509,0.8112466335296631,385,1447,57.44,0.0384346605278551,0.044295884668827,0.0337811075150966
1,rnn,layers_3,mackey_1000,2,0.001,,8,16,1,64,1.919797114169341e-06,4.126773092139047e-06,0.0011267628287896,0.0014833789318799,0.999982476234436,0.9999696612358092,385,1072,78.16,0.0003717868734383,0.000367419939721,0.0002940820413641
1,rnn,layers_3,mackey_1000,2,0.001,,8,16,70,64,0.0019658259116113,0.0020434185862541,0.0346150062978267,0.0348736345767974,0.9816563725471495,0.9861689209938048,385,2167,141.61,0.0248077056474155,0.0233980324119329,0.0344426110386848
1,rnn,layers_3,mackey_1000,2,0.001,,8,16,140,64,0.0291884802281856,0.0161400102078914,0.1462921351194381,0.1034610420465469,0.687850832939148,0.8714579343795776,385,611,36.4,0.0368038041051477,0.0403917580842971,0.0298971515148878
1,rnn,layers_1,mackey_1000,2,0.001,,16,4,1,64,1.7407308405381627e-05,1.7689717424218543e-05,0.0033536294940859,0.003427148098126,0.999830722808838,0.9998639225959778,321,1233,26.26,0.0004621504805982,0.0004704504390247,0.0004064320237375
1,rnn,layers_1,mackey_1000,2,0.001,,16,4,70,64,0.0340521894395351,0.0245539862662553,0.141467198729515,0.1220428794622421,0.6325578689575195,0.8014925122261047,321,877,17.02,0.0366680251641406,0.0317308381199836,0.0398299396038055
1,rnn,layers_1,mackey_1000,2,0.001,,16,4,140,64,0.0402569286525249,0.0422548875212669,0.1569178104400634,0.1633893549442291,0.4846532940864563,0.6157512664794922,321,699,13.71,0.0504790067724469,0.0631794705986976,0.0496690385043621
1,rnn,layers_1,mackey_1000,2,0.001,,16,8,1,64,4.993619313609088e-06,5.929678991378751e-06,0.0017941182013601,0.001941004069522,0.999951422214508,0.9999547004699708,321,1789,43.65,0.000694501644466,0.0007843320490792,0.0006476896815001
1,rnn,layers_1,mackey_1000,2,0.001,,16,8,70,64,0.0294096563011407,0.0199252553284168,0.1324380934238433,0.1146920472383499,0.690624475479126,0.8418493270874023,321,993,23.33,0.0311475354764196,0.0283047500997781,0.0359503254294395
1,rnn,layers_1,mackey_1000,2,0.001,,16,8,140,64,0.0317638292908668,0.0369389727711677,0.1441083252429962,0.1567167192697525,0.6267468333244324,0.6736987829208374,321,1016,20.61,0.0552638568915426,0.0596767477691173,0.0509788058698177
1,rnn,layers_1,mackey_1000,2,0.001,,16,16,1,64,2.802364633680554e-06,4.535370862868149e-06,0.0013968874700367,0.0016991673037409,0.999972939491272,0.9999653100967408,321,1566,51.14,0.0008161970472428,0.0008101836428977,0.0005792761221528
1,rnn,layers_1,mackey_1000,2,0.001,,16,16,70,64,0.009273731149733,0.0079646417871117,0.0744687914848327,0.0710568726062774,0.91070294380188,0.9378008246421814,321,1456,43.3,0.0264412442015277,0.0260723009705543,0.034499704837799
1,rnn,layers_1,mackey_1000,2,0.001,,16,16,140,64,0.0225008036941289,0.0194104667752981,0.1198875829577446,0.1135851368308067,0.7588176131248474,0.8448980450630188,321,1023,27.41,0.0567397875711321,0.0606789849698543,0.0520802214741706
1,rnn,layers_2,mackey_1000,2,0.001,,16,4,1,64,1.23613181131077e-05,1.4827974155195989e-05,0.002606256166473,0.0029602344147861,0.9998899698257446,0.9998859167099,865,885,26.07,0.0004038165381643,0.0005115030216984,0.0004464641097001
1,rnn,layers_2,mackey_1000,2,0.001,,16,4,70,64,0.0324252396821975,0.0243255905807018,0.1386464685201645,0.1222849860787391,0.6484158635139465,0.8034217953681946,865,588,21.1,0.0336503150562445,0.0307653732597827,0.0367098897695541
1,rnn,layers_2,mackey_1000,2,0.001,,16,4,140,64,0.0379335731267929,0.0430950000882148,0.1578903645277023,0.1678130179643631,0.5175865292549133,0.6042376160621643,865,531,14.31,0.046313583781739,0.058124978095293,0.0501788444817066
1,rnn,layers_2,mackey_1000,2,0.001,,16,8,1,64,4.118756351090269e-06,4.685873591370182e-06,0.0016202558763325,0.0017411558656021,0.9999653697013856,0.9999640583992004,865,1198,44.69,0.0004903211956843,0.0004850542172789,0.0004231533384881
1,rnn,layers_2,mackey_1000,2,0.001,,16,8,70,64,0.0200403444468975,0.0146412076428532,0.1106312349438667,0.094088077545166,0.8135254979133606,0.8838427662849426,865,1052,36.5,0.0305638056662347,0.0282234698534011,0.0351502336561679
1,rnn,layers_2,mackey_1000,2,0.001,,16,8,140,64,0.0271912477910518,0.0372613742947578,0.1336424350738525,0.1568959057331085,0.6993379592895508,0.6651594638824463,865,646,19.72,0.0437435009516775,0.0436057671904563,0.0346429571509361
1,rnn,layers_2,mackey_1000,2,0.001,,16,16,1,64,6.465525075327605e-06,9.130483704211656e-06,0.0020953204948455,0.0023805757518857,0.9999445676803588,0.9999310970306396,865,914,49.35,0.0004443416633876,0.0004137759970035,0.0003721432876773
1,rnn,layers_2,mackey_1000,2,0.001,,16,16,70,64,0.0021444531157612,0.0016524941893294,0.0327904559671878,0.0319764949381351,0.9800774455070496,0.9880558848381042,865,1975,97.93,0.0262533420075972,0.0259238332509994,0.034503910690546
1,rnn,layers_2,mackey_1000,2,0.001,,16,16,140,64,0.0274651795625686,0.0196929667145013,0.1371680349111557,0.1093470677733421,0.6931918859481812,0.8451449871063232,865,594,26.34,0.0386482204776257,0.0443589016795158,0.0290769319981336
1,rnn,layers_3,mackey_1000,2,0.001,,16,4,1,64,1.2174760740890632e-05,1.396330389979994e-05,0.0026509074959903,0.002880148589611,0.9998940229415894,0.9998925924301147,1409,667,24.94,0.0003122884532785,0.0003901284944731,0.0003831783542409
1,rnn,layers_3,mackey_1000,2,0.001,,16,4,70,64,0.0335852615535259,0.023967869579792,0.1416815519332885,0.1204626560211181,0.6406581401824951,0.8052312731742859,1409,447,16.17,0.0283521496587329,0.0259773023426532,0.0335215963423252
1,rnn,layers_3,mackey_1000,2,0.001,,16,4,140,64,0.0395322889089584,0.0424021854996681,0.1589825749397277,0.1654287576675415,0.4936922192573547,0.6113071441650391,1409,479,15.97,0.0426916326861588,0.0534069165587425,0.042322501540184
1,rnn,layers_3,mackey_1000,2,0.001,,16,8,1,64,4.194435859972145e-06,6.419548753910931e-06,0.0016213217750191,0.00202615885064,0.9999611377716064,0.9999520182609558,1409,777,41.6,0.0002499619862646,0.0002423360419925,0.0002096740354318
1,rnn,layers_3,mackey_1000,2,0.001,,16,8,70,64,0.0034109933767467,0.0042667239904403,0.0450390465557575,0.0497937351465225,0.9696371555328368,0.9674484729766846,1409,1748,81.1,0.0284304269072082,0.0255082640796899,0.0353928953409194
1,rnn,layers_3,mackey_1000,2,0.001,,16,8,140,64,0.0175361223518848,0.0254664104431867,0.1078785136342048,0.1320674270391464,0.8227950930595398,0.7928209900856018,1409,736,30.41,0.0384338507428765,0.0427572652697563,0.0349305495619773
1,rnn,layers_3,mackey_1000,2,0.001,,16,16,1,64,2.9171776532166405e-06,4.37790413343464e-06,0.0013376134447753,0.0016618419904261,0.9999796152114868,0.9999677538871764,1409,736,58.13,0.0002345863525988,0.0002135585091309,0.0001805117644835
1,rnn,layers_3,mackey_1000,2,0.001,,16,16,70,64,0.0029256113339215,0.0020860019139945,0.0397726967930793,0.0358068533241748,0.9748353958129884,0.9840080738067628,1409,913,63.43,0.0213733603143029,0.0188475679606199,0.0298131834715604
1,rnn,layers_3,mackey_1000,2,0.001,,16,16,140,64,0.0226702913641929,0.0201284065842628,0.1247405633330345,0.1167735382914543,0.7533649802207947,0.8404792547225952,1409,436,26.17,0.0372465539257973,0.0427126921713352,0.0307953432202339
1,rnn,layers_1,mackey_1000,2,0.001,,32,4,1,64,1.8170419934904203e-05,1.835131843108684e-05,0.0034772807266563,0.0035538151860237,0.9998238682746888,0.9998601078987122,1153,1007,21.08,0.0003210410301107,0.0003788879548665,0.000363215280231
1,rnn,layers_1,mackey_1000,2,0.001,,32,4,70,64,0.0336725674569606,0.024405799806118,0.1395587474107742,0.1211571767926216,0.6320756673812866,0.8037320375442505,1153,655,12.41,0.034249124634597,0.0309529788792133,0.0369494333863258
1,rnn,layers_1,mackey_1000,2,0.001,,32,4,140,64,0.0398775823414325,0.0422121807932853,0.1519733071327209,0.1619199812412262,0.4980354011058807,0.6225643754005432,1153,617,11.63,0.0464886135563978,0.0582646988332271,0.0509310886263847
1,rnn,layers_1,mackey_1000,2,0.001,,32,8,1,64,4.098485078429803e-06,4.842326688958565e-06,0.0016060561174526,0.0017479778034612,0.999960720539093,0.999963104724884,1153,1392,36.72,0.000535042057163,0.0004884209483861,0.0004418869211804
1,rnn,layers_1,mackey_1000,2,0.001,,32,8,70,64,0.0202440973371267,0.0137441083788871,0.1110169813036918,0.0900210216641426,0.8135438561439514,0.8901604413986206,1153,1638,38.93,0.0298747892181078,0.0270614139735698,0.0373463742434978
1,rnn,layers_1,mackey_1000,2,0.001,,32,8,140,64,0.0138311693444848,0.0242706630378961,0.0941613093018531,0.1286684423685073,0.8581385016441345,0.7983084321022034,1153,1643,34.56,0.0397055791690945,0.0423187352716922,0.0364187695086002
1,rnn,layers_1,mackey_1000,2,0.001,,32,16,1,64,2.4739219952607527e-06,3.481000021565705e-06,0.001290162676014,0.0015282243257388,0.9999778866767884,0.9999732375144958,1153,1292,45.33,0.000578512426,0.0005835068295709,0.0005554295494221
1,rnn,layers_1,mackey_1000,2,0.001,,32,16,70,64,0.0040684421546757,0.0028590341098606,0.0483757704496383,0.0431521385908126,0.9619715213775636,0.9790061116218568,1153,1264,41.29,0.0265558295779758,0.0257325321435928,0.0353911630809307
1,rnn,layers_1,mackey_1000,2,0.001,,32,16,140,64,0.0261108838021755,0.0205801725387573,0.1332397758960724,0.1154211908578872,0.7189265489578247,0.8387748599052429,1153,761,22.78,0.0378500833176076,0.0411442965269088,0.0300820432603359
1,rnn,layers_2,mackey_1000,2,0.001,,32,4,1,64,1.126753159041982e-05,1.1216350685572252e-05,0.0026981346309185,0.002713386202231,0.9998970627784728,0.9999150037765504,3265,645,20.03,0.0002652683557244,0.0003238097706343,0.0003309664025437
1,rnn,layers_2,mackey_1000,2,0.001,,32,4,70,64,0.0350245162844657,0.0235592480748891,0.1425203680992126,0.1190019473433494,0.6276975274085999,0.8081691861152649,3265,538,14.77,0.0337142931918303,0.0296551659703254,0.0369778908789157
1,rnn,layers_2,mackey_1000,2,0.001,,32,4,140,64,0.0398336201906204,0.0419345572590827,0.1579336524009704,0.1636498719453811,0.4894371926784515,0.6175788640975952,3265,462,12.97,0.0413183700099277,0.0509971939027309,0.0364781878888607
1,rnn,layers_2,mackey_1000,2,0.001,,32,8,1,64,4.360458206065232e-06,4.885873295279453e-06,0.0016630825120955,0.0017792517319321,0.9999597072601318,0.999962568283081,3265,768,31.18,0.0002408629006822,0.0002145448233932,0.0002060468541458
1,rnn,layers_2,mackey_1000,2,0.001,,32,8,70,64,0.0046545676887035,0.0051837544888257,0.0466279201209545,0.05653702840209,0.95940500497818,0.9603726863861084,3265,2755,104.64,0.0293191826591889,0.0260776933282613,0.0365317836403846
1,rnn,layers_2,mackey_1000,2,0.001,,32,8,140,64,0.0170043017715215,0.0249188616871833,0.1072791889309883,0.1253073662519455,0.8324791193008423,0.7916860580444336,3265,816,27.27,0.0393467601388692,0.0439241677522659,0.0346942394971847
1,rnn,layers_2,mackey_1000,2,0.001,,32,16,1,64,3.773269099838217e-06,5.1236133913334925e-06,0.0016191251343116,0.0018556910799816,0.9999654293060304,0.9999607801437378,3265,666,40.14,0.0002109012057189,0.0002048381138592,0.000174258093466
1,rnn,layers_2,mackey_1000,2,0.001,,32,16,70,64,0.0012085977941751,0.0011351662687957,0.0265547819435596,0.025337042286992,0.9888818860054016,0.9917014837265016,3265,1672,93.75,0.0253651415308316,0.0233957450836896,0.0346607863903045
1,rnn,layers_2,mackey_1000,2,0.001,,32,16,140,64,0.0200944207608699,0.0165458414703607,0.1192820817232132,0.1051607280969619,0.7979685664176941,0.8696104288101196,3265,483,24.79,0.0352329765446484,0.0399673618376255,0.0332731567323207
1,rnn,layers_3,mackey_1000,2,0.001,,32,4,1,64,9.574295290804002e-06,1.1157259905303364e-05,0.0023497566580772,0.0026121139526367,0.9999168515205384,0.9999143481254578,5377,660,27.75,0.000277202684083,0.0004525504482444,0.0004483546072151
1,rnn,layers_3,mackey_1000,2,0.001,,32,4,70,64,0.0328069627285003,0.0230368170887231,0.1375722438097,0.1180837601423263,0.656094491481781,0.8123359680175781,5377,471,23.54,0.0316184423863887,0.027787122875452,0.0358450040221214
1,rnn,layers_3,mackey_1000,2,0.001,,32,4,140,64,0.0339156910777092,0.0428578853607177,0.1453345715999603,0.163324236869812,0.591981828212738,0.6025238633155823,5377,467,16.79,0.0431870087955354,0.0487431474030017,0.0350668355822563
1,rnn,layers_3,mackey_1000,2,0.001,,32,8,1,64,4.190300387563184e-06,5.518165835383115e-06,0.0016260920092463,0.0018506995402276,0.9999655485153198,0.9999584555625916,5377,767,42.22,0.0002784602416795,0.000347547000274,0.000323634740198
1,rnn,layers_3,mackey_1000,2,0.001,,32,8,70,64,0.001839670469053,0.0035899267531931,0.0338882841169834,0.0462472140789032,0.982632577419281,0.9727805852890016,5377,2265,114.36,0.0282910526212718,0.0269002262502908,0.0357513092458248
1,rnn,layers_3,mackey_1000,2,0.001,,32,8,140,64,0.0159532614052295,0.0235442798584699,0.0992641150951385,0.1189880967140197,0.8348379731178284,0.8045153021812439,5377,613,26.94,0.035352190490812,0.039311658591032,0.0356509760022163
1,rnn,layers_3,mackey_1000,2,0.001,,32,16,1,64,2.767945034065633e-06,4.243563125783112e-06,0.0012981180334463,0.0015935210976749,0.999980092048645,0.999970555305481,5377,733,62.68,0.0002528827666537,0.000368886947399,0.0003424443711992
1,rnn,layers_3,mackey_1000,2,0.001,,32,16,70,64,0.0006519585149362,0.0006001886795274,0.020477008074522,0.0193796213716268,0.9938647150993348,0.9959806799888612,5377,1005,77.64,0.0254803874219457,0.0218980368226766,0.0348105952143669
1,rnn,layers_3,mackey_1000,2,0.001,,32,16,140,64,0.0145744364708662,0.0188942067325115,0.0949389785528183,0.1082291603088378,0.852785050868988,0.8420728445053101,5377,529,37.49,0.0355409672483801,0.040387462824583,0.0290508884936571
1,rnn,layers_1,mackey_1000,3,0.001,,8,4,1,64,1.368963421555236e-05,1.577705734234769e-05,0.0027607693336904,0.0030699570197612,0.9998714923858644,0.9998787641525269,97,1313,26.02,0.0030516729690134,0.0030731267761439,0.0026049434673041
1,rnn,layers_1,mackey_1000,3,0.001,,8,4,70,64,0.0330125279724597,0.0254364907741546,0.1393235921859741,0.1237391903996467,0.6382318139076233,0.7947182655334473,97,1259,22.67,0.0422870783756176,0.0363078974187374,0.0458010770380497
1,rnn,layers_1,mackey_1000,3,0.001,,8,4,140,64,0.0372109003365039,0.0434599444270134,0.1568870693445205,0.1669469028711319,0.5283034443855286,0.6004236340522766,97,1052,18.82,0.0530675176738037,0.0667424276471138,0.0534054562449455
1,rnn,layers_1,mackey_1000,3,0.001,,8,8,1,64,6.649483566434356e-06,8.543095646018628e-06,0.0019688117317855,0.0023763093631714,0.9999361038208008,0.9999346733093262,97,1858,43.55,0.0011178440996445,0.0013589581940323,0.0009927413193508
1,rnn,layers_1,mackey_1000,3,0.001,,8,8,70,64,0.0333664640784263,0.0238936152309179,0.1413496881723404,0.1222284957766532,0.6441877484321594,0.803588330745697,97,1279,27.66,0.0333001853691207,0.0280397180467844,0.0395523533225059
1,rnn,layers_1,mackey_1000,3,0.001,,8,8,140,64,0.0318894907832145,0.0372892208397388,0.1428555101156234,0.1612279713153839,0.6250532865524292,0.67500901222229,97,1021,20.19,0.0574010079726576,0.0639632046222686,0.0513428710401058
1,rnn,layers_1,mackey_1000,3,0.001,,8,16,1,64,1.6048926454459431e-06,2.351835973968264e-06,0.0010168857406824,0.0012488238280639,0.9999852776527404,0.9999818801879884,97,2450,81.54,0.0015448605059646,0.0017971239285543,0.0014970485353842
1,rnn,layers_1,mackey_1000,3,0.001,,8,16,70,64,0.0300673898309469,0.0157454721629619,0.1334466189146042,0.1050311401486396,0.6722034215927124,0.8740037083625793,97,1619,46.85,0.0274549093511369,0.0262381229549646,0.0345432236790657
1,rnn,layers_1,mackey_1000,3,0.001,,8,16,140,64,0.0321763567626476,0.0190140288323164,0.1511125713586807,0.1158483177423477,0.6448934078216553,0.8526651859283447,97,1545,40.31,0.0579389003105461,0.0626154020428657,0.0527384616434574
1,rnn,layers_2,mackey_1000,3,0.001,,8,4,1,64,1.214021449413849e-05,1.4341831956699023e-05,0.0026061590760946,0.0029245293699204,0.9998928308486938,0.9998904466629028,241,819,23.43,0.0002253167287562,0.0002702135243453,0.0001995315105887
1,rnn,layers_2,mackey_1000,3,0.001,,8,4,70,64,0.0336776226758956,0.0243732426315546,0.1418442279100418,0.1215073317289352,0.640876293182373,0.8029946088790894,241,802,20.68,0.0334181791792313,0.0304308533668518,0.036210797727108
1,rnn,layers_2,mackey_1000,3,0.001,,8,4,140,64,0.0414104200899601,0.0418513268232345,0.1566805839538574,0.1631159037351608,0.472542405128479,0.6241300106048584,241,596,15.2,0.0457084083205295,0.057520180940628,0.0442018844187259
1,rnn,layers_2,mackey_1000,3,0.001,,8,8,1,64,4.302055458538234e-06,5.769962172053056e-06,0.0016556795453652,0.0019380353624001,0.9999645352363586,0.9999575018882751,241,1073,38.45,0.0002523041155654,0.000280181877315,0.0002302393404534
1,rnn,layers_2,mackey_1000,3,0.001,,8,8,70,64,0.0062740338034927,0.0082514435052871,0.0645300969481468,0.0729735791683197,0.941127598285675,0.9381704926490784,241,3366,110.76,0.0314801167696714,0.0279706586152315,0.0362567976117134
1,rnn,layers_2,mackey_1000,3,0.001,,8,8,140,64,0.0240008868277072,0.0268661212176084,0.126183733344078,0.1314652115106582,0.73248690366745,0.7722617983818054,241,1187,35.65,0.0389974529389292,0.0427841506898403,0.0350910425186157
1,rnn,layers_2,mackey_1000,3,0.001,,8,16,1,64,2.2886194983584573e-06,3.44389013662294e-06,0.001235355855897,0.0015193694271147,0.9999785423278807,0.9999743103981018,241,1109,56.91,0.0002536879022954,0.0002745746460277,0.0002232178812846
1,rnn,layers_2,mackey_1000,3,0.001,,8,16,70,64,0.0072924769483506,0.0071619730442762,0.0622294843196868,0.0660905465483665,0.9294424057006836,0.9459688663482666,241,1108,50.92,0.026754653495219,0.0253309030085802,0.0343973636627197
1,rnn,layers_2,mackey_1000,3,0.001,,8,16,140,64,0.025610826909542,0.0186106599867343,0.1286612898111343,0.1137734353542327,0.7276976704597473,0.8632953763008118,241,1178,49.25,0.0372383389621973,0.0404058285057544,0.0288635492324829
1,rnn,layers_3,mackey_1000,3,0.001,,8,4,1,64,7.785257366776932e-06,1.077004799299175e-05,0.0020858305506408,0.0024969917722046,0.9999291896820068,0.9999187588691713,385,884,32.99,0.0003413530823308,0.0004426813102327,0.0003071402898058
1,rnn,layers_3,mackey_1000,3,0.001,,8,4,70,64,0.0364856980741024,0.02992744743824,0.1472063213586807,0.1369028389453888,0.592941403388977,0.747449517250061,385,429,14.16,0.0353558036602205,0.0307593625038862,0.0391988791525363
1,rnn,layers_3,mackey_1000,3,0.001,,8,4,140,64,0.0400872156023979,0.0425682663917541,0.16144560277462,0.16668601334095,0.4901661574840545,0.6081587672233582,385,645,21.34,0.0503307763073179,0.0635100081562995,0.0507210418581962
1,rnn,layers_3,mackey_1000,3,0.001,,8,8,1,64,5.67709776078118e-06,6.9367811192933004e-06,0.0018958571599796,0.0020511758048087,0.9999560713768004,0.9999472498893738,385,1050,51.91,0.0004722104582469,0.0004740862350445,0.0003806099120993
1,rnn,layers_3,mackey_1000,3,0.001,,8,8,70,64,0.0058826943859457,0.0069721196778118,0.0620481334626674,0.0670460313558578,0.9455794095993042,0.9490559697151184,385,2173,103.34,0.0325455653170744,0.0315708070993423,0.037190344184637
1,rnn,layers_3,mackey_1000,3,0.001,,8,8,140,64,0.0226096864789724,0.024116538465023,0.121896855533123,0.1273364275693893,0.7656822800636292,0.7977520823478699,385,1283,50.5,0.0583497290499508,0.0651793405413627,0.0527536980807781
1,rnn,layers_3,mackey_1000,3,0.001,,8,16,1,64,4.310459644329967e-06,5.895096364838537e-06,0.0016254669753834,0.0018384638242423,0.9999631643295288,0.9999565482139589,385,1136,81.37,0.0006285039547947,0.0008316772291436,0.0006406735628843
1,rnn,layers_3,mackey_1000,3,0.001,,8,16,70,64,0.0201124567538499,0.013565270230174,0.1010237634181976,0.0889420732855796,0.8022429943084717,0.8927899599075317,385,1354,86.84,0.0272941523128085,0.0261147171258926,0.034583780914545
1,rnn,layers_3,mackey_1000,3,0.001,,8,16,140,64,0.0275690648704767,0.0179463885724544,0.1354808360338211,0.1113018542528152,0.7173298001289368,0.8519416451454163,385,850,51.63,0.0586631307378411,0.0633323863148689,0.0534523949027061
1,rnn,layers_1,mackey_1000,3,0.001,,16,4,1,64,1.3513677913579158e-05,1.3337645214051008e-05,0.0028807090129703,0.0028963712975382,0.9998746514320374,0.9998971223831176,321,1031,21.01,0.0003052316897083,0.0003477451682556,0.000274971826002
1,rnn,layers_1,mackey_1000,3,0.001,,16,4,70,64,0.033378142863512,0.0251473058015108,0.1390311568975448,0.1223920136690139,0.633965790271759,0.7982177734375,321,646,11.64,0.0335165104932255,0.0301445629447698,0.0362292528152465
1,rnn,layers_1,mackey_1000,3,0.001,,16,4,140,64,0.0402100794017314,0.042252842336893,0.1606160998344421,0.1643986701965332,0.4882294535636902,0.6117796301841736,321,693,13.08,0.0474891956740369,0.0598800554871559,0.0461183227598667
1,rnn,layers_1,mackey_1000,3,0.001,,16,8,1,64,5.720131412090268e-06,6.207726073625963e-06,0.0019096977775916,0.0019835566636174,0.9999467730522156,0.9999521374702454,321,1322,32.16,0.0004928174690576,0.0004629329778254,0.0004033198056276
1,rnn,layers_1,mackey_1000,3,0.001,,16,8,70,64,0.0332894250750541,0.0227099005132913,0.139606088399887,0.1180719584226608,0.6396995782852173,0.8173488974571228,321,606,13.37,0.0316518878357277,0.0284502506256103,0.0363121591508388
1,rnn,layers_1,mackey_1000,3,0.001,,16,8,140,64,0.0266628097742795,0.0271556880325078,0.1289931237697601,0.1308738887310028,0.7071815133094788,0.7701805830001831,321,1177,23.16,0.0402468624524772,0.0432297997176647,0.0349131524562835
1,rnn,layers_1,mackey_1000,3,0.001,,16,16,1,64,4.153029294684529e-06,6.334034878818784e-06,0.0016318378038704,0.0019731086213141,0.9999603033065796,0.9999544620513916,321,1207,39.97,0.0003686788375489,0.0004143631376791,0.0003350513870827
1,rnn,layers_1,mackey_1000,3,0.001,,16,16,70,64,0.0222807172685861,0.0152741810306906,0.1185019314289093,0.1034781858325004,0.7653407454490662,0.8783537745475769,321,761,22.56,0.0268929758005672,0.0256152283400297,0.0345018245279789
1,rnn,layers_1,mackey_1000,3,0.001,,16,16,140,64,0.0291630588471889,0.0187258124351501,0.1434144228696823,0.1137688308954238,0.68605637550354,0.8507717847824097,321,728,19.88,0.0381790902465581,0.0427350364625453,0.0265053007751703
1,rnn,layers_2,mackey_1000,3,0.001,,16,4,1,64,1.0318025488231797e-05,1.148406408901792e-05,0.0024441133718937,0.0025910318363457,0.9999098777770996,0.9999118447303772,865,824,24.0,0.0002691240893909,0.0002799999492708,0.0002377456985414
1,rnn,layers_2,mackey_1000,3,0.001,,16,4,70,64,0.0342730358242988,0.0240349695086479,0.1409716606140136,0.1194065734744072,0.6268376708030701,0.8083751201629639,865,495,13.35,0.030985906927122,0.0283634513616561,0.0346832238137722
1,rnn,layers_2,mackey_1000,3,0.001,,16,4,140,64,0.0405572317540645,0.0428515076637268,0.1625697016716003,0.1660122573375702,0.4823800921440124,0.605567455291748,865,456,15.79,0.0401934026999192,0.0466151721775531,0.0356938056647777
1,rnn,layers_2,mackey_1000,3,0.001,,16,8,1,64,5.369713562686229e-06,6.635269983235048e-06,0.0018155670259147,0.00205381331034,0.9999545812606812,0.999950647354126,865,963,50.75,0.0002611497897305,0.0003156696620862,0.0002837876381818
1,rnn,layers_2,mackey_1000,3,0.001,,16,8,70,64,0.0249007325619459,0.0184045284986495,0.1262454837560653,0.1101352348923683,0.751919150352478,0.8534767031669617,865,771,26.44,0.0292290747165679,0.0257280487567186,0.0336687713861465
1,rnn,layers_2,mackey_1000,3,0.001,,16,8,140,64,0.0177722498774528,0.0232905689626932,0.1027356833219528,0.1229446157813072,0.8214420080184937,0.8104158639907837,865,1137,34.86,0.0390798798762261,0.0433342531323432,0.0334683395922184
1,rnn,layers_2,mackey_1000,3,0.001,,16,16,1,64,3.640906243163045e-06,4.505181095737498e-06,0.0015437769470736,0.0016927551478147,0.999969720840454,0.9999665021896362,865,906,49.59,0.0002294596095453,0.0002377474011154,0.0002050298789981
1,rnn,layers_2,mackey_1000,3,0.001,,16,16,70,64,0.0323148220777511,0.0172844436019659,0.1373182982206344,0.1049906611442565,0.6500805616378784,0.8652433156967163,865,432,33.26,0.0247060326445433,0.022676570340991,0.0332406684756279
1,rnn,layers_2,mackey_1000,3,0.001,,16,16,140,64,0.0260515175759792,0.0187476873397827,0.1375833749771118,0.1106870621442794,0.7193464636802673,0.852480947971344,865,512,22.37,0.0355962668545544,0.0390705168247222,0.0299548022449016
1,rnn,layers_3,mackey_1000,3,0.001,,16,4,1,64,1.0610281606204808e-05,1.4145850400382187e-05,0.0024252410512417,0.0028463776689022,0.999904453754425,0.999893605709076,1409,711,26.84,0.0002830201075994,0.0003228008572477,0.0002378544886596
1,rnn,layers_3,mackey_1000,3,0.001,,16,4,70,64,0.0309281554073095,0.0228651892393827,0.1347200274467468,0.1180146113038063,0.6959142684936523,0.8105968236923218,1409,478,16.31,0.0280593201104137,0.0251933503895998,0.0343389734625816
1,rnn,layers_3,mackey_1000,3,0.001,,16,4,140,64,0.04319803789258,0.0427346341311931,0.1666723042726516,0.1652921736240387,0.4521509408950805,0.6046102643013,1409,454,15.33,0.0398780248231358,0.045603048056364,0.0349034778773784
1,rnn,layers_3,mackey_1000,3,0.001,,16,8,1,64,5.158377007319359e-06,6.785010555176996e-06,0.0017529252218082,0.0020784442313015,0.999960720539093,0.9999482035636902,1409,752,38.29,0.0002198881382355,0.0003511404793243,0.0002806377888191
1,rnn,layers_3,mackey_1000,3,0.001,,16,8,70,64,0.006049258634448,0.0056866114027798,0.0610459148883819,0.0615375041961669,0.943123459815979,0.9573603868484496,1409,1449,92.9,0.0289521689216295,0.0253256205469369,0.0342994444072246
1,rnn,layers_3,mackey_1000,3,0.001,,16,8,140,64,0.0157223548740148,0.0205049347132444,0.0993833243846893,0.1144190207123756,0.8367050886154175,0.8340597152709961,1409,983,40.19,0.0362831242382526,0.0398497432470321,0.0320316925644874
1,rnn,layers_3,mackey_1000,3,0.001,,16,16,1,64,2.3665418211749056e-06,3.12138081426383e-06,0.0012096228310838,0.001445427420549,0.9999802708625792,0.9999761581420898,1409,885,68.04,0.0001839817516156,0.0002104070590576,0.0001596192887518
1,rnn,layers_3,mackey_1000,3,0.001,,16,16,70,64,0.0007095761829987,0.0008676830329932,0.0190642233937978,0.0237476546317338,0.9934465885162354,0.9937873482704164,1409,1524,105.59,0.0229443609714508,0.0224383827298879,0.0308333728462457
1,rnn,layers_3,mackey_1000,3,0.001,,16,16,140,64,0.0197986755520105,0.0157887674868106,0.1127185150980949,0.0977047458291053,0.7967758178710938,0.8765600919723511,1409,475,31.3,0.0366588106844574,0.0418047532439231,0.0262928009033203
1,rnn,layers_1,mackey_1000,3,0.001,,32,4,1,64,1.924782191053964e-05,1.9005521608050916e-05,0.0034328605979681,0.0034954617731273,0.9998174905776978,0.9998548030853271,1153,828,17.14,0.0003191921481629,0.0003227168926969,0.0002937262179329
1,rnn,layers_1,mackey_1000,3,0.001,,32,4,70,64,0.0344153270125389,0.0241165272891521,0.1407383233308792,0.1207976192235946,0.632346510887146,0.8030745387077332,1153,769,14.7,0.0334708611998293,0.0308641828596591,0.0357344858348369
1,rnn,layers_1,mackey_1000,3,0.001,,32,4,140,64,0.0412192232906818,0.0416694320738315,0.1629165709018707,0.1639155894517898,0.4732111990451813,0.6199233531951904,1153,592,12.06,0.042209484666172,0.0502091012895107,0.0379481464624404
1,rnn,layers_1,mackey_1000,3,0.001,,32,8,1,64,3.713733576660161e-06,4.50263223683578e-06,0.0015528538497164,0.0016880276380106,0.9999638199806212,0.9999657869338988,1153,1445,37.61,0.0004129256412852,0.000435012858361,0.0004219714319333
1,rnn,layers_1,mackey_1000,3,0.001,,32,8,70,64,0.0243231151252985,0.019043069332838,0.1230546310544014,0.1102034002542495,0.7689663171768188,0.846282422542572,1153,710,17.96,0.0312465168535709,0.0281961075961589,0.0353393331170082
1,rnn,layers_1,mackey_1000,3,0.001,,32,8,140,64,0.0178643241524696,0.0250430330634117,0.1108745411038398,0.1300641447305679,0.8198966979980469,0.7899618148803711,1153,1188,25.02,0.0379572557285428,0.0414965376257896,0.0348359085619449
1,rnn,layers_1,mackey_1000,3,0.001,,32,16,1,64,1.979934722839971e-06,2.857982508430723e-06,0.0011744240764528,0.0013978194911032,0.9999819993972778,0.9999784231185912,1153,1210,42.38,0.000325163337402,0.0002975547977257,0.0002934867225121
1,rnn,layers_1,mackey_1000,3,0.001,,32,16,70,64,0.0007061238284222,0.0007862281054258,0.0210955440998077,0.0230526980012655,0.9937441945075988,0.994208574295044,1153,2387,103.62,0.0237054632355769,0.0208215247839689,0.0354621671140193
1,rnn,layers_1,mackey_1000,3,0.001,,32,16,140,64,0.0297193862497806,0.0197821259498596,0.1457774639129638,0.1159452721476554,0.6748952269554138,0.8537251353263855,1153,542,16.11,0.0360866256523877,0.0400362648069858,0.0299261305481195
1,rnn,layers_2,mackey_1000,3,0.001,,32,4,1,64,9.582227903592866e-06,1.1743562026822474e-05,0.002422348363325,0.0026749540120363,0.9999082684516908,0.9999136328697203,3265,692,21.31,0.0003217240097001,0.0003004806349053,0.0002716271555982
1,rnn,layers_2,mackey_1000,3,0.001,,32,4,70,64,0.0328087136149406,0.0235886853188276,0.1398321837186813,0.119802251458168,0.6523228287696838,0.8081663250923157,3265,481,13.47,0.0294927000585529,0.0282684303820133,0.0332550331950187
1,rnn,layers_2,mackey_1000,3,0.001,,32,4,140,64,0.0420764535665512,0.0430186428129673,0.1637154221534729,0.1644438505172729,0.4670301973819732,0.6002823114395142,3265,444,16.01,0.0402340434698594,0.0464265197515487,0.0342184193432331
1,rnn,layers_2,mackey_1000,3,0.001,,32,8,1,64,3.6768642530660153e-06,4.618364982889034e-06,0.001529045170173,0.0017102004494518,0.9999651312828064,0.9999651312828064,3265,912,36.79,0.0003412339254282,0.0003207748522982,0.0003010498767253
1,rnn,layers_2,mackey_1000,3,0.001,,32,8,70,64,0.0154057713225483,0.0128016835078597,0.09733697026968,0.089087463915348,0.8569387197494507,0.8987385034561157,3265,801,29.97,0.0306561827245685,0.0265656244009733,0.0351237654685974
1,rnn,layers_2,mackey_1000,3,0.001,,32,8,140,64,0.0131883006542921,0.0237715896219015,0.0911734700202941,0.1241447925567627,0.8809223175048828,0.8001717925071716,3265,773,26.05,0.0387237982358783,0.0421813614666461,0.0344442836940288
1,rnn,layers_2,mackey_1000,3,0.001,,32,16,1,64,2.261366262246156e-06,3.252069745940389e-06,0.0012264979304745,0.0014286101795732,0.9999783039093018,0.9999762773513794,3265,896,53.82,0.0001976981919142,0.0001759967854013,0.0001595091016497
1,rnn,layers_2,mackey_1000,3,0.001,,32,16,70,64,0.0010487391846254,0.0007387266377918,0.023735849186778,0.021191956475377,0.9902679324150084,0.994827687740326,3265,1478,80.84,0.0242240621397892,0.0231310762465,0.0340891778469085
1,rnn,layers_2,mackey_1000,3,0.001,,32,16,140,64,0.0178146101534366,0.0230254866182804,0.1054087057709693,0.1163237318396568,0.8123388290405273,0.8037301301956177,3265,464,23.67,0.0318970663938671,0.0323929712176322,0.0284319538623094
1,rnn,layers_3,mackey_1000,3,0.001,,32,4,1,64,1.010695723380195e-05,1.3225585462350864e-05,0.0024526086635887,0.0028825900517404,0.9999093413352966,0.99989914894104,5377,653,27.85,0.0005282724683638,0.0003321745025459,0.0002550618373788
1,rnn,layers_3,mackey_1000,3,0.001,,32,4,70,64,0.0374102368950843,0.0225012265145778,0.1456205993890762,0.1153058335185051,0.6242719888687134,0.8134772181510925,5377,475,17.56,0.0331349772297673,0.0292204152792692,0.0367459990084171
1,rnn,layers_3,mackey_1000,3,0.001,,32,4,140,64,0.0388707444071769,0.0424788258969783,0.1569934487342834,0.1651380360126495,0.5077499151229858,0.6088207364082336,5377,455,16.61,0.0413274142063326,0.0473637618124485,0.0345586165785789
1,rnn,layers_3,mackey_1000,3,0.001,,32,8,1,64,4.545835054159397e-06,5.777683782071108e-06,0.0016816117567941,0.0019453245913609,0.9999639391899108,0.9999555349349976,5377,802,44.4,0.0002787328514386,0.0004439688927959,0.0004137582145631
1,rnn,layers_3,mackey_1000,3,0.001,,32,8,70,64,0.0017389496788382,0.0029805924277752,0.0310228392481803,0.0438978895545005,0.9840723276138306,0.977744460105896,5377,1981,99.93,0.0318188656949334,0.0260069295763969,0.0348676778376102
1,rnn,layers_3,mackey_1000,3,0.001,,32,8,140,64,0.014970613643527,0.022678343579173,0.0963872298598289,0.121981605887413,0.8520317673683167,0.8104614019393921,5377,596,27.52,0.038761684205383,0.0421433672308921,0.0333479866385459
1,rnn,layers_3,mackey_1000,3,0.001,,32,16,1,64,3.181334477631026e-06,4.921048457617872e-06,0.0014710426330566,0.0017587364418432,0.9999741911888124,0.9999635815620422,5377,684,59.91,0.0002154685411369,0.0002492516068741,0.0002083151921397
1,rnn,layers_3,mackey_1000,3,0.001,,32,16,70,64,0.0006679564830847,0.0008150000940077,0.0192667935043573,0.0228758696466684,0.9937673807144164,0.9944106340408324,5377,1167,90.61,0.0230855142904652,0.0199732147157192,0.0319795049726963
1,rnn,layers_3,mackey_1000,3,0.001,,32,16,140,64,0.0199217535555362,0.0192415844649076,0.1066242754459381,0.1095378100872039,0.7933237552642822,0.8382430672645569,5377,460,32.42,0.0231976183131337,0.0227693729102611,0.0258386265486478
1,rnn,layers_1,mackey_1000,4,0.001,,8,4,1,64,1.3492295693140475e-05,1.304396482737502e-05,0.0029208709020167,0.0028971687424927,0.9998723268508912,0.9998993277549744,97,1547,30.56,0.0050661426503211,0.0051901545375585,0.0042964215390384
1,rnn,layers_1,mackey_1000,4,0.001,,8,4,70,64,0.0334050692617893,0.0252782460302114,0.1406337469816208,0.1245152950286865,0.6324836015701294,0.7955719828605652,97,867,15.63,0.0409894904328717,0.0350649394094944,0.0444496199488639
1,rnn,layers_1,mackey_1000,4,0.001,,8,4,140,64,0.037771962583065,0.0428571105003356,0.1568446308374405,0.1664187759160995,0.518296480178833,0.6093662977218628,97,719,12.9,0.0528635879357655,0.0643795505166053,0.0510127693414688
1,rnn,layers_1,mackey_1000,4,0.001,,8,8,1,64,7.733005077170674e-06,9.893482456391212e-06,0.002246617572382,0.0024856459349393,0.9999250769615172,0.999923825263977,97,1735,41.48,0.0022314324742183,0.0025349908974021,0.0018993124831467
1,rnn,layers_1,mackey_1000,4,0.001,,8,8,70,64,0.0212112218141555,0.01903086155653,0.1131017953157424,0.1125280037522316,0.7817987203598022,0.8450546860694885,97,1814,38.66,0.0322924266672796,0.0291818846017122,0.0385433733463287
1,rnn,layers_1,mackey_1000,4,0.001,,8,8,140,64,0.0371134616434574,0.0393206924200058,0.1572147458791732,0.1657574623823166,0.5441500544548035,0.6454708576202393,97,709,13.68,0.0486880633980035,0.0508454702794551,0.0418442301452159
1,rnn,layers_1,mackey_1000,4,0.001,,8,16,1,64,4.829768386116484e-06,4.755068857775768e-06,0.0017651591915637,0.0017545880982652,0.9999552965164183,0.9999634623527528,97,1572,49.9,0.0021473697386682,0.0027920703869313,0.0018306769197806
1,rnn,layers_1,mackey_1000,4,0.001,,8,16,70,64,0.023449707776308,0.0152264675125479,0.117477111518383,0.0969233512878418,0.7598111629486084,0.8797674179077148,97,1205,36.9,0.0276373537878195,0.0263241957873106,0.0356015898287296
1,rnn,layers_1,mackey_1000,4,0.001,,8,16,140,64,0.0284391995519399,0.0204338710755109,0.1436473727226257,0.1155048906803131,0.6800935864448547,0.8384214639663696,97,1772,46.01,0.0539123793132603,0.0567631348967552,0.0488187931478023
1,rnn,layers_2,mackey_1000,4,0.001,,8,4,1,64,1.2473392416723073e-05,1.416416580468649e-05,0.0027344927657395,0.002938161836937,0.9998863339424132,0.999891757965088,241,1095,31.26,0.0009450088313315,0.0010674215154722,0.0007820465834811
1,rnn,layers_2,mackey_1000,4,0.001,,8,4,70,64,0.0332717411220073,0.0249246079474687,0.1394785344600677,0.1224519684910774,0.6362701654434204,0.7987295985221863,241,1065,27.37,0.0393247082829475,0.0339275300502777,0.0429639294743537
1,rnn,layers_2,mackey_1000,4,0.001,,8,4,140,64,0.0400825254619121,0.0432266406714916,0.1549553722143173,0.1651137471199035,0.483479231595993,0.6098383665084839,241,690,17.56,0.0545367834468682,0.0658978447318077,0.0518103316426277
1,rnn,layers_2,mackey_1000,4,0.001,,8,8,1,64,1.6078058251878247e-05,2.0424586182343774e-05,0.0032838732004165,0.0037283627316355,0.9998499751091005,0.999843418598175,241,1088,39.65,0.0011097209411673,0.0013707916950806,0.000962289283052
1,rnn,layers_2,mackey_1000,4,0.001,,8,8,70,64,0.0168027803301811,0.018092731013894,0.1012891232967376,0.1091349348425865,0.8345518112182617,0.854892373085022,241,1145,37.44,0.0310563589963648,0.0282208584249019,0.0361352935433387
1,rnn,layers_2,mackey_1000,4,0.001,,8,8,140,64,0.0331968702375888,0.0402732752263546,0.1484382301568985,0.1663175076246261,0.6001996397972107,0.636445164680481,241,583,17.53,0.05571297602728,0.0608230158686637,0.0504456497728824
1,rnn,layers_2,mackey_1000,4,0.001,,8,16,1,64,3.437186705923523e-06,5.4869719861017074e-06,0.0014893498737365,0.0017840954242274,0.9999675154685974,0.9999586939811708,241,1218,65.4,0.0014578387490473,0.001602875534445,0.0012745785061269
1,rnn,layers_2,mackey_1000,4,0.001,,8,16,70,64,0.0047084121033549,0.0060520055703818,0.0519308149814605,0.0593726001679897,0.9604066014289856,0.952950954437256,241,2007,94.01,0.026476117885775,0.0262193623930215,0.0349172465503215
1,rnn,layers_2,mackey_1000,4,0.001,,8,16,140,64,0.0301595497876405,0.0234184805303812,0.1401468813419342,0.1173354163765907,0.6848593354225159,0.8216728568077087,241,1062,44.47,0.0563417626544833,0.0603420995175838,0.0513784885406494
1,rnn,layers_3,mackey_1000,4,0.001,,8,4,1,64,8.442177204415202e-06,1.0023532013292424e-05,0.0022259103134274,0.0024481725413352,0.9999288320541382,0.9999253153800964,385,948,34.77,0.000387309025973,0.0004377387231215,0.0002999591524712
1,rnn,layers_3,mackey_1000,4,0.001,,8,4,70,64,0.034371793270111,0.0240353103727102,0.1406178623437881,0.1188961118459701,0.6310492157936096,0.8078421950340271,385,565,18.72,0.0353423189371824,0.0313182026147842,0.0387931056320667
1,rnn,layers_3,mackey_1000,4,0.001,,8,4,140,64,0.0387762375175952,0.0424067787826061,0.1576659977436065,0.1659363955259323,0.5046572685241699,0.612049400806427,385,536,24.49,0.0527109965268108,0.06379085034132,0.049676701426506
1,rnn,layers_3,mackey_1000,4,0.001,,8,8,1,64,5.219237664277898e-06,6.832639883214142e-06,0.0018737249774858,0.0021356388460844,0.9999526739120485,0.9999489784240724,385,1082,52.57,0.0005169317126274,0.0005726212984882,0.0004141918616369
1,rnn,layers_3,mackey_1000,4,0.001,,8,8,70,64,0.017670938745141,0.0159600060433149,0.1028602570295333,0.0971952527761459,0.8254858255386353,0.8787475228309631,385,980,43.56,0.0296889727728234,0.0275435447692871,0.0343900360167026
1,rnn,layers_3,mackey_1000,4,0.001,,8,8,140,64,0.0156947765499353,0.0260952226817607,0.1016990467905998,0.1322809159755706,0.8392406702041626,0.779159665107727,385,1765,69.71,0.0409728870727121,0.0421363376080989,0.0371241271495819
1,rnn,layers_3,mackey_1000,4,0.001,,8,16,1,64,1.3449097195916693e-06,1.832568727877515e-06,0.0008897787192836,0.0010363992769271,0.9999879002571106,0.9999858736991882,385,1189,84.36,0.000772321462864,0.0008692053961567,0.0005632122047245
1,rnn,layers_3,mackey_1000,4,0.001,,8,16,70,64,0.001526063773781,0.0010842172196134,0.0266518779098987,0.0238377507776021,0.9869354963302612,0.9923200011253356,385,2571,165.09,0.0259354352537128,0.0251107402145862,0.0352865532040596
1,rnn,layers_3,mackey_1000,4,0.001,,8,16,140,64,0.0191806219518184,0.0167937707155942,0.1099721118807792,0.1064522564411163,0.8088314533233643,0.8721814751625061,385,846,69.25,0.0371763310395181,0.0414181537926197,0.0303842518478631
1,rnn,layers_1,mackey_1000,4,0.001,,16,4,1,64,1.786736356734764e-05,1.6631242033327e-05,0.0033555175177752,0.0032473811879754,0.9998407363891602,0.9998722076416016,321,1350,27.03,0.0004309411160647,0.0004631597548723,0.0003882790333591
1,rnn,layers_1,mackey_1000,4,0.001,,16,4,70,64,0.0337909869849681,0.0246605724096298,0.1398987919092178,0.1219233945012092,0.6340723037719727,0.798687756061554,321,890,16.72,0.0377360184987386,0.0326524972915649,0.0409230403602123
1,rnn,layers_1,mackey_1000,4,0.001,,16,4,140,64,0.0390350818634033,0.0425335317850112,0.1587603092193603,0.1660715043544769,0.4984876215457916,0.6126942038536072,321,647,11.66,0.0521199258251322,0.0631617307662963,0.0492846742272377
1,rnn,layers_1,mackey_1000,4,0.001,,16,8,1,64,5.700525434804149e-06,6.590050361410249e-06,0.0019016570877283,0.0020944350399076,0.9999467134475708,0.99994957447052,321,1966,48.57,0.000814947579056,0.0008847144781611,0.0007250537164509
1,rnn,layers_1,mackey_1000,4,0.001,,16,8,70,64,0.0332533158361911,0.0224013999104499,0.1412866115570068,0.1188250407576561,0.6376858949661255,0.8233742117881775,321,840,18.64,0.0308222091860241,0.0286988280713558,0.0352913327515125
1,rnn,layers_1,mackey_1000,4,0.001,,16,8,140,64,0.0286340769380331,0.0269525367766618,0.1368957459926605,0.1337659209966659,0.6874197125434875,0.7712587118148804,321,1370,27.53,0.0563264368101954,0.062449611723423,0.0506513714790344
1,rnn,layers_1,mackey_1000,4,0.001,,16,16,1,64,3.841169473162154e-06,5.524510925170034e-06,0.0015522815519943,0.001838770112954,0.9999648332595824,0.9999575018882751,321,1641,54.45,0.000867510982789,0.000891018717084,0.0007749796495772
1,rnn,layers_1,mackey_1000,4,0.001,,16,16,70,64,0.0281541962176561,0.015806745737791,0.1304501742124557,0.1013399884104728,0.704456090927124,0.8722928166389465,321,854,25.2,0.0267431792906589,0.027086429297924,0.0340432561933994
1,rnn,layers_1,mackey_1000,4,0.001,,16,16,140,64,0.0283195171505212,0.0202296860516071,0.1388602554798126,0.1143997460603714,0.6928547024726868,0.839952826499939,321,847,22.38,0.0569161241874098,0.0614332631230354,0.0519774779677391
1,rnn,layers_2,mackey_1000,4,0.001,,16,4,1,64,9.674223292677198e-06,1.0682879292289726e-05,0.0023767666425555,0.0025386430788785,0.9999128580093384,0.9999182820320128,865,827,24.59,0.0002554812759626,0.0002991753281094,0.0002338171325391
1,rnn,layers_2,mackey_1000,4,0.001,,16,4,70,64,0.0320579633116722,0.0240702498704195,0.1373040974140167,0.1207199096679687,0.655991792678833,0.8052693009376526,865,754,19.64,0.0334103887693749,0.0307880472391843,0.035272017121315
1,rnn,layers_2,mackey_1000,4,0.001,,16,4,140,64,0.0376485548913478,0.042849525809288,0.155571699142456,0.1662293225526809,0.5207940340042114,0.6078569889068604,865,513,13.51,0.0493657125367058,0.0604760535061359,0.0475319549441337
1,rnn,layers_2,mackey_1000,4,0.001,,16,8,1,64,4.042849013785599e-06,5.091087132313987e-06,0.001605967641808,0.001805763458833,0.9999633431434632,0.9999607801437378,865,1082,41.24,0.0003164596579154,0.0003132547426503,0.0002817793283611
1,rnn,layers_2,mackey_1000,4,0.001,,16,8,70,64,0.0143395885825157,0.0129182739183306,0.0915650203824043,0.0844795778393745,0.8599057197570801,0.8990815281867981,865,1292,43.36,0.0304467336585124,0.0287327095866203,0.0339525192975997
1,rnn,layers_2,mackey_1000,4,0.001,,16,8,140,64,0.0296694599092006,0.0281194131821393,0.1399902105331421,0.132678285241127,0.6602473855018616,0.7610448002815247,865,798,33.01,0.0390722299925982,0.0430228896439075,0.0350868701934814
1,rnn,layers_2,mackey_1000,4,0.001,,16,16,1,64,2.3256970962393098e-06,2.9749726309091784e-06,0.0012657231418415,0.0013749287463724,0.9999787211418152,0.9999771118164062,865,1166,87.23,0.000359316325921,0.0003435512771829,0.0003042753087356
1,rnn,layers_2,mackey_1000,4,0.001,,16,16,70,64,0.0023659449070692,0.0020549874752759,0.0374156832695007,0.0360780507326126,0.9781118035316468,0.9857381582260132,865,1872,94.3,0.0261774949936403,0.025722000747919,0.0347413718700408
1,rnn,layers_2,mackey_1000,4,0.001,,16,16,140,64,0.021784333512187,0.0200255457311868,0.1208575069904327,0.1108197346329689,0.7706552743911743,0.8494553565979004,865,615,27.35,0.0375504312105476,0.0421028360724449,0.0282773002982139
1,rnn,layers_3,mackey_1000,4,0.001,,16,4,1,64,1.1611194167926442e-05,1.3871505871065892e-05,0.0025611259043216,0.0029109979514032,0.999904990196228,0.9998947978019714,1409,663,24.77,0.0002469466387992,0.0003034545225091,0.0002353081363253
1,rnn,layers_3,mackey_1000,4,0.001,,16,4,70,64,0.0349754951894283,0.0237459726631641,0.1425243020057678,0.1194885075092315,0.6263487339019775,0.8059991598129272,1409,525,18.35,0.0329234397245778,0.0309285912662744,0.0350672453641891
1,rnn,layers_3,mackey_1000,4,0.001,,16,4,140,64,0.0387637466192245,0.0426411889493465,0.1599446833133697,0.1668619364500045,0.510091245174408,0.607768714427948,1409,483,16.19,0.0453485887394183,0.0545184202492237,0.0438070558011531
1,rnn,layers_3,mackey_1000,4,0.001,,16,8,1,64,3.936395387427183e-06,5.576350758929038e-06,0.0015989313833415,0.0018783542327582,0.999967634677887,0.9999573826789856,1409,949,49.76,0.0002642954117618,0.0002347964473301,0.0002017665392486
1,rnn,layers_3,mackey_1000,4,0.001,,16,8,70,64,0.007770056836307,0.0067820632830262,0.0631523504853248,0.0593704208731651,0.9319700002670288,0.9475447535514832,1409,1907,120.44,0.0295226515995131,0.0274573750793933,0.0332663208246231
1,rnn,layers_3,mackey_1000,4,0.001,,16,8,140,64,0.0164723899215459,0.0246236529201269,0.1034508645534515,0.1213259175419807,0.8317649960517883,0.7931767106056213,1409,751,31.38,0.038419087883085,0.0414074584841728,0.0352285802364349
1,rnn,layers_3,mackey_1000,4,0.001,,16,16,1,64,2.308683406226919e-06,4.248093773639994e-06,0.0011947833700105,0.0015362671110779,0.999979853630066,0.9999683499336244,1409,960,73.16,0.0002345894870813,0.0002291187556693,0.000190007747733
1,rnn,layers_3,mackey_1000,4,0.001,,16,16,70,64,0.0015464697498828,0.0012064471375197,0.0313344001770019,0.0271411873400211,0.9869970679283142,0.9909285306930542,1409,1141,80.25,0.0258705491820971,0.0256973952054977,0.0341281853616237
1,rnn,layers_3,mackey_1000,4,0.001,,16,16,140,64,0.0267230384051799,0.0171043034642934,0.1394974291324615,0.106265939772129,0.710804283618927,0.8692547678947449,1409,534,33.82,0.0383139131590724,0.043193157762289,0.0270816497504711
1,rnn,layers_1,mackey_1000,4,0.001,,32,4,1,64,1.5681791410315782e-05,1.6186011634999886e-05,0.0031199806835502,0.0032294562552124,0.9998510479927064,0.999877154827118,1153,1188,24.64,0.0003287811457994,0.0003675490734167,0.0003136874001938
1,rnn,layers_1,mackey_1000,4,0.001,,32,4,70,64,0.03412427008152,0.0241575129330158,0.1403459012508392,0.1195136904716491,0.6293017268180847,0.8057547807693481,1153,852,16.52,0.0341966332246859,0.0311752595007419,0.03606578707695
1,rnn,layers_1,mackey_1000,4,0.001,,32,4,140,64,0.0405758582055568,0.0426288396120071,0.1546249389648437,0.1632316261529922,0.484634131193161,0.6157435178756714,1153,597,11.37,0.0447142524127331,0.0546200275421142,0.0416357070207595
1,rnn,layers_1,mackey_1000,4,0.001,,32,8,1,64,4.3776267375506e-06,5.303901616571238e-06,0.0016538363415747,0.0018883657176047,0.9999618530273438,0.9999600648880004,1153,1437,38.31,0.0005442033230792,0.0005550620844587,0.0004850002296734
1,rnn,layers_1,mackey_1000,4,0.001,,32,8,70,64,0.0175805576145648,0.0157371051609516,0.1038129478693008,0.0997032597661018,0.8250137567520142,0.8818932175636292,1153,1241,29.52,0.0310415509674284,0.0297191143035888,0.0343761593103408
1,rnn,layers_1,mackey_1000,4,0.001,,32,8,140,64,0.0210123360157012,0.0269441455602645,0.1193531230092048,0.1323281675577163,0.7739843130111694,0.7713860273361206,1153,1089,22.89,0.0387874688021838,0.0403866358101367,0.0362491682171821
1,rnn,layers_1,mackey_1000,4,0.001,,32,16,1,64,5.637681624648394e-06,7.0918986239121296e-06,0.0019301439169794,0.002128176158294,0.9999473690986632,0.9999459385871888,1153,991,35.39,0.0005729811382479,0.0005642257165163,0.000495936605148
1,rnn,layers_1,mackey_1000,4,0.001,,32,16,70,64,0.0043524620123207,0.0038478628266602,0.0472415089607238,0.0487764179706573,0.9601848125457764,0.973073422908783,1153,1148,55.58,0.0263142854803138,0.025157731026411,0.0352990366518497
1,rnn,layers_1,mackey_1000,4,0.001,,32,16,140,64,0.0196791421622037,0.0195271391421556,0.1096963286399841,0.1141762509942054,0.794792890548706,0.841602087020874,1153,528,15.33,0.0358454454690218,0.0405451133847236,0.0285683181136846
1,rnn,layers_2,mackey_1000,4,0.001,,32,4,1,64,1.4340329471451696e-05,1.4232436114980374e-05,0.0029348011594265,0.0029811235144734,0.9998754858970642,0.9998915195465088,3265,686,21.26,0.0003465136047452,0.0003064985503442,0.000254272861639
1,rnn,layers_2,mackey_1000,4,0.001,,32,4,70,64,0.0337098650634288,0.0229115597903728,0.1391608566045761,0.1161013543605804,0.6663947105407715,0.8103485107421875,3265,493,13.75,0.031230478030112,0.0312489848583936,0.0331685915589332
1,rnn,layers_2,mackey_1000,4,0.001,,32,4,140,64,0.0388124249875545,0.0431487374007701,0.1539636254310608,0.1635027974843979,0.5182003974914551,0.6043720245361328,3265,452,12.95,0.0405887128630032,0.0468972958624362,0.0379817634820938
1,rnn,layers_2,mackey_1000,4,0.001,,32,8,1,64,4.115143383387476e-06,4.469493887881981e-06,0.0016110162250697,0.0016978305066004,0.9999667406082152,0.9999674558639526,3265,989,40.57,0.0004465504200197,0.0003219811187591,0.0003004611062351
1,rnn,layers_2,mackey_1000,4,0.001,,32,8,70,64,0.0034184118267148,0.0039750817231833,0.0453443638980388,0.0505398474633693,0.969031810760498,0.970242202281952,3265,2060,75.8,0.0299022663384675,0.0286069922149181,0.0340607427060604
1,rnn,layers_2,mackey_1000,4,0.001,,32,8,140,64,0.0154482889920473,0.0230579059571027,0.0976916328072547,0.1233275458216667,0.8471397757530212,0.8086110353469849,3265,866,28.85,0.0384578956291079,0.0418916270136833,0.034940768033266
1,rnn,layers_2,mackey_1000,4,0.001,,32,16,1,64,4.49241360911401e-06,6.155982646305347e-06,0.0017272823024541,0.0019495078595355,0.999958336353302,0.9999529719352722,3265,684,41.36,0.0002613396922242,0.0002344774839002,0.0002115699171554
1,rnn,layers_2,mackey_1000,4,0.001,,32,16,70,64,0.0009478014544583,0.0010507478145882,0.0242123156785964,0.0258473120629787,0.9914366602897644,0.9927165508270264,3265,1429,81.26,0.0279736129773987,0.0252720043063163,0.0396764352917671
1,rnn,layers_2,mackey_1000,4,0.001,,32,16,140,64,0.0221324320882558,0.0181184317916631,0.1258733719587326,0.1060283109545707,0.7623732089996338,0.853888750076294,3265,535,26.38,0.0368844917975366,0.0376447774469852,0.0297071207314729
1,rnn,layers_3,mackey_1000,4,0.001,,32,4,1,64,1.1299155630695168e-05,1.1925774742849171e-05,0.0025767153128981,0.0027112290263175,0.999907374382019,0.9999094009399414,5377,627,25.06,0.0002624658460263,0.0004267666081432,0.0003581274067983
1,rnn,layers_3,mackey_1000,4,0.001,,32,4,70,64,0.027407020330429,0.0208163727074861,0.1252790689468383,0.1104509830474853,0.7161039113998413,0.8353005647659302,5377,463,16.99,0.0294528328296211,0.029362678527832,0.0317065939307212
1,rnn,layers_3,mackey_1000,4,0.001,,32,4,140,64,0.040367592126131,0.0433464720845222,0.1564738601446151,0.1649695336818695,0.5085276365280151,0.6043214201927185,5377,451,16.17,0.039097887734796,0.0447094328701496,0.0361120328307151
1,rnn,layers_3,mackey_1000,4,0.001,,32,8,1,64,4.788401383848395e-06,5.540179699892178e-06,0.0017089241882786,0.0018476184923201,0.9999630451202391,0.9999577403068542,5377,718,39.47,0.0002030327945249,0.0001909247803268,0.0001700755819911
1,rnn,layers_3,mackey_1000,4,0.001,,32,8,70,64,0.0028703554999083,0.0029419404454529,0.039827387779951,0.0424846708774566,0.9743633270263672,0.978155791759491,5377,1723,87.55,0.0285703999300797,0.0269472617655992,0.0342551507055759
1,rnn,layers_3,mackey_1000,4,0.001,,32,8,140,64,0.0190306175500154,0.0241618268191814,0.1072304248809814,0.130334734916687,0.8053008913993835,0.7963615655899048,5377,677,30.81,0.0381499056238681,0.0421269983053207,0.0347507186233997
1,rnn,layers_3,mackey_1000,4,0.001,,32,16,1,64,2.784463276839233e-06,3.785429726121947e-06,0.0013195744249969,0.001551816589199,0.9999781847000122,0.9999715089797974,5377,628,74.15,0.0001859859723481,0.0002021911932388,0.0001744176406646
1,rnn,layers_3,mackey_1000,4,0.001,,32,16,70,64,0.0008201505406759,0.0007046927930787,0.0209448672831058,0.0206616707146167,0.9926271438598632,0.9949958324432372,5377,1098,152.85,0.0272474552815159,0.0255575813353061,0.0377936922013759
1,rnn,layers_3,mackey_1000,4,0.001,,32,16,140,64,0.0157588925212621,0.0196422357112169,0.0937067419290542,0.1078556329011917,0.8378898501396179,0.8376862406730652,5377,491,34.5,0.0324811465106904,0.0336913801729679,0.0283054113388061
1,rnn,layers_1,mackey_1000,5,0.001,,8,4,1,64,1.1730661753972528e-05,1.3638545169669667e-05,0.0026439593639224,0.0028960099443793,0.9998914003372192,0.999896228313446,97,1753,36.71,0.0038970145396888,0.0039520072750747,0.0033275806345045
1,rnn,layers_1,mackey_1000,5,0.001,,8,4,70,64,0.0327011831104755,0.0245444476604461,0.1367730945348739,0.1208852082490921,0.6472557783126831,0.8007816672325134,97,1147,21.74,0.0407662228163745,0.0338626615703105,0.0437206104397773
1,rnn,layers_1,mackey_1000,5,0.001,,8,4,140,64,0.0386042259633541,0.0432694070041179,0.1574185788631439,0.1683993488550186,0.5004966259002686,0.61055988073349,97,962,22.13,0.0650048442184925,0.0666950047016143,0.0534405931830406
1,rnn,layers_1,mackey_1000,5,0.001,,8,8,1,64,4.544182957033627e-06,5.3496492000704166e-06,0.0017063186969608,0.0018169118557125,0.999957263469696,0.9999591708183287,97,2135,50.94,0.0012454516254365,0.001490703318268,0.0011419001966714
1,rnn,layers_1,mackey_1000,5,0.001,,8,8,70,64,0.0342340916395187,0.0230594426393508,0.1433037370443344,0.1218676790595054,0.6263326406478882,0.8155395984649658,97,922,19.7,0.0359205870578686,0.0287621226161718,0.0430321283638477
1,rnn,layers_1,mackey_1000,5,0.001,,8,8,140,64,0.0324613489210605,0.0371119230985641,0.1441240310668945,0.1591955423355102,0.618263304233551,0.6797236800193787,97,1447,28.15,0.0587476496584713,0.0652746632695198,0.0543162822723388
1,rnn,layers_1,mackey_1000,5,0.001,,8,16,1,64,6.055156973161502e-06,8.00760699348757e-06,0.0019488859688863,0.0022614013869315,0.9999457597732544,0.99993896484375,97,2054,67.87,0.0014963563531637,0.001679848995991,0.001388118835166
1,rnn,layers_1,mackey_1000,5,0.001,,8,16,70,64,0.021241532638669,0.0137280104681849,0.1121108084917068,0.0971716493368148,0.7771205902099609,0.8894471526145935,97,1111,33.47,0.0289807437608639,0.0248552933335304,0.0384866371750831
1,rnn,layers_1,mackey_1000,5,0.001,,8,16,140,64,0.0301266368478536,0.0183987934142351,0.1443060934543609,0.1147533878684043,0.6698017716407776,0.8591144680976868,97,1355,35.62,0.0592306856997311,0.0639421641826629,0.0550721064209938
1,rnn,layers_2,mackey_1000,5,0.001,,8,4,1,64,9.41996131587075e-06,1.1147425539093092e-05,0.0023308403324335,0.0025659687817096,0.9999166131019592,0.9999180436134338,241,915,26.75,0.0002404419879894,0.0002468020829837,0.0001983849797397
1,rnn,layers_2,mackey_1000,5,0.001,,8,4,70,64,0.0343547314405441,0.0243745911866426,0.1436272859573364,0.1227559670805931,0.6231703758239746,0.8059974908828735,241,580,15.15,0.0357745562990506,0.033558115363121,0.0360632538795471
1,rnn,layers_2,mackey_1000,5,0.001,,8,4,140,64,0.0405875109136104,0.0431321300566196,0.158134639263153,0.1652953475713729,0.4765286147594452,0.6080570220947266,241,493,12.57,0.0582392658624384,0.0496060848236084,0.0378744266927242
1,rnn,layers_2,mackey_1000,5,0.001,,8,8,1,64,3.520853397276369e-06,4.085716227564262e-06,0.0014830318978056,0.0016030711121857,0.9999706149101256,0.9999685883522034,241,1091,40.15,0.0003136046841973,0.000304052256979,0.0002574777754489
1,rnn,layers_2,mackey_1000,5,0.001,,8,8,70,64,0.0217485018074512,0.0191284231841564,0.1194759681820869,0.111129529774189,0.7857381701469421,0.8449727892875671,241,790,26.5,0.0309691950678825,0.0279534440487623,0.0352689735591411
1,rnn,layers_2,mackey_1000,5,0.001,,8,8,140,64,0.025698347017169,0.0351004861295223,0.1344151943922042,0.1536264717578888,0.7144928574562073,0.7028928399085999,241,957,28.97,0.0363492183387279,0.0414720922708511,0.0323836989700794
1,rnn,layers_2,mackey_1000,5,0.001,,8,16,1,64,2.57596457231557e-06,3.91381217923481e-06,0.0012815473601222,0.0015525226481258,0.999976634979248,0.9999697804450988,241,1107,56.98,0.0002158389135729,0.000224853050895,0.0001830893597798
1,rnn,layers_2,mackey_1000,5,0.001,,8,16,70,64,0.0048099597916007,0.0050475033931434,0.0489007495343685,0.0508458390831947,0.9585576057434082,0.9637678861618042,241,2603,123.39,0.0273013642678658,0.0251825079321861,0.0358248203992843
1,rnn,layers_2,mackey_1000,5,0.001,,8,16,140,64,0.0348202735185623,0.0182543694972991,0.1464871168136596,0.111107513308525,0.6337982416152954,0.8529713749885559,241,1165,48.71,0.0361944299656897,0.0393252372741699,0.0268702339380979
1,rnn,layers_3,mackey_1000,5,0.001,,8,4,1,64,1.077946672012331e-05,1.4767049833608326e-05,0.0025144587270915,0.0029707988724112,0.9999054670333862,0.9998887181282043,385,848,30.72,0.0003262464757426,0.0004008937976323,0.0002523796574678
1,rnn,layers_3,mackey_1000,5,0.001,,8,4,70,64,0.0314360819756984,0.0217344034463167,0.1359504461288452,0.1160084158182144,0.6745631694793701,0.8241831064224243,385,903,29.84,0.035151739915212,0.0303353443741798,0.037506740540266
1,rnn,layers_3,mackey_1000,5,0.001,,8,4,140,64,0.038515418767929,0.0435293316841125,0.1574534773826599,0.1694083958864212,0.5027636289596558,0.6051562428474426,385,588,19.39,0.064059346086449,0.0630549490451812,0.0510630719363689
1,rnn,layers_3,mackey_1000,5,0.001,,8,8,1,64,3.290199629191193e-06,4.895897291135043e-06,0.0013981243828311,0.0017869432922452,0.999971568584442,0.9999626278877258,385,1137,55.09,0.0003853421017993,0.0004257162800058,0.0003049529914278
1,rnn,layers_3,mackey_1000,5,0.001,,8,8,70,64,0.0254254564642906,0.0178063511848449,0.123468779027462,0.1067599132657051,0.7638365626335144,0.8594956994056702,385,644,28.66,0.0295868209666676,0.0268410705029964,0.0357430391013622
1,rnn,layers_3,mackey_1000,5,0.001,,8,8,140,64,0.0225451532751321,0.0234667155891656,0.1224682480096817,0.1194609925150871,0.7503584027290344,0.8042786717414856,385,1584,63.42,0.0393529122229665,0.0415404327213764,0.0381328836083412
1,rnn,layers_3,mackey_1000,5,0.001,,8,16,1,64,2.959242920042016e-06,4.932537194690667e-06,0.0014203613391146,0.0017242036992684,0.9999722242355348,0.9999625086784364,385,1019,73.48,0.0003296831157058,0.0003663618699647,0.0002243044436909
1,rnn,layers_3,mackey_1000,5,0.001,,8,16,70,64,0.0048726722598075,0.0036135355476289,0.0517554655671119,0.0482361391186714,0.9582131505012512,0.9749563932418824,385,1373,91.87,0.0269933429857095,0.0264174100011587,0.0341659300029277
1,rnn,layers_3,mackey_1000,5,0.001,,8,16,140,64,0.0262357667088508,0.0192180424928665,0.1316006928682327,0.1091243103146553,0.7080615162849426,0.8527517318725586,385,541,31.39,0.0367410827893763,0.0415495485067367,0.0293047688901424
1,rnn,layers_1,mackey_1000,5,0.001,,16,4,1,64,1.5355879440903664e-05,1.697267907729838e-05,0.00308942142874,0.0033057688269764,0.9998536705970764,0.9998732805252076,321,1322,26.86,0.0009762625151779,0.0009912634268403,0.0008380023064091
1,rnn,layers_1,mackey_1000,5,0.001,,16,4,70,64,0.033719815313816,0.0245869662612676,0.1398995071649551,0.1210578307509422,0.6322810649871826,0.8012552261352539,321,756,13.81,0.0363397354053126,0.0309882294386625,0.0389203503727912
1,rnn,layers_1,mackey_1000,5,0.001,,16,4,140,64,0.0389886125922203,0.0425168424844741,0.1563400775194168,0.1657051891088485,0.4960803687572479,0.6164243817329407,321,650,12.24,0.0670945321520169,0.0640560165047645,0.0491644516587257
1,rnn,layers_1,mackey_1000,5,0.001,,16,8,1,64,4.034161520394264e-06,4.576240371534368e-06,0.0015852054348215,0.0017303167842328,0.9999646544456482,0.999965250492096,321,1887,46.12,0.0010117896483279,0.0010815903078764,0.0009004349121823
1,rnn,layers_1,mackey_1000,5,0.001,,16,8,70,64,0.0190687794238328,0.0168097764253616,0.1089994311332702,0.1030156910419464,0.8067824244499207,0.8722192049026489,321,1690,38.33,0.0311856793446673,0.028264582157135,0.0360643230378627
1,rnn,layers_1,mackey_1000,5,0.001,,16,8,140,64,0.0190186612308025,0.0264886431396007,0.1133421063423156,0.1338057070970535,0.7964022755622864,0.775756299495697,321,1617,32.18,0.0482688983902335,0.0484397001564502,0.0410776771605014
1,rnn,layers_1,mackey_1000,5,0.001,,16,16,1,64,1.554293476146995e-06,2.050472176051698e-06,0.0010330429067835,0.001144592417404,0.999987006187439,0.9999851584434508,321,1777,58.25,0.0011221227236092,0.0012183366343379,0.0010701031424105
1,rnn,layers_1,mackey_1000,5,0.001,,16,16,70,64,0.0212305784225463,0.0165108870714902,0.1154733598232269,0.1051776260137558,0.7802408933639526,0.865455687046051,321,543,16.23,0.0269821729097101,0.0252444837242364,0.0352789163589477
1,rnn,layers_1,mackey_1000,5,0.001,,16,16,140,64,0.0215344820171594,0.0176832862198352,0.1140050143003463,0.1100457981228828,0.7785277366638184,0.8626887798309326,321,721,20.92,0.0390729035716503,0.0438451506197452,0.0259696692228317
1,rnn,layers_2,mackey_1000,5,0.001,,16,4,1,64,1.0634298632794524e-05,1.1464481758594047e-05,0.0025010504759848,0.0026234784163534,0.9999035000801086,0.9999118447303772,865,832,24.84,0.0002790693324641,0.0002915473887696,0.0002259381435578
1,rnn,layers_2,mackey_1000,5,0.001,,16,4,70,64,0.0318003520369529,0.024565340951085,0.1378703415393829,0.1222241669893264,0.655558705329895,0.8013318777084351,865,628,16.42,0.0347203612327575,0.0319562591612339,0.0350049994885921
1,rnn,layers_2,mackey_1000,5,0.001,,16,4,140,64,0.0379137881100177,0.0432728119194507,0.1566029787063598,0.1679298728704452,0.5156656503677368,0.603001058101654,865,519,13.8,0.0670088513029946,0.0590641610324382,0.0454095862805843
1,rnn,layers_2,mackey_1000,5,0.001,,16,8,1,64,4.39500217908062e-06,4.692251877713716e-06,0.001670828089118,0.0017546095186844,0.9999651908874512,0.9999653697013856,865,1080,41.66,0.0003451200609561,0.0003334021312184,0.0002910352195613
1,rnn,layers_2,mackey_1000,5,0.001,,16,8,70,64,0.0038126655854284,0.0045638987794518,0.0491319485008716,0.0533707439899444,0.97042715549469,0.9649953246116638,865,2993,102.86,0.0302808537251419,0.0272001028060913,0.0341118872165679
1,rnn,layers_2,mackey_1000,5,0.001,,16,8,140,64,0.0215165596455335,0.0255917496979236,0.1166990399360656,0.1293764561414718,0.7732225060462952,0.7864456176757812,865,1016,31.35,0.0397100164555013,0.0431104525923728,0.0358629077672958
1,rnn,layers_2,mackey_1000,5,0.001,,16,16,1,64,2.0296195089031244e-06,2.686824927877751e-06,0.0011643356410786,0.0013383353361859,0.999982476234436,0.9999796748161316,865,1062,57.03,0.0002828036536811,0.0002855715574696,0.0002638129517436
1,rnn,layers_2,mackey_1000,5,0.001,,16,16,70,64,0.000536058214493,0.0006450908840633,0.0171884167939424,0.0199804939329624,0.9951379299163818,0.9955410361289978,865,2695,132.86,0.0259739282644457,0.0243657603859901,0.0342824570834636
1,rnn,layers_2,mackey_1000,5,0.001,,16,16,140,64,0.0258013177663087,0.0193570926785469,0.135685458779335,0.1104377284646034,0.7132097482681274,0.8447597026824951,865,571,25.18,0.0379001919645816,0.0425125956535339,0.0278239790350198
1,rnn,layers_3,mackey_1000,5,0.001,,16,4,1,64,1.0126077540917322e-05,1.422704281139886e-05,0.0024194919969886,0.0029142091516405,0.9999087452888488,0.999890923500061,1409,778,29.72,0.0003607755730627,0.0003944928175769,0.0003076027205679
1,rnn,layers_3,mackey_1000,5,0.001,,16,4,70,64,0.0343970693647861,0.0238679833710193,0.1405325382947921,0.1184420734643936,0.6294621825218201,0.8079673051834106,1409,501,18.1,0.0321302583648098,0.0285679921507835,0.034366812556982
1,rnn,layers_3,mackey_1000,5,0.001,,16,4,140,64,0.0352981425821781,0.0432292968034744,0.1432279050350189,0.1633802652359008,0.5650787949562073,0.6030115485191345,1409,515,17.36,0.0685588336653179,0.0607291273772716,0.0478557981550693
1,rnn,layers_3,mackey_1000,5,0.001,,16,8,1,64,5.1432434702292085e-06,8.243841875810176e-06,0.0018331492319703,0.0023339726030826,0.9999522566795348,0.9999368786811828,1409,877,46.4,0.000434466486331,0.0004242371942382,0.0003450260264798
1,rnn,layers_3,mackey_1000,5,0.001,,16,8,70,64,0.0027530048973858,0.0042470493353903,0.0421296656131744,0.0528541542589664,0.9746474623680116,0.9674148559570312,1409,2580,120.1,0.0300921098225646,0.0264629181474447,0.0345225855708122
1,rnn,layers_3,mackey_1000,5,0.001,,16,8,140,64,0.0209516640752553,0.0334545709192752,0.1226400509476661,0.1506675481796264,0.775097668170929,0.7062294483184814,1409,775,33.11,0.0385191086679697,0.0444020517170429,0.0371133796870708
1,rnn,layers_3,mackey_1000,5,0.001,,16,16,1,64,3.614895831560716e-06,6.369344191625714e-06,0.0014417035272344,0.0018267191480845,0.9999669790267944,0.9999560117721558,1409,951,72.17,0.0004052756063174,0.000417022005422,0.0003510127426125
1,rnn,layers_3,mackey_1000,5,0.001,,16,16,70,64,0.0008681482286192,0.0010402902262285,0.0218948014080524,0.0257452726364135,0.991901159286499,0.993414342403412,1409,1032,69.69,0.0272057967053519,0.0262942034751176,0.0349571369588375
1,rnn,layers_3,mackey_1000,5,0.001,,16,16,140,64,0.0236671287566423,0.0208245292305946,0.1273932307958603,0.1186008006334304,0.7428663969039917,0.8348371982574463,1409,506,31.7,0.036688819527626,0.0408315099775791,0.0297236610203981
1,rnn,layers_1,mackey_1000,5,0.001,,32,4,1,64,1.6249354302999564e-05,1.7634391042520292e-05,0.0031038150191307,0.0033430699259042,0.9998498558998108,0.9998667240142822,1153,980,21.01,0.0003521007252857,0.00037340898416,0.0003193125303369
1,rnn,layers_1,mackey_1000,5,0.001,,32,4,70,64,0.0351330414414405,0.0240321960300207,0.1425197422504425,0.1202343180775642,0.6274029612541199,0.8033581376075745,1153,671,12.84,0.0350441634654998,0.0338376984000206,0.0352223627269268
1,rnn,layers_1,mackey_1000,5,0.001,,32,4,140,64,0.0394137054681777,0.0429845079779624,0.1567851603031158,0.1660273671150207,0.486939013004303,0.6128376126289368,1153,553,10.42,0.0671914265387588,0.0564081892371177,0.0416984520852565
1,rnn,layers_1,mackey_1000,5,0.001,,32,8,1,64,5.279982815409312e-06,6.061466137907701e-06,0.0018277983181178,0.0019500460475683,0.9999522566795348,0.9999548196792604,1153,1423,37.06,0.0006022899586241,0.0006557304295711,0.0005730850389227
1,rnn,layers_1,mackey_1000,5,0.001,,32,8,70,64,0.0158996731042861,0.0152509389445185,0.0993700176477432,0.0987008735537529,0.8393555283546448,0.8892657160758972,1153,1212,28.44,0.0306978285726573,0.0276347603648901,0.0352790839970111
1,rnn,layers_1,mackey_1000,5,0.001,,32,8,140,64,0.022416116669774,0.0270980224013328,0.124273270368576,0.130680575966835,0.7544735074043274,0.7743078470230103,1153,1030,21.58,0.0403401819057762,0.0419177487492561,0.0369998104870319
1,rnn,layers_1,mackey_1000,5,0.001,,32,16,1,64,6.091906357141852e-07,7.946981668283115e-07,0.0006220762734301,0.0006701214588247,0.9999939799308776,0.999994158744812,1153,1830,65.25,0.000423611770384,0.0003800714330282,0.0003716702922247
1,rnn,layers_1,mackey_1000,5,0.001,,32,16,70,64,0.001284132245928,0.0013459472684189,0.0277618952095508,0.0291759613901376,0.9887233972549438,0.9909493327140808,1153,1665,53.87,0.0273666183153788,0.026908379048109,0.0342294201254844
1,rnn,layers_1,mackey_1000,5,0.001,,32,16,140,64,0.0304204858839511,0.0180506743490695,0.1496010571718216,0.1094733476638794,0.6682255864143372,0.8658719062805176,1153,472,13.71,0.0359562681987881,0.0414464920759201,0.0291991997510194
1,rnn,layers_2,mackey_1000,5,0.001,,32,4,1,64,1.1058335985580923e-05,1.1662876204354689e-05,0.0024938930291682,0.0025664954446256,0.9999114871025084,0.999912440776825,3265,811,33.82,0.0002890554867917,0.0002999534481205,0.0002554076199885
1,rnn,layers_2,mackey_1000,5,0.001,,32,4,70,64,0.0359886139631271,0.0234512332826852,0.1432735323905944,0.1177525669336319,0.6235259175300598,0.8083962202072144,3265,506,14.23,0.0335384278247753,0.0318856090307235,0.0337398275732994
1,rnn,layers_2,mackey_1000,5,0.001,,32,4,140,64,0.0372865572571754,0.0433280915021896,0.156002476811409,0.1673368662595749,0.5254923105239868,0.603956401348114,3265,466,12.97,0.061866102533208,0.0497867129743099,0.0362707115709781
1,rnn,layers_2,mackey_1000,5,0.001,,32,8,1,64,4.8085908019857015e-06,5.632799002341926e-06,0.0017229957738891,0.0018706746632233,0.9999576807022096,0.9999578595161438,3265,808,33.77,0.0003359443915542,0.0003218270721845,0.0002959287376143
1,rnn,layers_2,mackey_1000,5,0.001,,32,8,70,64,0.0033615939319133,0.0054158419370651,0.0428928211331367,0.0579870827496051,0.9695086479187012,0.9583842754364014,3265,2450,92.3,0.0308883544057607,0.0274379719048738,0.0360270217061042
1,rnn,layers_2,mackey_1000,5,0.001,,32,8,140,64,0.0136436652392148,0.0225246176123619,0.0908427685499191,0.118564449250698,0.8603547215461731,0.8165658116340637,3265,857,29.69,0.0400965204462409,0.042698498815298,0.0375133231282234
1,rnn,layers_2,mackey_1000,5,0.001,,32,16,1,64,1.7136951555585256e-06,2.284874426550232e-06,0.0010675584198907,0.0012033092789351,0.9999855756759644,0.9999829530715942,3265,1117,66.62,0.0002696722949622,0.000256464612903,0.000231744867051
1,rnn,layers_2,mackey_1000,5,0.001,,32,16,70,64,0.000391128094634,0.0005453514168038,0.0158129464834928,0.0180446580052375,0.9963147044181824,0.9959698915481568,3265,1457,78.9,0.026174029128419,0.0269345566630363,0.0321213454008102
1,rnn,layers_2,mackey_1000,5,0.001,,32,16,140,64,0.027421174570918,0.0182618908584117,0.1403355598449707,0.1105063259601593,0.7063072919845581,0.8582755327224731,3265,464,23.38,0.0338508093263953,0.0397707149386405,0.029032427817583
1,rnn,layers_3,mackey_1000,5,0.001,,32,4,1,64,9.207397852151187e-06,1.0384655979578383e-05,0.00230314116925,0.0025292851496487,0.9999220967292786,0.9999231100082396,5377,566,22.73,0.0001709551623207,0.0001696007238933,0.0001522742386441
1,rnn,layers_3,mackey_1000,5,0.001,,32,4,70,64,0.0323491394519805,0.0205199159681797,0.1320758759975433,0.1082017868757247,0.7143874168395996,0.8314257264137268,5377,446,16.33,0.0292391263776355,0.0295335296541452,0.0314019434154033
1,rnn,layers_3,mackey_1000,5,0.001,,32,4,140,64,0.0406798645853996,0.0431263111531734,0.1627912372350692,0.1675455868244171,0.4702938795089721,0.6106030941009521,5377,434,15.88,0.0560086261894967,0.0472198911011219,0.0340998731553554
1,rnn,layers_3,mackey_1000,5,0.001,,32,8,1,64,4.114426246815128e-06,5.31961040906026e-06,0.0016148959985002,0.0018150805262848,0.999965488910675,0.9999592900276184,5377,586,47.79,0.0001003213903459,0.0001137409126386,8.917161903809756e-05
1,rnn,layers_3,mackey_1000,5,0.001,,32,8,70,64,0.0024705487303435,0.002925839042291,0.0367620624601841,0.0434216260910034,0.978784203529358,0.9776512384414672,5377,1653,83.41,0.0278675442354546,0.0222633462399244,0.0351890102028846
1,rnn,layers_3,mackey_1000,5,0.001,,32,8,140,64,0.0155243314802646,0.0237816199660301,0.1034761071205139,0.1235009059309959,0.8439429998397827,0.8008919358253479,5377,585,26.71,0.0336426275316625,0.0418459698557853,0.0275554880499839
1,rnn,layers_3,mackey_1000,5,0.001,,32,16,1,64,3.2856744383025216e-06,4.111398084205575e-06,0.0014749284600839,0.0016651415498927,0.9999762773513794,0.999968945980072,5377,565,49.3,0.0001211870578117,0.0001192427007481,0.0001150975513155
1,rnn,layers_3,mackey_1000,5,0.001,,32,16,70,64,0.0006442262092605,0.0006093950942158,0.0204949118196964,0.0196944084018468,0.994026243686676,0.9955511093139648,5377,1093,89.39,0.0133756157010793,0.0141082908958196,0.0144821098074316
1,rnn,layers_3,mackey_1000,5,0.001,,32,16,140,64,0.0233798697590827,0.0165105797350406,0.1253439038991928,0.1044360250234603,0.749046802520752,0.8714691400527954,5377,445,31.1,0.0201129091437906,0.0206763297319412,0.0248873326927423
1,rnn,layers_1,mackey_1000,6,0.001,,8,4,1,64,1.945068288478069e-05,2.0167188267805614e-05,0.0035527136642485,0.0036173260305076,0.9998126029968262,0.9998446702957152,97,1114,22.39,0.0003337751200888,0.0003646477998699,0.0002996588591486
1,rnn,layers_1,mackey_1000,6,0.001,,8,4,70,64,0.0338881649076938,0.0252736397087574,0.1420066654682159,0.1247646361589431,0.6326874494552612,0.793864905834198,97,628,11.53,0.0373629368841648,0.0311130005866289,0.0412602536380291
1,rnn,layers_1,mackey_1000,6,0.001,,8,4,140,64,0.0377838872373104,0.0426374748349189,0.1556594669818878,0.1657195687294006,0.5206223130226135,0.6127550601959229,97,636,11.35,0.0548037441654337,0.0669651478528976,0.0542302578687667
1,rnn,layers_1,mackey_1000,6,0.001,,8,8,1,64,6.832523922639666e-06,7.81647668190999e-06,0.0021437951363623,0.0022443884517997,0.9999343752861024,0.9999404549598694,97,1592,38.31,0.0005762814776971,0.0005762258078902,0.0004978619981557
1,rnn,layers_1,mackey_1000,6,0.001,,8,8,70,64,0.0324416682124137,0.0232564937323331,0.1389615088701248,0.1207589358091354,0.6456971168518066,0.8148388862609863,97,1484,32.14,0.0304332174774673,0.027626384049654,0.035297617316246
1,rnn,layers_1,mackey_1000,6,0.001,,8,8,140,64,0.0250890683382749,0.0287169180810451,0.1279735267162323,0.1338876187801361,0.7285783886909485,0.7555492520332336,97,2632,51.39,0.0390854976139962,0.0433820933103561,0.034254714846611
1,rnn,layers_1,mackey_1000,6,0.001,,8,16,1,64,4.747676030092407e-06,6.21350591245573e-06,0.0017677587457001,0.0019541350193321,0.9999556541442872,0.9999521374702454,97,1553,48.82,0.0003052259140531,0.0002980837307404,0.0002832213067449
1,rnn,layers_1,mackey_1000,6,0.001,,8,16,70,64,0.0051771705038845,0.0064332387410104,0.0547058917582035,0.0623705498874187,0.9526495933532716,0.9506587386131288,97,2965,85.44,0.026245553460386,0.0256150923669338,0.0347195081412792
1,rnn,layers_1,mackey_1000,6,0.001,,8,16,140,64,0.0356655456125736,0.0181699637323617,0.1457189172506332,0.1178038418292999,0.6335591077804565,0.857917070388794,97,1120,29.33,0.0384125565178692,0.0428007915616035,0.0284948833286762
1,rnn,layers_2,mackey_1000,6,0.001,,8,4,1,64,1.1453545084805228e-05,1.405131843057461e-05,0.0025715094525367,0.0029119451064616,0.9999006986618042,0.9998916387557985,241,1099,32.25,0.0048414044082164,0.004797370173037,0.0040271119214594
1,rnn,layers_2,mackey_1000,6,0.001,,8,4,70,64,0.0333853065967559,0.0246271155774593,0.1389374285936355,0.121794044971466,0.6383036971092224,0.8023610711097717,241,1240,32.11,0.0422173829542266,0.0351695902645587,0.0465297289192676
1,rnn,layers_2,mackey_1000,6,0.001,,8,4,140,64,0.0403844602406024,0.0417897514998912,0.1598732471466064,0.164031520485878,0.4811829924583435,0.6188915967941284,241,855,21.91,0.0557338284949461,0.0685360431671142,0.0544729121029377
1,rnn,layers_2,mackey_1000,6,0.001,,8,8,1,64,5.592381057795137e-06,7.826473847671878e-06,0.0019174789777025,0.0023266994394361,0.9999516010284424,0.9999399185180664,241,1440,51.92,0.0029025769094005,0.0030589960515499,0.0025016355793923
1,rnn,layers_2,mackey_1000,6,0.001,,8,8,70,64,0.0349370427429676,0.0232170168310403,0.1432285755872726,0.1208497360348701,0.6289441585540771,0.8116440773010254,241,1048,33.81,0.0379490498453378,0.0332279205322265,0.0437254048883914
1,rnn,layers_2,mackey_1000,6,0.001,,8,8,140,64,0.0346071645617485,0.0407559014856815,0.1519185900688171,0.1670810282230377,0.5772497653961182,0.6237459182739258,241,706,20.76,0.0585532928816974,0.0663782134652137,0.0518028512597084
1,rnn,layers_2,mackey_1000,6,0.001,,8,16,1,64,1.389860017297906e-06,2.199680693593109e-06,0.0009258131030946,0.0011101664276793,0.999988853931427,0.9999833106994628,241,1737,91.73,0.003250052826479,0.0033357969950884,0.0027672848664224
1,rnn,layers_2,mackey_1000,6,0.001,,8,16,70,64,0.0271209254860878,0.0169843211770057,0.1191124022006988,0.0982572436332702,0.7141637206077576,0.8734400272369385,241,1322,63.85,0.0345391157186693,0.0318221822381019,0.0408869124948978
1,rnn,layers_2,mackey_1000,6,0.001,,8,16,140,64,0.0252124965190887,0.0175957717001438,0.1267702728509903,0.1089482381939888,0.7330334186553955,0.8648961186408997,241,1337,58.67,0.0592731367796659,0.0648153498768806,0.0525388605892658
1,rnn,layers_3,mackey_1000,6,0.001,,8,4,1,64,9.70178734860383e-06,1.1691006875480524e-05,0.0023553364444524,0.0026721993926912,0.9999165534973145,0.9999131560325624,385,814,31.34,0.0002915745877544,0.000291110103717,0.0002522584691178
1,rnn,layers_3,mackey_1000,6,0.001,,8,4,70,64,0.0326668918132782,0.0243071988224983,0.1364089846611023,0.1211379095911979,0.6475095152854919,0.8034112453460693,385,686,22.46,0.0329969906144671,0.0288609191775321,0.0352317243814468
1,rnn,layers_3,mackey_1000,6,0.001,,8,4,140,64,0.0410335399210453,0.0433335825800895,0.1572474837303161,0.1660071313381195,0.4812273383140564,0.6041987538337708,385,475,15.87,0.0418001607694249,0.0490655675530433,0.0402966849505901
1,rnn,layers_3,mackey_1000,6,0.001,,8,8,1,64,5.350933861336671e-06,8.005064046301413e-06,0.0018238194752484,0.0022050375118851,0.9999558329582214,0.9999424815177916,385,1139,54.79,0.0003886808059178,0.0003659880312625,0.0002932446368504
1,rnn,layers_3,mackey_1000,6,0.001,,8,8,70,64,0.0248601492494344,0.0178031902760267,0.1213274449110031,0.1064890250563621,0.7468096613883972,0.8599293231964111,385,746,32.44,0.0296536377734608,0.0267480090260505,0.0348992906510829
1,rnn,layers_3,mackey_1000,6,0.001,,8,8,140,64,0.0211558826267719,0.0213118232786655,0.1120614483952522,0.1212124899029731,0.800496518611908,0.8279209136962891,385,1643,66.41,0.0394147927872836,0.041848286986351,0.0352454856038093
1,rnn,layers_3,mackey_1000,6,0.001,,8,16,1,64,3.364434633112978e-06,4.76887953482219e-06,0.0014703768538311,0.0017499281093478,0.999976396560669,0.9999645948410034,385,1059,75.22,0.0004021584725705,0.0004129182780161,0.0003608428814914
1,rnn,layers_3,mackey_1000,6,0.001,,8,16,70,64,0.0111054359003901,0.0076861069537699,0.0798925831913948,0.0716023668646812,0.898666262626648,0.94001966714859,385,1002,66.23,0.02429192347659,0.0207958370447158,0.0346208959817886
1,rnn,layers_3,mackey_1000,6,0.001,,8,16,140,64,0.0245140958577394,0.0228208005428314,0.1296084821224212,0.1248829215764999,0.7320687770843506,0.8128286600112915,385,526,32.13,0.0359096794854849,0.039967019110918,0.0283639393746852
1,rnn,layers_1,mackey_1000,6,0.001,,16,4,1,64,1.7310085240751505e-05,1.7225980627699755e-05,0.0032964795827865,0.0033458094112575,0.9998352527618408,0.9998670816421508,321,1464,29.68,0.0019181086565367,0.0018935311818495,0.0016073898877948
1,rnn,layers_1,mackey_1000,6,0.001,,16,4,70,64,0.0338820852339267,0.0247947685420513,0.1405707001686096,0.1220351681113243,0.6321015954017639,0.7996003031730652,321,836,15.25,0.0389925195939011,0.0321897342801094,0.042933166027069
1,rnn,layers_1,mackey_1000,6,0.001,,16,4,140,64,0.0396260991692543,0.0427324585616588,0.1584899574518203,0.1644523292779922,0.492897480726242,0.6066710948944092,321,750,13.82,0.0544256636252005,0.0651881024241447,0.0545077547430992
1,rnn,layers_1,mackey_1000,6,0.001,,16,8,1,64,8.391489245695993e-06,9.973621672543231e-06,0.0023255762644112,0.0025385008193552,0.9999179244041444,0.9999262690544128,321,1501,37.43,0.0009586040046997,0.0010466320673003,0.0008493580971844
1,rnn,layers_1,mackey_1000,6,0.001,,16,8,70,64,0.0344430468976497,0.0226367972791194,0.1426621824502945,0.1189965605735778,0.6286545991897583,0.8176855444908142,321,804,17.82,0.0328749755604399,0.0287573989480733,0.0388151481747627
1,rnn,layers_1,mackey_1000,6,0.001,,16,8,140,64,0.0263330079615116,0.035908069461584,0.1346927285194397,0.1536449044942855,0.7046462297439575,0.6934468150138855,321,1096,22.97,0.0567831695079803,0.0624441914260387,0.0514330267906188
1,rnn,layers_1,mackey_1000,6,0.001,,16,16,1,64,3.356235993123846e-06,3.540719490047195e-06,0.0013878415338695,0.0014586722245439,0.999968647956848,0.999973714351654,321,1714,56.32,0.0013577178120613,0.0014296286972239,0.0013203801354393
1,rnn,layers_1,mackey_1000,6,0.001,,16,16,70,64,0.0020235471893101,0.0018006094032898,0.0340934880077838,0.0354760959744453,0.983568012714386,0.987070620059967,321,2561,97.12,0.0268172218153874,0.0263336207717657,0.0347154513001441
1,rnn,layers_1,mackey_1000,6,0.001,,16,16,140,64,0.0302903745323419,0.0200469922274351,0.1415049135684967,0.1192226037383079,0.6768336296081543,0.8461987376213074,321,1180,31.55,0.0570340827107429,0.0604102686047554,0.0522924289107322
1,rnn,layers_2,mackey_1000,6,0.001,,16,4,1,64,9.788827810552904e-06,1.0198050404142124e-05,0.00242350413464,0.0025065194349735,0.9999181628227234,0.9999213218688964,865,1072,32.89,0.000339263738715,0.0003724376438185,0.0002881726250052
1,rnn,layers_2,mackey_1000,6,0.001,,16,4,70,64,0.034175768494606,0.0237935241311788,0.1389248818159103,0.1186280399560928,0.6375684142112732,0.8066791892051697,865,701,24.58,0.0381524873276551,0.0318132154643535,0.0414140857756137
1,rnn,layers_2,mackey_1000,6,0.001,,16,4,140,64,0.0376900881528854,0.0435451120138168,0.1558600962162017,0.1668012887239456,0.5206853747367859,0.5970072746276855,865,559,14.55,0.0539471291833453,0.0643695145845413,0.0530189126729965
1,rnn,layers_2,mackey_1000,6,0.001,,16,8,1,64,5.005891580367461e-06,5.970232905383455e-06,0.0017734771827235,0.001992531819269,0.9999576210975648,0.9999544620513916,865,1211,45.87,0.0008348303323145,0.0008849201840348,0.0007088977145031
1,rnn,layers_2,mackey_1000,6,0.001,,16,8,70,64,0.0151791675016283,0.0127292107790708,0.0959429964423179,0.0888042151927948,0.848038375377655,0.9026730060577391,865,1538,72.74,0.0308140435566504,0.0279321204870939,0.036255195736885
1,rnn,layers_2,mackey_1000,6,0.001,,16,8,140,64,0.0290491506457328,0.0376463681459426,0.1390242427587509,0.1593526154756546,0.6653199791908264,0.6627316474914551,865,533,16.18,0.0423374716192483,0.0416759252548217,0.035242561250925
1,rnn,layers_2,mackey_1000,6,0.001,,16,16,1,64,1.8720327261689815e-06,3.074375626965775e-06,0.0010890923440456,0.0013448155950754,0.9999823570251464,0.9999771118164062,865,1243,68.7,0.0010991829738486,0.0010985203552991,0.0009733689366839
1,rnn,layers_2,mackey_1000,6,0.001,,16,16,70,64,0.0010084173409268,0.0009210715652443,0.0216382388025522,0.0229932237416505,0.9914388656616212,0.9933117628097534,865,2132,106.75,0.026373540982604,0.0255069583654403,0.0347200259566307
1,rnn,layers_2,mackey_1000,6,0.001,,16,16,140,64,0.0316171050071716,0.0185371041297912,0.1425403356552124,0.1098349317908287,0.6488492488861084,0.8566027283668518,865,706,31.42,0.0383996339514851,0.0427106395363807,0.027610670775175
1,rnn,layers_3,mackey_1000,6,0.001,,16,4,1,64,9.429746569367126e-06,1.1424958756833805e-05,0.0023096217773854,0.002552097197622,0.9999178647994996,0.9999125599861144,1409,824,31.33,0.0003932382911443,0.0003695664054248,0.0003002088924404
1,rnn,layers_3,mackey_1000,6,0.001,,16,4,70,64,0.0343808606266975,0.0236763507127761,0.1413416266441345,0.1181012988090515,0.633243203163147,0.8082839250564575,1409,497,17.41,0.0312188509851694,0.0298778563737869,0.0363780222833156
1,rnn,layers_3,mackey_1000,6,0.001,,16,4,140,64,0.0354361683130264,0.0433498993515968,0.1485128700733184,0.1660275310277938,0.5721935033798218,0.5970590710639954,1409,510,17.67,0.0496188636041349,0.0573281198740005,0.0476705655455589
1,rnn,layers_3,mackey_1000,6,0.001,,16,8,1,64,4.7869161790004e-06,5.835594947711797e-06,0.001742789754644,0.0019547794945538,0.9999648928642272,0.9999566078186036,1409,953,48.79,0.0003565700142644,0.0003351362829562,0.000297155987937
1,rnn,layers_3,mackey_1000,6,0.001,,16,8,70,64,0.0025214802008122,0.0042920717969536,0.0391899980604648,0.0540284588932991,0.9772749543190002,0.9671037197113036,1409,2407,153.32,0.0283540845331218,0.0249549150466918,0.0340877100825309
1,rnn,layers_3,mackey_1000,6,0.001,,16,8,140,64,0.0173336900770664,0.0276898685842752,0.1077298820018768,0.1332261711359024,0.821207582950592,0.762115478515625,1409,978,40.89,0.0387702998705208,0.0430661104619503,0.0351669043302536
1,rnn,layers_3,mackey_1000,6,0.001,,16,16,1,64,1.8227702867079645e-06,3.745760750462068e-06,0.0010699508711695,0.0014505956787616,0.9999828338623048,0.999972939491272,1409,993,75.14,0.0004296144805266,0.0003905950579792,0.0003284486301708
1,rnn,layers_3,mackey_1000,6,0.001,,16,16,70,64,0.0011348340194672,0.0009795461082831,0.0251998268067836,0.0251907594501972,0.9895423650741576,0.9937069416046144,1409,1544,107.97,0.0256453493816985,0.0246732663363218,0.0344352312386035
1,rnn,layers_3,mackey_1000,6,0.001,,16,16,140,64,0.0128362569957971,0.0179042927920818,0.0900614932179451,0.111343078315258,0.8686970472335815,0.854062557220459,1409,525,31.77,0.0368206426501274,0.041213221848011,0.0282057747244834
1,rnn,layers_1,mackey_1000,6,0.001,,32,4,1,64,1.5909387002466246e-05,1.7223414033651352e-05,0.0032483018003404,0.0034254845231771,0.999845027923584,0.9998710751533508,1153,1150,23.78,0.0003691572434036,0.000340616737958,0.0002994918613694
1,rnn,layers_1,mackey_1000,6,0.001,,32,4,70,64,0.0340763591229915,0.0248939637094736,0.1409340500831604,0.1224375888705253,0.6325845718383789,0.7970797419548035,1153,601,11.28,0.0344926975667476,0.0320769697427749,0.0351007170975208
1,rnn,layers_1,mackey_1000,6,0.001,,32,4,140,64,0.0390284769237041,0.0425442047417163,0.1602938622236251,0.1657531410455703,0.5029205083847046,0.6103804707527161,1153,663,13.59,0.0473028972951902,0.0557159669697284,0.0453992821276187
1,rnn,layers_1,mackey_1000,6,0.001,,32,8,1,64,4.094353698747e-06,4.634417109627975e-06,0.0016488104593008,0.001747497706674,0.9999603629112244,0.9999647736549376,1153,1558,40.45,0.0005104360025143,0.0005218511214479,0.0005067355232313
1,rnn,layers_1,mackey_1000,6,0.001,,32,8,70,64,0.0183730013668537,0.0150514617562294,0.1089504063129425,0.0984958633780479,0.8162956237792969,0.8816497325897217,1153,1462,33.75,0.0308413164069255,0.0290189329534769,0.0346352867782115
1,rnn,layers_1,mackey_1000,6,0.001,,32,8,140,64,0.0185324475169181,0.0247186440974473,0.1100972741842269,0.129594400525093,0.805745005607605,0.7921968698501587,1153,1147,31.35,0.0411190488375723,0.0409069992601871,0.0364497192203998
1,rnn,layers_1,mackey_1000,6,0.001,,32,16,1,64,4.200807325105416e-06,5.405404863267904e-06,0.0017237979918718,0.0018716666381806,0.9999610781669616,0.9999597072601318,1153,1071,37.4,0.0004953848663717,0.0004834359860979,0.0004309128271415
1,rnn,layers_1,mackey_1000,6,0.001,,32,16,70,64,0.0017034284537658,0.0012708188733085,0.0306238029152154,0.0291853994131088,0.984176516532898,0.9903735518455504,1153,1720,56.11,0.0265086367726326,0.0254843346774578,0.0351959653198719
1,rnn,layers_1,mackey_1000,6,0.001,,32,16,140,64,0.0194891076534986,0.0194251555949449,0.1105344295501709,0.1136229112744331,0.7973052263259888,0.8378136157989502,1153,528,15.33,0.0352771098259836,0.0374918803572654,0.0296193975955247
1,rnn,layers_2,mackey_1000,6,0.001,,32,4,1,64,1.1696994988596998e-05,1.2329218407103326e-05,0.0026302831247448,0.002810682170093,0.9998971223831176,0.9999052286148072,3265,796,24.51,0.0003266599000198,0.0003400158893782,0.0003220690414309
1,rnn,layers_2,mackey_1000,6,0.001,,32,4,70,64,0.0343946702778339,0.0233170073479414,0.1411756426095962,0.1172658801078796,0.638823926448822,0.8105568885803223,3265,499,13.78,0.0339835546910762,0.03086350671947,0.0350051037967205
1,rnn,layers_2,mackey_1000,6,0.001,,32,4,140,64,0.039182886481285,0.0434498451650142,0.1562070697546005,0.1654299199581146,0.5029271841049194,0.5978426933288574,3265,449,13.2,0.0421436118303972,0.0480210445821285,0.03964788839221
1,rnn,layers_2,mackey_1000,6,0.001,,32,8,1,64,3.871755325235426e-06,4.8274437176587526e-06,0.0015850063646212,0.0017685765633359,0.9999634623527528,0.9999638199806212,3265,897,36.81,0.0003522255661664,0.0003509096277412,0.0003188191039953
1,rnn,layers_2,mackey_1000,6,0.001,,32,8,70,64,0.003625939367339,0.0046353503130376,0.0459457039833068,0.0556524880230426,0.9682186245918274,0.9644287824630736,3265,1700,66.1,0.0296482431391874,0.0254579577594995,0.0337727814912796
1,rnn,layers_2,mackey_1000,6,0.001,,32,8,140,64,0.0186438150703907,0.0256662219762802,0.1087330728769302,0.1311605274677276,0.8058230876922607,0.783687174320221,3265,809,27.02,0.0389701565727591,0.0491811297833919,0.0343883037567138
1,rnn,layers_2,mackey_1000,6,0.001,,32,16,1,64,1.415643964719493e-06,2.2840893052489264e-06,0.0009524165652692,0.0011422974057495,0.999987244606018,0.9999829530715942,3265,941,55.88,0.0003231913768104,0.000288822222501,0.0002629292430356
1,rnn,layers_2,mackey_1000,6,0.001,,32,16,70,64,0.0004904514644294,0.0006823830190114,0.0184599123895168,0.0212171953171491,0.995396614074707,0.9957335591316224,3265,1110,61.04,0.0250743323316176,0.0225164014846086,0.0360754057765007
1,rnn,layers_2,mackey_1000,6,0.001,,32,16,140,64,0.0193966683000326,0.0211405698210001,0.1123372241854667,0.1175666749477386,0.792732834815979,0.8264455795288086,3265,521,25.8,0.034705665661022,0.0380774289369583,0.0278478041291236
1,rnn,layers_3,mackey_1000,6,0.001,,32,4,1,64,1.1399803952372167e-05,1.2617574611795137e-05,0.002604546258226,0.0027432136703282,0.9999098777770996,0.999903678894043,5377,699,28.17,0.0003419143773498,0.0003276790375821,0.0002834825136233
1,rnn,layers_3,mackey_1000,6,0.001,,32,4,70,64,0.0305803008377552,0.0226422175765037,0.1322450786828994,0.1146154478192329,0.7016765475273132,0.8130010366439819,5377,441,16.13,0.02958787087765,0.0291809644550085,0.0349672771990299
1,rnn,layers_3,mackey_1000,6,0.001,,32,4,140,64,0.0315909124910831,0.0428916923701763,0.1389555782079696,0.1622907072305679,0.6231462359428406,0.6076851487159729,5377,478,17.52,0.0429322660848912,0.0498608723282814,0.0417380593717098
1,rnn,layers_3,mackey_1000,6,0.001,,32,8,1,64,5.326332484401064e-06,7.690468009968754e-06,0.0018401445122435,0.0021973424591124,0.9999571442604064,0.9999444484710692,5377,677,38.51,0.0002595722864498,0.0002219089510617,0.0001983477704925
1,rnn,layers_3,mackey_1000,6,0.001,,32,8,70,64,0.0018494217656552,0.0024839034304022,0.0316933244466781,0.037682544440031,0.9833813905715942,0.981188416481018,5377,1992,99.63,0.0268289902144008,0.0246449690312147,0.031959306448698
1,rnn,layers_3,mackey_1000,6,0.001,,32,8,140,64,0.0207266472280025,0.0250961743295192,0.1153168454766273,0.1297388821840286,0.7779156565666199,0.7880074381828308,5377,560,26.03,0.0369259035214781,0.0550278052687644,0.0341004617512226
1,rnn,layers_3,mackey_1000,6,0.001,,32,16,1,64,5.45197690371424e-06,6.475225291069364e-06,0.0018736191559582,0.0020237497519701,0.9999581575393676,0.9999518990516664,5377,614,51.83,0.0002509439640562,0.0002114387025358,0.0001697307452559
1,rnn,layers_3,mackey_1000,6,0.001,,32,16,70,64,0.0004515134787652,0.0005723617505282,0.0166773032397031,0.0182785857468843,0.9960318207740784,0.9956652522087096,5377,868,67.88,0.0199062476555506,0.0172643288969993,0.0270550549030303
1,rnn,layers_3,mackey_1000,6,0.001,,32,16,140,64,0.0230853706598281,0.0194164030253887,0.1189774274826049,0.1110776960849762,0.7627187967300415,0.8397707939147949,5377,442,31.43,0.034524863352999,0.0344884730875492,0.0288214683532714
1,rnn,layers_1,mackey_1000,7,0.001,,8,4,1,64,1.65552683029091e-05,1.7031588868121617e-05,0.0033145453780889,0.0033881389535963,0.999838411808014,0.9998691082000732,97,1602,32.5,0.0066309054382145,0.0068247597664594,0.0057166209444403
1,rnn,layers_1,mackey_1000,7,0.001,,8,4,70,64,0.0355522222816944,0.0299256946891546,0.1426019221544265,0.1390607357025146,0.6067456007003784,0.7455171942710876,97,660,11.97,0.0414796864820851,0.0361571423709392,0.0454177446663379
1,rnn,layers_1,mackey_1000,7,0.001,,8,4,140,64,0.0376615673303604,0.0429244749248027,0.1569978594779968,0.1661112159490585,0.5214876532554626,0.607442319393158,97,939,16.98,0.0543043567902512,0.065738245844841,0.053320650011301
1,rnn,layers_1,mackey_1000,7,0.001,,8,8,1,64,2.212887557107024e-05,2.63014662778005e-05,0.003814096795395,0.004219994880259,0.999792456626892,0.9997987151145936,97,1657,39.51,0.0046042521484196,0.0048055732622742,0.0040471707470715
1,rnn,layers_1,mackey_1000,7,0.001,,8,8,70,64,0.0378117635846138,0.028434632346034,0.1525867879390716,0.1353541910648346,0.589634358882904,0.7636839151382446,97,614,13.33,0.0389914866536855,0.0333077386021614,0.0444339923560619
1,rnn,layers_1,mackey_1000,7,0.001,,8,8,140,64,0.0288042575120925,0.0320613197982311,0.1381378918886184,0.1470258384943008,0.6690217852592468,0.7328002452850342,97,2165,46.06,0.0578248612582683,0.0641857683658599,0.0523653961718082
1,rnn,layers_1,mackey_1000,7,0.001,,8,16,1,64,7.271929007401923e-06,1.0352625395171344e-05,0.0022397050634026,0.0026963334530591,0.9999298453330994,0.99992036819458,97,1439,46.11,0.0043633549241349,0.0045584943145513,0.0038345505017787
1,rnn,layers_1,mackey_1000,7,0.001,,8,16,70,64,0.0296858306974172,0.017332898452878,0.1298146992921829,0.1055471003055572,0.6920340061187744,0.8598191738128662,97,1279,37.13,0.0422753194967905,0.0396403707563877,0.0442837066948413
1,rnn,layers_1,mackey_1000,7,0.001,,8,16,140,64,0.0289537012577056,0.0248357001692056,0.1450608223676681,0.1277024149894714,0.6720229983329773,0.7996019124984741,97,1753,45.56,0.0581954582594335,0.0630732625722885,0.0537443496286869
1,rnn,layers_2,mackey_1000,7,0.001,,8,4,1,64,1.2012240404146723e-05,1.3127080819685943e-05,0.0027354601770639,0.0028655668720602,0.9998922944068908,0.9998998045921326,241,1081,31.54,0.0012616283725947,0.0013169661397114,0.001076226006262
1,rnn,layers_2,mackey_1000,7,0.001,,8,4,70,64,0.0344685465097427,0.0242214314639568,0.1402654498815536,0.1198927089571952,0.6321366429328918,0.8017644882202148,241,894,23.28,0.0387340287367502,0.0334425568580627,0.0425717011094093
1,rnn,layers_2,mackey_1000,7,0.001,,8,4,140,64,0.0373688638210296,0.0426678694784641,0.1576602905988693,0.1657287329435348,0.5311359167098999,0.6075024008750916,241,921,23.34,0.0546074170205328,0.0666578114032745,0.0542140454053878
1,rnn,layers_2,mackey_1000,7,0.001,,8,8,1,64,3.258679043938173e-06,4.539724614005536e-06,0.0014456360368058,0.0016770722577348,0.9999723434448242,0.9999665021896362,241,1762,63.24,0.0007975324930157,0.0009339959942735,0.0007138463552109
1,rnn,layers_2,mackey_1000,7,0.001,,8,8,70,64,0.0229219906032085,0.0188050847500562,0.1172245740890502,0.1117954179644584,0.7627139091491699,0.8523732423782349,241,1253,41.94,0.0314066865377955,0.0284571517258882,0.0363241881132125
1,rnn,layers_2,mackey_1000,7,0.001,,8,8,140,64,0.0253374818712472,0.0374948568642139,0.1316675692796707,0.1568373441696167,0.728459358215332,0.6693825125694275,241,977,30.86,0.0585820712149143,0.0652100071310997,0.0534423701465129
1,rnn,layers_2,mackey_1000,7,0.001,,8,16,1,64,2.604854671517387e-06,3.902851858583745e-06,0.00126661604736,0.0015346891013905,0.9999794363975524,0.9999704360961914,241,1615,85.2,0.0004550644691335,0.0005251796101219,0.0003866327169816
1,rnn,layers_2,mackey_1000,7,0.001,,8,16,70,64,0.0070851007476449,0.0091114751994609,0.0656881853938102,0.0796950310468673,0.9312863945961,0.9290577173233032,241,2279,107.22,0.0280191192610396,0.0270720236003398,0.0348360203206539
1,rnn,layers_2,mackey_1000,7,0.001,,8,16,140,64,0.0228220466524362,0.021261341869831,0.1222257539629936,0.1219744682312011,0.7530711889266968,0.825705885887146,241,1126,46.94,0.0587994121015071,0.0638062804937362,0.0548266917467117
1,rnn,layers_3,mackey_1000,7,0.001,,8,4,1,64,1.3348445463634562e-05,1.3507036783266813e-05,0.002804001327604,0.0027365507557988,0.9999046325683594,0.999897837638855,385,888,32.64,0.0003430804325034,0.0003907310892827,0.0002861396642401
1,rnn,layers_3,mackey_1000,7,0.001,,8,4,70,64,0.0341505631804466,0.02363021671772,0.1425013989210128,0.1192357540130615,0.6340371966362,0.8085604310035706,385,794,26.31,0.03811635201176,0.0335930809378623,0.0419840402901172
1,rnn,layers_3,mackey_1000,7,0.001,,8,4,140,64,0.0374645851552486,0.0435293316841125,0.1550086885690689,0.1664163768291473,0.5255622863769531,0.5987542867660522,385,529,17.6,0.0538275117675463,0.065197080373764,0.0513448007404804
1,rnn,layers_3,mackey_1000,7,0.001,,8,8,1,64,5.159004103916232e-06,7.971701052156277e-06,0.001786713139154,0.0021033966913819,0.9999550580978394,0.9999415278434752,385,1195,57.39,0.0004580009263008,0.0005131012294441,0.0004099695943295
1,rnn,layers_3,mackey_1000,7,0.001,,8,8,70,64,0.0242786966264247,0.0194416046142578,0.1222698092460632,0.112447403371334,0.7556983828544617,0.8421961665153503,385,1036,46.16,0.0311148880670468,0.0284771248698234,0.0359829626977443
1,rnn,layers_3,mackey_1000,7,0.001,,8,8,140,64,0.01972346752882,0.0232729818671941,0.1160617768764495,0.1218119040131568,0.795243501663208,0.8053072094917297,385,1526,59.57,0.0486659524030983,0.0509152002632617,0.0453017279505729
1,rnn,layers_3,mackey_1000,7,0.001,,8,16,1,64,4.483636075747199e-06,6.877783562231343e-06,0.0016941973008215,0.0020591891370713,0.9999617338180542,0.999948024749756,385,1123,79.07,0.0003958184242947,0.0004441461351234,0.0003524712228681
1,rnn,layers_3,mackey_1000,7,0.001,,8,16,70,64,0.0034177948255091,0.0033827214501798,0.0436552427709102,0.0460807494819164,0.9713655710220336,0.9747565388679504,385,2180,211.49,0.0269325909515221,0.0252320393919944,0.0354546904563903
1,rnn,layers_3,mackey_1000,7,0.001,,8,16,140,64,0.0251225400716066,0.018641797825694,0.1312459856271743,0.112459622323513,0.72917640209198,0.8543614149093628,385,942,54.98,0.038401739904657,0.0435599870979785,0.0278418958187103
1,rnn,layers_1,mackey_1000,7,0.001,,16,4,1,64,1.7288597518927418e-05,1.725058064039331e-05,0.0031893390696495,0.0032553505152463,0.9998468160629272,0.9998668432235718,321,997,21.11,0.0002929921101895,0.0003121793561149,0.0002623843029141
1,rnn,layers_1,mackey_1000,7,0.001,,16,4,70,64,0.0337485671043396,0.0252065733075141,0.1410975158214569,0.1242107078433036,0.6304651498794556,0.7956047654151917,321,745,13.78,0.0337863189892636,0.030791200697422,0.0367855727672576
1,rnn,layers_1,mackey_1000,7,0.001,,16,4,140,64,0.0391030460596084,0.0425649285316467,0.1593137830495834,0.1655921041965484,0.4993641376495361,0.6110411882400513,321,648,14.16,0.0534050133493211,0.0627499371767044,0.050029382109642
1,rnn,layers_1,mackey_1000,7,0.001,,16,8,1,64,5.058391252532601e-06,5.3963794925948605e-06,0.0017887284047901,0.0018599510658532,0.9999560713768004,0.9999590516090392,321,1670,41.41,0.0003987827600212,0.0003875886031892,0.0003592204302549
1,rnn,layers_1,mackey_1000,7,0.001,,16,8,70,64,0.0340260751545429,0.0247754659503698,0.1431183964014053,0.125437781214714,0.620390772819519,0.8040323853492737,321,584,13.12,0.0309197058280309,0.0291526336222887,0.0351284518837928
1,rnn,layers_1,mackey_1000,7,0.001,,16,8,140,64,0.0335324443876743,0.0399623066186904,0.1454203575849533,0.165087878704071,0.5973872542381287,0.6377084851264954,321,679,13.63,0.0440695416182279,0.0455914996564388,0.0357695519924163
1,rnn,layers_1,mackey_1000,7,0.001,,16,16,1,64,8.143278137140442e-06,1.214318399433978e-05,0.0023082375992089,0.0028088698163628,0.9999239444732666,0.9999091625213624,321,1082,35.52,0.0003034150591702,0.0002799346111714,0.0002797965425997
1,rnn,layers_1,mackey_1000,7,0.001,,16,16,70,64,0.0026909147854894,0.0026079290546476,0.0387106612324714,0.0419081561267375,0.9806987643241882,0.981989860534668,321,3400,103.03,0.0272041681326097,0.0255197118967771,0.0353357046842575
1,rnn,layers_1,mackey_1000,7,0.001,,16,16,140,64,0.0276671703904867,0.024362264201045,0.131005123257637,0.1230144724249839,0.6989797949790955,0.8023346662521362,321,1204,31.93,0.0391161222942173,0.0431157052516937,0.0270488243550062
1,rnn,layers_2,mackey_1000,7,0.001,,16,4,1,64,1.2494785551098175e-05,1.4881596143823115e-05,0.0027046902105212,0.0030478702392429,0.9998842477798462,0.9998862743377686,865,789,23.01,0.0002780477487249,0.0002852669858839,0.0002421382960164
1,rnn,layers_2,mackey_1000,7,0.001,,16,4,70,64,0.0329744070768356,0.0240907073020935,0.1383779495954513,0.1204457432031631,0.6430456638336182,0.8062435984611511,865,599,17.06,0.0330677359468407,0.0304847378283739,0.0356924273073673
1,rnn,layers_2,mackey_1000,7,0.001,,16,4,140,64,0.0411305204033851,0.0429500490427017,0.1639700233936309,0.1674659848213195,0.4732740223407745,0.6055459380149841,865,526,13.88,0.0545618058078818,0.0587558262050151,0.0481087453663349
1,rnn,layers_2,mackey_1000,7,0.001,,16,8,1,64,4.382101906230673e-06,4.74079342893674e-06,0.0016541777877137,0.0017547787865623,0.9999642968177797,0.9999640583992004,865,1091,41.51,0.0003731843928107,0.000374833412934,0.0003388730401638
1,rnn,layers_2,mackey_1000,7,0.001,,16,8,70,64,0.0179316215217113,0.0143688824027776,0.103607527911663,0.0938852131366729,0.8231361508369446,0.8901452422142029,865,1244,51.61,0.0307069174531433,0.0284643750637769,0.0351746566593647
1,rnn,layers_2,mackey_1000,7,0.001,,16,8,140,64,0.0352071784436702,0.0267894435673952,0.1452708691358566,0.1321048140525818,0.584105372428894,0.795868456363678,865,720,21.78,0.0394987259060144,0.0429810769855976,0.034251969307661
1,rnn,layers_2,mackey_1000,7,0.001,,16,16,1,64,1.4076284742259304e-06,1.9548224372556437e-06,0.00091268052347,0.0011147668119519,0.9999892115592957,0.9999855160713196,865,1414,75.79,0.0002924888583947,0.0002880254469346,0.0002617950958665
1,rnn,layers_2,mackey_1000,7,0.001,,16,16,70,64,0.0016535484464839,0.002205406082794,0.0307761654257774,0.037095583975315,0.985668122768402,0.9855184555053712,865,1509,77.31,0.0275073109401596,0.0249363426119089,0.0362457931041717
1,rnn,layers_2,mackey_1000,7,0.001,,16,16,140,64,0.02527317404747,0.0213600099086761,0.1362984627485275,0.1181841269135475,0.720922589302063,0.8297953605651855,865,559,24.57,0.0376658039167523,0.0412688292562961,0.0284878779202699
1,rnn,layers_3,mackey_1000,7,0.001,,16,4,1,64,1.1787226867454592e-05,1.4959102372813504e-05,0.002653146861121,0.0029621843714267,0.999889314174652,0.9998867511749268,1409,753,28.65,0.0002427651023026,0.000263934925897,0.0002061866543954
1,rnn,layers_3,mackey_1000,7,0.001,,16,4,70,64,0.0304733272641897,0.0219021588563919,0.1376485377550125,0.118244744837284,0.7116221785545349,0.819013774394989,1409,656,22.26,0.0360863639248742,0.030916079878807,0.0402202643454074
1,rnn,layers_3,mackey_1000,7,0.001,,16,4,140,64,0.0417053289711475,0.0430926233530044,0.1576655954122543,0.164944589138031,0.4607105851173401,0.6051997542381287,1409,508,17.49,0.0556545522477891,0.055131047964096,0.0457676276564598
1,rnn,layers_3,mackey_1000,7,0.001,,16,8,1,64,9.380396477354225e-06,1.0862598173844162e-05,0.0025200480595231,0.0026586784515529,0.9999199509620668,0.9999164342880248,1409,811,40.61,0.0003250725392717,0.0003205583197996,0.0002722896460909
1,rnn,layers_3,mackey_1000,7,0.001,,16,8,70,64,0.024051483720541,0.0182719714939594,0.1216995567083358,0.1072859466075897,0.7729324102401733,0.8511240482330322,1409,686,31.33,0.0305741605245404,0.028831185773015,0.0342933796346187
1,rnn,layers_3,mackey_1000,7,0.001,,16,8,140,64,0.0200641341507434,0.0260783620178699,0.1138988062739372,0.1304085403680801,0.783836841583252,0.7789974212646484,1409,971,41.91,0.0451042870990932,0.0473279878497123,0.0362404398620128
1,rnn,layers_3,mackey_1000,7,0.001,,16,16,1,64,3.4388792755635222e-06,5.864022568857763e-06,0.0015228338306769,0.0018958458676934,0.9999672770500184,0.9999567866325378,1409,861,64.54,0.000437577618868,0.0003875020192936,0.0003571172710508
1,rnn,layers_3,mackey_1000,7,0.001,,16,16,70,64,0.0008854250190779,0.00094567326596,0.0227079279720783,0.0242949035018682,0.9918454885482788,0.9942134618759156,1409,1625,112.79,0.0275207176390621,0.0251395031809806,0.0361047238111496
1,rnn,layers_3,mackey_1000,7,0.001,,16,16,140,64,0.0223478972911834,0.0144010270014405,0.1244335398077964,0.097801074385643,0.7662042379379272,0.8825586438179016,1409,660,40.4,0.0383536992594599,0.0427438542246818,0.0269790850579738
1,rnn,layers_1,mackey_1000,7,0.001,,32,4,1,64,1.2171813978056887e-05,1.220899048348656e-05,0.0027133228722959,0.0027495699469,0.9998899698257446,0.99990576505661,1153,1357,28.29,0.0003600741911213,0.0003612034488469,0.0003131162957288
1,rnn,layers_1,mackey_1000,7,0.001,,32,4,70,64,0.0346433445811271,0.0246532279998064,0.1402570903301239,0.1194550395011901,0.6303952932357788,0.8018860220909119,1153,684,12.88,0.034482216876414,0.0302501395344734,0.0379975140094757
1,rnn,layers_1,mackey_1000,7,0.001,,32,4,140,64,0.0400656946003437,0.0425476878881454,0.1553045511245727,0.1634972542524337,0.4818571209907532,0.6162578463554382,1153,633,11.92,0.0559657245046562,0.0546122975647449,0.0454271435737609
1,rnn,layers_1,mackey_1000,7,0.001,,32,8,1,64,4.125172836211277e-06,4.968056600773707e-06,0.00163100566715,0.0017436610069125,0.9999603629112244,0.9999638199806212,1153,1478,38.54,0.0005660369148245,0.0005064671277068,0.0004609015886671
1,rnn,layers_1,mackey_1000,7,0.001,,32,8,70,64,0.0175739619880914,0.013919373974204,0.1022474244236946,0.0917396545410156,0.8258793950080872,0.890200674533844,1153,1451,33.73,0.0311520258999533,0.0289714653044939,0.0345227271318435
1,rnn,layers_1,mackey_1000,7,0.001,,32,8,140,64,0.0241170767694711,0.0268357954919338,0.1245002076029777,0.1317330598831176,0.741937518119812,0.7726674675941467,1153,1184,25.25,0.0396450222469866,0.0417701639235019,0.0347905345261096
1,rnn,layers_1,mackey_1000,7,0.001,,32,16,1,64,2.0802906419703504e-06,3.088066705458914e-06,0.0011565105523914,0.0013933182926848,0.9999813437461852,0.9999769926071168,1153,1381,49.25,0.0004737902549095,0.0004468243278097,0.0004199423710815
1,rnn,layers_1,mackey_1000,7,0.001,,32,16,70,64,0.0008935671648941,0.0013785402989014,0.0227979980409145,0.0294460747390985,0.9921740293502808,0.9897533059120178,1153,1958,68.65,0.0273516298168235,0.0251084305346012,0.035471111536026
1,rnn,layers_1,mackey_1000,7,0.001,,32,16,140,64,0.0249536354094743,0.0185379311442375,0.1251389384269714,0.1109364107251167,0.7372469902038574,0.8484851717948914,1153,627,18.48,0.0375337414443492,0.040721520781517,0.0284014642238616
1,rnn,layers_2,mackey_1000,7,0.001,,32,4,1,64,1.0100332474394236e-05,1.1371010259608738e-05,0.002477110363543,0.0026593927759677,0.9999047517776488,0.9999135136604308,3265,879,27.32,0.0004086002445546,0.0004596303915604,0.0003835374955087
1,rnn,layers_2,mackey_1000,7,0.001,,32,4,70,64,0.033915426582098,0.0239360500127077,0.1398888081312179,0.119949884712696,0.6339885592460632,0.8057974576950073,3265,547,15.95,0.0354652715226014,0.0309060681611299,0.0350897312164306
1,rnn,layers_2,mackey_1000,7,0.001,,32,4,140,64,0.0426007881760597,0.0431597791612148,0.1599800735712051,0.1638127863407135,0.4369866251945495,0.6044303178787231,3265,463,12.74,0.0557350781228807,0.0532306544482708,0.0434479974210262
1,rnn,layers_2,mackey_1000,7,0.001,,32,8,1,64,3.641604735094006e-06,4.62932030131924e-06,0.0014914441853761,0.0016942229121923,0.9999662041664124,0.9999648928642272,3265,1092,44.41,0.000428146746708,0.0003966151853092,0.0003647627600003
1,rnn,layers_2,mackey_1000,7,0.001,,32,8,70,64,0.0017714165151119,0.00369393825531,0.0331125222146511,0.0460738502442836,0.9836533069610596,0.9717477560043336,3265,2852,106.19,0.0304806294540564,0.0278461724519729,0.0342129431664943
1,rnn,layers_2,mackey_1000,7,0.001,,32,8,140,64,0.0171564854681491,0.0225259941071271,0.1072795912623405,0.123322308063507,0.8214994668960571,0.8134081959724426,3265,841,27.67,0.0384140615351498,0.0423725061118602,0.0336257740855217
1,rnn,layers_2,mackey_1000,7,0.001,,32,16,1,64,7.0851015152584296e-06,9.546413821226452e-06,0.0021702777594327,0.002541618887335,0.9999487400054932,0.9999304413795472,3265,699,58.27,0.0003653993931948,0.0003236807242501,0.0003079026937484
1,rnn,layers_2,mackey_1000,7,0.001,,32,16,70,64,0.0102118132635951,0.0085147097706794,0.076354369521141,0.072246141731739,0.900808572769165,0.9329712390899658,3265,512,28.25,0.0262784204549259,0.0251703020185232,0.0348970405757427
1,rnn,layers_2,mackey_1000,7,0.001,,32,16,140,64,0.027064898982644,0.0211187303066253,0.1356500834226608,0.1167136281728744,0.711330771446228,0.84183669090271,3265,478,23.86,0.0360760344192385,0.042579099535942,0.0284609477967023
1,rnn,layers_3,mackey_1000,7,0.001,,32,4,1,64,9.055929695023224e-06,1.0855780601559673e-05,0.0022792983800172,0.0025243735872209,0.9999164938926696,0.999917447566986,5377,647,26.21,0.0003682000693515,0.0004923671367578,0.000415296643041
1,rnn,layers_3,mackey_1000,7,0.001,,32,4,70,64,0.0352411977946758,0.0231704730540514,0.1425388157367706,0.1158626675605773,0.6333975195884705,0.8097512722015381,5377,455,16.88,0.0329352844920423,0.0312384404242038,0.0318168625235557
1,rnn,layers_3,mackey_1000,7,0.001,,32,4,140,64,0.0370592884719371,0.0423097275197505,0.1526819765567779,0.1636304259300232,0.5692367553710938,0.6126429438591003,5377,458,16.43,0.0539219619499312,0.0547958277165889,0.0411957651376724
1,rnn,layers_3,mackey_1000,7,0.001,,32,8,1,64,3.291441089459113e-06,4.81253482575994e-06,0.0014260926982387,0.0017017191275954,0.999969482421875,0.99996417760849,5377,752,41.6,0.0002329110313439,0.0003095922002103,0.0002832226746249
1,rnn,layers_3,mackey_1000,7,0.001,,32,8,70,64,0.0022246884182095,0.0037454969715327,0.0359898917376995,0.0479763485491275,0.9788562059402466,0.9728179574012756,5377,1641,85.32,0.0293562201162179,0.0264055002480745,0.0342174619436264
1,rnn,layers_3,mackey_1000,7,0.001,,32,8,140,64,0.0163666829466819,0.0221275221556425,0.1033766418695449,0.1174904331564903,0.8545883297920227,0.8166184425354004,5377,794,35.87,0.0362455518916249,0.0412967130541801,0.0321076586842536
1,rnn,layers_3,mackey_1000,7,0.001,,32,16,1,64,2.006533804888022e-06,3.061051074837451e-06,0.0011641205055639,0.001402543624863,0.9999818801879884,0.9999775886535645,5377,723,62.81,0.0001711859600618,0.0001447022805223,0.0001241802674485
1,rnn,layers_3,mackey_1000,7,0.001,,32,16,70,64,0.0004343477485235,0.0007433806895278,0.0157220475375652,0.0220444109290838,0.9962487816810608,0.994420051574707,5377,972,103.65,0.0215863103253973,0.0171751249581575,0.0255825221538543
1,rnn,layers_3,mackey_1000,7,0.001,,32,16,140,64,0.0219076722860336,0.0186809301376342,0.1183468997478485,0.1115951687097549,0.7724420428276062,0.8519003987312317,5377,429,29.7,0.0337184998206794,0.0306854918599128,0.0312151852995157
1,rnn,layers_1,mackey_1000,8,0.001,,8,4,1,64,1.239333869307302e-05,1.3079491509415677e-05,0.0026807556860148,0.002808827906847,0.999889075756073,0.9998992681503296,97,1338,26.71,0.0031399944564327,0.0031693773344159,0.0027178230229765
1,rnn,layers_1,mackey_1000,8,0.001,,8,4,70,64,0.0335465259850025,0.0252648070454597,0.1412338763475418,0.123898297548294,0.6355276107788086,0.7950300574302673,97,1165,21.94,0.0399391336573494,0.0341285951435565,0.0432448796927928
1,rnn,layers_1,mackey_1000,8,0.001,,8,4,140,64,0.0374796539545059,0.0429231189191341,0.1573896706104278,0.1670535504817962,0.5223509073257446,0.6103329062461853,97,587,11.12,0.0588385400672753,0.0598103925585746,0.0489976741373539
1,rnn,layers_1,mackey_1000,8,0.001,,8,8,1,64,5.883577614440583e-06,6.867622232675785e-06,0.0019265034934505,0.0020908254664391,0.9999442100524902,0.9999472498893738,97,1796,44.52,0.0014001786417793,0.0015140257310122,0.0012783216079697
1,rnn,layers_1,mackey_1000,8,0.001,,8,8,70,64,0.0308617670089006,0.0208295732736587,0.1343172341585159,0.1132570281624794,0.6883822083473206,0.8329534530639648,97,949,27.26,0.0319157975415388,0.0285149067640304,0.0363910011947155
1,rnn,layers_1,mackey_1000,8,0.001,,8,8,140,64,0.0289854202419519,0.0368113555014133,0.1328729540109634,0.1544794887304306,0.6686708331108093,0.6700658202171326,97,1141,23.42,0.0418904861435294,0.0425097867846488,0.0347522236406803
1,rnn,layers_1,mackey_1000,8,0.001,,8,16,1,64,3.393643737581442e-06,5.1766915021289606e-06,0.001505983644165,0.0017963502323254,0.9999675750732422,0.9999603033065796,97,1866,59.95,0.0009387884114403,0.0010000739712268,0.0007454861188307
1,rnn,layers_1,mackey_1000,8,0.001,,8,16,70,64,0.0288729947060346,0.0159817636013031,0.130773052573204,0.1062947884202003,0.6908459067344666,0.8721373081207275,97,1040,29.7,0.0275797997083928,0.0268350951373577,0.035423532128334
1,rnn,layers_1,mackey_1000,8,0.001,,8,16,140,64,0.027699926868081,0.0258883889764547,0.1391230076551437,0.123958870768547,0.7185693383216858,0.7865250706672668,97,1447,38.1,0.0379966225009411,0.042121022939682,0.0284672770649194
1,rnn,layers_2,mackey_1000,8,0.001,,8,4,1,64,1.1909492968698032e-05,1.2314258128753863e-05,0.0026620535645633,0.0027156062424182,0.9999015927314758,0.9999070763587952,241,977,28.9,0.0003086097145569,0.0003519005840644,0.0002678999153431
1,rnn,layers_2,mackey_1000,8,0.001,,8,4,70,64,0.0340721644461154,0.0240632388740777,0.1404210925102234,0.1217027679085731,0.6354593634605408,0.8049030303955078,241,790,20.38,0.0342323560681608,0.0310026425868272,0.0368385091423988
1,rnn,layers_2,mackey_1000,8,0.001,,8,4,140,64,0.0383334271609783,0.0429624132812023,0.1557518243789672,0.1661612689495086,0.5155744552612305,0.6052687764167786,241,528,14.08,0.0609397975107034,0.0623120665550231,0.050487220287323
1,rnn,layers_2,mackey_1000,8,0.001,,8,8,1,64,3.888271749019623e-06,4.481254109123256e-06,0.0015472044469788,0.0017253898549824,0.9999715089797974,0.9999657869338988,241,1260,46.8,0.0005502344953129,0.0006369883776642,0.000479463051306
1,rnn,layers_2,mackey_1000,8,0.001,,8,8,70,64,0.0330667123198509,0.0246071871370077,0.1396113783121109,0.1243314519524574,0.6398347616195679,0.8019012808799744,241,543,19.23,0.0309639929069413,0.0280324630439281,0.035155065357685
1,rnn,layers_2,mackey_1000,8,0.001,,8,8,140,64,0.0298927202820777,0.0280465297400951,0.1417795866727829,0.1323242336511612,0.6569899320602417,0.7640178799629211,241,1100,34.38,0.0385661502368748,0.04213397949934,0.033827107399702
1,rnn,layers_2,mackey_1000,8,0.001,,8,16,1,64,8.626279281997995e-07,9.93845560515183e-07,0.0007324285106733,0.000758466660045,0.9999916553497314,0.9999925494194032,241,1436,72.95,0.0003111706741037,0.0003593657165765,0.0002526578609831
1,rnn,layers_2,mackey_1000,8,0.001,,8,16,70,64,0.0062613212503492,0.004979736637324,0.060056421905756,0.0553200952708721,0.9454675912857056,0.9627943634986876,241,2840,133.15,0.0262978782670365,0.0249285325407981,0.0359127297997474
1,rnn,layers_2,mackey_1000,8,0.001,,8,16,140,64,0.0212089605629444,0.0161002092063426,0.1145052686333656,0.1024918183684349,0.7828435897827148,0.8680140972137451,241,1077,44.89,0.0372995792422443,0.0417403876781463,0.0279676187783479
1,rnn,layers_3,mackey_1000,8,0.001,,8,4,1,64,7.376409939752193e-06,9.504801710136236e-06,0.0019883210770785,0.0023120564874261,0.9999426007270812,0.9999268054962158,385,1053,38.98,0.000359905444202,0.0004261216672603,0.0002940321282949
1,rnn,layers_3,mackey_1000,8,0.001,,8,4,70,64,0.0337386280298233,0.02434110827744,0.1400253474712371,0.1209603175520896,0.6340773701667786,0.8030114769935608,385,627,21.46,0.0376458401895231,0.0334640182554721,0.0406957045197486
1,rnn,layers_3,mackey_1000,8,0.001,,8,4,140,64,0.0404652878642082,0.0432401485741138,0.1642277389764785,0.1681187897920608,0.4832842350006103,0.6025775074958801,385,564,19.23,0.0643173770772086,0.0669456273317337,0.0528707951307296
1,rnn,layers_3,mackey_1000,8,0.001,,8,8,1,64,3.096612090303097e-06,4.274836555850925e-06,0.0013747478369623,0.0017007004935294,0.9999750256538392,0.999967098236084,385,1141,55.74,0.0008397797500947,0.0009737273794598,0.0007175371283665
1,rnn,layers_3,mackey_1000,8,0.001,,8,8,70,64,0.0343218557536602,0.0226468294858932,0.1424671411514282,0.1194290071725845,0.6262327432632446,0.8208503127098083,385,579,25.95,0.031059614693125,0.0272584296762943,0.0355792492628097
1,rnn,layers_3,mackey_1000,8,0.001,,8,8,140,64,0.0241507180035114,0.03500697016716,0.1266450881958007,0.1518676877021789,0.733885645866394,0.6944942474365234,385,928,36.51,0.0405792747624218,0.0430712513625621,0.0375250130891799
1,rnn,layers_3,mackey_1000,8,0.001,,8,16,1,64,2.1850617031304864e-06,2.8585222935362253e-06,0.0011449714656919,0.0013073704903945,0.9999788403511048,0.9999779462814332,385,1125,80.32,0.0005411164747783,0.0006134900613687,0.0003882781311403
1,rnn,layers_3,mackey_1000,8,0.001,,8,16,70,64,0.0036842967383563,0.0049400562420487,0.0463852174580097,0.0548341684043407,0.9682154655456544,0.9617894291877748,385,2028,138.79,0.0260339735282792,0.0245800036936998,0.0358179993927478
1,rnn,layers_3,mackey_1000,8,0.001,,8,16,140,64,0.0274585466831922,0.0232282280921936,0.1344252824783325,0.1246520578861236,0.6972525119781494,0.8044310808181763,385,727,43.33,0.0373493861407041,0.0421519130468368,0.0282060522586107
1,rnn,layers_1,mackey_1000,8,0.001,,16,4,1,64,1.4772206668567378e-05,1.5464271200471558e-05,0.0030242332722991,0.0031641693785786,0.999861180782318,0.9998809099197388,321,1312,26.59,0.0004934482043609,0.0005253083654679,0.0004674122901633
1,rnn,layers_1,mackey_1000,8,0.001,,16,4,70,64,0.0347811542451381,0.0249302238225936,0.1420475542545318,0.1228717938065528,0.6299265623092651,0.7949044704437256,321,587,10.72,0.0367047033376163,0.0321711562573909,0.0391814596951007
1,rnn,layers_1,mackey_1000,8,0.001,,16,4,140,64,0.0382927246391773,0.0424448996782302,0.1563253402709961,0.1662144660949707,0.5075132250785828,0.618503749370575,321,624,14.69,0.063224297016859,0.0645491778850555,0.0522196441888809
1,rnn,layers_1,mackey_1000,8,0.001,,16,8,1,64,5.675868123944383e-06,7.256264780153287e-06,0.0018897481495514,0.0022189393639564,0.9999446272850036,0.9999450445175172,321,1742,42.75,0.0005715676379622,0.0006241170922294,0.0005354663589969
1,rnn,layers_1,mackey_1000,8,0.001,,16,8,70,64,0.0279696378856897,0.022565284743905,0.1338878870010376,0.123135507106781,0.7022114396095276,0.8182191848754883,321,702,15.29,0.0311612565484311,0.0280549973249435,0.0365892685949802
1,rnn,layers_1,mackey_1000,8,0.001,,16,8,140,64,0.0275856144726276,0.0369145795702934,0.1360250413417816,0.1573656946420669,0.6866000294685364,0.6773092150688171,321,885,17.63,0.0407959222793579,0.0424511954188346,0.0384837314486503
1,rnn,layers_1,mackey_1000,8,0.001,,16,16,1,64,1.8855438383980072e-06,2.6247660116496263e-06,0.0011193885002285,0.0013112120795994,0.9999818801879884,0.9999799132347108,321,1700,56.53,0.0010662017099093,0.0012102572945877,0.0010525854304432
1,rnn,layers_1,mackey_1000,8,0.001,,16,16,70,64,0.0193039253354072,0.0181509330868721,0.1116170510649681,0.1146177873015403,0.8031526803970337,0.8531563878059387,321,853,25.22,0.0268462376876009,0.0262764003127813,0.0348137766122818
1,rnn,layers_1,mackey_1000,8,0.001,,16,16,140,64,0.0274039208889007,0.0190545096993446,0.1345332264900207,0.1168711856007576,0.706565260887146,0.8479053974151611,321,1092,29.14,0.0383611978031694,0.0431369133293628,0.0261911638081073
1,rnn,layers_2,mackey_1000,8,0.001,,16,4,1,64,1.233280545420712e-05,1.3619064702652396e-05,0.0027436965610831,0.002901719417423,0.9998868107795716,0.99989652633667,865,804,27.46,0.0002621811887365,0.0002873709017876,0.0002411138702882
1,rnn,layers_2,mackey_1000,8,0.001,,16,4,70,64,0.0345211140811443,0.0239597894251346,0.1410761773586273,0.1197901144623756,0.6301227807998657,0.8094512820243835,865,611,16.79,0.0333746212224165,0.02997787296772,0.0366912558674812
1,rnn,layers_2,mackey_1000,8,0.001,,16,4,140,64,0.039674837142229,0.0432347729802131,0.1585151553153991,0.1662740558385849,0.4827126860618591,0.6065704822540283,865,488,17.38,0.0519624609086248,0.0568663999438285,0.0445600897073745
1,rnn,layers_2,mackey_1000,8,0.001,,16,8,1,64,3.745171625268995e-06,4.426436589710647e-06,0.0015279332874342,0.0016872773412615,0.999967873096466,0.9999662637710572,865,1205,48.3,0.0002955686286441,0.0002981839061249,0.000260604545474
1,rnn,layers_2,mackey_1000,8,0.001,,16,8,70,64,0.0162816438823938,0.0135711105540394,0.1010533198714256,0.0893399193882942,0.8447678089141846,0.8923299312591553,865,1280,43.64,0.0301981245477994,0.0273975189775228,0.0356622114777565
1,rnn,layers_2,mackey_1000,8,0.001,,16,8,140,64,0.0118595268577337,0.0218828450888395,0.0830429568886756,0.1177009716629982,0.8815399408340454,0.8186501264572144,865,2282,69.98,0.0401215199381113,0.0415830314159393,0.0363391600549221
1,rnn,layers_2,mackey_1000,8,0.001,,16,16,1,64,4.148981588514289e-06,6.244998985494021e-06,0.0016423847991973,0.0020170712377876,0.999961793422699,0.9999520182609558,865,819,44.46,0.0003022225399035,0.0003104302450083,0.0002714361471589
1,rnn,layers_2,mackey_1000,8,0.001,,16,16,70,64,0.0007713984232395,0.0007904678350314,0.019542122259736,0.0210605040192604,0.9929203987121582,0.9941462874412536,865,2755,136.15,0.0263771418895986,0.0250563360750675,0.0356158837676048
1,rnn,layers_2,mackey_1000,8,0.001,,16,16,140,64,0.031464546918869,0.0177353974431753,0.1489523947238922,0.1063811406493187,0.6536088585853577,0.8588594794273376,865,572,25.65,0.0370855308137834,0.0406868159770965,0.0296085737645626
1,rnn,layers_3,mackey_1000,8,0.001,,16,4,1,64,8.592974154453259e-06,1.20100739877671e-05,0.0021971776150166,0.0026577885728329,0.9999213218688964,0.9999098777770996,1409,620,32.41,0.0002379501936957,0.0002424475824227,0.0002294191071996
1,rnn,layers_3,mackey_1000,8,0.001,,16,4,70,64,0.0355444587767124,0.0239371582865715,0.1422776579856872,0.1191605105996131,0.6258465051651001,0.8044978976249695,1409,454,15.43,0.0285220651162995,0.0252046734094619,0.0347853004932403
1,rnn,layers_3,mackey_1000,8,0.001,,16,4,140,64,0.0394249781966209,0.0436727851629257,0.1636521369218826,0.1690465062856674,0.4931840896606445,0.6022892594337463,1409,445,15.04,0.0498258819182713,0.0548192001879215,0.0383368507027626
1,rnn,layers_3,mackey_1000,8,0.001,,16,8,1,64,3.39902885571064e-06,5.042907105234917e-06,0.0014626641059294,0.0018129837699234,0.9999712109565736,0.9999611377716064,1409,772,41.55,0.0001247487154614,0.0001160473475465,0.0001016721216728
1,rnn,layers_3,mackey_1000,8,0.001,,16,8,70,64,0.0028268150053918,0.0038651661016047,0.038892138749361,0.0490286648273468,0.9745866060256958,0.9707561135292052,1409,1797,82.02,0.0287999850180414,0.0251601673662662,0.036501720547676
1,rnn,layers_3,mackey_1000,8,0.001,,16,8,140,64,0.0176740679889917,0.0245470218360424,0.1126952469348907,0.1259103864431381,0.8227532505989075,0.7930572032928467,1409,722,31.77,0.0395897096022963,0.0461764745414257,0.0339050777256488
1,rnn,layers_3,mackey_1000,8,0.001,,16,16,1,64,1.8895816538133656e-06,3.689839104481507e-06,0.0011083896970376,0.0013916966272518,0.9999833703041076,0.9999723434448242,1409,753,56.05,0.0001409332689945,0.0001402931666234,0.0001121312743634
1,rnn,layers_3,mackey_1000,8,0.001,,16,16,70,64,0.0006768478779122,0.0008172356756404,0.0201315842568874,0.0212035607546567,0.9937469363212584,0.9938591718673706,1409,1780,122.03,0.0221313169846932,0.0185374598950147,0.0314591899514198
1,rnn,layers_3,mackey_1000,8,0.001,,16,16,140,64,0.0264783166348934,0.0170781277120113,0.1360408365726471,0.1050612181425094,0.7224584221839905,0.8627853989601135,1409,485,30.18,0.0363283255137503,0.0388034470379352,0.0290860291570425
1,rnn,layers_1,mackey_1000,8,0.001,,32,4,1,64,1.8147104128729552e-05,1.7501441107015125e-05,0.0033183034975081,0.0032960954122245,0.9998378157615662,0.9998647570610046,1153,976,20.71,0.0003860912693198,0.0004342542961239,0.0004333103424869
1,rnn,layers_1,mackey_1000,8,0.001,,32,4,70,64,0.0340688861906528,0.0241597555577754,0.1398885250091552,0.1197607740759849,0.6335771679878235,0.8025968074798584,1153,792,15.21,0.0338542556597126,0.0302703659981489,0.0372130572795867
1,rnn,layers_1,mackey_1000,8,0.001,,32,4,140,64,0.0384759120643138,0.0428354628384113,0.1545654386281967,0.1650104373693466,0.5109689235687256,0.6095212697982788,1153,513,9.56,0.051708901921908,0.0573932565748691,0.0439949408173561
1,rnn,layers_1,mackey_1000,8,0.001,,32,8,1,64,3.384594947419828e-06,3.685266619868344e-06,0.0014852557796984,0.0015583987114951,0.9999690055847168,0.9999715089797974,1153,1680,44.12,0.0005369234044337,0.0004830112739,0.0004444615042302
1,rnn,layers_1,mackey_1000,8,0.001,,32,8,70,64,0.0250273421406745,0.0196995921432971,0.1238499507308006,0.1140044704079628,0.760526716709137,0.8427304625511169,1153,738,17.11,0.0302636352264218,0.0263410154730081,0.0380716323852539
1,rnn,layers_1,mackey_1000,8,0.001,,32,8,140,64,0.0149353733286261,0.0252294056117534,0.09868024289608,0.1320973187685012,0.8482767939567566,0.7867388725280762,1153,1469,31.34,0.0408158218488097,0.0439312979578971,0.0381793454289436
1,rnn,layers_1,mackey_1000,8,0.001,,32,16,1,64,3.217057155779912e-06,3.9404421841027215e-06,0.001480667386204,0.0016071033896878,0.999968945980072,0.9999697804450988,1153,1029,37.2,0.0003895039932103,0.0003798513207584,0.0003580012416932
1,rnn,layers_1,mackey_1000,8,0.001,,32,16,70,64,0.0034010261297225,0.0026492492761462,0.042505033314228,0.0396021381020545,0.9724596738815308,0.979603946208954,1153,1757,57.17,0.0246996836115916,0.0209313742816448,0.0371670089662075
1,rnn,layers_1,mackey_1000,8,0.001,,32,16,140,64,0.0272374246269464,0.0192696582525968,0.1371013522148132,0.1149926856160163,0.7199175953865051,0.8566610813140869,1153,487,14.39,0.0355552942492067,0.0380107425153255,0.0311010833829641
1,rnn,layers_2,mackey_1000,8,0.001,,32,4,1,64,1.1115228517155629e-05,1.29339177874499e-05,0.0025832224637269,0.0028939212206751,0.9998995065689088,0.9999041557312012,3265,763,24.0,0.0003109360681264,0.0003104182251263,0.0002744132070802
1,rnn,layers_2,mackey_1000,8,0.001,,32,4,70,64,0.0351708158850669,0.0236314050853252,0.1408658027648925,0.1186570227146148,0.6291329264640808,0.8101398944854736,3265,506,14.2,0.0331936956693728,0.0297967009246349,0.0361649468541145
1,rnn,layers_2,mackey_1000,8,0.001,,32,4,140,64,0.0406489819288253,0.0427990667521953,0.1580959409475326,0.1646853387355804,0.468149185180664,0.6100903749465942,3265,470,12.95,0.0560447283917003,0.0556560941040515,0.0419028513133525
1,rnn,layers_2,mackey_1000,8,0.001,,32,8,1,64,3.710512601173832e-06,4.476205958781065e-06,0.0015452740481123,0.001721451873891,0.9999679327011108,0.9999665021896362,3265,1020,41.53,0.000397339099436,0.0003909103688783,0.0003581593045964
1,rnn,layers_2,mackey_1000,8,0.001,,32,8,70,64,0.0030638515017926,0.0043251789174973,0.0432080440223217,0.0527729280292987,0.9724345803260804,0.9667845368385316,3265,2570,94.61,0.0311905834823846,0.0289734192192554,0.037968136370182
1,rnn,layers_2,mackey_1000,8,0.001,,32,8,140,64,0.0227483212947845,0.024000521749258,0.116000011563301,0.1247841194272041,0.7612124681472778,0.8021930456161499,3265,854,28.67,0.0418687756173312,0.0483325906097888,0.0318044573068618
1,rnn,layers_2,mackey_1000,8,0.001,,32,16,1,64,5.025778136769077e-06,8.590915967943147e-06,0.0018656264292076,0.0023588177282363,0.9999517798423768,0.9999355673789978,3265,714,44.98,0.0003210020935512,0.0003179679624736,0.0002944601001217
1,rnn,layers_2,mackey_1000,8,0.001,,32,16,70,64,0.0011574244126677,0.0012643699301406,0.0250610262155532,0.0284676663577556,0.990037441253662,0.9914419054985046,3265,1277,96.63,0.024733563264211,0.0211674068123102,0.035791877657175
1,rnn,layers_2,mackey_1000,8,0.001,,32,16,140,64,0.0071955895982682,0.0124644786119461,0.0694714337587356,0.0878247544169426,0.9284268021583556,0.8999422788619995,3265,1007,49.45,0.0366603562142699,0.0395777188241481,0.0312882363796234
1,rnn,layers_3,mackey_1000,8,0.001,,32,4,1,64,1.0115853910974693e-05,1.1797313163697254e-05,0.002408446278423,0.002591454423964,0.9999187588691713,0.9999098777770996,5377,600,24.06,0.0002202035902882,0.0002267204690724,0.0002085364394588
1,rnn,layers_3,mackey_1000,8,0.001,,32,4,70,64,0.0354139506816864,0.0232003387063741,0.1424179971218109,0.1178686916828155,0.630837619304657,0.8086613416671753,5377,422,15.6,0.0308489977485603,0.0276582427322864,0.0343429408967494
1,rnn,layers_3,mackey_1000,8,0.001,,32,4,140,64,0.0392264164984226,0.0427066497504711,0.1590289622545242,0.1670770049095153,0.4974266588687897,0.608390212059021,5377,446,16.49,0.0538495005004935,0.0521106161177158,0.0377250611782074
1,rnn,layers_3,mackey_1000,8,0.001,,32,8,1,64,5.40103201274178e-06,5.843668532179436e-06,0.0018558151787146,0.001937202992849,0.999964714050293,0.9999573826789856,5377,644,35.87,0.0001634558182558,0.0001555714552523,0.0001392131089232
1,rnn,layers_3,mackey_1000,8,0.001,,32,8,70,64,0.0017036899225786,0.0028119955677539,0.0327731892466545,0.041755024343729,0.9840312600135804,0.9791587591171264,5377,1623,87.22,0.0269998736265632,0.0231011901050806,0.0343446023762226
1,rnn,layers_3,mackey_1000,8,0.001,,32,8,140,64,0.0176820345222949,0.0230694469064474,0.1093344911932945,0.1211251392960548,0.8216941952705383,0.8128431439399719,5377,653,29.82,0.0355631306301802,0.0442082583904266,0.0324421487748622
1,rnn,layers_3,mackey_1000,8,0.001,,32,16,1,64,2.383176706644008e-06,3.395659632587922e-06,0.0012531614629551,0.0014407653361558,0.9999796748161316,0.9999744296073914,5377,672,59.08,0.0001352298619167,0.0001381980255246,0.0001014141744235
1,rnn,layers_3,mackey_1000,8,0.001,,32,16,70,64,0.0007551623275503,0.0005937217501923,0.0207749120891094,0.0185211338102817,0.992945909500122,0.996074914932251,5377,820,66.12,0.0238816344903575,0.0194456279277801,0.0338588878512382
1,rnn,layers_3,mackey_1000,8,0.001,,32,16,140,64,0.014589175581932,0.0223054327070713,0.0980615764856338,0.1246048659086227,0.848849892616272,0.8168423175811768,5377,458,32.45,0.030032271053642,0.0287534072995185,0.0320161059498786
1,rnn,layers_1,mackey_1000,9,0.001,,8,4,1,64,1.570518361404538e-05,1.5810061086085625e-05,0.0031263318378478,0.0031805746257305,0.9998590350151062,0.9998779892921448,97,1437,28.56,0.0040629557333886,0.0040456554852426,0.0034252698533236
1,rnn,layers_1,mackey_1000,9,0.001,,8,4,70,64,0.0335527174174785,0.025598581880331,0.1395331919193267,0.1239449903368949,0.6341761946678162,0.7918596267700195,97,1128,20.68,0.0398264885362651,0.0336499996483325,0.0440753251314163
1,rnn,layers_1,mackey_1000,9,0.001,,8,4,140,64,0.0387844331562519,0.0418218113481998,0.1567081809043884,0.1644384711980819,0.5020743608474731,0.6232686042785645,97,725,12.93,0.0486404394420484,0.0622123070061206,0.0501446723937988
1,rnn,layers_1,mackey_1000,9,0.001,,8,8,1,64,4.305771199142328e-06,5.2620221140387e-06,0.0016985331894829,0.0018741831881925,0.9999582767486572,0.9999607801437378,97,2600,61.46,0.0022770054289139,0.0023372725117951,0.0019370614318177
1,rnn,layers_1,mackey_1000,9,0.001,,8,8,70,64,0.0334937199950218,0.0251337941735982,0.1405996531248092,0.1271796524524688,0.6256622672080994,0.7985290288925171,97,660,14.27,0.0308240987360477,0.0275816060602664,0.0355194509029388
1,rnn,layers_1,mackey_1000,9,0.001,,8,8,140,64,0.0328947380185127,0.0398869663476944,0.1437826454639434,0.1642321348190307,0.6079333424568176,0.6360752582550049,97,589,11.66,0.0578263127245008,0.0657965242862701,0.050657145678997
1,rnn,layers_1,mackey_1000,9,0.001,,8,16,1,64,3.7529741803155048e-06,5.080329628981417e-06,0.0015865543391555,0.0017568892799317,0.9999639987945556,0.9999621510505676,97,1964,62.51,0.00263292347081,0.002833456499502,0.0023747144732624
1,rnn,layers_1,mackey_1000,9,0.001,,8,16,70,64,0.0244008600711822,0.017540730535984,0.1237633600831031,0.1095995903015136,0.7399652004241943,0.861149251461029,97,1749,50.47,0.0272789202216598,0.0270030014216899,0.0342944525182247
1,rnn,layers_1,mackey_1000,9,0.001,,8,16,140,64,0.0265365857630968,0.0180912408977746,0.1299522966146469,0.1144541427493095,0.7231249809265137,0.8613938093185425,97,1367,35.47,0.0583866289816796,0.0643312707543373,0.0518284849822521
1,rnn,layers_2,mackey_1000,9,0.001,,8,4,1,64,1.025543133437168e-05,1.4451162314799149e-05,0.002515863161534,0.0030126082710921,0.9999011158943176,0.99989116191864,241,1035,29.62,0.0003606974700232,0.0003931405663024,0.0003093076811637
1,rnn,layers_2,mackey_1000,9,0.001,,8,4,70,64,0.0343228578567504,0.0238942019641399,0.1415362358093261,0.1192282885313034,0.6287537217140198,0.8083505034446716,241,625,21.58,0.0336764384475019,0.0294308178126811,0.0383832678198814
1,rnn,layers_2,mackey_1000,9,0.001,,8,4,140,64,0.0383499786257743,0.0427361242473125,0.1557915359735489,0.165710836648941,0.5118274688720703,0.6084595918655396,241,504,13.22,0.0457352326161021,0.0551850274205207,0.0454130880534648
1,rnn,layers_2,mackey_1000,9,0.001,,8,8,1,64,6.168119398353156e-06,7.64307606004877e-06,0.0019591187592595,0.0021889747586101,0.9999516010284424,0.9999412894248962,241,1481,55.38,0.0005363728385418,0.0005756122991442,0.0004688047338277
1,rnn,layers_2,mackey_1000,9,0.001,,8,8,70,64,0.0278441663831472,0.019681641831994,0.1274725049734115,0.113044261932373,0.7134167551994324,0.8406848907470703,241,805,35.74,0.0293639233956734,0.0251334123313426,0.0355836637318134
1,rnn,layers_2,mackey_1000,9,0.001,,8,8,140,64,0.0290699675679206,0.0377565510571002,0.136581614613533,0.1591510027647018,0.6634883284568787,0.6720921397209167,241,928,27.31,0.03788518672809,0.0409641079604625,0.0352741777896881
1,rnn,layers_2,mackey_1000,9,0.001,,8,16,1,64,2.2326642010739306e-06,3.7703157431678846e-06,0.0012309136800467,0.0015748391160741,0.999981701374054,0.9999717473983764,241,1560,81.72,0.0004878866719081,0.0004845738003496,0.000402022677008
1,rnn,layers_2,mackey_1000,9,0.001,,8,16,70,64,0.0253476183861494,0.0148174446076154,0.1165486723184585,0.0946803763508796,0.7438241839408875,0.8862723112106323,241,837,55.16,0.0260930365572373,0.025052735581994,0.0339850783348083
1,rnn,layers_2,mackey_1000,9,0.001,,8,16,140,64,0.0214797984808683,0.0157062578946352,0.119008757174015,0.1035786271095275,0.7702862620353699,0.8745802044868469,241,944,39.14,0.0361027461476624,0.0400590300559997,0.0289514474570751
1,rnn,layers_3,mackey_1000,9,0.001,,8,4,1,64,7.663521500944626e-06,1.0525510333536658e-05,0.0020640271250158,0.0024951242376118,0.999935269355774,0.9999191164970398,385,1094,49.16,0.0004075461300089,0.0004362906038295,0.0003434861719142
1,rnn,layers_3,mackey_1000,9,0.001,,8,4,70,64,0.0336611494421958,0.0242765173316001,0.1413556933403015,0.1212854459881782,0.6327574849128723,0.8056599497795105,385,608,20.43,0.0371508362392584,0.0316925272345542,0.0407712310552597
1,rnn,layers_3,mackey_1000,9,0.001,,8,4,140,64,0.0378339886665344,0.0432221889495849,0.1569504141807556,0.1670313030481338,0.5158363580703735,0.6049142479896545,385,476,15.57,0.0441618318695368,0.05349987372756,0.0425920337438583
1,rnn,layers_3,mackey_1000,9,0.001,,8,8,1,64,5.809338745166315e-06,9.125962606049144e-06,0.0019142505479976,0.0023450788576155,0.9999529123306274,0.9999318718910216,385,1313,66.0,0.0004426844941917,0.0004692485672421,0.0003554093127604
1,rnn,layers_3,mackey_1000,9,0.001,,8,8,70,64,0.0084386691451072,0.0075827436521649,0.0697790533304214,0.066174030303955,0.9227269291877748,0.9413068890571594,385,2518,111.93,0.0296628669732146,0.0259842202067375,0.0363712348043918
1,rnn,layers_3,mackey_1000,9,0.001,,8,8,140,64,0.0289686545729637,0.036273293197155,0.1323812901973724,0.151792824268341,0.6642546653747559,0.6854398250579834,385,688,26.75,0.0390896797180175,0.0429308786988258,0.034795869141817
1,rnn,layers_3,mackey_1000,9,0.001,,8,16,1,64,5.041823442297755e-06,8.276074368041009e-06,0.0018335708882659,0.0022358892019838,0.9999621510505676,0.9999375343322754,385,1401,102.19,0.0004475019377423,0.0004824072821065,0.0003772941126953
1,rnn,layers_3,mackey_1000,9,0.001,,8,16,70,64,0.0037963211070746,0.0024384181015193,0.0447217039763927,0.0401800796389579,0.9669737815856934,0.9830442070961,385,2077,141.4,0.024938058728973,0.0233441684395074,0.0332434251904487
1,rnn,layers_3,mackey_1000,9,0.001,,8,16,140,64,0.030048144981265,0.0176962185651063,0.1484837234020233,0.1095691099762916,0.6688031554222107,0.8620992302894592,385,559,31.82,0.0375983836129307,0.0415689013898372,0.0292660519480705
1,rnn,layers_1,mackey_1000,9,0.001,,16,4,1,64,1.663095099502243e-05,1.62187989189988e-05,0.0033000740222632,0.0033115157857537,0.9998435974121094,0.9998753666877748,321,1180,24.37,0.0003449670010013,0.0003643766976892,0.0003174377197865
1,rnn,layers_1,mackey_1000,9,0.001,,16,4,70,64,0.0339132845401763,0.0249656848609447,0.1411784589290619,0.1230759620666503,0.6347290873527527,0.7980847358703613,321,811,14.66,0.0360468928184774,0.0312076061964035,0.0395233519375324
1,rnn,layers_1,mackey_1000,9,0.001,,16,4,140,64,0.0393691807985305,0.0421125553548336,0.1571157574653625,0.1645112782716751,0.491837739944458,0.6189723610877991,321,781,14.34,0.0510812908695596,0.0641087517142295,0.0536428168416023
1,rnn,layers_1,mackey_1000,9,0.001,,16,8,1,64,3.742151875485433e-06,4.381600774649996e-06,0.0015762209659442,0.0016604482661932,0.999963641166687,0.9999667406082152,321,1884,45.87,0.0005912124412134,0.0006358066457323,0.0005763693479821
1,rnn,layers_1,mackey_1000,9,0.001,,16,8,70,64,0.0333949737250804,0.024009620770812,0.1414939910173416,0.1231101676821708,0.6298045516014099,0.8093820214271545,321,598,13.35,0.0319126879589425,0.0283098667860031,0.0386664010584354
1,rnn,layers_1,mackey_1000,9,0.001,,16,8,140,64,0.0253573972731828,0.0372612997889518,0.1299492716789245,0.1554515659809112,0.7208021283149719,0.6696454882621765,321,858,17.27,0.0430716113187372,0.0433737710118293,0.0346478819847106
1,rnn,layers_1,mackey_1000,9,0.001,,16,16,1,64,1.798519519979891e-06,2.532066901039798e-06,0.0011051817564293,0.0012751900358125,0.9999828934669496,0.9999807476997375,321,1636,52.86,0.0007574866409413,0.0007733512320555,0.0006647877162322
1,rnn,layers_1,mackey_1000,9,0.001,,16,16,70,64,0.0291073750704526,0.0161619894206523,0.1319189667701721,0.1011066138744354,0.684413731098175,0.8719470500946045,321,725,25.08,0.0271641783830192,0.0263322629034519,0.0344265885651111
1,rnn,layers_1,mackey_1000,9,0.001,,16,16,140,64,0.0145694436505436,0.0171304289251565,0.0969960391521453,0.106680579483509,0.8570104837417603,0.857284426689148,321,933,25.0,0.0393579334486275,0.0436191745102405,0.0285752341151237
1,rnn,layers_2,mackey_1000,9,0.001,,16,4,1,64,1.216902819578536e-05,1.473283555242233e-05,0.0026673772372305,0.0029748284723609,0.999886155128479,0.9998899102211,865,840,24.5,0.0003527800668962,0.0003679066139739,0.000290650234092
1,rnn,layers_2,mackey_1000,9,0.001,,16,4,70,64,0.0330396145582199,0.0242209881544113,0.1395535469055175,0.1210047304630279,0.6409869194030762,0.8051179051399231,865,621,16.38,0.0326858256012201,0.0293602161109447,0.0360118485987186
1,rnn,layers_2,mackey_1000,9,0.001,,16,4,140,64,0.0374734289944171,0.0434464141726493,0.1574440747499466,0.1681361645460128,0.529079794883728,0.5961863398551941,865,534,13.86,0.0476660981528564,0.0587342008948326,0.0477944985032081
1,rnn,layers_2,mackey_1000,9,0.001,,16,8,1,64,4.0535765037930105e-06,5.613408120552776e-06,0.0016087676631286,0.0019320213468745,0.999962031841278,0.9999575018882751,865,1102,41.2,0.0004494458728004,0.0004419522592797,0.0003883110475726
1,rnn,layers_2,mackey_1000,9,0.001,,16,8,70,64,0.0106573365628719,0.0112945744767785,0.0848636925220489,0.0835709124803543,0.898227870464325,0.9123938679695128,865,1849,62.33,0.0305649236672454,0.0277442689985036,0.0352625399827957
1,rnn,layers_2,mackey_1000,9,0.001,,16,8,140,64,0.0238911844789981,0.0375217758119106,0.1275785565376281,0.1567500680685043,0.7379074692726135,0.6658564805984497,865,644,20.16,0.0399910034611821,0.0426907986402511,0.0341698117554187
1,rnn,layers_2,mackey_1000,9,0.001,,16,16,1,64,2.6761774734040955e-06,4.037425696878927e-06,0.0013306611217558,0.0016079337801784,0.9999747276306152,0.9999693036079408,865,1096,58.9,0.00039870943001,0.0003882966411765,0.0003549393150024
1,rnn,layers_2,mackey_1000,9,0.001,,16,16,70,64,0.0013777903513982,0.0016035584267228,0.0294681880623102,0.0311752911657094,0.987772822380066,0.9886614680290222,865,1690,88.36,0.0268387999385595,0.0260114409029483,0.0344617702066898
1,rnn,layers_2,mackey_1000,9,0.001,,16,16,140,64,0.0267463568598032,0.0208592563867568,0.134291723370552,0.1149324625730514,0.7062125205993652,0.8343698978424072,865,585,25.5,0.0397267746739089,0.0422518402338027,0.0272826589643955
1,rnn,layers_3,mackey_1000,9,0.001,,16,4,1,64,1.0674105396901725e-05,1.2977840924577322e-05,0.0024860810954123,0.0028395778499543,0.999912679195404,0.999904990196228,1409,665,25.63,0.0003232937277061,0.0003061414463445,0.0002733926230575
1,rnn,layers_3,mackey_1000,9,0.001,,16,4,70,64,0.0356157012283802,0.0232537481933832,0.1447938531637191,0.1187217682600021,0.6656834483146667,0.8142234086990356,1409,506,23.28,0.0307042493174473,0.0275553874671459,0.0351641662418842
1,rnn,layers_3,mackey_1000,9,0.001,,16,4,140,64,0.038682747632265,0.0430628918111324,0.1583727896213531,0.1686934232711792,0.527346134185791,0.6001919507980347,1409,453,16.41,0.042141123002188,0.0532951839268207,0.0371132120490074
1,rnn,layers_3,mackey_1000,9,0.001,,16,8,1,64,3.874590674968204e-06,5.520732429431519e-06,0.0015557958977296,0.0018447492038831,0.9999690055847168,0.9999578595161438,1409,924,46.82,0.0002770564402453,0.0002628109068609,0.0002088369656121
1,rnn,layers_3,mackey_1000,9,0.001,,16,8,70,64,0.0044487556442618,0.0055012158118188,0.05292684212327,0.057532787322998,0.9592447280883788,0.9579610228538512,1409,1756,80.39,0.0269518124146593,0.0245889741927385,0.0337398722767829
1,rnn,layers_3,mackey_1000,9,0.001,,16,8,140,64,0.0188761018216609,0.0240108296275138,0.1112617030739784,0.1267712861299514,0.8000077605247498,0.799176037311554,1409,826,33.2,0.0376010998152196,0.0429850332438945,0.0332332253456115
1,rnn,layers_3,mackey_1000,9,0.001,,16,16,1,64,3.1979675441107247e-06,5.209730261412915e-06,0.0013878599274903,0.0016774226678535,0.999973714351654,0.9999600648880004,1409,734,55.69,0.0002099978402839,0.0002111628418788,0.0001777308061718
1,rnn,layers_3,mackey_1000,9,0.001,,16,16,70,64,0.0017251498065888,0.0016232365742325,0.0309890806674957,0.0287821721285581,0.9841101169586182,0.9879629015922546,1409,2070,141.46,0.0220373063865635,0.0184105038642883,0.0332001745700836
1,rnn,layers_3,mackey_1000,9,0.001,,16,16,140,64,0.0251193083822727,0.0200963448733091,0.1324564069509506,0.1161918193101883,0.7314693331718445,0.8430987000465393,1409,446,29.97,0.0335001740604639,0.032816469669342,0.0268070269376039
1,rnn,layers_1,mackey_1000,9,0.001,,32,4,1,64,1.9938417608500455e-05,2.1601268599624746e-05,0.0035231406800448,0.0037163055967539,0.9998100399971008,0.9998379945755004,1153,970,20.55,0.0004236049309838,0.000436448783148,0.0003850779030472
1,rnn,layers_1,mackey_1000,9,0.001,,32,4,70,64,0.0350313782691955,0.0241108275949955,0.1416215002536773,0.1206244602799415,0.6286346316337585,0.8050998449325562,1153,690,13.01,0.034543698032697,0.0300804041326046,0.0379810035228729
1,rnn,layers_1,mackey_1000,9,0.001,,32,4,140,64,0.0407637767493724,0.0423489771783351,0.1553089320659637,0.1631945967674255,0.4780348241329193,0.6167004108428955,1153,659,12.56,0.0452720546681019,0.057070892304182,0.0438915453851223
1,rnn,layers_1,mackey_1000,9,0.001,,32,8,1,64,3.866901806759415e-06,4.393466497276677e-06,0.00156619946938,0.0016968855634331,0.9999648928642272,0.9999666213989258,1153,1732,44.94,0.0006583245063666,0.0006730438326485,0.0006367657333612
1,rnn,layers_1,mackey_1000,9,0.001,,32,8,70,64,0.0268560238182544,0.0190468877553939,0.1302391290664672,0.1120737940073013,0.7309629321098328,0.8472154140472412,1153,672,15.58,0.0307453376137548,0.0276597030460834,0.0369523093104362
1,rnn,layers_1,mackey_1000,9,0.001,,32,8,140,64,0.019783329218626,0.0243646223098039,0.1147661060094833,0.1282832026481628,0.7937073707580566,0.7997808456420898,1153,1496,32.17,0.0393752893432974,0.0419894009828567,0.0358304120600223
1,rnn,layers_1,mackey_1000,9,0.001,,32,16,1,64,2.689577058845316e-06,3.079662974414532e-06,0.0013176923384889,0.0014125059824436,0.9999739527702332,0.9999762773513794,1153,1183,41.59,0.0006090397306252,0.0006129308021627,0.0005367878475226
1,rnn,layers_1,mackey_1000,9,0.001,,32,16,70,64,0.0006679356447421,0.0008267690427601,0.0201689377427101,0.0222026985138654,0.9937610626220704,0.9938784241676332,1153,2846,94.37,0.0270710887594355,0.0259160362184047,0.035245195031166
1,rnn,layers_1,mackey_1000,9,0.001,,32,16,140,64,0.0301797185093164,0.0178820863366127,0.1294301301240921,0.1064818650484085,0.6724416613578796,0.8532469272613525,1153,685,20.31,0.0363491151947528,0.0403194725513458,0.0316341407597065
1,rnn,layers_2,mackey_1000,9,0.001,,32,4,1,64,1.27418024931103e-05,1.411436460330151e-05,0.0028228636365383,0.0029697024729102,0.9998831748962402,0.9998943209648132,3265,687,21.0,0.0002882376822526,0.000285341637209,0.0002453560300637
1,rnn,layers_2,mackey_1000,9,0.001,,32,4,70,64,0.0338332466781139,0.0239458233118057,0.1415546685457229,0.1190220192074775,0.6352992653846741,0.8066190481185913,3265,495,13.81,0.0323602561321523,0.030012035742402,0.0346316546201705
1,rnn,layers_2,mackey_1000,9,0.001,,32,4,140,64,0.0408192686736583,0.0426515936851501,0.155075341463089,0.1637628972530365,0.482682853937149,0.6139129400253296,3265,479,17.64,0.0451410402440362,0.0573930032551288,0.0397170521318912
1,rnn,layers_2,mackey_1000,9,0.001,,32,8,1,64,3.842009391519241e-06,4.738457846542588e-06,0.0015749742742627,0.0017341405618935,0.9999641180038452,0.9999645352363586,3265,954,39.03,0.0003259664066717,0.0002938599209301,0.0002752493310254
1,rnn,layers_2,mackey_1000,9,0.001,,32,8,70,64,0.0025031883269548,0.0031343484297394,0.0372642837464809,0.0442491769790649,0.9768750071525574,0.9760697484016418,3265,2415,88.31,0.0295628410660558,0.026922820135951,0.0355131775140762
1,rnn,layers_2,mackey_1000,9,0.001,,32,8,140,64,0.017585664987564,0.026690449565649,0.1049711108207702,0.1315006762742996,0.8143117427825928,0.7807397246360779,3265,715,23.72,0.0384474205784499,0.0424771904945373,0.0338681675493717
1,rnn,layers_2,mackey_1000,9,0.001,,32,16,1,64,3.114864284725627e-06,3.866264705720823e-06,0.0014786008978262,0.0016092364676296,0.9999722242355348,0.9999727010726928,3265,766,46.04,0.0002191570645663,0.0001952260063262,0.000180453818757
1,rnn,layers_2,mackey_1000,9,0.001,,32,16,70,64,0.0005619035800918,0.0010021025082096,0.0191533043980598,0.025106431916356,0.9947694540023804,0.9927403926849364,3265,1401,75.96,0.0252861926952997,0.0223898384720087,0.0403929315507411
1,rnn,layers_2,mackey_1000,9,0.001,,32,16,140,64,0.0215069875121116,0.0198711734265089,0.1148694306612014,0.1110523119568824,0.7823156118392944,0.8340122103691101,3265,466,31.77,0.0338208214379847,0.0367590561509132,0.0271994993090629
1,rnn,layers_3,mackey_1000,9,0.001,,32,4,1,64,8.967921530711465e-06,1.0893320904870052e-05,0.0022768217604607,0.0025525183882564,0.999923050403595,0.9999164342880248,5377,595,24.68,0.0002366908433032,0.0002301810018252,0.0002005286951316
1,rnn,layers_3,mackey_1000,9,0.001,,32,4,70,64,0.0328938327729702,0.022225871682167,0.136563554406166,0.1156308129429817,0.6788894534111023,0.8165171146392822,5377,427,15.55,0.0280463068435589,0.0251615885645151,0.0344076082110405
1,rnn,layers_3,mackey_1000,9,0.001,,32,4,140,64,0.0420767776668071,0.0430933646857738,0.1624166071414947,0.165745124220848,0.4463742673397064,0.6051046848297119,5377,445,15.95,0.0424252400795618,0.0540087781846523,0.0361186861991882
1,rnn,layers_3,mackey_1000,9,0.001,,32,8,1,64,4.010448265034938e-06,5.21431911693071e-06,0.001578185125254,0.0018086526542901,0.9999688267707824,0.9999599456787108,5377,628,35.2,0.0001897662958072,0.0002530344936531,0.0002338007034268
1,rnn,layers_3,mackey_1000,9,0.001,,32,8,70,64,0.002334487857297,0.0028854920528829,0.0359121970832347,0.0415245853364467,0.9789230227470398,0.9779868721961976,5377,2098,104.18,0.027049158182409,0.0257336515933275,0.0337948054075241
1,rnn,layers_3,mackey_1000,9,0.001,,32,8,140,64,0.0174282453954219,0.0227393936365842,0.1109308376908302,0.1199030503630638,0.8195392489433289,0.8109934329986572,5377,632,28.99,0.0337233562022447,0.0397386401891708,0.0279674064368009
1,rnn,layers_3,mackey_1000,9,0.001,,32,16,1,64,2.6028167212643893e-06,4.164957772445632e-06,0.0013142945244908,0.0016005303477868,0.9999818205833436,0.9999687075614928,5377,694,60.17,0.0001542143909318,0.000163311153301,0.0001487439731135
1,rnn,layers_3,mackey_1000,9,0.001,,32,16,70,64,0.0007741815061308,0.0011909648310393,0.0215041618794202,0.0266353022307157,0.993088960647583,0.9917088150978088,5377,950,75.13,0.0135886108295785,0.0135849108919501,0.021550903096795
1,rnn,layers_3,mackey_1000,9,0.001,,32,16,140,64,0.0176708810031414,0.0201264880597591,0.1045118048787117,0.1178983896970748,0.8155525326728821,0.8312732577323914,5377,438,30.72,0.0257932501845061,0.0233135614544153,0.0271764788776636
1,rnn,layers_1,lorenz_1000,0,0.001,,8,4,1,64,1.3037349617661675e-06,1.6232530697379843e-06,0.0008945823647081,0.0009801101405173,0.9999863505363464,0.999983012676239,131,1708,34.14,0.0051892503630369,0.006172046996653,0.0055635254830121
1,rnn,layers_1,lorenz_1000,0,0.001,,8,4,13,64,0.038351010531187,0.0412259772419929,0.1545301675796508,0.1594429463148117,0.4182222187519073,0.4278174042701721,131,467,9.54,0.0384543772786855,0.0436550416052341,0.0395737923681736
1,rnn,layers_1,lorenz_1000,0,0.001,,8,4,25,64,0.0194884687662124,0.0210416503250598,0.0999248698353767,0.1055808812379837,0.7692519426345825,0.7444747686386108,131,3497,69.92,0.0379248676821589,0.049233105033636,0.0444867201149463
1,rnn,layers_1,lorenz_1000,0,0.001,,8,8,1,64,3.724173666341812e-06,4.123663529753685e-06,0.0014718549791723,0.0015546964714303,0.9999608397483826,0.9999576210975648,131,2039,48.76,0.0029579513939097,0.0034788618795573,0.0029841507785022
1,rnn,layers_1,lorenz_1000,0,0.001,,8,8,13,64,0.0388846918940544,0.0407759137451648,0.1542169153690338,0.156619444489479,0.4106302261352539,0.4327210783958435,131,455,10.99,0.0373559512197971,0.0434458032250404,0.0391458347439765
1,rnn,layers_1,lorenz_1000,0,0.001,,8,8,25,64,0.0204891972243785,0.0212893765419721,0.1016514003276825,0.1059806942939758,0.7536200881004333,0.7410705089569092,131,1416,34.72,0.0400438142940402,0.0480046160519123,0.0449286065995693
1,rnn,layers_1,lorenz_1000,0,0.001,,8,16,1,64,1.6237790987361225e-06,1.7842698980530258e-06,0.0010026001837104,0.0010230395710095,0.9999825954437256,0.9999808669090272,131,2231,74.22,0.0034969013417139,0.0039983787573874,0.0033483458682894
1,rnn,layers_1,lorenz_1000,0,0.001,,8,16,13,64,0.0388132780790329,0.0401710644364357,0.1571909338235855,0.158510148525238,0.4199764132499695,0.411443680524826,131,451,14.33,0.0373294414952397,0.0433827452361583,0.0392272882163524
1,rnn,layers_1,lorenz_1000,0,0.001,,8,16,25,64,0.0109448069706559,0.0102679003030061,0.0787053033709526,0.0769979879260063,0.884774386882782,0.8883282542228699,131,1469,42.96,0.0395764662987656,0.0443350225687027,0.0442880876362323
1,rnn,layers_2,lorenz_1000,0,0.001,,8,4,1,64,1.5112531173144816e-06,1.6250995713562588e-06,0.0009275814518332,0.0009173023281618,0.9999840259552002,0.9999828934669496,275,1361,38.85,0.0011687947087921,0.0014173378003761,0.0011484157294034
1,rnn,layers_2,lorenz_1000,0,0.001,,8,4,13,64,0.0010782921453937,0.0010989474831148,0.0250550452619791,0.0247807502746582,0.9886533617973328,0.9882749915122986,275,1719,49.66,0.0367995621636509,0.0416682623326778,0.0393225289881229
1,rnn,layers_2,lorenz_1000,0,0.001,,8,4,25,64,0.0094405300915241,0.0106223113834857,0.0606516636908054,0.0661757960915565,0.8959920406341553,0.8806816339492798,275,4274,120.29,0.0366707146167755,0.0484974570572376,0.0432969890534877
1,rnn,layers_2,lorenz_1000,0,0.001,,8,8,1,64,1.5841785625525515e-06,1.7237222209587344e-06,0.0009656389593146,0.0009775341022759,0.999984323978424,0.9999822974205016,275,1287,46.44,0.0010686022695153,0.001183268148452,0.0010582081740722
1,rnn,layers_2,lorenz_1000,0,0.001,,8,8,13,64,0.0017223705071955,0.0017904225969687,0.0287116132676601,0.0297707244753837,0.9814255833625792,0.9809876084327698,275,1941,71.09,0.0367058916017413,0.0416955612599849,0.0403506904840469
1,rnn,layers_2,lorenz_1000,0,0.001,,8,8,25,64,0.0103422831743955,0.0115748988464474,0.0694930925965309,0.0753969922661781,0.8848214745521545,0.8679072260856628,275,1450,52.26,0.0387701975181698,0.0472081527113914,0.0444729551672935
1,rnn,layers_2,lorenz_1000,0,0.001,,8,16,1,64,1.6311829540427425e-06,1.8564966239864589e-06,0.0009859957499429,0.0010329101933166,0.9999827146530152,0.999980926513672,275,1175,62.45,0.0011776203580666,0.0012592055136337,0.0010683671571314
1,rnn,layers_2,lorenz_1000,0,0.001,,8,16,13,64,0.0016261254204437,0.001584323705174,0.0301356744021177,0.0297906678169965,0.9827638864517212,0.9832544326782228,275,868,45.51,0.0371463840827345,0.0437265820801258,0.0402887687087059
1,rnn,layers_2,lorenz_1000,0,0.001,,8,16,25,64,0.0072663822211325,0.007376077119261,0.0647983029484748,0.0668804347515106,0.9237083792686462,0.924648106098175,275,1492,69.78,0.0377077352669504,0.0419251285493373,0.0441883541643619
1,rnn,layers_3,lorenz_1000,0,0.001,,8,4,1,64,1.3179118241168908e-06,1.5393885632875026e-06,0.0009287460707128,0.0009841651190072,0.9999858140945436,0.9999834299087524,419,1273,48.62,0.0005399907153332,0.0005642576725222,0.0005646751378662
1,rnn,layers_3,lorenz_1000,0,0.001,,8,4,13,64,0.0002302869106642,0.0002717586176004,0.0115569550544023,0.0120513616129755,0.9975410103797911,0.9971199035644532,419,1620,59.49,0.0375638786703348,0.0431014858186244,0.0391545556485652
1,rnn,layers_3,lorenz_1000,0,0.001,,8,4,25,64,0.0113020716235041,0.0125721637159585,0.0668100863695144,0.0746998116374015,0.8736491799354553,0.8567057251930237,419,2351,86.32,0.0368031837046146,0.0486496835947036,0.0436345972120761
1,rnn,layers_3,lorenz_1000,0,0.001,,8,8,1,64,1.645025690777402e-06,1.900529468912282e-06,0.0010202138219028,0.0010842408519238,0.9999823570251464,0.9999797940254213,419,1163,55.67,0.0003412332836887,0.0003333871427457,0.0003674359759315
1,rnn,layers_3,lorenz_1000,0,0.001,,8,8,13,64,0.0006908212671987,0.0007171686156652,0.0206183195114135,0.0212285071611404,0.99274480342865,0.9926372766494752,419,878,46.18,0.0340967327356338,0.042896281927824,0.0372925661504268
1,rnn,layers_3,lorenz_1000,0,0.001,,8,8,25,64,0.0108162639662623,0.0118452664464712,0.0660307109355926,0.0719150975346565,0.8806629776954651,0.864837110042572,419,1019,49.05,0.0390217686071991,0.0466150790452957,0.0436287969350814
1,rnn,layers_3,lorenz_1000,0,0.001,,8,16,1,64,2.488491645635804e-06,2.518168457754655e-06,0.0012072825338691,0.0012021599104627,0.9999738335609436,0.9999732375144958,419,1026,74.7,0.0003644042037194,0.0003226610424462,0.0003135962761007
1,rnn,layers_3,lorenz_1000,0,0.001,,8,16,13,64,0.0016892302082851,0.0018410594202578,0.0305847655981779,0.0324676968157291,0.9819817543029784,0.9802825450897216,419,991,70.54,0.0312367399223148,0.042123045772314,0.0368492491543293
1,rnn,layers_3,lorenz_1000,0,0.001,,8,16,25,64,0.0045811799354851,0.0048409951850771,0.0506287030875682,0.0526637285947799,0.9506535530090332,0.9460576176643372,419,1542,100.14,0.0347545028974612,0.0420426577329635,0.0439543612301349
1,rnn,layers_1,lorenz_1000,0,0.001,,16,4,1,64,1.083774805010762e-06,1.1235924830543809e-06,0.0007752567180432,0.0008257428999058,0.9999884366989136,0.9999880194664,387,1333,27.93,0.0007031110231764,0.000785969896242,0.0007244099979288
1,rnn,layers_1,lorenz_1000,0,0.001,,16,4,13,64,0.0006885379552841,0.0006963534397073,0.0180718470364809,0.0184196773916482,0.9925893545150756,0.992581844329834,387,2274,46.01,0.0376837918534874,0.0432448573410511,0.0389400571584701
1,rnn,layers_1,lorenz_1000,0,0.001,,16,4,25,64,0.0133467661216855,0.0144742727279663,0.0719157978892326,0.0777710825204849,0.8538839817047119,0.8327669501304626,387,4319,88.56,0.0373868152499198,0.0503648333251476,0.0437709130346775
1,rnn,layers_1,lorenz_1000,0,0.001,,16,8,1,64,1.9728422557818703e-06,2.0399352251843084e-06,0.0010235006920993,0.0010303888702765,0.99997878074646,0.9999781847000122,387,1056,34.02,0.0007044897152809,0.0008279265020973,0.0007515382021665
1,rnn,layers_1,lorenz_1000,0,0.001,,16,8,13,64,0.0020128195174038,0.0025928777176886,0.0312544107437133,0.0359359607100486,0.978537142276764,0.9722627401351928,387,2182,52.53,0.0369728233665227,0.0418983250856399,0.0388879179954528
1,rnn,layers_1,lorenz_1000,0,0.001,,16,8,25,64,0.0127472784370183,0.0154051603749394,0.0784796848893165,0.0916742160916328,0.8600983023643494,0.8261381983757019,387,1877,46.16,0.0393300846219062,0.0465999394655227,0.0436434149742126
1,rnn,layers_1,lorenz_1000,0,0.001,,16,16,1,64,1.5791792975505814e-06,1.475343992751732e-06,0.0009514063131064,0.0009013686794787,0.9999840259552002,0.9999855756759644,387,1032,33.92,0.0006945130618987,0.0007952831801958,0.0006666090339422
1,rnn,layers_1,lorenz_1000,0,0.001,,16,16,13,64,0.0021905426401644,0.0023848286364227,0.0354705899953842,0.0350347757339477,0.9769697785377502,0.9754904508590698,387,1323,44.31,0.0370386211201548,0.0435245297849178,0.0391858406364917
1,rnn,layers_1,lorenz_1000,0,0.001,,16,16,25,64,0.0109680695459246,0.0109607558697462,0.0792357102036476,0.0815738141536712,0.8854043483734131,0.8845832347869873,387,888,27.67,0.0390071136256059,0.0433488525450229,0.0435836538672447
1,rnn,layers_2,lorenz_1000,0,0.001,,16,4,1,64,1.8697071482165484e-06,2.1626465240842663e-06,0.0009971382096409,0.0010752498637884,0.9999805092811584,0.9999778270721436,931,820,24.83,0.0003031951651792,0.0002946505555883,0.0002764759410638
1,rnn,layers_2,lorenz_1000,0,0.001,,16,4,13,64,0.0003781191480811,0.0003578055475372,0.0136559549719095,0.0133813703432679,0.9960484504699708,0.9962416887283324,931,1428,41.23,0.0374258711934089,0.0434175506234169,0.038690760731697
1,rnn,layers_2,lorenz_1000,0,0.001,,16,4,25,64,0.0094451950863003,0.0104760881513357,0.0614226721227169,0.0668270364403724,0.8948816657066345,0.8827729821205139,931,2078,60.9,0.0376011222600936,0.0502191968262195,0.0442580096423625
1,rnn,layers_2,lorenz_1000,0,0.001,,16,8,1,64,1.8857201666833132e-06,1.957273752850597e-06,0.001066289958544,0.0011068512685596,0.9999833106994628,0.9999809861183168,931,915,34.47,0.0001806414016755,0.0001577660877956,0.0001591674954397
1,rnn,layers_2,lorenz_1000,0,0.001,,16,8,13,64,0.0004277481639292,0.0005097594694234,0.0148758143186569,0.0168680343776941,0.9954189658164978,0.9945960640907288,931,982,37.31,0.0316028365865349,0.0372234024107456,0.0346738100051879
1,rnn,layers_2,lorenz_1000,0,0.001,,16,8,25,64,0.007015339564532,0.0081449197605252,0.0591238625347614,0.0626541450619697,0.9265578389167786,0.9112648367881776,931,1513,58.43,0.0384705578908324,0.0465759299695491,0.0437031500041484
1,rnn,layers_2,lorenz_1000,0,0.001,,16,16,1,64,2.4861822112143277e-06,2.526818661863217e-06,0.001204410335049,0.0012319746892899,0.9999755024909972,0.9999759197235109,931,847,46.63,0.0001494175463449,0.0001269363128812,0.0001285111211473
1,rnn,layers_2,lorenz_1000,0,0.001,,16,16,13,64,0.0018422574503347,0.0032496065832674,0.0323833599686622,0.0420540869235992,0.9804373383522034,0.9651836156845092,931,926,51.46,0.0287365824915468,0.0376288145780563,0.0333085469901561
1,rnn,layers_2,lorenz_1000,0,0.001,,16,16,25,64,0.0151511002331972,0.0159165114164352,0.0857551768422126,0.0940066277980804,0.8452591896057129,0.8163502812385559,931,537,26.79,0.0266002642197741,0.031904749572277,0.0318269543349742
1,rnn,layers_3,lorenz_1000,0,0.001,,16,4,1,64,1.3879847529096878e-06,1.5735514580228482e-06,0.0008512398926541,0.0009125875658355,0.9999849200248718,0.9999830722808838,1475,951,49.03,0.0001827257961849,0.0001838770403992,0.0001506651606177
1,rnn,layers_3,lorenz_1000,0,0.001,,16,4,13,64,0.0001732478121994,0.000180372968316,0.0092055592685937,0.0095236338675022,0.998197615146637,0.998123049736023,1475,1123,42.73,0.0372294533997774,0.0436230711638927,0.0388246476650238
1,rnn,layers_3,lorenz_1000,0,0.001,,16,4,25,64,0.0084245111793279,0.0082493470981717,0.0497902780771255,0.0524357967078685,0.9070178866386414,0.9099090695381165,1475,1519,59.16,0.0373614251613616,0.049170084297657,0.043625671416521
1,rnn,layers_3,lorenz_1000,0,0.001,,16,8,1,64,1.987304813155788e-06,2.102360895150923e-06,0.0010426699882373,0.0010419595055282,0.9999788403511048,0.9999775886535645,1475,904,44.64,0.0001576745475176,0.0001186148219858,0.0001280605065403
1,rnn,layers_3,lorenz_1000,0,0.001,,16,8,13,64,0.0002362055238336,0.0002918641257565,0.0105628678575158,0.0121487639844417,0.9974797368049622,0.9969199895858764,1475,691,34.38,0.0293079491704702,0.0326391458511352,0.0330722853541374
1,rnn,layers_3,lorenz_1000,0,0.001,,16,8,25,64,0.0076382923871278,0.0089299473911523,0.0596614181995391,0.0647008717060089,0.9175609946250916,0.8994334936141968,1475,938,65.1,0.0298667537048459,0.0381358154118061,0.0380024351179599
1,rnn,layers_3,lorenz_1000,0,0.001,,16,16,1,64,2.3931340820126934e-06,2.3184900328487856e-06,0.0011484052520245,0.0011135149979963,0.9999776482582092,0.9999775886535645,1475,684,53.08,0.0002051384406513,0.0001548850559629,0.0001651900238357
1,rnn,layers_3,lorenz_1000,0,0.001,,16,16,13,64,0.0006936094723641,0.0007645857403986,0.0191332772374153,0.0199815481901168,0.9926831126213074,0.991931974887848,1475,750,55.48,0.0296457571908831,0.0380582734942436,0.0354033075273036
1,rnn,layers_3,lorenz_1000,0,0.001,,16,16,25,64,0.0029379120096564,0.0035439042840152,0.0387701727449893,0.0422142632305622,0.9693081974983216,0.9611843228340148,1475,940,64.21,0.023512821437584,0.027870275080204,0.029022105038166
1,rnn,layers_1,lorenz_1000,0,0.001,,32,4,1,64,1.6485262221976882e-06,1.5277533975677215e-06,0.0009313115733675,0.0008715280564501,0.999983251094818,0.9999839067459106,1283,946,21.02,0.0007340139592997,0.0008424737025052,0.0007886863895691
1,rnn,layers_1,lorenz_1000,0,0.001,,32,4,13,64,0.0004387808439787,0.0005185568006709,0.0152126429602503,0.0160585418343544,0.9953245520591736,0.9944608807563782,1283,1414,30.23,0.0375535199418664,0.0439864471554756,0.0390109755098819
1,rnn,layers_1,lorenz_1000,0,0.001,,32,4,25,64,0.0089854234829545,0.0101882861927151,0.0573383867740631,0.0614996328949928,0.9017958045005798,0.8851534724235535,1283,2631,55.06,0.0377711253240704,0.049148928374052,0.0437800139188766
1,rnn,layers_1,lorenz_1000,0,0.001,,32,8,1,64,1.4516658666252624e-06,1.585022118888446e-06,0.0009150796686299,0.0009487718925811,0.9999862909317015,0.999983847141266,1283,897,23.22,0.0005116774875205,0.0006245140684768,0.0005759475170634
1,rnn,layers_1,lorenz_1000,0,0.001,,32,8,13,64,0.0016663325950503,0.001929676043801,0.0287403706461191,0.0306715667247772,0.9820401668548584,0.9795223474502563,1283,653,17.33,0.037391335144639,0.0429963767528533,0.0396185033023357
1,rnn,layers_1,lorenz_1000,0,0.001,,32,8,25,64,0.0091660376638174,0.0097358552739024,0.0603882186114788,0.0641052722930908,0.8997507095336914,0.8914200663566589,1283,1020,26.4,0.0397841960191726,0.0478526800870895,0.0441243946552276
1,rnn,layers_1,lorenz_1000,0,0.001,,32,16,1,64,2.225352091045352e-06,2.493936335667968e-06,0.0011720804031938,0.001199874212034,0.999976396560669,0.9999735951423644,1283,865,31.27,0.0005615906935418,0.0005915315705351,0.000541799061466
1,rnn,layers_1,lorenz_1000,0,0.001,,32,16,13,64,0.0040616262704133,0.0053176847286522,0.0443758033215999,0.0497354269027709,0.9585184454917908,0.9437536597251892,1283,1024,37.39,0.0371422385796904,0.0458163395524024,0.0398446433246135
1,rnn,layers_1,lorenz_1000,0,0.001,,32,16,25,64,0.0036691667046397,0.0042690467089414,0.040126547217369,0.0449474900960922,0.9641233086586,0.9538320302963256,1283,997,32.99,0.0392133829494317,0.0446853302419185,0.0436600893735885
1,rnn,layers_2,lorenz_1000,0,0.001,,32,4,1,64,2.8578504043252906e-06,2.758610207820311e-06,0.0013213456841185,0.0012255646288394,0.9999713897705078,0.999972403049469,3395,527,17.26,9.298960358137264e-05,7.415557774947956e-05,8.395665645366535e-05
1,rnn,layers_2,lorenz_1000,0,0.001,,32,4,13,64,0.0001622771815164,0.0001661360292928,0.0089710121974349,0.0093906074762344,0.9983097910881042,0.9982572793960572,3395,957,29.3,0.0371342733502388,0.0443570092320442,0.0391673929989337
1,rnn,layers_2,lorenz_1000,0,0.001,,32,4,25,64,0.0084926914423704,0.0094326576218009,0.0535068102180957,0.0582993514835834,0.9049359560012816,0.8940982818603516,3395,1502,45.85,0.0375086626037955,0.0489747822284698,0.0436034016311168
1,rnn,layers_2,lorenz_1000,0,0.001,,32,8,1,64,1.6277203940262552e-06,1.6386206880270038e-06,0.0010618981905281,0.0010593372862786,0.9999830722808838,0.9999834299087524,3395,553,22.54,3.5673327874974345e-05,2.649348425620701e-05,2.8963888325961307e-05
1,rnn,layers_2,lorenz_1000,0,0.001,,32,8,13,64,0.0005721870111301,0.0006141648627817,0.0173609498888254,0.0178943462669849,0.9939245581626892,0.9935563206672668,3395,541,22.55,0.0202613609842956,0.0190592817962169,0.0178167186677455
1,rnn,layers_2,lorenz_1000,0,0.001,,32,8,25,64,0.0071877581067383,0.0077234343625605,0.0498534776270389,0.0543753281235694,0.92148095369339,0.9149290323257446,3395,818,33.14,0.0283719949424266,0.0340830981731414,0.0322032496333122
1,rnn,layers_2,lorenz_1000,0,0.001,,32,16,1,64,1.6139777017087908e-06,1.9985327526228502e-06,0.001005986589007,0.0011034014169126,0.999984860420227,0.999981164932251,3395,505,30.47,3.0405701181734912e-05,2.2496373276226223e-05,1.999534470087383e-05
1,rnn,layers_2,lorenz_1000,0,0.001,,32,16,13,64,0.0006184729863889,0.0005363898235373,0.0167964845895767,0.0165509451180696,0.9935895800590516,0.9944669008255004,3395,709,42.91,0.0249666913412511,0.0276420731097459,0.0280726086348295
1,rnn,layers_2,lorenz_1000,0,0.001,,32,16,25,64,0.0031889439560472,0.0034829403739422,0.0360254757106304,0.0389671586453914,0.9670255780220032,0.961667537689209,3395,599,33.22,0.0180582563496298,0.0185184963047504,0.019300103187561
1,rnn,layers_3,lorenz_1000,0,0.001,,32,4,1,64,2.6759230422612745e-06,2.816407459249604e-06,0.0013007706729695,0.0013278546975925,0.9999727010726928,0.9999706149101256,5507,505,20.52,5.492976815730799e-05,5.4629184887744486e-05,5.538160621654242e-05
1,rnn,layers_3,lorenz_1000,0,0.001,,32,4,13,64,0.000104408354673,0.0001077389242709,0.007437587250024,0.0074460702016949,0.9988921284675598,0.9988556504249572,5507,856,34.5,0.0196810869500041,0.0163262467831373,0.0163733959197998
1,rnn,layers_3,lorenz_1000,0,0.001,,32,4,25,64,0.0089189009740948,0.00960548594594,0.0532874353229999,0.0578878261148929,0.9001114964485168,0.8930431604385376,5507,871,35.46,0.0330479910597205,0.0456508882343769,0.0415622405707836
1,rnn,layers_3,lorenz_1000,0,0.001,,32,8,1,64,1.1574177278816933e-06,1.1948245628445877e-06,0.0008207744685932,0.0008339111227542,0.9999878406524658,0.999987244606018,5507,466,39.2,2.505067241145298e-05,2.2701575289829638e-05,2.4382479750784117e-05
1,rnn,layers_3,lorenz_1000,0,0.001,,32,8,13,64,0.0001407839154126,0.0001297607086598,0.008635951206088,0.0084145171567797,0.9985376596450806,0.998625636100769,5507,578,32.29,0.0076034193858504,0.006524424534291,0.0054010860621929
1,rnn,layers_3,lorenz_1000,0,0.001,,32,8,25,64,0.0070576150901615,0.0073761395178735,0.0499124005436897,0.0540923625230789,0.9234818816184998,0.9180121421813964,5507,556,30.56,0.0220297668129205,0.0228520222008228,0.0205295756459236
1,rnn,layers_3,lorenz_1000,0,0.001,,32,16,1,64,2.244201368739596e-06,1.7062171764337108e-06,0.0011561865685507,0.0010144836269319,0.9999794960021972,0.9999834299087524,5507,463,40.43,2.4599340213171677e-05,1.7054302588803694e-05,1.3871533155906944e-05
1,rnn,layers_3,lorenz_1000,0,0.001,,32,16,13,64,0.0001608353340998,0.0001771168608684,0.0091668432578444,0.0099129043519496,0.998371958732605,0.9981642961502076,5507,699,60.16,0.019636441161856,0.0233810395002365,0.0256615430116653
1,rnn,layers_3,lorenz_1000,0,0.001,,32,16,25,64,0.0023855115287005,0.0022708973847329,0.0315498262643814,0.0311169102787971,0.9765581488609314,0.9764105081558228,5507,562,44.28,0.014593052988251,0.0181966926902532,0.0196898337453603
1,rnn,layers_1,lorenz_1000,1,0.001,,8,4,1,64,2.3971595055627404e-06,2.458975131958141e-06,0.001175865298137,0.0011897487565875,0.9999741315841676,0.9999735355377196,131,1788,36.13,0.0027681010076776,0.0031105324160307,0.0030127686914056
1,rnn,layers_1,lorenz_1000,1,0.001,,8,4,13,64,0.0354607477784156,0.0391437374055385,0.1460587680339813,0.1534359604120254,0.4881329536437988,0.4658834040164947,131,438,8.72,0.0377885837107896,0.0426333807408809,0.0389019735157489
1,rnn,layers_1,lorenz_1000,1,0.001,,8,4,25,64,0.0428253710269928,0.0451158620417118,0.1580159813165664,0.1638667285442352,0.2987382709980011,0.3131814301013946,131,404,7.99,0.03933782055974,0.0477092191576957,0.0431879833340644
1,rnn,layers_1,lorenz_1000,1,0.001,,8,8,1,64,2.910621333285235e-06,2.9542015909100883e-06,0.001321213087067,0.0013644197024405,0.9999694228172302,0.9999685883522034,131,1851,45.75,0.0025829794234596,0.0028145697433501,0.00281961588189
1,rnn,layers_1,lorenz_1000,1,0.001,,8,8,13,64,0.0374039113521575,0.040042221546173,0.1530866920948028,0.1571801006793975,0.4460594654083252,0.4405915737152099,131,466,14.48,0.0387982321903109,0.0435175858438015,0.0393617786467075
1,rnn,layers_1,lorenz_1000,1,0.001,,8,8,25,64,0.0427140519022941,0.0440949760377407,0.1574673801660537,0.1606139987707138,0.3109191358089447,0.3522709012031555,131,403,9.8,0.0381916005164384,0.0466755963861942,0.0432768613100051
1,rnn,layers_1,lorenz_1000,1,0.001,,8,16,1,64,2.8480769742600387e-06,2.742032847891096e-06,0.001200781785883,0.0012116162106394,0.9999697804450988,0.9999712109565736,131,1843,81.21,0.0025921368040144,0.0027768786530941,0.0027827098965644
1,rnn,layers_1,lorenz_1000,1,0.001,,8,16,13,64,0.0379519499838352,0.0397159866988658,0.1544433236122131,0.156042605638504,0.4363743960857391,0.4552377462387085,131,464,14.75,0.0364688675850629,0.0428937524557113,0.0396590903401374
1,rnn,layers_1,lorenz_1000,1,0.001,,8,16,25,64,0.0433800891041755,0.0434594266116619,0.159453198313713,0.1599680334329605,0.3036677241325378,0.3469032645225525,131,404,11.96,0.0400083818369441,0.0442255809903144,0.0435333438217639
1,rnn,layers_2,lorenz_1000,1,0.001,,8,4,1,64,3.488363063297584e-06,3.894366727763554e-06,0.0014338108012452,0.0015073457034304,0.9999629259109496,0.9999588131904602,275,1155,33.06,0.0017845866153948,0.0021507968194782,0.0019051190465688
1,rnn,layers_2,lorenz_1000,1,0.001,,8,4,13,64,0.0004142418329138,0.0004362777981441,0.0145276514813303,0.0149938883259892,0.9955582022666932,0.9953446984291076,275,2323,67.12,0.0381188254803419,0.0447232499718666,0.039610106498003
1,rnn,layers_2,lorenz_1000,1,0.001,,8,4,25,64,0.0132522471249103,0.0158307328820228,0.0759798437356948,0.0867234617471695,0.8543594479560852,0.8172858357429504,275,4187,126.49,0.039304082468152,0.0465733706951141,0.0418894216418266
1,rnn,layers_2,lorenz_1000,1,0.001,,8,8,1,64,2.179419198000687e-06,2.2671790702588623e-06,0.0011171253863722,0.0011127210455015,0.9999767541885376,0.9999757409095764,275,1514,55.29,0.001345442677848,0.0017105304868891,0.0015051640802994
1,rnn,layers_2,lorenz_1000,1,0.001,,8,8,13,64,0.00029627312324,0.0003617300244513,0.0128004187718033,0.0141704976558685,0.9969203472137452,0.9962303042411804,275,2518,91.32,0.0380106143653392,0.0453429631888866,0.0408471263945102
1,rnn,layers_2,lorenz_1000,1,0.001,,8,8,25,64,0.011011947877705,0.0132104810327291,0.0722034126520156,0.0830911174416542,0.8760266900062561,0.8469017148017883,275,2902,106.37,0.0377373222261667,0.0458251610398292,0.0425536148250103
1,rnn,layers_2,lorenz_1000,1,0.001,,8,16,1,64,2.9668274237337755e-06,3.134353619316244e-06,0.0013134367763996,0.0013048676773905,0.999968945980072,0.9999672174453736,275,1483,108.1,0.001520441181492,0.0018960647284984,0.0015580068575218
1,rnn,layers_2,lorenz_1000,1,0.001,,8,16,13,64,0.0036846848670393,0.0043542380444705,0.0460803881287574,0.050863217562437,0.9599466919898988,0.9526551961898804,275,1551,105.86,0.0338619964197278,0.0443394668400287,0.0411743409931659
1,rnn,layers_2,lorenz_1000,1,0.001,,8,16,25,64,0.0052812877111136,0.0059944558888673,0.0499774552881717,0.0564056783914566,0.9444593191146852,0.9335356950759888,275,2560,123.89,0.0384844229039218,0.0434947162866592,0.0435971356928348
1,rnn,layers_3,lorenz_1000,1,0.001,,8,4,1,64,4.067304871568922e-06,4.533837000053609e-06,0.0014814813621342,0.0015653118025511,0.9999572038650512,0.9999538064002992,419,987,37.24,0.0005271598463878,0.0005931127816438,0.0004914697492495
1,rnn,layers_3,lorenz_1000,1,0.001,,8,4,13,64,0.0002251155674457,0.0002246973890578,0.0106251733377575,0.0110502829775214,0.9975780844688416,0.9976016879081726,419,1593,57.99,0.0376250840723514,0.0428497791290283,0.0395740382373333
1,rnn,layers_3,lorenz_1000,1,0.001,,8,4,25,64,0.008295121602714,0.0085456734523177,0.0596082843840122,0.0619395785033702,0.9094026684761048,0.9057446122169496,419,3291,122.31,0.0405045352876186,0.0504248850047588,0.0468599535524845
1,rnn,layers_3,lorenz_1000,1,0.001,,8,8,1,64,3.477708332866314e-06,3.707750693138223e-06,0.0014903002884238,0.0015194056322798,0.9999632239341736,0.9999619126319884,419,1136,55.8,0.0010087855218444,0.0012021460570394,0.0010692642536014
1,rnn,layers_3,lorenz_1000,1,0.001,,8,8,13,64,0.0005003887927159,0.0005985228344798,0.0164281371980905,0.018540209159255,0.9946891069412231,0.993647038936615,419,1225,59.11,0.0334784710779786,0.0441791042685508,0.0380536764860153
1,rnn,layers_3,lorenz_1000,1,0.001,,8,8,25,64,0.0103514436632394,0.012025324627757,0.0710820034146308,0.0791638568043708,0.8896691799163818,0.8661937713623047,419,1936,92.78,0.0387978978455066,0.0498084984719753,0.0470840297639369
1,rnn,layers_3,lorenz_1000,1,0.001,,8,16,1,64,1.2449704627215397e-06,1.1619421229625004e-06,0.0008956856327131,0.0008260295144282,0.999987006187439,0.9999879002571106,419,1361,139.78,0.0009180855151498,0.0011615843977779,0.0009157284512184
1,rnn,layers_3,lorenz_1000,1,0.001,,8,16,13,64,0.0008652013493701,0.000950914050918,0.0229301434010267,0.0239013861864805,0.990776538848877,0.9898099303245544,419,1190,84.72,0.0320750815793871,0.0380711890757083,0.0372943840920925
1,rnn,layers_3,lorenz_1000,1,0.001,,8,16,25,64,0.0108309900388121,0.010519073344767,0.0724915191531181,0.0737626031041145,0.886625349521637,0.8853079676628113,419,1177,76.99,0.039369692818986,0.0438546612858772,0.0452320277690887
1,rnn,layers_1,lorenz_1000,1,0.001,,16,4,1,64,9.223223287335712e-07,1.086413817574794e-06,0.0007347576320171,0.0007712912047281,0.999990165233612,0.9999880790710448,387,1439,29.41,0.0007797742902766,0.0008544414886273,0.00077747477917
1,rnn,layers_1,lorenz_1000,1,0.001,,16,4,13,64,0.0365385599434375,0.0400057323276996,0.1477315425872802,0.1535185277462005,0.4624473452568054,0.4564656317234039,387,407,8.31,0.0377469427883625,0.0431589037179946,0.0389204956591129
1,rnn,layers_1,lorenz_1000,1,0.001,,16,4,25,64,0.0158393736928701,0.0165104940533638,0.0873359069228172,0.0911309272050857,0.8203139305114746,0.8078176975250244,387,2150,43.68,0.0389836672693491,0.0480091460049152,0.0435771606862545
1,rnn,layers_1,lorenz_1000,1,0.001,,16,8,1,64,1.5351349702541484e-06,1.8293601442564975e-06,0.0009419411653652,0.0009982709307223,0.9999840259552002,0.999980628490448,387,1289,31.7,0.0006270633050007,0.0007037715986371,0.0006355686928145
1,rnn,layers_1,lorenz_1000,1,0.001,,16,8,13,64,0.0020032217726111,0.0015338569646701,0.0318183526396751,0.028967747464776,0.9785689115524292,0.983902633190155,387,1422,34.69,0.0386086704209446,0.0442036241292953,0.0389954298734664
1,rnn,layers_1,lorenz_1000,1,0.001,,16,8,25,64,0.0115808816626667,0.0135060902684926,0.0723319724202156,0.0821887105703353,0.8734400868415833,0.847130537033081,387,1875,47.01,0.0374838300049304,0.0476455464959144,0.0435827672481536
1,rnn,layers_1,lorenz_1000,1,0.001,,16,16,1,64,1.034096044350008e-06,1.5113298559299435e-06,0.0007804400520399,0.000913658121135,0.9999890327453612,0.9999840259552002,387,1330,46.05,0.0007068843697197,0.0007618569652549,0.0006775517831556
1,rnn,layers_1,lorenz_1000,1,0.001,,16,16,13,64,0.0017350132111459,0.0018326574936509,0.0324187390506267,0.0329383425414562,0.9818789958953856,0.9807813763618468,387,1712,56.41,0.0362882148474454,0.0425243563950061,0.0388376750051975
1,rnn,layers_1,lorenz_1000,1,0.001,,16,16,25,64,0.0103459423407912,0.0115988254547119,0.0770225152373313,0.0834612175822258,0.8889349699020386,0.8682491779327393,387,1049,31.31,0.039209493332439,0.045572679489851,0.0441805869340896
1,rnn,layers_2,lorenz_1000,1,0.001,,16,4,1,64,1.189451154459675e-06,1.2957699482285534e-06,0.0007713477243669,0.0008294832077808,0.9999874830245972,0.9999873638153076,931,731,22.21,0.0003405372466659,0.0003310253086965,0.000330938026309
1,rnn,layers_2,lorenz_1000,1,0.001,,16,4,13,64,0.0003824222367256,0.0003968595701735,0.0137064978480339,0.0142060006037354,0.9962242245674132,0.995900809764862,931,1355,39.53,0.0376949284225702,0.0428583659231662,0.0391048155725002
1,rnn,layers_2,lorenz_1000,1,0.001,,16,4,25,64,0.0097114779055118,0.011634087190032,0.0633278712630271,0.0694702565670013,0.8939802646636963,0.8698962330818176,931,2774,85.88,0.0393580254167318,0.0483713559806346,0.0439940690994262
1,rnn,layers_2,lorenz_1000,1,0.001,,16,8,1,64,1.6099012327686069e-06,1.8409117501505532e-06,0.0009807245805859,0.0010359565494582,0.9999828338623048,0.99998140335083,931,730,28.03,0.0001910624036099,0.0001930260332301,0.0001769764203345
1,rnn,layers_2,lorenz_1000,1,0.001,,16,8,13,64,0.0004892839351668,0.0005920578259974,0.0151786832138895,0.0163660459220409,0.9949430227279664,0.9939430952072144,931,951,35.55,0.0379729084670543,0.0438973978161811,0.0395628921687603
1,rnn,layers_2,lorenz_1000,1,0.001,,16,8,25,64,0.0097932126373052,0.0110337352380156,0.0653464347124099,0.0708904638886451,0.8937873840332031,0.8757361173629761,931,1332,51.08,0.0372866062447428,0.0481669716536998,0.0441971234977245
1,rnn,layers_2,lorenz_1000,1,0.001,,16,16,1,64,1.1558903452169034e-06,1.3669045983988326e-06,0.0008317719330079,0.0009067932842299,0.9999880790710448,0.99998676776886,931,701,38.8,0.0002207714613177,0.0002086131571559,0.0001871612912509
1,rnn,layers_2,lorenz_1000,1,0.001,,16,16,13,64,0.0017309527611359,0.001674662460573,0.0301529224961996,0.0295842848718166,0.9818823337554932,0.9826929569244384,931,825,45.29,0.0357423530891537,0.0455932281911373,0.0394455008208751
1,rnn,layers_2,lorenz_1000,1,0.001,,16,16,25,64,0.0046336939558386,0.005346477497369,0.0532393306493759,0.0582488514482975,0.9530917406082152,0.9445566534996032,931,865,43.89,0.0373446535733011,0.0412293896079063,0.0431100726127624
1,rnn,layers_3,lorenz_1000,1,0.001,,16,4,1,64,2.61416698776884e-06,2.5713611648825463e-06,0.0011265336070209,0.0011414139298722,0.9999718070030212,0.9999722838401794,1475,662,24.85,0.0001540055367513,0.0001353448606096,0.0001252653601113
1,rnn,layers_3,lorenz_1000,1,0.001,,16,4,13,64,0.0001354456326225,0.0001171489202533,0.0081216786056756,0.0078161815181374,0.998548686504364,0.9987837076187134,1475,914,35.06,0.0369434325024485,0.0435452461242675,0.0390583798289299
1,rnn,layers_3,lorenz_1000,1,0.001,,16,4,25,64,0.0090192900970578,0.0097165405750274,0.0560903288424015,0.0629727318882942,0.9035992622375488,0.8934003114700317,1475,1460,54.12,0.0385178480297327,0.0478907860815525,0.0436883494257926
1,rnn,layers_3,lorenz_1000,1,0.001,,16,8,1,64,2.6752022677101195e-06,2.598099626993644e-06,0.0011449012672528,0.0011415749322623,0.9999719858169556,0.9999721050262452,1475,786,41.67,0.0001399425680574,0.0001033500957419,8.760303171584383e-05
1,rnn,layers_3,lorenz_1000,1,0.001,,16,8,13,64,0.000253429141594,0.0002724863879848,0.0111347027122974,0.0117640532553195,0.9973116517066956,0.9971073865890504,1475,850,53.93,0.0285471897572279,0.0342207588255405,0.0315598100423812
1,rnn,layers_3,lorenz_1000,1,0.001,,16,8,25,64,0.00954111199826,0.0107434345409274,0.0657290518283844,0.0731011778116226,0.8977887630462646,0.8823708295822144,1475,924,47.17,0.0307094402611255,0.0400549583137035,0.0371034108102321
1,rnn,layers_3,lorenz_1000,1,0.001,,16,16,1,64,1.651218326514936e-06,2.0566346847772365e-06,0.0010251600760966,0.0010742669692263,0.9999830722808838,0.9999788999557496,1475,623,47.08,0.0001136265007517,9.065221820492296e-05,7.982600800460204e-05
1,rnn,layers_3,lorenz_1000,1,0.001,,16,16,13,64,0.0002490797487553,0.0003314764180686,0.0121178487315773,0.0136034097522497,0.997386872768402,0.9964764714241028,1475,681,50.6,0.0319965794682502,0.0402149930596351,0.036991149187088
1,rnn,layers_3,lorenz_1000,1,0.001,,16,16,25,64,0.0068512796424329,0.0064570223912596,0.0565333552658557,0.0568660087883472,0.9290752410888672,0.9301732778549194,1475,665,61.87,0.0232496472696463,0.0264744628220796,0.0259033218026161
1,rnn,layers_1,lorenz_1000,1,0.001,,32,4,1,64,2.3607187813468045e-06,2.616351366668823e-06,0.0011027122382074,0.0011842129752039,0.9999749064445496,0.9999725818634032,1283,847,23.72,0.0007797509082593,0.0008359914063476,0.0007987295393832
1,rnn,layers_1,lorenz_1000,1,0.001,,32,4,13,64,0.0003781031700782,0.0004245344316586,0.0139640206471085,0.014185544103384,0.9961060881614684,0.9955169558525084,1283,1919,41.2,0.0375979926437139,0.0435933656990528,0.0390324518084526
1,rnn,layers_1,lorenz_1000,1,0.001,,32,4,25,64,0.0403898432850837,0.0425241105258464,0.1538985669612884,0.1586912125349044,0.3733949959278106,0.3760061264038086,1283,402,8.34,0.039214614033699,0.049380175769329,0.0442521944642066
1,rnn,layers_1,lorenz_1000,1,0.001,,32,8,1,64,2.3719901491858764e-06,2.3240907012223037e-06,0.0011440902017056,0.0011007488938048,0.9999772310256958,0.9999767541885376,1283,908,24.94,0.0003774981174501,0.0003605915408115,0.0003368543402757
1,rnn,layers_1,lorenz_1000,1,0.001,,32,8,13,64,0.0006033863755874,0.0006635177414864,0.0183387491852045,0.0192892234772443,0.993600368499756,0.9929516911506652,1283,1036,27.02,0.0381704375147819,0.0438380986452102,0.0397145226597785
1,rnn,layers_1,lorenz_1000,1,0.001,,32,8,25,64,0.0065220203250646,0.0075649581849575,0.0503345988690853,0.0559337139129638,0.9312705993652344,0.916618824005127,1283,1535,40.71,0.0371174691244959,0.0499546416103839,0.0442695170640945
1,rnn,layers_1,lorenz_1000,1,0.001,,32,16,1,64,2.26047291107534e-06,2.289847998326877e-06,0.0011674705892801,0.0011740097543224,0.999976396560669,0.9999764561653136,1283,764,27.86,0.0003894002205925,0.000406602222938,0.0004055237805005
1,rnn,layers_1,lorenz_1000,1,0.001,,32,16,13,64,0.0058022188022732,0.0076794698834419,0.0480692833662033,0.0539756789803504,0.9389734268188475,0.9169778227806092,1283,834,29.99,0.0349126787856221,0.0468435287475585,0.0409123338758945
1,rnn,layers_1,lorenz_1000,1,0.001,,32,16,25,64,0.0066945808939635,0.0069466168060898,0.0616425797343254,0.0637009814381599,0.9307862520217896,0.926606297492981,1283,703,23.08,0.0281844513697756,0.0324887447059154,0.0308088790625333
1,rnn,layers_2,lorenz_1000,1,0.001,,32,4,1,64,1.650608624004235e-06,2.070074970106361e-06,0.0009459825232625,0.0010350623633712,0.9999824166297911,0.999978005886078,3395,586,18.03,0.0001445116424292,0.0001532627793494,0.0001584026758791
1,rnn,layers_2,lorenz_1000,1,0.001,,32,4,13,64,0.0004458008916117,0.0005040577962063,0.0150976376608014,0.0162520743906497,0.9953141808509828,0.9947438836097716,3395,806,25.68,0.0370414845645427,0.0430410057306289,0.0390649586915969
1,rnn,layers_2,lorenz_1000,1,0.001,,32,4,25,64,0.0082045635208487,0.0102739511057734,0.0506158582866191,0.0597277767956256,0.9096421003341676,0.8837525844573975,3395,1354,43.24,0.0394637320190668,0.0493868999183177,0.0440163426101207
1,rnn,layers_2,lorenz_1000,1,0.001,,32,8,1,64,1.3898968518333277e-06,1.5078818478286848e-06,0.0008467613370157,0.0008927783346734,0.999986171722412,0.9999849796295166,3395,586,23.87,6.215151443029754e-05,5.054210487287492e-05,5.438791049527936e-05
1,rnn,layers_2,lorenz_1000,1,0.001,,32,8,13,64,0.0003129763063043,0.0003078204754274,0.012289916165173,0.0126273175701498,0.9966725707054138,0.996722936630249,3395,691,28.43,0.0267918776720762,0.0310020186007022,0.0308383852243423
1,rnn,layers_2,lorenz_1000,1,0.001,,32,8,25,64,0.0056705400347709,0.0063546588644385,0.0490695796906948,0.0536914281547069,0.940665364265442,0.9322730898857116,3395,831,35.47,0.0351285712793469,0.0452347211539745,0.0428534634411335
1,rnn,layers_2,lorenz_1000,1,0.001,,32,16,1,64,1.4682289020129249e-06,1.6304127257171783e-06,0.0009002415463328,0.0009449631907045,0.999984860420227,0.999983012676239,3395,500,30.43,6.064491717552301e-05,5.666941069648601e-05,5.84285480726976e-05
1,rnn,layers_2,lorenz_1000,1,0.001,,32,16,13,64,0.0005236327415332,0.0005900274263694,0.0166638139635324,0.0176297407597303,0.9944649338722228,0.9937002062797546,3395,721,43.91,0.027831264026463,0.0341983474791049,0.0316227376461029
1,rnn,layers_2,lorenz_1000,1,0.001,,32,16,25,64,0.0043193865567445,0.0038189846090972,0.0437491908669471,0.0409183464944362,0.955432116985321,0.9595451354980468,3395,726,41.53,0.0246975461228026,0.0293542481958866,0.0292822457849979
1,rnn,layers_3,lorenz_1000,1,0.001,,32,4,1,64,2.2636349967797287e-06,2.747550297499401e-06,0.0012221608776599,0.0013389451196417,0.9999762773513794,0.999971091747284,5507,529,28.98,7.01841083355248e-05,5.385278564062901e-05,5.40878318133764e-05
1,rnn,layers_3,lorenz_1000,1,0.001,,32,4,13,64,0.0001139036030508,0.0001057219706126,0.0078011834993958,0.0076049943454563,0.9987867474555968,0.9988788366317748,5507,702,28.37,0.0249378405511379,0.0264990702271461,0.0266056302934885
1,rnn,layers_3,lorenz_1000,1,0.001,,32,4,25,64,0.0070317653007805,0.0075791487470269,0.0494007170200347,0.0519412867724895,0.9222469329833984,0.91806298494339,5507,1027,41.7,0.0351359874010086,0.0428062826395034,0.0403417311608791
1,rnn,layers_3,lorenz_1000,1,0.001,,32,8,1,64,2.0995005343138477e-06,2.116239556926302e-06,0.0011264156782999,0.0011249028611928,0.999978005886078,0.999977707862854,5507,470,26.36,2.648838453751523e-05,3.280134842498228e-05,3.357618334121071e-05
1,rnn,layers_3,lorenz_1000,1,0.001,,32,8,13,64,0.0001471374562242,0.0001675088133197,0.0091050677001476,0.009808761999011,0.9984363317489624,0.9982630610466005,5507,532,29.93,0.0095751115120947,0.0093852560967206,0.0088180834427475
1,rnn,layers_3,lorenz_1000,1,0.001,,32,8,25,64,0.0065408293157815,0.0070754853077232,0.0452353917062282,0.0487632043659687,0.9300235509872437,0.9222266674041748,5507,572,31.74,0.0236017110757529,0.0297534726560115,0.0250464603304862
1,rnn,layers_3,lorenz_1000,1,0.001,,32,16,1,64,3.007570740010124e-06,2.953546982098487e-06,0.0013498835032805,0.0013352455571293,0.9999746084213256,0.9999729990959167,5507,451,39.39,2.1190190363995497e-05,2.2321366486721672e-05,2.195262823079247e-05
1,rnn,layers_3,lorenz_1000,1,0.001,,32,16,13,64,0.0002567386836744,0.0002842124958988,0.0114953676238656,0.0121531439945101,0.997431218624115,0.9970225691795348,5507,644,54.42,0.0147470735013484,0.0183253642171621,0.0200682263821363
1,rnn,layers_3,lorenz_1000,1,0.001,,32,16,25,64,0.0020472225733101,0.0028469583485275,0.0328616760671138,0.0391730219125747,0.9787117838859558,0.9693307876586914,5507,550,42.9,0.0161987039157085,0.0160335451364517,0.0152195077389478
1,rnn,layers_1,lorenz_1000,2,0.001,,8,4,1,64,1.5521064824497444e-06,1.6009904584279866e-06,0.0009487296338193,0.0009407523903064,0.9999845027923584,0.9999834895133972,131,1928,39.35,0.0054655518615618,0.0070180287584662,0.0056645330041646
1,rnn,layers_1,lorenz_1000,2,0.001,,8,4,13,64,0.0036163083277642,0.003469537012279,0.0402590073645114,0.0400778986513614,0.9606844782829284,0.962375283241272,131,4095,105.61,0.0393339095637202,0.0487583056092262,0.0436310023069381
1,rnn,layers_1,lorenz_1000,2,0.001,,8,4,25,64,0.0432198345661163,0.0447198264300823,0.1588887274265289,0.162626102566719,0.2890017032623291,0.3211719691753387,131,417,8.45,0.0391487352550029,0.0474130287766456,0.0430552177131176
1,rnn,layers_1,lorenz_1000,2,0.001,,8,8,1,64,4.941107818012824e-06,4.860405169893056e-06,0.0016366343479603,0.0016228836029767,0.9999486207962036,0.9999496340751648,131,1962,47.88,0.0043536280747503,0.0056485799141228,0.0046215746551752
1,rnn,layers_1,lorenz_1000,2,0.001,,8,8,13,64,0.0036224962677806,0.0025352106895297,0.0399014689028263,0.0363282561302185,0.960577666759491,0.9728490114212036,131,2801,66.82,0.0407344963401556,0.0493662357330322,0.0444916225969791
1,rnn,layers_1,lorenz_1000,2,0.001,,8,8,25,64,0.02575777284801,0.0257159564644098,0.1159850433468818,0.1183823868632316,0.6822491884231567,0.6781579256057739,131,1800,44.07,0.0389395803213119,0.0468780845403671,0.0434572398662567
1,rnn,layers_1,lorenz_1000,2,0.001,,8,16,1,64,5.46085175301414e-06,4.982551217835862e-06,0.0017681777244433,0.0016505820676684,0.9999412894248962,0.9999471306800842,131,1529,50.52,0.0041282133664935,0.0058299927040934,0.0045793810859322
1,rnn,layers_1,lorenz_1000,2,0.001,,8,16,13,64,0.0389052741229534,0.0390472076833248,0.1499923318624496,0.1483422815799713,0.4167907238006592,0.4503751397132873,131,545,17.17,0.0426483213901519,0.0494005344808101,0.0449394471943378
1,rnn,layers_1,lorenz_1000,2,0.001,,8,16,25,64,0.015681741759181,0.0154175860807299,0.0930330455303192,0.0942225232720375,0.8275507092475891,0.8198798894882202,131,1513,44.37,0.0396757783989111,0.0447791740298271,0.0441980510950088
1,rnn,layers_2,lorenz_1000,2,0.001,,8,4,1,64,1.004842829388508e-06,1.285447069676593e-06,0.0007454975275322,0.0007970563019625,0.9999896287918092,0.999986469745636,275,1336,39.19,0.0006415197451133,0.000714311550837,0.0005724671646021
1,rnn,layers_2,lorenz_1000,2,0.001,,8,4,13,64,0.0005718899192288,0.0005740806227549,0.0173291824758052,0.0171514227986335,0.9939514398574828,0.9938949346542358,275,3123,89.51,0.0369539508596062,0.0434744618833065,0.0395005494356155
1,rnn,layers_2,lorenz_1000,2,0.001,,8,4,25,64,0.0430705323815345,0.0445000305771827,0.158379390835762,0.1624195277690887,0.2959603667259216,0.338366836309433,275,421,12.1,0.0388394426554441,0.0489346273243427,0.0436758063733577
1,rnn,layers_2,lorenz_1000,2,0.001,,8,8,1,64,1.0427555707792635e-06,1.2369420119284769e-06,0.0007746840710751,0.0008307273965328,0.999989926815033,0.9999871850013732,275,1291,47.5,0.0005332801199983,0.0005273901624605,0.0004452702705748
1,rnn,layers_2,lorenz_1000,2,0.001,,8,8,13,64,0.0006183523801155,0.0007054610177874,0.0182500518858432,0.0191944073885679,0.9933915138244628,0.9924582839012146,275,2324,114.86,0.0370582059025764,0.044419165700674,0.0402412712574005
1,rnn,layers_2,lorenz_1000,2,0.001,,8,8,25,64,0.014586373232305,0.0149127058684825,0.0848940834403038,0.0880868211388588,0.8341929316520691,0.8262829780578613,275,1523,55.77,0.0386756375432014,0.0470318645238876,0.0432929657399654
1,rnn,layers_2,lorenz_1000,2,0.001,,8,16,1,64,1.4122165339358617e-06,1.68885071616387e-06,0.0009168612305074,0.0010032167192548,0.9999850392341614,0.9999821782112122,275,1291,66.2,0.0006646230729529,0.0007993924664333,0.0006600552587769
1,rnn,layers_2,lorenz_1000,2,0.001,,8,16,13,64,0.0034042908810079,0.0034140713978558,0.0426926687359809,0.0435344763100147,0.96318382024765,0.9635443687438964,275,1216,61.79,0.0386235343292355,0.0437123924493789,0.0404710993170738
1,rnn,layers_2,lorenz_1000,2,0.001,,8,16,25,64,0.0046949060633778,0.0046677449718117,0.0526369847357273,0.0519832670688629,0.950655460357666,0.949353814125061,275,2298,106.32,0.0394217632710933,0.0463005937635898,0.0442749299108982
1,rnn,layers_3,lorenz_1000,2,0.001,,8,4,1,64,3.0894798328517936e-06,2.9997361252753763e-06,0.0013259281404316,0.0013124585384503,0.9999701976776124,0.9999697804450988,419,1068,40.1,0.0019612953416071,0.0022638579830527,0.0019530728459358
1,rnn,layers_3,lorenz_1000,2,0.001,,8,4,13,64,0.0003161081112921,0.0003489960799925,0.012761153280735,0.0134806679561734,0.9967058897018432,0.996346354484558,419,2391,90.76,0.0373685214668512,0.0461444370448589,0.0396537408232688
1,rnn,layers_3,lorenz_1000,2,0.001,,8,4,25,64,0.0142993303015828,0.0153313372284173,0.0799457505345344,0.0868002027273178,0.8445813059806824,0.8257044553756714,419,2004,73.74,0.0388472292572259,0.0486730970442295,0.0414223074913024
1,rnn,layers_3,lorenz_1000,2,0.001,,8,8,1,64,1.86311353900237e-06,2.123588274116628e-06,0.0010872978018596,0.0011365615064278,0.9999813437461852,0.9999790787696838,419,1398,67.6,0.0016833367291837,0.0018371804617345,0.0016381645109504
1,rnn,layers_3,lorenz_1000,2,0.001,,8,8,13,64,0.0004219527472741,0.0004837879969272,0.0152073875069618,0.0165083557367324,0.9955106973648072,0.9949214458465576,419,1444,83.98,0.0378044944256544,0.0466843545436859,0.0399089455604553
1,rnn,layers_3,lorenz_1000,2,0.001,,8,8,25,64,0.0121103981509804,0.0127410665154457,0.0796101316809654,0.082608662545681,0.8653175234794617,0.8553168773651123,419,924,44.69,0.039146688580513,0.0468991547822952,0.0410636365413665
1,rnn,layers_3,lorenz_1000,2,0.001,,8,16,1,64,2.479663635313045e-06,2.6516884190641576e-06,0.0012343655107542,0.0012515113921836,0.9999744296073914,0.999972641468048,419,1213,92.52,0.0020514456089586,0.0025572483427822,0.0021692106965929
1,rnn,layers_3,lorenz_1000,2,0.001,,8,16,13,64,0.0003990934055764,0.0004780746239703,0.0153082041069865,0.0164601281285285,0.9957450032234192,0.9948902130126952,419,1111,79.68,0.0396374898031353,0.0456324182450771,0.0399003103375434
1,rnn,layers_3,lorenz_1000,2,0.001,,8,16,25,64,0.0044050212018191,0.0062133851461112,0.0489880666136741,0.0584132745862007,0.9530867338180542,0.9302926063537598,419,1866,121.48,0.0399874670224057,0.0468024425208568,0.0424557775259017
1,rnn,layers_1,lorenz_1000,2,0.001,,16,4,1,64,1.787984501788742e-06,1.780631578185421e-06,0.000945558422245,0.000953076290898,0.9999822974205016,0.9999823570251464,387,1249,25.18,0.0008513910230249,0.0008761708158999,0.0008027870208024
1,rnn,layers_1,lorenz_1000,2,0.001,,16,4,13,64,0.0008165966719388,0.0009061780874617,0.0194710828363895,0.0210765674710273,0.9914584755897522,0.9905934929847716,387,2219,46.16,0.0362262280657887,0.0439042672514915,0.0390952602028846
1,rnn,layers_1,lorenz_1000,2,0.001,,16,4,25,64,0.0078878635540604,0.0095140896737575,0.0538621805608272,0.0598419085144996,0.9125607013702391,0.8933614492416382,387,5760,116.4,0.0386113081127405,0.0494955591857433,0.044041983783245
1,rnn,layers_1,lorenz_1000,2,0.001,,16,8,1,64,1.5790334373377846e-06,1.71973908891232e-06,0.0009615319431759,0.0010175715433433,0.9999833106994628,0.9999818801879884,387,1104,26.77,0.0003912867745384,0.0004385017382446,0.0004056236939504
1,rnn,layers_1,lorenz_1000,2,0.001,,16,8,13,64,0.001553438603878,0.0017158717382699,0.0275957528501749,0.0299417078495025,0.9834249019622804,0.9817436933517456,387,1830,44.51,0.0366041263565421,0.0435925088822841,0.0390661098062992
1,rnn,layers_1,lorenz_1000,2,0.001,,16,8,25,64,0.011790451593697,0.0138453254476189,0.0732393339276313,0.0816736072301864,0.8679744005203247,0.8402695059776306,387,1677,41.63,0.0385807547718286,0.0470381341874599,0.0429080910980701
1,rnn,layers_1,lorenz_1000,2,0.001,,16,16,1,64,3.5639334328152472e-06,3.747216169358581e-06,0.0014413916505873,0.0014691799879074,0.9999616742134094,0.9999599456787108,387,830,27.67,0.0003861979348585,0.0004623846034519,0.0004191695770714
1,rnn,layers_1,lorenz_1000,2,0.001,,16,16,13,64,0.0059886272065341,0.0077023184858262,0.0533567853271961,0.0610288456082344,0.9347740411758424,0.9175575971603394,387,1531,51.22,0.0383977996185421,0.0424522012472152,0.0389233157038688
1,rnn,layers_1,lorenz_1000,2,0.001,,16,16,25,64,0.0050716744735836,0.0054568378254771,0.0551238879561424,0.0574605613946914,0.9465842843055724,0.9399074912071228,387,1982,59.74,0.0389434459308783,0.0461909249424934,0.0442195795476436
1,rnn,layers_2,lorenz_1000,2,0.001,,16,4,1,64,2.367755769228097e-06,2.610295723570744e-06,0.0011501044500619,0.00121857074555,0.9999756813049316,0.9999720454216005,931,804,23.58,0.00034120388882,0.000339888385497,0.0003030762600246
1,rnn,layers_2,lorenz_1000,2,0.001,,16,4,13,64,0.0002643849584273,0.0002869298623409,0.0114118410274386,0.0125835062935948,0.9971775412559508,0.9969955682754515,931,1457,42.19,0.0361261405050754,0.0436186380684375,0.0386901535093784
1,rnn,layers_2,lorenz_1000,2,0.001,,16,4,25,64,0.0095682544633746,0.0097997058182954,0.0599228180944919,0.0627449974417686,0.8994863629341125,0.8934108018875122,931,2559,74.25,0.0384914543479681,0.0490068681538105,0.0439903624355793
1,rnn,layers_2,lorenz_1000,2,0.001,,16,8,1,64,2.683302227524109e-06,2.6593440907163317e-06,0.0012900618603453,0.0012891280930489,0.9999749064445496,0.9999773502349854,931,836,31.5,0.0001543228150694,0.0001460018538637,0.0001267404149984
1,rnn,layers_2,lorenz_1000,2,0.001,,16,8,13,64,0.0003808714973274,0.000447330327006,0.014829178340733,0.0156433228403329,0.9960755705833436,0.9952861070632936,931,881,32.92,0.032162956148386,0.0398703999817371,0.0352611504495143
1,rnn,layers_2,lorenz_1000,2,0.001,,16,8,25,64,0.0067962305620312,0.0072694360278546,0.0515126176178455,0.0552942678332328,0.925199806690216,0.918951690196991,931,1496,56.16,0.0382488399744033,0.0445658005774021,0.043011900037527
1,rnn,layers_2,lorenz_1000,2,0.001,,16,16,1,64,1.9809972400253173e-06,2.364701913393219e-06,0.0011352591682225,0.0012450531357899,0.9999816417694092,0.9999761581420898,931,781,42.03,0.0001979056825803,0.0002230418467661,0.0001977549691218
1,rnn,layers_2,lorenz_1000,2,0.001,,16,16,13,64,0.001670135767199,0.0018769160378724,0.0294606555253267,0.0305792056024074,0.9825171232223512,0.979950189590454,931,690,44.68,0.0342533292248845,0.0450676493346691,0.0373902656137943
1,rnn,layers_2,lorenz_1000,2,0.001,,16,16,25,64,0.0029682293534278,0.0032642143778502,0.0421945303678512,0.043661069124937,0.9707140922546388,0.9653872847557068,931,1166,58.53,0.0334002909560998,0.0389251224696636,0.03921614959836
1,rnn,layers_3,lorenz_1000,2,0.001,,16,4,1,64,2.2611072836298263e-06,2.5441893285460537e-06,0.0011435588821768,0.0011958230752497,0.9999772906303406,0.9999741315841676,1475,830,32.91,0.0002070744070806,0.0001719339634291,0.000154685403686
1,rnn,layers_3,lorenz_1000,2,0.001,,16,4,13,64,0.0004026381357107,0.0004255267849657,0.014313455671072,0.0146538661792874,0.9956904053688048,0.995496153831482,1475,995,37.86,0.0353883311152458,0.0440616235136985,0.0388558022677898
1,rnn,layers_3,lorenz_1000,2,0.001,,16,4,25,64,0.0078589059412479,0.0091669140383601,0.0503228716552257,0.0579449124634265,0.9126126766204834,0.8989214301109314,1475,2003,76.4,0.0352401066571474,0.0455575920641422,0.0407254472374916
1,rnn,layers_3,lorenz_1000,2,0.001,,16,8,1,64,3.275438530181418e-06,3.757477315957658e-06,0.0013877396704629,0.0014900988899171,0.9999650120735168,0.9999606609344482,1475,643,34.8,0.0001738651000778,0.0001089840225176,9.964757191482931e-05
1,rnn,layers_3,lorenz_1000,2,0.001,,16,8,13,64,0.0003431628865655,0.0004164375714026,0.0141295911744236,0.0156745798885822,0.9964396357536316,0.9955739974975586,1475,705,34.97,0.025288750603795,0.0276787336915731,0.0267830695956945
1,rnn,layers_3,lorenz_1000,2,0.001,,16,8,25,64,0.0055377408862113,0.0066520045511424,0.0452928096055984,0.050694316625595,0.9407576322555542,0.926748275756836,1475,1075,55.16,0.0315999194979667,0.0381370186805725,0.0366391651332378
1,rnn,layers_3,lorenz_1000,2,0.001,,16,16,1,64,1.8340206224820577e-06,2.164422312489478e-06,0.0010609260061755,0.0011255029821768,0.9999818205833436,0.999978482723236,1475,963,72.37,0.0001811376219848,0.0001093793107429,0.0001175710203824
1,rnn,layers_3,lorenz_1000,2,0.001,,16,16,13,64,0.0002858959487639,0.0003343880234751,0.0123244803398847,0.0130992550402879,0.9970399737358092,0.9965507984161376,1475,771,57.78,0.0249501945450901,0.0289424024522304,0.0265867356210947
1,rnn,layers_3,lorenz_1000,2,0.001,,16,16,25,64,0.0046086004003882,0.0046914522536098,0.0487340837717056,0.0495898239314556,0.9504350423812866,0.947529911994934,1475,784,54.22,0.0225770543846819,0.0253310743719339,0.0247968006879091
1,rnn,layers_1,lorenz_1000,2,0.001,,32,4,1,64,1.0301874908691389e-06,1.081457298823807e-06,0.0007611005567014,0.0007627562736161,0.999988853931427,0.999988317489624,1283,886,18.97,0.0007528985355747,0.0007177363731898,0.0006976977456361
1,rnn,layers_1,lorenz_1000,2,0.001,,32,4,13,64,0.0003846924228128,0.0004171275650151,0.0136819938197731,0.0145081896334886,0.9959232211112976,0.995572865009308,1283,1691,35.26,0.0360347710549831,0.0450126491487026,0.0393441021442413
1,rnn,layers_1,lorenz_1000,2,0.001,,32,4,25,64,0.0093623986467719,0.0110589945688843,0.0598337687551975,0.0663941279053688,0.8949072957038879,0.8764339685440063,1283,2655,55.67,0.0387848276644945,0.0489346496760845,0.0441495403647422
1,rnn,layers_1,lorenz_1000,2,0.001,,32,8,1,64,9.017651905196544e-07,1.070881467057916e-06,0.0007541440427303,0.0007949973805807,0.9999908804893494,0.9999887347221376,1283,872,22.9,0.0003479335166048,0.0003820725250989,0.0003355329681653
1,rnn,layers_1,lorenz_1000,2,0.001,,32,8,13,64,0.0004395220021251,0.0004876146558672,0.0155527787283062,0.0161480605602264,0.9955005049705504,0.9950143098831176,1283,1044,27.59,0.0338991733267903,0.0427011586725711,0.0367889814078807
1,rnn,layers_1,lorenz_1000,2,0.001,,32,8,25,64,0.0071150017902255,0.0075544980354607,0.0486477613449096,0.0520659126341342,0.9224693775177002,0.9172138571739196,1283,1307,34.25,0.038109004497528,0.0448159463703632,0.0427772030234336
1,rnn,layers_1,lorenz_1000,2,0.001,,32,16,1,64,1.7948572121895268e-06,2.0012446384498617e-06,0.0010394470300525,0.0010998883517459,0.999981164932251,0.9999788999557496,1283,830,30.28,0.0001770245879015,0.0001865052181528,0.0001570911117596
1,rnn,layers_1,lorenz_1000,2,0.001,,32,16,13,64,0.0020736888982355,0.0029841149225831,0.0331892594695091,0.0397838987410068,0.9784309267997742,0.9689460396766664,1283,754,26.89,0.0308382522314786,0.0382857136428356,0.0359908826649189
1,rnn,layers_1,lorenz_1000,2,0.001,,32,16,25,64,0.0051758331246674,0.0060497997328639,0.0535232499241828,0.0589646697044372,0.9461928009986876,0.9348946809768676,1283,785,26.17,0.027297953557637,0.0300494637340307,0.0304961130023002
1,rnn,layers_2,lorenz_1000,2,0.001,,32,4,1,64,1.0614958227961324e-06,1.479634079259995e-06,0.0007509485585615,0.0008582481532357,0.999988615512848,0.9999839663505554,3395,565,17.53,0.0002880598578485,0.0002624444896355,0.0002674398419912
1,rnn,layers_2,lorenz_1000,2,0.001,,32,4,13,64,0.0002209266385762,0.0002382070670137,0.0107923783361911,0.0111560439690947,0.9976208806037904,0.9974602460861206,3395,1266,38.83,0.0356558270752429,0.0449964106082916,0.0398589633405208
1,rnn,layers_2,lorenz_1000,2,0.001,,32,4,25,64,0.0091903582215309,0.0107374833896756,0.0571387708187103,0.0662210062146186,0.8968453407287598,0.878648042678833,3395,1359,41.89,0.0387146610766649,0.0494597926735878,0.0441047772765159
1,rnn,layers_2,lorenz_1000,2,0.001,,32,8,1,64,1.881280809357122e-06,2.0675997802754864e-06,0.0010924886446446,0.0011316558811813,0.999981164932251,0.9999788403511048,3395,544,22.13,7.586586252728011e-05,6.828296318417415e-05,6.699865480186418e-05
1,rnn,layers_2,lorenz_1000,2,0.001,,32,8,13,64,0.0002725895610637,0.0003482591127976,0.0119229946285486,0.0136969620361924,0.9972996711730956,0.9964143633842468,3395,796,31.86,0.0348041040822863,0.0424145497381687,0.0399493314325809
1,rnn,layers_2,lorenz_1000,2,0.001,,32,8,25,64,0.0078878756612539,0.0085450066253542,0.0530751273036003,0.058370716869831,0.91571307182312,0.9059260487556458,3395,778,31.46,0.0374872369691729,0.0455573014914989,0.0415965355932712
1,rnn,layers_2,lorenz_1000,2,0.001,,32,16,1,64,1.3319103118192288e-06,1.7552212057125871e-06,0.0008580157300457,0.0009774561040103,0.9999862313270568,0.9999819397926332,3395,490,30.23,4.931237799610244e-05,4.432621790328994e-05,4.644957516575232e-05
1,rnn,layers_2,lorenz_1000,2,0.001,,32,16,13,64,0.000541956804227,0.0007414482533931,0.0175978150218725,0.0203229207545518,0.9943771362304688,0.9920724034309388,3395,670,41.3,0.0299210017547011,0.0394169390201568,0.035018291324377
1,rnn,layers_2,lorenz_1000,2,0.001,,32,16,25,64,0.0045674694702029,0.0046288617886602,0.0448746234178543,0.046574268490076,0.9527730345726012,0.9498511552810668,3395,714,39.33,0.0273171106560362,0.0353794060647487,0.0377910248935222
1,rnn,layers_3,lorenz_1000,2,0.001,,32,4,1,64,3.273546553828055e-06,3.436568249526317e-06,0.0014390621799975,0.0014715961879119,0.9999687671661376,0.9999679327011108,5507,511,20.89,7.221427622425836e-05,6.506511272164062e-05,5.981602589599788e-05
1,rnn,layers_3,lorenz_1000,2,0.001,,32,4,13,64,0.0001893105800263,0.0002335229510208,0.0092231892049312,0.0105867097154259,0.9980387687683104,0.9975453019142152,5507,822,33.35,0.0357658673077821,0.0447857342660427,0.0393408052623271
1,rnn,layers_3,lorenz_1000,2,0.001,,32,4,25,64,0.0066362293437123,0.007156983949244,0.0464165955781936,0.05091018602252,0.9286509156227112,0.92317533493042,5507,1103,44.3,0.0383658703416585,0.0483026094734668,0.0433321110904216
1,rnn,layers_3,lorenz_1000,2,0.001,,32,8,1,64,3.100458798144245e-06,3.579410531528993e-06,0.0013832587283104,0.0014772717840969,0.9999744296073914,0.9999714493751526,5507,475,25.67,6.14102838881081e-05,3.943894625990652e-05,3.870997534249909e-05
1,rnn,layers_3,lorenz_1000,2,0.001,,32,8,13,64,0.0002415867784293,0.0002882428816519,0.010669132694602,0.0119739081710577,0.997431755065918,0.9969292283058168,5507,578,31.74,0.0166251153685152,0.0166817493736743,0.0166712682694196
1,rnn,layers_3,lorenz_1000,2,0.001,,32,8,25,64,0.0054126186296343,0.0062781069427728,0.0438008457422256,0.0483466945588588,0.942263960838318,0.9318962693214417,5507,792,45.44,0.0252721216529607,0.0316982381045818,0.0306293442845344
1,rnn,layers_3,lorenz_1000,2,0.001,,32,16,1,64,2.892907332352479e-06,3.078319878113689e-06,0.0013086603721603,0.001326571800746,0.9999707341194152,0.9999681115150452,5507,511,59.35,5.91246694966685e-05,2.9244745746837e-05,3.1291328923543915e-05
1,rnn,layers_3,lorenz_1000,2,0.001,,32,16,13,64,0.0002923877036664,0.0003080969909206,0.0116747040301561,0.0121593046933412,0.9968990683555604,0.9967262148857116,5507,640,54.11,0.020444931089878,0.0276046246290206,0.0217603798955678
1,rnn,layers_3,lorenz_1000,2,0.001,,32,16,25,64,0.001584691577591,0.0022124925162643,0.0267639644443988,0.0328656882047653,0.9846044182777404,0.9764002561569214,5507,664,52.85,0.0175242784122626,0.0203458350151777,0.0195865500718355
1,rnn,layers_1,lorenz_1000,3,0.001,,8,4,1,64,1.880166337286937e-06,1.7748769778336282e-06,0.0009816337842494,0.0009516558493487,0.9999801516532898,0.999981164932251,131,2126,42.37,0.0015172321349382,0.0019532241858541,0.0016043396899476
1,rnn,layers_1,lorenz_1000,3,0.001,,8,4,13,64,0.0383240804076194,0.0402753464877605,0.1541904658079147,0.1564178168773651,0.4188309013843536,0.4524540603160858,131,425,10.76,0.0384008042514324,0.0434371083974838,0.0393314473330974
1,rnn,layers_1,lorenz_1000,3,0.001,,8,4,25,64,0.0430804193019866,0.044267863035202,0.1578155755996704,0.1613982915878296,0.3016560971736908,0.337515115737915,131,409,8.2,0.0394734052941203,0.0463727004826068,0.0425739176571369
1,rnn,layers_1,lorenz_1000,3,0.001,,8,8,1,64,2.3158618205343373e-06,2.1791188373754267e-06,0.0011186092160642,0.0010788540821522,0.9999754428863524,0.9999767541885376,131,2064,51.76,0.0018570648739114,0.0023232356179505,0.001995104830712
1,rnn,layers_1,lorenz_1000,3,0.001,,8,8,13,64,0.0350804924964904,0.0394156649708747,0.144892930984497,0.151942104101181,0.4993961751461029,0.4615114331245422,131,427,13.42,0.0362681547179818,0.0426187142729759,0.0392962284386158
1,rnn,layers_1,lorenz_1000,3,0.001,,8,8,25,64,0.0418408624827861,0.0422025024890899,0.1567990332841873,0.1585399061441421,0.337840586900711,0.3798956274986267,131,429,10.21,0.0372055609710514,0.0471577681601047,0.042770329862833
1,rnn,layers_1,lorenz_1000,3,0.001,,8,16,1,64,2.62679168372415e-06,2.4747037059569266e-06,0.0012055598199367,0.0011752160498872,0.999971866607666,0.9999735951423644,131,1618,50.99,0.0018859048723243,0.0023596612736582,0.002002663211897
1,rnn,layers_1,lorenz_1000,3,0.001,,8,16,13,64,0.0331235788762569,0.0372975058853626,0.1419903635978698,0.1487245112657547,0.5461159944534302,0.4869565069675445,131,432,13.63,0.038525503873825,0.0419420078396797,0.0395295806229114
1,rnn,layers_1,lorenz_1000,3,0.001,,8,16,25,64,0.0113604012876749,0.0108756236732006,0.0820862874388694,0.0802962630987167,0.8756094574928284,0.8787963390350342,131,1498,45.61,0.0395513479080465,0.0440160222351551,0.0434543825685977
1,rnn,layers_2,lorenz_1000,3,0.001,,8,4,1,64,2.294539854119648e-06,2.7795056212198688e-06,0.0012057065032422,0.0013254861114546,0.9999768733978271,0.9999714493751526,275,1557,44.9,0.0019394685514271,0.0022251557093113,0.0019932540599256
1,rnn,layers_2,lorenz_1000,3,0.001,,8,4,13,64,0.0004014387086499,0.0004292810335755,0.015610652975738,0.0157756134867668,0.9957058429718018,0.995409905910492,275,3100,91.35,0.0388977689668536,0.0445483364164829,0.0402690395712852
1,rnn,layers_2,lorenz_1000,3,0.001,,8,4,25,64,0.016079768538475,0.0172008965164423,0.0870217159390449,0.0932736247777938,0.8196731805801392,0.798511803150177,275,2049,68.95,0.0403017062693834,0.0481402985751628,0.0450666211545467
1,rnn,layers_2,lorenz_1000,3,0.001,,8,8,1,64,1.7215699017469888e-06,1.8635004153111367e-06,0.0009673212771303,0.0009996356675401,0.9999815821647644,0.999980330467224,275,1653,60.86,0.0011587763146962,0.0013652199413627,0.0011973383370786
1,rnn,layers_2,lorenz_1000,3,0.001,,8,8,13,64,0.0006376836681738,0.0007075535831972,0.0197484511882066,0.0209740623831748,0.9935010075569152,0.9925379753112792,275,1706,65.32,0.0368595253676176,0.0455980747938156,0.0409120470285415
1,rnn,layers_2,lorenz_1000,3,0.001,,8,8,25,64,0.0115341646596789,0.0121642770245671,0.0738791152834892,0.0774572640657424,0.8727803826332092,0.8633280396461487,275,2081,75.8,0.0381802296265959,0.0473757237195968,0.0446752645075321
1,rnn,layers_2,lorenz_1000,3,0.001,,8,16,1,64,1.96715541278536e-06,2.0616312212951016e-06,0.0010687444591894,0.0011183997849002,0.9999788403511048,0.9999784231185912,275,1590,88.72,0.0012494238151703,0.0013981136726215,0.0012088437797501
1,rnn,layers_2,lorenz_1000,3,0.001,,8,16,13,64,0.0023492558393627,0.0033631795085966,0.0370678268373012,0.0415835082530975,0.974660873413086,0.9641131162643432,275,1203,62.9,0.039080704934895,0.0433489121496677,0.0405614972114563
1,rnn,layers_2,lorenz_1000,3,0.001,,8,16,25,64,0.0073881489224731,0.0084687462076544,0.0604178383946418,0.0679494738578796,0.921112895011902,0.9039252996444702,275,1583,73.74,0.0403770903746287,0.0463941097259521,0.0463097356259822
1,rnn,layers_3,lorenz_1000,3,0.001,,8,4,1,64,3.6448177525016953e-06,4.1482662709313445e-06,0.0015485648764297,0.001610639039427,0.999964952468872,0.9999603629112244,419,915,33.48,0.0006089131435146,0.0005745745729655,0.0005421577370725
1,rnn,layers_3,lorenz_1000,3,0.001,,8,4,13,64,0.0004417726304382,0.0004948696587234,0.0149134350940585,0.0163266193121671,0.995521366596222,0.9948897361755372,419,1981,74.55,0.0384475970640778,0.0446322672069072,0.0400562323629856
1,rnn,layers_3,lorenz_1000,3,0.001,,8,4,25,64,0.0103641105815768,0.011647786013782,0.0667003840208053,0.0705754160881042,0.8918368816375732,0.8708769083023071,419,2488,93.5,0.0388523586094379,0.0459519438445568,0.0418738797307014
1,rnn,layers_3,lorenz_1000,3,0.001,,8,8,1,64,3.162265556966304e-06,4.295492544770241e-06,0.0013979643117636,0.0015885131433606,0.9999665021896362,0.999954104423523,419,1033,50.87,0.0005481570144183,0.0005773565499112,0.0005222662584856
1,rnn,layers_3,lorenz_1000,3,0.001,,8,8,13,64,0.0004361755272839,0.000439944473328,0.0150784654542803,0.0156703125685453,0.9953482747077942,0.9953161478042604,419,1392,66.39,0.0347602944821119,0.0430778786540031,0.0395689457654953
1,rnn,layers_3,lorenz_1000,3,0.001,,8,8,25,64,0.0095864618197083,0.011085188947618,0.0634522140026092,0.0677942335605621,0.893352210521698,0.8740724921226501,419,1943,94.07,0.0355916053056716,0.0462215729057788,0.0441258996725082
1,rnn,layers_3,lorenz_1000,3,0.001,,8,16,1,64,3.4807121664925944e-06,4.2283563743694685e-06,0.0014356167521327,0.0015627506654709,0.9999642968177797,0.9999570846557616,419,798,58.05,0.0006505357509013,0.0006402091239579,0.0005556925898417
1,rnn,layers_3,lorenz_1000,3,0.001,,8,16,13,64,0.0027279274072498,0.0027322154492139,0.0394125916063785,0.0388801768422126,0.971195638179779,0.9714483618736268,419,771,54.83,0.0388557869940996,0.0443323850631713,0.0401502028107643
1,rnn,layers_3,lorenz_1000,3,0.001,,8,16,25,64,0.0065170060843229,0.0073336884379386,0.062219925224781,0.0666969269514083,0.9377711415290833,0.9244712591171264,419,1004,68.06,0.0322528464926613,0.0390435792505741,0.0390504449605941
1,rnn,layers_1,lorenz_1000,3,0.001,,16,4,1,64,1.5709524632256944e-06,1.5969350215527811e-06,0.0009105037897825,0.0008957615937106,0.9999845623970032,0.9999834299087524,387,1178,23.89,0.0013925883104093,0.0015914659015834,0.0014050076715648
1,rnn,layers_1,lorenz_1000,3,0.001,,16,4,13,64,0.0004076562472619,0.0004306178016122,0.0142628075554966,0.0145833669230341,0.9956670999526978,0.9954161643981934,387,2863,60.8,0.0383108442649245,0.0439049154520034,0.0388156734406948
1,rnn,layers_1,lorenz_1000,3,0.001,,16,4,25,64,0.0433908104896545,0.043811559677124,0.1585269421339035,0.1605704575777053,0.2952287197113037,0.3528619408607483,387,419,8.42,0.0399386135861277,0.0471841394901275,0.0430226288735866
1,rnn,layers_1,lorenz_1000,3,0.001,,16,8,1,64,1.0725017318691243e-06,1.03260549622064e-06,0.0007561845122836,0.0007232515490613,0.999988853931427,0.9999891519546508,387,1372,34.22,0.001438685785979,0.0017777415923774,0.0015560262836515
1,rnn,layers_1,lorenz_1000,3,0.001,,16,8,13,64,0.0010241337586194,0.0012085103662684,0.024199292063713,0.0265307836234569,0.989014446735382,0.987118124961853,387,1203,29.36,0.0357601836323738,0.0440540052950382,0.0389992743730545
1,rnn,layers_1,lorenz_1000,3,0.001,,16,8,25,64,0.0103335408493876,0.0121707264333963,0.0653996989130973,0.0750718414783477,0.8867919445037842,0.8642664551734924,387,2708,66.17,0.0370950440876185,0.047715064138174,0.0434273742139339
1,rnn,layers_1,lorenz_1000,3,0.001,,16,16,1,64,9.55588006945618e-07,1.019102342070255e-06,0.0007831919356249,0.0007956137997098,0.9999895691871644,0.9999892711639404,387,1322,43.18,0.0015169535065069,0.001857184106484,0.0015777454245835
1,rnn,layers_1,lorenz_1000,3,0.001,,16,16,13,64,0.0030994957778602,0.0036150400992482,0.0441911667585372,0.0465127676725387,0.9673522114753724,0.9635961651802064,387,1450,49.52,0.0385179651901125,0.0425913780927658,0.0389435663819313
1,rnn,layers_1,lorenz_1000,3,0.001,,16,16,25,64,0.0143527369946241,0.0152924740687012,0.0850041583180427,0.0911768898367881,0.8589602112770081,0.8301958441734314,387,891,27.24,0.0396158558626969,0.0444815941154956,0.0438831038773059
1,rnn,layers_2,lorenz_1000,3,0.001,,16,4,1,64,1.6345361473213416e-06,1.6050333897510427e-06,0.0009152413113042,0.0008856547065079,0.999983251094818,0.9999837279319764,931,784,23.82,0.0003742768254596,0.0004069816495757,0.0003483476757537
1,rnn,layers_2,lorenz_1000,3,0.001,,16,4,13,64,0.0004463108489289,0.0004326952912379,0.0146833024919033,0.0147480620071291,0.9953153729438782,0.9956119656562804,931,1362,40.44,0.0381519112735986,0.0435430891811847,0.0388828255236148
1,rnn,layers_2,lorenz_1000,3,0.001,,16,4,25,64,0.0085618169978261,0.0098504181951284,0.054354328662157,0.0596916936337947,0.9063236117362976,0.8893808722496033,931,2214,65.73,0.0403195621445775,0.0463713854551315,0.0432425625622272
1,rnn,layers_2,lorenz_1000,3,0.001,,16,8,1,64,1.0511495247556013e-06,1.12865916435112e-06,0.000762487470638,0.000821434368845,0.9999892711639404,0.9999886751174928,931,953,35.68,0.000283860960917,0.000289623538265,0.000239581320784
1,rnn,layers_2,lorenz_1000,3,0.001,,16,8,13,64,0.0004767320933751,0.0005370396538637,0.0155609725043177,0.0164458807557821,0.9950597286224364,0.994475483894348,931,868,32.64,0.0356331342831254,0.0443198792636394,0.039115697145462
1,rnn,layers_2,lorenz_1000,3,0.001,,16,8,25,64,0.0063216127455234,0.0072499145753681,0.0543563328683376,0.057259052991867,0.9343364238739014,0.9214845299720764,931,1942,70.87,0.0377712044864892,0.0471448451280593,0.0432967767119407
1,rnn,layers_2,lorenz_1000,3,0.001,,16,16,1,64,9.374996920996636e-07,1.0132331453860388e-06,0.0007212401833385,0.0007387367659248,0.9999898672103882,0.9999892115592957,931,933,64.97,0.0003574312111595,0.0003360746486578,0.0002979778510052
1,rnn,layers_2,lorenz_1000,3,0.001,,16,16,13,64,0.0016603430267423,0.0020026471465826,0.0295875128358602,0.0321820266544818,0.9821611642837524,0.978544294834137,931,817,63.24,0.0384103387594223,0.0425548404455184,0.0389640517532825
1,rnn,layers_2,lorenz_1000,3,0.001,,16,16,25,64,0.0087065249681472,0.008709006011486,0.0649652034044265,0.0675704479217529,0.9060600996017456,0.9038404822349548,931,704,35.35,0.0392405904001659,0.0447918027639389,0.0442883558571338
1,rnn,layers_3,lorenz_1000,3,0.001,,16,4,1,64,2.766212446658756e-06,3.094497515121475e-06,0.0012726583518087,0.0013600048841908,0.999971091747284,0.9999676942825316,1475,644,24.48,0.0001781438586476,0.000171876818058,0.0001529254805063
1,rnn,layers_3,lorenz_1000,3,0.001,,16,4,13,64,0.0002080692065646,0.0001935958425747,0.0104659022763371,0.0100459018722176,0.9977682828903198,0.9979382157325744,1475,958,37.12,0.0372352628037333,0.0420101135969162,0.03796898573637
1,rnn,layers_3,lorenz_1000,3,0.001,,16,4,25,64,0.0120991449803113,0.0125861875712871,0.0698321163654327,0.0760801136493682,0.8702493906021118,0.859946608543396,1475,1054,53.96,0.0397654898464679,0.0457954443991184,0.0424387268722057
1,rnn,layers_3,lorenz_1000,3,0.001,,16,8,1,64,2.9232539873191854e-06,3.082222747252672e-06,0.0012866596225649,0.0013184990966692,0.9999684691429138,0.9999670386314392,1475,674,35.88,0.000144323985296,0.0001109489894588,0.0001037052934407
1,rnn,layers_3,lorenz_1000,3,0.001,,16,8,13,64,0.0002366462285863,0.0002706972009036,0.0108939446508884,0.0122132338583469,0.9975088238716124,0.9971581697463988,1475,673,35.67,0.0252403385937213,0.0265909023582935,0.0258004888892173
1,rnn,layers_3,lorenz_1000,3,0.001,,16,8,25,64,0.0067374585196375,0.0069012115709483,0.0515731871128082,0.0517583526670932,0.9283634424209596,0.9256532788276672,1475,1252,66.52,0.0337735652923584,0.0400015227496624,0.0379390493035316
1,rnn,layers_3,lorenz_1000,3,0.001,,16,16,1,64,2.3295983737625647e-06,2.868630645025405e-06,0.0012143889907747,0.0013481570640578,0.9999768137931824,0.9999722838401794,1475,687,51.43,0.0001692304795142,0.0001409047545166,0.000122125056805
1,rnn,layers_3,lorenz_1000,3,0.001,,16,16,13,64,0.0003236306656617,0.0003927185607608,0.013854494318366,0.0148776797577738,0.9965881109237672,0.9958804845809937,1475,712,55.54,0.0280123138800263,0.0299407206475734,0.0294839590787887
1,rnn,layers_3,lorenz_1000,3,0.001,,16,16,25,64,0.0030442511197179,0.0037115411832928,0.0383190959692001,0.0445261113345623,0.9695428013801576,0.9600136876106262,1475,830,56.72,0.0259992194672425,0.0302995946258306,0.0299221314489841
1,rnn,layers_1,lorenz_1000,3,0.001,,32,4,1,64,1.6302750509566977e-06,1.783389734555385e-06,0.0009323336416855,0.0009647932020016,0.9999825954437256,0.999980926513672,1283,905,19.78,0.0006020065542543,0.0007147401920519,0.0006857222761027
1,rnn,layers_1,lorenz_1000,3,0.001,,32,4,13,64,0.0004001031629741,0.0004139656957704,0.0136267840862274,0.0142394518479704,0.9957236051559448,0.9956027865409852,1283,1571,42.12,0.0382386848330497,0.0429252535104751,0.038906306028366
1,rnn,layers_1,lorenz_1000,3,0.001,,32,4,25,64,0.0107845701277256,0.0115476297214627,0.062639482319355,0.0666421502828598,0.8788323998451233,0.8711908459663391,1283,2479,51.75,0.0401126679033041,0.0460897497832775,0.0426693856716156
1,rnn,layers_1,lorenz_1000,3,0.001,,32,8,1,64,6.418399038921052e-07,7.281502689693298e-07,0.0006018092972226,0.0006340316613204,0.999993085861206,0.9999922513961792,1283,954,25.24,0.000243074305763,0.000234575883951,0.0002179614821216
1,rnn,layers_1,lorenz_1000,3,0.001,,32,8,13,64,0.000732269429136,0.0008484074496664,0.0190410446375608,0.0207661967724561,0.992629051208496,0.991056740283966,1283,741,20.34,0.0352540960535407,0.0422175452113151,0.0373170897364616
1,rnn,layers_1,lorenz_1000,3,0.001,,32,8,25,64,0.0080810114741325,0.0088804922997951,0.0559698231518268,0.0600907243788242,0.9125886559486388,0.9007912874221802,1283,1311,34.1,0.0372914507985115,0.0473582372069358,0.0433452501893043
1,rnn,layers_1,lorenz_1000,3,0.001,,32,16,1,64,1.0225014648312936e-06,1.0865962849493371e-06,0.0007112097227945,0.0007392937550321,0.9999890327453612,0.999988317489624,1283,672,24.2,0.0003298587078461,0.0003443367022555,0.0003092497645411
1,rnn,layers_1,lorenz_1000,3,0.001,,32,16,13,64,0.0027704599779099,0.0038418197073042,0.0368519835174083,0.0413269735872745,0.9713253378868104,0.9610710144042968,1283,692,24.89,0.0350682461634278,0.0421712324023246,0.0392745770514011
1,rnn,layers_1,lorenz_1000,3,0.001,,32,16,25,64,0.007919268682599,0.0084671126678586,0.0691398456692695,0.0723518580198288,0.9188152551651,0.913695752620697,1283,680,22.49,0.039194637702571,0.0438707247376441,0.0438010804355144
1,rnn,layers_2,lorenz_1000,3,0.001,,32,4,1,64,4.2591777855705e-06,3.4448460155545035e-06,0.0014887528959661,0.0013237241655588,0.9999628067016602,0.9999664425849916,3395,516,15.78,0.0001029917926643,0.0001113307662308,0.0001035679888445
1,rnn,layers_2,lorenz_1000,3,0.001,,32,4,13,64,0.0002071841590804,0.0002069781476166,0.0101737491786479,0.0101974476128816,0.9978121519088744,0.9978010058403016,3395,1090,34.07,0.0374528707936406,0.0418615005910396,0.0384906008839607
1,rnn,layers_2,lorenz_1000,3,0.001,,32,4,25,64,0.0074241776019334,0.009089563973248,0.0468543879687786,0.0553825758397579,0.9183611273765564,0.8984159827232361,3395,1326,40.58,0.0402815535664558,0.0459904596209526,0.0437078103423118
1,rnn,layers_2,lorenz_1000,3,0.001,,32,8,1,64,2.0169934487057617e-06,2.4253258743556216e-06,0.0010822295444086,0.0011611407389864,0.9999822974205016,0.9999759793281556,3395,552,30.02,3.685043066070648e-05,3.2232095691142604e-05,3.4340177080594e-05
1,rnn,layers_2,lorenz_1000,3,0.001,,32,8,13,64,0.0002475999353919,0.0003802475694101,0.0112147498875856,0.0136435143649578,0.9973497986793518,0.9959689974784852,3395,615,24.78,0.0187310454435646,0.0193721242249012,0.0187884364277124
1,rnn,layers_2,lorenz_1000,3,0.001,,32,8,25,64,0.0063565378077328,0.007419844623655,0.0520875863730907,0.054501499980688,0.9331727027893066,0.918916881084442,3395,709,29.63,0.026796480640769,0.0415823310613632,0.0352350659668445
1,rnn,layers_2,lorenz_1000,3,0.001,,32,16,1,64,1.7501221236670972e-06,1.8466943174644257e-06,0.001038011861965,0.0010586180724203,0.9999813437461852,0.999980330467224,3395,517,31.88,3.194651726516895e-05,3.643212403403595e-05,3.4104756196029484e-05
1,rnn,layers_2,lorenz_1000,3,0.001,,32,16,13,64,0.001072343555279,0.0011597999837249,0.0245856549590826,0.0253198556602001,0.9886230826377868,0.9886675477027892,3395,581,35.46,0.0174185453914105,0.0239150933921337,0.0240761842578649
1,rnn,layers_2,lorenz_1000,3,0.001,,32,16,25,64,0.0017806129762902,0.0022680338006466,0.0299705527722835,0.0339603088796138,0.9814151525497437,0.9753077030181884,3395,816,45.98,0.0238792401634984,0.0247329287230968,0.0254570357501506
1,rnn,layers_3,lorenz_1000,3,0.001,,32,4,1,64,4.386084128782386e-06,3.907195605279412e-06,0.0015842805150896,0.00147547328379,0.9999538064002992,0.9999590516090392,5507,507,27.84,8.018552798603196e-05,6.409704656107351e-05,5.746888200519607e-05
1,rnn,layers_3,lorenz_1000,3,0.001,,32,4,13,64,0.0001733482349663,0.0001720186410238,0.0092554679140448,0.0092959338799119,0.9981542229652404,0.9981688857078552,5507,671,26.75,0.0349867673590779,0.0388921499252319,0.0371802300214767
1,rnn,layers_3,lorenz_1000,3,0.001,,32,4,25,64,0.0089115444570779,0.0095084067434072,0.0531421564519405,0.0576677098870277,0.9047826528549194,0.8955807685852051,5507,875,36.35,0.0379398934543132,0.0496075339615345,0.0445372425019741
1,rnn,layers_3,lorenz_1000,3,0.001,,32,8,1,64,1.9031436977456904e-06,2.1201012714300305e-06,0.0010430845431983,0.0010719345882534,0.99998277425766,0.9999784231185912,5507,524,29.18,4.004549500677967e-05,2.4100421796902083e-05,2.4360795578104444e-05
1,rnn,layers_3,lorenz_1000,3,0.001,,32,8,13,64,0.0001376169384457,0.0002061003178823,0.0082370154559612,0.0100727509707212,0.998538076877594,0.9978124499320984,5507,543,30.8,0.0115862108767032,0.0109714241698384,0.0090902019292116
1,rnn,layers_3,lorenz_1000,3,0.001,,32,8,25,64,0.0062218937091529,0.006528531666845,0.0482291989028453,0.0481507815420627,0.937981367111206,0.9310904741287231,5507,597,32.87,0.022565082181245,0.0335924625396728,0.0283237379044294
1,rnn,layers_3,lorenz_1000,3,0.001,,32,16,1,64,2.106498413922964e-06,2.2137978703540284e-06,0.001131243770942,0.0011567665496841,0.9999837279319764,0.9999802708625792,5507,490,43.17,3.5650790414365475e-05,4.975838601239957e-05,4.564701521303505e-05
1,rnn,layers_3,lorenz_1000,3,0.001,,32,16,13,64,0.000204689669772,0.0001492875308031,0.0099517488852143,0.0092127248644828,0.9979093670845032,0.9985222220420836,5507,652,56.33,0.016314997896552,0.0207533799111843,0.0164208672940731
1,rnn,layers_3,lorenz_1000,3,0.001,,32,16,25,64,0.0016549689462408,0.0018626418896019,0.0269542951136827,0.0286969766020774,0.9828904271125792,0.9798203110694884,5507,596,48.92,0.018212790807916,0.0174460150301456,0.0153328347951173
1,rnn,layers_1,lorenz_1000,4,0.001,,8,4,1,64,1.8835104356185184e-06,2.0286638573452365e-06,0.000987954204902,0.0010135822230949,0.9999802708625792,0.99997878074646,131,1864,37.95,0.0033583211014047,0.0041700294241309,0.0035669263452291
1,rnn,layers_1,lorenz_1000,4,0.001,,8,4,13,64,0.001225407118909,0.0013139055809006,0.0259120929986238,0.0275133904069662,0.9868192076683044,0.9858827590942384,131,5594,112.18,0.038470203615725,0.046002060174942,0.0397644899785518
1,rnn,layers_1,lorenz_1000,4,0.001,,8,4,25,64,0.0193142630159854,0.0196701623499393,0.0989516228437423,0.1043354272842407,0.7800912857055664,0.7668874859809875,131,2984,62.87,0.0390338826924562,0.04649393633008,0.0403555445373058
1,rnn,layers_1,lorenz_1000,4,0.001,,8,8,1,64,1.0991476528943167e-06,1.1868469300679862e-06,0.0008216522401198,0.0008397006313316,0.9999892115592957,0.9999882578849792,131,1732,41.83,0.0041678158333525,0.005339644383639,0.0044920681975781
1,rnn,layers_1,lorenz_1000,4,0.001,,8,8,13,64,0.0038150127511471,0.0040710587054491,0.0447223670780658,0.0464288182556629,0.9583475589752196,0.955835461616516,131,1528,36.64,0.0364531647413969,0.0432639382779598,0.0386640541255474
1,rnn,layers_1,lorenz_1000,4,0.001,,8,8,25,64,0.0170855280011892,0.0173825416713953,0.097447283565998,0.099800705909729,0.8014426827430725,0.8007146716117859,131,2641,84.43,0.0377171698957681,0.0436970479786396,0.039562951773405
1,rnn,layers_1,lorenz_1000,4,0.001,,8,16,1,64,1.2119483017158927e-06,1.127909058595833e-06,0.0008350273710675,0.0007966597331687,0.9999874830245972,0.9999885559082032,131,1565,49.4,0.0044269397156313,0.0055581755004823,0.0044582094997167
1,rnn,layers_1,lorenz_1000,4,0.001,,8,16,13,64,0.0069364719092845,0.0072527234442532,0.0607196912169456,0.0630587339401245,0.9247735142707824,0.9245709776878356,131,2231,72.46,0.0387780101969838,0.0439904481172561,0.0391666330397129
1,rnn,layers_1,lorenz_1000,4,0.001,,8,16,25,64,0.0090508824214339,0.0085228467360138,0.0717336758971214,0.0700396373867988,0.9006193280220032,0.902721345424652,131,1545,45.09,0.0410518969098726,0.0467830523848533,0.0450114756822586
1,rnn,layers_2,lorenz_1000,4,0.001,,8,4,1,64,1.649264277148177e-06,1.6271934555334155e-06,0.0010603152913972,0.0010257542598992,0.99998277425766,0.999983251094818,275,1183,33.75,0.0005363092786865,0.0006261721719056,0.0005767823895439
1,rnn,layers_2,lorenz_1000,4,0.001,,8,4,13,64,0.0004105464031454,0.0004870855191256,0.0150028383359313,0.016369828954339,0.9955779910087584,0.994836926460266,275,1997,57.91,0.0383125538006424,0.0450285971164703,0.0396044589579105
1,rnn,layers_2,lorenz_1000,4,0.001,,8,4,25,64,0.0110492585226893,0.0127636501565575,0.0649762973189354,0.0726324617862701,0.878499448299408,0.8548468947410583,275,2972,85.13,0.0385570354759693,0.0465654581785202,0.0415307991206646
1,rnn,layers_2,lorenz_1000,4,0.001,,8,8,1,64,7.672118044865783e-06,9.061102900886908e-06,0.0022282295394688,0.002458703238517,0.9999247789382936,0.9999121427536012,275,872,31.48,0.0006231650069821,0.000646557600703,0.000580659485422
1,rnn,layers_2,lorenz_1000,4,0.001,,8,8,13,64,0.0008780593634583,0.0010682536521926,0.0230428203940391,0.024663446471095,0.9906134605407716,0.9886249303817748,275,1113,40.25,0.0327108491212129,0.0434334240853786,0.0361955240368843
1,rnn,layers_2,lorenz_1000,4,0.001,,8,8,25,64,0.0097850626334548,0.0112829161807894,0.0659519657492637,0.0737945735454559,0.8926841020584106,0.8734767436981201,275,1598,57.97,0.0364308383315801,0.0450165942311286,0.0415292866528034
1,rnn,layers_2,lorenz_1000,4,0.001,,8,16,1,64,3.820159236056497e-06,4.691863068728708e-06,0.0014980926644057,0.0016438451129943,0.9999604225158693,0.9999522566795348,275,1060,55.27,0.0006074697244912,0.0007068384438753,0.0005801744991913
1,rnn,layers_2,lorenz_1000,4,0.001,,8,16,13,64,0.0022652763873338,0.0021895167883485,0.033375933766365,0.033779103308916,0.9770615696907043,0.9771338701248168,275,1116,58.63,0.0369404036551713,0.0415582284331321,0.0356303341686725
1,rnn,layers_2,lorenz_1000,4,0.001,,8,16,25,64,0.0079800505191087,0.0093091297894716,0.0651450306177139,0.0721514523029327,0.916497766971588,0.8965325951576233,275,1525,70.17,0.0379156433045864,0.0429893992841243,0.0430607981979846
1,rnn,layers_3,lorenz_1000,4,0.001,,8,4,1,64,4.465550773602445e-06,4.324645033193519e-06,0.0015744260745123,0.0015679441858083,0.9999579787254332,0.9999596476554872,419,1205,45.39,0.0005198639380978,0.0005472125485539,0.0004307432973291
1,rnn,layers_3,lorenz_1000,4,0.001,,8,4,13,64,0.0008656265563331,0.0008658535662107,0.0202813223004341,0.0208644196391105,0.9906510710716248,0.9907248616218568,419,1442,54.04,0.0384329553693532,0.0455591268837451,0.0399650074541568
1,rnn,layers_3,lorenz_1000,4,0.001,,8,4,25,64,0.0088140554726123,0.0091335447505116,0.0579169765114784,0.0606199689209461,0.9014540314674376,0.8984453082084656,419,2558,96.02,0.0379721237346529,0.0476992130279541,0.0428130440413951
1,rnn,layers_3,lorenz_1000,4,0.001,,8,8,1,64,3.586617140172166e-06,3.927308171114419e-06,0.00151058123447,0.0016042076749727,0.9999631643295288,0.9999607801437378,419,1030,50.39,0.0009641759563237,0.0010452035348862,0.0009337922092527
1,rnn,layers_3,lorenz_1000,4,0.001,,8,8,13,64,0.0004749639192596,0.0004633781209122,0.0159646142274141,0.015537672676146,0.9949358701705932,0.995155930519104,419,1580,77.45,0.0343241982161998,0.0435433350503444,0.0380456112325191
1,rnn,layers_3,lorenz_1000,4,0.001,,8,8,25,64,0.0080776698887348,0.0092627080157399,0.0518261045217514,0.0587193071842193,0.9109156727790833,0.8955976366996765,419,1852,89.46,0.0339365726336836,0.0424932688474655,0.0428248941898345
1,rnn,layers_3,lorenz_1000,4,0.001,,8,16,1,64,2.9457805794663727e-06,2.75450815934164e-06,0.0012766312574967,0.0012528765946626,0.9999685883522034,0.9999706149101256,419,1124,82.22,0.0010176806244999,0.0011430258164182,0.0009157649474218
1,rnn,layers_3,lorenz_1000,4,0.001,,8,16,13,64,0.0008783049997873,0.0007952198502607,0.022237392142415,0.0213558208197355,0.9906708002090454,0.9915999174118042,419,874,60.89,0.0376766851171851,0.0426596999168396,0.0378969386219978
1,rnn,layers_3,lorenz_1000,4,0.001,,8,16,25,64,0.0043961843475699,0.0050224415026605,0.050821840763092,0.0550589114427566,0.9539243578910828,0.946799635887146,419,808,51.34,0.031209441108836,0.0344435907900333,0.0370730683207511
1,rnn,layers_1,lorenz_1000,4,0.001,,16,4,1,64,1.1247307156736497e-06,1.4166851087793475e-06,0.0007672223146073,0.0008772877044975,0.9999879002571106,0.999984860420227,387,1360,27.66,0.0007604467507917,0.0008215527050197,0.0007433368591591
1,rnn,layers_1,lorenz_1000,4,0.001,,16,4,13,64,0.0007428649696521,0.0008254098356701,0.0200712420046329,0.0207289550453424,0.9920230507850648,0.9911826848983764,387,2416,49.18,0.0381807269528508,0.0451468490064144,0.0394296534359455
1,rnn,layers_1,lorenz_1000,4,0.001,,16,4,25,64,0.0117619149386882,0.0138806477189064,0.0668112263083458,0.0768313035368919,0.8697419762611389,0.8393082022666931,387,3816,76.4,0.0383641358464956,0.0469487160444259,0.0432086884975433
1,rnn,layers_1,lorenz_1000,4,0.001,,16,8,1,64,1.7667742895355332e-06,1.984321897907648e-06,0.0010102632222697,0.0010510354768484,0.9999815225601196,0.9999794960021972,387,1269,31.85,0.0006799902068451,0.000721467717085,0.0006633184384554
1,rnn,layers_1,lorenz_1000,4,0.001,,16,8,13,64,0.0007117823115549,0.0009292896138504,0.0204310286790132,0.0224414095282554,0.9925575852394104,0.9903547763824464,387,1086,26.85,0.0362844575196504,0.0433499552309513,0.0391851849853992
1,rnn,layers_1,lorenz_1000,4,0.001,,16,8,25,64,0.0134840216487646,0.014345902018249,0.0822241976857185,0.0869415923953056,0.8475217819213867,0.8337903022766113,387,1267,31.19,0.0370800781995058,0.0471989139914512,0.0438589379191398
1,rnn,layers_1,lorenz_1000,4,0.001,,16,16,1,64,2.634634256537538e-06,3.0394289751711767e-06,0.001225873013027,0.0013163345865905,0.999972939491272,0.9999699592590332,387,1036,34.12,0.0008657200145535,0.0009513383265584,0.000841493892949
1,rnn,layers_1,lorenz_1000,4,0.001,,16,16,13,64,0.0228249095380306,0.0230254363268613,0.1200414448976516,0.1173391565680503,0.7190186977386475,0.7220119833946228,387,534,17.94,0.0383741511031985,0.0427006669342517,0.0389528609812259
1,rnn,layers_1,lorenz_1000,4,0.001,,16,16,25,64,0.0096148625016212,0.01085708104074,0.0751374289393425,0.081959344446659,0.8934608101844788,0.8748687505722046,387,662,19.92,0.0389105185038513,0.0444452948868274,0.0441404171288013
1,rnn,layers_2,lorenz_1000,4,0.001,,16,4,1,64,2.4767557533778017e-06,2.489893631718587e-06,0.0011599882273003,0.0011612814851105,0.9999732971191406,0.999973475933075,931,819,23.94,0.0001667981181526,0.0001462035579606,0.0001364988856948
1,rnn,layers_2,lorenz_1000,4,0.001,,16,4,13,64,0.0006543155177496,0.0006476179114542,0.0181433968245983,0.0180047694593668,0.992962658405304,0.9930766224861144,931,1026,30.3,0.0376184528693556,0.0441334024071693,0.0392757579684257
1,rnn,layers_2,lorenz_1000,4,0.001,,16,4,25,64,0.0100486604496836,0.0118362894281744,0.0574976466596126,0.0664269253611564,0.8877248167991638,0.8649692535400391,931,1989,57.06,0.0382886409759521,0.0466875210404396,0.0435223691165447
1,rnn,layers_2,lorenz_1000,4,0.001,,16,8,1,64,1.159939984063385e-06,1.2992310303161505e-06,0.0007999895024113,0.0008317125029861,0.9999874830245972,0.999985933303833,931,985,37.6,0.0001109522760089,9.387652244186027e-05,9.112194675253704e-05
1,rnn,layers_2,lorenz_1000,4,0.001,,16,8,13,64,0.0003711543686222,0.0004623499989975,0.0145209822803735,0.0164101421833038,0.9961519241333008,0.995086669921875,931,903,33.66,0.0340032706037163,0.0435860157012939,0.0379840098321437
1,rnn,layers_2,lorenz_1000,4,0.001,,16,8,25,64,0.0119086513295769,0.0132106496021151,0.0740504190325737,0.0817096978425979,0.8665997982025146,0.8504109382629395,931,772,29.12,0.0365561608225107,0.0468351244926452,0.0440808720886707
1,rnn,layers_2,lorenz_1000,4,0.001,,16,16,1,64,1.2199568573123545e-06,1.2009380725430674e-06,0.0008371911826543,0.0008179760770872,0.9999879002571106,0.9999876022338868,931,984,55.29,0.0001239796009031,0.0001373212289763,0.0001310952793573
1,rnn,layers_2,lorenz_1000,4,0.001,,16,16,13,64,0.0005058420356363,0.0007210421026684,0.017565906047821,0.0205244719982147,0.994738519191742,0.992492139339447,931,786,43.64,0.0374800128862261,0.0422071926295757,0.038704939186573
1,rnn,layers_2,lorenz_1000,4,0.001,,16,16,25,64,0.0036840455140918,0.0045447945594787,0.0438617803156375,0.0487721301615238,0.961113214492798,0.9503463506698608,931,898,45.13,0.0322412490430805,0.0343397073447704,0.0331066101789474
1,rnn,layers_3,lorenz_1000,4,0.001,,16,4,1,64,3.293249164926237e-06,3.8727935134375e-06,0.0013838252052664,0.0014940700493752,0.9999653100967408,0.9999583959579468,1475,668,25.9,0.000155544757581,0.0001237669057445,0.0001361556351184
1,rnn,layers_3,lorenz_1000,4,0.001,,16,4,13,64,0.0003024627221748,0.0003224425017833,0.0127384876832365,0.0131207145750522,0.9967718720436096,0.9965707659721376,1475,993,38.14,0.0239066269248723,0.0249161049723625,0.0250900313258171
1,rnn,layers_3,lorenz_1000,4,0.001,,16,4,25,64,0.008489585481584,0.0102263763546943,0.0568616166710853,0.0646338760852813,0.9106867909431458,0.8859933614730835,1475,1333,51.71,0.0351149508729577,0.0461473055183887,0.0406874306499958
1,rnn,layers_3,lorenz_1000,4,0.001,,16,8,1,64,2.801113851091941e-06,2.682340209503309e-06,0.0012831672793254,0.0012695919722318,0.9999732971191406,0.9999737739562988,1475,688,35.01,9.471130179008468e-05,7.536196062574163e-05,6.931936513865367e-05
1,rnn,layers_3,lorenz_1000,4,0.001,,16,8,13,64,0.0002559301501605,0.0002835618506651,0.0121228406205773,0.0125061804428696,0.9972807168960572,0.9969993829727172,1475,615,31.06,0.0254593296907842,0.0262617357075214,0.0277449525892734
1,rnn,layers_3,lorenz_1000,4,0.001,,16,8,25,64,0.0083433212712407,0.0092408815398812,0.053212109953165,0.0613455437123775,0.9091098308563232,0.896298348903656,1475,736,37.65,0.0301904868334531,0.0350353270769119,0.0349071621894836
1,rnn,layers_3,lorenz_1000,4,0.001,,16,16,1,64,2.274544840474846e-06,2.4917976588767488e-06,0.001085101510398,0.0011672487016767,0.999976396560669,0.9999741911888124,1475,689,52.12,0.0001139702821092,9.054236579686405e-05,8.907153096515685e-05
1,rnn,layers_3,lorenz_1000,4,0.001,,16,16,13,64,0.0002483885327819,0.0003019460127688,0.0121363084763288,0.0129793407395482,0.9973911046981812,0.9969624280929564,1475,809,62.52,0.0211186298169195,0.0254788659512996,0.0235681198537349
1,rnn,layers_3,lorenz_1000,4,0.001,,16,16,25,64,0.0029459462966769,0.0033018339890986,0.0391521714627742,0.0437696948647499,0.968926966190338,0.9633301496505736,1475,851,57.54,0.0220879572961065,0.0205327030271291,0.0201274622231721
1,rnn,layers_1,lorenz_1000,4,0.001,,32,4,1,64,1.2582045201270375e-06,1.3522259223464062e-06,0.0008427212014794,0.0008817698690108,0.99998676776886,0.9999855756759644,1283,944,19.83,0.0004568655771436,0.0004829355166293,0.00044553168118
1,rnn,layers_1,lorenz_1000,4,0.001,,32,4,13,64,0.0005389170837588,0.0005104442243464,0.0158441066741943,0.016305036842823,0.9942049384117126,0.9945482611656188,1283,1089,22.92,0.037543691881001,0.0432069264352321,0.0392311625182628
1,rnn,layers_1,lorenz_1000,4,0.001,,32,4,25,64,0.0100101763382554,0.0106573877856135,0.0548779219388961,0.0607721917331218,0.8882625102996826,0.8806882500648499,1283,2001,42.33,0.0384821910411119,0.0478709042072296,0.0435435846447944
1,rnn,layers_1,lorenz_1000,4,0.001,,32,8,1,64,1.3158598903828531e-06,1.558856752126303e-06,0.0009092591935768,0.0009656235342845,0.99998676776886,0.9999837279319764,1283,672,17.59,0.0002286949253175,0.0002291831478942,0.0002116993709933
1,rnn,layers_1,lorenz_1000,4,0.001,,32,8,13,64,0.0005256969016045,0.000615929311607,0.0162947885692119,0.0176128018647432,0.9945752024650574,0.9935058951377868,1283,778,20.21,0.031250218860805,0.0378751568496227,0.0370993837714195
1,rnn,layers_1,lorenz_1000,4,0.001,,32,8,25,64,0.0064236451871693,0.0073709841817617,0.0514320395886898,0.0550518445670604,0.9303274750709534,0.918096959590912,1283,1337,35.08,0.0328557966277003,0.0410353578627109,0.0387523137032985
1,rnn,layers_1,lorenz_1000,4,0.001,,32,16,1,64,1.2316074844420657e-06,1.294538037655002e-06,0.0008681037579663,0.0008790350984781,0.9999892711639404,0.9999874234199524,1283,757,35.91,0.0001534879025712,0.0001428946416126,0.0001329999504378
1,rnn,layers_1,lorenz_1000,4,0.001,,32,16,13,64,0.0012009486090391,0.0018202444771304,0.0246419366449117,0.0298330131918191,0.9872443675994872,0.9807034730911256,1283,775,27.46,0.033572033047676,0.0401388481259346,0.0386633612215518
1,rnn,layers_1,lorenz_1000,4,0.001,,32,16,25,64,0.0068646925501525,0.0067874151282012,0.058984201401472,0.0590622685849666,0.930106520652771,0.9274406433105468,1283,853,27.74,0.026410403350989,0.0310538783669471,0.0295988619327545
1,rnn,layers_2,lorenz_1000,4,0.001,,32,4,1,64,3.1679821859142976e-06,3.3697735943860607e-06,0.0013350911904126,0.0013827895745635,0.9999682307243348,0.99996680021286,3395,524,15.9,0.0001482471649069,0.0001226976601174,0.0001307833299506
1,rnn,layers_2,lorenz_1000,4,0.001,,32,4,13,64,0.0002969400666188,0.0003051230451092,0.0119087547063827,0.0123491901904344,0.9968829154968262,0.9967548847198486,3395,1025,33.91,0.0364776065573096,0.0413494072854518,0.0387199968099594
1,rnn,layers_2,lorenz_1000,4,0.001,,32,4,25,64,0.0077528017573058,0.0086762923747301,0.0503913760185241,0.0551666170358657,0.916351318359375,0.9055294394493104,3395,1078,33.21,0.0371060416102409,0.0474896058440208,0.0434723310172557
1,rnn,layers_2,lorenz_1000,4,0.001,,32,8,1,64,3.501093033264624e-06,3.4090412555087823e-06,0.0013040776830166,0.0013144696131348,0.9999637603759766,0.9999645948410034,3395,486,19.78,3.468838476692326e-05,2.9403678126982413e-05,3.487746653263457e-05
1,rnn,layers_2,lorenz_1000,4,0.001,,32,8,13,64,0.0001950817822944,0.0002419836528133,0.0102678928524255,0.0109157469123601,0.9979868531227112,0.9974294304847716,3395,635,25.5,0.016256795451045,0.0165172889828681,0.013716765679419
1,rnn,layers_2,lorenz_1000,4,0.001,,32,8,25,64,0.0050565069541335,0.0058132275007665,0.039427500218153,0.0432425551116466,0.9451600313186646,0.9362717866897584,3395,902,38.8,0.0280848598107695,0.0319696106016635,0.0300754606723785
1,rnn,layers_2,lorenz_1000,4,0.001,,32,16,1,64,2.510821559553733e-06,2.6130646801902917e-06,0.0011719075264409,0.001181076397188,0.9999776482582092,0.999976396560669,3395,539,32.98,4.786658610100858e-05,3.96518807974644e-05,4.6003638999536633e-05
1,rnn,layers_2,lorenz_1000,4,0.001,,32,16,13,64,0.0006807781755924,0.0007612976478412,0.0187728032469749,0.0196414235979318,0.9929550886154176,0.9921614527702332,3395,520,32.61,0.0271205777302384,0.0299343578517436,0.0281624160706996
1,rnn,layers_2,lorenz_1000,4,0.001,,32,16,25,64,0.0033462266437709,0.0035446684341877,0.0381608754396438,0.0404600203037261,0.9647125601768494,0.9605616331100464,3395,728,64.45,0.0203367883546484,0.0191348306834697,0.0180312227457761
1,rnn,layers_3,lorenz_1000,4,0.001,,32,4,1,64,2.893501687140088e-06,3.2413765893579694e-06,0.0012595081934705,0.0013384417397901,0.9999698996543884,0.9999663829803468,5507,568,23.46,7.847821107134222e-05,6.802869029343128e-05,6.80904122418724e-05
1,rnn,layers_3,lorenz_1000,4,0.001,,32,4,13,64,0.0001983410329557,0.0001718456478556,0.0097172707319259,0.0096414908766746,0.9978798031806946,0.9981816411018372,5507,642,25.88,0.0288943720981478,0.0310866385698318,0.0322164744138717
1,rnn,layers_3,lorenz_1000,4,0.001,,32,4,25,64,0.008931653574109,0.010343063622713,0.0509655028581619,0.058287363499403,0.9010104537010192,0.883499026298523,5507,811,32.94,0.0322505516931414,0.040056437253952,0.0399297997355461
1,rnn,layers_3,lorenz_1000,4,0.001,,32,8,1,64,1.4981039839767618e-06,1.7303337926932727e-06,0.0009800773113965,0.0010172461625188,0.9999862909317015,0.999983847141266,5507,610,34.03,4.538367902569007e-05,4.621686821337789e-05,4.6762546844547614e-05
1,rnn,layers_3,lorenz_1000,4,0.001,,32,8,13,64,9.944441262632608e-05,0.0001312339300056,0.0070175402797758,0.0082131400704383,0.9989643096923828,0.9986035227775574,5507,520,28.71,0.0167483064346015,0.0159609671682119,0.0163654461503028
1,rnn,layers_3,lorenz_1000,4,0.001,,32,8,25,64,0.006130073685199,0.00689861131832,0.0444392450153827,0.0487783178687095,0.9334022402763368,0.9234221577644348,5507,639,35.56,0.0225729264318943,0.0252366308122873,0.0209446009248495
1,rnn,layers_3,lorenz_1000,4,0.001,,32,16,1,64,1.5744958545838017e-06,1.9695555693033384e-06,0.0009970382088795,0.0010803791228681,0.9999847412109376,0.9999812245368958,5507,618,53.56,5.0516880946815945e-05,2.7785959900938902e-05,3.09489514620509e-05
1,rnn,layers_3,lorenz_1000,4,0.001,,32,16,13,64,0.0001719377178233,0.0001694743259577,0.0093580614775419,0.0097830304875969,0.9981721043586732,0.9982067942619324,5507,640,55.3,0.0178631980903446,0.0201853867620229,0.0180367995053529
1,rnn,layers_3,lorenz_1000,4,0.001,,32,16,25,64,0.0013844417408108,0.0019428548403084,0.0267041400074958,0.0300028957426548,0.9859784841537476,0.9791007041931152,5507,566,45.38,0.0160939699659744,0.0165646076202392,0.0123725784942507
1,rnn,layers_1,lorenz_1000,5,0.001,,8,4,1,64,1.855608729783853e-06,2.019943394770962e-06,0.0010166781721636,0.0010393311968073,0.999980092048645,0.9999781250953674,131,1933,39.43,0.0045709272380918,0.0056343325413763,0.0049910792149603
1,rnn,layers_1,lorenz_1000,5,0.001,,8,4,13,64,0.0388081669807434,0.0418192334473133,0.1553548723459243,0.159929096698761,0.406777948141098,0.4214580357074737,131,485,9.79,0.0374348759651184,0.0459650643169879,0.0405587516725063
1,rnn,layers_1,lorenz_1000,5,0.001,,8,4,25,64,0.042604960501194,0.0451915226876735,0.1573326140642166,0.1645261794328689,0.3061174750328064,0.3198848068714142,131,453,8.91,0.0373059861827641,0.0482737533748149,0.0436693355441093
1,rnn,layers_1,lorenz_1000,5,0.001,,8,8,1,64,2.7858845896844286e-06,2.853637852240354e-06,0.0013054141309112,0.0013117593480274,0.9999706745147704,0.9999698400497437,131,1928,46.55,0.0045771781355142,0.0055127488449215,0.00480040255934
1,rnn,layers_1,lorenz_1000,5,0.001,,8,8,13,64,0.0377747416496276,0.0407762601971626,0.1533450037240982,0.1575748920440673,0.4365750551223755,0.4448532164096832,131,517,12.54,0.0377142768353223,0.0441055968403816,0.0396722294390201
1,rnn,layers_1,lorenz_1000,5,0.001,,8,8,25,64,0.0434818938374519,0.043956059962511,0.1592827439308166,0.1609736829996109,0.2904310226440429,0.3163674473762512,131,472,11.25,0.0421073332428932,0.0486615262925624,0.0439744181931018
1,rnn,layers_1,lorenz_1000,5,0.001,,8,16,1,64,2.2379026631824672e-06,2.049731392617105e-06,0.0011180100264027,0.0010601667454466,0.9999765753746032,0.9999787211418152,131,1886,61.16,0.0042208618368022,0.0054390183649957,0.0048815854825079
1,rnn,layers_1,lorenz_1000,5,0.001,,8,16,13,64,0.0381806306540966,0.0394055917859077,0.1551358997821808,0.1562050431966781,0.4326142072677612,0.443950891494751,131,496,16.21,0.0360545529052615,0.0449613034725189,0.0400843918323516
1,rnn,layers_1,lorenz_1000,5,0.001,,8,16,25,64,0.0437572933733463,0.0436906665563583,0.1605222970247268,0.161119744181633,0.294390320777893,0.3256912231445312,131,544,15.81,0.0408042689992321,0.0467850416898727,0.0450262241065502
1,rnn,layers_2,lorenz_1000,5,0.001,,8,4,1,64,1.2823240922443802e-06,1.6098773585326851e-06,0.0009163345675915,0.0010124308755621,0.9999863505363464,0.9999828934669496,275,1535,43.8,0.0016042899922467,0.0019346422050148,0.0016971309669315
1,rnn,layers_2,lorenz_1000,5,0.001,,8,4,13,64,0.0010456829331815,0.0010471185669302,0.0234973598271608,0.0237365774810314,0.9886983036994934,0.9888264536857604,275,2131,61.24,0.035859303176403,0.0427616350352764,0.039178792387247
1,rnn,layers_2,lorenz_1000,5,0.001,,8,4,25,64,0.0140320425853133,0.0154405739158391,0.0753974542021751,0.0821631252765655,0.8385190367698669,0.8191473484039307,275,3824,107.62,0.0360185172408819,0.0471786297857761,0.0435940958559513
1,rnn,layers_2,lorenz_1000,5,0.001,,8,8,1,64,2.0367358501971462e-06,2.5566434942447813e-06,0.0010661775013431,0.0011377946939319,0.99997878074646,0.9999732375144958,275,1357,50.43,0.0016107456875033,0.0019090733258053,0.0017743535572662
1,rnn,layers_2,lorenz_1000,5,0.001,,8,8,13,64,0.0009503053152002,0.0010215570218861,0.0226078070700168,0.0233484618365764,0.9897802472114564,0.9891188144683838,275,1585,59.15,0.0368636263534426,0.0423520617187023,0.0391862653195858
1,rnn,layers_2,lorenz_1000,5,0.001,,8,8,25,64,0.0161561742424964,0.0169921498745679,0.092544175684452,0.0956525951623916,0.8162853121757507,0.7996859550476074,275,1367,50.33,0.0405009597539901,0.0456482470035553,0.0424840673804283
1,rnn,layers_2,lorenz_1000,5,0.001,,8,16,1,64,3.802673290920211e-06,4.519132289715344e-06,0.0015182320494204,0.0016046675154939,0.9999593496322632,0.9999520778656006,275,1128,59.01,0.0017683271784335,0.0020186230540275,0.0018423785222694
1,rnn,layers_2,lorenz_1000,5,0.001,,8,16,13,64,0.009354249574244,0.0099199181422591,0.0734039768576622,0.0776000693440437,0.896639883518219,0.8974469304084778,275,1196,61.6,0.0349134944379329,0.0430566295981407,0.0392858609557151
1,rnn,layers_2,lorenz_1000,5,0.001,,8,16,25,64,0.0144694661721587,0.0156951546669006,0.0893227234482765,0.094190627336502,0.8351798057556152,0.814435601234436,275,654,30.87,0.039051282323069,0.0441440194845199,0.043553065508604
1,rnn,layers_3,lorenz_1000,5,0.001,,8,4,1,64,1.4707010222991812e-06,1.3880689948564395e-06,0.0009012168156914,0.0008757005562074,0.9999853372573853,0.9999855756759644,419,1268,47.0,0.0003596498718252,0.000362267717719,0.0003873449168168
1,rnn,layers_3,lorenz_1000,5,0.001,,8,4,13,64,0.0008293056162074,0.0009851640788838,0.0219680275768041,0.0231800526380538,0.99116712808609,0.9895500540733336,419,1330,50.31,0.0352041669189929,0.0435159839689731,0.0387200750410556
1,rnn,layers_3,lorenz_1000,5,0.001,,8,4,25,64,0.0137517992407083,0.0156863648444414,0.0822900235652923,0.0901648104190826,0.845897912979126,0.8167328238487244,419,2037,75.44,0.0356547216884791,0.0474404171109199,0.0434850119054317
1,rnn,layers_3,lorenz_1000,5,0.001,,8,8,1,64,1.1177825172126177e-06,1.157880092250707e-06,0.0008109070477075,0.000831086654216,0.9999879002571106,0.999987542629242,419,1215,59.19,0.0003315754423965,0.0003366651362739,0.0002966377942357
1,rnn,layers_3,lorenz_1000,5,0.001,,8,8,13,64,0.0009210864664055,0.0010114152682945,0.0220334231853485,0.0227966960519552,0.9901953935623168,0.9892455339431764,419,1391,68.7,0.0329684600234031,0.0380362905561924,0.0382376834750175
1,rnn,layers_3,lorenz_1000,5,0.001,,8,8,25,64,0.0125325564295053,0.014219757169485,0.0767815336585044,0.0852280557155609,0.8583478927612305,0.8365119695663452,419,1183,56.65,0.0399143233895301,0.0479980632662773,0.0436926186084747
1,rnn,layers_3,lorenz_1000,5,0.001,,8,16,1,64,1.50027813106135e-06,1.688011479927809e-06,0.0009570704423822,0.0010087366681545,0.9999846816062928,0.9999827146530152,419,1009,75.83,0.0003886486869305,0.0004106768756173,0.0003771971969399
1,rnn,layers_3,lorenz_1000,5,0.001,,8,16,13,64,0.0048340442590415,0.0066655501723289,0.0526902116835117,0.0585989020764827,0.9471288919448853,0.9264357686042786,419,889,62.39,0.0318444797769188,0.0412520952522754,0.0390685424208641
1,rnn,layers_3,lorenz_1000,5,0.001,,8,16,25,64,0.0085481805726885,0.0095958979800343,0.0681180655956268,0.0733118429780006,0.9088318347930908,0.894581139087677,419,914,84.49,0.029844589324461,0.0315192565321922,0.0326363891363143
1,rnn,layers_1,lorenz_1000,5,0.001,,16,4,1,64,1.052318793881568e-06,1.1702363735821564e-06,0.00081110507017,0.0008451477624475,0.999988853931427,0.9999879002571106,387,1183,24.65,0.0009035380906425,0.0010705579770728,0.0009406309691257
1,rnn,layers_1,lorenz_1000,5,0.001,,16,4,13,64,0.0012633572332561,0.0012295106425881,0.0238178465515375,0.0236757155507802,0.986691117286682,0.9870499968528748,387,1861,37.91,0.0360164511948823,0.0425744540989398,0.0389691591262817
1,rnn,layers_1,lorenz_1000,5,0.001,,16,4,25,64,0.0170649178326129,0.018005983904004,0.0912165567278862,0.0961907356977462,0.8037370443344116,0.7885005474090576,387,2385,61.94,0.036284745298326,0.0483341477811336,0.0436281897127628
1,rnn,layers_1,lorenz_1000,5,0.001,,16,8,1,64,1.1290493375781807e-06,1.325332391388656e-06,0.0007933749584481,0.0008454332710243,0.9999884963035583,0.9999871253967284,387,1053,27.6,0.000794026692165,0.0009436104446649,0.0008499894756823
1,rnn,layers_1,lorenz_1000,5,0.001,,16,8,13,64,0.0013414876302704,0.001516395364888,0.0271571166813373,0.0279392022639513,0.9858812689781188,0.984082281589508,387,1349,44.33,0.0368836073204874,0.0427037738263607,0.0391935966908931
1,rnn,layers_1,lorenz_1000,5,0.001,,16,8,25,64,0.0114926043897867,0.0116071430966258,0.0751573964953422,0.0768022313714027,0.8711584806442261,0.8682371973991394,387,1367,45.3,0.0411982744932174,0.0484574325382709,0.0436597615480423
1,rnn,layers_1,lorenz_1000,5,0.001,,16,16,1,64,1.3995808103572926e-06,1.5039357776913675e-06,0.0008761209319345,0.0009334270143881,0.9999852776527404,0.9999840259552002,387,1065,34.82,0.0009109252423513,0.0010930987773463,0.0009731899481266
1,rnn,layers_1,lorenz_1000,5,0.001,,16,16,13,64,0.0044164471328258,0.0047413893043994,0.0455404482781887,0.0481675155460834,0.9520214796066284,0.9492827653884888,387,1005,33.92,0.035025996947661,0.0427252575755119,0.0392030254006385
1,rnn,layers_1,lorenz_1000,5,0.001,,16,16,25,64,0.0075762593187391,0.0078323036432266,0.0685952231287956,0.0699342414736747,0.9184998869895936,0.91454815864563,387,886,26.67,0.0394549046953519,0.0468777157366275,0.044415570795536
1,rnn,layers_2,lorenz_1000,5,0.001,,16,4,1,64,2.32936758948199e-06,2.251600335512194e-06,0.0011686825891956,0.0011338430922478,0.9999753832817078,0.999975860118866,931,735,21.27,0.0002007718394452,0.0002204986230935,0.000219959358219
1,rnn,layers_2,lorenz_1000,5,0.001,,16,4,13,64,0.0002222391922259,0.0002903967397287,0.010949345305562,0.0121050411835312,0.9977622628211976,0.9970769882202148,931,1521,44.7,0.0352684428915381,0.0432816706597805,0.0384901128709316
1,rnn,layers_2,lorenz_1000,5,0.001,,16,4,25,64,0.0146482186391949,0.015756532549858,0.0782516077160835,0.0867329612374305,0.8325847387313843,0.8164641261100769,931,1099,33.78,0.0359844587743282,0.0480677522718906,0.0439991317689418
1,rnn,layers_2,lorenz_1000,5,0.001,,16,8,1,64,1.715349753794726e-06,1.723422656141338e-06,0.000998095027171,0.0009625651291571,0.9999821782112122,0.9999815225601196,931,963,35.99,9.58903216087492e-05,8.5960011347197e-05,7.484888192266226e-05
1,rnn,layers_2,lorenz_1000,5,0.001,,16,8,13,64,0.0006346022128127,0.0007051262655295,0.0197614803910255,0.0205485746264457,0.9932146668434144,0.9926248788833618,931,671,25.11,0.0311672136187553,0.0434656701982021,0.035983994603157
1,rnn,layers_2,lorenz_1000,5,0.001,,16,8,25,64,0.0084304921329021,0.0097543569281697,0.0616364553570747,0.0675113797187805,0.907014548778534,0.892484724521637,931,857,32.12,0.0392299283295869,0.0456870011985302,0.0430995300412178
1,rnn,layers_2,lorenz_1000,5,0.001,,16,16,1,64,2.7803248485724907e-06,2.62487810687162e-06,0.0013196618529036,0.0012767110019922,0.9999733567237854,0.9999744296073914,931,818,43.78,0.0001008090388495,8.943257125793025e-05,8.71373777044937e-05
1,rnn,layers_2,lorenz_1000,5,0.001,,16,16,13,64,0.0034539075568318,0.0041270214132964,0.0446505285799503,0.0494962409138679,0.9631363749504088,0.9562376141548156,931,499,26.86,0.0280981993768364,0.0325700342655181,0.0356286726891994
1,rnn,layers_2,lorenz_1000,5,0.001,,16,16,25,64,0.0069447821006178,0.0070194699801504,0.058064367622137,0.060351438820362,0.9286273717880248,0.9235125780105592,931,1296,63.67,0.0253432877361774,0.0287312939763069,0.0277950540184974
1,rnn,layers_3,lorenz_1000,5,0.001,,16,4,1,64,2.191655994465691e-06,2.2583706140721915e-06,0.0011929500615224,0.0012095536803826,0.9999765157699584,0.9999757409095764,1475,723,27.27,0.0001827457468607,0.0001929763820953,0.000169684382854
1,rnn,layers_3,lorenz_1000,5,0.001,,16,4,13,64,0.0002003692789003,0.0002196008135797,0.0101962238550186,0.0105847204104065,0.997917652130127,0.9976934790611268,1475,1306,49.42,0.0188200027681887,0.0193405803292989,0.0189047791063785
1,rnn,layers_3,lorenz_1000,5,0.001,,16,4,25,64,0.0095046227797865,0.0098205022513866,0.0574482269585132,0.0620411746203899,0.8946688175201416,0.8910483121871948,1475,1405,52.61,0.0346392639447003,0.0470038764178752,0.0428724735975265
1,rnn,layers_3,lorenz_1000,5,0.001,,16,8,1,64,2.3566822164866608e-06,2.360160351599916e-06,0.001171572250314,0.001158632338047,0.9999759793281556,0.999976396560669,1475,759,39.0,0.0001234444258443,0.0001116326602641,0.0001029468621709
1,rnn,layers_3,lorenz_1000,5,0.001,,16,8,13,64,0.0003157080500386,0.0003534472780302,0.0128076560795307,0.0133909275755286,0.9967116117477416,0.9962419867515564,1475,558,28.55,0.0187372566200792,0.0184453725814819,0.0152477556839585
1,rnn,layers_3,lorenz_1000,5,0.001,,16,8,25,64,0.0043579749763011,0.0055322512052953,0.0422545373439788,0.0476309992372989,0.9532085061073304,0.938974380493164,1475,1234,62.51,0.0331296240910887,0.0373522788286209,0.0367940999567508
1,rnn,layers_3,lorenz_1000,5,0.001,,16,16,1,64,2.977890289912466e-06,3.0435276130447164e-06,0.0012884931638836,0.0012764569837599,0.9999696016311646,0.9999683499336244,1475,632,47.39,0.0001323178767052,0.0001259603595826,0.0001167801383417
1,rnn,layers_3,lorenz_1000,5,0.001,,16,16,13,64,0.0004782442993018,0.0004494880558922,0.0154291987419128,0.0149077186360955,0.9949042201042176,0.9952892661094666,1475,792,58.85,0.0211061761248856,0.0279043428599834,0.0233814865350723
1,rnn,layers_3,lorenz_1000,5,0.001,,16,16,25,64,0.0030915706884115,0.0031996441539376,0.0406511090695858,0.0409771725535392,0.9710634350776672,0.9673469066619872,1475,892,62.7,0.0209953664905495,0.0177547298371791,0.0182850454002618
1,rnn,layers_1,lorenz_1000,5,0.001,,32,4,1,64,3.419930862946785e-06,3.479908627923578e-06,0.0013844282366335,0.001405824907124,0.9999637007713318,0.9999631643295288,1283,832,17.41,0.0007254801224917,0.0007950472645461,0.0007296339608728
1,rnn,layers_1,lorenz_1000,5,0.001,,32,4,13,64,0.0004860522167291,0.0005185327609069,0.0155795235186815,0.0160628631711006,0.9949671626091005,0.9945977926254272,1283,1682,35.84,0.0357041178271174,0.0444155074656009,0.0390981175005435
1,rnn,layers_1,lorenz_1000,5,0.001,,32,4,25,64,0.0112153533846139,0.0126988971605896,0.059514969587326,0.0688464939594268,0.8739995360374451,0.8543766736984253,1283,2360,49.5,0.0362269384320825,0.0475459285080432,0.043621078133583
1,rnn,layers_1,lorenz_1000,5,0.001,,32,8,1,64,1.2059873597536352e-06,1.3199791055740209e-06,0.0008011112804524,0.0008169407374225,0.9999870657920836,0.9999858736991882,1283,831,21.85,0.0004226676421239,0.0004212687199469,0.0003717099025379
1,rnn,layers_1,lorenz_1000,5,0.001,,32,8,13,64,0.0014384879032149,0.0017384968232363,0.0281135588884353,0.0300014223903417,0.9856775403022766,0.9819831252098083,1283,723,18.44,0.0366076529026031,0.0441252514719963,0.0389869324862957
1,rnn,layers_1,lorenz_1000,5,0.001,,32,8,25,64,0.009589453227818,0.0110189020633697,0.0633974522352218,0.0712424516677856,0.8964752554893494,0.8797284364700317,1283,1122,29.0,0.0414654582738876,0.0481145903468132,0.0436912551522254
1,rnn,layers_1,lorenz_1000,5,0.001,,32,16,1,64,2.866260956579936e-06,3.2161790386453504e-06,0.0013052087742835,0.0013046248350292,0.9999691843986512,0.9999661445617676,1283,694,24.92,0.0001940843139891,0.0002046866284217,0.0001953364990185
1,rnn,layers_1,lorenz_1000,5,0.001,,32,16,13,64,0.0047364397905766,0.0052586668170988,0.0477521196007728,0.0495924018323421,0.9527625441551208,0.9462639093399048,1283,710,25.76,0.0351870775222778,0.0428738743066787,0.0389307513833045
1,rnn,layers_1,lorenz_1000,5,0.001,,32,16,25,64,0.0047712195664644,0.005077650770545,0.0487125851213932,0.0521478988230228,0.949538230895996,0.943206250667572,1283,1046,35.12,0.039523626367251,0.0465466529130935,0.0444607809185981
1,rnn,layers_2,lorenz_1000,5,0.001,,32,4,1,64,1.9383771814318607e-06,1.716722294986539e-06,0.0010189886670559,0.0009134685387834,0.9999822974205016,0.9999822378158568,3395,566,23.01,0.0002249623677926,0.0002603275352157,0.0002489122271072
1,rnn,layers_2,lorenz_1000,5,0.001,,32,4,13,64,0.0002239145542262,0.0002437810326227,0.0104324044659733,0.0108615569770336,0.9976328015327454,0.9974516034126282,3395,1025,31.73,0.0350681396201252,0.0448032282292842,0.039428811520338
1,rnn,layers_2,lorenz_1000,5,0.001,,32,4,25,64,0.0095202438533306,0.0104786483570933,0.0540856532752513,0.0600538477301597,0.895095705986023,0.8834813237190247,3395,1470,45.2,0.0361196791753172,0.0475143231451511,0.043542556464672
1,rnn,layers_2,lorenz_1000,5,0.001,,32,8,1,64,2.356050799789955e-06,2.443889570713509e-06,0.0012038873974233,0.0012306964490562,0.9999750256538392,0.9999755024909972,3395,527,28.95,5.904478093725629e-05,4.95833191962447e-05,4.736309347208589e-05
1,rnn,layers_2,lorenz_1000,5,0.001,,32,8,13,64,0.0002084793813992,0.0002503950963728,0.0105413887649774,0.0112240547314286,0.9978046417236328,0.99735426902771,3395,632,25.52,0.0175806730985641,0.0188644435256719,0.0149433203041553
1,rnn,layers_2,lorenz_1000,5,0.001,,32,8,25,64,0.0062151267193257,0.0070464047603309,0.0439916737377643,0.048879113048315,0.9322687983512878,0.9225172400474548,3395,796,32.92,0.0386061862111091,0.0447281673550605,0.0407493934035301
1,rnn,layers_2,lorenz_1000,5,0.001,,32,16,1,64,1.9310552943352377e-06,1.7101237972383387e-06,0.0010455069132149,0.0009828223846852,0.9999793767929076,0.9999818205833436,3395,549,33.36,7.265130661835429e-05,7.982682291185483e-05,7.612992340000346e-05
1,rnn,layers_2,lorenz_1000,5,0.001,,32,16,13,64,0.0004135753843002,0.0004972968599759,0.014767731539905,0.015824694186449,0.9956260323524476,0.9948336482048036,3395,702,42.51,0.0204028051113709,0.0241494253277778,0.0237980261445045
1,rnn,layers_2,lorenz_1000,5,0.001,,32,16,25,64,0.00392224220559,0.0040654852055013,0.0479597821831703,0.0473504066467285,0.9606133699417114,0.95592200756073,3395,601,33.46,0.024372216934959,0.0242548678070306,0.0255849976092576
1,rnn,layers_3,lorenz_1000,5,0.001,,32,4,1,64,2.872191316782846e-06,3.049879751415574e-06,0.0013176036300137,0.0013606440043076,0.9999690055847168,0.9999681115150452,5507,469,18.85,4.457614613784244e-05,2.6215848265565e-05,2.7134268748341128e-05
1,rnn,layers_3,lorenz_1000,5,0.001,,32,4,13,64,0.0001686939503997,0.0001935598265845,0.0092308800667524,0.0100893517956137,0.9982075095176696,0.9979919195175172,5507,667,27.1,0.0234099762514233,0.0284263454377651,0.0324448309838771
1,rnn,layers_3,lorenz_1000,5,0.001,,32,4,25,64,0.0075961677357554,0.008963887579739,0.0509800389409065,0.0570320710539817,0.9170674681663512,0.9011229872703552,5507,913,37.71,0.0336321062408387,0.0454551465809345,0.0418911091983318
1,rnn,layers_3,lorenz_1000,5,0.001,,32,8,1,64,1.4427395171878743e-06,1.7882598513097037e-06,0.0009043999598361,0.0009859994752332,0.9999857544898988,0.9999812841415404,5507,475,36.07,3.698744221765082e-05,3.390873098396696e-05,2.905368819483556e-05
1,rnn,layers_3,lorenz_1000,5,0.001,,32,8,13,64,0.0001276740658795,0.0001478179765399,0.008178780786693,0.0087140863761305,0.9987020492553712,0.9984833598136902,5507,551,31.32,0.0080361522966995,0.0092745060101151,0.0061351205222308
1,rnn,layers_3,lorenz_1000,5,0.001,,32,8,25,64,0.0057382304221391,0.0056671891361474,0.0443506389856338,0.0455165468156337,0.9373976588249208,0.9395336508750916,5507,616,34.2,0.0220673330128192,0.0242831222712993,0.0237946305423975
1,rnn,layers_3,lorenz_1000,5,0.001,,32,16,1,64,2.0803799998248e-06,2.0318998394941445e-06,0.0010569277219474,0.0010230747284367,0.9999791383743286,0.9999802708625792,5507,476,40.95,3.169290412188275e-05,4.839090252062306e-05,5.262429112917744e-05
1,rnn,layers_3,lorenz_1000,5,0.001,,32,16,13,64,8.846461423672736e-05,0.0001329486549366,0.0073120272718369,0.0084085762500762,0.999083936214447,0.9985924363136292,5507,771,65.62,0.0144024830777198,0.0154088893905282,0.0136543046683073
1,rnn,layers_3,lorenz_1000,5,0.001,,32,16,25,64,0.0023735321592539,0.0031038178130984,0.0357981361448764,0.0412727743387222,0.9761587977409364,0.9669198393821716,5507,456,36.76,0.0124916595717271,0.0146851139143109,0.0157225523144006
1,rnn,layers_1,lorenz_1000,6,0.001,,8,4,1,64,1.134387616730237e-06,1.386549229209777e-06,0.0007932352600619,0.0008363396045751,0.999987781047821,0.99998539686203,131,2108,43.52,0.0016042952425777,0.0018335185013711,0.0015849589835852
1,rnn,layers_1,lorenz_1000,6,0.001,,8,4,13,64,0.0381037779152393,0.0405557043850421,0.1538732498884201,0.1572816520929336,0.4245913326740265,0.4488867223262787,131,459,9.25,0.0377813179045915,0.044051568955183,0.0395865254104137
1,rnn,layers_1,lorenz_1000,6,0.001,,8,4,25,64,0.021498342975974,0.0213830340653657,0.1055470257997512,0.1062117740511894,0.7441959977149963,0.7424561381340027,131,3894,79.84,0.0430358117446303,0.0466113649308681,0.0427885651588439
1,rnn,layers_1,lorenz_1000,6,0.001,,8,8,1,64,2.572445509940735e-06,2.8419487989594927e-06,0.001230823341757,0.0012519982410594,0.9999724626541138,0.999969720840454,131,1739,41.35,0.0020137165673077,0.0025779965799301,0.0022263436112552
1,rnn,layers_1,lorenz_1000,6,0.001,,8,8,13,64,0.03840783983469,0.0405843704938888,0.1535341888666153,0.1561864763498306,0.420588880777359,0.449882298707962,131,483,11.36,0.0379239296540617,0.0437721908092498,0.0400054939091205
1,rnn,layers_1,lorenz_1000,6,0.001,,8,8,25,64,0.0192629713565111,0.0203214697539806,0.0983631983399391,0.1031965315341949,0.7742924094200134,0.7531132698059082,131,1953,47.21,0.0380884390324354,0.0458738468587398,0.0432475246489048
1,rnn,layers_1,lorenz_1000,6,0.001,,8,16,1,64,3.089583060500445e-06,3.744136620298377e-06,0.0013613941846415,0.0014830379514023,0.9999675154685974,0.9999617338180542,131,1595,51.59,0.0021596109960228,0.002719304524362,0.0022301042918115
1,rnn,layers_1,lorenz_1000,6,0.001,,8,16,13,64,0.0380486696958541,0.0399623736739158,0.1540899723768234,0.1554275900125503,0.4340163171291351,0.4519081115722656,131,467,14.97,0.0403508553281426,0.0421737283468246,0.0398453846573829
1,rnn,layers_1,lorenz_1000,6,0.001,,8,16,25,64,0.0101552493870258,0.0100403204560279,0.0772104561328888,0.0790649801492691,0.8886057734489441,0.8881911039352417,131,2398,70.13,0.0394853465259075,0.0452630370855331,0.043983869254589
1,rnn,layers_2,lorenz_1000,6,0.001,,8,4,1,64,2.264112026750809e-06,2.320623480045469e-06,0.0011169173521921,0.0011327418033033,0.9999761581420898,0.9999752640724182,275,1276,36.4,0.0014008840254973,0.0016854755813255,0.0014646908966824
1,rnn,layers_2,lorenz_1000,6,0.001,,8,4,13,64,0.0358374752104282,0.0400609448552131,0.1440533399581909,0.1521640419960022,0.4802161157131195,0.4334182441234588,275,446,12.67,0.03807038590312,0.0454971864819526,0.0398752093315124
1,rnn,layers_2,lorenz_1000,6,0.001,,8,4,25,64,0.0142100667580962,0.0160482749342918,0.0836020931601524,0.091022178530693,0.8412688970565796,0.813299298286438,275,4159,119.75,0.043376625329256,0.0473875999450683,0.0428287200629711
1,rnn,layers_2,lorenz_1000,6,0.001,,8,8,1,64,1.7956801912077935e-06,1.6416445305367231e-06,0.0010131207527592,0.000970076827798,0.9999825954437256,0.999984085559845,275,1310,48.35,0.0009149536781478,0.0010536883492022,0.0008723836508579
1,rnn,layers_2,lorenz_1000,6,0.001,,8,8,13,64,0.0009376097586937,0.0010702315485104,0.0235278494656085,0.0252093449234962,0.9902423024177552,0.988577365875244,275,1276,46.96,0.0380000293254852,0.043863546103239,0.039661169052124
1,rnn,layers_2,lorenz_1000,6,0.001,,8,8,25,64,0.0123587269335985,0.0136516252532601,0.076458491384983,0.0823458209633827,0.8674859404563904,0.8450730443000793,275,2776,101.5,0.0385836480185389,0.0472586564719677,0.0438431724905967
1,rnn,layers_2,lorenz_1000,6,0.001,,8,16,1,64,1.1981137504335493e-06,1.278421677852748e-06,0.0008391324663534,0.0008557795081287,0.9999874830245972,0.9999868869781494,275,1334,68.47,0.0009507670183666,0.0011117017129436,0.0009314025519415
1,rnn,layers_2,lorenz_1000,6,0.001,,8,16,13,64,0.007413170300424,0.0099761178717017,0.0585743188858032,0.0688230842351913,0.9203307032585144,0.8892813920974731,275,1245,64.49,0.0406982773914933,0.0420245714485645,0.0391862839460372
1,rnn,layers_2,lorenz_1000,6,0.001,,8,16,25,64,0.0075707859359681,0.0077066803351044,0.0620323941111564,0.0642101019620895,0.919947385787964,0.9156470894813538,275,1595,105.33,0.0402247756719589,0.0476216487586498,0.0459160357713699
1,rnn,layers_3,lorenz_1000,6,0.001,,8,4,1,64,2.7492712888488317e-06,3.1082961413630983e-06,0.0012863908195868,0.0013739683199673,0.999970316886902,0.9999669790267944,419,988,36.61,0.0019093388691544,0.0023669311776757,0.0020613383967429
1,rnn,layers_3,lorenz_1000,6,0.001,,8,4,13,64,0.0002454322529956,0.0002786968834698,0.0122026847675442,0.0131423762068152,0.9973829388618468,0.9970235228538512,419,1592,58.79,0.038038195669651,0.0477315634489059,0.0403795540332794
1,rnn,layers_3,lorenz_1000,6,0.001,,8,4,25,64,0.0094577092677354,0.0118332942947745,0.0582946464419364,0.0684533268213272,0.8937470316886902,0.8650654554367065,419,3025,110.12,0.04350456148386,0.0473431907594203,0.0411143377423286
1,rnn,layers_3,lorenz_1000,6,0.001,,8,8,1,64,2.9305476800800534e-06,3.1700017188995844e-06,0.0013018950121477,0.0013455977896228,0.9999685883522034,0.9999660849571228,419,1026,51.13,0.001506795163732,0.0016700394917279,0.00156845303718
1,rnn,layers_3,lorenz_1000,6,0.001,,8,8,13,64,0.0002950836496893,0.0003457338898442,0.0127982608973979,0.0139352679252624,0.9968957304954528,0.9963781237602234,419,1137,55.77,0.0380552638322114,0.0455858185887336,0.0392268970608711
1,rnn,layers_3,lorenz_1000,6,0.001,,8,8,25,64,0.0186805501580238,0.0176683962345123,0.0946483463048935,0.0953562408685684,0.7832350730895996,0.7925341129302979,419,780,38.47,0.0390067417174577,0.0466179624199867,0.0415438376367092
1,rnn,layers_3,lorenz_1000,6,0.001,,8,16,1,64,2.7754697384807514e-06,3.3106571208918467e-06,0.0012580718612298,0.0013574658660218,0.999972641468048,0.9999690651893616,419,1174,84.71,0.0017786869080737,0.0020927381701767,0.0017238938016816
1,rnn,layers_3,lorenz_1000,6,0.001,,8,16,13,64,0.0007109591388143,0.0008678165031597,0.0209895055741071,0.023202359676361,0.992461919784546,0.9907641410827636,419,1014,75.38,0.0411302343010902,0.0443006344139575,0.0390956662595272
1,rnn,layers_3,lorenz_1000,6,0.001,,8,16,25,64,0.0068556875921785,0.006922926288098,0.0611626058816909,0.0630346909165382,0.9272398948669434,0.926607310771942,419,1175,76.9,0.0400589853525161,0.0463310629129409,0.0422953739762306
1,rnn,layers_1,lorenz_1000,6,0.001,,16,4,1,64,1.3257877071737312e-06,1.6608826172159752e-06,0.0009032669477164,0.0010100527433678,0.9999856352806092,0.9999822378158568,387,1083,22.01,0.0009649170853663,0.0010885676601901,0.0009483955800533
1,rnn,layers_1,lorenz_1000,6,0.001,,16,4,13,64,0.0002526627795305,0.0002808799908962,0.0115076042711734,0.0119957411661744,0.9973196387290956,0.9970070123672484,387,2719,55.0,0.0374982982873916,0.0453519448637962,0.039491418749094
1,rnn,layers_1,lorenz_1000,6,0.001,,16,4,25,64,0.0110130179673433,0.0129210231825709,0.0645600780844688,0.0732369124889373,0.8802595734596252,0.852729320526123,387,4085,83.57,0.0428576182574033,0.0477372445166111,0.0429211035370826
1,rnn,layers_1,lorenz_1000,6,0.001,,16,8,1,64,9.26703989989619e-07,1.0924277376034297e-06,0.0007249250193126,0.0007894190493971,0.9999905824661256,0.9999892115592957,387,1311,33.34,0.0008548653509933,0.0009962125914171,0.0008848643046803
1,rnn,layers_1,lorenz_1000,6,0.001,,16,8,13,64,0.0015449436614289,0.0015689912252128,0.0286568887531757,0.029826320707798,0.983349859714508,0.9833192825317384,387,1611,40.56,0.0375744268298149,0.0430424138903617,0.0389504469931125
1,rnn,layers_1,lorenz_1000,6,0.001,,16,8,25,64,0.0156514719128608,0.0165522173047065,0.0902827084064483,0.094434916973114,0.8197082877159119,0.8055570721626282,387,1347,34.08,0.0380555979907512,0.0460183806717395,0.0426107868552207
1,rnn,layers_1,lorenz_1000,6,0.001,,16,16,1,64,1.5670724451410931e-06,1.6837163911986863e-06,0.0009507608483545,0.0009745519491843,0.9999842047691344,0.9999833703041076,387,1122,37.32,0.0008830564038362,0.000919186102692,0.0008057977538555
1,rnn,layers_1,lorenz_1000,6,0.001,,16,16,13,64,0.0024214591830968,0.0036449152976274,0.0362407304346561,0.0432856045663356,0.9745705127716064,0.96161150932312,387,1117,37.27,0.0401282440871,0.041432324796915,0.0387993045151233
1,rnn,layers_1,lorenz_1000,6,0.001,,16,16,25,64,0.0070631932467222,0.0076980013400316,0.0662855803966522,0.0706393867731094,0.9250823855400084,0.9172515869140624,387,1446,43.38,0.0395500751005278,0.0456820093095302,0.0440235957503318
1,rnn,layers_2,lorenz_1000,6,0.001,,16,4,1,64,2.4890480290196138e-06,2.2958563477004645e-06,0.0012028116034343,0.0011239630402997,0.9999746084213256,0.999976634979248,931,816,23.83,0.0004936033277772,0.000595279620029,0.0005090073100291
1,rnn,layers_2,lorenz_1000,6,0.001,,16,4,13,64,0.0003753232886083,0.000475323642604,0.0137601103633642,0.0149111449718475,0.9960681200027466,0.994929015636444,931,1627,47.1,0.0378458328545093,0.0457283705472946,0.0400285832583904
1,rnn,layers_2,lorenz_1000,6,0.001,,16,4,25,64,0.0074882279150187,0.0099151404574513,0.0536868833005428,0.0617983192205429,0.9171819686889648,0.8883435726165771,931,2511,74.44,0.0430956397205591,0.046544961631298,0.0429388582706451
1,rnn,layers_2,lorenz_1000,6,0.001,,16,8,1,64,2.007013790716883e-06,1.889900090645824e-06,0.0010706187458708,0.0010411691619083,0.99997878074646,0.9999801516532898,931,907,34.29,0.0002545897543313,0.0003086522920057,0.0002620549348648
1,rnn,layers_2,lorenz_1000,6,0.001,,16,8,13,64,0.0004919377388432,0.0005494162323884,0.0171398818492889,0.0175859853625297,0.9947829842567444,0.994128942489624,931,823,30.75,0.0363357095047831,0.0442331843078136,0.0393317826092243
1,rnn,layers_2,lorenz_1000,6,0.001,,16,8,25,64,0.010043105110526,0.0114763900637626,0.0685734152793884,0.0741015076637268,0.8931851387023926,0.87141352891922,931,1277,47.7,0.0371137008070945,0.044189553707838,0.0432588160037994
1,rnn,layers_2,lorenz_1000,6,0.001,,16,16,1,64,1.938379000421264e-06,1.8160948229706264e-06,0.0010472068097442,0.0009804751025512,0.999979555606842,0.9999810457229614,931,841,63.52,0.0003380909111001,0.0004141524550504,0.0003421259170863
1,rnn,layers_2,lorenz_1000,6,0.001,,16,16,13,64,0.0034928347449749,0.0042000510729849,0.0434512421488761,0.0478300228714942,0.9661964178085328,0.958429753780365,931,734,38.68,0.0346714258193969,0.0391033738851547,0.0359890274703502
1,rnn,layers_2,lorenz_1000,6,0.001,,16,16,25,64,0.006707411725074,0.0072100269608199,0.0605807974934577,0.0634361654520034,0.929900050163269,0.9211687445640564,931,908,63.0,0.0380285746521419,0.0430134646594524,0.0443170368671417
1,rnn,layers_3,lorenz_1000,6,0.001,,16,4,1,64,2.8899480639665853e-06,3.055470415347372e-06,0.0012159224133938,0.0012405817396938,0.9999716877937316,0.9999680519104004,1475,752,28.99,0.000114579678484,0.0001263538579223,0.0001038064947351
1,rnn,layers_3,lorenz_1000,6,0.001,,16,4,13,64,0.0002572440425865,0.000260716304183,0.0110934283584356,0.0118252877146005,0.9972810745239258,0.997243344783783,1475,1203,46.55,0.0372196983546018,0.0404900424182415,0.0389464311301708
1,rnn,layers_3,lorenz_1000,6,0.001,,16,4,25,64,0.006368116941303,0.0074717202223837,0.0469207167625427,0.0521708019077777,0.9305654764175416,0.9174536466598512,1475,1553,59.77,0.043156667239964,0.046165931969881,0.0431227348744869
1,rnn,layers_3,lorenz_1000,6,0.001,,16,8,1,64,1.7687367517282835e-06,1.8470898339728592e-06,0.001005446887575,0.0009949378436431,0.999983012676239,0.99998140335083,1475,694,35.6,9.528351947665214e-05,9.379127732245252e-05,7.93891740613617e-05
1,rnn,layers_3,lorenz_1000,6,0.001,,16,8,13,64,0.0003135624865535,0.0003320991818327,0.0122734997421503,0.012570641003549,0.9967162609100342,0.996552348136902,1475,636,32.72,0.0309995394200086,0.0356552489101886,0.033691368997097
1,rnn,layers_3,lorenz_1000,6,0.001,,16,8,25,64,0.0082982899621129,0.0097549874335527,0.0568948872387409,0.066469557583332,0.9108659029006958,0.8915451169013977,1475,869,43.27,0.0281516489572823,0.0324794165790081,0.0329091101884841
1,rnn,layers_3,lorenz_1000,6,0.001,,16,16,1,64,1.720947807370976e-06,2.17706838157028e-06,0.0010204472346231,0.0011537584941834,0.9999825954437256,0.9999788999557496,1475,659,50.05,7.600103926961311e-05,6.726319406880066e-05,5.985891039017588e-05
1,rnn,layers_3,lorenz_1000,6,0.001,,16,16,13,64,0.0002502202405594,0.000319866288919,0.0122592970728874,0.0135443108156323,0.9973558783531188,0.996660053730011,1475,658,54.26,0.0311272483319044,0.0338446497917175,0.033826895058155
1,rnn,layers_3,lorenz_1000,6,0.001,,16,16,25,64,0.0023085314314812,0.0026141465641558,0.036209087818861,0.0389921814203262,0.9756841659545898,0.9710677266120912,1475,800,55.9,0.0207239834384785,0.0195609349757432,0.0196908600628376
1,rnn,layers_1,lorenz_1000,6,0.001,,32,4,1,64,4.108464054297656e-06,4.094645646546269e-06,0.001407049363479,0.0014454955235123,0.9999580979347228,0.99995756149292,1283,704,14.73,0.0004714978043921,0.000556687999051,0.0004791361861862
1,rnn,layers_1,lorenz_1000,6,0.001,,32,4,13,64,0.0006208216655068,0.0007062434451654,0.0173805989325046,0.0174852833151817,0.9933089017868042,0.9924432039260864,1283,1357,36.5,0.0378208540380001,0.045727752149105,0.0400168783962726
1,rnn,layers_1,lorenz_1000,6,0.001,,32,4,25,64,0.0102960066869854,0.0112281087785959,0.0596138574182987,0.0649733394384384,0.885620653629303,0.8730059266090393,1283,2347,49.67,0.0431900462135672,0.0458816140890121,0.0427940674126148
1,rnn,layers_1,lorenz_1000,6,0.001,,32,8,1,64,1.1511261845953411e-06,1.0061654620585614e-06,0.0008243745542131,0.0007638093666173,0.999988317489624,0.999990165233612,1283,1051,28.56,0.0003718444015248,0.00043615422328,0.0003791670606005
1,rnn,layers_1,lorenz_1000,6,0.001,,32,8,13,64,0.0013836476719006,0.001488366164267,0.0263582542538642,0.0272337663918733,0.9861294031143188,0.9845508933067322,1283,760,19.69,0.0366121431812644,0.0446101799607276,0.0395623259246349
1,rnn,layers_1,lorenz_1000,6,0.001,,32,8,25,64,0.0090989517048001,0.0097780702635645,0.0630382895469665,0.0678879991173744,0.9020003080368042,0.8907744288444519,1283,1192,31.52,0.0374492891132831,0.0444812402129173,0.0428276471793651
1,rnn,layers_1,lorenz_1000,6,0.001,,32,16,1,64,3.0466867428913247e-06,2.696983074201853e-06,0.0013348698848858,0.0012380108237266,0.999968647956848,0.9999713897705078,1283,681,24.61,0.0004376350407255,0.0004999662050977,0.000435852620285
1,rnn,layers_1,lorenz_1000,6,0.001,,32,16,13,64,0.0070930449292063,0.0077821612358093,0.0531971156597137,0.0564050711691379,0.9250239729881288,0.9165038466453552,1283,770,30.01,0.0371805880218744,0.0409897677600383,0.0387163162231445
1,rnn,layers_1,lorenz_1000,6,0.001,,32,16,25,64,0.0105830719694495,0.0101086134091019,0.0792361721396446,0.0783080458641052,0.8862582445144653,0.8909792900085449,1283,693,22.86,0.0293753476192553,0.0409205593168735,0.0459978580474853
1,rnn,layers_2,lorenz_1000,6,0.001,,32,4,1,64,2.1700643628719263e-06,2.3955831238708925e-06,0.0011588700581341,0.0011816929327324,0.9999771118164062,0.9999748468399048,3395,603,18.86,0.0003928405174519,0.0004674093797802,0.0004198189126327
1,rnn,layers_2,lorenz_1000,6,0.001,,32,4,13,64,0.000528963166289,0.0006207427941262,0.0160371679812669,0.0167045276612043,0.9943035244941713,0.9933767318725586,3395,928,28.79,0.0384045526385307,0.042402159422636,0.0388549789786338
1,rnn,layers_2,lorenz_1000,6,0.001,,32,4,25,64,0.0082445191219449,0.0094102891162037,0.0517505034804344,0.0593511909246444,0.910773992538452,0.8957037329673767,3395,1279,40.28,0.0434611976146698,0.0459167249500751,0.0429738983511924
1,rnn,layers_2,lorenz_1000,6,0.001,,32,8,1,64,4.205724508210551e-06,4.10731217925786e-06,0.0015442235162481,0.0015485474141314,0.9999567270278932,0.999958634376526,3395,539,22.41,0.0001914851745823,0.0001970624434761,0.0001946960110217
1,rnn,layers_2,lorenz_1000,6,0.001,,32,8,13,64,0.000324799621012,0.0003882964374497,0.0131861884146928,0.0141659090295434,0.9966917634010316,0.9958861470222472,3395,644,26.33,0.0365082221105694,0.0447954572737216,0.0399342104792594
1,rnn,layers_2,lorenz_1000,6,0.001,,32,8,25,64,0.0062494506128132,0.0072377366013824,0.0506868883967399,0.0541428662836551,0.9326930642127992,0.9209984540939332,3395,815,33.61,0.037638215534389,0.0450449660420417,0.0429650656878948
1,rnn,layers_2,lorenz_1000,6,0.001,,32,16,1,64,3.3997791888396023e-06,3.6851527056569462e-06,0.0013570248847827,0.0014184897299855,0.9999645948410034,0.9999616742134094,3395,521,32.09,0.0001880600771983,0.0002297617174917,0.0002147418126696
1,rnn,layers_2,lorenz_1000,6,0.001,,32,16,13,64,0.0003560993936844,0.0004974082112312,0.0143301617354154,0.0170020461082458,0.9962191581726074,0.9947049021720886,3395,825,50.87,0.0321401884779334,0.0348260477185249,0.0347661301493644
1,rnn,layers_2,lorenz_1000,6,0.001,,32,16,25,64,0.0033173740375787,0.0036425096914172,0.0388108342885971,0.0441495664417743,0.9657468795776368,0.9605775475502014,3395,902,49.93,0.0393443591892719,0.0429827906191349,0.0437245145440101
1,rnn,layers_3,lorenz_1000,6,0.001,,32,4,1,64,2.7846522243635263e-06,2.801195023494074e-06,0.0012856129324063,0.0012654694728553,0.99997878074646,0.9999762773513794,5507,538,21.68,5.593000641965773e-05,4.0117887692758814e-05,4.152861220063642e-05
1,rnn,layers_3,lorenz_1000,6,0.001,,32,4,13,64,0.0001706958282738,0.0001469703711336,0.0090963849797844,0.0087871653959155,0.9981757998466492,0.998452126979828,5507,828,33.66,0.0230819582939147,0.0270164459943771,0.0221259631216526
1,rnn,layers_3,lorenz_1000,6,0.001,,32,4,25,64,0.0086165843531489,0.0091851530596613,0.0529078245162963,0.0559935942292213,0.9067909121513368,0.8987812995910645,5507,909,37.3,0.0358717158436775,0.0419545583426952,0.0367614105343818
1,rnn,layers_3,lorenz_1000,6,0.001,,32,8,1,64,1.915931534313131e-06,2.483555590515607e-06,0.001060455921106,0.0011742763454094,0.9999810457229614,0.999975323677063,5507,500,29.36,3.213637210137676e-05,2.2714621081831865e-05,2.057251003861893e-05
1,rnn,layers_3,lorenz_1000,6,0.001,,32,8,13,64,0.0001454817829653,0.0001582003460498,0.0081605827435851,0.0089741349220275,0.9984790086746216,0.998322606086731,5507,622,34.95,0.0141288361512124,0.0115615827962756,0.0093362862244248
1,rnn,layers_3,lorenz_1000,6,0.001,,32,8,25,64,0.0059865675866603,0.0064320769160985,0.0445868782699108,0.0484292916953563,0.936601221561432,0.928731381893158,5507,629,35.0,0.0203863311558961,0.0245859175920486,0.0259340945631265
1,rnn,layers_3,lorenz_1000,6,0.001,,32,16,1,64,1.922185447256197e-06,2.404678298262297e-06,0.0011224379995837,0.0012275944463908,0.99998140335083,0.9999759793281556,5507,477,41.16,4.342028259998188e-05,3.2159565307665616e-05,3.120654946542345e-05
1,rnn,layers_3,lorenz_1000,6,0.001,,32,16,13,64,0.0001839420147007,0.0001779802114469,0.0099282441660761,0.0095271868631243,0.9980573654174804,0.9981167316436768,5507,669,78.27,0.0164751840755343,0.0270441826432943,0.0335703454911708
1,rnn,layers_3,lorenz_1000,6,0.001,,32,16,25,64,0.0023929048329591,0.0028557600453495,0.0350122973322868,0.0380860082805156,0.9746750593185424,0.9688977599143982,5507,509,39.41,0.0139162567340665,0.0136112868785858,0.0120678814128041
1,rnn,layers_1,lorenz_1000,7,0.001,,8,4,1,64,1.711878553578572e-06,1.7704376205074368e-06,0.0010011116974055,0.0010251845233142,0.999982476234436,0.9999815225601196,131,1768,35.32,0.0041519934078678,0.0046738572418689,0.0043786619789898
1,rnn,layers_1,lorenz_1000,7,0.001,,8,4,13,64,0.0383973494172096,0.041006650775671,0.15436352789402,0.1587609350681305,0.417058914899826,0.4385213851928711,131,406,8.42,0.0383169727399945,0.0424445457756519,0.0386479347944259
1,rnn,layers_1,lorenz_1000,7,0.001,,8,4,25,64,0.0226109325885772,0.0245230533182621,0.1105645224452018,0.1171686351299285,0.7270908951759338,0.6950275301933289,131,2678,54.66,0.0385735558345913,0.0463975183665752,0.0420291423797607
1,rnn,layers_1,lorenz_1000,7,0.001,,8,8,1,64,2.824718421834405e-06,2.9997440833540168e-06,0.0012768770102411,0.0013265869347378,0.9999709129333496,0.9999685287475586,131,1744,41.57,0.0028720394941046,0.0031063437927514,0.0030898661352694
1,rnn,layers_1,lorenz_1000,7,0.001,,8,8,13,64,0.0044035143218934,0.0044127628207206,0.0449978224933147,0.0474951677024364,0.9531384110450744,0.9537156224250792,131,2987,72.12,0.0370104560628533,0.0421747379004955,0.0385552644729614
1,rnn,layers_1,lorenz_1000,7,0.001,,8,8,25,64,0.0180448610335588,0.0190377682447433,0.0989071354269981,0.1026260033249855,0.790778398513794,0.7705098986625671,131,2957,70.66,0.038601841777563,0.0446658581495285,0.0420518778264522
1,rnn,layers_1,lorenz_1000,7,0.001,,8,16,1,64,2.471452035024413e-06,2.341242861803039e-06,0.0011306669330224,0.0011296278098598,0.9999756813049316,0.9999760389328004,131,2197,70.14,0.0027018682099878,0.0030148921068757,0.0028536298777908
1,rnn,layers_1,lorenz_1000,7,0.001,,8,16,13,64,0.0037368962075561,0.0028431930113583,0.0458427295088768,0.040804099291563,0.9598513841629028,0.969786524772644,131,2498,78.57,0.0372790336608886,0.042098194360733,0.0386286303400993
1,rnn,layers_1,lorenz_1000,7,0.001,,8,16,25,64,0.0080456733703613,0.0083597376942634,0.0704656913876533,0.0720715522766113,0.9145488142967224,0.90921550989151,131,2059,58.87,0.0397947004271878,0.0446845032274723,0.0428960397839546
1,rnn,layers_2,lorenz_1000,7,0.001,,8,4,1,64,1.51788265156938e-06,1.729091763991164e-06,0.0009249510476365,0.0009581774938851,0.9999839663505554,0.9999822974205016,275,1454,43.67,0.0018588144914247,0.0022448664531111,0.0019246992887929
1,rnn,layers_2,lorenz_1000,7,0.001,,8,4,13,64,0.0004215694789309,0.0005064152064733,0.0150976004078984,0.0164851397275924,0.9955121278762816,0.9946108460426332,275,3289,95.52,0.0387139931321144,0.0425652787089347,0.0395014099776744
1,rnn,layers_2,lorenz_1000,7,0.001,,8,4,25,64,0.0145891970023512,0.0155772231519222,0.0797851607203483,0.0857671424746513,0.8368069529533386,0.8196207284927368,275,2236,64.03,0.0382906490936875,0.0460416786372661,0.0435243993997573
1,rnn,layers_2,lorenz_1000,7,0.001,,8,8,1,64,1.580228172315401e-06,1.63059428359702e-06,0.0009709264268167,0.0009793447097763,0.9999842047691344,0.9999836087226868,275,1345,63.62,0.0016728098737075,0.0020589109044522,0.0017484524287283
1,rnn,layers_2,lorenz_1000,7,0.001,,8,8,13,64,0.0012120566098019,0.001415642327629,0.0257349014282226,0.028317118063569,0.986948013305664,0.9848570227622986,275,1413,54.08,0.0373390899971127,0.0444232784211635,0.0399528555572032
1,rnn,layers_2,lorenz_1000,7,0.001,,8,8,25,64,0.0097919488325715,0.0121427616104483,0.0635859966278076,0.0738235265016555,0.8934471011161804,0.8602357506752014,275,1971,71.76,0.0385816579684615,0.0453639328479766,0.044508159160614
1,rnn,layers_2,lorenz_1000,7,0.001,,8,16,1,64,9.460238743486116e-07,1.1536531019373797e-06,0.0007180373650044,0.0007928400882519,0.9999898672103882,0.9999876618385316,275,1477,75.81,0.001504878909327,0.001862097880803,0.001606328994967
1,rnn,layers_2,lorenz_1000,7,0.001,,8,16,13,64,0.0017605734756216,0.0018662775401026,0.0323712341487407,0.0331347733736038,0.9810643792152404,0.9800975918769836,275,1459,75.82,0.0374278323724865,0.0408626236021518,0.0391617938876152
1,rnn,layers_2,lorenz_1000,7,0.001,,8,16,25,64,0.0058294814079999,0.0067687067203223,0.0584677122533321,0.0632419288158416,0.9371554851531982,0.9237459897994996,275,1826,86.39,0.0394856822159555,0.04465988650918,0.0454230420291423
1,rnn,layers_3,lorenz_1000,7,0.001,,8,4,1,64,3.0891944788891124e-06,3.4512931961216964e-06,0.0013794815167784,0.0013995838817209,0.99997079372406,0.9999679923057556,419,1276,47.11,0.0030070376349613,0.0038252652157098,0.0028774100355803
1,rnn,layers_3,lorenz_1000,7,0.001,,8,4,13,64,0.000486958248075,0.0004872380231972,0.0166457928717136,0.0166115127503871,0.9947848916053772,0.9948100447654724,419,2189,81.35,0.038974162004888,0.0438729114830493,0.039416167885065
1,rnn,layers_3,lorenz_1000,7,0.001,,8,4,25,64,0.0104927569627761,0.0119453398510813,0.0616876073181629,0.0689980909228324,0.8841302394866943,0.8640139698982239,419,3838,140.25,0.040516304783523,0.0501156263053417,0.0451797768473625
1,rnn,layers_3,lorenz_1000,7,0.001,,8,8,1,64,3.513160208967747e-06,3.529831701598596e-06,0.0014828740386292,0.0014628099743276,0.999963402748108,0.9999635219573976,419,1209,58.74,0.0019028692157007,0.0020928108133375,0.0018574562855064
1,rnn,layers_3,lorenz_1000,7,0.001,,8,8,13,64,0.000917715660762,0.0009466105839237,0.0231110714375972,0.0233630519360303,0.9902448654174804,0.9903787970542908,419,1027,50.4,0.0375959388911724,0.0442666411399841,0.0394057892262935
1,rnn,layers_3,lorenz_1000,7,0.001,,8,8,25,64,0.0134616745635867,0.0136333815753459,0.0794126167893409,0.0836952701210975,0.8510400652885437,0.8438799381256104,419,1431,69.6,0.0397300541400909,0.0508639626204967,0.0472581461071968
1,rnn,layers_3,lorenz_1000,7,0.001,,8,16,1,64,2.627021331136348e-06,2.674610641406616e-06,0.0011954949004575,0.0012179341865703,0.9999716877937316,0.9999718070030212,419,1264,89.29,0.0019423225545324,0.002257828367874,0.0019243782153353
1,rnn,layers_3,lorenz_1000,7,0.001,,8,16,13,64,0.0014702854678034,0.0022385027259588,0.0304042976349592,0.0370010510087013,0.9844197630882264,0.9760947227478028,419,1236,139.18,0.0379354272037744,0.0421523824334144,0.0389082394540309
1,rnn,layers_3,lorenz_1000,7,0.001,,8,16,25,64,0.0079994080588221,0.0090247243642807,0.0684818178415298,0.0750482976436615,0.9152997136116028,0.9054113030433656,419,1075,100.19,0.0410712326152457,0.0492780804634094,0.0470474921166896
1,rnn,layers_1,lorenz_1000,7,0.001,,16,4,1,64,1.1701799849106465e-06,1.5665397086195298e-06,0.0008390838629566,0.0009257920319214,0.9999874830245972,0.9999834299087524,387,1271,25.7,0.0009613101836293,0.0011202942114323,0.0009978192392736
1,rnn,layers_1,lorenz_1000,7,0.001,,16,4,13,64,0.0007826961227692,0.0008341341163031,0.0199354607611894,0.0209779255092144,0.9918988347053528,0.9912303686141968,387,2635,54.24,0.0383285442367196,0.0435290820896625,0.0392021276056766
1,rnn,layers_1,lorenz_1000,7,0.001,,16,4,25,64,0.0102278105914592,0.011613842099905,0.0583436824381351,0.0646794140338897,0.885246753692627,0.8674465417861938,387,4354,92.54,0.038408694602549,0.0468942373991012,0.0432312451303005
1,rnn,layers_1,lorenz_1000,7,0.001,,16,8,1,64,1.7404497612005798e-06,1.926676759467228e-06,0.0010018354514613,0.0010591287864372,0.9999812841415404,0.9999792575836182,387,1064,26.58,0.0008606577815953,0.0009470522054471,0.0009990787366405
1,rnn,layers_1,lorenz_1000,7,0.001,,16,8,13,64,0.0010949164861813,0.0011062648845836,0.0248188376426696,0.0253013558685779,0.9882423877716064,0.9882457852363586,387,1484,46.82,0.0372964870184659,0.045297734439373,0.0398952513933181
1,rnn,layers_1,lorenz_1000,7,0.001,,16,8,25,64,0.0117878578603267,0.0137256626039743,0.0732105895876884,0.0820592269301414,0.869739830493927,0.8405696153640747,387,1728,45.73,0.03818886205554,0.0466175638139247,0.0437479801476001
1,rnn,layers_1,lorenz_1000,7,0.001,,16,16,1,64,1.473722704758984e-06,1.6562856899327016e-06,0.0009521276224404,0.0010285021271556,0.9999854564666748,0.999983549118042,387,1178,38.51,0.0008104622247628,0.0009638449409976,0.0009790906915441
1,rnn,layers_1,lorenz_1000,7,0.001,,16,16,13,64,0.003438496729359,0.0048622195608913,0.043516993522644,0.0503018237650394,0.962818443775177,0.9477238059043884,387,1098,37.13,0.0372194418683648,0.0421192497014999,0.0391160808503627
1,rnn,layers_1,lorenz_1000,7,0.001,,16,16,25,64,0.0081621808931231,0.0081880912184715,0.0687072128057479,0.0698297321796417,0.9141879081726074,0.910407781600952,387,942,28.19,0.0391961636228693,0.0442307367920875,0.0438829958438873
1,rnn,layers_2,lorenz_1000,7,0.001,,16,4,1,64,1.4115313433649137e-06,1.8043485852103915e-06,0.0009062751196324,0.0009634829475544,0.9999852776527404,0.9999811053276062,931,839,24.23,0.0003377231492777,0.0003664694377221,0.0003285997372586
1,rnn,layers_2,lorenz_1000,7,0.001,,16,4,13,64,0.0003846432082355,0.0003685165138449,0.0140243070200085,0.0135321728885173,0.9958910346031188,0.9960619807243348,931,1946,59.76,0.038079865463078,0.0443047732114791,0.0390743948519229
1,rnn,layers_2,lorenz_1000,7,0.001,,16,4,25,64,0.0094547923654317,0.0107976160943508,0.0587976649403572,0.0647744834423065,0.8964806795120239,0.8800320029258728,931,1910,55.08,0.0385593885555863,0.0467851497232914,0.0433134250342845
1,rnn,layers_2,lorenz_1000,7,0.001,,16,8,1,64,1.2080173519279924e-06,1.2829123079427518e-06,0.0008548899786546,0.0008380337967537,0.999987006187439,0.9999867081642152,931,962,36.09,0.0001865659709437,0.0001799679157556,0.0001681782450759
1,rnn,layers_2,lorenz_1000,7,0.001,,16,8,13,64,0.0005601936718448,0.0006631136056967,0.0178615096956491,0.0191162377595901,0.994082510471344,0.9930276274681092,931,878,44.73,0.0345395812764763,0.0422876589000225,0.0381698794662952
1,rnn,layers_2,lorenz_1000,7,0.001,,16,8,25,64,0.0073081669397652,0.0081119248643517,0.0564563535153865,0.0605449564754962,0.9229570627212524,0.910414218902588,931,1049,39.46,0.0383967770263552,0.047097947448492,0.0439906641840934
1,rnn,layers_2,lorenz_1000,7,0.001,,16,16,1,64,1.9000792690349044e-06,2.209473677794449e-06,0.0010227317688986,0.0010553691536188,0.9999794960021972,0.999976396560669,931,829,44.43,0.0001987391660804,0.0001947546406881,0.0001931828592205
1,rnn,layers_2,lorenz_1000,7,0.001,,16,16,13,64,0.0010797140421345,0.001340456190519,0.023873496800661,0.0270578786730766,0.9885962009429932,0.9857251048088074,931,699,38.29,0.0310530232265591,0.0363908819854259,0.0383541658520698
1,rnn,layers_2,lorenz_1000,7,0.001,,16,16,25,64,0.0044163521379232,0.005102370865643,0.0476790778338909,0.053724568337202,0.9564301371574402,0.944852352142334,931,884,44.61,0.0394901432510879,0.0452141351997852,0.0441997833549976
1,rnn,layers_3,lorenz_1000,7,0.001,,16,4,1,64,2.281893557665171e-06,2.294991190865403e-06,0.0011927657760679,0.00117617927026,0.99997878074646,0.99997740983963,1475,678,36.67,8.962172178144101e-05,7.754294347250834e-05,7.316180563066155e-05
1,rnn,layers_3,lorenz_1000,7,0.001,,16,4,13,64,0.0002400509256403,0.0002349165297346,0.0111704934388399,0.0111088138073682,0.9974457621574402,0.9975576996803284,1475,1029,39.09,0.0379020372405648,0.0454276241362094,0.0390281975269317
1,rnn,layers_3,lorenz_1000,7,0.001,,16,4,25,64,0.0074379593133926,0.0093517834320664,0.0500805042684078,0.0571373030543327,0.9177923202514648,0.8961780667304993,1475,1496,55.9,0.0340982669964432,0.0417527593672275,0.037949975579977
1,rnn,layers_3,lorenz_1000,7,0.001,,16,8,1,64,1.4435120192501929e-06,1.6064012697825092e-06,0.0009441273869015,0.00099521165248,0.9999849200248718,0.9999834299087524,1475,712,49.58,8.571989710617344e-05,7.276712130988017e-05,6.320827378658578e-05
1,rnn,layers_3,lorenz_1000,7,0.001,,16,8,13,64,0.0003181792853865,0.0003324835270177,0.0131344348192214,0.0137751558795571,0.9965951442718506,0.996490240097046,1475,558,27.96,0.0352165466174483,0.0425636619329452,0.0366038642823696
1,rnn,layers_3,lorenz_1000,7,0.001,,16,8,25,64,0.0065117697231471,0.0077274749055504,0.0519354380667209,0.0565906725823879,0.9298612475395204,0.9164136052131652,1475,1021,51.05,0.0267388598062098,0.0338853821158409,0.0347729660570621
1,rnn,layers_3,lorenz_1000,7,0.001,,16,16,1,64,1.533935687803023e-06,1.7365364328725263e-06,0.0009707325370982,0.0010585042182356,0.9999839663505554,0.999983012676239,1475,649,49.81,7.917810362414456e-05,6.752799527021125e-05,6.117711745901033e-05
1,rnn,layers_3,lorenz_1000,7,0.001,,16,16,13,64,0.0002813957980833,0.0003591361164581,0.0129519803449511,0.0147043960168957,0.997231125831604,0.996368169784546,1475,751,56.82,0.0366663975641131,0.0417742505669593,0.0384023487567901
1,rnn,layers_3,lorenz_1000,7,0.001,,16,16,25,64,0.0047766473144292,0.0060771177522838,0.0498552322387695,0.0597914196550846,0.9513819217681884,0.9341745972633362,1475,677,48.18,0.0211303358276685,0.0221465360373258,0.0188211258500814
1,rnn,layers_1,lorenz_1000,7,0.001,,32,4,1,64,2.0706720533780758e-06,2.17740966945712e-06,0.0010784700280055,0.0010590511374175,0.9999787211418152,0.9999773502349854,1283,949,19.92,0.0008369679620955,0.0009007467888295,0.0008362242369912
1,rnn,layers_1,lorenz_1000,7,0.001,,32,4,13,64,0.0002391086018178,0.000300957908621,0.0106563316658139,0.0117289517074823,0.9974528551101683,0.9967870116233826,1283,2083,43.45,0.0382490897551178,0.0458496771752834,0.0392818823456764
1,rnn,layers_1,lorenz_1000,7,0.001,,32,4,25,64,0.0088062323629856,0.0105197047814726,0.0580101422965526,0.0646410807967186,0.906510293483734,0.8823089003562927,1283,2594,58.51,0.038648921251297,0.0459387488663196,0.0433646477758884
1,rnn,layers_1,lorenz_1000,7,0.001,,32,8,1,64,1.9268152300355723e-06,2.331019913981436e-06,0.0010137737262994,0.0011023110710084,0.999979555606842,0.9999759197235109,1283,1005,25.93,0.0005318642477504,0.0006078567239455,0.0005860337405465
1,rnn,layers_1,lorenz_1000,7,0.001,,32,8,13,64,0.0003624104720074,0.0005180186126381,0.0145513769239187,0.0159813333302736,0.9963274598121644,0.994598925113678,1283,982,25.61,0.0373522773385047,0.0434379689395427,0.0387557558715343
1,rnn,layers_1,lorenz_1000,7,0.001,,32,8,25,64,0.0070958947762846,0.0077497041784226,0.0509122908115386,0.057299505919218,0.9221151471138,0.9138415455818176,1283,1221,32.33,0.038284058868885,0.044933658093214,0.044201198965311
1,rnn,layers_1,lorenz_1000,7,0.001,,32,16,1,64,1.538806031931017e-06,1.3029365391048486e-06,0.0009321857942268,0.0008506719605065,0.9999848008155824,0.99998676776886,1283,1029,36.81,0.0005043863988248,0.0005428668810054,0.0005325301317498
1,rnn,layers_1,lorenz_1000,7,0.001,,32,16,13,64,0.0025147299747914,0.0031650990713387,0.0358794257044792,0.0390570871531963,0.97384512424469,0.9671207666397096,1283,698,24.68,0.036683789640665,0.0410352051258087,0.0384447500109672
1,rnn,layers_1,lorenz_1000,7,0.001,,32,16,25,64,0.0057912003248929,0.0061871716752648,0.0546302273869514,0.0568883158266544,0.9396509528160096,0.9305828213691713,1283,1047,34.94,0.0389999403721756,0.0425276234745979,0.0436860769987106
1,rnn,layers_2,lorenz_1000,7,0.001,,32,4,1,64,2.813403398249648e-06,2.5771134914975846e-06,0.0012144985375925,0.001129169948399,0.999970555305481,0.999972641468048,3395,589,18.11,0.0001917289511766,0.0002240377652924,0.0002123700542142
1,rnn,layers_2,lorenz_1000,7,0.001,,32,4,13,64,0.00027037304244,0.0003297637740615,0.0115270800888538,0.0130236512050032,0.9971027970314026,0.9965308904647828,3395,1188,36.89,0.0375397184863686,0.044775366783142,0.0390752926468849
1,rnn,layers_2,lorenz_1000,7,0.001,,32,4,25,64,0.0080484934151172,0.0087256282567977,0.0543216541409492,0.0564174242317676,0.913736879825592,0.9045337438583374,3395,1311,40.12,0.0382867062464356,0.0465732179582119,0.0424003116786479
1,rnn,layers_2,lorenz_1000,7,0.001,,32,8,1,64,1.987366886169184e-06,2.46104445977835e-06,0.0010355107951909,0.0011465968564152,0.9999793171882628,0.9999738335609436,3395,515,20.91,7.299102253455203e-05,6.998569733696058e-05,7.515102333854884e-05
1,rnn,layers_2,lorenz_1000,7,0.001,,32,8,13,64,0.0002324279630556,0.0002408998261671,0.0108808865770697,0.011057118885219,0.9976555109024048,0.9975857138633728,3395,723,30.12,0.0287937914952635,0.0287363938987255,0.0302441399544477
1,rnn,layers_2,lorenz_1000,7,0.001,,32,8,25,64,0.0075798360630869,0.0086512947455048,0.0544074438512325,0.0603583194315433,0.9183782935142516,0.9038177728652954,3395,757,31.76,0.0267491043545305,0.0325201265513896,0.0314762629568576
1,rnn,layers_2,lorenz_1000,7,0.001,,32,16,1,64,2.739257524808636e-06,2.9034126782789822e-06,0.0012621355708688,0.0012761249672621,0.9999743700027466,0.99997216463089,3395,513,31.28,6.82201763993362e-05,6.300469249254093e-05,6.618734187213704e-05
1,rnn,layers_2,lorenz_1000,7,0.001,,32,16,13,64,0.0008431580499745,0.0008599841967225,0.0203584190458059,0.0208843071013689,0.9911679625511168,0.9913282990455629,3395,735,45.84,0.0272510884329676,0.0294665247201919,0.0293588303029537
1,rnn,layers_2,lorenz_1000,7,0.001,,32,16,25,64,0.0032217605039477,0.0037899715825915,0.0432458817958831,0.0464619845151901,0.9675570726394652,0.9595322012901306,3395,578,33.53,0.0219049000491698,0.0257662031799554,0.021357387304306
1,rnn,layers_3,lorenz_1000,7,0.001,,32,4,1,64,3.2184716474148445e-06,2.9244358756841397e-06,0.0012681649532169,0.0012356572551652,0.9999675750732422,0.9999685883522034,5507,490,19.74,5.3072489390615377e-05,4.293680831324309e-05,4.693717346526682e-05
1,rnn,layers_3,lorenz_1000,7,0.001,,32,4,13,64,0.000130012675072,0.000137962095323,0.0079915495589375,0.0086127938702702,0.998609185218811,0.998541295528412,5507,902,37.51,0.0359071936458349,0.0438892133533954,0.038538247346878
1,rnn,layers_3,lorenz_1000,7,0.001,,32,4,25,64,0.0092737600207328,0.0101088499650359,0.0574411824345588,0.0634504482150077,0.8999250531196594,0.8884711265563965,5507,858,34.34,0.0354204028844833,0.0428568571805954,0.0394179262220859
1,rnn,layers_3,lorenz_1000,7,0.001,,32,8,1,64,2.230794962088112e-06,2.169797653550632e-06,0.0010802061296999,0.0010707566980272,0.9999772310256958,0.9999770522117616,5507,461,25.72,2.8704703981929925e-05,2.359556128794793e-05,2.11728456633864e-05
1,rnn,layers_3,lorenz_1000,7,0.001,,32,8,13,64,0.0001497984630987,0.0001825596555136,0.0091343456879258,0.010046849027276,0.9984458088874816,0.9981033205986024,5507,725,63.78,0.015703647211194,0.0172756239771842,0.0122084310278296
1,rnn,layers_3,lorenz_1000,7,0.001,,32,8,25,64,0.0056082759983837,0.0059712333604693,0.0447285175323486,0.0461524724960327,0.9394618272781372,0.9351759552955629,5507,608,33.47,0.0185349239502102,0.0214074477553367,0.020749470219016
1,rnn,layers_3,lorenz_1000,7,0.001,,32,16,1,64,1.4470198266280931e-06,1.564777903695358e-06,0.0008681314648129,0.0009087011567316,0.999984622001648,0.999983549118042,5507,446,38.31,1.4654049755336018e-05,1.636440538277384e-05,1.4138227015791928e-05
1,rnn,layers_3,lorenz_1000,7,0.001,,32,16,13,64,0.000521020614542,0.0006074903649277,0.0162339564412832,0.0173118580132722,0.9948055744171144,0.9937496185302734,5507,489,57.6,0.0155048991553485,0.0143776088953018,0.0131518868729472
1,rnn,layers_3,lorenz_1000,7,0.001,,32,16,25,64,0.00244413735345,0.0029973571654409,0.0313306003808975,0.0351729989051818,0.9741687774658204,0.967178463935852,5507,518,40.81,0.0139243216771218,0.0187188256531953,0.013956912793219
1,rnn,layers_1,lorenz_1000,8,0.001,,8,4,1,64,2.468147386025521e-06,2.7998305540677397e-06,0.0011639252770692,0.0011788645060732,0.999975323677063,0.9999709129333496,131,1476,29.86,0.0041128180688247,0.004535031504929,0.0042531420476734
1,rnn,layers_1,lorenz_1000,8,0.001,,8,4,13,64,0.0386770702898502,0.0410238280892372,0.1557228118181228,0.1591296344995498,0.4108286798000335,0.4242271482944488,131,469,9.4,0.0376755520701408,0.0441517271101474,0.0398416854441165
1,rnn,layers_1,lorenz_1000,8,0.001,,8,4,25,64,0.0206243395805358,0.0219004321843385,0.1021498888731002,0.1088052839040756,0.7666454911231995,0.7352871298789978,131,4505,90.24,0.0408762361854314,0.0480885654687881,0.0436792708933353
1,rnn,layers_1,lorenz_1000,8,0.001,,8,8,1,64,3.873100013151998e-06,3.962430128012784e-06,0.0014629663201048,0.001430639065802,0.9999595284461976,0.9999582767486572,131,1688,40.84,0.0032671877881512,0.0037753926590085,0.0034474197309464
1,rnn,layers_1,lorenz_1000,8,0.001,,8,8,13,64,0.0384878367185592,0.0403898768126964,0.1551878601312637,0.1571588069200515,0.4185647070407867,0.4440931975841522,131,480,11.53,0.0376153156161308,0.044330671429634,0.0399547554552555
1,rnn,layers_1,lorenz_1000,8,0.001,,8,8,25,64,0.0143902180716395,0.0143786072731018,0.0863136649131774,0.0871145203709602,0.8417194485664368,0.8385245203971863,131,3002,95.87,0.0385031940415501,0.0504880361258983,0.0443123690783977
1,rnn,layers_1,lorenz_1000,8,0.001,,8,16,1,64,2.053318894468248e-06,2.480490365996957e-06,0.0010291871149092,0.0011137175606563,0.9999786615371704,0.999974012374878,131,1801,61.03,0.0034686746774241,0.0040847295895218,0.0037660994566977
1,rnn,layers_1,lorenz_1000,8,0.001,,8,16,13,64,0.0383719280362129,0.0393994189798831,0.1550816595554351,0.1552484333515167,0.4262853562831878,0.4560586512088775,131,478,15.19,0.0383546018972992,0.0423106476664543,0.040258839726448
1,rnn,layers_1,lorenz_1000,8,0.001,,8,16,25,64,0.01500990614295,0.0143339736387133,0.0943972989916801,0.0934370085597038,0.8310679197311401,0.8389036655426025,131,1583,45.93,0.0405089900725417,0.0480123050510883,0.0449502021074295
1,rnn,layers_2,lorenz_1000,8,0.001,,8,4,1,64,2.223526053057867e-06,2.427651452308055e-06,0.0011612465605139,0.0011945768492296,0.9999762177467346,0.9999746680259703,275,1183,33.95,0.0012838888447731,0.0015038058627396,0.0012349849566817
1,rnn,layers_2,lorenz_1000,8,0.001,,8,4,13,64,0.0005753462901338,0.0005759284249506,0.0177842583507299,0.0183897987008094,0.993986189365387,0.994034469127655,275,2863,81.23,0.0380071640014648,0.0448134131729602,0.040013700723648
1,rnn,layers_2,lorenz_1000,8,0.001,,8,4,25,64,0.0104033136740326,0.0129385776817798,0.0639731436967849,0.0725362747907638,0.88741534948349,0.8535135388374329,275,4121,119.5,0.0399788152426481,0.0450832769274711,0.0432402230799198
1,rnn,layers_2,lorenz_1000,8,0.001,,8,8,1,64,1.4298100268206326e-06,1.54010024289164e-06,0.000947898835875,0.0010013169376179,0.999984622001648,0.9999837875366212,275,1360,48.96,0.0012469256413169,0.0015340868849307,0.001290360931307
1,rnn,layers_2,lorenz_1000,8,0.001,,8,8,13,64,0.0014319001929834,0.0018138188170269,0.0299190040677785,0.0335221365094184,0.9845418334007264,0.9806177020072936,275,1962,71.03,0.0379320029169321,0.0449856929481029,0.0397885031998157
1,rnn,layers_2,lorenz_1000,8,0.001,,8,8,25,64,0.0092795044183731,0.0114543996751308,0.0726892501115799,0.08142901211977,0.898288369178772,0.8725449442863464,275,1417,50.64,0.0365596693009138,0.0451797768473625,0.0427767299115657
1,rnn,layers_2,lorenz_1000,8,0.001,,8,16,1,64,1.2572553487188998e-06,1.5327250366681255e-06,0.0008461943361908,0.0008931753109209,0.999986469745636,0.9999842047691344,275,1309,69.9,0.0012716947647277,0.0016554010799154,0.0013049175031483
1,rnn,layers_2,lorenz_1000,8,0.001,,8,16,13,64,0.007668889593333,0.0093888621777296,0.0592947266995906,0.0667522847652435,0.9214314222335817,0.8983737230300903,275,1048,54.55,0.0383892387151718,0.0417863167822361,0.0393735356628894
1,rnn,layers_2,lorenz_1000,8,0.001,,8,16,25,64,0.0059512429870665,0.0070330034941434,0.0595523864030838,0.0663057714700698,0.9359185099601746,0.920683205127716,275,1112,55.18,0.037396646829115,0.0407446324825286,0.0444825887680053
1,rnn,layers_3,lorenz_1000,8,0.001,,8,4,1,64,2.728851541178301e-06,2.668871275091078e-06,0.0012469767825677,0.001207465538755,0.9999714493751526,0.9999722838401794,419,1138,41.93,0.0014872099389322,0.0017792173894122,0.0015803413698449
1,rnn,layers_3,lorenz_1000,8,0.001,,8,4,13,64,0.0002537950640544,0.0002826419949997,0.0116797136142849,0.0125987352803349,0.9972817897796632,0.9969916343688964,419,2246,81.11,0.0372207123786211,0.0455117970705032,0.040464773774147
1,rnn,layers_3,lorenz_1000,8,0.001,,8,4,25,64,0.0101624615490436,0.0125738875940442,0.0675094947218895,0.0763221755623817,0.889248788356781,0.8571072220802307,419,3072,112.44,0.0404420245438814,0.0437163300812244,0.0441996306180954
1,rnn,layers_3,lorenz_1000,8,0.001,,8,8,1,64,1.8308572862224537e-06,2.032224756476353e-06,0.0010504199890419,0.0010927447583526,0.9999830722808838,0.9999809861183168,419,968,46.38,0.0018679504981264,0.0020535262301564,0.0020249516237527
1,rnn,layers_3,lorenz_1000,8,0.001,,8,8,13,64,0.0008131822687573,0.0008492334745824,0.0210261084139347,0.0212289541959762,0.9915356040000916,0.9909555315971376,419,1056,50.68,0.0367102246731519,0.0453532673418521,0.0400846414268016
1,rnn,layers_3,lorenz_1000,8,0.001,,8,8,25,64,0.0099968928843736,0.0107638891786336,0.0740514546632766,0.077587142586708,0.8919948935508728,0.8814297318458557,419,1259,60.4,0.0375356344506144,0.0476713925600051,0.0420573391020298
1,rnn,layers_3,lorenz_1000,8,0.001,,8,16,1,64,2.276116219945834e-06,2.563628186180722e-06,0.0011311012785881,0.001230236608535,0.9999759793281556,0.9999732971191406,419,933,65.91,0.0016609031474217,0.0020280133467167,0.0018386526498943
1,rnn,layers_3,lorenz_1000,8,0.001,,8,16,13,64,0.0027961756568402,0.0033794925548136,0.0402864553034305,0.0444354191422462,0.9700961112976074,0.9638810753822328,419,1019,74.02,0.0363690683618187,0.0471562035381794,0.0430550463497638
1,rnn,layers_3,lorenz_1000,8,0.001,,8,16,25,64,0.005720336921513,0.0070068901404738,0.0577365309000015,0.0650504678487777,0.9409521818161012,0.9237143397331238,419,1102,74.44,0.0394352517194218,0.0460554584860801,0.0428274199366569
1,rnn,layers_1,lorenz_1000,8,0.001,,16,4,1,64,1.177428089249588e-06,1.1804401083281846e-06,0.000804700772278,0.0008029424934647,0.9999876022338868,0.9999881982803344,387,1193,24.82,0.0011369826330337,0.0012320794630795,0.0011177582200616
1,rnn,layers_1,lorenz_1000,8,0.001,,16,4,13,64,0.0385427437722682,0.0411540865898132,0.1539316773414611,0.1587563753128051,0.4138261675834656,0.425548255443573,387,408,8.42,0.037273733690381,0.0438833534717559,0.0397009849548339
1,rnn,layers_1,lorenz_1000,8,0.001,,16,4,25,64,0.0415538996458053,0.044751014560461,0.1555671989917755,0.1631676703691482,0.3399208784103393,0.3237663507461548,387,415,8.5,0.0404819350689649,0.0455827489495277,0.0448808446526527
1,rnn,layers_1,lorenz_1000,8,0.001,,16,8,1,64,1.4179862546370714e-06,1.3833713410349446e-06,0.0008398478967137,0.0008289054385386,0.999984860420227,0.9999858736991882,387,1422,36.18,0.0009445799223612,0.00111215619836,0.0010169966844841
1,rnn,layers_1,lorenz_1000,8,0.001,,16,8,13,64,0.0009427033946849,0.000866811198648,0.0226833373308181,0.0221271067857742,0.9900274872779846,0.990827739238739,387,1667,41.0,0.0370175458490848,0.0441145449876785,0.0395101755857467
1,rnn,layers_1,lorenz_1000,8,0.001,,16,8,25,64,0.0089281564578413,0.0107628209516406,0.0646524131298065,0.0716766491532325,0.9062264561653136,0.8808926939964294,387,2547,61.76,0.0373030887916684,0.0473382100462913,0.0439953133463859
1,rnn,layers_1,lorenz_1000,8,0.001,,16,16,1,64,2.1323223791114287e-06,2.1921198367635952e-06,0.0011065594153478,0.0011345040984451,0.999978244304657,0.9999777674674988,387,1276,42.17,0.0009396627428941,0.0011225127382203,0.0010231961496174
1,rnn,layers_1,lorenz_1000,8,0.001,,16,16,13,64,0.0023497326765209,0.0028829709626734,0.038288876414299,0.0404534228146076,0.97493314743042,0.9695057272911072,387,1359,46.63,0.0380085978657007,0.0405153110623359,0.0390342995524406
1,rnn,layers_1,lorenz_1000,8,0.001,,16,16,25,64,0.0074088820256292,0.0070608481764793,0.0589036345481872,0.0620363615453243,0.9213964343070984,0.922225296497345,387,1515,44.76,0.0393193614565663,0.0460429601371288,0.0447015613317489
1,rnn,layers_2,lorenz_1000,8,0.001,,16,4,1,64,1.898775053632562e-06,1.7960506966119285e-06,0.0010157825890928,0.0009759676759131,0.9999797344207764,0.9999808073043824,931,910,26.74,0.0001799964782549,0.0002047121233772,0.0001850481057772
1,rnn,layers_2,lorenz_1000,8,0.001,,16,4,13,64,0.0001910295395646,0.0002060072001768,0.0104474984109401,0.0109056252986192,0.9979995489120485,0.9979170560836792,931,1457,42.87,0.0366841100156307,0.0456193685531616,0.0397951044142246
1,rnn,layers_2,lorenz_1000,8,0.001,,16,4,25,64,0.0097034284844994,0.0112382872030138,0.0609610602259635,0.0660734102129936,0.8935438990592957,0.872348964214325,931,2235,64.64,0.0405549611896276,0.0471680536866188,0.0446182899177074
1,rnn,layers_2,lorenz_1000,8,0.001,,16,8,1,64,1.3745800515607698e-06,1.50084497363423e-06,0.0008635082631371,0.000887856062036,0.9999850392341614,0.9999841451644896,931,849,31.81,7.358188886428252e-05,6.061064414097928e-05,5.64023430342786e-05
1,rnn,layers_2,lorenz_1000,8,0.001,,16,8,13,64,0.0007450389093719,0.0009332898189313,0.0193130280822515,0.0219224952161312,0.9919919967651368,0.9900127053260804,931,746,28.89,0.0353726372122764,0.0446731224656105,0.0391465611755847
1,rnn,layers_2,lorenz_1000,8,0.001,,16,8,25,64,0.0064691775478422,0.007181609980762,0.0523355081677436,0.056199200451374,0.9309662580490112,0.9198683500289916,931,1318,52.74,0.0368785681203007,0.0462286621332168,0.0429357253015041
1,rnn,layers_2,lorenz_1000,8,0.001,,16,16,1,64,2.1105797713971697e-06,2.0987502011848846e-06,0.0010849710088223,0.0010834456188604,0.999978244304657,0.9999781250953674,931,771,41.74,7.330750449909828e-05,5.586268162005581e-05,5.704601426259615e-05
1,rnn,layers_2,lorenz_1000,8,0.001,,16,16,13,64,0.0010672990465536,0.001369229867123,0.024487130343914,0.0258349552750587,0.9888363480567932,0.9857454299926758,931,1068,57.07,0.0319979559630155,0.0364782474935054,0.0374538451433181
1,rnn,layers_2,lorenz_1000,8,0.001,,16,16,25,64,0.0024081082083284,0.0031105035450309,0.0373521223664283,0.0432022400200367,0.9768468737602234,0.966385006904602,931,1196,62.45,0.0361761707398626,0.0383110009133815,0.0408020168542861
1,rnn,layers_3,lorenz_1000,8,0.001,,16,4,1,64,1.8801791838996e-06,2.1984683371556457e-06,0.0010260969866067,0.001111005549319,0.9999804496765136,0.9999770522117616,1475,705,33.19,0.0001595533860381,0.0001712321682134,0.000162352254847
1,rnn,layers_3,lorenz_1000,8,0.001,,16,4,13,64,0.0002213427360402,0.0001914432359626,0.0101978136226534,0.0096592819318175,0.9976586103439332,0.9979779124259948,1475,1204,46.28,0.0365962862968444,0.0454432591795921,0.0397358238697052
1,rnn,layers_3,lorenz_1000,8,0.001,,16,4,25,64,0.0087263882160186,0.0099598746746778,0.0525931976735591,0.0590840876102447,0.9045614004135132,0.8886665105819702,1475,1611,82.86,0.0390722159296274,0.0448364205658435,0.0429838187992572
1,rnn,layers_3,lorenz_1000,8,0.001,,16,8,1,64,1.5835400972719071e-06,1.652837454457767e-06,0.000974245427642,0.000994068570435,0.9999834299087524,0.9999830722808838,1475,843,42.24,8.170898981916253e-05,8.662382606416941e-05,8.245390927186236e-05
1,rnn,layers_3,lorenz_1000,8,0.001,,16,8,13,64,0.0002088794281007,0.000242861235165,0.01094008423388,0.0120012536644935,0.9977656006813048,0.9974150657653807,1475,646,34.26,0.0262901226058602,0.0367391221225261,0.0291906669735908
1,rnn,layers_3,lorenz_1000,8,0.001,,16,8,25,64,0.0060974159277975,0.0072048851288855,0.0489099137485027,0.0513814613223075,0.9337277412414552,0.9208396077156068,1475,895,44.73,0.0302542023360729,0.0360801704227924,0.0333946794271469
1,rnn,layers_3,lorenz_1000,8,0.001,,16,16,1,64,1.7068806528186542e-06,2.256229436170542e-06,0.0010615393985062,0.001216996461153,0.999982476234436,0.9999772906303406,1475,680,78.16,9.68403084698366e-05,0.0001179293030872,0.0001136079154093
1,rnn,layers_3,lorenz_1000,8,0.001,,16,16,13,64,0.0003205454268027,0.0003196831676177,0.0127383265644311,0.013156546279788,0.9967089891433716,0.996661901473999,1475,672,50.81,0.0275970527902245,0.0268781799823045,0.0298705659806728
1,rnn,layers_3,lorenz_1000,8,0.001,,16,16,25,64,0.0040133390575647,0.0043562320061028,0.0442034155130386,0.0481180511415004,0.9581947922706604,0.9516719579696656,1475,913,62.6,0.0231622785536779,0.0268884245306253,0.0273400209844112
1,rnn,layers_1,lorenz_1000,8,0.001,,32,4,1,64,1.4513894939227612e-06,1.621464093659597e-06,0.00089253654005,0.0009556164150126,0.9999849200248718,0.999983251094818,1283,872,18.42,0.0005452075361972,0.0006703089457005,0.0005993432714603
1,rnn,layers_1,lorenz_1000,8,0.001,,32,4,13,64,0.0005451008910313,0.0005686988006345,0.0155938332900404,0.0161354914307594,0.9941262602806092,0.993951380252838,1283,1695,36.15,0.0368754979223012,0.0449531599879264,0.0392674505710601
1,rnn,layers_1,lorenz_1000,8,0.001,,32,4,25,64,0.0102499900385737,0.0119652971625328,0.0585164912045002,0.0655831098556518,0.8860795497894287,0.8636406064033508,1283,3072,63.83,0.0410841535776853,0.0470838658511638,0.0442988649010658
1,rnn,layers_1,lorenz_1000,8,0.001,,32,8,1,64,2.118503516612691e-06,2.039177843471407e-06,0.0010839871829375,0.001034400309436,0.999978244304657,0.999978244304657,1283,667,22.69,0.0003756532998522,0.0003969098033849,0.0003707740979734
1,rnn,layers_1,lorenz_1000,8,0.001,,32,8,13,64,0.0007677844841964,0.000874641817063,0.0200517997145652,0.021941490471363,0.9920749068260192,0.9907873272895812,1283,941,24.38,0.0361389875411987,0.0466267727315425,0.0391780808568
1,rnn,layers_1,lorenz_1000,8,0.001,,32,8,25,64,0.0076255742460489,0.008408130146563,0.0542520284652709,0.0609041862189769,0.9166602492332458,0.9073708653450012,1283,1140,29.89,0.0369974710047245,0.0470741540193557,0.0433630868792533
1,rnn,layers_1,lorenz_1000,8,0.001,,32,16,1,64,2.389310338912765e-06,2.7492674234963488e-06,0.0012185190571472,0.0013028720859438,0.999975323677063,0.9999712109565736,1283,655,23.97,0.000364348036237,0.0004139404045417,0.0003859352145809
1,rnn,layers_1,lorenz_1000,8,0.001,,32,16,13,64,0.0010419549653306,0.0014372487785294,0.0250248797237873,0.0277779903262853,0.9889200925827026,0.9847828149795532,1283,865,30.03,0.0374355934560298,0.0398758612573146,0.0375687032938003
1,rnn,layers_1,lorenz_1000,8,0.001,,32,16,25,64,0.0061048693023622,0.0064779613167047,0.0532121956348419,0.056533608585596,0.9348840117454528,0.928001344203949,1283,870,29.36,0.0356990127927727,0.0403320752084255,0.0390562266111373
1,rnn,layers_2,lorenz_1000,8,0.001,,32,4,1,64,2.902397227444453e-06,3.1563060929329367e-06,0.0012771590845659,0.0013157578650861,0.9999712705612184,0.9999704360961914,3395,565,17.44,0.000267214665655,0.0003230953007005,0.0003004282771144
1,rnn,layers_2,lorenz_1000,8,0.001,,32,4,13,64,0.0003284228441771,0.00037130957935,0.012992619536817,0.0136574991047382,0.9964671730995178,0.9960395097732544,3395,1052,32.89,0.036990001425147,0.0438779070973396,0.0393708273768425
1,rnn,layers_2,lorenz_1000,8,0.001,,32,4,25,64,0.0082354871556162,0.0091026881709694,0.0532121397554874,0.0575413405895233,0.9092547297477722,0.8983668684959412,3395,1428,43.13,0.040704134106636,0.0496295727789402,0.0448599122464656
1,rnn,layers_2,lorenz_1000,8,0.001,,32,8,1,64,2.4661744646437e-06,2.5380727493029558e-06,0.0011829483555629,0.0011997080873697,0.999975323677063,0.999974012374878,3395,551,22.54,7.91808677604422e-05,6.554195715580136e-05,6.034090984030627e-05
1,rnn,layers_2,lorenz_1000,8,0.001,,32,8,13,64,0.0002301122149219,0.0002776356122922,0.010855977423489,0.0120251895859837,0.997568428516388,0.9970406889915466,3395,690,28.12,0.0277296561747789,0.0315239690244197,0.0284719597548246
1,rnn,layers_2,lorenz_1000,8,0.001,,32,8,25,64,0.0065633072517812,0.0072137778624892,0.0481464080512523,0.0526355020701885,0.9298272132873536,0.9209522604942322,3395,741,29.65,0.0356471681967377,0.0449334681034088,0.0424977391958236
1,rnn,layers_2,lorenz_1000,8,0.001,,32,16,1,64,3.3957887808355736e-06,3.060090875806054e-06,0.001483830390498,0.0013660101685672,0.9999648928642272,0.9999695420265198,3395,513,48.85,6.131419395387639e-05,5.293773574521765e-05,5.328058250597678e-05
1,rnn,layers_2,lorenz_1000,8,0.001,,32,16,13,64,0.0005039095995016,0.0005512005300261,0.0153955798596143,0.0160441007465124,0.994674801826477,0.9941065907478333,3395,769,46.35,0.0317434148862958,0.0319176167249679,0.0347475633025169
1,rnn,layers_2,lorenz_1000,8,0.001,,32,16,25,64,0.0028638078365474,0.0030453328508883,0.0359831824898719,0.0395484007894992,0.971129596233368,0.9681914448738098,3395,743,41.62,0.0269118826836347,0.031641349196434,0.0332023538649082
1,rnn,layers_3,lorenz_1000,8,0.001,,32,4,1,64,4.241644091962371e-06,4.420701316121267e-06,0.0016037923051044,0.001618766458705,0.9999567866325378,0.999952793121338,5507,468,19.05,2.628132515383186e-05,2.4937406124081463e-05,2.407859756203834e-05
1,rnn,layers_3,lorenz_1000,8,0.001,,32,4,13,64,0.0001976066851057,0.0002191780222347,0.0095936320722103,0.010308401659131,0.9979252815246582,0.9977079033851624,5507,576,23.19,0.0228809315711259,0.0313242897391319,0.0232499651610851
1,rnn,layers_3,lorenz_1000,8,0.001,,32,4,25,64,0.0082925036549568,0.0091784754768013,0.0523615851998329,0.056295558810234,0.9097866415977478,0.8995978832244873,5507,849,34.04,0.0370886247605085,0.0462174676358699,0.0429466962814331
1,rnn,layers_3,lorenz_1000,8,0.001,,32,8,1,64,3.3820194857980823e-06,4.138480107940268e-06,0.0013398872688412,0.0015023648738861,0.9999637007713318,0.9999564290046692,5507,442,24.89,4.17723786085844e-05,2.5851164537016302e-05,2.486531411705073e-05
1,rnn,layers_3,lorenz_1000,8,0.001,,32,8,13,64,0.0001399919856339,0.0001836245064623,0.0086821224540472,0.0095286229625344,0.9985231757164,0.9980448484420776,5507,616,35.35,0.0074438906274735,0.0058223684318363,0.0048243859782814
1,rnn,layers_3,lorenz_1000,8,0.001,,32,8,25,64,0.0046743745915591,0.0058042677119374,0.0429515838623046,0.0471147932112216,0.9510238766670228,0.935741662979126,5507,676,37.04,0.0203518469817936,0.0215648710727691,0.0216486882418394
1,rnn,layers_3,lorenz_1000,8,0.001,,32,16,1,64,3.1402134936797665e-06,3.638157295426936e-06,0.0013348360080271,0.001440368941985,0.9999690055847168,0.9999641180038452,5507,475,41.02,3.043860206162208e-05,1.8055316104437225e-05,1.7081389160011895e-05
1,rnn,layers_3,lorenz_1000,8,0.001,,32,16,13,64,0.0003436488332226,0.0003939748858101,0.0132246492430567,0.0139129580929875,0.99637770652771,0.9959186911582948,5507,508,43.53,0.0132830891758203,0.0153852887451648,0.0157063584774732
1,rnn,layers_3,lorenz_1000,8,0.001,,32,16,25,64,0.0018892745720222,0.0024831751361489,0.0312118828296661,0.0357123836874961,0.9808082580566406,0.9727935791015624,5507,588,45.86,0.0136003656209343,0.0155023438856005,0.0149285392835736
1,rnn,layers_1,lorenz_1000,9,0.001,,8,4,1,64,3.260645826230757e-06,3.0336120744323125e-06,0.0013604181585833,0.0013053209986537,0.9999654293060304,0.999967873096466,131,1721,34.32,0.0010246411664411,0.0010903727961704,0.0011026991996914
1,rnn,layers_1,lorenz_1000,9,0.001,,8,4,13,64,0.0352873057126998,0.039842776954174,0.141281858086586,0.1505083590745926,0.4919001162052154,0.4592872560024261,131,413,8.29,0.0360550915822386,0.0422633476555347,0.0382715091109275
1,rnn,layers_1,lorenz_1000,9,0.001,,8,4,25,64,0.0404318682849407,0.0444834008812904,0.1548610925674438,0.1659368723630905,0.376067578792572,0.3851911425590515,131,405,7.96,0.0388419233262538,0.0455513671040535,0.0418798141181468
1,rnn,layers_1,lorenz_1000,9,0.001,,8,8,1,64,3.4074273571604863e-06,3.4418942504998995e-06,0.0013900301419198,0.0013499564956873,0.9999642968177797,0.9999633431434632,131,1687,40.44,0.0010180064360611,0.0010579542722553,0.0010414480930194
1,rnn,layers_1,lorenz_1000,9,0.001,,8,8,13,64,0.038133081048727,0.0403969697654247,0.1544681638479232,0.157773956656456,0.4282017350196838,0.4312871694564819,131,442,10.64,0.0368089416995644,0.0421879030764102,0.0383130498230457
1,rnn,layers_1,lorenz_1000,9,0.001,,8,8,25,64,0.0395777150988578,0.0427943281829357,0.1528742164373397,0.1614274233579635,0.4061631858348846,0.4201738536357879,131,405,9.62,0.038612163811922,0.0454840175807476,0.0407682657241821
1,rnn,layers_1,lorenz_1000,9,0.001,,8,16,1,64,3.688785227495828e-06,3.63177514373092e-06,0.0013868027599528,0.001353066181764,0.9999608397483826,0.999962031841278,131,1646,53.07,0.0009782490262296,0.0011231028474867,0.0010987413115799
1,rnn,layers_1,lorenz_1000,9,0.001,,8,16,13,64,0.0380836836993694,0.0398212671279907,0.1545638889074325,0.1563429236412048,0.4332593977451324,0.4454393684864044,131,437,13.87,0.0378094278275966,0.0413267575204372,0.0382441654801368
1,rnn,layers_1,lorenz_1000,9,0.001,,8,16,25,64,0.0098409354686737,0.0111829079687595,0.0748679339885711,0.0829600915312767,0.8932211399078369,0.8734914064407349,131,3779,111.41,0.0397821130851904,0.0435288064181804,0.0416489765048027
1,rnn,layers_2,lorenz_1000,9,0.001,,8,4,1,64,1.8776997876557289e-06,1.7555241811351152e-06,0.0010491093853488,0.0010125514818355,0.9999822378158568,0.9999822974205016,275,1234,35.35,0.0012213660927955,0.0012380089610815,0.0012760165845975
1,rnn,layers_2,lorenz_1000,9,0.001,,8,4,13,64,0.0004729010688606,0.0004870520497206,0.016372725367546,0.016387939453125,0.9949111342430116,0.9947922229766846,275,2923,82.38,0.0359602155163884,0.0434940755367279,0.0385838560760021
1,rnn,layers_2,lorenz_1000,9,0.001,,8,4,25,64,0.0135218054056167,0.0145661579445004,0.0779062882065773,0.0832131281495094,0.8450667858123779,0.8314060568809509,275,2673,77.15,0.0387665435671806,0.04668889939785,0.0428721345961093
1,rnn,layers_2,lorenz_1000,9,0.001,,8,8,1,64,2.101378868246684e-06,1.8680132143344963e-06,0.0010975990444421,0.0009826431050896,0.9999772906303406,0.999980628490448,275,1315,49.07,0.0014711952069774,0.0014535906957462,0.0014374491292983
1,rnn,layers_2,lorenz_1000,9,0.001,,8,8,13,64,0.0019553990568965,0.0019594139885157,0.0320771820843219,0.0326756760478019,0.9794591665267944,0.9791918396949768,275,1364,50.76,0.0368287341669201,0.042982205748558,0.0390356965363025
1,rnn,layers_2,lorenz_1000,9,0.001,,8,8,25,64,0.0122273564338684,0.0129794664680957,0.0724744349718093,0.0768171548843383,0.8659115433692932,0.8540451526641846,275,1752,63.93,0.038273299485445,0.0482217445969581,0.0434002541005611
1,rnn,layers_2,lorenz_1000,9,0.001,,8,16,1,64,2.3601805878570303e-06,2.0100383153476287e-06,0.0011250184616073,0.0010105073451995,0.9999749064445496,0.9999786615371704,275,1393,72.08,0.0015114987152628,0.0015821708366274,0.0015687305713072
1,rnn,layers_2,lorenz_1000,9,0.001,,8,16,13,64,0.0139543581753969,0.0133816339075565,0.0874717682600021,0.0857839733362197,0.8622678518295288,0.8693386316299438,275,721,39.43,0.0378313962370157,0.0423089042305946,0.0391010679304599
1,rnn,layers_2,lorenz_1000,9,0.001,,8,16,25,64,0.0066531291231513,0.0069065340794622,0.0620897747576236,0.0625414177775383,0.9285414218902588,0.92216557264328,275,1929,91.23,0.039591363320748,0.0463437512516975,0.04408410936594
1,rnn,layers_3,lorenz_1000,9,0.001,,8,4,1,64,2.853355226761778e-06,2.917682195402449e-06,0.001370336394757,0.0014049825258553,0.9999712705612184,0.999970316886902,419,1161,43.49,0.0029210532200522,0.0038765268400311,0.0028624513652175
1,rnn,layers_3,lorenz_1000,9,0.001,,8,4,13,64,0.0002541322319302,0.0002812590682879,0.0115984575822949,0.0122474199160933,0.9973019361495972,0.9970280528068542,419,2250,83.33,0.0360154164955019,0.0422759763896465,0.038356926292181
1,rnn,layers_3,lorenz_1000,9,0.001,,8,4,25,64,0.0116691095754504,0.0135258911177515,0.0676184445619583,0.0770361497998237,0.8686364889144897,0.8446317315101624,419,1987,72.55,0.0388069469481706,0.0464008599519729,0.0405819453299045
1,rnn,layers_3,lorenz_1000,9,0.001,,8,8,1,64,4.095203166798456e-06,4.079704012838192e-06,0.0015577806625515,0.0015502378810197,0.9999558329582214,0.9999579191207886,419,1098,52.24,0.0010700175887905,0.0010816393187269,0.0009863077430054
1,rnn,layers_3,lorenz_1000,9,0.001,,8,8,13,64,0.0003843906160909,0.0003866410115733,0.0152098499238491,0.0144250374287366,0.9960642457008362,0.9959810376167296,419,1119,53.19,0.0350688345730304,0.0417404510080814,0.0359769091010093
1,rnn,layers_3,lorenz_1000,9,0.001,,8,8,25,64,0.0114541547372937,0.0118770422413945,0.0727324858307838,0.0761502981185913,0.881479799747467,0.872618556022644,419,1141,55.26,0.0385938853025436,0.0469491071999073,0.0415366701781749
1,rnn,layers_3,lorenz_1000,9,0.001,,8,16,1,64,5.631997737509664e-06,5.197045538807288e-06,0.0017894804477691,0.0016983529785647,0.9999407529830932,0.9999447464942932,419,1012,75.87,0.0011773868056479,0.0011630185181275,0.0011180966394022
1,rnn,layers_3,lorenz_1000,9,0.001,,8,16,13,64,0.001041505835019,0.0010323047172278,0.0243143290281295,0.0238039679825305,0.9890036582946776,0.9889281392097472,419,814,57.89,0.0373032297939062,0.0401833541691303,0.0375705994665622
1,rnn,layers_3,lorenz_1000,9,0.001,,8,16,25,64,0.0058852955698966,0.0070238644257187,0.0602593272924423,0.0663316622376442,0.936414897441864,0.920695662498474,419,1030,67.82,0.0397045674423376,0.0461964532732963,0.0427547097206115
1,rnn,layers_1,lorenz_1000,9,0.001,,16,4,1,64,1.312919266638346e-06,1.5690729924244806e-06,0.0008475579088553,0.0009461804293096,0.9999857544898988,0.9999831318855286,387,1060,22.31,0.0005652012856444,0.0006366634042933,0.0005853803013451
1,rnn,layers_1,lorenz_1000,9,0.001,,16,4,13,64,0.0004162698751315,0.0004318608553148,0.0148800546303391,0.0154780242592096,0.9955928921699524,0.99540776014328,387,3179,65.07,0.0358033111318945,0.0434328317642211,0.0388087928295135
1,rnn,layers_1,lorenz_1000,9,0.001,,16,4,25,64,0.012198993936181,0.0141487661749124,0.0670922696590423,0.0759139209985733,0.865149199962616,0.8363505601882935,387,3439,69.31,0.0385472320020198,0.0465953797101974,0.0429233014583587
1,rnn,layers_1,lorenz_1000,9,0.001,,16,8,1,64,1.8006595610131626e-06,1.9092658476438373e-06,0.0009961433243006,0.0010446520755067,0.9999819397926332,0.9999797344207764,387,1031,25.36,0.0002634393225889,0.0002832956379279,0.0002510363410692
1,rnn,layers_1,lorenz_1000,9,0.001,,16,8,13,64,0.0009164900402538,0.0012277646455913,0.0234911013394594,0.0264103692024946,0.9905661344528198,0.986926794052124,387,1260,30.58,0.0361240457743406,0.0444843992590904,0.0394203178584575
1,rnn,layers_1,lorenz_1000,9,0.001,,16,8,25,64,0.0076676937751472,0.0081552164629101,0.0578984208405017,0.0605430752038955,0.9178450107574464,0.9121962189674376,387,2413,58.31,0.0366065004840493,0.0462279729545116,0.0435824617743492
1,rnn,layers_1,lorenz_1000,9,0.001,,16,16,1,64,1.193702132695762e-06,1.2989437436772278e-06,0.0008145691826939,0.0008691754192113,0.999987781047821,0.9999862909317015,387,962,31.33,0.0003071436454774,0.000343564664945,0.0003189468407072
1,rnn,layers_1,lorenz_1000,9,0.001,,16,16,13,64,0.0041178483515977,0.004835516680032,0.0498440936207771,0.054508801549673,0.955093502998352,0.9477244019508362,387,993,32.72,0.0375493265688419,0.042426373809576,0.0389911420643329
1,rnn,layers_1,lorenz_1000,9,0.001,,16,16,25,64,0.0082467542961239,0.007661712821573,0.063999630510807,0.0635613724589347,0.9151476621627808,0.9194717407226562,387,1037,32.39,0.0277867159909672,0.0305014718323946,0.0311276912689209
1,rnn,layers_2,lorenz_1000,9,0.001,,16,4,1,64,1.0308505125067311e-06,1.135702973442676e-06,0.000778259767685,0.0007980931550264,0.999989688396454,0.9999881982803344,931,1079,31.03,0.0003309126506792,0.0003533783601596,0.000306249858113
1,rnn,layers_2,lorenz_1000,9,0.001,,16,4,13,64,0.0003450147341936,0.000336539291311,0.0133452471345663,0.0133858444169163,0.996307611465454,0.996422290802002,931,1328,51.37,0.0358269901946187,0.0432483814656734,0.0388114340603351
1,rnn,layers_2,lorenz_1000,9,0.001,,16,4,25,64,0.010151051916182,0.0120121883228421,0.0565121434628963,0.0672927945852279,0.8884772658348083,0.8642827868461609,931,2217,64.61,0.0385944951325655,0.0457938201725482,0.0423940233886241
1,rnn,layers_2,lorenz_1000,9,0.001,,16,8,1,64,1.2953810255567078e-06,1.6689774611222674e-06,0.0008929741452448,0.0010039849439635,0.999986171722412,0.9999822974205016,931,874,33.54,0.0001468335409299,0.0001320337178185,0.0001167682057712
1,rnn,layers_2,lorenz_1000,9,0.001,,16,8,13,64,0.0005498517421074,0.0006071815150789,0.0171016324311494,0.0181446392089128,0.9941554069519044,0.9935492873191832,931,908,46.03,0.0303056122735142,0.0364269129931926,0.0338109545409679
1,rnn,layers_2,lorenz_1000,9,0.001,,16,8,25,64,0.0061116721481084,0.0073929969221353,0.0514693781733512,0.0587094351649284,0.9339169263839722,0.9184725880622864,931,1310,49.94,0.0369255831465125,0.045402456074953,0.0434786267578601
1,rnn,layers_2,lorenz_1000,9,0.001,,16,16,1,64,2.223659294031677e-06,2.6189263735432178e-06,0.0012384341098368,0.0012816548114642,0.9999800324440002,0.9999731183052064,931,734,39.57,0.0001326380428508,0.000116493582027,0.0001077472988981
1,rnn,layers_2,lorenz_1000,9,0.001,,16,16,13,64,0.0014250584645196,0.0015823238063603,0.0263997688889503,0.0276204664260149,0.985145092010498,0.983261227607727,931,680,36.81,0.0294695144519209,0.0338324345648288,0.0342671014368534
1,rnn,layers_2,lorenz_1000,9,0.001,,16,16,25,64,0.0049595427699387,0.0051703434437513,0.050560787320137,0.0520574897527694,0.9475363492965698,0.9449511766433716,931,687,33.95,0.0303614251315593,0.035200335085392,0.0389387384057045
1,rnn,layers_3,lorenz_1000,9,0.001,,16,4,1,64,1.2437888017302612e-06,1.388588316331152e-06,0.0008407551795244,0.0009084880002774,0.9999870657920836,0.9999852776527404,1475,1041,39.75,0.0004286731011234,0.000343290681485,0.000371922069462
1,rnn,layers_3,lorenz_1000,9,0.001,,16,4,13,64,0.0001676465471973,0.0001784691266948,0.0090450486168265,0.0092265252023935,0.9982473850250244,0.998112678527832,1475,1211,45.74,0.0358430702239275,0.0430970564484596,0.038586214184761
1,rnn,layers_3,lorenz_1000,9,0.001,,16,4,25,64,0.0090955672785639,0.0104525610804557,0.0591068491339683,0.065341830253601,0.9017145037651062,0.8855492472648621,1475,1381,52.78,0.0360812304541468,0.0440897569060325,0.0415250211954116
1,rnn,layers_3,lorenz_1000,9,0.001,,16,8,1,64,1.8020456309386643e-06,2.2893336790730245e-06,0.0010181058896705,0.0011614790419116,0.9999805688858032,0.9999758005142212,1475,778,40.48,0.0001861573116912,0.0001286284968955,0.0001117627543862
1,rnn,layers_3,lorenz_1000,9,0.001,,16,8,13,64,0.0003433489473536,0.0003758042876143,0.0125397220253944,0.0131517853587865,0.996426522731781,0.9960548281669616,1475,794,40.78,0.025151502341032,0.0282267816364765,0.0273723173886537
1,rnn,layers_3,lorenz_1000,9,0.001,,16,8,25,64,0.0070078857243061,0.0075799436308443,0.0579991601407527,0.0598042421042919,0.9246425628662108,0.9166203141212464,1475,875,44.19,0.0297955888323485,0.0372083634138107,0.0358553230762481
1,rnn,layers_3,lorenz_1000,9,0.001,,16,16,1,64,3.082792773057008e-06,3.8076973396528047e-06,0.0012451487127691,0.0013574709882959,0.9999669194221495,0.999959409236908,1475,736,55.58,0.0001438271116057,9.360190597362816e-05,9.47964217630215e-05
1,rnn,layers_3,lorenz_1000,9,0.001,,16,16,13,64,0.0002116976247634,0.0002593895478639,0.0110386740416288,0.0116322403773665,0.9977583289146424,0.9972344040870668,1475,847,63.22,0.0233663499355316,0.0227535367012023,0.0227358285337686
1,rnn,layers_3,lorenz_1000,9,0.001,,16,16,25,64,0.002777011366561,0.0034002640750259,0.0387576967477798,0.0437519699335098,0.9730889797210692,0.9632124304771424,1475,865,58.97,0.0213632088982396,0.0254869647324085,0.0260215178132057
1,rnn,layers_1,lorenz_1000,9,0.001,,32,4,1,64,1.0385026598669356e-06,1.2982663974980824e-06,0.0007784856134094,0.0008680335013195,0.9999892711639404,0.9999866485595704,1283,885,18.32,0.0006037203769665,0.000635604490526,0.0005937584792263
1,rnn,layers_1,lorenz_1000,9,0.001,,32,4,13,64,0.0005627609207294,0.0006027230992913,0.0171135775744915,0.0171904526650905,0.9939385652542114,0.9935576915740968,1283,1924,51.68,0.0358855880796909,0.0436311177909374,0.0388754345476627
1,rnn,layers_1,lorenz_1000,9,0.001,,32,4,25,64,0.0397439748048782,0.0419834330677986,0.1495279967784881,0.1551141142845153,0.3972545564174652,0.3864048719406128,1283,401,8.36,0.0388065248727798,0.0468888990581035,0.0436793267726898
1,rnn,layers_1,lorenz_1000,9,0.001,,32,8,1,64,1.9408198568271477e-06,1.916034989335458e-06,0.0010605728020891,0.0010233575012534,0.9999791979789734,0.9999799132347108,1283,879,23.59,0.0002747767983237,0.0002359830396017,0.0002200412272941
1,rnn,layers_1,lorenz_1000,9,0.001,,32,8,13,64,0.0004473679873626,0.000547059229575,0.0152830556035041,0.0166905559599399,0.9953359365463256,0.9943361282348632,1283,1090,28.46,0.0295572485774755,0.0344590209424495,0.0318744294345378
1,rnn,layers_1,lorenz_1000,9,0.001,,32,8,25,64,0.0067360717803239,0.0076875761151313,0.0485483407974243,0.0543070398271083,0.9257919192314148,0.9143484234809875,1283,1004,25.59,0.0373418893665075,0.0475784093141555,0.0444377586245536
1,rnn,layers_1,lorenz_1000,9,0.001,,32,16,1,64,3.4541706099844305e-06,3.1609479265171103e-06,0.0014307703822851,0.0013149456353858,0.9999635815620422,0.9999675154685974,1283,662,23.36,0.0001788911926269,0.0001222934224642,0.0001158257437054
1,rnn,layers_1,lorenz_1000,9,0.001,,32,16,13,64,0.0014031509635969,0.0017279454041272,0.0283779203891754,0.0309260692447423,0.9854316115379332,0.981792449951172,1283,700,25.57,0.0318208809942007,0.0388180054724216,0.0372642651200294
1,rnn,layers_1,lorenz_1000,9,0.001,,32,16,25,64,0.0043286499567329,0.0047848341055214,0.0468297451734542,0.0508944950997829,0.9571431279182434,0.9480758905410768,1283,925,29.75,0.0379783732609616,0.0441045388579368,0.0442999675869941
1,rnn,layers_2,lorenz_1000,9,0.001,,32,4,1,64,2.0367551769595597e-06,2.549323880884913e-06,0.0010383154731243,0.0011723247589543,0.9999787211418152,0.9999730587005616,3395,532,16.48,0.0001777108875103,0.0001574773923493,0.0001623275747988
1,rnn,layers_2,lorenz_1000,9,0.001,,32,4,13,64,0.0003609576669987,0.0003941737231798,0.0131043028086423,0.0132141364738345,0.996169924736023,0.9958214163780212,3395,1061,44.0,0.0356557121500372,0.0429302528500556,0.0385046601295471
1,rnn,layers_2,lorenz_1000,9,0.001,,32,4,25,64,0.0089912312105298,0.0102060986682772,0.0554538294672966,0.0601472295820713,0.9038621187210084,0.8876758217811584,3395,1280,39.27,0.0389742154628038,0.047596126794815,0.0437920540571212
1,rnn,layers_2,lorenz_1000,9,0.001,,32,8,1,64,2.28003341362637e-06,2.4957582809292944e-06,0.0011902170954272,0.0012917580315843,0.9999779462814332,0.9999772906303406,3395,534,21.91,6.670444563496857e-05,7.100481889210641e-05,7.115077460184693e-05
1,rnn,layers_2,lorenz_1000,9,0.001,,32,8,13,64,0.0001843397621996,0.0002182995522161,0.0102600771933794,0.0110765118151903,0.9980566501617432,0.997749388217926,3395,660,27.35,0.0241046795621514,0.0305591635406017,0.0254188273102045
1,rnn,layers_2,lorenz_1000,9,0.001,,32,8,25,64,0.0060916170477867,0.0074117886833846,0.0486949421465396,0.0544025190174579,0.9341378211975098,0.9173485040664672,3395,810,32.94,0.0326692898757755,0.0396290831267833,0.0378403663635253
1,rnn,layers_2,lorenz_1000,9,0.001,,32,16,1,64,2.2242090835788986e-06,2.4466430659231264e-06,0.001051488216035,0.0011003467952832,0.9999781847000122,0.9999756813049316,3395,502,31.75,6.597167666768655e-05,7.113946776371449e-05,7.58285605115816e-05
1,rnn,layers_2,lorenz_1000,9,0.001,,32,16,13,64,0.0004173530905973,0.0005657555302605,0.0155059844255447,0.017462870106101,0.9956426620483398,0.9940629005432128,3395,634,38.1,0.0222086910158395,0.0251554381102323,0.0258006025105714
1,rnn,layers_2,lorenz_1000,9,0.001,,32,16,25,64,0.0028606248088181,0.0036141637247055,0.0357850641012191,0.0421316809952259,0.9700262546539308,0.9603058099746704,3395,672,37.33,0.026220779452059,0.0315291993319988,0.0330331809818744
1,rnn,layers_3,lorenz_1000,9,0.001,,32,4,1,64,2.907313728428562e-06,3.0602993774664355e-06,0.0013101678341627,0.0013420381583273,0.9999702572822572,0.9999691843986512,5507,490,19.86,5.993943595967721e-05,3.5375422157812864e-05,3.460550942691043e-05
1,rnn,layers_3,lorenz_1000,9,0.001,,32,4,13,64,0.0001576992071932,0.0001668800541665,0.0089587587863206,0.0093197943642735,0.9983510375022888,0.998253345489502,5507,688,27.84,0.0345628034323453,0.0430548973381519,0.0385008677840232
1,rnn,layers_3,lorenz_1000,9,0.001,,32,4,25,64,0.0084112957119941,0.0091240238398313,0.0532999709248542,0.0567267388105392,0.9089106917381288,0.899262011051178,5507,848,34.22,0.0337136507034301,0.0413890890777111,0.0384966805577278
1,rnn,layers_3,lorenz_1000,9,0.001,,32,8,1,64,2.2473248009191597e-06,2.612810021673795e-06,0.0011366566177457,0.0012161104241386,0.9999758005142212,0.9999722838401794,5507,507,28.87,4.214970740576973e-05,5.106777825858444e-05,4.583050395012833e-05
1,rnn,layers_3,lorenz_1000,9,0.001,,32,8,13,64,0.0001991001336136,0.0002184383338317,0.0097318384796381,0.0099964048713445,0.9979560971260072,0.9976728558540344,5507,564,30.93,0.0127884020097553,0.0121327191591262,0.0112828612327575
1,rnn,layers_3,lorenz_1000,9,0.001,,32,8,25,64,0.0059080873616039,0.007114693056792,0.043854184448719,0.050446230918169,0.9357139468193054,0.9217656254768372,5507,756,42.93,0.0225794505327939,0.0237567666918039,0.023648303002119
1,rnn,layers_3,lorenz_1000,9,0.001,,32,16,1,64,2.6461932520760456e-06,2.8985039079998387e-06,0.0012611655984073,0.0013221267145127,0.9999731183052064,0.9999708533287048,5507,465,39.38,2.142277589882724e-05,2.0128371033933945e-05,1.9483168216538616e-05
1,rnn,layers_3,lorenz_1000,9,0.001,,32,16,13,64,0.0010134861804544,0.0013430063845589,0.0228638909757137,0.0255543645471334,0.9899570941925048,0.9869741797447203,5507,415,35.95,0.0161490069702267,0.0173030048608779,0.0169877409934997
1,rnn,layers_3,lorenz_1000,9,0.001,,32,16,25,64,0.0019329434726387,0.002108808606863,0.0312926098704338,0.0325746908783912,0.9795696139335632,0.9767678380012512,5507,616,47.9,0.0158678201130694,0.0155098438262939,0.015241902321577
1,rnn,layers_1,henon_1000,0,0.001,,8,4,1,64,5.886406597710447e-06,6.032194050931139e-06,0.0019281625282019,0.0019307399634271,0.9999637007713318,0.999962568283081,114,2430,49.49,0.0289325453341007,0.0278627425432205,0.029493635520339
1,rnn,layers_1,henon_1000,0,0.001,,8,4,2,64,0.0014713747659698,0.0012498769210651,0.0259260069578886,0.0242015533149242,0.9908159971237184,0.9921460747718812,114,2777,55.51,0.0620249558240175,0.0605501718819141,0.0632941052317619
1,rnn,layers_1,henon_1000,0,0.001,,8,4,4,64,0.0208811331540346,0.0173026863485574,0.1019029840826988,0.0923442393541336,0.8607997894287109,0.8851573467254639,114,25639,599.72,0.071652940288186,0.070100225508213,0.0722919702529907
1,rnn,layers_1,henon_1000,0,0.001,,8,8,1,64,7.177608949859859e-06,7.115687822079053e-06,0.0019120967481285,0.0019408444641157,0.9999558329582214,0.9999555349349976,114,2412,57.25,0.0285960465669631,0.0283098872750997,0.0297346021980047
1,rnn,layers_1,henon_1000,0,0.001,,8,8,2,64,0.0002811845042742,0.0002792584418784,0.0129538038745522,0.0129583468660712,0.9982593059539796,0.9982526898384094,114,4869,116.3,0.0626303441822528,0.0611706115305423,0.0637823939323425
1,rnn,layers_1,henon_1000,0,0.001,,8,8,4,64,0.0657708793878555,0.0616736449301242,0.2095429450273513,0.2049467116594314,0.4327240884304046,0.4781983494758606,114,1091,34.25,0.0726814500987529,0.0710546523332595,0.0725438967347145
1,rnn,layers_1,henon_1000,0,0.001,,8,16,1,64,6.920019131939625e-06,6.727233085257467e-06,0.0020486123394221,0.0020662196911871,0.999957263469696,0.9999582767486572,114,1861,61.18,0.0294457290321588,0.0287860836833715,0.0296772047877311
1,rnn,layers_1,henon_1000,0,0.001,,8,16,2,64,0.0003720687818713,0.000322472420521,0.0111839612945914,0.0109871188178658,0.9977202415466307,0.9979990124702454,114,3653,117.29,0.064299114793539,0.061807282269001,0.0636840686202049
1,rnn,layers_1,henon_1000,0,0.001,,8,16,4,64,0.0656515434384346,0.0631402358412742,0.2110148072242736,0.2112446278333664,0.4278078079223633,0.4587018489837646,114,870,27.76,0.069039848819375,0.0714617520570755,0.0721293687820434
1,rnn,layers_2,henon_1000,0,0.001,,8,4,1,64,2.525943727960112e-06,2.496494289516704e-06,0.0012748664012178,0.0012425072491168,0.9999858140945436,0.9999857544898988,258,1584,46.36,0.0271844996139407,0.0261856578290462,0.0278043802827596
1,rnn,layers_2,henon_1000,0,0.001,,8,4,2,64,9.581243648426609e-05,9.42714759730734e-05,0.0073228161782026,0.0071264812722802,0.99940824508667,0.9994091391563416,258,3134,89.51,0.0645137906074524,0.0626525431871414,0.0648809820413589
1,rnn,layers_2,henon_1000,0,0.001,,8,4,4,64,0.0030242633074522,0.0025699948891997,0.0356796607375144,0.0327141880989074,0.981204092502594,0.9837781190872192,258,7830,220.08,0.0739274598658084,0.0726468712091445,0.0748905465006828
1,rnn,layers_2,henon_1000,0,0.001,,8,8,1,64,8.532074389222544e-06,8.072895980149042e-06,0.002152704168111,0.0020406264811754,0.9999493956565856,0.9999513030052184,258,1287,46.49,0.0245174072682857,0.0238614324480295,0.0251544155180454
1,rnn,layers_2,henon_1000,0,0.001,,8,8,2,64,8.727134263608605e-05,9.018856508191676e-05,0.0065835961140692,0.0069035859778523,0.9994632005691528,0.99943608045578,258,2072,74.44,0.0649547029286623,0.0625522658228874,0.0648752599954605
1,rnn,layers_2,henon_1000,0,0.001,,8,8,4,64,0.0328985638916492,0.0185125786811113,0.122338555753231,0.1026529818773269,0.8021112084388733,0.877758264541626,258,5058,180.58,0.0731990847736597,0.071890041232109,0.0743085518479347
1,rnn,layers_2,henon_1000,0,0.001,,8,16,1,64,2.8033866783516714e-06,2.6410807549837045e-06,0.0012291297316551,0.0011909191962331,0.999983012676239,0.999983847141266,258,1675,87.66,0.0252572555094957,0.0244209133088588,0.0254164561629295
1,rnn,layers_2,henon_1000,0,0.001,,8,16,2,64,7.092547457432374e-05,6.822188152000308e-05,0.0061564007773995,0.0062775076366961,0.9995659589767456,0.9995806813240052,258,2554,133.96,0.0654576960951089,0.0632625371217727,0.0650754272937774
1,rnn,layers_2,henon_1000,0,0.001,,8,16,4,64,0.0659448578953743,0.0589686408638954,0.2126426100730896,0.2022095918655395,0.4365620613098144,0.5121896266937256,258,790,40.6,0.0701587822288274,0.0724774971604347,0.0738906487822532
1,rnn,layers_3,henon_1000,0,0.001,,8,4,1,64,6.707120974169811e-06,6.086252597015118e-06,0.0019479200709611,0.0018941005691885,0.999958872795105,0.9999619722366332,402,1329,50.61,0.0167782437987625,0.016006464138627,0.0176572185009717
1,rnn,layers_3,henon_1000,0,0.001,,8,4,2,64,2.4907383703975935e-05,2.362088162044529e-05,0.003767654299736,0.0036542208399623,0.9998454451560974,0.9998525977134703,402,1332,50.29,0.0303411487489938,0.0300364010035991,0.0316226966679096
1,rnn,layers_3,henon_1000,0,0.001,,8,4,4,64,0.0018122175242751,0.0017233222024515,0.0288952961564064,0.0281067211180925,0.9886823296546936,0.9891481399536132,402,3700,138.07,0.0709807142615318,0.0698288008570671,0.0721341148018837
1,rnn,layers_3,henon_1000,0,0.001,,8,8,1,64,4.274600541975815e-06,4.568537406157702e-06,0.0016549214487895,0.0017095960211008,0.9999738931655884,0.9999716281890868,402,1248,61.69,0.0115112408995628,0.0120418043807148,0.013153419829905
1,rnn,layers_3,henon_1000,0,0.001,,8,8,2,64,2.5324265152448788e-05,2.7291658625472337e-05,0.0034926901571452,0.0037607713602483,0.9998435974121094,0.9998305439949036,402,2097,102.99,0.0309965660795569,0.0305381137877702,0.0342788621783256
1,rnn,layers_3,henon_1000,0,0.001,,8,8,4,64,0.0288676302880048,0.0197756774723529,0.1215680316090583,0.1023093834519386,0.8046069741249084,0.8675261735916138,402,2912,139.8,0.0706828895956277,0.0693684592843055,0.071373239159584
1,rnn,layers_3,henon_1000,0,0.001,,8,16,1,64,3.7469997096195584e-06,3.73112357010541e-06,0.0013407088117673,0.0014230724191293,0.9999775886535645,0.9999776482582092,402,1528,107.63,0.0114527020603418,0.011602590791881,0.0128361694514751
1,rnn,layers_3,henon_1000,0,0.001,,8,16,2,64,3.5262615710962564e-05,3.1840074370848015e-05,0.0038320664316415,0.0038768502417951,0.9997854232788086,0.9998040795326232,402,2044,144.14,0.0315117852762341,0.0305969156324863,0.0337629318237304
1,rnn,layers_3,henon_1000,0,0.001,,8,16,4,64,0.0314987003803253,0.0190852768719196,0.121804766356945,0.1004721522331237,0.7930842638015747,0.8734830021858215,402,2203,168.44,0.0685734305530786,0.0693490505218505,0.0697026774287223
1,rnn,layers_1,henon_1000,0,0.001,,16,4,1,64,4.0064937820716295e-06,3.746907623281004e-06,0.0015437509864568,0.001502668717876,0.9999765753746032,0.9999778866767884,354,2049,41.62,0.0282813675701618,0.0273836310952901,0.0294333286583423
1,rnn,layers_1,henon_1000,0,0.001,,16,4,2,64,8.24797825771384e-05,7.665441808057949e-05,0.0066221971064805,0.0064061749726533,0.9994873404502868,0.9995220899581908,354,3491,70.86,0.0622229095548391,0.0604529343545436,0.0629672557115554
1,rnn,layers_1,henon_1000,0,0.001,,16,4,4,64,0.0137913301587104,0.0097305960953235,0.0761333033442497,0.0671684369444847,0.9104794859886168,0.937281370162964,354,9506,189.74,0.0717105567455291,0.0708392858505249,0.0736103430390358
1,rnn,layers_1,henon_1000,0,0.001,,16,8,1,64,1.3981819392938633e-05,9.66940751823131e-06,0.0025831148959696,0.0022460194304585,0.9999136328697203,0.9999402165412904,354,1786,44.19,0.0269135080277919,0.0277544036507606,0.029459299519658
1,rnn,layers_1,henon_1000,0,0.001,,16,8,2,64,9.191522258333862e-05,9.442593000130728e-05,0.0065813125111162,0.0068182758986949,0.999432384967804,0.9994121789932252,354,3963,103.61,0.0629548616707325,0.0619198344647884,0.0648281574249267
1,rnn,layers_1,henon_1000,0,0.001,,16,8,4,64,0.0664424300193786,0.056549597531557,0.2127346843481063,0.1947721689939499,0.4384690523147583,0.5415539145469666,354,1308,31.98,0.0722070794552564,0.0710588321089744,0.0735065340995788
1,rnn,layers_1,henon_1000,0,0.001,,16,16,1,64,1.29710588225862e-05,8.311752935696859e-06,0.0021367534063756,0.0018689556745812,0.9999203085899352,0.9999483227729796,354,2015,65.51,0.028091163188219,0.0281430911272764,0.029310317710042
1,rnn,layers_1,henon_1000,0,0.001,,16,16,2,64,9.936369315255432e-05,9.95644077192992e-05,0.0069934772327542,0.0071553951129317,0.9994019269943236,0.9993854761123656,354,3758,129.62,0.0638095870614051,0.0639040395617485,0.0664240419864654
1,rnn,layers_1,henon_1000,0,0.001,,16,16,4,64,0.0637661442160606,0.0605997592210769,0.2073071897029876,0.2035707235336303,0.456078439950943,0.4926147162914276,354,957,31.36,0.0691611792892217,0.0713434517383575,0.0729049518704414
1,rnn,layers_2,henon_1000,0,0.001,,16,4,1,64,8.03062448540004e-06,8.252634870586917e-06,0.0020691941026598,0.0021813916973769,0.9999502301216124,0.999948501586914,898,836,24.59,0.0130471746437251,0.0124287428334355,0.0140518974512815
1,rnn,layers_2,henon_1000,0,0.001,,16,4,2,64,3.955601277993992e-05,3.776349331019446e-05,0.0046375771053135,0.0044966065324842,0.9997560381889344,0.9997677803039552,898,1606,46.41,0.0550911217927932,0.0528410002589225,0.0554881729185581
1,rnn,layers_2,henon_1000,0,0.001,,16,4,4,64,0.0080366730690002,0.0074617136269807,0.0613493882119655,0.0556080788373947,0.948869287967682,0.9521905779838562,898,6136,179.55,0.0720831662416458,0.0711484849452972,0.0736110359430313
1,rnn,layers_2,henon_1000,0,0.001,,16,8,1,64,1.8315940906177277e-06,1.6565724081374356e-06,0.0009924019686877,0.000935690884944,0.9999896287918092,0.9999905228614808,898,1157,44.45,0.0189544693566858,0.0188992414623498,0.0206395983695983
1,rnn,layers_2,henon_1000,0,0.001,,16,8,2,64,2.622997089929413e-05,2.1260730136418715e-05,0.0037156294565647,0.00362314353697,0.9998443126678468,0.9998708963394164,898,1861,71.08,0.0543306212872266,0.0530240833759307,0.056724727153778
1,rnn,layers_2,henon_1000,0,0.001,,16,8,4,64,0.0384396910667419,0.0378710515797138,0.145879790186882,0.1396633088588714,0.7409652471542358,0.7356457114219666,898,2595,97.34,0.0705285508185625,0.0712155848741531,0.0742916688323021
1,rnn,layers_2,henon_1000,0,0.001,,16,16,1,64,8.111361239571124e-06,6.348174338199897e-06,0.0021685592364519,0.0020224289037287,0.9999502301216124,0.9999608397483826,898,1084,58.23,0.0191572017036378,0.0183831788599491,0.0198379475623369
1,rnn,layers_2,henon_1000,0,0.001,,16,16,2,64,2.6718786102719605e-05,1.9941344362450764e-05,0.0036999261938035,0.0033607932273298,0.9998345375061036,0.9998781085014344,898,2428,130.75,0.0557347472757101,0.0553525760769844,0.058554396033287
1,rnn,layers_2,henon_1000,0,0.001,,16,16,4,64,0.0696840807795524,0.0562790520489215,0.2164671719074249,0.1957786381244659,0.4229102730751037,0.552395761013031,898,708,53.09,0.069441082701087,0.0696434900164604,0.0707380175590515
1,rnn,layers_3,henon_1000,0,0.001,,16,4,1,64,5.114897248859052e-06,5.10493418914848e-06,0.0017366773681715,0.001806910149753,0.9999693632125854,0.9999688267707824,1442,722,35.81,0.0032199587905779,0.0031061535701155,0.0035268736537545
1,rnn,layers_3,henon_1000,0,0.001,,16,4,2,64,1.4141913197818212e-05,1.2312888429732992e-05,0.0027962233871221,0.002689947374165,0.999913215637207,0.9999239444732666,1442,1412,54.99,0.0351438408717513,0.0339769534766674,0.0362959392368793
1,rnn,layers_3,henon_1000,0,0.001,,16,4,4,64,0.0006381322746165,0.000551541976165,0.0156742092221975,0.0160141158849,0.99611097574234,0.9965521693229676,1442,2634,98.76,0.0713021721690893,0.0702666863799095,0.0729499384760856
1,rnn,layers_3,henon_1000,0,0.001,,16,8,1,64,5.795467586722225e-06,4.681469818024198e-06,0.0018251766450703,0.0016869610408321,0.9999693632125854,0.9999731183052064,1442,869,44.28,0.0055251549696549,0.0059785386547446,0.0064613963477313
1,rnn,layers_3,henon_1000,0,0.001,,16,8,2,64,2.445879363222048e-05,1.7009158909786493e-05,0.0030300307553261,0.0026874339673668,0.9998568892478944,0.9998965859413148,1442,1428,73.25,0.033340554870665,0.0321340262889862,0.0362132936716079
1,rnn,layers_3,henon_1000,0,0.001,,16,8,4,64,0.0232911184430122,0.0226913820952177,0.1046906560659408,0.1080984249711036,0.850487470626831,0.8473016619682312,1442,1440,73.31,0.0688989739865064,0.0703529715538024,0.0738948583602905
1,rnn,layers_3,henon_1000,0,0.001,,16,16,1,64,3.6612493659049514e-06,3.5661798847286263e-06,0.0014903539558872,0.0014465869171544,0.9999774694442748,0.9999781250953674,1442,805,60.34,0.0068997534457594,0.0071254628710448,0.0076401927508413
1,rnn,layers_3,henon_1000,0,0.001,,16,16,2,64,2.7273163141217083e-05,2.123651938745752e-05,0.0032985364086925,0.0031408660579472,0.9998343586921692,0.9998695254325868,1442,1239,92.65,0.036452767625451,0.0348295867443084,0.0379962474107742
1,rnn,layers_3,henon_1000,0,0.001,,16,16,4,64,0.0640205144882202,0.0612972453236579,0.2112427353858947,0.209585890173912,0.4523635506629944,0.483105331659317,1442,439,35.13,0.0691633593291044,0.0687321573495864,0.0698203966021537
1,rnn,layers_1,henon_1000,0,0.001,,32,4,1,64,5.353949291020399e-06,5.045798843639204e-06,0.0015868368791416,0.0015656376490369,0.9999699592590332,0.9999707341194152,1218,1615,34.09,0.0277996502816677,0.0266863740980625,0.0288002006709575
1,rnn,layers_1,henon_1000,0,0.001,,32,4,2,64,8.981861901702359e-05,0.0001083735987776,0.0061327582225203,0.0066958637908101,0.9994423389434814,0.9993299841880798,1218,2953,63.68,0.0624150920659303,0.0601314194500446,0.0627111047506332
1,rnn,layers_1,henon_1000,0,0.001,,32,4,4,64,0.00691630365327,0.0054844473488628,0.0556065887212753,0.0520818792283535,0.956606388092041,0.9652053117752076,1218,6062,127.0,0.0718107905238866,0.0706540420651435,0.073078379034996
1,rnn,layers_1,henon_1000,0,0.001,,32,8,1,64,4.8803785830386914e-06,4.248244749760488e-06,0.0014713975833728,0.0014253758126869,0.9999709129333496,0.9999747276306152,1218,1707,44.34,0.0265656505711376,0.0277423299849033,0.0298146046698093
1,rnn,layers_1,henon_1000,0,0.001,,32,8,2,64,0.0008392028394155,0.0005362275987863,0.0159532185643911,0.0148269236087799,0.9948288798332214,0.9966423511505128,1218,2064,69.82,0.0599271137267351,0.0594877898693084,0.0633979216217994
1,rnn,layers_1,henon_1000,0,0.001,,32,8,4,64,0.0669846907258033,0.0557550676167011,0.2078914493322372,0.1891719400882721,0.4828101992607116,0.5589914321899414,1218,1348,34.78,0.0706481654196977,0.0704870671033859,0.0735533908009529
1,rnn,layers_1,henon_1000,0,0.001,,32,16,1,64,6.8209219534765e-06,7.127135631890269e-06,0.0016036772867664,0.0017132164211943,0.9999594688415528,0.9999570250511168,1218,1669,58.19,0.0278725901618599,0.0278735626488924,0.0288356468081474
1,rnn,layers_1,henon_1000,0,0.001,,32,16,2,64,0.0177557338029146,0.0137967756018042,0.0901516824960708,0.0806840881705284,0.8870320916175842,0.9106171131134032,1218,1489,55.19,0.0601226899772882,0.0592729039490222,0.0630597695708274
1,rnn,layers_1,henon_1000,0,0.001,,32,16,4,64,0.0665685310959816,0.0642147585749626,0.2143599838018417,0.2087337076663971,0.4182876944541931,0.4471122622489929,1218,423,15.3,0.0684739548712968,0.0689967721700668,0.0700888857245445
1,rnn,layers_2,henon_1000,0,0.001,,32,4,1,64,2.5692415874800645e-06,2.9999605430930387e-06,0.0011603409657254,0.0012632792349904,0.9999860525131226,0.9999839067459106,3330,723,22.98,0.0070841624401509,0.0070513067767024,0.0079977167770266
1,rnn,layers_2,henon_1000,0,0.001,,32,4,2,64,1.3712065992876887e-05,1.1233445547986776e-05,0.0027079207357019,0.0025165318511426,0.9999200105667114,0.9999328851699828,3330,1327,40.6,0.0482349269092082,0.0473400019109249,0.0503194220364093
1,rnn,layers_2,henon_1000,0,0.001,,32,4,4,64,0.0009109563543461,0.0011234290432184,0.0202295873314142,0.0224098172038793,0.9943448901176452,0.9929365515708924,3330,2708,83.65,0.0719072829931974,0.0704889595508575,0.0729254707694053
1,rnn,layers_2,henon_1000,0,0.001,,32,8,1,64,8.90369301487226e-06,7.82425922807306e-06,0.0021418924443423,0.0020123766735196,0.9999462962150574,0.999952793121338,3330,720,29.5,0.004016048554331,0.0045003998093307,0.0049128853715956
1,rnn,layers_2,henon_1000,0,0.001,,32,8,2,64,3.07528862322215e-05,2.4064405806711875e-05,0.0038107996806502,0.0036421613767743,0.9998143911361694,0.999849498271942,3330,1206,65.5,0.0457319431006908,0.0435483828186988,0.0505557656288147
1,rnn,layers_2,henon_1000,0,0.001,,32,8,4,64,0.0623512752354145,0.0537323467433452,0.1992831379175186,0.1782938688993454,0.5295727252960205,0.5882958769798279,3330,688,28.34,0.0704487226903438,0.0707834959030151,0.0742467269301414
1,rnn,layers_2,henon_1000,0,0.001,,32,16,1,64,8.407891982642468e-06,8.04260253062239e-06,0.0022736738901585,0.0022616907954216,0.9999536275863647,0.9999554753303528,3330,692,41.9,0.0037116883089765,0.0038508316501975,0.0041942270472645
1,rnn,layers_2,henon_1000,0,0.001,,32,16,2,64,2.623130239953753e-05,2.3300743123400025e-05,0.0034277995582669,0.003364426549524,0.9998387098312378,0.9998616576194764,3330,1140,70.89,0.0516024317592382,0.0500084199011325,0.0545290000736713
1,rnn,layers_2,henon_1000,0,0.001,,32,16,4,64,0.073198989033699,0.0620881989598274,0.2206571102142334,0.20380200445652,0.3552039563655853,0.4749683737754822,3330,417,25.42,0.0693974338471889,0.0683809369802475,0.0700432062149047
1,rnn,layers_3,henon_1000,0,0.001,,32,4,1,64,3.81702602680889e-06,3.414878392504761e-06,0.0013939059572294,0.0013603318948298,0.9999769926071168,0.9999788999557496,5442,510,20.51,0.0002088303197524,0.0001864215009845,0.0002106036554323
1,rnn,layers_3,henon_1000,0,0.001,,32,4,2,64,1.8397702660877258e-05,1.635045191505924e-05,0.0032408642582595,0.003077648114413,0.9998972415924072,0.9999090433120728,5442,785,32.03,0.0156505387276411,0.0159184075891971,0.0171879604458808
1,rnn,layers_3,henon_1000,0,0.001,,32,4,4,64,0.0002739310148172,0.0002389579749433,0.011272283270955,0.0115273334085941,0.9983109831809998,0.9985044598579408,5442,1537,63.65,0.0670165598392486,0.0656553879380226,0.0680907443165779
1,rnn,layers_3,henon_1000,0,0.001,,32,8,1,64,4.748554147226969e-06,4.3337663555576e-06,0.0016191711183637,0.0015572952106595,0.999971866607666,0.9999741911888124,5442,544,30.2,0.0002101592617691,0.000216429340071,0.0002292113058501
1,rnn,layers_3,henon_1000,0,0.001,,32,8,2,64,4.023480505566113e-05,3.285253478679806e-05,0.0042428830638527,0.004031385295093,0.9997674226760864,0.9998171329498292,5442,816,46.07,0.0128739315085113,0.0134028205648064,0.0145283695310354
1,rnn,layers_3,henon_1000,0,0.001,,32,8,4,64,0.0140766110271215,0.0093580596148967,0.0659288614988327,0.0583969019353389,0.9125343561172484,0.9407953023910522,5442,1425,77.96,0.0641668923199176,0.0683051198720932,0.0719207301735878
1,rnn,layers_3,henon_1000,0,0.001,,32,16,1,64,7.81264498073142e-06,7.351816293521551e-06,0.0020028685685247,0.0019609935116022,0.999952793121338,0.9999557733535768,5442,545,47.78,0.0002314415498403,0.0002550619537942,0.0002721211058087
1,rnn,layers_3,henon_1000,0,0.001,,32,16,2,64,2.981859870487824e-05,2.3713597329333425e-05,0.0036907077301293,0.0037055877037346,0.9998223781585692,0.9998600482940674,5442,854,74.26,0.0135762368328869,0.01461629755795,0.0149321099743247
1,rnn,layers_3,henon_1000,0,0.001,,32,16,4,64,0.0706851631402969,0.0617755204439163,0.2160402238368988,0.2043175548315048,0.3806937634944916,0.4818033576011657,5442,1115,95.56,0.0658160265535116,0.0652181729674339,0.0678072497248649
1,rnn,layers_1,henon_1000,1,0.001,,8,4,1,64,1.746597445162479e-05,1.6014329958125018e-05,0.003077199216932,0.0029691522940993,0.9998929500579834,0.9999010562896729,114,2426,48.25,0.0311421725898981,0.0299405045807361,0.0316777862608432
1,rnn,layers_1,henon_1000,1,0.001,,8,4,2,64,0.0001726273330859,0.0001655812666285,0.0095675233751535,0.0096184685826301,0.998933494091034,0.9989622831344604,114,4785,95.58,0.0567030191421508,0.0538119375705719,0.0568105988204479
1,rnn,layers_1,henon_1000,1,0.001,,8,4,4,64,0.0144070610404014,0.0134258326143026,0.0936601236462593,0.0882094129920005,0.9069080352783204,0.912228226661682,114,12710,255.08,0.0711525321006774,0.0703019872307777,0.0720440372824668
1,rnn,layers_1,henon_1000,1,0.001,,8,8,1,64,4.903506123810075e-05,4.841491318074986e-05,0.0048995236866176,0.0048323227092623,0.9996978640556335,0.9996978640556335,114,2184,53.32,0.0309399822726845,0.0296513363718986,0.0310809966176748
1,rnn,layers_1,henon_1000,1,0.001,,8,8,2,64,0.0001294346147915,0.0001360201567877,0.0090476311743259,0.0094358315691351,0.99920392036438,0.9991519451141356,114,5336,130.25,0.0566875394433736,0.0534866973757743,0.05615970864892
1,rnn,layers_1,henon_1000,1,0.001,,8,8,4,64,0.0661634728312492,0.0583186261355876,0.2103345990180969,0.1996280550956726,0.4413565397262573,0.5200284123420715,114,1885,47.07,0.0710659630596637,0.0706308186054229,0.0723114386200904
1,rnn,layers_1,henon_1000,1,0.001,,8,16,1,64,6.200443749548867e-05,5.802130181109533e-05,0.0055737174116075,0.0054347580298781,0.9996200799942015,0.9996410012245178,114,1997,68.16,0.0293951615691185,0.0302747525274753,0.0313147269189357
1,rnn,layers_1,henon_1000,1,0.001,,8,16,2,64,0.0001245161984115,0.0001015255766105,0.0079252310097217,0.0074719949625432,0.9992610216140748,0.9993704557418824,114,4824,155.47,0.055038958787918,0.0540428273379802,0.0561825521290302
1,rnn,layers_1,henon_1000,1,0.001,,8,16,4,64,0.0666286125779151,0.0585325360298156,0.2125148177146911,0.1985988467931747,0.4337188005447387,0.5201452970504761,114,1861,62.21,0.0720365419983863,0.0708945542573928,0.0716565549373626
1,rnn,layers_2,henon_1000,1,0.001,,8,4,1,64,7.489538347726921e-06,7.028793788776966e-06,0.002006547525525,0.0019536081235855,0.9999552965164183,0.99995756149292,258,1313,38.07,0.0172195495106279,0.01626249961555,0.0180307757109403
1,rnn,layers_2,henon_1000,1,0.001,,8,4,2,64,3.99842974729836e-05,3.932935942430049e-05,0.0049063242040574,0.0049261571839451,0.9997519254684448,0.9997549057006836,258,3050,87.4,0.056212742626667,0.0534038767218589,0.0562256462872028
1,rnn,layers_2,henon_1000,1,0.001,,8,4,4,64,0.0113147962838411,0.0093980152159929,0.0696073547005653,0.0660126879811286,0.9271331429481506,0.9393004775047302,258,8094,226.37,0.070607666671276,0.0702723413705825,0.0727612674236297
1,rnn,layers_2,henon_1000,1,0.001,,8,8,1,64,6.493080945801921e-06,6.235211913008243e-06,0.0019818535074591,0.0019143037497997,0.9999601244926452,0.99996155500412,258,1449,52.94,0.0177359640598297,0.0172446444630622,0.0184587314724922
1,rnn,layers_2,henon_1000,1,0.001,,8,8,2,64,0.0002646723296493,0.0002547794720157,0.0119651518762111,0.0120851611718535,0.99836665391922,0.9984061121940612,258,2866,103.29,0.0551610074937343,0.0520289652049541,0.0549735315144062
1,rnn,layers_2,henon_1000,1,0.001,,8,8,4,64,0.0634817853569984,0.0549918413162231,0.2024847120046615,0.1848774403333664,0.4900550246238708,0.5635651350021362,258,1253,60.31,0.0705518133938312,0.0704991966485977,0.0726567059755325
1,rnn,layers_2,henon_1000,1,0.001,,8,16,1,64,6.863139333290746e-06,6.652879164903425e-06,0.0020345658995211,0.0020046546123921,0.999957799911499,0.9999590516090392,258,1313,94.5,0.0175637664273381,0.0178424976766109,0.0187105182558298
1,rnn,layers_2,henon_1000,1,0.001,,8,16,2,64,0.000111068089609,9.688600403023884e-05,0.0080412318930029,0.0075099123641848,0.999323070049286,0.9994033575057985,258,2511,130.34,0.0538370560854673,0.0536863431334495,0.0556483007967472
1,rnn,layers_2,henon_1000,1,0.001,,8,16,4,64,0.0675045698881149,0.0662843957543373,0.2145397365093231,0.214325800538063,0.4007041454315185,0.4143225252628326,258,566,29.03,0.0715270396322012,0.0708491206169128,0.0719710513949394
1,rnn,layers_3,henon_1000,1,0.001,,8,4,1,64,2.7793869321612874e-06,2.2752963104721857e-06,0.0011922972043976,0.0011070959735661,0.9999831318855286,0.9999858736991882,402,1438,56.25,0.0036319168051704,0.0033653839491307,0.0036913875956088
1,rnn,layers_3,henon_1000,1,0.001,,8,4,2,64,3.12771626340691e-05,2.9624874514411204e-05,0.0040953797288239,0.0041219494305551,0.9998093247413636,0.9998151063919068,402,1972,84.9,0.03928680755198,0.0369084142148494,0.0394421070814132
1,rnn,layers_3,henon_1000,1,0.001,,8,4,4,64,0.002248489530757,0.0020989172626286,0.0340186655521392,0.0331927649676799,0.9859697818756104,0.986771523952484,402,3400,161.61,0.0697128817439079,0.0695703998208046,0.0724549293518066
1,rnn,layers_3,henon_1000,1,0.001,,8,8,1,64,3.2920677313086344e-06,3.066896624659421e-06,0.0013095954200252,0.0012170958798378,0.9999809861183168,0.9999821782112122,402,1472,70.97,0.0032285707071423,0.0031627065036445,0.0034057630691677
1,rnn,layers_3,henon_1000,1,0.001,,8,8,2,64,3.294516500318423e-05,2.974459493998438e-05,0.0038698788266628,0.0037914102431386,0.9997982382774352,0.999814748764038,402,1626,80.35,0.0396978633478283,0.038135677576065,0.0426288694143295
1,rnn,layers_3,henon_1000,1,0.001,,8,8,4,64,0.0118263131007552,0.0059377434663474,0.0674606412649154,0.0529083386063575,0.9284324049949646,0.9624418020248412,402,3644,186.32,0.0690855849534273,0.069835789501667,0.073270596563816
1,rnn,layers_3,henon_1000,1,0.001,,8,16,1,64,4.0094741962093394e-06,3.4178417536168126e-06,0.0014712361153215,0.0013785483315587,0.999977707862854,0.9999806880950928,402,1419,100.82,0.0032130405073985,0.0032241537701338,0.0034597381018102
1,rnn,layers_3,henon_1000,1,0.001,,8,16,2,64,1.9635519493022e-05,1.924275238707196e-05,0.0033714121673256,0.0034277595113962,0.9998818635940552,0.999891996383667,402,1652,119.63,0.0395342282950878,0.0390877686440944,0.0433347634971141
1,rnn,layers_3,henon_1000,1,0.001,,8,16,4,64,0.0606968291103839,0.0583660975098609,0.1984096020460128,0.1927539259195327,0.5151757597923279,0.5273913145065308,402,830,60.56,0.0700842574238777,0.0706509575247764,0.072184219956398
1,rnn,layers_1,henon_1000,1,0.001,,16,4,1,64,2.3304542992264032e-05,1.5783576600369997e-05,0.0025509062688797,0.0024993026163429,0.9998552799224854,0.9999014735221864,354,2081,42.58,0.0290993019938468,0.0277396608144044,0.0298186093568801
1,rnn,layers_1,henon_1000,1,0.001,,16,4,2,64,0.0002561394358053,0.000229093056987,0.01063715480268,0.0101523390039801,0.9984124302864076,0.9985644221305848,354,2701,54.88,0.0630215816199779,0.0602407902479171,0.0627999454736709
1,rnn,layers_1,henon_1000,1,0.001,,16,4,4,64,0.0222942307591438,0.0176183506846427,0.1045474708080291,0.0957755744457244,0.8506743311882019,0.8828248977661133,354,9672,191.92,0.0701919339597225,0.070308156311512,0.0728463754057884
1,rnn,layers_1,henon_1000,1,0.001,,16,8,1,64,1.3357930583879352e-05,1.1979093869740607e-05,0.0025202583055943,0.0024590715765953,0.9999176263809204,0.9999250769615172,354,2267,55.84,0.0293180638924241,0.0279697235673666,0.0293604843318462
1,rnn,layers_1,henon_1000,1,0.001,,16,8,2,64,0.0001233980146935,0.0001163617853308,0.0069726151414215,0.0069193597882986,0.9992438554763794,0.9992715716362,354,4410,107.52,0.0629841398447752,0.060529675334692,0.0629617050290107
1,rnn,layers_1,henon_1000,1,0.001,,16,8,4,64,0.0638964474201202,0.0592174530029296,0.2080398350954055,0.1977689713239669,0.4670645594596863,0.5111241340637207,354,1441,35.54,0.0709790490567684,0.0707458779215812,0.0727746337652206
1,rnn,layers_1,henon_1000,1,0.001,,16,16,1,64,7.96861422713846e-06,6.88249610902858e-06,0.0022361576557159,0.0021068204659968,0.999951422214508,0.9999586939811708,354,2074,67.48,0.0279097179882228,0.0284614507108926,0.0294017046689987
1,rnn,layers_1,henon_1000,1,0.001,,16,16,2,64,4.601677210303024e-05,4.2638188460841775e-05,0.0046760141849517,0.0046962704509496,0.9997156858444214,0.9997383952140808,354,3891,128.65,0.0606573905795812,0.0611393824219703,0.0632228627800941
1,rnn,layers_1,henon_1000,1,0.001,,16,16,4,64,0.0632219389081001,0.0602592155337333,0.2071452587842941,0.2073298990726471,0.4624807238578796,0.4958758056163788,354,863,28.4,0.0724424459040165,0.0713184997439384,0.0723518431186676
1,rnn,layers_2,henon_1000,1,0.001,,16,4,1,64,4.408588210935704e-06,4.769745828525629e-06,0.0016343129100278,0.0017434828914701,0.9999725222587584,0.9999701976776124,898,967,28.47,0.0184445240534842,0.0173050221055746,0.0192154552787542
1,rnn,layers_2,henon_1000,1,0.001,,16,4,2,64,2.5758601623238064e-05,2.6554465875960886e-05,0.0035060313530266,0.0038705680053681,0.9998461604118348,0.9998425841331482,898,1465,43.67,0.0467983953654766,0.0442168861627578,0.0469700954854488
1,rnn,layers_2,henon_1000,1,0.001,,16,4,4,64,0.0019230849575251,0.0024267069529742,0.030586801469326,0.0338640846312046,0.988015115261078,0.9846811890602112,898,3294,97.51,0.0693809211254119,0.0695500448346138,0.0721749663352966
1,rnn,layers_2,henon_1000,1,0.001,,16,8,1,64,2.7929474981647218e-06,3.013413333974313e-06,0.0012059326982125,0.0012826123274862,0.999983847141266,0.9999815821647644,898,1191,44.02,0.0243263326585292,0.0235488563776016,0.0249197427183389
1,rnn,layers_2,henon_1000,1,0.001,,16,8,2,64,7.889285188866779e-05,7.415735308313742e-05,0.006999866105616,0.0066676707938313,0.9995328783988952,0.9995485544204712,898,1477,56.29,0.0500341974198818,0.0480459593236446,0.051450066268444
1,rnn,layers_2,henon_1000,1,0.001,,16,8,4,64,0.0383019708096981,0.0349252074956893,0.1446258723735809,0.1326399743556976,0.7448669672012329,0.7566349506378174,898,1813,68.61,0.0690660141408443,0.0698332488536834,0.0724527761340141
1,rnn,layers_2,henon_1000,1,0.001,,16,16,1,64,3.6027176975039765e-06,3.5558525723899947e-06,0.0013988310238346,0.0014499101089313,0.9999790787696838,0.9999790787696838,898,1304,73.86,0.020391587447375,0.0208146423101425,0.0216047819703817
1,rnn,layers_2,henon_1000,1,0.001,,16,16,2,64,4.220811752020381e-05,3.5524801205610856e-05,0.0045524728484451,0.0043516480363905,0.999751091003418,0.9997854828834534,898,1887,105.95,0.0461688637733459,0.0470054931938648,0.0490796007215976
1,rnn,layers_2,henon_1000,1,0.001,,16,16,4,64,0.0686560571193695,0.064485065639019,0.2130204439163208,0.2128535658121109,0.4037677645683288,0.4507662951946258,898,544,30.2,0.0700814045965671,0.0704485476016998,0.0715863779187202
1,rnn,layers_3,henon_1000,1,0.001,,16,4,1,64,3.814937826973619e-06,3.830951754935086e-06,0.0014967845054343,0.0014692706754431,0.9999769926071168,0.9999761581420898,1442,699,26.61,0.0006540526694152,0.0006498383590951,0.0007299496792256
1,rnn,layers_3,henon_1000,1,0.001,,16,4,2,64,2.0589142877724956e-05,1.67945781868184e-05,0.003424595342949,0.0031736646778881,0.9998757243156432,0.9998972415924072,1442,929,35.0,0.0158539879135787,0.0163517240434885,0.0176398772746324
1,rnn,layers_3,henon_1000,1,0.001,,16,4,4,64,0.0008288145763799,0.0008653330150991,0.0192112009972333,0.0179590173065662,0.9948688745498656,0.9945764541625975,1442,1932,74.89,0.0648187238723039,0.0648513287305831,0.0682941824197769
1,rnn,layers_3,henon_1000,1,0.001,,16,8,1,64,5.890939519304084e-06,5.656031135004014e-06,0.0018965598428621,0.0018663530936464,0.999963879585266,0.999964714050293,1442,728,36.76,0.000876293546753,0.0009028138010762,0.0009924455080181
1,rnn,layers_3,henon_1000,1,0.001,,16,8,2,64,2.898697857744992e-05,2.7424424843047746e-05,0.0038090059533715,0.0038734141271561,0.999832808971405,0.9998434782028198,1442,841,42.82,0.0174760137684643,0.0176572743803262,0.0192176457494497
1,rnn,layers_3,henon_1000,1,0.001,,16,8,4,64,0.0174183994531631,0.0108018470928072,0.0754750221967697,0.0609953701496124,0.8975034356117249,0.9311501383781432,1442,2580,134.0,0.0623682413250207,0.0638675466179847,0.0683550462126731
1,rnn,layers_3,henon_1000,1,0.001,,16,16,1,64,4.9534555728314444e-06,4.6180057324818335e-06,0.0017130522755905,0.0016784000908955,0.9999732971191406,0.9999750256538392,1442,753,56.22,0.0008391553128603,0.0009278706274926,0.0010162782855331
1,rnn,layers_3,henon_1000,1,0.001,,16,16,2,64,3.662225208245218e-05,2.5328712581540455e-05,0.0041439002379775,0.0036859575193375,0.999779462814331,0.99984872341156,1442,946,70.75,0.0157816203311085,0.0179566890001297,0.0188722070306539
1,rnn,layers_3,henon_1000,1,0.001,,16,16,4,64,0.0663047060370445,0.0643231719732284,0.2164025157690048,0.2134714126586914,0.4176060855388641,0.4419181048870086,1442,1711,130.01,0.0627236317843198,0.0643231719732284,0.0663047060370445
1,rnn,layers_1,henon_1000,1,0.001,,32,4,1,64,1.5322557374020107e-05,1.1546933819772676e-05,0.0023401405196636,0.0022224702406674,0.999905526638031,0.9999276399612428,1218,1228,25.85,0.0288786293938755,0.0283466465771198,0.0305723622441291
1,rnn,layers_1,henon_1000,1,0.001,,32,4,2,64,0.0002258062449982,0.0002119762066286,0.0102823777124285,0.009652180597186,0.9986051321029664,0.9986718893051147,1218,2064,43.63,0.0590306606143713,0.0561846494674682,0.0591781176626682
1,rnn,layers_1,henon_1000,1,0.001,,32,4,4,64,0.0090833706781268,0.0095284422859549,0.0687455758452415,0.0698112025856971,0.9419047236442566,0.9385854601860046,1218,4882,101.93,0.0697848714888095,0.0699208751320838,0.0725701600313186
1,rnn,layers_1,henon_1000,1,0.001,,32,8,1,64,3.178372480761027e-06,3.038336444660672e-06,0.0012582131894305,0.0012765388237312,0.9999809861183168,0.9999813437461852,1218,1470,38.02,0.0276383262127637,0.0271094497293233,0.02860121242702
1,rnn,layers_1,henon_1000,1,0.001,,32,8,2,64,0.0002906428708229,0.0002450665342621,0.010241731069982,0.0100896228104829,0.9982712268829346,0.9985113739967346,1218,2017,54.42,0.0613879580050706,0.05975853651762,0.0635597556829452
1,rnn,layers_1,henon_1000,1,0.001,,32,8,4,64,0.0666111633181572,0.0619906261563301,0.2130063623189926,0.205144464969635,0.4321750998497009,0.4763399064540863,1218,669,17.61,0.0685148507356643,0.0693451315164566,0.072733573615551
1,rnn,layers_1,henon_1000,1,0.001,,32,16,1,64,4.262264610588318e-06,4.164404344919603e-06,0.0014798791380599,0.0015169732505455,0.999973714351654,0.9999745488166808,1218,1540,54.75,0.0267689330503344,0.0278160441666841,0.0284798517823219
1,rnn,layers_1,henon_1000,1,0.001,,32,16,2,64,6.247941200854257e-05,5.223814878263511e-05,0.0057914378121495,0.0054638222791254,0.999614417552948,0.9996748566627502,1218,2267,81.12,0.0582520514726638,0.0602330677211284,0.0632014274597168
1,rnn,layers_1,henon_1000,1,0.001,,32,16,4,64,0.0709327533841133,0.062108963727951,0.2240891754627227,0.2089018523693084,0.3553600609302521,0.4749506413936615,1218,506,18.18,0.0697711743414402,0.0688180550932884,0.0701810345053672
1,rnn,layers_2,henon_1000,1,0.001,,32,4,1,64,8.993229130282998e-06,7.576596544822678e-06,0.0021337298676371,0.002014833735302,0.9999456405639648,0.999953031539917,3330,779,24.45,0.0047514476114884,0.0053593292832374,0.0059042670764029
1,rnn,layers_2,henon_1000,1,0.001,,32,4,2,64,4.420129334903322e-05,4.808033918379806e-05,0.0050312005914747,0.0050039757043123,0.9997268319129944,0.9997037053108216,3330,1156,36.15,0.0456769194453954,0.043070264160633,0.0454902164638042
1,rnn,layers_2,henon_1000,1,0.001,,32,4,4,64,0.0006767535232938,0.0005315081798471,0.0169713776558637,0.0151186641305685,0.995817244052887,0.996665358543396,3330,2173,67.43,0.0698682494461536,0.0697774142026901,0.0724383816123008
1,rnn,layers_2,henon_1000,1,0.001,,32,8,1,64,8.382492524106055e-06,7.543293577327859e-06,0.0019986317493021,0.0019486637320369,0.9999492168426514,0.9999541640281676,3330,770,30.74,0.0053938517579808,0.0059360959567129,0.0066969031468033
1,rnn,layers_2,henon_1000,1,0.001,,32,8,2,64,3.540630132192746e-05,3.524333078530617e-05,0.0042300336062908,0.0041504320688545,0.99978107213974,0.999779462814331,3330,1285,52.32,0.0424498848617076,0.0411050878465175,0.047199185937643
1,rnn,layers_2,henon_1000,1,0.001,,32,8,4,64,0.0468173064291477,0.0387285836040973,0.1647343933582306,0.1484647542238235,0.6594825387001038,0.7183865904808044,3330,930,38.53,0.0685540311038494,0.0691840127110481,0.0723552107810974
1,rnn,layers_2,henon_1000,1,0.001,,32,16,1,64,1.1374896530469414e-05,8.763427103986032e-06,0.0023219930008053,0.0021044467575848,0.9999333024024964,0.9999475479125975,3330,768,64.12,0.0058237636461853,0.0063716610893607,0.0075095905922353
1,rnn,layers_2,henon_1000,1,0.001,,32,16,2,64,6.573264545295388e-05,5.677762601408176e-05,0.0052558239549398,0.0051005240529775,0.9995959997177124,0.9996491074562072,3330,1232,74.09,0.0427572440356016,0.0437143184244632,0.0477760396897792
1,rnn,layers_2,henon_1000,1,0.001,,32,16,4,64,0.0665238499641418,0.0642662942409515,0.2122691571712494,0.2116488963365554,0.4172155559062958,0.4442918002605438,3330,1937,116.0,0.0693005692213773,0.0673992782831192,0.0689505711197853
1,rnn,layers_3,henon_1000,1,0.001,,32,4,1,64,6.1439241108018905e-06,5.718957254430279e-06,0.0018925343174487,0.0018278325442224,0.9999645352363586,0.9999665021896362,5442,544,22.07,0.0001514696661615,0.0001611591287655,0.0001587860606377
1,rnn,layers_3,henon_1000,1,0.001,,32,4,2,64,2.541873254813254e-05,2.644973574206233e-05,0.0037946389056742,0.0039403145201504,0.999843418598175,0.999836266040802,5442,677,27.71,0.0099804237484931,0.0105984034016728,0.0110918628051877
1,rnn,layers_3,henon_1000,1,0.001,,32,4,4,64,0.0001793032424757,0.0001647925091674,0.0094722462818026,0.0094096502289175,0.9988937973976136,0.998972713947296,5442,1662,91.09,0.0656095121055841,0.0649910047650337,0.0686382874846458
1,rnn,layers_3,henon_1000,1,0.001,,32,8,1,64,6.280642992351204e-06,5.688343662768602e-06,0.0019266281742602,0.0019037422025576,0.9999614953994752,0.9999655485153198,5442,578,31.91,0.000155636560521,0.0001630717015359,0.000174833665369
1,rnn,layers_3,henon_1000,1,0.001,,32,8,2,64,2.3159600459621288e-05,2.270251206937246e-05,0.0031897504813969,0.0032173520885407,0.99987530708313,0.9998701214790344,5442,931,71.43,0.0112183795310556,0.0128233833238482,0.012706815265119
1,rnn,layers_3,henon_1000,1,0.001,,32,8,4,64,0.0266415309160947,0.021089794114232,0.1097030267119407,0.096106618642807,0.8274227976799011,0.8627605438232422,5442,815,45.43,0.063105633482337,0.0631415247917175,0.0682191103696823
1,rnn,layers_3,henon_1000,1,0.001,,32,16,1,64,5.5092250477173366e-06,5.396284450398525e-06,0.0017776610329747,0.0017655375413596,0.999967098236084,0.9999666810035706,5442,626,107.16,0.0001620156472199,0.000172227184521,0.0001864336809376
1,rnn,layers_3,henon_1000,1,0.001,,32,16,2,64,2.6078580049215816e-05,1.922475530591328e-05,0.0032936008647084,0.0030216448940336,0.9998579025268556,0.9998905062675476,5442,813,128.05,0.012249999307096,0.0134961754083633,0.0141796106472611
1,rnn,layers_3,henon_1000,1,0.001,,32,16,4,64,0.0658641755580902,0.0612798519432544,0.2132831513881683,0.2057169526815414,0.4342750608921051,0.487659603357315,5442,827,97.4,0.0643631134182214,0.0647422149777412,0.0663916170597076
1,rnn,layers_1,henon_1000,2,0.001,,8,4,1,64,4.716694547823863e-06,4.353341410023859e-06,0.0017023190157487,0.001642390503548,0.9999708533287048,0.999972939491272,114,2405,48.73,0.0362883871421217,0.033979345113039,0.0355952978134155
1,rnn,layers_1,henon_1000,2,0.001,,8,4,2,64,6.864013994345441e-05,7.191445183707401e-05,0.0065519763156771,0.0067397635430097,0.9995785355567932,0.9995507001876832,114,5145,103.43,0.066118961200118,0.0636002197861671,0.0658963099122047
1,rnn,layers_1,henon_1000,2,0.001,,8,4,4,64,0.0436194352805614,0.0364980436861515,0.1685220748186111,0.1526859998703003,0.6800562143325806,0.7366222739219666,114,6974,178.89,0.0754579447209835,0.0736318081617355,0.075449988245964
1,rnn,layers_1,henon_1000,2,0.001,,8,8,1,64,2.5525960154482163e-06,2.41531643041526e-06,0.0011964342556893,0.0011822411324828,0.9999848008155824,0.9999848008155824,114,3643,89.75,0.0356165932491421,0.034183245152235,0.0356175564229488
1,rnn,layers_1,henon_1000,2,0.001,,8,8,2,64,0.0008971859933808,0.0007714800885878,0.0208696890622377,0.0193533860146999,0.9944684505462646,0.9951600432395936,114,3629,86.36,0.0666663132607936,0.0634422898292541,0.0659448206424713
1,rnn,layers_1,henon_1000,2,0.001,,8,8,4,64,0.0653881132602691,0.0583591498434543,0.2112733423709869,0.199246659874916,0.4475734531879425,0.5191464424133301,114,1945,46.59,0.0749562352895736,0.074791632592678,0.0763726755976677
1,rnn,layers_1,henon_1000,2,0.001,,8,16,1,64,4.690645255323034e-06,4.352428277343279e-06,0.0014953339705243,0.0014464667765423,0.9999709725379944,0.999973714351654,114,3782,122.11,0.0365410910919308,0.0345671512186527,0.0358379334211349
1,rnn,layers_1,henon_1000,2,0.001,,8,16,2,64,0.0006028129137121,0.0005157738341949,0.0166743882000446,0.0164239816367626,0.9963189363479614,0.996784806251526,114,3978,127.14,0.0669933374971151,0.0638700947165489,0.0660444572567939
1,rnn,layers_1,henon_1000,2,0.001,,8,16,4,64,0.0647402182221412,0.0630687698721885,0.2098557204008102,0.2074121385812759,0.4406067430973053,0.4593320786952972,114,896,29.92,0.0772574014961719,0.0749482735991478,0.075869120657444
1,rnn,layers_2,henon_1000,2,0.001,,8,4,1,64,8.56682254379848e-06,8.63618424773449e-06,0.0021080763544887,0.0021490652579814,0.9999476075172424,0.999948263168335,258,1109,32.46,0.0242251420393586,0.0223836414515972,0.0242966264486312
1,rnn,layers_2,henon_1000,2,0.001,,8,4,2,64,0.0003885223704855,0.0003303015255369,0.0127673698589205,0.0121362656354904,0.9975959062576294,0.9979324340820312,258,1840,52.33,0.0606858056038618,0.0590504743158817,0.0617506988346576
1,rnn,layers_2,henon_1000,2,0.001,,8,4,4,64,0.0141905136406421,0.0121433269232511,0.088532768189907,0.0821256935596466,0.9076196551322936,0.9208921790122986,258,6338,178.99,0.0694562666118145,0.069688968360424,0.0723204612731933
1,rnn,layers_2,henon_1000,2,0.001,,8,8,1,64,7.936297151900362e-06,7.438170996465487e-06,0.0020427780691534,0.0019376535201445,0.9999516010284424,0.9999542832374572,258,1065,38.95,0.0247944166883826,0.0244652889668941,0.0263553746044635
1,rnn,layers_2,henon_1000,2,0.001,,8,8,2,64,4.472677028388716e-05,3.620861753006466e-05,0.0050319526344537,0.0047014588490128,0.999725103378296,0.9997737407684326,258,2393,87.67,0.0592444937676191,0.0583082251250743,0.0616345927119255
1,rnn,layers_2,henon_1000,2,0.001,,8,8,4,64,0.0535998381674289,0.0409821420907974,0.1617235392332077,0.1429731100797653,0.6411311030387878,0.7121312618255615,258,4644,169.87,0.0678354322910308,0.0695451945066452,0.0725525692105293
1,rnn,layers_2,henon_1000,2,0.001,,8,16,1,64,8.190150765585713e-06,7.761168490105774e-06,0.0021008208859711,0.0020195592660456,0.9999502301216124,0.9999520778656006,258,1027,53.03,0.0261997045949101,0.0251992773264646,0.0261902511119842
1,rnn,layers_2,henon_1000,2,0.001,,8,16,2,64,5.650282037095167e-05,4.848583193961531e-05,0.005695910193026,0.0055180080235004,0.9996550679206848,0.9997044801712036,258,2158,162.94,0.0595881313085556,0.059193417429924,0.0615565702319145
1,rnn,layers_2,henon_1000,2,0.001,,8,16,4,64,0.0659615471959114,0.052403274923563,0.2105045765638351,0.1895046979188919,0.4653643369674682,0.5890700817108154,258,1252,64.52,0.0695854470133781,0.0698067024350166,0.0711360424757003
1,rnn,layers_3,henon_1000,2,0.001,,8,4,1,64,2.772759444269468e-06,2.5841059141384903e-06,0.0012958871666342,0.0012174242874607,0.9999831914901732,0.9999839067459106,402,1186,43.91,0.0046560841612517,0.0043724193237721,0.0046196691691875
1,rnn,layers_3,henon_1000,2,0.001,,8,4,2,64,2.1669125999324024e-05,2.411322930129245e-05,0.0034725551959127,0.0036662786733359,0.9998656511306764,0.9998494386672974,402,2329,85.64,0.0411242064088583,0.0403536632657051,0.0428831316530704
1,rnn,layers_3,henon_1000,2,0.001,,8,4,4,64,0.0011279399041086,0.0010130422888323,0.0241367295384407,0.0233916155993938,0.9929949045181274,0.993636667728424,402,3133,115.14,0.0699387580156326,0.0700240954756736,0.0723034441471099
1,rnn,layers_3,henon_1000,2,0.001,,8,8,1,64,2.155673428205773e-06,2.467053263899288e-06,0.0011240133317187,0.0011775612365454,0.9999866485595704,0.9999849200248718,402,1097,52.62,0.0042016359511762,0.0043537025339901,0.0043401401489973
1,rnn,layers_3,henon_1000,2,0.001,,8,8,2,64,5.189330840948969e-05,5.464362038765103e-05,0.0050051966682076,0.0052399211563169,0.999682366847992,0.9996585249900818,402,1899,93.01,0.0353711750358343,0.0346222817897796,0.0393004715442657
1,rnn,layers_3,henon_1000,2,0.001,,8,8,4,64,0.0236726887524127,0.017202191054821,0.0980697944760322,0.089310385286808,0.8528348207473755,0.886042594909668,402,3296,159.11,0.067240035533905,0.069301962852478,0.0726231709122657
1,rnn,layers_3,henon_1000,2,0.001,,8,16,1,64,2.1436112547235098e-06,2.0460679479583632e-06,0.0011299222242087,0.0011123638832941,0.999987244606018,0.9999874830245972,402,1078,109.4,0.004170428449288,0.0041662356816232,0.0041836723685264
1,rnn,layers_3,henon_1000,2,0.001,,8,16,2,64,8.728967077331617e-05,7.585483399452642e-05,0.0055759353563189,0.0054214159026741,0.9994668960571288,0.9995342493057252,402,2082,150.29,0.0367347573861479,0.0365481674671173,0.0406315810978412
1,rnn,layers_3,henon_1000,2,0.001,,8,16,4,64,0.0638891756534576,0.0561671592295169,0.2059755176305771,0.1926986128091812,0.4749453067779541,0.5520643591880798,402,739,54.29,0.0694446559995412,0.0701105222105979,0.0717822760343551
1,rnn,layers_1,henon_1000,2,0.001,,16,4,1,64,1.368210905638989e-05,1.090543173631886e-05,0.0024591186083853,0.0023394520394504,0.9999155402183532,0.9999316334724426,354,1879,40.19,0.0298504702746868,0.0279135126620531,0.0293796453624963
1,rnn,layers_1,henon_1000,2,0.001,,16,4,2,64,0.000136012895382,0.0001283636956941,0.0081460336223244,0.0082053691148757,0.9992012977600098,0.9992159605026244,354,4155,85.43,0.0621307950466871,0.060159008949995,0.0629270672798156
1,rnn,layers_1,henon_1000,2,0.001,,16,4,4,64,0.0298827812075614,0.0258296057581901,0.1189552173018455,0.1109154820442199,0.7936408519744873,0.8225513696670532,354,8906,180.84,0.0723235942423343,0.0707374066114425,0.0726893991231918
1,rnn,layers_1,henon_1000,2,0.001,,16,8,1,64,1.0566312084847596e-05,1.0482277502887882e-05,0.0021732738241553,0.0022657196968793,0.9999356865882874,0.9999356269836426,354,2427,59.89,0.0295896682888269,0.0294284150004386,0.0306750368326902
1,rnn,layers_1,henon_1000,2,0.001,,16,8,2,64,0.0001624041469767,0.0001576569484313,0.0094824647530913,0.0094304969534277,0.998997449874878,0.9990140795707704,354,3640,87.97,0.0623396195471286,0.0601082295179367,0.062550663948059
1,rnn,layers_1,henon_1000,2,0.001,,16,8,4,64,0.0665230825543403,0.057668637484312,0.210765466094017,0.1947469264268875,0.4550901055335998,0.5341342091560364,354,1895,46.93,0.0709687456488609,0.0712979137897491,0.0731923431158065
1,rnn,layers_1,henon_1000,2,0.001,,16,16,1,64,8.305378287332132e-06,8.591410733060911e-06,0.001932073268108,0.0019246359588578,0.9999497532844543,0.999948024749756,354,2139,70.76,0.0305420102551579,0.0289425998926162,0.0298161730170249
1,rnn,layers_1,henon_1000,2,0.001,,16,16,2,64,0.0001900287461467,0.0001500854996265,0.0078828139230608,0.0076530589722096,0.9988407492637634,0.9990649819374084,354,5723,185.87,0.0631413523107767,0.0606184341013431,0.0626286938786506
1,rnn,layers_1,henon_1000,2,0.001,,16,16,4,64,0.072484441101551,0.0563782714307308,0.217848926782608,0.1957878619432449,0.3919401168823242,0.5451608896255493,354,1516,49.9,0.0734279863536357,0.0715344622731208,0.0724567323923111
1,rnn,layers_2,henon_1000,2,0.001,,16,4,1,64,4.77287039757357e-06,4.327463557274314e-06,0.0017001739470288,0.0016685348236933,0.9999719858169556,0.9999736547470092,898,1162,34.13,0.0149315174669027,0.0142705151811242,0.0159955620765686
1,rnn,layers_2,henon_1000,2,0.001,,16,4,2,64,3.38194404321257e-05,3.931972605641931e-05,0.003868950298056,0.0039934837259352,0.9997954964637756,0.999759316444397,898,1885,75.44,0.0558791063725948,0.0540612265467643,0.0570422671735286
1,rnn,layers_2,henon_1000,2,0.001,,16,4,4,64,0.0045788222923874,0.003618567250669,0.0368146039545536,0.0379938893020153,0.971561849117279,0.977167546749115,898,3344,97.7,0.0703209094703197,0.0701393336057663,0.0725931748747825
1,rnn,layers_2,henon_1000,2,0.001,,16,8,1,64,6.050269348634174e-06,5.418331056716852e-06,0.0018646836979314,0.0017342756036669,0.9999627470970154,0.9999661445617676,898,1016,38.34,0.0165137038566172,0.0168972257524728,0.0187371037900447
1,rnn,layers_2,henon_1000,2,0.001,,16,8,2,64,2.3243979740072973e-05,2.26513366214931e-05,0.0030853287316858,0.0033074840903282,0.999856173992157,0.9998584389686584,898,2067,77.71,0.0638191077858209,0.0628552064299583,0.0655291751027107
1,rnn,layers_2,henon_1000,2,0.001,,16,8,4,64,0.0499735847115516,0.038533117622137,0.1603570282459259,0.1421658247709274,0.6533997654914856,0.7223970890045166,898,1400,52.68,0.0681335713714361,0.0698272809386253,0.0724130570888519
1,rnn,layers_2,henon_1000,2,0.001,,16,16,1,64,5.88127295486629e-06,5.215571491135052e-06,0.0018057929119095,0.0017475163331255,0.999964714050293,0.9999682903289796,898,1197,68.27,0.0174163742922246,0.0168331805616617,0.0184665918350219
1,rnn,layers_2,henon_1000,2,0.001,,16,16,2,64,2.605032204883173e-05,1.8701790395425636e-05,0.0036717080511152,0.0032562760170549,0.9998471140861512,0.9998913407325744,898,2185,118.86,0.0650870747864246,0.0634089559316635,0.0651182010769844
1,rnn,layers_2,henon_1000,2,0.001,,16,16,4,64,0.0626951977610588,0.0582165345549583,0.2064758986234665,0.2009492665529251,0.4774402379989624,0.5221289992332458,898,581,31.64,0.0705745112150907,0.0702648758888244,0.0714461952447891
1,rnn,layers_3,henon_1000,2,0.001,,16,4,1,64,2.0754603156092344e-06,2.247660404464113e-06,0.0011206237832084,0.0011593993986025,0.999988853931427,0.9999879002571106,1442,892,33.91,0.0011769116332288,0.0011180690489709,0.0012640017084777
1,rnn,layers_3,henon_1000,2,0.001,,16,4,2,64,3.713363184942864e-05,3.954062049160712e-05,0.0040715029463171,0.004362957086414,0.9997698664665222,0.9997531175613404,1442,906,34.99,0.0247843150049448,0.0244668554514646,0.0265562329441308
1,rnn,layers_3,henon_1000,2,0.001,,16,4,4,64,0.0011327695101499,0.000898108468391,0.0221252050250768,0.020327191799879,0.9930171966552734,0.9944251179695128,1442,1864,72.33,0.0664586171507835,0.0663701370358467,0.0696625709533691
1,rnn,layers_3,henon_1000,2,0.001,,16,8,1,64,4.396368694870034e-06,4.074869139003567e-06,0.0015599597245454,0.0015525417402386,0.99997740983963,0.999979555606842,1442,735,38.62,0.0012082795088645,0.0011902205878868,0.0013989481376484
1,rnn,layers_3,henon_1000,2,0.001,,16,8,2,64,2.0661407688749023e-05,2.253971797472332e-05,0.003337312489748,0.0034392899833619,0.9998841285705566,0.9998714923858644,1442,1377,68.92,0.0274668123573064,0.0273447558283805,0.0301496684551239
1,rnn,layers_3,henon_1000,2,0.001,,16,8,4,64,0.0210000798106193,0.0191576275974512,0.0961043685674667,0.0932797491550445,0.8685262203216553,0.876797080039978,1442,1434,72.27,0.0660752829164266,0.0673290789127349,0.0708819478750228
1,rnn,layers_3,henon_1000,2,0.001,,16,16,1,64,4.3067288970632944e-06,4.297844043321675e-06,0.0015900598373264,0.001587139791809,0.9999735355377196,0.9999735355377196,1442,730,54.57,0.0012605518044438,0.0012072392273694,0.0014188956702128
1,rnn,layers_3,henon_1000,2,0.001,,16,16,2,64,1.900538154586684e-05,1.8722053937381133e-05,0.00319380662404,0.0033189437817782,0.9998869299888612,0.9998868703842164,1442,1287,95.87,0.0270927418023347,0.0274036731570959,0.029695326462388
1,rnn,layers_3,henon_1000,2,0.001,,16,16,4,64,0.063182845711708,0.0597373694181442,0.206953540444374,0.2034486681222915,0.4633389115333557,0.5025349259376526,1442,437,55.98,0.0684235569089651,0.0673947110772132,0.0684874504804611
1,rnn,layers_1,henon_1000,2,0.001,,32,4,1,64,8.77244929142762e-06,7.172045116021764e-06,0.0020995978266,0.0019490509293973,0.9999457597732544,0.999955415725708,1218,1442,30.42,0.0304321400821208,0.0292446073144674,0.0314927473664283
1,rnn,layers_1,henon_1000,2,0.001,,32,4,2,64,0.0001873998990049,0.0001813152630347,0.007450514473021,0.0075034759938716,0.998839557170868,0.9988736510276794,1218,2857,59.77,0.0611430313438177,0.0594579093158245,0.062009897083044
1,rnn,layers_1,henon_1000,2,0.001,,32,4,4,64,0.0085801435634493,0.0090123359113931,0.0674835592508316,0.0686348602175712,0.94562029838562,0.9420861601829528,1218,5026,104.97,0.0704473040997982,0.0709796398878097,0.0735608041286468
1,rnn,layers_1,henon_1000,2,0.001,,32,8,1,64,1.0087220289278775e-05,1.0778247997222934e-05,0.0023087428417056,0.0023707556538283,0.9999427795410156,0.9999358057975768,1218,1860,48.43,0.0283309530466794,0.0284827053546905,0.0301941093057394
1,rnn,layers_1,henon_1000,2,0.001,,32,8,2,64,0.0004401548649184,0.0002078384568449,0.0095297871157526,0.0086763277649879,0.9973044991493224,0.9987220764160156,1218,3313,85.45,0.0597333349287509,0.0591975450515747,0.0634178891777992
1,rnn,layers_1,henon_1000,2,0.001,,32,8,4,64,0.0688179358839988,0.0635211840271949,0.2143899798393249,0.2028663903474807,0.4290057718753814,0.4702024757862091,1218,852,22.22,0.0679106913506984,0.0693338066339492,0.0723061859607696
1,rnn,layers_1,henon_1000,2,0.001,,32,16,1,64,1.2763967788487209e-05,1.2999506907362957e-05,0.0024851516354829,0.0025810217484831,0.9999252557754515,0.9999224543571472,1218,1881,67.14,0.0292666360735893,0.0282321199774742,0.0287292953580617
1,rnn,layers_1,henon_1000,2,0.001,,32,16,2,64,0.0168008618056774,0.0125204036012291,0.0737893134355545,0.064510554075241,0.8942511081695557,0.9190532565116882,1218,2951,105.87,0.0590527135878801,0.0589909441769123,0.061380811035633
1,rnn,layers_1,henon_1000,2,0.001,,32,16,4,64,0.0672824680805206,0.0664441660046577,0.215948536992073,0.2169193774461746,0.4026769399642944,0.4105111062526703,1218,446,15.97,0.0701043754816055,0.0695665478706359,0.0702522993087768
1,rnn,layers_2,henon_1000,2,0.001,,32,4,1,64,5.068239261163399e-06,4.73811542178737e-06,0.0016627412987872,0.0015424449229612,0.9999728202819824,0.9999735355377196,3330,618,19.02,0.0043044661404564,0.0045549324713647,0.0050457399338483
1,rnn,layers_2,henon_1000,2,0.001,,32,4,2,64,1.5892830560915172e-05,1.4738915524503682e-05,0.0028575279284268,0.0027988981455564,0.99990576505661,0.9999132752418518,3330,1338,41.71,0.0557442583143711,0.053610872477293,0.0563555285334587
1,rnn,layers_2,henon_1000,2,0.001,,32,4,4,64,0.001406249590218,0.0008412139723077,0.0209918711334466,0.0202457476407289,0.991300106048584,0.9947293996810912,3330,3177,98.05,0.0701431833207607,0.0702045857906341,0.0726221725344657
1,rnn,layers_2,henon_1000,2,0.001,,32,8,1,64,6.040701919118874e-06,5.97402140556369e-06,0.0018304522382095,0.0018581363838165,0.9999642968177797,0.9999640583992004,3330,641,25.52,0.0039109966950491,0.0043268641456961,0.0047711422666907
1,rnn,layers_2,henon_1000,2,0.001,,32,8,2,64,0.0001042964722728,0.0001174253993667,0.0063947765156626,0.0064938175491988,0.9993542432785034,0.9992653727531432,3330,1110,45.7,0.0523184843361377,0.0513135008513927,0.0567036122083663
1,rnn,layers_2,henon_1000,2,0.001,,32,8,4,64,0.0491479896008968,0.0394306182861328,0.1599648296833038,0.1451925486326217,0.647581934928894,0.7147765755653381,3330,1088,44.41,0.0676586873829364,0.068787008523941,0.0720881223678588
1,rnn,layers_2,henon_1000,2,0.001,,32,16,1,64,6.840996775281383e-06,6.739093805663288e-06,0.001903993776068,0.0019583604298532,0.9999591708183287,0.999958634376526,3330,666,39.91,0.004774668731261,0.0050074732862412,0.0056181806139647
1,rnn,layers_2,henon_1000,2,0.001,,32,16,2,64,4.855952283833176e-05,3.277307405369356e-05,0.0043720188550651,0.0040409457869827,0.9997077584266664,0.9997983574867249,3330,1491,91.12,0.0520413402467966,0.0524931252002716,0.0555018559098243
1,rnn,layers_2,henon_1000,2,0.001,,32,16,4,64,0.0709986314177513,0.0620736181735992,0.2186953872442245,0.2040725946426391,0.3835391998291015,0.4791105389595032,3330,400,23.82,0.0697852972894907,0.0685948282480239,0.0694971829652786
1,rnn,layers_3,henon_1000,2,0.001,,32,4,1,64,2.389032488281373e-06,2.2256629108596826e-06,0.0011637612478807,0.0011280144099146,0.9999860525131226,0.9999870657920836,5442,578,32.95,0.0001292688182729,0.0001722899469314,0.0001735160913085
1,rnn,layers_3,henon_1000,2,0.001,,32,4,2,64,1.8416214516037144e-05,1.830646942835301e-05,0.0030851967167109,0.0031027926597744,0.9998859167099,0.9998856782913208,5442,675,27.71,0.012086503393948,0.0121524259448051,0.0131637202575802
1,rnn,layers_3,henon_1000,2,0.001,,32,4,4,64,0.0005045611178502,0.0006735309725627,0.0143319806084036,0.0151789300143718,0.9968761205673218,0.9957802891731262,5442,1276,51.93,0.0652962937951087,0.065297856926918,0.0683695450425148
1,rnn,layers_3,henon_1000,2,0.001,,32,8,1,64,3.161859922329313e-06,2.8349381864245515e-06,0.0013990063453093,0.0013313920935615,0.9999828934669496,0.999984622001648,5442,556,30.76,0.0002509183264919,0.0002451617910992,0.0002582870365586
1,rnn,layers_3,henon_1000,2,0.001,,32,8,2,64,2.6730851459433325e-05,2.346335350011941e-05,0.0034653525799512,0.003502401523292,0.9998378157615662,0.9998561143875122,5442,825,46.45,0.0107809007633477,0.0113143371418118,0.0121702579781413
1,rnn,layers_3,henon_1000,2,0.001,,32,8,4,64,0.0183175206184387,0.013360465876758,0.0676032304763794,0.0599886998534202,0.8913909196853638,0.9148534536361694,5442,4770,259.87,0.0633764401078224,0.0643870308995246,0.0705190449953079
1,rnn,layers_3,henon_1000,2,0.001,,32,16,1,64,5.10040945300716e-06,5.193544438952813e-06,0.0017575550591573,0.0017488683806732,0.9999716281890868,0.9999727010726928,5442,549,47.03,0.0002845374823664,0.0002925001026596,0.0003203839587513
1,rnn,layers_3,henon_1000,2,0.001,,32,16,2,64,2.9694949262193404e-05,2.892618613259401e-05,0.0041240840218961,0.0039700013585388,0.9998197555541992,0.9998244643211364,5442,716,63.22,0.0121645694598555,0.0125373918563127,0.013363778591156
1,rnn,layers_3,henon_1000,2,0.001,,32,16,4,64,0.0695475414395332,0.0610623210668563,0.2132404893636703,0.2028042674064636,0.4241085946559906,0.4948069751262665,5442,621,54.32,0.0643298529088497,0.0644871816039085,0.0681859254837036
1,rnn,layers_1,henon_1000,3,0.001,,8,4,1,64,4.014106252725469e-06,3.804914513239055e-06,0.001472414121963,0.0014407278504222,0.999975562095642,0.9999765157699584,114,1795,36.95,0.0388169787824153,0.0364315509796142,0.0380479767918586
1,rnn,layers_1,henon_1000,3,0.001,,8,4,2,64,0.0001443603541702,0.0001298388669965,0.0096396319568157,0.0094126658514142,0.9991032481193542,0.9991884827613832,114,4658,94.14,0.0678657166659832,0.0646983906626701,0.0669637769460678
1,rnn,layers_1,henon_1000,3,0.001,,8,4,4,64,0.0367727056145668,0.0322279930114746,0.1454904228448867,0.1368832439184188,0.7379977107048035,0.7721680998802185,114,9929,195.24,0.0739915233105421,0.0732105299830436,0.0748480036854744
1,rnn,layers_1,henon_1000,3,0.001,,8,8,1,64,5.146723196958192e-06,4.727161922346568e-06,0.0016275536036118,0.0015564542263746,0.9999681115150452,0.9999701976776124,114,1813,43.19,0.0390441812574863,0.0369647853076458,0.0385110639035701
1,rnn,layers_1,henon_1000,3,0.001,,8,8,2,64,0.000266390008619,0.0002436469367239,0.0124635817483067,0.0119036175310611,0.9983515739440918,0.9984806776046752,114,4077,97.81,0.0683538284152746,0.0649325773119926,0.0673536881804466
1,rnn,layers_1,henon_1000,3,0.001,,8,8,4,64,0.0673375725746154,0.0623508468270301,0.2143720388412475,0.2043887823820114,0.4212824702262878,0.4712647199630737,114,1892,45.56,0.0748677726835012,0.0741504877805709,0.0757190585136413
1,rnn,layers_1,henon_1000,3,0.001,,8,16,1,64,5.185686404729495e-06,4.735012680612272e-06,0.0016303670126944,0.0015848369803279,0.9999680519104004,0.9999709129333496,114,1616,50.66,0.0387703796848654,0.0373404882848262,0.038775160908699
1,rnn,layers_1,henon_1000,3,0.001,,8,16,2,64,0.0002377306664129,0.0002183213946409,0.0114278681576251,0.0111816208809614,0.9985321760177612,0.9986463785171508,114,4460,146.54,0.0674491755664348,0.065645545721054,0.0676730722188949
1,rnn,layers_1,henon_1000,3,0.001,,8,16,4,64,0.0660832449793815,0.0521199256181716,0.2106952667236328,0.1889048814773559,0.4663470685482025,0.5905737280845642,114,2746,88.25,0.0764734052121639,0.0743636935949325,0.0752787366509437
1,rnn,layers_2,henon_1000,3,0.001,,8,4,1,64,6.921627573319711e-06,6.467864295700565e-06,0.0018776978831738,0.0018337487708777,0.999957799911499,0.9999610185623168,258,1641,46.44,0.0097210459411144,0.0098808007314801,0.0106702744960784
1,rnn,layers_2,henon_1000,3,0.001,,8,4,2,64,4.1053397580981255e-05,3.787532477872446e-05,0.0050272801890969,0.0048558614216744,0.9997458457946776,0.9997627139091492,258,2984,86.31,0.0563992578536272,0.0539313852787017,0.0568333864212036
1,rnn,layers_2,henon_1000,3,0.001,,8,4,4,64,0.016699219122529,0.0142118344083428,0.0916031524538993,0.0857707411050796,0.890644371509552,0.9067974090576172,258,4622,129.74,0.0687119793146848,0.0682773664593696,0.0710800662636756
1,rnn,layers_2,henon_1000,3,0.001,,8,8,1,64,5.159325155545957e-06,5.22107529832283e-06,0.0017341321799904,0.0017156369285658,0.9999682903289796,0.999967634677887,258,1835,65.91,0.0081503836438059,0.0087728714570403,0.0091088227927684
1,rnn,layers_2,henon_1000,3,0.001,,8,8,2,64,7.727123738732189e-05,7.233092037495226e-05,0.006671090144664,0.006527092307806,0.9995228052139282,0.999547839164734,258,2108,78.31,0.0538375027477741,0.0531548634171485,0.0565535239875316
1,rnn,layers_2,henon_1000,3,0.001,,8,8,4,64,0.044719073921442,0.0392688885331153,0.1637157350778579,0.1532493978738784,0.6844908595085144,0.7150564193725586,258,3694,132.83,0.0677421025931835,0.0677880346775055,0.0708546563982963
1,rnn,layers_2,henon_1000,3,0.001,,8,16,1,64,4.72828651254531e-06,4.741820248455042e-06,0.0015773678896948,0.0015876329271122,0.9999709725379944,0.9999709129333496,258,1479,80.84,0.008128923876211,0.0085598807781934,0.0088816601783037
1,rnn,layers_2,henon_1000,3,0.001,,8,16,2,64,7.78293251642026e-05,7.930940046207979e-05,0.0064785396680235,0.0066670561209321,0.999526023864746,0.9995138049125672,258,2237,117.56,0.0565374266356229,0.0556039996445179,0.057452879846096
1,rnn,layers_2,henon_1000,3,0.001,,8,16,4,64,0.0576092712581157,0.0553587935864925,0.1925701200962066,0.1911326497793197,0.5489850640296936,0.5619086027145386,258,1214,62.68,0.0692971110343933,0.0683036893606185,0.0692227706313133
1,rnn,layers_3,henon_1000,3,0.001,,8,4,1,64,5.463203251565574e-06,4.803749561688164e-06,0.0018149961251765,0.0017335130833089,0.9999665021896362,0.9999699592590332,402,1098,40.29,0.0032081487588584,0.0031459366437047,0.0034569378476589
1,rnn,layers_3,henon_1000,3,0.001,,8,4,2,64,2.2153824829729277e-05,2.1634716176777147e-05,0.0033295932225883,0.0034068371169269,0.9998664855957032,0.9998682737350464,402,2134,80.43,0.0453799791634082,0.0438872948288917,0.046445433050394
1,rnn,layers_3,henon_1000,3,0.001,,8,4,4,64,0.0014146446483209,0.0011760804336518,0.0264625493437051,0.0249821823090314,0.991262137889862,0.9926834106445312,402,4594,169.12,0.0691237781196832,0.0688894987106323,0.0714821964502334
1,rnn,layers_3,henon_1000,3,0.001,,8,8,1,64,5.364192929846468e-06,5.281169251247775e-06,0.0016262643039226,0.0016976987244561,0.9999690651893616,0.9999685883522034,402,998,48.13,0.0026343435980379,0.0026465277187526,0.0029417767655104
1,rnn,layers_3,henon_1000,3,0.001,,8,8,2,64,1.3627874068333767e-05,1.287858594878344e-05,0.0026739996392279,0.0027029968332499,0.9999159574508668,0.99992036819458,402,2075,102.02,0.0494793687015771,0.049421340227127,0.0542875044047832
1,rnn,layers_3,henon_1000,3,0.001,,8,8,4,64,0.028626637533307,0.0244681928306818,0.1238744705915451,0.1136376336216926,0.8090677261352539,0.8335961699485779,402,2657,130.23,0.0688070110976696,0.0683795660734176,0.0712142810225486
1,rnn,layers_3,henon_1000,3,0.001,,8,16,1,64,3.884373199980473e-06,3.9003489291644655e-06,0.001540359458886,0.0015519537264481,0.9999763369560242,0.9999763369560242,402,1014,72.99,0.003055069129914,0.0029165665619075,0.0032259195577353
1,rnn,layers_3,henon_1000,3,0.001,,8,16,2,64,2.65805847448064e-05,2.3325705114984885e-05,0.0035122972913086,0.0036018164828419,0.9998364448547364,0.9998563528060912,402,1362,96.95,0.0518423400819301,0.0508943758904933,0.0501313731074333
1,rnn,layers_3,henon_1000,3,0.001,,8,16,4,64,0.0654568374156951,0.0650484785437583,0.2129866927862167,0.2132583558559417,0.4309044182300567,0.4315047264099121,402,458,33.13,0.0702117968350648,0.0690237581729888,0.0700919851660728
1,rnn,layers_1,henon_1000,3,0.001,,16,4,1,64,9.36267588258488e-06,9.102551302930806e-06,0.0020549383480101,0.0020258298609405,0.9999423623085022,0.9999438524246216,354,2471,65.29,0.0278906226158142,0.0259619746357202,0.0279540177434682
1,rnn,layers_1,henon_1000,3,0.001,,16,4,2,64,0.0002577409322839,0.0002181740419473,0.009639922529459,0.0092941662296652,0.9984296560287476,0.9986483454704284,354,3098,63.0,0.0597319558262825,0.0576513893902301,0.060272991657257
1,rnn,layers_1,henon_1000,3,0.001,,16,4,4,64,0.0204738061875104,0.0204876400530338,0.1061635389924049,0.1044528484344482,0.8655899167060852,0.862847089767456,354,7772,189.73,0.0699845232069492,0.0701880156993866,0.0726014971733093
1,rnn,layers_1,henon_1000,3,0.001,,16,8,1,64,1.3836745893058833e-05,8.926527698349673e-06,0.0024984618648886,0.002267807489261,0.9999157190322876,0.9999454021453856,354,2497,80.3,0.0263377791270613,0.0259768776595592,0.0277899466454982
1,rnn,layers_1,henon_1000,3,0.001,,16,8,2,64,8.399703074246645e-05,7.382997864624485e-05,0.0067298449575901,0.0063817338086664,0.9994844794273376,0.9995386004447936,354,3406,84.83,0.0585334215313196,0.0576995834708213,0.0602515302598476
1,rnn,layers_1,henon_1000,3,0.001,,16,8,4,64,0.0650334283709526,0.0559034645557403,0.2091533541679382,0.1923058778047561,0.4630709588527679,0.5496111512184143,354,1483,36.36,0.069746608287096,0.0700820684432983,0.0728873312473297
1,rnn,layers_1,henon_1000,3,0.001,,16,16,1,64,4.996965799364261e-06,4.319751951697981e-06,0.0016924779629334,0.0016210161847993,0.9999702572822572,0.9999745488166808,354,2379,78.38,0.0270893340930342,0.0261949300765991,0.0270470306277275
1,rnn,layers_1,henon_1000,3,0.001,,16,16,2,64,3.656760600279085e-05,4.051016730954871e-05,0.0045585460029542,0.0048078368417918,0.9997772574424744,0.9997509121894836,354,3131,103.31,0.0598555419594049,0.0590200424194335,0.0605579987168312
1,rnn,layers_1,henon_1000,3,0.001,,16,16,4,64,0.0640913993120193,0.0569456778466701,0.2090963274240493,0.1991528123617172,0.4534929990768432,0.5360535979270935,354,987,32.49,0.0712084449827671,0.0706304013729095,0.0719009414315223
1,rnn,layers_2,henon_1000,3,0.001,,16,4,1,64,5.119238721817965e-06,4.362651452538557e-06,0.001658656517975,0.0015697521157562,0.9999725818634032,0.999975860118866,898,920,27.42,0.0108051968738436,0.0107054747641086,0.0119155999273061
1,rnn,layers_2,henon_1000,3,0.001,,16,4,2,64,2.6235031327814795e-05,2.3488282749895006e-05,0.0038488677237182,0.0036768179852515,0.9998379945755004,0.9998562932014464,898,1498,43.62,0.0499457318335771,0.0482841469347476,0.0512382239103317
1,rnn,layers_2,henon_1000,3,0.001,,16,4,4,64,0.0036289764102548,0.0026215447578579,0.0355878844857215,0.0310623124241828,0.9774465560913086,0.9834943413734436,898,3696,110.34,0.0698361538350582,0.0698590502142906,0.07227274030447
1,rnn,layers_2,henon_1000,3,0.001,,16,8,1,64,3.226193939553923e-06,3.2290988656313857e-06,0.0013729371130466,0.0013354958500713,0.9999803900718688,0.999979555606842,898,1178,46.14,0.0122634974308311,0.0122088408097624,0.0134982308372855
1,rnn,layers_2,henon_1000,3,0.001,,16,8,2,64,3.29008289554622e-05,2.862518886104226e-05,0.0036164100747555,0.0034935276489704,0.9997982382774352,0.999821662902832,898,1938,72.21,0.0488294895738363,0.0478158108890056,0.0518319346010685
1,rnn,layers_2,henon_1000,3,0.001,,16,8,4,64,0.0477085709571838,0.0375472381711006,0.1639206558465957,0.1441925764083862,0.6717367768287659,0.7311169505119324,898,1541,57.64,0.0695576287806034,0.0691821724176406,0.0719151943922042
1,rnn,layers_2,henon_1000,3,0.001,,16,16,1,64,3.6244418879505247e-06,4.080148301000008e-06,0.0015028360066935,0.00160080101341,0.999978005886078,0.999975085258484,898,1164,62.67,0.0126939574256539,0.0124445855617523,0.0136384004727005
1,rnn,layers_2,henon_1000,3,0.001,,16,16,2,64,3.519583333400078e-05,3.3518783311592415e-05,0.0040736906230449,0.0041183154098689,0.9997826814651488,0.9997915625572203,898,1308,71.95,0.0503741174936294,0.0491775721311569,0.0512444972991943
1,rnn,layers_2,henon_1000,3,0.001,,16,16,4,64,0.0704759508371353,0.064338095486164,0.2177212983369827,0.2072525173425674,0.3818899095058441,0.4508097171783447,898,483,26.04,0.0704022824764251,0.0693613290786743,0.0701454579830169
1,rnn,layers_3,henon_1000,3,0.001,,16,4,1,64,6.530552582262317e-06,6.14183090874576e-06,0.0020036834757775,0.0019103300292044,0.999960958957672,0.999962568283081,1442,676,25.66,0.0006024139816872,0.0006138680619187,0.0006626475951634
1,rnn,layers_3,henon_1000,3,0.001,,16,4,2,64,2.794124884530902e-05,2.3083148334990256e-05,0.0037142857909202,0.0034180700313299,0.999830424785614,0.9998595714569092,1442,951,47.8,0.0189163593575358,0.0205170754343271,0.0222013480961322
1,rnn,layers_3,henon_1000,3,0.001,,16,4,4,64,0.0011039956007152,0.0009229363058693,0.022355692461133,0.0209683887660503,0.9931730031967164,0.9942439794540404,1442,1587,62.71,0.0692122057080268,0.068996176123619,0.071507528424263
1,rnn,layers_3,henon_1000,3,0.001,,16,8,1,64,1.2405079360178206e-05,1.0787630344566423e-05,0.0025478496681898,0.0024178705643862,0.9999266266822816,0.9999324679374696,1442,708,36.43,0.0009796032798476,0.0010031398851424,0.0010729344794526
1,rnn,layers_3,henon_1000,3,0.001,,16,8,2,64,2.032142583630048e-05,1.7860944353742525e-05,0.003122336231172,0.0030900982674211,0.9998878836631776,0.9998990893363952,1442,1296,67.06,0.0176948544569313,0.0187582205981016,0.0201311130076646
1,rnn,layers_3,henon_1000,3,0.001,,16,8,4,64,0.0390651524066925,0.0368755161762237,0.1401324570178985,0.1298641115427017,0.7534250617027283,0.7563791871070862,1442,1420,73.11,0.0689584396779537,0.0686728656291961,0.0721519663929939
1,rnn,layers_3,henon_1000,3,0.001,,16,16,1,64,6.148198281152872e-06,5.377802153816447e-06,0.0017868637805804,0.0016858942108228,0.9999644160270692,0.99996817111969,1442,652,48.45,0.0008799750590696,0.0009068581275641,0.0009551622206345
1,rnn,layers_3,henon_1000,3,0.001,,16,16,2,64,1.7727254089550115e-05,1.5641449863323942e-05,0.0029925040435045,0.0029754557181149,0.9998904466629028,0.9999030232429504,1442,1198,90.94,0.0195334069430828,0.0194711741060018,0.0214596129953861
1,rnn,layers_3,henon_1000,3,0.001,,16,16,4,64,0.0645962953567504,0.0654727220535278,0.2098969668149948,0.2158613353967666,0.4424193203449249,0.4250935316085815,1442,2496,186.88,0.0693813569843769,0.0685459375381469,0.0698634833097457
1,rnn,layers_1,henon_1000,3,0.001,,32,4,1,64,8.523335054633208e-06,7.074052518873941e-06,0.0019699302501976,0.001921240822412,0.9999490976333618,0.9999576210975648,1218,1487,31.57,0.0284031232818961,0.0263878535479307,0.0285082645714283
1,rnn,layers_1,henon_1000,3,0.001,,32,4,2,64,4.137082214583643e-05,4.704214370576665e-05,0.0045145545154809,0.0046899719163775,0.9997573494911194,0.99972003698349,1218,3545,75.1,0.0621774431318044,0.0599471144378185,0.0627107471227645
1,rnn,layers_1,henon_1000,3,0.001,,32,4,4,64,0.0069746617227792,0.0058839116245508,0.0548006854951381,0.051532544195652,0.9557062983512878,0.962507426738739,1218,5908,123.0,0.0700854249298572,0.0700147971510887,0.0724422708153724
1,rnn,layers_1,henon_1000,3,0.001,,32,8,1,64,1.3556658814195544e-05,1.237541528098518e-05,0.0024206328671425,0.0023326547816395,0.9999173283576964,0.9999234080314636,1218,1969,50.68,0.0259276088327169,0.0255872625857591,0.0275368466973304
1,rnn,layers_1,henon_1000,3,0.001,,32,8,2,64,0.0001278515701415,0.0001155095669673,0.0062413304112851,0.0061293467879295,0.9992191195487976,0.9992831945419312,1218,4613,117.85,0.0594102419912815,0.0593084953725338,0.0630212128162384
1,rnn,layers_1,henon_1000,3,0.001,,32,8,4,64,0.0674311369657516,0.0600819438695907,0.2089451998472213,0.1976904571056366,0.4570130705833435,0.5148574709892273,1218,1410,36.58,0.0698376733809709,0.0705648511648178,0.0735395103693008
1,rnn,layers_1,henon_1000,3,0.001,,32,16,1,64,1.5058787539601326e-05,1.2870853424828964e-05,0.0026958312373608,0.0025950288400053,0.9999114871025084,0.9999261498451232,1218,2068,77.06,0.0274013623595237,0.0266521759331226,0.0278134457767009
1,rnn,layers_1,henon_1000,3,0.001,,32,16,2,64,0.0006444259779527,0.0004359595186542,0.0127207962796092,0.0116681298241019,0.9960071444511414,0.997284173965454,1218,4941,176.13,0.0608663849532604,0.0596967004239559,0.0627232640981674
1,rnn,layers_1,henon_1000,3,0.001,,32,16,4,64,0.0685710608959198,0.0663924738764762,0.2169243097305297,0.214127779006958,0.3836634159088135,0.4116905331611633,1218,400,14.24,0.0705335013568401,0.0696209892630577,0.0705223977565765
1,rnn,layers_2,henon_1000,3,0.001,,32,4,1,64,3.995603947259951e-06,3.5320244933245704e-06,0.0013060783967375,0.0012884562602266,0.9999760985374452,0.9999780654907228,3330,674,21.2,0.0054657138884067,0.0057171811349689,0.0063676335848867
1,rnn,layers_2,henon_1000,3,0.001,,32,4,2,64,3.313990237074904e-05,3.401804860914126e-05,0.0041311648674309,0.0040894760750234,0.999800741672516,0.9997933506965636,3330,1382,45.29,0.0542692843824625,0.0520463027060031,0.0552597232162952
1,rnn,layers_2,henon_1000,3,0.001,,32,4,4,64,0.0007457385654561,0.0008882333058863,0.0176011715084314,0.0192546527832746,0.9953680634498596,0.9944231510162354,3330,2295,69.92,0.0702537696808576,0.0700467005372047,0.0724612027406692
1,rnn,layers_2,henon_1000,3,0.001,,32,8,1,64,4.33503873864538e-06,3.930759703507647e-06,0.0015234377933666,0.0015023130690678,0.9999739527702332,0.9999768137931824,3330,724,29.67,0.0072558906394988,0.0077243936248123,0.0084264203906059
1,rnn,layers_2,henon_1000,3,0.001,,32,8,2,64,4.183113924227655e-05,3.82071993954014e-05,0.0044343681074678,0.0044730752706527,0.999764621257782,0.9997764825820924,3330,1540,64.32,0.0464862991124391,0.0448492020368576,0.051297940313816
1,rnn,layers_2,henon_1000,3,0.001,,32,8,4,64,0.025985037907958,0.020883833989501,0.086916483938694,0.0829726830124855,0.8490878939628601,0.871060848236084,3330,2875,120.47,0.0696772783994674,0.0699592381715774,0.0732666254043579
1,rnn,layers_2,henon_1000,3,0.001,,32,16,1,64,3.420930624997709e-06,3.485280103632249e-06,0.0013705795863643,0.0013686589663848,0.9999799132347108,0.9999796152114868,3330,731,44.83,0.007815810944885,0.0077716209925711,0.0085689928382635
1,rnn,layers_2,henon_1000,3,0.001,,32,16,2,64,4.093287861905992e-05,3.280656528659165e-05,0.0045859864912927,0.0040483404882252,0.9997614622116088,0.999804139137268,3330,1215,71.95,0.0416576400399208,0.0399365127086639,0.0442970022559165
1,rnn,layers_2,henon_1000,3,0.001,,32,16,4,64,0.070338599383831,0.0594925098121166,0.21763676404953,0.1981421262025833,0.3839703202247619,0.5077914595603943,3330,400,24.35,0.0698737245053053,0.0687542110681533,0.0698309317231178
1,rnn,layers_3,henon_1000,3,0.001,,32,4,1,64,8.328514013555832e-06,7.4790486905840226e-06,0.0022027518134564,0.0021445304155349,0.999963879585266,0.9999653100967408,5442,549,22.03,0.0002772104606265,0.0002812409366015,0.0002963765582535
1,rnn,layers_3,henon_1000,3,0.001,,32,4,2,64,2.6644924218999225e-05,2.447762199153658e-05,0.0039002292323857,0.003843217389658,0.9998385906219482,0.9998502731323242,5442,801,32.49,0.0109195865690708,0.0114467721432447,0.0122597850859165
1,rnn,layers_3,henon_1000,3,0.001,,32,4,4,64,0.0002021734835579,0.000175710505573,0.0093874791637063,0.0096414815634489,0.9987970590591432,0.9989455938339232,5442,1671,69.44,0.0632674857974052,0.0634287074208259,0.0669376105070114
1,rnn,layers_3,henon_1000,3,0.001,,32,8,1,64,5.496414360095514e-06,5.311324002832407e-06,0.0017749958205968,0.0017034168122336,0.9999704360961914,0.9999703764915466,5442,543,29.98,0.0002191431485698,0.000212421582546,0.0002367263077758
1,rnn,layers_3,henon_1000,3,0.001,,32,8,2,64,2.429828600725159e-05,2.363920611969661e-05,0.0037212863098829,0.0036883514840155,0.9998568892478944,0.9998608827590942,5442,754,60.57,0.0112354194745421,0.0115471016615629,0.0128720914945006
1,rnn,layers_3,henon_1000,3,0.001,,32,8,4,64,0.0314478762447834,0.0213929396122694,0.1053195148706436,0.0901163145899772,0.8016123175621033,0.8630996942520142,5442,1319,73.4,0.0659750130027532,0.0651896297931671,0.0690902844071388
1,rnn,layers_3,henon_1000,3,0.001,,32,16,1,64,4.568320491671329e-06,4.378532594273565e-06,0.0016538864001631,0.0015998570015653,0.9999724626541138,0.9999728202819824,5442,580,67.93,0.0002925218257587,0.0002615917474031,0.000293275777949
1,rnn,layers_3,henon_1000,3,0.001,,32,16,2,64,3.0976938433013856e-05,2.799815047183074e-05,0.0039774277247488,0.0038290596567094,0.9998106956481934,0.9998261332511902,5442,728,64.35,0.0137828183360397,0.0142902852967381,0.0151371313259005
1,rnn,layers_3,henon_1000,3,0.001,,32,16,4,64,0.0669493228197097,0.0640785321593284,0.2163757532835006,0.2101765275001526,0.4083471596240997,0.4452871680259704,5442,1341,113.61,0.0614870715886354,0.0640785321593284,0.0669493228197097
1,rnn,layers_1,henon_1000,4,0.001,,8,4,1,64,7.1048120844352525e-06,6.574215603905032e-06,0.0021372290793806,0.0020842945668846,0.9999567866325378,0.9999596476554872,114,2475,51.04,0.0291182752698659,0.0274417586624622,0.0295853950083255
1,rnn,layers_1,henon_1000,4,0.001,,8,4,2,64,0.0002295571466675,0.000226456017117,0.0103963762521743,0.0101533131673932,0.9985752105712892,0.9985867142677308,114,6014,120.9,0.0665673095732927,0.0649712011218071,0.067005954682827
1,rnn,layers_1,henon_1000,4,0.001,,8,4,4,64,0.0345000214874744,0.0282010734081268,0.1381044089794159,0.125194638967514,0.7573593854904175,0.804137647151947,114,8484,183.28,0.0772088751196861,0.0757863149046897,0.0770780071616172
1,rnn,layers_1,henon_1000,4,0.001,,8,8,1,64,3.705188191815978e-06,3.4201275411760435e-06,0.0012716464698314,0.0012630075216293,0.9999772310256958,0.9999786019325256,114,3095,74.15,0.0281503964215517,0.0274114217609167,0.0293894819915294
1,rnn,layers_1,henon_1000,4,0.001,,8,8,2,64,0.0002065141889033,0.0002043747517745,0.0108176255598664,0.0106526110321283,0.9987220168113708,0.998720109462738,114,6964,166.09,0.0684923890978097,0.067019946873188,0.0693420097231864
1,rnn,layers_1,henon_1000,4,0.001,,8,8,4,64,0.0670911371707916,0.0611561611294746,0.2132228910923004,0.2070799171924591,0.425007551908493,0.4842269420623779,114,1498,36.77,0.076536014676094,0.0770746320486068,0.0782504975795745
1,rnn,layers_1,henon_1000,4,0.001,,8,16,1,64,8.359539606317412e-06,7.70134647609666e-06,0.0021682202350348,0.0020616543479263,0.9999489188194276,0.9999531507492064,114,3245,104.04,0.0290939161553978,0.0278803370893001,0.0291623510420322
1,rnn,layers_1,henon_1000,4,0.001,,8,16,2,64,0.0001034879605867,8.395079203182831e-05,0.0077491477131843,0.0069721546024084,0.9993610978126526,0.9994779229164124,114,5576,180.81,0.0684832472354173,0.0677440464496612,0.0692171454429626
1,rnn,layers_1,henon_1000,4,0.001,,8,16,4,64,0.0679215565323829,0.0657059624791145,0.2155952453613281,0.2142766267061233,0.3947691619396209,0.4233477413654327,114,979,31.59,0.0781016230583191,0.077478103339672,0.0780978798866272
1,rnn,layers_2,henon_1000,4,0.001,,8,4,1,64,6.47853175905766e-06,5.898285962757655e-06,0.0019212525803595,0.0018995313439518,0.9999616146087646,0.9999645948410034,258,1434,42.95,0.0209264925681054,0.0196489430963993,0.0213798563927412
1,rnn,layers_2,henon_1000,4,0.001,,8,4,2,64,5.112350117997266e-05,5.369074278860353e-05,0.0051867538131773,0.0055190469138324,0.9996850490570068,0.9996689558029176,258,3310,99.06,0.0564011670649051,0.0545174591243267,0.0572073459625244
1,rnn,layers_2,henon_1000,4,0.001,,8,4,4,64,0.0188018288463354,0.0124113401398062,0.0891719236969947,0.0754760131239891,0.8768547177314758,0.9192426800727844,258,12321,334.45,0.0701731637120246,0.0692350342869758,0.0712399631738662
1,rnn,layers_2,henon_1000,4,0.001,,8,8,1,64,8.522065400029533e-06,6.856545951450244e-06,0.0022308565676212,0.0020675151608884,0.999947190284729,0.9999570250511168,258,1624,58.5,0.0192072170786559,0.0184132009744644,0.019869765266776
1,rnn,layers_2,henon_1000,4,0.001,,8,8,2,64,5.201924432185479e-05,4.74360458611045e-05,0.0056878537870943,0.0055208229459822,0.999678671360016,0.9997034072875975,258,3348,121.73,0.0559434246271848,0.0536067113280296,0.0562953911721706
1,rnn,layers_2,henon_1000,4,0.001,,8,8,4,64,0.0448841825127601,0.0375935174524784,0.1579418331384658,0.1456205695867538,0.6758595108985901,0.728964626789093,258,4602,164.45,0.0697805147618055,0.0697276070713996,0.0725632458925247
1,rnn,layers_2,henon_1000,4,0.001,,8,16,1,64,7.4950180533051025e-06,6.669072263321141e-06,0.0020908997394144,0.0019988692365586,0.999954104423523,0.999959111213684,258,1533,80.33,0.0204202663153409,0.0191856548190116,0.0204403437674045
1,rnn,layers_2,henon_1000,4,0.001,,8,16,2,64,0.0001049700731527,0.0001028060651151,0.007156420033425,0.0072130784392356,0.999357044696808,0.9993641972541808,258,3158,162.71,0.0567075565457344,0.0553584098815918,0.0573181360960006
1,rnn,layers_2,henon_1000,4,0.001,,8,16,4,64,0.0655422359704971,0.0608355067670345,0.2088861912488937,0.2033046185970306,0.4302647709846496,0.4886701703071594,258,651,46.77,0.0710881873965263,0.0701689645648002,0.0715752840042114
1,rnn,layers_3,henon_1000,4,0.001,,8,4,1,64,1.2822673852497246e-05,1.1777438885474112e-05,0.0025320029817521,0.0024471960496157,0.9999209642410278,0.99992698431015,402,1082,40.46,0.0060453002806752,0.0055524045601487,0.0061215106397867
1,rnn,layers_3,henon_1000,4,0.001,,8,4,2,64,5.390141814132221e-05,5.264572610030882e-05,0.005391601473093,0.0054150051437318,0.9996662735939026,0.9996712803840636,402,1467,54.17,0.0324859941378235,0.0313360095024108,0.0325549580156803
1,rnn,layers_3,henon_1000,4,0.001,,8,4,4,64,0.0038674033712595,0.0029732498805969,0.0411623418331146,0.0392104387283325,0.9758465886116028,0.9811975359916688,402,7596,274.96,0.0691636689007282,0.0688394606113433,0.0708607211709022
1,rnn,layers_3,henon_1000,4,0.001,,8,8,1,64,3.2904476938711014e-06,3.0656533454020973e-06,0.0013726153410971,0.0013210305478423,0.9999797344207764,0.9999806880950928,402,1655,79.95,0.0054517240263521,0.005704159848392,0.0063420389778912
1,rnn,layers_3,henon_1000,4,0.001,,8,8,2,64,5.654267079080455e-05,6.028792995493859e-05,0.0048631858080625,0.0051743518561124,0.9996501803398132,0.9996232390403748,402,1253,61.28,0.0339986151084303,0.032076146453619,0.0335678793489933
1,rnn,layers_3,henon_1000,4,0.001,,8,8,4,64,0.0008338832994922,0.0009734099730849,0.0199225470423698,0.0202907789498567,0.994832158088684,0.99389910697937,402,6917,317.3,0.0675684444606304,0.0682438760995864,0.0705993846058845
1,rnn,layers_3,henon_1000,4,0.001,,8,16,1,64,2.564801434346009e-06,2.2278852611634647e-06,0.0012029553763568,0.0011403784155845,0.9999852180480956,0.9999873638153076,402,1553,113.04,0.0063415907556191,0.0063780755735933,0.0071792663075029
1,rnn,layers_3,henon_1000,4,0.001,,8,16,2,64,7.865444058552384e-05,6.676348129985854e-05,0.0054591144435107,0.0053821029141545,0.999530017375946,0.9995903372764589,402,1533,110.92,0.0343266123905777,0.0327102653682231,0.0340613685548305
1,rnn,layers_3,henon_1000,4,0.001,,8,16,4,64,0.0668321177363395,0.0563982166349887,0.2138739824295044,0.1919094324111938,0.4343363642692566,0.5459216833114624,402,638,45.99,0.0695191327482462,0.0688113942742347,0.0696569979190826
1,rnn,layers_1,henon_1000,4,0.001,,16,4,1,64,6.710134584864136e-06,4.503564923652448e-06,0.0015329791931435,0.0014669331721961,0.9999589920043944,0.999972403049469,354,1765,35.75,0.0286402694880962,0.0271232072263956,0.0290296133607625
1,rnn,layers_1,henon_1000,4,0.001,,16,4,2,64,2.670173489605077e-05,2.586784648883622e-05,0.003868747036904,0.0037855487316846,0.9998347163200378,0.9998382925987244,354,3342,67.25,0.0621947668492794,0.0601331628859043,0.0626751258969307
1,rnn,layers_1,henon_1000,4,0.001,,16,4,4,64,0.0256323032081127,0.0206826142966747,0.1103163212537765,0.100022092461586,0.8257251977920532,0.8609623908996582,354,6869,136.98,0.0701305896043777,0.069811888039112,0.0724599137902259
1,rnn,layers_1,henon_1000,4,0.001,,16,8,1,64,6.356186077027815e-06,5.572719146584859e-06,0.0016860612668097,0.001635699532926,0.9999605417251588,0.9999651312828064,354,1731,56.19,0.0280002627521753,0.0269946958869695,0.0282749217003583
1,rnn,layers_1,henon_1000,4,0.001,,16,8,2,64,0.0003858341078739,0.0004242503491695,0.0130209913477301,0.0128289517015218,0.9976202845573424,0.9973514080047609,354,3585,87.37,0.0609972741454839,0.0599418841302394,0.062432013452053
1,rnn,layers_1,henon_1000,4,0.001,,16,8,4,64,0.05910399928689,0.0519109778106212,0.1912611126899719,0.1802672445774078,0.5541672706604004,0.6002197861671448,354,3371,83.32,0.069709587842226,0.0705378502607345,0.0733421295881271
1,rnn,layers_1,henon_1000,4,0.001,,16,16,1,64,7.014494713075692e-06,5.776711532234913e-06,0.0017765518277883,0.0016967880073934,0.9999580979347228,0.9999648928642272,354,1752,74.72,0.0288973096758127,0.0280809327960014,0.028757894411683
1,rnn,layers_1,henon_1000,4,0.001,,16,16,2,64,0.0002337279147468,0.0001757529389578,0.0109618278220295,0.0093687269836664,0.9985837936401368,0.9989103078842164,354,2955,96.63,0.0623832460492849,0.0616235211491584,0.0633301734924316
1,rnn,layers_1,henon_1000,4,0.001,,16,16,4,64,0.0646867379546165,0.0644578263163566,0.2100578546524047,0.2097037732601165,0.4434173703193664,0.4436963200569153,354,647,21.87,0.0714233878999948,0.0707935541868209,0.0722674280405044
1,rnn,layers_2,henon_1000,4,0.001,,16,4,1,64,4.849854576605139e-06,4.891931439487962e-06,0.0015626192325726,0.0016093526501208,0.9999699592590332,0.9999697804450988,898,975,28.67,0.0063955486519262,0.006286677904427,0.0069920141249895
1,rnn,layers_2,henon_1000,4,0.001,,16,4,2,64,3.46097003784962e-05,3.5707973438547924e-05,0.0042441668920218,0.0044226860627532,0.9997860193252563,0.9997797608375548,898,1748,53.26,0.0377744503319263,0.0363698787987232,0.0395297706127166
1,rnn,layers_2,henon_1000,4,0.001,,16,4,4,64,0.0023905623238533,0.0021718079224228,0.0320526957511901,0.0323112085461616,0.9850484132766724,0.9863111972808838,898,3155,91.35,0.0696481250226497,0.0694319307804107,0.0719393789768219
1,rnn,layers_2,henon_1000,4,0.001,,16,8,1,64,3.222029818061856e-06,2.9727889341302216e-06,0.001397032290697,0.0013861472252756,0.9999834299087524,0.999983847141266,898,1290,49.1,0.0059984169434756,0.0064060441218316,0.0070961397141218
1,rnn,layers_2,henon_1000,4,0.001,,16,8,2,64,7.829860260244459e-05,7.934480527183041e-05,0.005918001756072,0.0059889517724514,0.9995197653770448,0.9995138049125672,898,2063,77.32,0.0453473579138517,0.0435105338692665,0.0471044704318046
1,rnn,layers_2,henon_1000,4,0.001,,16,8,4,64,0.0362573862075805,0.028130093589425,0.1324020475149154,0.1138294860720634,0.7542062997817993,0.8095272779464722,898,1921,72.43,0.0688227940350771,0.06941519677639,0.0725864842534065
1,rnn,layers_2,henon_1000,4,0.001,,16,16,1,64,3.5046791708737146e-06,3.3092576359194936e-06,0.001451174612157,0.0014395563630387,0.9999784231185912,0.9999794960021972,898,1233,65.26,0.0065384327899664,0.0066787675023078,0.0074736890383064
1,rnn,layers_2,henon_1000,4,0.001,,16,16,2,64,5.040208634454757e-05,5.29594617546536e-05,0.0050213541835546,0.0051216324791312,0.999688982963562,0.9996709227561952,898,2285,127.18,0.0476812358945608,0.0480176396667957,0.0503108985722065
1,rnn,layers_2,henon_1000,4,0.001,,16,16,4,64,0.0640362948179245,0.0608160123229026,0.2068492770195007,0.2065446078777313,0.4567156434059143,0.4935174286365509,898,557,30.7,0.0703481674194335,0.0693120434880256,0.0705544352531433
1,rnn,layers_3,henon_1000,4,0.001,,16,4,1,64,5.317939667293103e-06,5.055208475823747e-06,0.0017895647324621,0.00176234357059,0.9999681115150452,0.9999695420265198,1442,640,24.86,0.0002981509300298,0.0002754060551524,0.0003008465573657
1,rnn,layers_3,henon_1000,4,0.001,,16,4,2,64,1.2035576219204812e-05,1.14548647616175e-05,0.0024421685375273,0.0024531919043511,0.9999284148216248,0.9999315142631532,1442,1070,41.1,0.0203183179721236,0.0199984684586524,0.0220970194786787
1,rnn,layers_3,henon_1000,4,0.001,,16,4,4,64,0.0009721143287606,0.0009343470446765,0.0170995183289051,0.0180795565247535,0.9939766526222228,0.9941273331642152,1442,2420,93.03,0.0684138536453247,0.0683340057730674,0.0708381980657577
1,rnn,layers_3,henon_1000,4,0.001,,16,8,1,64,4.73873615192133e-06,4.516019544098526e-06,0.0015589981339871,0.001542038982734,0.9999739527702332,0.9999743700027466,1442,633,32.28,0.0003212152296327,0.0003502214967738,0.0003764203283935
1,rnn,layers_3,henon_1000,4,0.001,,16,8,2,64,1.6135631085489877e-05,1.4117934370005967e-05,0.0028669673483818,0.0027484740130603,0.9999004602432252,0.999912977218628,1442,1234,62.38,0.0195443188771605,0.018893776461482,0.0220485720783472
1,rnn,layers_3,henon_1000,4,0.001,,16,8,4,64,0.0174030736088752,0.0059974435716867,0.0669236481189727,0.0479785837233066,0.895721971988678,0.9621036052703856,1442,2589,131.53,0.0674791630357503,0.0686193779110908,0.0720769390463829
1,rnn,layers_3,henon_1000,4,0.001,,16,16,1,64,4.969465862814104e-06,4.717119281849591e-06,0.0016392045654356,0.001574779395014,0.9999695420265198,0.99997079372406,1442,611,47.15,0.0003903723321855,0.0003541161131579,0.0003814621304627
1,rnn,layers_3,henon_1000,4,0.001,,16,16,2,64,2.376474731136113e-05,1.8788039596984163e-05,0.0037473745178431,0.0034618405625224,0.9998598098754884,0.999893069267273,1442,1344,105.43,0.0228433115407824,0.0220490917563438,0.025990180671215
1,rnn,layers_3,henon_1000,4,0.001,,16,16,4,64,0.0631516501307487,0.0627567842602729,0.207054853439331,0.2094279825687408,0.4621421992778778,0.4633477628231048,1442,400,30.29,0.0686067134141922,0.0674955323338508,0.0691500976681709
1,rnn,layers_1,henon_1000,4,0.001,,32,4,1,64,2.1578687665169127e-05,1.5540330423391424e-05,0.0029473816975951,0.0027004815638065,0.9998664855957032,0.9999049305915833,1218,1354,28.33,0.0255468092858791,0.0238303374499082,0.0259523075073957
1,rnn,layers_1,henon_1000,4,0.001,,32,4,2,64,0.0002684479695744,0.0002483199932612,0.0102931186556816,0.0097763426601886,0.9983451962471008,0.9984432458877563,1218,2049,43.58,0.0575911127030849,0.0559718869626522,0.0586808174848556
1,rnn,layers_1,henon_1000,4,0.001,,32,4,4,64,0.0057994239032268,0.0044204974547028,0.0499658249318599,0.0440631844103336,0.963883101940155,0.9719953536987304,1218,5089,138.37,0.0701630599796772,0.0698623582720756,0.0724985599517822
1,rnn,layers_1,henon_1000,4,0.001,,32,8,1,64,1.2277455425646622e-05,1.099932433135109e-05,0.0025116479955613,0.0024052846711128,0.9999270439147948,0.999935269355774,1218,1290,34.5,0.0237798662856221,0.0225799195468425,0.0242735520005226
1,rnn,layers_1,henon_1000,4,0.001,,32,8,2,64,0.001673154416494,0.0005306698731146,0.0175791606307029,0.0143273575231432,0.989873230457306,0.9967133402824402,1218,3317,85.62,0.0598741438239812,0.0583168379962444,0.0623582862317562
1,rnn,layers_1,henon_1000,4,0.001,,32,8,4,64,0.0692527890205383,0.0623314343392849,0.2179347723722458,0.2048898190259933,0.4074224829673767,0.4761090576648712,1218,682,17.95,0.069396287202835,0.070113755762577,0.0734103247523307
1,rnn,layers_1,henon_1000,4,0.001,,32,16,1,64,1.318720114795724e-05,9.429088095203042e-06,0.0025322050787508,0.0021785136777907,0.999924898147583,0.999948501586914,1218,1344,48.32,0.0244109742343425,0.0232463721185922,0.0240478403866291
1,rnn,layers_1,henon_1000,4,0.001,,32,16,2,64,0.0004148878215346,0.0002081168786389,0.0135095119476318,0.0101876659318804,0.9974763989448548,0.9987457990646362,1218,3413,122.03,0.0596553701907396,0.0610759630799293,0.0633565932512283
1,rnn,layers_1,henon_1000,4,0.001,,32,16,4,64,0.0699691399931907,0.0658935010433197,0.2194994390010833,0.2139484584331512,0.3673449456691742,0.4214081466197967,1218,433,15.33,0.0704885307699441,0.0698264092206955,0.0710987672209739
1,rnn,layers_2,henon_1000,4,0.001,,32,4,1,64,3.611663942137966e-06,3.2055058909463696e-06,0.0013998999493196,0.0014015142805874,0.9999805092811584,0.9999820590019226,3330,667,20.73,0.0073147589806467,0.0072818091139197,0.008233287371695
1,rnn,layers_2,henon_1000,4,0.001,,32,4,2,64,3.7999121559550986e-05,3.743998604477383e-05,0.0046147741377353,0.0046074548736214,0.9997647404670716,0.999767541885376,3330,1197,36.64,0.0371167924255132,0.0352220311760902,0.0375189296901226
1,rnn,layers_2,henon_1000,4,0.001,,32,4,4,64,0.0010369489900767,0.0006762637058272,0.0188952554017305,0.0180135034024715,0.9935534000396729,0.9958223700523376,3330,2829,116.82,0.0700698219239711,0.0697446316480636,0.072333425283432
1,rnn,layers_2,henon_1000,4,0.001,,32,8,1,64,8.061755579547025e-06,7.065774298098404e-06,0.0019266044255346,0.0018751290626823,0.999952793121338,0.9999578595161438,3330,758,30.45,0.0075769774615764,0.0077858190052211,0.0086514819413423
1,rnn,layers_2,henon_1000,4,0.001,,32,8,2,64,2.2859041564515792e-05,2.4298020434798676e-05,0.0034157470799982,0.0034203238319605,0.9998593926429749,0.9998484253883362,3330,1494,60.59,0.0412964824587106,0.0401379279792308,0.0464770682156086
1,rnn,layers_2,henon_1000,4,0.001,,32,8,4,64,0.0443140342831611,0.0407521650195121,0.1513937264680862,0.1459736377000808,0.7010425329208374,0.7150288820266724,3330,1164,47.67,0.0691699057817459,0.0692901164293289,0.0726053640246391
1,rnn,layers_2,henon_1000,4,0.001,,32,16,1,64,7.077013378875563e-06,6.732391284458572e-06,0.001934669795446,0.0019527804106473,0.9999575018882751,0.9999600648880004,3330,671,40.59,0.0080182175152003,0.0081331310793757,0.0092522269114851
1,rnn,layers_2,henon_1000,4,0.001,,32,16,2,64,3.623344673542306e-05,2.994393071276136e-05,0.0041044470854103,0.0038130432367324,0.999777376651764,0.9998166561126708,3330,1307,81.72,0.0452429864555597,0.0438876673579216,0.0482407808303833
1,rnn,layers_2,henon_1000,4,0.001,,32,16,4,64,0.0654045641422271,0.0644285455346107,0.2087778896093368,0.2104871869087219,0.4353186786174774,0.444555252790451,3330,2485,149.52,0.0700205668807029,0.0687417685985565,0.0703576952219009
1,rnn,layers_3,henon_1000,4,0.001,,32,4,1,64,4.0737595554674044e-06,3.7153683933865977e-06,0.0014406838454306,0.0014114989899098,0.9999749064445496,0.9999766945838928,5442,529,28.89,0.0002598583043436,0.0002701075864024,0.0002795355394482
1,rnn,layers_3,henon_1000,4,0.001,,32,4,2,64,2.220840542577207e-05,2.0937182853231207e-05,0.0036760454531759,0.003507116343826,0.9998739361763,0.9998788237571716,5442,809,33.46,0.0147756936959922,0.0151167633011937,0.0162341557443141
1,rnn,layers_3,henon_1000,4,0.001,,32,4,4,64,0.0002803505340125,0.0002645363856572,0.0096270339563488,0.009661404415965,0.998302161693573,0.9983790516853333,5442,1942,81.81,0.0673059273511171,0.0670128241181373,0.0694951266050338
1,rnn,layers_3,henon_1000,4,0.001,,32,8,1,64,6.68783195578726e-06,6.196793947310653e-06,0.001921814167872,0.0018895586254075,0.9999591708183287,0.99996155500412,5442,602,33.61,0.000283793710696,0.000264437199803,0.0003003320016432
1,rnn,layers_3,henon_1000,4,0.001,,32,8,2,64,2.3795795641490255e-05,2.1361527615226805e-05,0.0033944766037166,0.0033577219583094,0.9998579621315002,0.9998735189437866,5442,906,50.61,0.0138010937720537,0.0148154608905315,0.0155802797526121
1,rnn,layers_3,henon_1000,4,0.001,,32,8,4,64,0.0221475586295127,0.0192574355751276,0.0868400782346725,0.0843210667371749,0.8685533404350281,0.8736318945884705,5442,1248,69.28,0.066399310529232,0.0660714730620384,0.0695497542619705
1,rnn,layers_3,henon_1000,4,0.001,,32,16,1,64,5.919303021073574e-06,5.656921075569699e-06,0.0018077335553243,0.0018249644199386,0.99996417760849,0.9999654293060304,5442,557,48.69,0.00035674724204,0.0003410721255932,0.00040168382111
1,rnn,layers_3,henon_1000,4,0.001,,32,16,2,64,1.9957540644099936e-05,2.104565646732226e-05,0.0030852346681058,0.0031813625246286,0.9998785257339478,0.9998700618743896,5442,799,69.12,0.0145709154196083,0.0157609768211841,0.0163075122982263
1,rnn,layers_3,henon_1000,4,0.001,,32,16,4,64,0.0700600519776344,0.0617176741361618,0.2191265970468521,0.2039513885974884,0.3717643916606903,0.4840359091758728,5442,1404,121.81,0.0692117590457201,0.0675992742180824,0.0694755092263221
1,rnn,layers_1,henon_1000,5,0.001,,8,4,1,64,5.762378805229673e-06,5.516452347364975e-06,0.0018290034495294,0.0018107964424416,0.9999642968177797,0.9999660849571228,114,2648,53.42,0.0263225138187408,0.0253145806491374,0.0272183567285537
1,rnn,layers_1,henon_1000,5,0.001,,8,4,2,64,0.0003617250768002,0.0003351390478201,0.0140205435454845,0.0134529639035463,0.9977562427520752,0.9979021549224854,114,5802,116.81,0.0617518864572048,0.0600784718990325,0.0622980892658233
1,rnn,layers_1,henon_1000,5,0.001,,8,4,4,64,0.0534945726394653,0.0482535883784294,0.1889005154371261,0.1797515004873275,0.5791245698928833,0.6285726428031921,114,6591,135.39,0.0713069338351488,0.0712967738509178,0.0733287781476974
1,rnn,layers_1,henon_1000,5,0.001,,8,8,1,64,2.547857320678304e-06,2.4718858639971586e-06,0.0010860053589567,0.0010852869600057,0.9999843835830688,0.9999847412109376,114,1904,46.83,0.0303962400183081,0.028260538354516,0.0297938641160726
1,rnn,layers_1,henon_1000,5,0.001,,8,8,2,64,0.0002893610217142,0.0002543417504057,0.0130741251632571,0.012320389971137,0.9982934594154358,0.9984232187271118,114,5283,168.48,0.0671289857476949,0.0628378540277481,0.0653523057699203
1,rnn,layers_1,henon_1000,5,0.001,,8,8,4,64,0.0649797469377517,0.0570887997746467,0.2094352841377258,0.1964223384857177,0.4560417532920837,0.5357703566551208,114,2264,53.45,0.0729782551527023,0.0727293044328689,0.0744515508413314
1,rnn,layers_1,henon_1000,5,0.001,,8,16,1,64,2.108794433297589e-06,2.017811766563682e-06,0.0010429350659251,0.0010211975313723,0.999987006187439,0.9999877214431764,114,1912,61.84,0.031238062120974,0.0292084012180566,0.0304534472525119
1,rnn,layers_1,henon_1000,5,0.001,,8,16,2,64,0.0001671310892561,0.0001439373736502,0.0093658892437815,0.0090339910238981,0.9990207552909852,0.9991049766540528,114,5319,172.83,0.0656539909541606,0.063129223883152,0.0650998875498771
1,rnn,layers_1,henon_1000,5,0.001,,8,16,4,64,0.0658080801367759,0.0620912872254848,0.2119233608245849,0.2076846957206726,0.4267753958702087,0.4726091921329498,114,1545,48.98,0.0760741870850324,0.0730484277009964,0.0739140287041664
1,rnn,layers_2,henon_1000,5,0.001,,8,4,1,64,3.1312422379414784e-06,3.315959475003183e-06,0.0013448297977447,0.0014167733024805,0.9999811053276062,0.9999802112579346,258,1673,47.82,0.0132222265936434,0.0128236394375562,0.0143027063459157
1,rnn,layers_2,henon_1000,5,0.001,,8,4,2,64,6.757240771548823e-05,6.9431982410606e-05,0.0059723951853811,0.0061246259137988,0.9995829463005066,0.9995654821395874,258,3463,98.66,0.058454093709588,0.0568515844643116,0.0593455247581005
1,rnn,layers_2,henon_1000,5,0.001,,8,4,4,64,0.0307013541460037,0.0254913121461868,0.1278439164161682,0.1189386993646621,0.7871915698051453,0.824891209602356,258,4635,133.01,0.071511086076498,0.0717840790748596,0.0739269331097602
1,rnn,layers_2,henon_1000,5,0.001,,8,8,1,64,2.470831304890453e-06,2.405930217719288e-06,0.0011998473200947,0.001193766365759,0.9999850988388062,0.9999858736991882,258,1502,55.74,0.0181398528628051,0.01728330925107,0.0181465409696102
1,rnn,layers_2,henon_1000,5,0.001,,8,8,2,64,0.0001199521357193,0.0001096222549676,0.0084599191322922,0.0082292091101408,0.9992573261260986,0.999314546585083,258,1961,70.57,0.059081707894802,0.0560394152998924,0.0591819658875465
1,rnn,layers_2,henon_1000,5,0.001,,8,8,4,64,0.0248477272689342,0.0229587256908416,0.1165618672966957,0.1129938215017318,0.8352810740470886,0.8450196981430054,258,4819,173.49,0.0718089908361434,0.0724614262580871,0.0744266882538795
1,rnn,layers_2,henon_1000,5,0.001,,8,16,1,64,3.0414767024922185e-06,2.732560460572131e-06,0.0012895808322355,0.0012200803030282,0.9999812841415404,0.9999830722808838,258,1487,77.28,0.01883922573179,0.0186139754951,0.0201754178851842
1,rnn,layers_2,henon_1000,5,0.001,,8,16,2,64,7.1014350396581e-05,6.74006951157935e-05,0.0066245584748685,0.0065074427984654,0.9995605945587158,0.999582052230835,258,2266,120.7,0.0580074522644281,0.0565996952354908,0.0590382404625415
1,rnn,layers_2,henon_1000,5,0.001,,8,16,4,64,0.0680585727095604,0.0530133843421936,0.2142336368560791,0.1861513704061508,0.4629483819007873,0.5860351920127869,258,1525,82.12,0.0745066378265619,0.0717084780335426,0.07239930331707
1,rnn,layers_3,henon_1000,5,0.001,,8,4,1,64,6.941557785467012e-06,7.1201325226866174e-06,0.002037176862359,0.0020915388595312,0.9999569654464722,0.9999555349349976,402,1320,48.46,0.0166229122318327,0.0161448307335376,0.0177203770726919
1,rnn,layers_3,henon_1000,5,0.001,,8,4,2,64,0.0003249827132094,0.0002802165690809,0.0105879865586757,0.0102156465873122,0.9979842901229858,0.9982437491416932,402,1866,69.17,0.0525497823953628,0.0511381067335605,0.0542638301849365
1,rnn,layers_3,henon_1000,5,0.001,,8,4,4,64,0.0037593664601445,0.0026558791287243,0.0381507575511932,0.034626368433237,0.9768381118774414,0.9832956790924072,402,4694,172.94,0.0707586161792278,0.0706308260560035,0.0728475749492645
1,rnn,layers_3,henon_1000,5,0.001,,8,8,1,64,7.415595064230729e-06,7.054090019664727e-06,0.0019851226825267,0.0019447886152192,0.9999549984931946,0.9999578595161438,402,1330,65.62,0.0200237089768052,0.0190177094191312,0.0208031758666038
1,rnn,layers_3,henon_1000,5,0.001,,8,8,2,64,0.0001333223481196,0.0001139670712291,0.0073212548159062,0.0070204809308052,0.9992282390594482,0.9993016123771667,402,1713,83.64,0.0561623241752386,0.0523012578487396,0.0552218072116375
1,rnn,layers_3,henon_1000,5,0.001,,8,8,4,64,0.0329959504306316,0.0160217359662055,0.0995362773537635,0.0810146257281303,0.7959953546524048,0.8948426246643066,402,4933,232.04,0.0714509151875972,0.0718619599938392,0.0737035647034645
1,rnn,layers_3,henon_1000,5,0.001,,8,16,1,64,9.632598448661156e-06,9.439321729587393e-06,0.0024220610503107,0.0023991377092897,0.9999446868896484,0.9999477863311768,402,1169,83.31,0.0206003993749618,0.0200178511440753,0.0210592355579137
1,rnn,layers_3,henon_1000,5,0.001,,8,16,2,64,0.0001439710904378,0.0001156027356046,0.007060803938657,0.0067196167074143,0.9991168975830078,0.999282717704773,402,1593,113.19,0.056834527105093,0.0546146854758262,0.0567733943462371
1,rnn,layers_3,henon_1000,5,0.001,,8,16,4,64,0.0579970814287662,0.0508224703371524,0.1951708942651748,0.1799139529466629,0.5369426608085632,0.6052298545837402,402,1195,84.66,0.0761846415698528,0.0732346475124359,0.0738918185234069
1,rnn,layers_1,henon_1000,5,0.001,,16,4,1,64,3.955872671213001e-06,2.906977670136257e-06,0.0013543597888201,0.001277606934309,0.9999766945838928,0.999983251094818,354,1856,48.42,0.0263439781963825,0.0255555696785449,0.0274696368724107
1,rnn,layers_1,henon_1000,5,0.001,,16,4,2,64,0.000267929630354,0.0002295962476637,0.0091212810948491,0.0088523412123322,0.998340666294098,0.998564839363098,354,3671,73.87,0.0612040650099515,0.0599548891186714,0.0626473873853683
1,rnn,layers_1,henon_1000,5,0.001,,16,4,4,64,0.0155150461941957,0.0133406082168221,0.0872740820050239,0.0847847685217857,0.8985435366630554,0.9127523899078368,354,9837,201.51,0.0697417229413986,0.070018358528614,0.0726332515478134
1,rnn,layers_1,henon_1000,5,0.001,,16,8,1,64,1.0499931704543997e-05,8.825628356134985e-06,0.0023044080007821,0.0022230395115911,0.9999351501464844,0.9999452829360962,354,1490,36.87,0.0280778935179114,0.0266367010772228,0.0285081136971712
1,rnn,layers_1,henon_1000,5,0.001,,16,8,2,64,0.0003503555781207,0.000318963342579,0.0134015344083309,0.0129389846697449,0.9978505969047546,0.9980129599571228,354,3126,78.35,0.0611850604414939,0.0595045462250709,0.0624041780829429
1,rnn,layers_1,henon_1000,5,0.001,,16,8,4,64,0.0682966411113739,0.061772558838129,0.2139748632907867,0.2012546211481094,0.4210937023162842,0.4832243025302887,354,910,23.04,0.0691065669059753,0.0697155967354774,0.0723988339304924
1,rnn,layers_1,henon_1000,5,0.001,,16,16,1,64,1.4430334886128549e-05,1.1536028068803716e-05,0.0025679285172373,0.0023705733474344,0.9999117255210876,0.9999290704727172,354,1486,49.09,0.0276967005804181,0.0273184515535831,0.0283836983144283
1,rnn,layers_1,henon_1000,5,0.001,,16,16,2,64,0.0002101205172948,0.0001923475501826,0.0107984654605388,0.0104402704164385,0.998721718788147,0.9988035559654236,354,3742,121.88,0.0600544929504394,0.0610629245638847,0.0632909312844276
1,rnn,layers_1,henon_1000,5,0.001,,16,16,4,64,0.0661535784602165,0.061164554208517,0.2136856168508529,0.2077211588621139,0.4310498237609863,0.488277405500412,354,696,23.69,0.070890287309885,0.0692763030529022,0.0697808563709259
1,rnn,layers_2,henon_1000,5,0.001,,16,4,1,64,3.950898644689005e-06,4.113769136893097e-06,0.0013872530544176,0.0014386631082743,0.9999761581420898,0.9999752640724182,898,1087,31.67,0.0039910714374855,0.0040821656584739,0.0045270114205777
1,rnn,layers_2,henon_1000,5,0.001,,16,4,2,64,2.9189430279075168e-05,2.5733317670528777e-05,0.0040218941867351,0.0038848035037517,0.9998236894607544,0.999843955039978,898,1582,48.17,0.0385795436799526,0.0376054756343364,0.0400970801711082
1,rnn,layers_2,henon_1000,5,0.001,,16,4,4,64,0.0010439339093863,0.0009361649281345,0.0193561315536499,0.0193244889378547,0.9935163855552672,0.9941302537918092,898,3362,99.9,0.0692682791501283,0.0696333274245262,0.0722633153200149
1,rnn,layers_2,henon_1000,5,0.001,,16,8,1,64,3.089364554398344e-06,2.755964032985503e-06,0.0013863652711734,0.0013654391514137,0.99998140335083,0.9999834299087524,898,1327,49.42,0.0043849082896485,0.004614086356014,0.005103335250169
1,rnn,layers_2,henon_1000,5,0.001,,16,8,2,64,2.2683005227008834e-05,2.005694841500372e-05,0.0031570580322295,0.003171291667968,0.999862253665924,0.999877393245697,898,1835,73.38,0.0380166128277778,0.0370935946702957,0.041456002742052
1,rnn,layers_2,henon_1000,5,0.001,,16,8,4,64,0.0644210204482078,0.0565256550908088,0.2084709256887436,0.194089651107788,0.4635419845581054,0.5429302453994751,898,631,23.59,0.0678621999919414,0.0683869123458862,0.0718938410282135
1,rnn,layers_2,henon_1000,5,0.001,,16,16,1,64,5.963694547972409e-06,6.748942723788787e-06,0.0018107932992279,0.0018982134060934,0.9999658465385436,0.9999610185623168,898,939,69.9,0.0048646599985659,0.0046521481126546,0.0051482189446687
1,rnn,layers_2,henon_1000,5,0.001,,16,16,2,64,1.8835124137694947e-05,1.6388905351050198e-05,0.0031145357061177,0.0030146108474582,0.9998835325241088,0.999898076057434,898,1944,103.35,0.0382493790239095,0.0382237061858177,0.0413118079304695
1,rnn,layers_2,henon_1000,5,0.001,,16,16,4,64,0.067579798400402,0.0583011321723461,0.2148800492286682,0.2008345872163772,0.4413204193115234,0.5278181433677673,898,583,31.27,0.0696368101984262,0.0690356492996215,0.0705894157290458
1,rnn,layers_3,henon_1000,5,0.001,,16,4,1,64,2.195211891375948e-06,2.1042908429080853e-06,0.0011319775367155,0.0011215530103072,0.999986469745636,0.9999869465827942,1442,760,28.46,0.0008527294092345,0.0009118784801103,0.0009032046073116
1,rnn,layers_3,henon_1000,5,0.001,,16,4,2,64,1.8070602891384624e-05,1.634138243389316e-05,0.0030596228316426,0.0029870858415961,0.999889314174652,0.9998984336853028,1442,1041,45.81,0.014637258183211,0.0148481279611587,0.0163369067013263
1,rnn,layers_3,henon_1000,5,0.001,,16,4,4,64,0.0005713274586014,0.0005791693693026,0.0144628379493951,0.0153833944350481,0.996446967124939,0.9963643550872804,1442,2096,93.4,0.0637765932828187,0.0646300017833709,0.0682320669293403
1,rnn,layers_3,henon_1000,5,0.001,,16,8,1,64,1.912562765937764e-06,2.163893441320397e-06,0.0010684357257559,0.00115267932415,0.9999885559082032,0.9999869465827942,1442,846,44.44,0.0009764621208887,0.0009819227270781,0.0010119619546458
1,rnn,layers_3,henon_1000,5,0.001,,16,8,2,64,1.632605562917888e-05,1.5970574168022722e-05,0.0029796126764267,0.0029800052288919,0.9999000430107116,0.9999001622200012,1442,1064,53.9,0.0154894048348069,0.0144446482881903,0.0158128961920738
1,rnn,layers_3,henon_1000,5,0.001,,16,8,4,64,0.0125208273530006,0.0037569475825875,0.0512477234005928,0.0346723459661006,0.9244382381439208,0.9763327240943908,1442,3276,169.69,0.0655569553375244,0.0660558193922042,0.0699108019471168
1,rnn,layers_3,henon_1000,5,0.001,,16,16,1,64,2.2576195988222025e-06,2.2911629002919653e-06,0.0011285449145361,0.001167579786852,0.9999864101409912,0.9999860525131226,1442,823,61.52,0.0010990714654326,0.0010811312822625,0.0011168189812451
1,rnn,layers_3,henon_1000,5,0.001,,16,16,2,64,1.3438050700642634e-05,1.3705268429475836e-05,0.0026331294793635,0.0027358673978596,0.999919056892395,0.9999165534973145,1442,1067,79.81,0.0145091688260436,0.0147082461044192,0.0157839301973581
1,rnn,layers_3,henon_1000,5,0.001,,16,16,4,64,0.0334011130034923,0.0312772803008556,0.1366398483514785,0.1305364519357681,0.7747955918312073,0.7845978736877441,1442,919,70.61,0.0662041664123535,0.0662058666348457,0.067838042974472
1,rnn,layers_1,henon_1000,5,0.001,,32,4,1,64,1.5193128092505503e-05,1.1017924407497048e-05,0.0025980824138969,0.0024303812533617,0.9999080896377563,0.9999330043792723,1218,1758,36.45,0.0285645732656121,0.0277456659823656,0.0296415388584136
1,rnn,layers_1,henon_1000,5,0.001,,32,4,2,64,0.0002315840392839,0.0002201287570642,0.0098186573013663,0.0098544852808117,0.9985601902008056,0.9986200332641602,1218,2236,47.23,0.0610947161912918,0.0594952218234539,0.0620254054665565
1,rnn,layers_1,henon_1000,5,0.001,,32,4,4,64,0.0222981534898281,0.0166361648589372,0.0946216508746147,0.0828201025724411,0.8501924872398376,0.8896393179893494,1218,5918,124.19,0.0695016175508499,0.0700267627835273,0.0726343020796775
1,rnn,layers_1,henon_1000,5,0.001,,32,8,1,64,8.233462722273543e-06,7.1453901000495534e-06,0.0021255647297948,0.0020598706323653,0.9999500513076782,0.9999556541442872,1218,1659,43.53,0.0284355795010924,0.0273506976664066,0.0287760943174362
1,rnn,layers_1,henon_1000,5,0.001,,32,8,2,64,6.816283712396398e-05,7.332601671805605e-05,0.0056132609024643,0.0056930906139314,0.9995912313461304,0.9995431900024414,1218,3251,84.49,0.0595982126891613,0.0578369237482547,0.0612293891608715
1,rnn,layers_1,henon_1000,5,0.001,,32,8,4,64,0.0676150768995285,0.0621155425906181,0.2156589776277542,0.2040994465351104,0.4239373505115509,0.4776985943317413,1218,619,16.04,0.0691287100315094,0.0693752467632293,0.0719693899154663
1,rnn,layers_1,henon_1000,5,0.001,,32,16,1,64,9.944727025867904e-06,1.0020917216024827e-05,0.0022906807716935,0.0022854008711874,0.99993896484375,0.9999387264251708,1218,1740,62.11,0.027769005484879,0.0295350346714258,0.0300500504672527
1,rnn,layers_1,henon_1000,5,0.001,,32,16,2,64,0.0006732132169418,0.0005083138239569,0.0154692353680729,0.0142555106431245,0.995973527431488,0.9968380928039552,1218,2035,72.52,0.0577331770211458,0.0570158064365386,0.0585096776485443
1,rnn,layers_1,henon_1000,5,0.001,,32,16,4,64,0.0650771558284759,0.0629677027463913,0.2125402241945266,0.2113289088010788,0.4358223676681518,0.4604479670524597,1218,449,16.03,0.0705139998346567,0.0691433995962143,0.0696888715028762
1,rnn,layers_2,henon_1000,5,0.001,,32,4,1,64,3.933752395823831e-06,3.607701955843368e-06,0.0014976849779486,0.0014719067839905,0.9999776482582092,0.999979853630066,3330,642,19.62,0.0036647749599069,0.0039777988567948,0.0044809994287788
1,rnn,layers_2,henon_1000,5,0.001,,32,4,2,64,2.8774920792784545e-05,2.3983327992027625e-05,0.003687305143103,0.0034691344480961,0.9998230934143066,0.9998508095741272,3330,1116,45.32,0.035815055295825,0.0348794870078563,0.0373019278049469
1,rnn,layers_2,henon_1000,5,0.001,,32,4,4,64,0.0008026153082028,0.0007594472845084,0.0171640794724226,0.0176764912903308,0.9950602650642396,0.995329976081848,3330,2019,61.72,0.0684381499886512,0.0686490386724472,0.0713266655802726
1,rnn,layers_2,henon_1000,5,0.001,,32,8,1,64,6.11605810263427e-06,5.3426242629939225e-06,0.0017245629569515,0.0016714535886421,0.9999631643295288,0.9999673366546632,3330,741,30.2,0.0031098029576241,0.0034634200856089,0.003606520127505
1,rnn,layers_2,henon_1000,5,0.001,,32,8,2,64,5.231264003668912e-05,4.733551759272814e-05,0.0045266691595315,0.004599624313414,0.999680995941162,0.9997094869613647,3330,1080,43.65,0.0297772420570254,0.028699355199933,0.031947087496519
1,rnn,layers_2,henon_1000,5,0.001,,32,8,4,64,0.051780816167593,0.0409110933542251,0.1466616243124008,0.1397690773010254,0.6777527332305908,0.7260363101959229,3330,1059,42.44,0.0683915067464113,0.0685886889696121,0.0718721896409988
1,rnn,layers_2,henon_1000,5,0.001,,32,16,1,64,7.072413609421346e-06,7.357929462159518e-06,0.0019181547686457,0.0020420954097062,0.9999639987945556,0.9999643564224244,3330,724,44.42,0.0038291395758278,0.0038387712556868,0.0039572194218635
1,rnn,layers_2,henon_1000,5,0.001,,32,16,2,64,6.42831000732258e-05,5.950064587523229e-05,0.0053073335438966,0.0052296286448836,0.9996159672737122,0.9996333122253418,3330,999,82.89,0.0285653667524456,0.0281425062566995,0.031572587788105
1,rnn,layers_2,henon_1000,5,0.001,,32,16,4,64,0.0661418214440345,0.0635028406977653,0.2140316814184188,0.2121191620826721,0.4215556383132934,0.453839898109436,3330,2622,156.32,0.0694407772272825,0.0676193609833717,0.0688193812966346
1,rnn,layers_3,henon_1000,5,0.001,,32,4,1,64,2.471380184942973e-06,2.462755674059736e-06,0.0011734113795682,0.0011628606589511,0.999986469745636,0.9999864101409912,5442,534,21.43,0.0001785783795639,0.000162811440532,0.0001824828941607
1,rnn,layers_3,henon_1000,5,0.001,,32,4,2,64,3.914604894816876e-05,3.4111923014279455e-05,0.0045593283139169,0.0043083452619612,0.9997588396072388,0.9997871518135072,5442,788,32.11,0.0129301471635699,0.0129705891013145,0.0139850536361336
1,rnn,layers_3,henon_1000,5,0.001,,32,4,4,64,0.0005307961837388,0.0003739232197403,0.0151741718873381,0.0140095660462975,0.9967503547668456,0.9977148771286012,5442,1455,60.38,0.0661754950881004,0.0658967122435569,0.0693597942590713
1,rnn,layers_3,henon_1000,5,0.001,,32,8,1,64,4.412888301885687e-06,4.057750629726797e-06,0.001529847504571,0.0015199400950223,0.999974489212036,0.9999752044677734,5442,510,28.35,0.0002243305745651,0.0001896719186333,0.0002237803855678
1,rnn,layers_3,henon_1000,5,0.001,,32,8,2,64,3.058882793993689e-05,2.651501927175559e-05,0.0035188989713788,0.0036479134578257,0.999820113182068,0.9998373985290528,5442,956,52.47,0.0121196070220321,0.0109773343428969,0.0119073893874883
1,rnn,layers_3,henon_1000,5,0.001,,32,8,4,64,0.0227475017309188,0.0108399679884314,0.0805494934320449,0.0616715215146541,0.863569974899292,0.9301648139953612,5442,2930,159.51,0.0652609262615442,0.0648948848247528,0.069720059633255
1,rnn,layers_3,henon_1000,5,0.001,,32,16,1,64,4.2060828491230495e-06,4.473999979381915e-06,0.0015509682707488,0.0015977094881236,0.999976634979248,0.9999760389328004,5442,522,45.64,0.0002530041645513,0.0002353067102376,0.0002702512138057
1,rnn,layers_3,henon_1000,5,0.001,,32,16,2,64,2.5106159228016622e-05,2.1713449314120226e-05,0.0031508349347859,0.0031723000574856,0.999856412410736,0.9998729825019836,5442,949,80.8,0.0118558741174638,0.0120933363214135,0.0128561472520232
1,rnn,layers_3,henon_1000,5,0.001,,32,16,4,64,0.0640152692794799,0.0600469373166561,0.205536350607872,0.2007185220718383,0.4759855270385742,0.510974645614624,5442,1560,133.96,0.0654668144881725,0.0647882223129272,0.0683958008885383
1,rnn,layers_1,henon_1000,6,0.001,,8,4,1,64,3.983345777669456e-06,4.04318825530936e-06,0.0016122997039929,0.0016082286601886,0.9999765753746032,0.9999752640724182,114,2750,55.55,0.0274710783734917,0.0270892865955829,0.0291087925434112
1,rnn,layers_1,henon_1000,6,0.001,,8,4,2,64,0.0004577899817377,0.0004373989941086,0.0156964249908924,0.0158607326447963,0.997158408164978,0.9972612261772156,114,6555,131.7,0.0617190115153789,0.0607231594622135,0.0634016990661621
1,rnn,layers_1,henon_1000,6,0.001,,8,4,4,64,0.0498669221997261,0.0447386428713798,0.1806589663028717,0.1706137657165527,0.6185507774353027,0.6628577709197998,114,9272,183.04,0.070953669399023,0.0721927881240844,0.0744592994451522
1,rnn,layers_1,henon_1000,6,0.001,,8,8,1,64,2.8461033707571914e-06,2.843131824192824e-06,0.0012758639641106,0.0012930020457133,0.999982476234436,0.9999820590019226,114,1843,44.19,0.0272777257487177,0.0264873653650283,0.0279598385095596
1,rnn,layers_1,henon_1000,6,0.001,,8,8,2,64,7.528645073762164e-05,7.906086830189452e-05,0.007097681518644,0.0072355642914772,0.9995368719100952,0.999508023262024,114,4201,102.93,0.0622187711298465,0.0603615306317806,0.0627447888255119
1,rnn,layers_1,henon_1000,6,0.001,,8,8,4,64,0.0649524629116058,0.0589459724724292,0.2078075557947158,0.2012957781553268,0.4480303823947906,0.5122255682945251,114,1391,33.47,0.072908467054367,0.0731192007660865,0.0748179331421852
1,rnn,layers_1,henon_1000,6,0.001,,8,16,1,64,2.963119186460972e-06,2.7439527912065387e-06,0.0013124765828251,0.001274955808185,0.9999822974205016,0.9999831914901732,114,1881,59.77,0.0259071625769138,0.0269757062196731,0.0278387814760208
1,rnn,layers_1,henon_1000,6,0.001,,8,16,2,64,9.84031066764146e-05,0.0001008556428132,0.0067843054421246,0.006989115383476,0.9993937611579896,0.999373197555542,114,4004,127.68,0.0604231633245945,0.0611343719065189,0.0630116164684295
1,rnn,layers_1,henon_1000,6,0.001,,8,16,4,64,0.0692152231931686,0.065446637570858,0.2162908017635345,0.2134447544813156,0.3787728548049927,0.4260406494140625,114,989,31.15,0.074181067943573,0.0737175419926643,0.0745948851108551
1,rnn,layers_2,henon_1000,6,0.001,,8,4,1,64,4.800839633389842e-06,4.4660241655947175e-06,0.0017346912063658,0.0016532430890947,0.9999706149101256,0.9999725818634032,258,1288,36.86,0.0215466520749032,0.0210783947259187,0.0232083369046449
1,rnn,layers_2,henon_1000,6,0.001,,8,4,2,64,5.060125113232061e-05,5.171936936676502e-05,0.0053762514144182,0.0054730302654206,0.9996902942657472,0.9996785521507264,258,3367,98.11,0.0557223368436098,0.0550840236246585,0.0586009584367275
1,rnn,layers_2,henon_1000,6,0.001,,8,4,4,64,0.0238979719579219,0.0179606862366199,0.1156840026378631,0.0998919308185577,0.8393833041191101,0.8804387450218201,258,3857,109.29,0.0672126844525337,0.0695293843746185,0.0719112157821655
1,rnn,layers_2,henon_1000,6,0.001,,8,8,1,64,5.817366854898864e-06,5.823732408316573e-06,0.001865905476734,0.0019116528565064,0.9999639987945556,0.999963402748108,258,1057,38.5,0.0224004562944173,0.0217029210180044,0.0228781718760728
1,rnn,layers_2,henon_1000,6,0.001,,8,8,2,64,5.037285154685378e-05,5.1222319598309696e-05,0.0053907227702438,0.0055904905311763,0.9996904134750366,0.9996846318244934,258,3053,110.93,0.0543505780398845,0.054559152573347,0.057012315839529
1,rnn,layers_2,henon_1000,6,0.001,,8,8,4,64,0.0534317381680011,0.0474809966981411,0.1856030225753784,0.1706171333789825,0.5986958146095276,0.6376757621765137,258,1944,69.79,0.0679385676980018,0.0699033886194229,0.0720969960093498
1,rnn,layers_2,henon_1000,6,0.001,,8,16,1,64,4.375634034659015e-06,4.2108772504434455e-06,0.0016092995647341,0.0015862842556089,0.9999730587005616,0.9999739527702332,258,1509,108.49,0.0215604714117944,0.0225993804633617,0.0232333075255155
1,rnn,layers_2,henon_1000,6,0.001,,8,16,2,64,0.0001198172030854,9.922577737597749e-05,0.0072268308140337,0.0066800978966057,0.9992595314979552,0.999383807182312,258,2211,118.84,0.0520057328045368,0.0554358810186386,0.0564246475696563
1,rnn,layers_2,henon_1000,6,0.001,,8,16,4,64,0.0687473863363266,0.0674857348203659,0.2145817875862121,0.2150179147720337,0.4026048183441162,0.4113276898860931,258,422,30.93,0.0692158713936805,0.0703493133187294,0.0709576979279518
1,rnn,layers_3,henon_1000,6,0.001,,8,4,1,64,2.3598242933076108e-06,2.317573034815723e-06,0.0011650249361991,0.0011435637716203,0.9999856352806092,0.9999854564666748,402,1454,54.38,0.0150184398517012,0.0147308064624667,0.0162526760250329
1,rnn,layers_3,henon_1000,6,0.001,,8,4,2,64,3.27996640407946e-05,3.659721915028058e-05,0.0043073124252259,0.0044574839994311,0.999801754951477,0.9997824430465698,402,1780,65.13,0.0492852803319692,0.0482464544475078,0.0510918162763118
1,rnn,layers_3,henon_1000,6,0.001,,8,4,4,64,0.0021504790056496,0.0023372299037873,0.0320123694837093,0.0327364206314086,0.9865553975105286,0.9852473139762878,402,5507,202.43,0.0708793889731168,0.0714809074997901,0.073188304901123
1,rnn,layers_3,henon_1000,6,0.001,,8,8,1,64,7.43621285437257e-06,6.476977887359681e-06,0.0020737953018397,0.0019401983590796,0.9999558329582214,0.9999611973762512,402,1378,67.3,0.0137426977045834,0.0132878925651311,0.0143605070188641
1,rnn,layers_3,henon_1000,6,0.001,,8,8,2,64,4.7289362555602565e-05,4.162935147178359e-05,0.0047171078622341,0.0047254562377929,0.9997187256813048,0.9997491240501404,402,1840,88.55,0.0511500723659992,0.0500337332487106,0.0532073378562927
1,rnn,layers_3,henon_1000,6,0.001,,8,8,4,64,0.0179055910557508,0.0114026758819818,0.0899497419595718,0.0741326659917831,0.8864970803260803,0.926009237766266,402,2690,129.38,0.0714175775647163,0.072267048060894,0.0737653374671936
1,rnn,layers_3,henon_1000,6,0.001,,8,16,1,64,3.2486150303157046e-06,2.70184477813018e-06,0.0012392489006742,0.0011787026887759,0.9999810457229614,0.9999840259552002,402,1309,113.62,0.0138907320797443,0.0139841698110103,0.0150595400482416
1,rnn,layers_3,henon_1000,6,0.001,,8,16,2,64,6.109583046054468e-05,5.084960866952315e-05,0.0054072523489594,0.0052428590133786,0.9996310472488404,0.9996856451034546,402,1685,119.28,0.0494726343080401,0.0503842681646347,0.0527464598417282
1,rnn,layers_3,henon_1000,6,0.001,,8,16,4,64,0.073701873421669,0.0618041343986988,0.2147073149681091,0.1969057023525238,0.4485624134540558,0.5085721015930176,402,1023,73.33,0.0735874488949775,0.0723348408937454,0.0730502158403396
1,rnn,layers_1,henon_1000,6,0.001,,16,4,1,64,5.778907961939694e-06,5.978539320494747e-06,0.0018136386061087,0.0018669414566829,0.9999644160270692,0.999962568283081,354,2147,49.25,0.0280242189764976,0.0274190008640289,0.0292034558951854
1,rnn,layers_1,henon_1000,6,0.001,,16,4,2,64,0.0001036793764797,9.569524991093203e-05,0.0078382827341556,0.0074864597991108,0.9993587136268616,0.9994054436683656,354,3930,91.04,0.0621558208018541,0.0606452077627182,0.0632045492529869
1,rnn,layers_1,henon_1000,6,0.001,,16,4,4,64,0.0184628702700138,0.0120997196063399,0.0838768258690834,0.0689252391457557,0.8783743381500244,0.9211336374282836,354,12606,249.65,0.0687822245061397,0.0707659125328064,0.0733117684721946
1,rnn,layers_1,henon_1000,6,0.001,,16,8,1,64,5.088248599349754e-06,4.687964064942207e-06,0.0017389858840033,0.0017395906616002,0.9999690651893616,0.9999706745147704,354,1801,44.7,0.0287122508510947,0.0274587851017713,0.0288258381187915
1,rnn,layers_1,henon_1000,6,0.001,,16,8,2,64,0.0001162571861641,9.791571937967092e-05,0.0079528596252202,0.0073748701252043,0.9992819428443908,0.9994015693664552,354,3760,93.95,0.061030413582921,0.0601739548146724,0.062885046005249
1,rnn,layers_1,henon_1000,6,0.001,,16,8,4,64,0.066519021987915,0.0599832870066165,0.2116901576519012,0.2006968706846237,0.4393359720706939,0.5019294619560242,354,1168,28.43,0.0696776546537876,0.0707163214683532,0.0732766613364219
1,rnn,layers_1,henon_1000,6,0.001,,16,16,1,64,5.990879799355753e-06,4.8141223487618845e-06,0.0018000323325395,0.0016689531039446,0.9999634623527528,0.9999703764915466,354,1664,54.48,0.0271271365694701,0.0281334239989519,0.0287173725664615
1,rnn,layers_1,henon_1000,6,0.001,,16,16,2,64,0.0001668383483774,0.0001723877066979,0.0101218279451131,0.0102829346433281,0.9989720582962036,0.998927116394043,354,2470,79.56,0.0592947844415903,0.0610579773783683,0.0627918541431427
1,rnn,layers_1,henon_1000,6,0.001,,16,16,4,64,0.0656611174345016,0.064130425453186,0.2065463364124298,0.2093921899795532,0.4325095117092132,0.4478688240051269,354,767,26.33,0.0709784656763076,0.0710732117295265,0.0722907781600952
1,rnn,layers_2,henon_1000,6,0.001,,16,4,1,64,1.7836398455983726e-06,1.9145466012560064e-06,0.0010236840462312,0.0010837581939995,0.999990165233612,0.9999890327453612,898,1169,34.76,0.0196337747387588,0.018836161121726,0.0208242032676935
1,rnn,layers_2,henon_1000,6,0.001,,16,4,2,64,3.475819903542288e-05,3.376240420038812e-05,0.004206134006381,0.0041245743632316,0.9997875094413756,0.9997951984405518,898,1649,47.38,0.0594420842826366,0.057668063789606,0.0603037513792514
1,rnn,layers_2,henon_1000,6,0.001,,16,4,4,64,0.0036223595961928,0.002313247648999,0.0369341373443603,0.0331673063337802,0.9773191213607788,0.9854190349578856,898,5847,165.43,0.068296168744564,0.0702154710888862,0.0728006511926651
1,rnn,layers_2,henon_1000,6,0.001,,16,8,1,64,4.6334462240338326e-06,4.676800926972646e-06,0.0017234859988093,0.0017411729786545,0.9999717473983764,0.9999712109565736,898,867,32.28,0.0238018231466412,0.0227313712239265,0.0237541925162076
1,rnn,layers_2,henon_1000,6,0.001,,16,8,2,64,2.2242593331611715e-05,2.1611260308418423e-05,0.0033998852595686,0.0033740743529051,0.9998703002929688,0.9998729825019836,898,1812,67.94,0.056467505544424,0.0556549318134784,0.0586926899850368
1,rnn,layers_2,henon_1000,6,0.001,,16,8,4,64,0.0632455050945282,0.0550298690795898,0.2064615488052368,0.1902477890253067,0.4811677932739258,0.5590944290161133,898,785,29.3,0.0679902866482734,0.0697569102048873,0.0726668164134025
1,rnn,layers_2,henon_1000,6,0.001,,16,16,1,64,3.016374876096961e-06,3.078846702919691e-06,0.0013721983414143,0.0014024080010131,0.9999825954437256,0.9999825358390808,898,982,56.25,0.0226821695454418,0.0232234485447406,0.0239245910197496
1,rnn,layers_2,henon_1000,6,0.001,,16,16,2,64,3.7615121982526034e-05,3.02286607620772e-05,0.0046356781385838,0.0042982553131878,0.9997740387916564,0.9998125433921814,898,1566,88.25,0.0546589894220232,0.0564663261175155,0.05851960927248
1,rnn,layers_2,henon_1000,6,0.001,,16,16,4,64,0.0668263137340545,0.0639801248908042,0.2154536694288253,0.2111251354217529,0.4129365980625152,0.4476393163204193,898,449,23.83,0.0696361936628818,0.0706527754664421,0.071849413216114
1,rnn,layers_3,henon_1000,6,0.001,,16,4,1,64,8.830448678054381e-06,8.30713634059066e-06,0.0022168254945427,0.0022297592367976,0.999948501586914,0.9999496340751648,1442,641,24.65,0.0020961797446943,0.0021010218188166,0.0024153792764991
1,rnn,layers_3,henon_1000,6,0.001,,16,4,2,64,3.19015234708786e-05,2.6823754524230022e-05,0.003706571413204,0.0033512208610773,0.999801754951477,0.999832808971405,1442,1073,41.09,0.0283106621354818,0.0284000467509031,0.0308764167129993
1,rnn,layers_3,henon_1000,6,0.001,,16,4,4,64,0.0010457395110279,0.0015640745405107,0.019182676449418,0.0210427064448595,0.9936457872390748,0.9902850389480592,1442,2016,76.29,0.0651357248425483,0.0674029812216758,0.0704462751746177
1,rnn,layers_3,henon_1000,6,0.001,,16,8,1,64,5.339526069292333e-06,5.121214599057566e-06,0.0018324228003621,0.0017198364948853,0.9999675750732422,0.9999684691429138,1442,707,35.71,0.0016967251198366,0.0016871733823791,0.0016720844432711
1,rnn,layers_3,henon_1000,6,0.001,,16,8,2,64,3.5320266761118546e-05,3.8420101191150025e-05,0.004473322071135,0.0048704920336604,0.9997951984405518,0.9997697472572328,1442,937,47.74,0.0254797769710421,0.0250364914536476,0.0275584068149328
1,rnn,layers_3,henon_1000,6,0.001,,16,8,4,64,0.0137508874759078,0.0116961318999528,0.0649500638246536,0.0599825009703636,0.9150058031082152,0.9262839555740356,1442,1935,96.76,0.0655853394418954,0.0668917894363403,0.0711573138833046
1,rnn,layers_3,henon_1000,6,0.001,,16,16,1,64,6.138656317489222e-06,5.810680704598781e-06,0.0018041866132989,0.001748101087287,0.9999648332595824,0.9999662637710572,1442,682,51.34,0.0015876859310083,0.001803679857403,0.001745585235767
1,rnn,layers_3,henon_1000,6,0.001,,16,16,2,64,3.073754487559199e-05,2.929214133473579e-05,0.0041094319894909,0.004069676157087,0.9998134970664978,0.999818742275238,1442,1028,80.44,0.0259941928088665,0.0267969202250242,0.0285841394215822
1,rnn,layers_3,henon_1000,6,0.001,,16,16,4,64,0.0715421214699745,0.0615319721400737,0.2181139439344406,0.2010800242424011,0.4058296978473663,0.4902803301811218,1442,433,31.86,0.0674562431871891,0.0673514083027839,0.0694840252399444
1,rnn,layers_1,henon_1000,6,0.001,,32,4,1,64,2.3850294383009896e-05,1.927636185428128e-05,0.0032233751844614,0.0031100925989449,0.9998624324798584,0.9998944997787476,1218,1603,33.78,0.0282641649246215,0.027481997385621,0.0294807590544223
1,rnn,layers_1,henon_1000,6,0.001,,32,4,2,64,7.002962956903502e-05,7.84731819294393e-05,0.0054076388478279,0.0057891244068741,0.9995648264884948,0.9995092153549194,1218,2923,61.35,0.0616624984890222,0.0592998005449771,0.061824981123209
1,rnn,layers_1,henon_1000,6,0.001,,32,4,4,64,0.0217223521322011,0.0152038158848881,0.0905376598238945,0.0757685750722885,0.8544794321060181,0.8997448682785034,1218,4464,94.01,0.0685177195817232,0.0703090354800224,0.0727697759866714
1,rnn,layers_1,henon_1000,6,0.001,,32,8,1,64,2.295634476467967e-05,2.300517189723905e-05,0.0032094267662614,0.00316205737181,0.9998584389686584,0.9998578429222108,1218,2233,57.87,0.0282867411151528,0.0280273351818323,0.0294960495084524
1,rnn,layers_1,henon_1000,6,0.001,,32,8,2,64,0.0001797057047951,0.0001802745100576,0.0089523559436202,0.0082774385809898,0.9989013671875,0.9988827109336852,1218,2994,79.13,0.0583322558552026,0.058787778019905,0.0621526204049587
1,rnn,layers_1,henon_1000,6,0.001,,32,8,4,64,0.0644059404730796,0.0557001866400241,0.2050497233867645,0.1867796033620834,0.4950169920921325,0.5597575902938843,1218,1101,28.03,0.0679078996181488,0.0692034438252449,0.0720604807138443
1,rnn,layers_1,henon_1000,6,0.001,,32,16,1,64,3.854966416838579e-05,4.041102147311904e-05,0.0040412512607872,0.0042649959214031,0.99976247549057,0.9997503757476808,1218,2028,72.45,0.0265739323571324,0.0279202535748481,0.0290110129863023
1,rnn,layers_1,henon_1000,6,0.001,,32,16,2,64,0.0005497073871083,0.0002975802635774,0.0136322155594825,0.0110441371798515,0.9965920448303224,0.9981523752212524,1218,4163,149.37,0.056590224802494,0.0585987381637096,0.0609141997992992
1,rnn,layers_1,henon_1000,6,0.001,,32,16,4,64,0.0694405660033226,0.0605995692312717,0.2178369760513305,0.2058827131986618,0.3841123282909393,0.4915366172790527,1218,523,22.05,0.0695172391831874,0.0695427730679512,0.0702705159783363
1,rnn,layers_2,henon_1000,6,0.001,,32,4,1,64,8.992231414595153e-06,7.761795131955296e-06,0.0022535796742886,0.0021168668754398,0.999948799610138,0.9999544620513916,3330,703,21.92,0.0146726965904235,0.0138108655810356,0.0155852399766445
1,rnn,layers_2,henon_1000,6,0.001,,32,4,2,64,4.069657006766647e-05,4.033156437799335e-05,0.0046842521987855,0.0043781702406704,0.9997618794441224,0.9997642040252686,3330,1214,37.17,0.0422328148037195,0.0405576266348362,0.043764729052782
1,rnn,layers_2,henon_1000,6,0.001,,32,4,4,64,0.0008370520081371,0.000629814050626,0.018590148538351,0.0170987993478775,0.9948076605796814,0.9960647821426392,3330,2553,80.14,0.0685540653765201,0.0699866265058517,0.0723479762673378
1,rnn,layers_2,henon_1000,6,0.001,,32,8,1,64,5.538489403988933e-06,5.802601208415581e-06,0.0017231634119525,0.0018118048319593,0.9999685287475586,0.9999663829803468,3330,735,29.78,0.0153250928036868,0.0144932586699724,0.0172145683318376
1,rnn,layers_2,henon_1000,6,0.001,,32,8,2,64,4.278582127881237e-05,3.68554683518596e-05,0.0043811104260385,0.0044248029589653,0.9997442960739136,0.9997768998146056,3330,1364,55.86,0.0460987243801355,0.0456849336624145,0.0512938611209392
1,rnn,layers_2,henon_1000,6,0.001,,32,8,4,64,0.0264440514147281,0.0229339357465505,0.1000153869390487,0.0977152362465858,0.8397830724716187,0.8523061275482178,3330,2132,85.37,0.0673607572913169,0.0686670467257499,0.0718292668461799
1,rnn,layers_2,henon_1000,6,0.001,,32,16,1,64,4.13932275478146e-06,4.042937689519022e-06,0.0014405271504074,0.0014699180610477,0.9999746680259703,0.99997478723526,3330,750,46.75,0.0155172746628522,0.0155236469581723,0.0179896913468837
1,rnn,layers_2,henon_1000,6,0.001,,32,16,2,64,4.4148277083877474e-05,3.818952245637775e-05,0.0043602278456091,0.0042966068722307,0.9997273087501526,0.9997620582580566,3330,1228,75.77,0.0450617017224431,0.0456673018634319,0.051264401525259
1,rnn,layers_2,henon_1000,6,0.001,,32,16,4,64,0.0725876688957214,0.0611514262855052,0.2167946994304657,0.2008647471666336,0.3711316883563995,0.4880985021591186,3330,400,32.56,0.0691603135317564,0.0685234144330024,0.0701309666037559
1,rnn,layers_3,henon_1000,6,0.001,,32,4,1,64,3.629698312579421e-06,3.4718430015345803e-06,0.0013008746318519,0.0012670962605625,0.9999779462814332,0.9999790191650392,5442,533,21.87,0.0002726715494645,0.0002371087903156,0.0002868876326829
1,rnn,layers_3,henon_1000,6,0.001,,32,4,2,64,2.779561691568233e-05,2.420189048280008e-05,0.0038593146018683,0.0036011128686368,0.9998384714126588,0.9998554587364196,5442,644,26.94,0.0140517907217144,0.0144818415865302,0.0154417594894766
1,rnn,layers_3,henon_1000,6,0.001,,32,4,4,64,0.000339414604241,0.0002930817136075,0.0102210156619548,0.0103739844635128,0.9979234337806702,0.9981765747070312,5442,1722,69.83,0.0673738721758127,0.0683031305670738,0.0708646178245544
1,rnn,layers_3,henon_1000,6,0.001,,32,8,1,64,6.1985647334950045e-06,6.149316504888702e-06,0.0019259102409705,0.001939516630955,0.9999620914459229,0.9999621510505676,5442,574,32.08,0.0004661707847844,0.0004390254325699,0.0004900350468233
1,rnn,layers_3,henon_1000,6,0.001,,32,8,2,64,2.139149364666082e-05,1.6866519217728637e-05,0.0032536122016608,0.0029470445588231,0.9998769164085388,0.9998974204063416,5442,955,52.73,0.0133631302975118,0.0141716785728931,0.0147099504247307
1,rnn,layers_3,henon_1000,6,0.001,,32,8,4,64,0.0238972548395395,0.0170724466443061,0.093363270163536,0.0811839178204536,0.8479030728340149,0.8882676959037781,5442,1170,89.43,0.0647841785103082,0.0660003051161766,0.0700458064675331
1,rnn,layers_3,henon_1000,6,0.001,,32,16,1,64,3.1591418974130647e-06,2.9203417852841085e-06,0.0013478146865963,0.0013263497967272,0.9999812841415404,0.9999821186065674,5442,547,48.14,0.0004487380574573,0.0005234206328168,0.0006072117830626
1,rnn,layers_3,henon_1000,6,0.001,,32,16,2,64,3.316653237561695e-05,2.434052657918073e-05,0.0040636691264808,0.0036123723257333,0.9997950792312622,0.9998542666435242,5442,849,72.85,0.016017978079617,0.0168167725205421,0.0174507442861795
1,rnn,layers_3,henon_1000,6,0.001,,32,16,4,64,0.065908707678318,0.062623493373394,0.2143517136573791,0.207463651895523,0.4234651327133178,0.4659201204776764,5442,1340,115.65,0.0667370237410068,0.066651813685894,0.0688094794750213
1,rnn,layers_1,henon_1000,7,0.001,,8,4,1,64,2.161035081371665e-05,1.9535948013071905e-05,0.003262719605118,0.0031870123930275,0.9998682737350464,0.9998809099197388,114,2131,42.42,0.0326857034116983,0.0305741019546985,0.0325145795941352
1,rnn,layers_1,henon_1000,7,0.001,,8,4,2,64,0.0003977115848101,0.000367545930203,0.0122229121625423,0.0125949764624238,0.9975443482398988,0.9976991415023804,114,3720,75.4,0.0658572684973478,0.063890516757965,0.0662038996815681
1,rnn,layers_1,henon_1000,7,0.001,,8,4,4,64,0.0422889105975627,0.0372387953102588,0.1625051647424698,0.1516130268573761,0.6895906329154968,0.7304799556732178,114,9529,188.21,0.0782531969249248,0.0758909955620765,0.077121302485466
1,rnn,layers_1,henon_1000,7,0.001,,8,8,1,64,2.457597838656511e-05,2.1265106624923646e-05,0.0033616097643971,0.003143151057884,0.999847650527954,0.9998670816421508,114,2553,64.78,0.0323449378833174,0.0305040627717971,0.0319796577095985
1,rnn,layers_1,henon_1000,7,0.001,,8,8,2,64,5.116898319101893e-05,5.252779374131933e-05,0.0055896905250847,0.005666593555361,0.9996842741966248,0.9996731877326964,114,5335,125.42,0.0674208514392376,0.0644089058041572,0.0668262466788292
1,rnn,layers_1,henon_1000,7,0.001,,8,8,4,64,0.052710972726345,0.0464430898427963,0.1838369667530059,0.1660478711128235,0.5986536741256714,0.6477746367454529,114,6689,160.73,0.0783195421099662,0.0766034349799156,0.0776744037866592
1,rnn,layers_1,henon_1000,7,0.001,,8,16,1,64,2.9061407985864207e-05,2.484706237737555e-05,0.0036800203379243,0.0034341879654675,0.9998229146003724,0.9998474717140198,114,2368,78.5,0.0320143407210707,0.0309705138206481,0.0317750498652458
1,rnn,layers_1,henon_1000,7,0.001,,8,16,2,64,0.0002252033737022,0.00021399880643,0.0117843523621559,0.0116832414641976,0.9986053705215454,0.99869042634964,114,4145,131.78,0.0672106474637985,0.0647922754287719,0.0666257813572883
1,rnn,layers_1,henon_1000,7,0.001,,8,16,4,64,0.0597025603055954,0.0586838237941265,0.1994981616735458,0.1993582993745803,0.5073729753494263,0.5161156058311462,114,1520,48.9,0.0752492561936378,0.0766342803835868,0.0771915391087532
1,rnn,layers_2,henon_1000,7,0.001,,8,4,1,64,4.372283001430333e-06,3.786477009271039e-06,0.0016079754568636,0.0015391609631478,0.9999728202819824,0.9999765157699584,258,1428,45.44,0.015184696111828,0.014256302267313,0.0157588515430688
1,rnn,layers_2,henon_1000,7,0.001,,8,4,2,64,4.969226210960187e-05,4.511027873377316e-05,0.0054345908574759,0.0051710079424083,0.9996935725212096,0.999718964099884,258,3113,88.71,0.0586950175464153,0.0569515079259872,0.0599860437214374
1,rnn,layers_2,henon_1000,7,0.001,,8,4,4,64,0.0100569482892751,0.0092245284467935,0.0675454586744308,0.0674016624689102,0.935660481452942,0.9404093027114868,258,5397,148.1,0.0714422866702079,0.0695563107728958,0.0719145759940147
1,rnn,layers_2,henon_1000,7,0.001,,8,8,1,64,3.398832177481381e-06,3.3548453757248357e-06,0.0013163049006834,0.0013424353674054,0.9999791979789734,0.9999788999557496,258,1479,54.11,0.0168759823776781,0.0160599555820226,0.0175325293093919
1,rnn,layers_2,henon_1000,7,0.001,,8,8,2,64,0.0002829981676768,0.0002427494036965,0.0114291878417134,0.0109643079340457,0.9982613921165466,0.9984806776046752,258,1596,57.26,0.0600017700344324,0.0577417574822902,0.0604996979236602
1,rnn,layers_2,henon_1000,7,0.001,,8,8,4,64,0.0352624915540218,0.0263159126043319,0.1361802667379379,0.118719033896923,0.7669417858123779,0.8219012022018433,258,3605,129.72,0.0707045510411262,0.070175863802433,0.0725728645920753
1,rnn,layers_2,henon_1000,7,0.001,,8,16,1,64,3.568176680346369e-06,3.327789272589144e-06,0.0013655071379616,0.0013323713792487,0.9999785423278807,0.9999801516532898,258,1356,70.84,0.0186962801031768,0.0179391130805015,0.0192620661109685
1,rnn,layers_2,henon_1000,7,0.001,,8,16,2,64,0.0001955509651452,0.0001649316982366,0.0090521927922964,0.008397813886404,0.9987918734550476,0.9989742040634156,258,2660,141.72,0.05871072858572,0.0579553321003913,0.0598765090107917
1,rnn,layers_2,henon_1000,7,0.001,,8,16,4,64,0.0606391876935958,0.0529772453010082,0.1990816593170166,0.1898337453603744,0.516444742679596,0.5865066051483154,258,1229,62.08,0.067589708790183,0.0703286752104759,0.0716230794787406
1,rnn,layers_3,henon_1000,7,0.001,,8,4,1,64,3.002395942530711e-06,2.967738282677601e-06,0.0013884279178455,0.0013712807558476,0.9999818205833436,0.9999822974205016,402,1500,54.63,0.0027951644500717,0.0027515143156051,0.0030957462731748
1,rnn,layers_3,henon_1000,7,0.001,,8,4,2,64,1.8072110833600163e-05,1.7318676327704452e-05,0.0033112671226263,0.0032795998267829,0.9998910427093506,0.9998940229415894,402,1578,78.87,0.0400879476219415,0.0393858850002288,0.0417381189763546
1,rnn,layers_3,henon_1000,7,0.001,,8,4,4,64,0.0094608450308442,0.0052909422665834,0.055055771023035,0.0459824204444885,0.9396597146987916,0.9663519859313964,402,4832,175.75,0.0702771995216608,0.0684006586670875,0.0713568106293678
1,rnn,layers_3,henon_1000,7,0.001,,8,8,1,64,3.915954948752187e-06,3.4357431104581337e-06,0.001519288518466,0.0014139137929305,0.9999757409095764,0.999978482723236,402,1187,56.38,0.0014550640597008,0.0014440559316426,0.0014706118963658
1,rnn,layers_3,henon_1000,7,0.001,,8,8,2,64,3.720169115695171e-05,4.0172137232730165e-05,0.0046675438061356,0.0047310288064181,0.9997738003730774,0.9997506141662598,402,1445,69.09,0.0221132395789027,0.0220110528171062,0.0251208338886499
1,rnn,layers_3,henon_1000,7,0.001,,8,8,4,64,0.0154469665139913,0.0124813616275787,0.0842293798923492,0.0772659927606582,0.9044073820114136,0.9194483160972596,402,3865,240.08,0.069753449037671,0.0696771144866943,0.0720935240387916
1,rnn,layers_3,henon_1000,7,0.001,,8,16,1,64,4.566678853734629e-06,4.176434686087305e-06,0.0016734156524762,0.0015688898274675,0.9999727606773376,0.99997478723526,402,1141,115.28,0.0014384024310857,0.0014865903649479,0.0015465723117813
1,rnn,layers_3,henon_1000,7,0.001,,8,16,2,64,1.7669988665147685e-05,1.5201830137812069e-05,0.0029654819518327,0.0028974532615393,0.9998909831047058,0.99990576505661,402,1222,87.67,0.0260144071653485,0.0259282756596803,0.0302211213856935
1,rnn,layers_3,henon_1000,7,0.001,,8,16,4,64,0.053776565939188,0.0468359254300594,0.1799996644258499,0.1672616153955459,0.6078538298606873,0.6647616624832153,402,1878,131.59,0.0668770052492618,0.0698941946029663,0.0705205276608467
1,rnn,layers_1,henon_1000,7,0.001,,16,4,1,64,5.14060729983612e-06,5.545703970710747e-06,0.001687147305347,0.0017476310022175,0.9999682903289796,0.9999658465385436,354,1488,31.79,0.0280722783878445,0.0259899534285068,0.0279182661324739
1,rnn,layers_1,henon_1000,7,0.001,,16,4,2,64,0.0002557107654865,0.0002712913556024,0.0104935700073838,0.0110728815197944,0.9984225034713744,0.9983109831809998,354,2877,58.23,0.0617832358926534,0.0602541603147983,0.0628608614206314
1,rnn,layers_1,henon_1000,7,0.001,,16,4,4,64,0.0160600692033767,0.0119113260880112,0.0911798030138015,0.0800447389483451,0.8952163457870483,0.922386348247528,354,9936,192.38,0.0718088630586862,0.0701794773340225,0.0729454979300499
1,rnn,layers_1,henon_1000,7,0.001,,16,8,1,64,8.48291256261291e-06,8.037077350309119e-06,0.0020907423458993,0.0019707789178937,0.9999483823776244,0.9999507665634156,354,2299,56.16,0.0287776002660393,0.0274834781885147,0.0292535349726676
1,rnn,layers_1,henon_1000,7,0.001,,16,8,2,64,0.0017781486967578,0.0014033913612365,0.025845430791378,0.0230275616049766,0.9889619946479796,0.9912567138671876,354,2815,69.09,0.0610186755657196,0.0600877925753593,0.0632663965225219
1,rnn,layers_1,henon_1000,7,0.001,,16,8,4,64,0.0665482208132743,0.0625483244657516,0.2107803523540496,0.204933300614357,0.4330711662769317,0.4711925089359283,354,998,24.69,0.0701473481953144,0.0698460340499877,0.0726887658238411
1,rnn,layers_1,henon_1000,7,0.001,,16,16,1,64,5.157046416570665e-06,4.404949322633911e-06,0.0016329365316778,0.0015579835744574,0.9999684691429138,0.9999728202819824,354,2722,90.35,0.0273844540119171,0.0270998366177082,0.0277966912835836
1,rnn,layers_1,henon_1000,7,0.001,,16,16,2,64,0.0001990847667912,0.0001462548534618,0.0094972541555762,0.0085125332698225,0.9987691044807434,0.9990924000740052,354,3017,100.69,0.060092419758439,0.0599837824702262,0.0622116290032863
1,rnn,layers_1,henon_1000,7,0.001,,16,16,4,64,0.0658830404281616,0.0631913617253303,0.2113744765520095,0.2112138271331787,0.424722284078598,0.4574085474014282,354,748,24.38,0.0669782359153032,0.0691729113459587,0.0699661821126937
1,rnn,layers_2,henon_1000,7,0.001,,16,4,1,64,6.390273483702913e-06,5.2213390517863445e-06,0.0016379565931856,0.0016482815844938,0.9999604225158693,0.9999673366546632,898,1159,34.04,0.0144839877262711,0.0135238952934741,0.014924107119441
1,rnn,layers_2,henon_1000,7,0.001,,16,4,2,64,3.1359802960650995e-05,2.6098941816599108e-05,0.0039983945898711,0.0038776067085564,0.99981027841568,0.999840259552002,898,1739,50.4,0.0513541482388973,0.0499238409101963,0.0529098063707351
1,rnn,layers_2,henon_1000,7,0.001,,16,4,4,64,0.0028181558009237,0.0012927197385579,0.0253553781658411,0.0230359807610511,0.9825124144554138,0.9919190406799316,898,5354,152.67,0.0716299094259738,0.0702055022120475,0.0728552117943763
1,rnn,layers_2,henon_1000,7,0.001,,16,8,1,64,7.884623300924432e-06,7.251037459354848e-06,0.0021067082416266,0.0020943810231983,0.9999552965164183,0.999959111213684,898,1195,45.18,0.0215472085401415,0.0217550676316022,0.0234700571745634
1,rnn,layers_2,henon_1000,7,0.001,,16,8,2,64,0.0001409721298841,9.030947694554924e-05,0.0079236347228288,0.0066042267717421,0.999131202697754,0.9994430541992188,898,1392,52.89,0.0592903818935155,0.0569676384329795,0.0602681711316108
1,rnn,layers_2,henon_1000,7,0.001,,16,8,4,64,0.0304424650967121,0.0233557876199483,0.1170904338359832,0.1082115247845649,0.8062623143196106,0.8472177386283875,898,2307,88.97,0.069923010841012,0.0701314285397529,0.0728107318282127
1,rnn,layers_2,henon_1000,7,0.001,,16,16,1,64,8.117937795759644e-06,7.365376859524986e-06,0.0021134309936314,0.0020500079263001,0.9999500513076782,0.999954640865326,898,1260,67.81,0.0201183799654245,0.0197645463049411,0.0208274479955434
1,rnn,layers_2,henon_1000,7,0.001,,16,16,2,64,4.5000102545600384e-05,3.986214142059907e-05,0.0044818948954343,0.0044678514823317,0.9997264742851256,0.999752163887024,898,2088,112.34,0.0567337356507778,0.0558280274271965,0.0578909926116466
1,rnn,layers_2,henon_1000,7,0.001,,16,16,4,64,0.0705699995160102,0.0605092085897922,0.2165410965681076,0.2028263956308365,0.3865070939064026,0.4949054718017578,898,531,29.22,0.0664380136877298,0.068630151450634,0.0693553537130355
1,rnn,layers_3,henon_1000,7,0.001,,16,4,1,64,7.219530289148679e-06,7.334526344493497e-06,0.0021038581617176,0.0021110917441546,0.999955415725708,0.9999542832374572,1442,622,23.56,0.0006058653350919,0.0005784332752227,0.0006164506194181
1,rnn,layers_3,henon_1000,7,0.001,,16,4,2,64,1.5799807442817837e-05,1.6987138224067166e-05,0.0028593672905117,0.0030563899781554,0.999903440475464,0.9998963475227356,1442,1056,40.33,0.0176951716654002,0.0177727527916431,0.0194597095251083
1,rnn,layers_3,henon_1000,7,0.001,,16,4,4,64,0.0008505031582899,0.0007840899052098,0.018622800707817,0.0184366162866354,0.9947428107261658,0.9950791597366332,1442,2085,91.09,0.0696502640843391,0.0689909234642982,0.0718771368265152
1,rnn,layers_3,henon_1000,7,0.001,,16,8,1,64,3.15987563226372e-06,3.834174094663467e-06,0.0013659398537129,0.001510199275799,0.9999805688858032,0.9999759793281556,1442,616,30.94,0.0005113685881951,0.0004933749441988,0.0005094895604997
1,rnn,layers_3,henon_1000,7,0.001,,16,8,2,64,4.041009015054442e-05,4.042248838231899e-05,0.0044780308380723,0.0047584166750311,0.9997627139091492,0.9997525811195374,1442,1106,55.9,0.0191440299153327,0.0192421842366457,0.0219255071133375
1,rnn,layers_3,henon_1000,7,0.001,,16,8,4,64,0.0139542641118168,0.0073557305149734,0.0637498050928115,0.049694038927555,0.9156507849693298,0.9538620710372924,1442,2897,140.79,0.0685996774584054,0.068339966237545,0.0713026151061058
1,rnn,layers_3,henon_1000,7,0.001,,16,16,1,64,4.061268100485904e-06,4.01333727495512e-06,0.0015329482266679,0.0015222360379993,0.9999752044677734,0.9999754428863524,1442,662,48.88,0.0007342619006522,0.0007354642730206,0.0007764045731164
1,rnn,layers_3,henon_1000,7,0.001,,16,16,2,64,3.205426401109435e-05,2.698850403248798e-05,0.0039740116335451,0.0038459100760519,0.9998016357421876,0.9998324513435364,1442,1055,78.8,0.0295370992273092,0.0289248060435056,0.0359713286161422
1,rnn,layers_3,henon_1000,7,0.001,,16,16,4,64,0.065064899623394,0.0562921650707721,0.2096653431653976,0.1954364329576492,0.4627603888511657,0.546011209487915,1442,442,32.42,0.0650889459997415,0.0667861029505729,0.0679370015859603
1,rnn,layers_1,henon_1000,7,0.001,,32,4,1,64,6.6739721660269424e-06,6.054609912098385e-06,0.0019606663845479,0.0019114692695438,0.9999595880508424,0.9999625086784364,1218,1493,31.1,0.0298093566671013,0.0276907458901405,0.0297276210039854
1,rnn,layers_1,henon_1000,7,0.001,,32,4,2,64,3.84732848033309e-05,4.784209522767924e-05,0.0040752864442765,0.0042957570403814,0.9997708201408386,0.9997140169143676,1218,3897,85.27,0.0620217394083738,0.0599219836294651,0.0627533718943595
1,rnn,layers_1,henon_1000,7,0.001,,32,4,4,64,0.006818507798016,0.0050891204737126,0.0486691743135452,0.0447097793221473,0.9569995999336244,0.9676185250282288,1218,7973,163.83,0.071798001974821,0.0711636841297149,0.0739433765411377
1,rnn,layers_1,henon_1000,7,0.001,,32,8,1,64,9.511850294074977e-06,7.844372703402769e-06,0.0021345582790672,0.0020249504595994,0.9999416470527648,0.9999522566795348,1218,1148,29.51,0.0306816799566149,0.0303600095212459,0.0322955846786499
1,rnn,layers_1,henon_1000,7,0.001,,32,8,2,64,0.0003294435155112,0.0003217890625819,0.0118296379223465,0.011951508000493,0.9979919195175172,0.9979918003082277,1218,3056,78.73,0.0619109310209751,0.062109850347042,0.0665460675954818
1,rnn,layers_1,henon_1000,7,0.001,,32,8,4,64,0.0679312646389007,0.0580304861068725,0.2074288576841354,0.1916465759277343,0.4715506136417389,0.5398468971252441,1218,1519,39.31,0.0701277457177639,0.0703411325812339,0.0730754658579826
1,rnn,layers_1,henon_1000,7,0.001,,32,16,1,64,1.1393080967536662e-05,9.3317530627246e-06,0.0023060282692313,0.0021190259139984,0.9999331831932068,0.9999446272850036,1218,1217,43.9,0.0281561905518174,0.0279320683330297,0.0290971044450998
1,rnn,layers_1,henon_1000,7,0.001,,32,16,2,64,0.0056500672362744,0.0039800223894417,0.0396442227065563,0.0366134643554687,0.964718461036682,0.9749459624290466,1218,2935,104.21,0.059270653873682,0.0584631860256195,0.0617561936378479
1,rnn,layers_1,henon_1000,7,0.001,,32,16,4,64,0.0742550417780876,0.0667378306388855,0.2235853374004364,0.2110324054956436,0.3306424021720886,0.4175883829593658,1218,436,15.5,0.0669257640838623,0.0691813006997108,0.0701565369963646
1,rnn,layers_2,henon_1000,7,0.001,,32,4,1,64,3.377235998414108e-06,3.617165702962666e-06,0.0013382968027144,0.0013452434213832,0.999979853630066,0.9999775290489196,3330,673,21.18,0.005855677369982,0.0060353032313287,0.0064769517630338
1,rnn,layers_2,henon_1000,7,0.001,,32,4,2,64,2.323168700968381e-05,2.5246330551453863e-05,0.0032061138190329,0.0035019284114241,0.999858856201172,0.999851644039154,3330,1204,37.18,0.0436180587857961,0.0422121025621891,0.0450283735990524
1,rnn,layers_2,henon_1000,7,0.001,,32,4,4,64,0.0005283957580104,0.0005705687217414,0.0134584652259945,0.0145596954971551,0.9967370629310608,0.9964497089385986,3330,2270,71.87,0.0711976528167724,0.0711481422185897,0.0740587562322616
1,rnn,layers_2,henon_1000,7,0.001,,32,8,1,64,5.640753443003632e-06,5.109453923068941e-06,0.0016430696705356,0.0016422974877059,0.999968647956848,0.9999710321426392,3330,734,30.33,0.0068182416725903,0.0073529724031686,0.0085154008120298
1,rnn,layers_2,henon_1000,7,0.001,,32,8,2,64,3.639614442363381e-05,3.564262078725733e-05,0.0042319879867136,0.0043398719280958,0.9997754096984864,0.9997793436050416,3330,1317,71.47,0.0464216660708189,0.0449373126029968,0.0530663542449474
1,rnn,layers_2,henon_1000,7,0.001,,32,8,4,64,0.0303105916827917,0.0190554372966289,0.0984071791172027,0.0872844755649566,0.817666232585907,0.8754168152809143,3330,1367,56.7,0.0700721342116594,0.0706821978092193,0.0735745206475257
1,rnn,layers_2,henon_1000,7,0.001,,32,16,1,64,9.22806611924898e-06,8.228072147176135e-06,0.0022430957760661,0.0021111224777996,0.9999443888664246,0.9999502301216124,3330,743,45.09,0.006746642710641,0.0070629306137561,0.0083071812987327
1,rnn,layers_2,henon_1000,7,0.001,,32,16,2,64,4.072517549502663e-05,3.989600736531429e-05,0.0043842224404215,0.0043146456591784,0.999748170375824,0.9997528791427612,3330,1283,77.89,0.046882090717554,0.0455791279673576,0.0527370385825634
1,rnn,layers_2,henon_1000,7,0.001,,32,16,4,64,0.0710401237010955,0.0615651942789554,0.2212806195020675,0.2086235880851745,0.3675740957260132,0.4801284372806549,3330,1669,100.29,0.0662348505109548,0.0673081949353218,0.0690331533551216
1,rnn,layers_3,henon_1000,7,0.001,,32,4,1,64,4.123516191611998e-06,4.184061253909022e-06,0.0015085918130353,0.0015795789659023,0.9999757409095764,0.9999750256538392,5442,548,25.13,0.000460998318158,0.0004420913464855,0.0004912441363558
1,rnn,layers_3,henon_1000,7,0.001,,32,4,2,64,1.8055126929539256e-05,1.557771975058131e-05,0.0032667550258338,0.0030234099831432,0.9998915791511536,0.9999048709869384,5442,863,34.66,0.0155416991561651,0.0162645541131496,0.0178330820053815
1,rnn,layers_3,henon_1000,7,0.001,,32,4,4,64,0.0005964178126305,0.0006661537918262,0.0160620287060737,0.0170556120574474,0.9963165521621704,0.9958462715148926,5442,1463,59.44,0.0677995435893535,0.066541314125061,0.0700220689177513
1,rnn,layers_3,henon_1000,7,0.001,,32,8,1,64,7.095969976944616e-06,6.716870302625466e-06,0.0020409184508025,0.0020119899418205,0.9999587535858154,0.9999614357948304,5442,538,29.84,0.0002716672155656,0.0002534091472625,0.0002767571713775
1,rnn,layers_3,henon_1000,7,0.001,,32,8,2,64,2.9544637072831392e-05,2.6285495550837368e-05,0.0039162281900644,0.0038430350832641,0.9998300671577454,0.999852418899536,5442,1046,58.37,0.0087418006267398,0.0093919830396771,0.0100261243060231
1,rnn,layers_3,henon_1000,7,0.001,,32,8,4,64,0.0140260281041264,0.0111664701253175,0.0640569329261779,0.0585482865571975,0.9135114550590516,0.9298451542854308,5442,2450,132.75,0.0651363059878349,0.0653261020779609,0.0695029348134994
1,rnn,layers_3,henon_1000,7,0.001,,32,16,1,64,7.168577212723903e-06,7.125752745196223e-06,0.0020405629184097,0.0019950831774622,0.9999564290046692,0.999957263469696,5442,553,48.09,0.0002800764341372,0.0002638107689563,0.000305461580865
1,rnn,layers_3,henon_1000,7,0.001,,32,16,2,64,2.859453707060311e-05,2.6312323825550266e-05,0.0036104789469391,0.0037147649563848,0.9998248219490052,0.9998393654823304,5442,1042,88.86,0.0085293899755924,0.0091868573799729,0.0097406329587101
1,rnn,layers_3,henon_1000,7,0.001,,32,16,4,64,0.0712862312793731,0.0638673901557922,0.2190155684947967,0.2063499242067337,0.3683276176452636,0.4548296332359314,5442,927,81.05,0.056971363723278,0.0673104748129844,0.0704844519495964
1,rnn,layers_1,henon_1000,8,0.001,,8,4,1,64,4.522364633885445e-06,4.359216745797312e-06,0.0015492005040869,0.0015617095632478,0.999972939491272,0.9999743700027466,114,2112,43.06,0.0310391819104552,0.0299680456519126,0.0312669873237609
1,rnn,layers_1,henon_1000,8,0.001,,8,4,2,64,8.408176654484123e-05,9.000941645354033e-05,0.0074272858910262,0.0077144694514572,0.9994820952415466,0.9994379878044128,114,4604,91.53,0.0687130432575941,0.0653859451413154,0.0673620924353599
1,rnn,layers_1,henon_1000,8,0.001,,8,4,4,64,0.0421227030456066,0.0364054106175899,0.164650946855545,0.1498578190803527,0.6904824376106262,0.7379292845726013,114,7732,147.57,0.0755517892539501,0.0747246667742729,0.076319620013237
1,rnn,layers_1,henon_1000,8,0.001,,8,8,1,64,3.644885964604328e-06,3.7931954466330353e-06,0.0012810189509764,0.0013076143804937,0.9999777674674988,0.9999765157699584,114,2780,65.59,0.0322334799915552,0.0300962533801794,0.0313852243125438
1,rnn,layers_1,henon_1000,8,0.001,,8,8,2,64,0.0002081254060612,0.0001825148210627,0.0113896122202277,0.0106292767450213,0.9987102150917052,0.9988568425178528,114,4719,111.51,0.0685074053704738,0.065473273396492,0.0676207765936851
1,rnn,layers_1,henon_1000,8,0.001,,8,8,4,64,0.0646513998508453,0.056122750043869,0.2103192508220672,0.1932989507913589,0.4579291045665741,0.5457395315170288,114,2552,61.67,0.0763592720031738,0.075456365942955,0.0769910216331482
1,rnn,layers_1,henon_1000,8,0.001,,8,16,1,64,4.426541181601351e-06,4.434140919329366e-06,0.0014296476729214,0.0014609508216381,0.9999730587005616,0.9999728798866272,114,2660,84.53,0.0319031685590744,0.0306947045028209,0.0317565165460109
1,rnn,layers_1,henon_1000,8,0.001,,8,16,2,64,0.0001700694992905,0.0001492821756983,0.0104672918096184,0.0099445357918739,0.998955011367798,0.9990728497505188,114,3371,103.62,0.0679435200989246,0.0658884719014167,0.0677324682474136
1,rnn,layers_1,henon_1000,8,0.001,,8,16,4,64,0.0627196431159973,0.0577090270817279,0.2083519548177719,0.1981267482042312,0.4745330512523651,0.5274175405502319,114,2230,70.81,0.073858730494976,0.0756392478942871,0.0765295922756195
1,rnn,layers_2,henon_1000,8,0.001,,8,4,1,64,9.877113370748702e-06,9.876262083707845e-06,0.0024315863847732,0.0024815313518047,0.9999396800994872,0.9999385476112366,258,1502,42.76,0.0236199747771024,0.0228522699326276,0.0244933124631643
1,rnn,layers_2,henon_1000,8,0.001,,8,4,2,64,5.272391717880964e-05,5.4583317250944674e-05,0.0055475649423897,0.005504120606929,0.9996727108955384,0.9996592402458192,258,2234,64.56,0.0605784066021442,0.0581793487071991,0.0607805959880352
1,rnn,layers_2,henon_1000,8,0.001,,8,4,4,64,0.0195483155548572,0.0140094710513949,0.1035428717732429,0.0896783322095871,0.8739989399909973,0.908399760723114,258,8308,276.97,0.0707414750009775,0.0709354877471923,0.0728955194354057
1,rnn,layers_2,henon_1000,8,0.001,,8,8,1,64,7.28540408090339e-06,7.04016383679118e-06,0.0020802777726203,0.0020953826606273,0.9999567866325378,0.9999574422836304,258,1584,57.78,0.0250785106793046,0.0238104946911335,0.0253452584147453
1,rnn,layers_2,henon_1000,8,0.001,,8,8,2,64,5.954728840151802e-05,5.628343569696881e-05,0.0059712310321629,0.0059314677491784,0.9996318817138672,0.999650239944458,258,2744,99.84,0.0588008258491754,0.0569109618663787,0.0598534867167472
1,rnn,layers_2,henon_1000,8,0.001,,8,8,4,64,0.0574722476303577,0.0479273907840251,0.1900290101766586,0.1764721870422363,0.5622202157974243,0.633380651473999,258,2956,105.31,0.0711875904351472,0.0709160789847374,0.0727923437952995
1,rnn,layers_2,henon_1000,8,0.001,,8,16,1,64,8.723206519789528e-06,7.937875125207938e-06,0.0021424819715321,0.0021207127720117,0.9999459385871888,0.9999507069587708,258,1215,63.69,0.0249297803267836,0.0250267162919044,0.0261791944503784
1,rnn,layers_2,henon_1000,8,0.001,,8,16,2,64,0.0004080182989127,0.0003222193627152,0.0118686500936746,0.0107812611386179,0.9974725246429444,0.99800843000412,258,1745,88.86,0.0584740035235881,0.0578058399260044,0.0597778931260108
1,rnn,layers_2,henon_1000,8,0.001,,8,16,4,64,0.0655156895518302,0.0615373663604259,0.2074892222881317,0.2051469832658767,0.4519941210746765,0.4872792363166809,258,885,44.46,0.0703098688274622,0.0719942823052406,0.0727577954530716
1,rnn,layers_3,henon_1000,8,0.001,,8,4,1,64,4.525098574958975e-06,4.8768933993414976e-06,0.0015995770227164,0.0016999416984617,0.99997216463089,0.9999695420265198,402,1505,64.43,0.0077722318936139,0.007541652303189,0.0079972045496106
1,rnn,layers_3,henon_1000,8,0.001,,8,4,2,64,3.818189725279808e-05,4.202137643005699e-05,0.004661142360419,0.0047795791178941,0.999763250350952,0.999737024307251,402,1971,73.48,0.0542358137667179,0.0509721301496028,0.0533199794590473
1,rnn,layers_3,henon_1000,8,0.001,,8,4,4,64,0.0020055354107171,0.0023577935062348,0.0287761110812425,0.032120008021593,0.9876260757446288,0.9851394295692444,402,5338,183.77,0.0781998947262763,0.0775841921567916,0.0787377208471298
1,rnn,layers_3,henon_1000,8,0.001,,8,8,1,64,8.735935807635542e-06,7.757799721730407e-06,0.0021809104364365,0.0020333840511739,0.9999461770057678,0.9999516010284424,402,1132,56.27,0.0064583807252347,0.0060526733286678,0.0062643606215715
1,rnn,layers_3,henon_1000,8,0.001,,8,8,2,64,1.1286392691545188e-05,1.0428204404888676e-05,0.0025206711143255,0.0024465853348374,0.9999321103096008,0.9999374151229858,402,1568,77.83,0.0503761820495128,0.0476866252720356,0.0502108857035636
1,rnn,layers_3,henon_1000,8,0.001,,8,8,4,64,0.0029023075476288,0.0016556053888052,0.0354060903191566,0.0293653570115566,0.9818644523620604,0.989643931388855,402,3897,176.45,0.0770924121141433,0.0766982361674308,0.0780574083328247
1,rnn,layers_3,henon_1000,8,0.001,,8,16,1,64,8.527003046765458e-06,8.164925930032041e-06,0.0021864727605134,0.0021383264102041,0.9999489784240724,0.999950110912323,402,1100,79.48,0.0079195570200681,0.0080312490463256,0.0085032153874635
1,rnn,layers_3,henon_1000,8,0.001,,8,16,2,64,9.423015399079304e-06,9.98153609543806e-06,0.0022906439844518,0.0023404641542583,0.9999420642852784,0.9999407529830932,402,1710,124.59,0.0526992246508598,0.0507874861359596,0.0529863908886909
1,rnn,layers_3,henon_1000,8,0.001,,8,16,4,64,0.0006615375168621,0.0004878763575106,0.0185325257480144,0.0166074093431234,0.9959153532981871,0.9969583749771118,402,4073,258.94,0.0755391687154769,0.0772134512662887,0.0779625624418258
1,rnn,layers_1,henon_1000,8,0.001,,16,4,1,64,4.630425792129245e-06,4.468668066692771e-06,0.0015326122520491,0.0015526929637417,0.999972403049469,0.9999725818634032,354,1435,38.36,0.0254946928471326,0.0246470291167497,0.026459839195013
1,rnn,layers_1,henon_1000,8,0.001,,16,4,2,64,3.84356826543808e-05,3.777894744416699e-05,0.0042237397283315,0.0041646524332463,0.9997637867927552,0.9997648000717164,354,4234,86.3,0.0621999260038137,0.0597333386540412,0.0623160190880298
1,rnn,layers_1,henon_1000,8,0.001,,16,4,4,64,0.0200757347047328,0.0165588594973087,0.1013367399573326,0.0924926400184631,0.8663758039474487,0.8902896642684937,354,9133,213.91,0.0699763793498277,0.0704368650913238,0.0729735195636749
1,rnn,layers_1,henon_1000,8,0.001,,16,8,1,64,5.8722393987409305e-06,5.20654702995671e-06,0.0016258731484413,0.0015144261997193,0.9999662041664124,0.9999687075614928,354,1661,41.11,0.0259615296497941,0.0247711390256881,0.0264310985803604
1,rnn,layers_1,henon_1000,8,0.001,,16,8,2,64,0.0001208749090437,9.948349179467186e-05,0.008163446560502,0.0075459745712578,0.9992743134498596,0.9993794560432434,354,2922,72.08,0.060846821591258,0.0592733584344387,0.0621419884264469
1,rnn,layers_1,henon_1000,8,0.001,,16,8,4,64,0.0656188055872917,0.0601827353239059,0.2099718749523162,0.2031402587890625,0.4350202679634094,0.498833417892456,354,942,23.14,0.0690867442637682,0.0700137093663215,0.07267627120018
1,rnn,layers_1,henon_1000,8,0.001,,16,16,1,64,4.991153673472581e-06,4.151576831645798e-06,0.0016019833274185,0.0014755155425518,0.9999693036079408,0.9999746680259703,354,1718,56.52,0.0254471145570278,0.0254223067313432,0.0264986585825681
1,rnn,layers_1,henon_1000,8,0.001,,16,16,2,64,2.977604526677169e-05,2.8833177566411905e-05,0.0040237545035779,0.0040127886459231,0.9998175501823424,0.9998211860656738,354,3214,101.04,0.0601777844130992,0.0599056184291839,0.0618169382214546
1,rnn,layers_1,henon_1000,8,0.001,,16,16,4,64,0.0678972899913787,0.0654098615050315,0.2187993973493576,0.2163368761539459,0.3934255838394165,0.4261262118816376,354,705,23.06,0.0687573228031396,0.0703835785388946,0.0715049654245376
1,rnn,layers_2,henon_1000,8,0.001,,16,4,1,64,3.514690888550831e-06,3.2642092264723037e-06,0.0014088947791606,0.0013283500447869,0.9999786019325256,0.999980092048645,898,1161,35.37,0.0117140700109303,0.0116796866059303,0.0130214262753725
1,rnn,layers_2,henon_1000,8,0.001,,16,4,2,64,3.411572106415406e-05,3.000245851580985e-05,0.0039962870068848,0.0039265160448849,0.9997910857200624,0.9998165369033812,898,1825,52.72,0.0431755695492029,0.0412070900201797,0.04378117993474
1,rnn,layers_2,henon_1000,8,0.001,,16,4,4,64,0.00215539871715,0.0021419117692857,0.0321405865252018,0.0333858020603656,0.986582577228546,0.9864847660064696,898,3860,109.7,0.0688748307526111,0.0691369697451591,0.0718269795179367
1,rnn,layers_2,henon_1000,8,0.001,,16,8,1,64,6.4229784584313165e-06,5.895014510315377e-06,0.0019710485357791,0.0018954725237563,0.9999626278877258,0.9999645948410034,898,921,34.75,0.0090204192325472,0.0093276053667068,0.0104229394346475
1,rnn,layers_2,henon_1000,8,0.001,,16,8,2,64,5.2469931688392535e-05,4.999236989533529e-05,0.0053467922843992,0.0053363405168056,0.9996762871742249,0.9996887445449828,898,1456,56.82,0.0418599348515272,0.0405638255178928,0.0457072705030441
1,rnn,layers_2,henon_1000,8,0.001,,16,8,4,64,0.0505620725452899,0.0402676835656166,0.160055473446846,0.1432166397571563,0.6627510190010071,0.7164371013641357,898,2032,74.05,0.067877834662795,0.0686697736382484,0.0720738321542739
1,rnn,layers_2,henon_1000,8,0.001,,16,16,1,64,4.455296675587306e-06,3.9188093978737015e-06,0.0016477053286507,0.0015346580184996,0.9999730587005616,0.9999759197235109,898,889,47.86,0.009630855359137,0.009984846226871,0.0112139219418168
1,rnn,layers_2,henon_1000,8,0.001,,16,16,2,64,3.254919283790514e-05,2.6457109925104305e-05,0.0043151592835783,0.0040050609968602,0.999799370765686,0.9998368620872498,898,1609,86.21,0.0444259798154234,0.0452075824141502,0.0485913977026939
1,rnn,layers_2,henon_1000,8,0.001,,16,16,4,64,0.0700538232922554,0.0627059787511825,0.2112276554107666,0.2007374614477157,0.4137092530727386,0.4748024344444275,898,542,28.75,0.067588135972619,0.069412000477314,0.0706292986869812
1,rnn,layers_3,henon_1000,8,0.001,,16,4,1,64,2.808518956953776e-06,2.7656110432872083e-06,0.001283464138396,0.0012898950371891,0.9999826550483704,0.9999825954437256,1442,810,31.1,0.0006206724268849,0.0005730452830903,0.0006419593701139
1,rnn,layers_3,henon_1000,8,0.001,,16,4,2,64,1.083128427126212e-05,1.1262250154686626e-05,0.002505850046873,0.0025975324679166,0.999933123588562,0.9999294877052308,1442,961,36.26,0.0206600543111562,0.020573167130351,0.0227333977818489
1,rnn,layers_3,henon_1000,8,0.001,,16,4,4,64,0.0013291704235598,0.0011826158734038,0.0231933984905481,0.0234700758010149,0.991733729839325,0.9925646781921388,1442,2037,75.68,0.0676112703979015,0.0676159784197807,0.0706215798854827
1,rnn,layers_3,henon_1000,8,0.001,,16,8,1,64,4.335247467679437e-06,4.532258571998682e-06,0.0015460991999134,0.0015847400063648,0.9999731183052064,0.999971866607666,1442,837,44.78,0.000869908806635,0.0008307789685204,0.0008999716374091
1,rnn,layers_3,henon_1000,8,0.001,,16,8,2,64,2.6269453883287497e-05,2.6710333258961327e-05,0.0036750228609889,0.0037928072270005,0.9998379349708556,0.9998331665992736,1442,1201,61.47,0.0195349411107599,0.018958706408739,0.0210872329771518
1,rnn,layers_3,henon_1000,8,0.001,,16,8,4,64,0.0160058438777923,0.0160310585051774,0.0779600739479065,0.082939900457859,0.8993209004402161,0.896253764629364,1442,1932,93.58,0.0676068771630525,0.0676800012588501,0.0712553784251213
1,rnn,layers_3,henon_1000,8,0.001,,16,16,1,64,5.4922625167819206e-06,4.694006292993436e-06,0.0017082346603274,0.0016030793776735,0.9999674558639526,0.99997216463089,1442,827,60.92,0.0009514798875898,0.0009621914941817,0.0010271740611642
1,rnn,layers_3,henon_1000,8,0.001,,16,16,2,64,4.133165202802047e-05,3.254695548093878e-05,0.0042419582605361,0.0040872148238122,0.9997454285621644,0.9997974634170532,1442,1104,81.19,0.02031334284693,0.0205226261168718,0.0233281850814819
1,rnn,layers_3,henon_1000,8,0.001,,16,16,4,64,0.0680274441838264,0.0569623745977878,0.2125757336616516,0.1990495920181274,0.4359034895896911,0.540464460849762,1442,471,36.23,0.0666135720908641,0.0678087249398231,0.0694966167211532
1,rnn,layers_1,henon_1000,8,0.001,,32,4,1,64,5.207539288676344e-06,4.165514837950468e-06,0.0014803875237703,0.0014158339472487,0.9999685287475586,0.9999743103981018,1218,1866,38.88,0.0283651025965809,0.027474720031023,0.0295534115284681
1,rnn,layers_1,henon_1000,8,0.001,,32,4,2,64,0.0001760947925504,0.0001628796308068,0.0082474304363131,0.0079607320949435,0.9989699721336364,0.9990034699440002,1218,2661,55.81,0.0623689752072095,0.0600355565547943,0.0627869144082069
1,rnn,layers_1,henon_1000,8,0.001,,32,4,4,64,0.0112909106537699,0.0079853441566228,0.0679713860154151,0.0577375963330268,0.928239107131958,0.9486348032951356,1218,5591,111.1,0.0693234886974096,0.0700087174773216,0.0726921707391738
1,rnn,layers_1,henon_1000,8,0.001,,32,8,1,64,8.812732630758546e-06,7.925580575829372e-06,0.002186517463997,0.0020935982465744,0.999948263168335,0.999952793121338,1218,1527,40.27,0.0276221849024295,0.0273532569408416,0.0289918836206197
1,rnn,layers_1,henon_1000,8,0.001,,32,8,2,64,9.000416321214288e-05,9.749066521180794e-05,0.0066487323492765,0.006856732070446,0.9994446635246276,0.999397039413452,1218,2932,74.07,0.0598517570644617,0.0590388067066669,0.0628823041915893
1,rnn,layers_1,henon_1000,8,0.001,,32,8,4,64,0.067343458533287,0.0570288300514221,0.2047426849603653,0.1882209032773971,0.4732684791088104,0.5478678941726685,1218,1404,35.98,0.0688966169953346,0.0696344450116157,0.072532944381237
1,rnn,layers_1,henon_1000,8,0.001,,32,16,1,64,5.497529400599888e-06,5.220571893005399e-06,0.0016130759613588,0.0016184203559532,0.9999666213989258,0.99996817111969,1218,1550,55.42,0.0270502280443906,0.0276282988488674,0.0281317047774791
1,rnn,layers_1,henon_1000,8,0.001,,32,16,2,64,0.0003342587151564,0.0001917511690407,0.0110877212136983,0.0092964461073279,0.9979374408721924,0.9988104104995728,1218,3549,126.15,0.0583492271602153,0.0603253096342086,0.0633757188916206
1,rnn,layers_1,henon_1000,8,0.001,,32,16,4,64,0.0727761164307594,0.065491072833538,0.223178818821907,0.2087413966655731,0.3402656316757202,0.4304949641227722,1218,435,20.39,0.0680459327995777,0.0703544691205024,0.0712107121944427
1,rnn,layers_2,henon_1000,8,0.001,,32,4,1,64,5.276157480693655e-06,5.4191250455915e-06,0.0018132749246433,0.0018528929213061,0.9999682903289796,0.9999662637710572,3330,734,22.47,0.0082982554100453,0.0083829704672098,0.0094607146456837
1,rnn,layers_2,henon_1000,8,0.001,,32,4,2,64,4.85395903524477e-05,4.9470134399598464e-05,0.0052436352707445,0.0052175754681229,0.9996985793113708,0.9996901154518129,3330,1262,39.87,0.041953082755208,0.0399855338037014,0.0427131615579128
1,rnn,layers_2,henon_1000,8,0.001,,32,4,4,64,0.000625864660833,0.0006332752527669,0.0168002974241971,0.0175512991845607,0.99611097574234,0.99602472782135,3330,1944,59.9,0.0691650614142418,0.069812998175621,0.0724234208464622
1,rnn,layers_2,henon_1000,8,0.001,,32,8,1,64,1.1941642696911003e-05,1.11469171315548e-05,0.0024998518638312,0.0024685200769454,0.9999266266822816,0.9999303221702576,3330,688,29.58,0.0095603014808148,0.0099257612600922,0.0109824622049927
1,rnn,layers_2,henon_1000,8,0.001,,32,8,2,64,5.262701597530395e-05,4.674221054301597e-05,0.0048432745970785,0.0048040919937193,0.9996798634529114,0.999709963798523,3330,1444,58.54,0.0418549947440624,0.040734801441431,0.0461475774645805
1,rnn,layers_2,henon_1000,8,0.001,,32,8,4,64,0.0477411672472953,0.042612574994564,0.153006300330162,0.1428354084491729,0.6803939938545227,0.7038267254829407,3330,1216,48.99,0.0685689568519592,0.0689577162265777,0.0720053911209106
1,rnn,layers_2,henon_1000,8,0.001,,32,16,1,64,3.52047959495394e-06,3.3612327570153866e-06,0.00144854048267,0.0014241245808079,0.9999807476997375,0.9999812245368958,3330,929,56.32,0.0093551093712449,0.0099254976958036,0.0112936571240425
1,rnn,layers_2,henon_1000,8,0.001,,32,16,2,64,3.1902545742923394e-05,3.350049155415036e-05,0.0039746663533151,0.0041106338612735,0.9998106956481934,0.9997952580451964,3330,1516,88.0,0.0421988565474748,0.0442266836762428,0.0479750335216522
1,rnn,layers_2,henon_1000,8,0.001,,32,16,4,64,0.0659329369664192,0.0612667761743068,0.2127325534820556,0.2058494389057159,0.4312725961208343,0.4845202267169952,3330,400,24.34,0.0676421713083982,0.0697365030646324,0.0707653313875198
1,rnn,layers_3,henon_1000,8,0.001,,32,4,1,64,4.804619948117761e-06,4.16281773141236e-06,0.0016667258460074,0.001597860828042,0.9999747276306152,0.9999775290489196,5442,598,23.87,0.0007507729693315,0.0006531201652251,0.0007682818686589
1,rnn,layers_3,henon_1000,8,0.001,,32,4,2,64,3.603839650168084e-05,3.4799293644027784e-05,0.0041333502158522,0.0038403861690312,0.9997862577438354,0.9997934699058532,5442,725,29.95,0.0140637268312275,0.0142186358571052,0.0151616986840963
1,rnn,layers_3,henon_1000,8,0.001,,32,4,4,64,0.0002304998779436,0.0001911408617161,0.0102206822484731,0.0104080848395824,0.9985997676849364,0.9988287091255188,5442,1713,69.37,0.0671599145978689,0.0674567073583602,0.0704834833741188
1,rnn,layers_3,henon_1000,8,0.001,,32,8,1,64,5.421406058303546e-06,5.515675638889661e-06,0.0017974803922697,0.0017616036348044,0.9999693632125854,0.9999680519104004,5442,613,34.85,0.0005068319616839,0.000458541966509,0.0005268827080726
1,rnn,layers_3,henon_1000,8,0.001,,32,8,2,64,3.383324292371981e-05,2.8508644390967675e-05,0.0042194030247628,0.0040000481531023,0.999799370765686,0.9998266100883484,5442,755,41.26,0.0163002219051122,0.0154898259788751,0.017094088718295
1,rnn,layers_3,henon_1000,8,0.001,,32,8,4,64,0.0181601345539093,0.0090145785361528,0.0675113126635551,0.0506237260997295,0.8892663717269897,0.9423311352729796,5442,1454,79.64,0.0653223749250173,0.0664176866412162,0.0702420994639396
1,rnn,layers_3,henon_1000,8,0.001,,32,16,1,64,3.510646365612047e-06,3.687188609546865e-06,0.0014150833012536,0.0014237614814192,0.9999793767929076,0.9999781250953674,5442,613,52.65,0.0007125322445062,0.0006629112758673,0.0007433045539073
1,rnn,layers_3,henon_1000,8,0.001,,32,16,2,64,2.821573616529349e-05,2.156097070837859e-05,0.003506522392854,0.0032751848921179,0.9998352527618408,0.9998729825019836,5442,767,65.38,0.0151219299994409,0.0150108654052019,0.0166337341070175
1,rnn,layers_3,henon_1000,8,0.001,,32,16,4,64,0.0663598999381065,0.066526211798191,0.2064821720123291,0.2107909470796585,0.4337393939495086,0.4235894978046417,5442,1115,99.12,0.0623831614851951,0.0689930990338325,0.068137839436531
1,rnn,layers_1,henon_1000,9,0.001,,8,4,1,64,1.159782459581038e-05,1.315323152084602e-05,0.0022005366627126,0.0022944607771933,0.9999300241470336,0.9999185800552368,114,1845,37.55,0.0298960717394948,0.0287669748067855,0.0301960445940494
1,rnn,layers_1,henon_1000,9,0.001,,8,4,2,64,0.0005636899149976,0.0005437244544737,0.0161217041313648,0.0163715928792953,0.9965031147003174,0.9966166019439696,114,4241,79.8,0.0593893337994813,0.0576030164957046,0.0603388100862503
1,rnn,layers_1,henon_1000,9,0.001,,8,4,4,64,0.0381936430931091,0.0344625152647495,0.1504988372325897,0.1443150043487548,0.7247758507728577,0.7536739706993103,114,14137,249.62,0.0732395887374877,0.0720258504152298,0.0732633471488952
1,rnn,layers_1,henon_1000,9,0.001,,8,8,1,64,6.152502464829013e-06,5.51700895812246e-06,0.0016812229296192,0.0016100575448945,0.9999628663063048,0.9999654293060304,114,1967,47.08,0.0304886510595679,0.028718052431941,0.0299662090837955
1,rnn,layers_1,henon_1000,9,0.001,,8,8,2,64,0.0003712272446136,0.0002997811243403,0.0114837177097797,0.0105705428868532,0.9977240562438964,0.9981515407562256,114,3982,96.79,0.0620793163776397,0.0581807605922222,0.0608802549540996
1,rnn,layers_1,henon_1000,9,0.001,,8,8,4,64,0.0677275583148002,0.0583411790430545,0.2132172286510467,0.1986860036849975,0.4299784004688263,0.5214799046516418,114,2627,62.78,0.0746229723095893,0.0720687881112098,0.073499821126461
1,rnn,layers_1,henon_1000,9,0.001,,8,16,1,64,6.144889994175173e-06,5.410407538875006e-06,0.0017349414993077,0.0016470527043566,0.999963641166687,0.9999670386314392,114,1848,57.42,0.030153284035623,0.0292223822325468,0.0299936402589082
1,rnn,layers_1,henon_1000,9,0.001,,8,16,2,64,0.0008514078799635,0.0007642065174877,0.0195109322667121,0.0193414129316806,0.9948214292526244,0.9952536225318908,114,2846,89.05,0.060192123055458,0.0587521120905876,0.0608583837747573
1,rnn,layers_1,henon_1000,9,0.001,,8,16,4,64,0.065769650042057,0.0601564049720764,0.2109926789999008,0.2031463682651519,0.4306859076023102,0.4974080920219421,114,1839,56.67,0.0730611659586429,0.0723729655146598,0.0731505304574966
1,rnn,layers_2,henon_1000,9,0.001,,8,4,1,64,9.44149633141933e-06,9.983915333577896e-06,0.0023322887718677,0.0023713500704616,0.9999420642852784,0.9999381303787231,258,1205,34.34,0.0109944294206798,0.0105946026742458,0.011904745362699
1,rnn,layers_2,henon_1000,9,0.001,,8,4,2,64,8.203218749258667e-05,7.587168511236086e-05,0.0072596324607729,0.0068310857750475,0.9994919896125792,0.9995266199111938,258,2242,63.36,0.0540035512298345,0.052227709442377,0.0550380162894725
1,rnn,layers_2,henon_1000,9,0.001,,8,4,4,64,0.0165025498718023,0.0153173264116048,0.0877606570720672,0.084571748971939,0.8915604948997498,0.8989056348800659,258,7162,182.76,0.0694382302463054,0.0700271427631378,0.0727564767003059
1,rnn,layers_2,henon_1000,9,0.001,,8,8,1,64,1.0600143468764143e-05,1.0275630302203352e-05,0.0024392483755946,0.0023130690678954,0.9999364018440248,0.9999378323554992,258,1276,45.84,0.0092768841888755,0.0093263620510697,0.0103401457890868
1,rnn,layers_2,henon_1000,9,0.001,,8,8,2,64,6.0168338677613065e-05,5.802127998322249e-05,0.0060820132493972,0.005898708011955,0.9996337294578552,0.9996384382247924,258,4907,160.94,0.0573726430535316,0.0549750216305255,0.058184266090393
1,rnn,layers_2,henon_1000,9,0.001,,8,8,4,64,0.0367579907178878,0.0313551761209964,0.1439287811517715,0.1330986022949218,0.7468438744544983,0.7795078158378601,258,4172,140.49,0.0705271389335393,0.0697710663080215,0.0725098103284835
1,rnn,layers_2,henon_1000,9,0.001,,8,16,1,64,1.1518021892698016e-05,1.1638165233307518e-05,0.0025421932805329,0.0024906382896006,0.9999299645423888,0.9999284744262696,258,1000,52.78,0.0098670613486319,0.0092539628967642,0.0102606024593114
1,rnn,layers_2,henon_1000,9,0.001,,8,16,2,64,5.861894169356674e-05,5.201782187214121e-05,0.005786495283246,0.0055223819799721,0.9996383786201476,0.99967622756958,258,3955,189.5,0.0540891997516155,0.0531361624598503,0.0554615259170532
1,rnn,layers_2,henon_1000,9,0.001,,8,16,4,64,0.0642905309796333,0.0645587667822837,0.2084521800279617,0.2145323008298874,0.4465563297271728,0.4385629594326019,258,516,26.72,0.0695373650640249,0.0705794319510459,0.0717557072639465
1,rnn,layers_3,henon_1000,9,0.001,,8,4,1,64,6.988260793150403e-06,6.701151505694725e-06,0.0019259231630712,0.0018957438878715,0.9999566674232484,0.9999585747718812,402,988,37.23,0.0025536903529427,0.0023497026413679,0.002608273178339
1,rnn,layers_3,henon_1000,9,0.001,,8,4,2,64,0.0001428698014933,0.0001249512279173,0.0078852558508515,0.0074850306846201,0.999123752117157,0.999221682548523,402,1468,54.33,0.0297537086531519,0.0297291744500398,0.0317008718848228
1,rnn,layers_3,henon_1000,9,0.001,,8,4,4,64,0.003525503212586,0.0035784591455012,0.0402853414416313,0.0420629903674125,0.9779360890388488,0.9773200154304504,402,4843,159.73,0.0689175393432378,0.0693454593420028,0.0719171315431594
1,rnn,layers_3,henon_1000,9,0.001,,8,8,1,64,5.122707079863176e-06,4.783006261277478e-06,0.0016159849474206,0.0016000486211851,0.999968647956848,0.9999702572822572,402,908,44.17,0.0025886000948958,0.0025772587396204,0.0026314798742532
1,rnn,layers_3,henon_1000,9,0.001,,8,8,2,64,3.027167622349225e-05,3.3245647500734776e-05,0.0037459912709891,0.0040417551063001,0.999812662601471,0.9997922778129578,402,1799,83.91,0.0435785036534071,0.0414619967341423,0.0442740991711616
1,rnn,layers_3,henon_1000,9,0.001,,8,8,4,64,0.0509514138102531,0.0423927269876003,0.1781870573759079,0.1590747833251953,0.6443215608596802,0.6908122301101685,402,1817,85.51,0.0703981317579746,0.0692586526274681,0.0722818821668624
1,rnn,layers_3,henon_1000,9,0.001,,8,16,1,64,5.721254183299607e-06,5.234945092524868e-06,0.0017034190241247,0.0016809847438707,0.9999650120735168,0.9999674558639526,402,915,63.94,0.0025005019037052,0.0025127304252237,0.0025999981444329
1,rnn,layers_3,henon_1000,9,0.001,,8,16,2,64,8.926197187975049e-05,8.348720439244062e-05,0.0052868672646582,0.0055552986450493,0.999450147151947,0.9994826912879944,402,1541,104.29,0.0449795071035623,0.0441673062741756,0.0462072864174842
1,rnn,layers_3,henon_1000,9,0.001,,8,16,4,64,0.06431445479393,0.0497626587748527,0.1967712491750717,0.1759019792079925,0.505009114742279,0.6204683780670166,402,1094,75.85,0.068486700579524,0.0692077577114105,0.0702352747321128
1,rnn,layers_1,henon_1000,9,0.001,,16,4,1,64,7.985493539308663e-06,6.900432254042244e-06,0.0020055959466844,0.001858091680333,0.999951183795929,0.9999578595161438,354,1936,38.92,0.031544167548418,0.030130686238408,0.0315394066274166
1,rnn,layers_1,henon_1000,9,0.001,,16,4,2,64,0.0001115078121074,0.0001162022163043,0.0065378625877201,0.006651665084064,0.9993083477020264,0.9992779493331908,354,3352,65.33,0.0613423086702823,0.0595863908529281,0.0624119155108928
1,rnn,layers_1,henon_1000,9,0.001,,16,4,4,64,0.0224842019379138,0.018054524436593,0.1005191355943679,0.0933633893728256,0.8490241765975952,0.8796400427818298,354,9718,171.0,0.069684026017785,0.0700216367840766,0.0723917558789253
1,rnn,layers_1,henon_1000,9,0.001,,16,8,1,64,6.486914571723901e-06,6.64100616631913e-06,0.0018108858494088,0.0018190450500696,0.9999604225158693,0.9999603629112244,354,1599,38.83,0.0335788497701287,0.0314915217459201,0.0327970497310161
1,rnn,layers_1,henon_1000,9,0.001,,16,8,2,64,0.0002053372445516,0.0001815339637687,0.009487890638411,0.0092793721705675,0.9987391233444214,0.9988730549812316,354,4751,109.94,0.0643484901636839,0.0608496703207492,0.0634153708815574
1,rnn,layers_1,henon_1000,9,0.001,,16,8,4,64,0.066147394478321,0.0567839369177818,0.2108735591173172,0.1956258118152618,0.4457211494445801,0.5397307872772217,354,1050,25.63,0.0715598925948143,0.0700097009539604,0.0725276544690132
1,rnn,layers_1,henon_1000,9,0.001,,16,16,1,64,3.914795343007427e-06,3.425360773690045e-06,0.0014831105945631,0.0014303873758763,0.999976634979248,0.9999794363975524,354,1795,74.66,0.0332610921934247,0.0319192446768283,0.0329187661409378
1,rnn,layers_1,henon_1000,9,0.001,,16,16,2,64,0.000442660821136,0.000433453998994,0.0124898198992013,0.0129337245598435,0.9972707033157348,0.9972999095916748,354,2432,79.0,0.0625804230570793,0.0609510093927383,0.0629735216498375
1,rnn,layers_1,henon_1000,9,0.001,,16,16,4,64,0.067448005080223,0.0635310932993888,0.2135232239961624,0.2073459178209304,0.415393203496933,0.4630244374275207,354,931,34.01,0.0700116045773029,0.070503331720829,0.0717221945524215
1,rnn,layers_2,henon_1000,9,0.001,,16,4,1,64,2.682312469914905e-06,2.87695888800954e-06,0.0012983730994164,0.001343019073829,0.9999858140945436,0.9999849200248718,898,1292,37.75,0.0151654572226107,0.0143678113818168,0.0162763036787509
1,rnn,layers_2,henon_1000,9,0.001,,16,4,2,64,3.410883800825104e-05,3.531631955411285e-05,0.0037405455950647,0.0038391349371522,0.999788463115692,0.9997798800468444,898,2398,69.02,0.0603658348321914,0.0590981245040893,0.0616359189152717
1,rnn,layers_2,henon_1000,9,0.001,,16,4,4,64,0.002717790659517,0.0019641271792352,0.0332887023687362,0.030916441231966,0.9830878973007202,0.98763507604599,898,4437,115.16,0.0695029836148023,0.069751352071762,0.0722064226865768
1,rnn,layers_2,henon_1000,9,0.001,,16,8,1,64,5.291043180477573e-06,4.733718014904298e-06,0.0017105361912399,0.0016403234330937,0.999967873096466,0.99997079372406,898,1195,44.32,0.0144699563272297,0.0145011562854051,0.016213908791542
1,rnn,layers_2,henon_1000,9,0.001,,16,8,2,64,6.023603418725543e-05,3.3830183383543044e-05,0.0047381636686623,0.004030043259263,0.9996367692947388,0.9998006224632264,898,1671,63.23,0.0587914925068616,0.0568878427147865,0.0598948299884796
1,rnn,layers_2,henon_1000,9,0.001,,16,8,4,64,0.044068019837141,0.0313948057591915,0.138969600200653,0.1227826401591301,0.7200888395309448,0.7885404825210571,898,3327,117.85,0.0700004965066909,0.0687461271882057,0.0717610046267509
1,rnn,layers_2,henon_1000,9,0.001,,16,16,1,64,7.435970019287197e-06,7.294057468243409e-06,0.0019407095387578,0.0019269513431936,0.9999568462371826,0.9999574422836304,898,1075,56.48,0.0146944551728665,0.0141160655766725,0.0155792431905865
1,rnn,layers_2,henon_1000,9,0.001,,16,16,2,64,5.5340296967187896e-05,4.758329305332154e-05,0.00519644562155,0.0052171186544001,0.999660074710846,0.9997101426124572,898,1500,76.39,0.0571292839944362,0.0563984885811805,0.0582967363297939
1,rnn,layers_2,henon_1000,9,0.001,,16,16,4,64,0.0640839412808418,0.0649900659918785,0.2071402817964553,0.2125353366136551,0.4495904147624969,0.4324683547019958,898,400,21.62,0.0691639885306358,0.0690025612711906,0.0701861158013343
1,rnn,layers_3,henon_1000,9,0.001,,16,4,1,64,9.496922757534776e-06,8.94442382559646e-06,0.0023904396221041,0.0023623283486813,0.999941349029541,0.9999438524246216,1442,730,29.79,0.0046168685192242,0.0044044842943549,0.0048302146606147
1,rnn,layers_3,henon_1000,9,0.001,,16,4,2,64,3.197426849510521e-05,3.336968438816257e-05,0.0043313195928931,0.004420886747539,0.9998077750205994,0.9998029470443726,1442,1233,45.74,0.0487590115517377,0.0471306890249252,0.0499124303460121
1,rnn,layers_3,henon_1000,9,0.001,,16,4,4,64,0.0011410535080358,0.0007719707791693,0.019878564402461,0.0186029728502035,0.9928855895996094,0.9951732754707336,1442,3117,106.99,0.06890181414783,0.0696036964654922,0.0719513222575187
1,rnn,layers_3,henon_1000,9,0.001,,16,8,1,64,6.930979907338042e-06,6.212119842530228e-06,0.0019406306091696,0.0018697760533541,0.9999589920043944,0.9999626874923706,1442,771,38.59,0.0046696015866473,0.0048526106402277,0.0051447721198201
1,rnn,layers_3,henon_1000,9,0.001,,16,8,2,64,5.258953387965448e-05,5.031918772147037e-05,0.0044599650427699,0.0046525984071195,0.9996747970581056,0.9996857047080994,1442,1055,51.45,0.0473117023706436,0.0451791323721408,0.0479920804500579
1,rnn,layers_3,henon_1000,9,0.001,,16,8,4,64,0.0395100302994251,0.0314505621790885,0.1355310231447219,0.1236430406570434,0.7446279525756836,0.7851726412773132,1442,1628,78.69,0.0702040776610374,0.0690424591302871,0.07186209410429
1,rnn,layers_3,henon_1000,9,0.001,,16,16,1,64,1.230751513503492e-05,1.1531722520885523e-05,0.0027742336969822,0.0026836125180125,0.99992698431015,0.999931275844574,1442,654,46.96,0.0042661800514906,0.0042554168030619,0.0045645148493349
1,rnn,layers_3,henon_1000,9,0.001,,16,16,2,64,1.3004458196519408e-05,1.3001112165511586e-05,0.002683178987354,0.0028233816847205,0.999921441078186,0.9999202489852904,1442,1171,113.75,0.0421178821474313,0.0411860309541225,0.0434025563299655
1,rnn,layers_3,henon_1000,9,0.001,,16,16,4,64,0.0746201127767562,0.0619304366409778,0.2199501097202301,0.2018425613641739,0.3491158187389374,0.4797205328941345,1442,490,36.98,0.0698259018361568,0.069528542459011,0.0707261487841606
1,rnn,layers_1,henon_1000,9,0.001,,32,4,1,64,1.186568806588184e-05,9.422579751117157e-06,0.0022237000521272,0.0020736423321068,0.9999300241470336,0.999942660331726,1218,1309,34.49,0.0279078103601932,0.0268436428159475,0.0288592223078012
1,rnn,layers_1,henon_1000,9,0.001,,32,4,2,64,7.119876681827009e-05,8.412251918343827e-05,0.0056736995466053,0.0058956034481525,0.9995594620704652,0.9994816780090332,1218,2726,56.04,0.0616593368351459,0.060380782932043,0.0628886222839355
1,rnn,layers_1,henon_1000,9,0.001,,32,4,4,64,0.0078352550044655,0.0067533496767282,0.0594276301562786,0.0552506633102893,0.9502342939376832,0.9567883610725404,1218,4341,85.85,0.0697884537279605,0.0700727850198745,0.0725350826978683
1,rnn,layers_1,henon_1000,9,0.001,,32,8,1,64,1.0025973097071985e-05,1.0322961315978318e-05,0.0022824928164482,0.0023283290211111,0.999938189983368,0.9999359250068665,1218,1567,51.91,0.0267244365066289,0.026052888482809,0.0277817714959383
1,rnn,layers_1,henon_1000,9,0.001,,32,8,2,64,0.0002597468264866,0.0002151885564671,0.0090712280943989,0.0082072773948311,0.9983927607536316,0.9986590147018432,1218,2559,62.35,0.0611095480620861,0.059433851391077,0.063248872756958
1,rnn,layers_1,henon_1000,9,0.001,,32,8,4,64,0.0675025731325149,0.0619931891560554,0.2122453451156616,0.199922502040863,0.4319486618041992,0.4805307984352112,1218,668,17.2,0.0703857250511646,0.0692902505397796,0.0721674188971519
1,rnn,layers_1,henon_1000,9,0.001,,32,16,1,64,1.0563520845607854e-05,9.33345472731162e-06,0.0023647553753107,0.0022075555752962,0.9999391436576844,0.999946653842926,1218,1620,56.22,0.026544321514666,0.0267572086304426,0.0276410672813653
1,rnn,layers_1,henon_1000,9,0.001,,32,16,2,64,0.0002408033324172,0.0001600826653884,0.0100041488185524,0.0087614944204688,0.998552143573761,0.9990074038505554,1218,2275,71.77,0.0595331568270921,0.0597226433455944,0.063683807849884
1,rnn,layers_1,henon_1000,9,0.001,,32,16,4,64,0.0649415552616119,0.0640648156404495,0.2104507386684417,0.210512563586235,0.4404008388519287,0.4477052390575409,1218,430,20.21,0.0701570473611354,0.070288173854351,0.0716337859630584
1,rnn,layers_2,henon_1000,9,0.001,,32,4,1,64,4.02157593271113e-06,4.032478955195984e-06,0.0014422094682231,0.0014830857980996,0.999975323677063,0.9999749064445496,3330,709,20.77,0.0055693395901471,0.0056433258578181,0.0063231321983039
1,rnn,layers_2,henon_1000,9,0.001,,32,4,2,64,3.5417811886873096e-05,3.723409099620767e-05,0.0042698588222265,0.00436109630391,0.9998003244400024,0.999783992767334,3330,1224,34.87,0.0518220156431198,0.0499367080628871,0.0532425455749034
1,rnn,layers_2,henon_1000,9,0.001,,32,4,4,64,0.0003697643114719,0.0003359449037816,0.0132497316226363,0.0131308771669864,0.9977152943611144,0.9978945851325988,3330,2507,74.73,0.0697370026260614,0.0697269141674041,0.0721962302923202
1,rnn,layers_2,henon_1000,9,0.001,,32,8,1,64,1.0087225746246986e-05,9.830187082116026e-06,0.0021701045334339,0.0021819693502038,0.9999384880065918,0.9999389052391052,3330,666,26.45,0.0053480057511478,0.0058044190518558,0.0064328843727707
1,rnn,layers_2,henon_1000,9,0.001,,32,8,2,64,3.2300318707711995e-05,2.886428774218075e-05,0.0041127712465822,0.0038973009213805,0.9998134970664978,0.9998302459716796,3330,1448,56.84,0.0480443447828292,0.0472433194518089,0.0545568764209747
1,rnn,layers_2,henon_1000,9,0.001,,32,8,4,64,0.044480811804533,0.0341823250055313,0.1378772258758545,0.1306715458631515,0.712683379650116,0.7656975984573364,3330,993,37.05,0.0704971008002758,0.0688676610589027,0.0717961713671684
1,rnn,layers_2,henon_1000,9,0.001,,32,16,1,64,6.107190984039335e-06,6.11363702773815e-06,0.0018457260448485,0.0018669279525056,0.9999628067016602,0.9999626874923706,3330,699,41.13,0.0057538729859516,0.0062886117957532,0.0071465079672634
1,rnn,layers_2,henon_1000,9,0.001,,32,16,2,64,2.660970858414657e-05,2.810833757393993e-05,0.0038505117408931,0.0040224031545221,0.9998356103897096,0.9998255968093872,3330,1445,76.26,0.0510239861905574,0.0510831475257873,0.0582261681556701
1,rnn,layers_2,henon_1000,9,0.001,,32,16,4,64,0.0748730897903442,0.0623838081955909,0.2193489074707031,0.2027080059051513,0.3597795069217682,0.4712421000003814,3330,2013,102.77,0.0676422677934169,0.0673860162496566,0.0692543610930442
1,rnn,layers_3,henon_1000,9,0.001,,32,4,1,64,8.107371286314446e-06,7.418856057483936e-06,0.0021954530384391,0.0021225987002253,0.9999525547027588,0.9999552369117736,5442,520,20.69,0.0001593730405147,0.0001558993681101,0.0001805150241125
1,rnn,layers_3,henon_1000,9,0.001,,32,4,2,64,2.67952200374566e-05,2.4959846996353008e-05,0.0038694711402058,0.0038503480609506,0.9998403787612916,0.9998499751091005,5442,729,38.92,0.0098451012745499,0.0099803069606423,0.01085408590734
1,rnn,layers_3,henon_1000,9,0.001,,32,4,4,64,0.0002440167008899,0.0002194274275097,0.0097689013928174,0.00964907836169,0.9984830617904664,0.9986284971237184,5442,1910,68.19,0.0667934030294418,0.0663986429572105,0.0689398422837257
1,rnn,layers_3,henon_1000,9,0.001,,32,8,1,64,9.559508725942578e-06,8.351857104571536e-06,0.0023370888084173,0.0020926443394273,0.9999420642852784,0.9999490976333618,5442,567,30.79,0.0004503542208112,0.0004324012552388,0.0004728775820694
1,rnn,layers_3,henon_1000,9,0.001,,32,8,2,64,2.2541367798112333e-05,1.9266326489741917e-05,0.0034921499900519,0.0032393240835517,0.999864101409912,0.9998837113380432,5442,799,45.25,0.0113201935775578,0.0117444219067692,0.0123019888997077
1,rnn,layers_3,henon_1000,9,0.001,,32,8,4,64,0.0143341673538088,0.0100916502997279,0.0628381520509719,0.0566012002527713,0.9114792346954346,0.9353359937667848,5442,1346,70.21,0.0667798973619937,0.0669366791844368,0.0710733607411384
1,rnn,layers_3,henon_1000,9,0.001,,32,16,1,64,8.743822945689317e-06,8.088624781521503e-06,0.0022929680999368,0.0022003462072461,0.999948501586914,0.9999528527259828,5442,554,42.23,0.0004232474602758,0.0004160603275522,0.0004485789977479
1,rnn,layers_3,henon_1000,9,0.001,,32,16,2,64,3.469422517810017e-05,3.052935426239856e-05,0.0043443110771477,0.004289302509278,0.9998125433921814,0.9998348355293274,5442,783,62.3,0.0130979510024189,0.0140471188351511,0.0146226184442639
1,rnn,layers_3,henon_1000,9,0.001,,32,16,4,64,0.0711883157491684,0.0609840378165245,0.2172771990299224,0.2042484283447265,0.3944558501243591,0.487582117319107,5442,1182,96.18,0.0641735982149839,0.0662042051553726,0.0706587508320808
