Version,Model,Ansatz,Data,Learning Rate,Number Qubits,Hidden Size,Sequence Length,Prediction Step,Batch Size,Num Parameters,MSE Testing Mean,MSE Testing Std,MSE Testing Min,MSE Testing Max,MSE Testing Median,MSE Testing Mad,MSE Validation Mean,MSE Validation Std,MSE Validation Min,MSE Validation Max,MSE Validation Median,MSE Validation Mad,MAE Testing Mean,MAE Testing Std,MAE Testing Min,MAE Testing Max,MAE Testing Median,MAE Testing Mad,MAE Validation Mean,MAE Validation Std,MAE Validation Min,MAE Validation Max,MAE Validation Median,MAE Validation Mad,Correlation Testing Mean,Correlation Testing Std,Correlation Testing Min,Correlation Testing Max,Correlation Testing Median,Correlation Testing Mad,Correlation Validation Mean,Correlation Validation Std,Correlation Validation Min,Correlation Validation Max,Correlation Validation Median,Correlation Validation Mad,Epochs to Convergance Mean,Epochs to Convergance Std,Epochs to Convergance Min,Epochs to Convergance Max,Epochs to Convergance Median,Epochs to Convergance Mad,Total Training Time Mean,Total Training Time Std,Total Training Time Min,Total Training Time Max,Total Training Time Median,Total Training Time Mad,Training Loss after 100 epochs Mean,Training Loss after 100 epochs Std,Training Loss after 100 epochs Min,Training Loss after 100 epochs Max,Training Loss after 100 epochs Median,Training Loss after 100 epochs Mad,Validation Loss after 100 epochs Mean,Validation Loss after 100 epochs Std,Validation Loss after 100 epochs Min,Validation Loss after 100 epochs Max,Validation Loss after 100 epochs Median,Validation Loss after 100 epochs Mad,Testing Loss after 100 epochs Mean,Testing Loss after 100 epochs Std,Testing Loss after 100 epochs Min,Testing Loss after 100 epochs Max,Testing Loss after 100 epochs Median,Testing Loss after 100 epochs Mad
1,rnn,layers_1,henon_1000,0.001,,8,16,4,64,114,0.06542403325438495,0.0025165770542430847,0.0597025603055954,0.0692152231931686,0.06578886508941645,0.000944197177886949,0.06066546104848379,0.003907707236948481,0.0521199256181716,0.0657059624791145,0.061123846098780604,0.002515666186809557,0.21067328155040738,0.004380589240007531,0.1994981616735458,0.2162908017635345,0.2110037431120872,0.0013295486569404602,0.20421979874372478,0.007654004514992167,0.1889048814773559,0.2142766267061233,0.2052792534232139,0.006322890520095853,0.4381389766931534,0.035546995686314094,0.3787728548049927,0.5073729753494263,0.4322023540735245,0.02127455174922943,0.48916917741298677,0.04889759303939131,0.4233477413654327,0.5905737280845642,0.48500864207744593,0.03312180936336523,1547.5,600.3997418387187,870,2746,1532.5,548.5,49.624,19.190109014802392,27.76,88.25,48.94,17.57,0.07453332282602783,0.002568320256237503,0.069039848819375,0.0781016230583191,0.0747151620686054,0.0017061196267605036,0.0740558840334415,0.0020601709807749973,0.0708945542573928,0.077478103339672,0.07404061779379839,0.0016331411898136486,0.07484122365713117,0.0020372397833302957,0.0716565549373626,0.0780978798866272,0.0749368108808994,0.0016895309090614527
1,rnn,layers_1,henon_1000,0.001,,16,4,1,64,354,8.455726356260129e-06,5.698472144023486e-06,3.955872671213001e-06,2.3304542992264032e-05,6.244521273401915e-06,1.989499878618517e-06,6.984235346862988e-06,3.741194936487958e-06,2.906977670136257e-06,1.5783576600369997e-05,5.762121645602747e-06,1.6543338006158592e-06,0.0018535047303884701,0.00038689922117784927,0.0013543597888201,0.0025509062688797,0.00175039295572785,0.00023649184731764999,0.0018137150444090002,0.0003705595439339624,0.001277606934309,0.0024993026163429,0.00180286134127525,0.00027518050046640007,0.9999481737613678,3.567872748293976e-05,0.9998552799224854,0.9999766945838928,0.9999617040157318,1.2785196304265778e-05,0.9999569356441498,2.3695770119212185e-05,0.9999014735221864,0.999983251094818,0.9999642074108124,1.1026859283447266e-05,1910.7,291.330413791626,1435,2471,1907.5,158.0,43.217,8.894895221417734,31.79,65.29,40.905,3.8500000000000014,0.028324136789888092,0.0016021560830449327,0.0254946928471326,0.031544167548418,0.02817682297900315,0.0006929627619683496,0.026986422576010173,0.0014573747832810353,0.0246470291167497,0.030130686238408,0.02725341916084285,0.0009617796167731511,0.028820581920444906,0.001350171458158668,0.026459839195013,0.0315394066274166,0.02911653462797395,0.00093229580670595
1,rnn,layers_1,henon_1000,0.001,,32,4,1,64,1218,1.2234160067237099e-05,6.2774539977815195e-06,5.207539288676344e-06,2.3850294383009896e-05,1.031906867865473e-05,4.919589400742552e-06,9.631615148464334e-06,4.581065286449931e-06,4.165514837950468e-06,1.927636185428128e-05,8.297312433569461e-06,2.985116680065401e-06,0.0022430098732001604,0.0005272715371163332,0.0014803875237703,0.0032233751844614,0.0021616489393636003,0.0003187080146745001,0.0021300300606526,0.000483797808205425,0.0014158339472487,0.0031100925989449,0.00201134663075205,0.00031507911626249964,0.9999265491962432,3.758873294618944e-05,0.9998624324798584,0.9999699592590332,0.999937891960144,3.0219554901123047e-05,0.9999423325061798,2.575090701285447e-05,0.9998944997787476,0.9999743103981018,0.999949038028717,1.8715858459472656e-05,1515.5,189.0276434810528,1228,1866,1490.0,130.5,32.496,3.649603266109894,25.85,38.88,32.675,2.035,0.028397136013954816,0.001230244463067355,0.0255468092858791,0.0304321400821208,0.0283841129392385,0.0004854095168411506,0.027173259109258618,0.0013633287488946945,0.0238303374499082,0.0292446073144674,0.027478358708322,0.0007133502513169982,0.029258843511342947,0.001381465969113828,0.0259523075073957,0.0314927473664283,0.0295170852914452,0.0006873738020658493
1,rnn,layers_1,henon_1000,0.001,,32,4,2,64,1218,0.0001400224067765296,8.24510947896221e-05,3.84732848033309e-05,0.0002684479695744,0.0001329567057837118,7.725647992627607e-05,0.00013904733896194233,7.113232719500137e-05,4.704214370576665e-05,0.0002483199932612,0.0001356266147922,6.675151234958035e-05,0.00718960361555214,0.0022525806856870966,0.0040752864442765,0.0102931186556816,0.00679163634777065,0.0018664379604161003,0.0072113537229597,0.0019760462289401624,0.0042957570403814,0.0098544852808117,0.00709966989234085,0.0018601217307150498,0.9991414844989777,0.0005099037813735765,0.9983451962471008,0.9997708201408386,0.999206155538559,0.0004588961601256769,0.9991367220878601,0.00044939183995969923,0.9984432458877563,0.99972003698349,0.99916672706604,0.00041866302490234375,2791.1,569.9139320985231,2049,3897,2791.5,358.5,59.146,12.683104667233492,43.58,85.27,57.905,8.225000000000001,0.06111646059900518,0.0015024360339217669,0.0575911127030849,0.0624150920659303,0.06166091766208405,0.0005420438945293003,0.05908263251185414,0.0015355233719291225,0.0559718869626522,0.060380782932043,0.0597086027264595,0.00036787800490859987,0.06175699792802329,0.0014631524842409612,0.0586808174848556,0.0628886222839355,0.0623680762946605,0.00040206685662270286
1,rnn,layers_1,henon_1000,0.001,,32,4,4,64,1218,0.01073190825991327,0.005821843192784904,0.0057994239032268,0.0222981534898281,0.0082076992839574,0.0013402935583143997,0.00859974296763533,0.003998607199823214,0.0044204974547028,0.0166361648589372,0.0073693469166755,0.0020219974685460503,0.06578297354280946,0.015061693527040725,0.0486691743135452,0.0946216508746147,0.06345559470355511,0.008251957595348407,0.06024103872478004,0.012607484304679025,0.0440631844103336,0.0828201025724411,0.05649412982165805,0.011962540447711952,0.9303865730762482,0.04014361854392782,0.8501924872398376,0.963883101940155,0.9479272961616516,0.008875697851181086,0.9442805588245392,0.026952887692709992,0.8896393179893494,0.9719953536987304,0.952711582183838,0.013309925794601496,5525.4,998.3330306065205,4341,7973,5340.0,573.0,117.425,21.774099407323376,85.85,163.83,117.05,13.599999999999994,0.07012207325547928,0.0009793345448433554,0.0685177195817232,0.0718107905238866,0.06993693932890885,0.0004728432744741523,0.0703012697398662,0.0004428328464124717,0.0698623582720756,0.0711636841297149,0.0700497739017009,0.0001581571996212075,0.07287248820066447,0.00047884471735698287,0.0724422708153724,0.0739433765411377,0.07266323640942565,0.00014641508460040004
1,rnn,layers_1,henon_1000,0.001,,32,8,1,64,1218,1.0352044910177938e-05,5.1184577164392075e-06,3.178372480761027e-06,2.295634476467967e-05,9.76891169557348e-06,2.021996351686539e-06,9.768304539647944e-06,5.24018205440356e-06,3.038336444660672e-06,2.300517189723905e-05,9.124270945903845e-06,1.9269671156507684e-06,0.0021909194532781302,0.0005109187923623319,0.0012582131894305,0.0032094267662614,0.0022345051402226,0.00014753406867384997,0.0021479415474458903,0.0005018208415497006,0.0012765388237312,0.00316205737181,0.00221096363384275,0.00017290259711445007,0.9999375641345978,3.176983759906238e-05,0.9998584389686584,0.9999809861183168,0.9999422132968903,1.1503696441705902e-05,0.9999405026435852,3.2485972818678e-05,0.9998578429222108,0.9999813437461852,0.9999440908432007,1.0192394256591797e-05,1643.0,304.07433301743833,1148,2233,1613.0,195.0,43.90599999999999,8.181221424701814,29.51,57.87,43.935,6.329999999999998,0.02739930269308382,0.0017328248940914651,0.0237798662856221,0.0306816799566149,0.0276302555575966,0.00085557149723175,0.02706458549946541,0.0019427443133180863,0.0225799195468425,0.0303600095212459,0.027351977303624098,0.0009030429646373021,0.028776170872151823,0.0019715188721397213,0.0242735520005226,0.0322955846786499,0.02888398896902795,0.0010164165869354994
1,rnn,layers_1,henon_1000,0.001,,32,8,2,64,1218,0.00042980696089213075,0.0004660434512082244,6.816283712396398e-05,0.001673154416494,0.00027519484865474997,0.00015615164738845,0.0002523380841011664,0.00015691931194483695,7.332601671805605e-05,0.0005362275987863,0.000211513506656,0.0001031397478073,0.01016604430042201,0.0037788640649438925,0.0056132609024643,0.0175791606307029,0.00930050760507575,0.002590452786535,0.00950356251560147,0.003077691781433881,0.0056930906139314,0.0148269236087799,0.00847688317298885,0.0019838437438011,0.9973818898200989,0.0028268212059414676,0.989873230457306,0.9995912313461304,0.9983319938182831,0.0009573101997376043,0.9984346091747284,0.000979083190453183,0.9966423511505128,0.9995431900024414,0.9986905455589294,0.0006456971168517511,3011.6,700.4673011640158,2017,4613,3025.0,290.0,79.193,16.169672260129452,54.42,117.85,78.93,6.604999999999997,0.06011354971677061,0.0010042461256880753,0.0583322558552026,0.0619109310209751,0.05986295044422145,0.0003587231040000499,0.0593276415020227,0.0010770059210406548,0.0578369237482547,0.062109850347042,0.05925302021205425,0.0003500059247017011,0.06318143196403977,0.0013127402881267433,0.0612293891608715,0.0665460675954818,0.0631350427865982,0.00035377964377399096
1,rnn,layers_1,henon_1000,0.001,,32,8,4,64,1218,0.067389602959156,0.0012467804049085096,0.0644059404730796,0.0692527890205383,0.06746685504913325,0.00047328695654869773,0.0598548490554094,0.002815243284853733,0.0557001866400241,0.0635211840271949,0.0610362850129604,0.001890024170279496,0.21072933524847026,0.004328175313894977,0.2047426849603653,0.2179347723722458,0.21059527248144144,0.003480561077594743,0.19704321026802057,0.007027545991451502,0.1867796033620834,0.205144464969635,0.19880647957324982,0.006210662424564334,0.4504148721694946,0.02780790164028389,0.4074224829673767,0.4950169920921325,0.4445940852165222,0.023806631565093994,0.5102202117443084,0.03605711918842435,0.4702024757862091,0.5597575902938843,0.49769413471221924,0.024538367986679077,1027.2,348.2179777093653,619,1519,976.5,333.0,26.57,8.903807050919287,16.04,39.31,25.125,8.505,0.06927543655037875,0.0009300796516187644,0.0679078996181488,0.0706481654196977,0.06926249861717221,0.0008064474910497998,0.06976891309022898,0.0005183098338195639,0.0692034438252449,0.0705648511648178,0.0695048458874225,0.0002579987049102575,0.07273486852645872,0.0005896587276755603,0.0719693899154663,0.0735533908009529,0.072633258998394,0.0005193091928958962
1,rnn,layers_1,henon_1000,0.001,,32,16,1,64,1218,1.2804166544810869e-05,9.194566852396479e-06,4.262264610588318e-06,3.854966416838579e-05,1.0978300906572258e-05,3.1446934372070245e-06,1.2090870677639032e-05,9.822012726861715e-06,4.164404344919603e-06,4.041102147311904e-05,9.38127141125733e-06,2.8718588964693473e-06,0.0023412536014802304,0.0006995330358694758,0.0014798791380599,0.0040412512607872,0.002335391822271,0.00027862633578480006,0.0023080152575857197,0.0007419466348430839,0.0015169732505455,0.0042649959214031,0.00219303462654345,0.00039499066770074995,0.9999235212802887,5.685998482902427e-05,0.99976247549057,0.999973714351654,0.9999360740184784,1.7285346984918792e-05,0.9999277234077454,6.112818966420622e-05,0.9997503757476808,0.9999745488166808,0.9999456405639648,1.5437602996826172e-05,1665.7,260.97702964054133,1217,2068,1644.5,170.5,59.556,9.8042962011559,43.9,77.06,57.205,6.895,0.02718141738325352,0.0012168530522597301,0.0244109742343425,0.0292666360735893,0.02722579520195715,0.0006493289023637491,0.027359313890337904,0.0015640500137623992,0.0232463721185922,0.0295350346714258,0.02784480340778825,0.00030191056430339987,0.02818370200693602,0.0015281364480847996,0.0240478403866291,0.0300500504672527,0.028604573570191798,0.00048269983381035025
1,rnn,layers_1,henon_1000,0.001,,32,16,2,64,1218,0.004312643870798595,0.006670725285209992,6.247941200854257e-05,0.0177557338029146,0.0005970666825305,0.0003095356587437,0.0032151244060514136,0.005101247751183465,5.223814878263511e-05,0.0137967756018042,0.00036676989111580004,0.00019085297390125005,0.028580028563737814,0.02828726590418592,0.0057914378121495,0.0901516824960708,0.01357086375355715,0.0030249287374317993,0.02524853129871185,0.025289055942783994,0.0054638222791254,0.0806840881705284,0.0113561335019767,0.00274700811132785,0.972815477848053,0.04225638200639203,0.8870320916175842,0.999614417552948,0.9962995946407318,0.001945197582244873,0.9793129444122315,0.03303740917989481,0.9106171131134032,0.9996748566627502,0.9977182745933533,0.0011906325817108154,3001.8,993.7743003318208,1489,4941,2943.0,672.0,106.436,35.995487272712396,55.19,176.13,105.03999999999999,28.21999999999999,0.05894256498664614,0.0011787885965242354,0.056590224802494,0.0608663849532604,0.05916168373078105,0.0008610444143415004,0.05933952629566188,0.0010909679714279695,0.0570158064365386,0.0610759630799293,0.05948480218648905,0.0007943864911794524,0.06219614632427689,0.0015191188872745172,0.0585096776485443,0.063683807849884,0.0628915168344974,0.0006382465362549036
1,rnn,layers_1,henon_1000,0.001,,32,16,4,64,1218,0.06898143887519835,0.0029604993899223116,0.0649415552616119,0.0742550417780876,0.0690058134496212,0.00218211114406585,0.06449148543179033,0.001970826424173533,0.0605995692312717,0.0667378306388855,0.06485291570425031,0.0015654042363166462,0.21784135401248927,0.004500369442220581,0.2104507386684417,0.2240891754627227,0.21738064289093012,0.003930538892745972,0.21101291626691818,0.003077122238767168,0.2058827131986618,0.2169193774461746,0.21077248454093928,0.002034932374954182,0.3858576625585556,0.036351160173231915,0.3306424021720886,0.4404008388519287,0.3838878720998764,0.03146381676197052,0.44134458601474763,0.02645159644208836,0.4105111062526703,0.4915366172790527,0.43880361318588257,0.021429792046546964,448.1,35.75597852108092,400,523,435.5,11.5,17.32,2.5537306044295276,14.24,22.05,16.0,1.2299999999999995,0.06945315200835461,0.001171159712039076,0.0669257640838623,0.0705335013568401,0.06993777491152285,0.000563490390777549,0.0695338889956474,0.0004913563467044369,0.0688180550932884,0.0703544691205024,0.06955466046929355,0.00039231032133100335,0.0705103807151317,0.0005752562421997213,0.0696888715028762,0.0716337859630584,0.07026140764355655,0.00021675601601599953
1,rnn,layers_1,henon_1000,0.001,,8,4,1,64,114,8.666425856063142e-06,5.903557561514096e-06,3.983345777669456e-06,2.161035081371665e-05,5.82439270147006e-06,1.5561572581646033e-06,8.338703241861368e-06,5.427686715584237e-06,3.804914513239055e-06,1.9535948013071905e-05,5.774323199148057e-06,1.5760583664814476e-06,0.0020771083887666,0.0005923935909512859,0.001472414121963,0.003262719605118,0.0018785829888656501,0.00029411847935985,0.002052951301448,0.0005692870126896359,0.0014407278504222,0.0031870123930275,0.00187076820293435,0.00028579909121614997,0.9999471962451935,3.607384637193647e-05,0.9998682737350464,0.9999765753746032,0.9999639987945557,1.0251998901311676e-05,0.9999487936496735,3.333590802105188e-05,0.9998809099197388,0.9999765157699584,0.9999643266201019,1.049041748046875e-05,2301.7,303.9664619657899,1795,2750,2415.5,258.5,46.646,6.057621975660085,36.95,55.55,48.489999999999995,5.18,0.03117129083722825,0.003674346387889144,0.0263225138187408,0.0388169787824153,0.030467626824975,0.001876579038798799,0.029736889153718894,0.0031606983803937924,0.0253145806491374,0.0364315509796142,0.029353739693760802,0.001701489090919453,0.03147048521786922,0.003069134735438897,0.0272183567285537,0.0380479767918586,0.03073151595890515,0.0014303019270300518
1,rnn,layers_1,henon_1000,0.001,,8,4,4,64,114,0.03761471081525084,0.011444940380749627,0.0144070610404014,0.0534945726394653,0.04015817306935785,0.004559706896543499,0.03287545815110203,0.010331657329708454,0.0134258326143026,0.0482535883784294,0.0354339629411697,0.005219429731368996,0.14948944449424742,0.029688898783067325,0.0936601236462593,0.1889005154371261,0.15650200098752975,0.015208832919597598,0.1391468651592731,0.028467434387333002,0.0882094129920005,0.1797515004873275,0.14708641171455375,0.016047470271587344,0.7245645403862,0.09477481087663574,0.5791245698928833,0.9069080352783204,0.7076291441917419,0.04004940390586853,0.7623827219009399,0.08338588876805449,0.6285726428031921,0.912228226661682,0.7458016276359558,0.04235124588012695,11099.7,5347.155244613719,6591,25639,9400.5,2047.5,231.60399999999998,127.82087147254161,135.39,599.72,185.745,23.835000000000008,0.07387689936906096,0.0025198506707799374,0.070953669399023,0.0782531969249248,0.0736155560240149,0.002135618962347499,0.0729161940515041,0.001991448075507758,0.070100225508213,0.0758909955620765,0.072701659053564,0.0017139464616775513,0.07462043538689608,0.001775296530635109,0.0720440372824668,0.077121302485466,0.0746536515653133,0.0015281364321709026
1,rnn,layers_1,henon_1000,0.001,,8,4,2,64,114,0.00039515580647272964,0.00039178028477918666,6.864013994345441e-05,0.0014713747659698,0.00029564111173385,0.00015671481378374999,0.00036174853667031144,0.00033117452090485603,7.191445183707401e-05,0.0012498769210651,0.00028079753246855,0.00015378006355605,0.01275703855790194,0.00536318422266589,0.0065519763156771,0.0259260069578886,0.0113096442073583,0.0032966288272291496,0.01261204998008903,0.004933813284675868,0.0067397635430097,0.0242015533149242,0.011374144814908501,0.0028692472260445504,0.9975450694561004,0.002446713581715874,0.9908159971237184,0.9995785355567932,0.9981657266616821,0.0009724199771881104,0.9977351367473603,0.0020804272475266287,0.9921460747718812,0.9995507001876832,0.998244434595108,0.0009636282920837957,4830.1,1062.9207355207632,2777,6555,4721.5,741.0,96.47999999999999,21.749285045720466,55.51,131.7,94.86,17.259999999999998,0.06367105059325691,0.003731847815350894,0.0567030191421508,0.0687130432575941,0.06394111216068266,0.0024241490289568964,0.06153130307793614,0.0035399771971337483,0.0538119375705719,0.0653859451413154,0.0621616896241903,0.0023099593818187956,0.06395753361284731,0.0032619485973536012,0.0568105988204479,0.0673620924353599,0.0646490044891834,0.002332843840122247
1,rnn,layers_1,henon_1000,0.001,,8,8,2,64,114,0.000277587841628644,0.00022736850431915,5.116898319101893e-05,0.0008971859933808,0.0002372577073401,7.996320346135e-05,0.00025030067336042136,0.00019057197695911807,5.252779374131933e-05,0.0007714800885878,0.0002240108442492,6.550893886014998e-05,0.011478715855628211,0.003925695007321356,0.0055896905250847,0.0208696890622377,0.0114366649650037,0.0015772995539009502,0.011072616046294531,0.003487503052345711,0.005666593555361,0.0193533860146999,0.0106409438885748,0.0014710598625242493,0.9982954144477845,0.0014009334252264537,0.9944684505462646,0.9996842741966248,0.9985308945178986,0.0004723072052001953,0.9984378278255462,0.001195776308134471,0.9951600432395936,0.9996731877326964,0.9986003935337067,0.00039827823638916016,4839.5,916.9144180347477,3629,6964,4794.0,567.5,120.194,26.736802052601575,86.36,168.48,113.905,16.22,0.06501857444643969,0.0037402003545240945,0.0566875394433736,0.0685074053704738,0.06689764950424425,0.0016022477298975046,0.062131444737315134,0.003804091639585776,0.0534866973757743,0.067019946873188,0.0631400719285011,0.0021513309329748535,0.06460069939494129,0.0036838910330742832,0.05615970864892,0.0693420097231864,0.0656485632061958,0.0019191913306712965
1,rnn,layers_1,henon_1000,0.001,,16,4,2,64,354,0.000153633804802637,9.15722300892248e-05,2.670173489605077e-05,0.000267929630354,0.0001237603537447,9.119164496948422e-05,0.00014287170761233148,8.32969375244376e-05,2.586784648883622e-05,0.0002712913556024,0.0001222829559992,9.019754725156651e-05,0.0077128791250288,0.0022738902274746058,0.003868747036904,0.01063715480268,0.00799215817824,0.0015510299708694497,0.00760715981014066,0.0022818623396848097,0.0037855487316846,0.0110728815197944,0.00784591445699325,0.00144399562850595,0.9990559458732605,0.0005647433980734933,0.998340666294098,0.9998347163200378,0.9992548227310181,0.0005444288253784735,0.9991113126277924,0.0005198176438094629,0.9983109831809998,0.9998382925987244,0.9992469549179076,0.0005545914173127886,3485.1,491.4046092579922,2701,4234,3421.5,416.0,71.619,11.753638117621286,54.88,91.04,69.055,8.440000000000008,0.061798736527562105,0.0008405130140207293,0.0597319558262825,0.0630215816199779,0.0621433079242706,0.00021983683109284835,0.059881127253174724,0.0008003696948660105,0.0576513893902301,0.0606452077627182,0.06014608591794965,0.00024902261793609964,0.06250831186771386,0.0007855041390699707,0.060272991657257,0.0632045492529869,0.0627375356853008,0.0002096258103847018
1,rnn,layers_1,henon_1000,0.001,,16,4,4,64,354,0.02046723738312715,0.004641360711293794,0.0137913301587104,0.0298827812075614,0.020274770446121602,0.00321206636726855,0.01663138447329397,0.004692122768515548,0.0097305960953235,0.0258296057581901,0.0170886050909757,0.0036710030399263,0.09803024381399149,0.012477873412530758,0.0761333033442497,0.1189552173018455,0.10092793777585024,0.009568259119987495,0.08979452103376384,0.013744005672934798,0.0671684369444847,0.1109154820442199,0.09292801469564435,0.009834039956331253,0.8633643984794617,0.03369871169926351,0.7936408519744873,0.9104794859886168,0.865982860326767,0.023096084594726562,0.8892669200897216,0.03324857862067449,0.8225513696670532,0.937281370162964,0.8865572810173035,0.0258949995040893,9395.5,1425.2898827957772,6869,12606,9589.0,401.5,191.76600000000002,27.37995697586101,136.98,249.65,190.82999999999998,10.334999999999994,0.070433441363275,0.0010687646840897276,0.0687822245061397,0.0723235942423343,0.07005755640566344,0.0003446819260716355,0.07033070027828213,0.0003362631781290395,0.069811888039112,0.0708392858505249,0.0702480860054493,0.000228088349103997,0.07284633219242094,0.0003622552027675761,0.0723917558789253,0.0736103430390358,0.0727678872644901,0.0001916214823722978
1,rnn,layers_1,henon_1000,0.001,,16,8,1,64,354,9.452924086872371e-06,3.2941362433699148e-06,5.088248599349754e-06,1.3981819392938633e-05,9.491422133578453e-06,3.3772093956940803e-06,8.002824870345648e-06,2.298580864120698e-06,4.687964064942207e-06,1.1979093869740607e-05,8.431352853222052e-06,1.920635668284376e-06,0.00210320653859523,0.00035014042946740866,0.0016258731484413,0.0025831148959696,0.0021320080850272998,0.00037735200021415016,0.0020141198066994,0.00030516575011495196,0.0015144261997193,0.0024590715765953,0.0020969092147424,0.00022438121959569997,0.9999422430992126,2.0537601840184636e-05,0.9999136328697203,0.9999690651893616,0.9999420344829559,2.1338462829645355e-05,0.9999507248401642,1.440810960160604e-05,0.9999250769615172,0.9999706745147704,0.9999480843544006,1.2367963790893555e-05,1955.8,355.5378460867422,1490,2497,1793.5,249.0,51.408,12.427746215625744,36.87,80.3,50.27,7.6200000000000045,0.02852674061432477,0.0020452427979450703,0.0259615296497941,0.0335788497701287,0.028395072184503052,0.0010587939061224468,0.027596574090421145,0.001749637075390201,0.0247711390256881,0.0314915217459201,0.027471131645142997,0.0006665112450719001,0.029137532413005773,0.0016217544527452963,0.0264310985803604,0.0327970497310161,0.02903968654572955,0.0006481688469647997
1,rnn,layers_1,henon_1000,0.001,,16,8,2,64,354,0.00034185221375078055,0.0004891008448684475,8.399703074246645e-05,0.0017781486967578,0.0001429010808351,5.4944954172197466e-05,0.00029678128703376956,0.0003841411063475338,7.382997864624485e-05,0.0014033913612365,0.00013700936688105,4.3554016883696356e-05,0.01076383907347913,0.0055279309775624,0.0065813125111162,0.025845430791378,0.00882295565679665,0.0019717256072908505,0.010254558129236051,0.004818430346425987,0.0063817338086664,0.0230275616049766,0.00841267337091265,0.0015438555274159002,0.9978886425495148,0.003038734689568404,0.9889619946479796,0.9994844794273376,0.9991206526756287,0.00033777952194213867,0.998151159286499,0.0023937537344253905,0.9912567138671876,0.9995386004447936,0.9991428256034851,0.0002695620059968151,3637.8,588.5599034932637,2815,4751,3612.5,418.5,89.471,13.544127472820094,69.09,109.94,87.67,12.455000000000005,0.06162387780845162,0.0015171034345425741,0.0585334215313196,0.0643484901636839,0.06110773701220745,0.0007463989779352975,0.06000885292887683,0.001039515933266718,0.0576995834708213,0.0619198344647884,0.060098011046648,0.0005125645548105517,0.06271370500326151,0.0010931823936042087,0.0602515302598476,0.0648281574249267,0.062717854976654,0.00043110921978950154
1,rnn,layers_1,henon_1000,0.001,,16,8,4,64,354,0.06541294716298576,0.0023653455126655056,0.05910399928689,0.0682966411113739,0.06629491224884981,0.0004647076129912983,0.0582520972937345,0.0029937903698486865,0.0519109778106212,0.0625483244657516,0.0584430452436208,0.0018165688961744517,0.208924525976181,0.006101081573924463,0.1912611126899719,0.2139748632907867,0.2107729092240333,0.0012684017419814925,0.19655120521783825,0.00667033501287554,0.1802672445774078,0.204933300614357,0.19669739156961435,0.004195496439933791,0.4552104204893112,0.03560735658045012,0.4210937023162842,0.5541672706604004,0.442528560757637,0.011009469628334045,0.5231553673744201,0.03585260750857087,0.4711925089359283,0.6002197861671448,0.5226291716098785,0.022247731685638455,1456.6,700.1897171481455,910,3371,1238.0,242.5,35.90599999999999,17.323855344581933,23.04,83.32,30.205,5.834999999999999,0.07031892769038675,0.00100452697463336,0.0690867442637682,0.0722070794552564,0.0699469782412052,0.0008503226563334534,0.07040239050984377,0.0005154479270152607,0.0697155967354774,0.0712979137897491,0.0703099593520164,0.00042114034295080705,0.07292711585760112,0.0003582887126137785,0.0723988339304924,0.0735065340995788,0.07283098250627515,0.00033234432339664804
1,rnn,layers_1,henon_1000,0.001,,8,8,1,64,114,1.0738450509961694e-05,1.4210046123037663e-05,2.547857320678304e-06,4.903506123810075e-05,4.425955694387085e-06,1.7999532246903982e-06,1.019835356146359e-05,1.3804614667334208e-05,2.41531643041526e-06,4.841491318074986e-05,4.2601786844898015e-06,1.6026698403948103e-06,0.00195929757319386,0.0011638566804497404,0.0010860053589567,0.0048995236866176,0.0014542862772941,0.00024239433696495003,0.0019213982042855901,0.0011245969310934329,0.0010852869600057,0.0048323227092623,0.00143203430343415,0.00021390820620585,0.9999338984489441,8.771746461629409e-05,0.9996978640556335,0.9999848008155824,0.9999726712703705,1.0758638382013519e-05,0.9999362826347351,8.61452014278171e-05,0.9996978640556335,0.9999848008155824,0.9999733567237854,1.0043382644708831e-05,2419.4,576.8225377011547,1813,3643,2298.0,424.5,58.613,14.301175511124953,43.19,89.75,55.285,9.900000000000006,0.031508823446929395,0.003393335635855325,0.0272777257487177,0.0390441812574863,0.0307143166661262,0.0018744456581771506,0.03005869481712576,0.0030483302096603855,0.0264873653650283,0.0369647853076458,0.0291846944019198,0.0011217622086405494,0.031541849486529785,0.0030311327295734296,0.0279598385095596,0.0385110639035701,0.03052360285073515,0.0009978711605072004
1,rnn,layers_1,henon_1000,0.001,,16,16,1,64,354,7.574072196803172e-06,3.3494949774587024e-06,3.914795343007427e-06,1.4430334886128549e-05,6.502687256215722e-06,1.5086275197973013e-06,6.22141606072546e-06,2.446728136315555e-06,3.425360773690045e-06,1.1536028068803716e-05,5.295416940498399e-06,1.3654596386913909e-06,0.0018860005424357399,0.0003188233816260043,0.0014831105945631,0.0025679285172373,0.0017882920801639002,0.00017083215061575012,0.0017721629235893,0.00028152611565896427,0.0014303873758763,0.0023705733474344,0.001682870555669,0.00019672006601469995,0.9999539434909821,2.067224596160173e-05,0.9999117255210876,0.999976634979248,0.9999607801437378,9.417533874622741e-06,0.9999620854854584,1.5149841669829385e-05,0.9999290704727172,0.9999794363975524,0.999967634677887,7.987022399791321e-06,1974.4,352.638398362969,1486,2722,1905.0,210.5,68.195,11.758646393186588,49.09,90.35,69.12,7.429999999999993,0.02834460331127044,0.002058016847726712,0.0254471145570278,0.0332610921934247,0.02780320928432045,0.0006949739530683011,0.02797162681818004,0.0016636186265328965,0.0254223067313432,0.0319192446768283,0.028107178397476652,0.0008120741695165495,0.028864830732345543,0.0016773459436406801,0.0264986585825681,0.0329187661409378,0.02873763348907225,0.0008025066927075507
1,rnn,layers_1,henon_1000,0.001,,16,16,4,64,354,0.06612936928868289,0.002565234812888225,0.0632219389081001,0.072484441101551,0.0657720789313316,0.0016783028841018469,0.061606804654002124,0.002954036576465585,0.0563782714307308,0.0654098615050315,0.062177957966923644,0.0019356049597263475,0.2115384608507156,0.004140060752151003,0.2065463364124298,0.2187993973493576,0.2107161656022071,0.0031892135739326616,0.2067555040121078,0.005631764098754545,0.1957878619432449,0.2163368761539459,0.20753353834152216,0.002925261855125441,0.43045100569725037,0.023451759874099747,0.3919401168823242,0.4624807238578796,0.43177966773509974,0.01904989778995511,0.479610675573349,0.03730605514495634,0.4261262118816376,0.5451608896255493,0.47565092146396637,0.024003490805625943,881.7,239.51995741482588,647,1516,815.0,117.5,29.549,7.872710397315526,21.87,49.9,27.365,4.15,0.07052793607115741,0.0017760885703352331,0.0669782359153032,0.0734279863536357,0.07093437649309631,0.0012154206633567949,0.0706029705703258,0.0007777756304525316,0.0691729113459587,0.0715344622731208,0.07071197777986521,0.0004838779568672458,0.07171468734741207,0.0009943054805696128,0.0697808563709259,0.0729049518704414,0.07208418473601336,0.0003672689199447979
1,rnn,layers_1,henon_1000,0.001,,8,16,2,64,114,0.00029528314698832144,0.00023553740136411078,9.84031066764146e-05,0.0008514078799635,0.00019763643649635,8.363435699724999e-05,0.00026143245340785285,0.0002084570289918392,8.395079203182831e-05,0.0007642065174877,0.00018164049106415,8.044988135230001e-05,0.011287336749955959,0.0038129984065051956,0.0067843054421246,0.0195109322667121,0.010825626552104901,0.002180066425353301,0.01100291674956676,0.0038630995570028597,0.0069721546024084,0.0193414129316806,0.01046582730486985,0.0022128343116492003,0.9981989800930023,0.0014352918451528448,0.9948214292526244,0.9993937611579896,0.9987801909446716,0.0005308687686920721,0.9983773648738861,0.0012965258916510561,0.9952536225318908,0.9994779229164124,0.9988816380500793,0.000490188598632868,4217.6,806.839909771449,2846,5576,4074.5,562.5,135.22099999999998,27.598642158628024,89.05,180.81,129.73000000000002,21.274999999999977,0.06436872787773604,0.004193751249548727,0.055038958787918,0.0684832472354173,0.06632366422563785,0.0018222026526927976,0.06268062517046924,0.003794638433159881,0.0540428273379802,0.0677440464496612,0.06349965929985045,0.002255586907267546,0.06461294330656522,0.0036773310232196214,0.0561825521290302,0.0692171454429626,0.0655721724033355,0.0021305978298187464
1,rnn,layers_1,henon_1000,0.001,,8,16,1,64,114,1.3186508067519753e-05,1.785362385026823e-05,2.108794433297589e-06,6.200443749548867e-05,5.665288199452334e-06,1.9744911696761847e-06,1.2099069772375515e-05,1.651193027864817e-05,2.017811766563682e-06,5.802130181109533e-05,5.072710109743639e-06,1.991640147025464e-06,0.00221162721281867,0.0013172798024123523,0.0010429350659251,0.0055737174116075,0.00168265425600105,0.0003680678782984999,0.00214322806568812,0.0012662997231090718,0.0010211975313723,0.0054347580298781,0.00161594484234225,0.0003933492698706501,0.9999194204807281,0.00010936034527106528,0.9996200799942015,0.999987006187439,0.9999658465385437,1.251697540277652e-05,0.9999255359172821,0.00010218802217306062,0.9996410012245178,0.9999877214431764,0.9999689757823944,1.245737075800113e-05,2317.0,671.0795779935492,1616,3782,1954.5,222.5,74.821,21.70214894889444,50.66,122.11,65.0,10.54,0.03144622955471272,0.0035534616656817614,0.0259071625769138,0.0387703796848654,0.0306956730782985,0.0013095895759761,0.03059205207973713,0.002984637612985778,0.0269757062196731,0.0373404882848262,0.02974856738001105,0.0010922150686383005,0.03165848124772305,0.0031181139696284787,0.0278387814760208,0.038775160908699,0.0308840870857238,0.0010489225387573485
1,rnn,layers_1,henon_1000,0.001,,8,8,4,64,114,0.06467733159661287,0.004116776225449409,0.052710972726345,0.0677275583148002,0.06557949632406229,0.0007775649428367476,0.05788002200424665,0.004259122503262421,0.0464430898427963,0.0623508468270301,0.0583501644432544,0.0017443895339965543,0.20833621025085444,0.008389544382357637,0.1838369667530059,0.2143720388412475,0.21032692492008204,0.0017328932881355563,0.1971041068434715,0.01106596987538115,0.1660478711128235,0.2070799171924591,0.1994373574852943,0.003983221948146862,0.45585774183273314,0.04907878808003043,0.4212824702262878,0.5986536741256714,0.4444649964570999,0.012602508068084745,0.5235854864120484,0.047512742242510904,0.4712647199630737,0.6477746367454529,0.5195874273777008,0.021167516708374023,2383.4,1508.6873234703075,1091,6689,1918.5,474.0,58.233999999999995,35.53987625189485,33.47,160.73,46.83,11.319999999999997,0.07452959444373838,0.0020612942362797067,0.0710659630596637,0.0783195421099662,0.07474537249654525,0.0017788797616958493,0.07376793175935739,0.002112096583048256,0.0706308186054229,0.0770746320486068,0.0736348442733287,0.0016937889158726016,0.07526322975754733,0.001980808135048119,0.0723114386200904,0.0782504975795745,0.07526849582791326,0.001745600253343596
1,rnn,layers_1,henon_1000,0.001,,16,16,2,64,354,0.00016541852310180473,0.0001178517235211221,2.977604526677169e-05,0.000442660821136,0.00017843354726205,6.718211079712283e-05,0.00014818284889767016,0.00011136635521858295,2.8833177566411905e-05,0.000433453998994,0.00014817017654415,4.63915712316504e-05,0.008200380112975771,0.002878099266262133,0.0040237545035779,0.0124898198992013,0.008690034039318499,0.002190112601965651,0.007986353989690479,0.002747338794760621,0.0040127886459231,0.0129337245598435,0.008082796121016051,0.0022788064088672486,0.9989870548248291,0.0007256157839577674,0.9972707033157348,0.9998175501823424,0.9989064037799835,0.00040906667709339484,0.9990794241428376,0.0006945478981478319,0.9972999095916748,0.9998211860656738,0.9990786910057068,0.0002909600734710138,3433.3,901.3902650905434,2432,5723,3172.5,577.5,112.625,29.73098762234447,79.0,185.87,102.17500000000001,21.159999999999997,0.06120470225811,0.0015231511799952357,0.0592947844415903,0.0638095870614051,0.0604175874963402,0.0008424242958425983,0.06092667318880553,0.0012285682011906203,0.0590200424194335,0.0639040395617485,0.061004493385553304,0.000502543523907651,0.06292486451566216,0.0014169460746599953,0.0605579987168312,0.0664240419864654,0.0628826878964901,0.00042786449193950304
1,rnn,layers_1,lorenz_1000,0.001,,8,4,1,64,131,1.944734583503305e-06,5.917815493254878e-07,1.134387616730237e-06,3.260645826230757e-06,1.867887533535395e-06,4.22526511556498e-07,2.0497132368291205e-06,5.173097985771459e-07,1.386549229209777e-06,3.0336120744323125e-06,1.8974101863022952e-06,2.852884222193097e-07,0.0010324133851099299,0.0001531176265371333,0.0007932352600619,0.0013604181585833,0.00099453295115375,7.287695189004995e-05,0.00104608901892783,0.0001324271442943027,0.0008363396045751,0.0013053209986537,0.0010193833732045502,7.317925337700014e-05,0.9999796509742737,6.2831438394267415e-06,0.9999654293060304,0.999987781047821,0.9999802112579346,4.589557647705078e-06,0.99997838139534,5.516186875339545e-06,0.999967873096466,0.99998539686203,0.9999799728393555,3.2782554626464844e-06,1842.0,185.07241825836718,1476,2126,1826.0,106.0,37.239000000000004,3.9118651561627225,29.86,43.52,37.040000000000006,2.5549999999999997,0.0033763131592422302,0.0015073061545881805,0.0010246411664411,0.0054655518615618,0.0037355695851147,0.00121057467767965,0.00401909743668506,0.001881567169721769,0.0010903727961704,0.0070180287584662,0.0043525304645299495,0.0015506593044847007,0.00357226346386591,0.0016032324292572587,0.0011026991996914,0.0056645330041646,0.00391003419645125,0.00136726815253495
1,rnn,layers_1,lorenz_1000,0.001,,8,8,1,64,131,3.045448818284058e-06,9.771702470081774e-07,1.0991476528943167e-06,4.941107818012824e-06,2.8676698775598197e-06,5.457827683130745e-07,3.140389117106679e-06,9.827536782198468e-07,1.1868469300679862e-06,4.860405169893056e-06,2.9769728371320525e-06,6.313877065622364e-07,0.0013036074815317498,0.00021092859295560019,0.0008216522401198,0.0016366343479603,0.0013133136089891,0.0001160714891739001,0.0013131494575645201,0.0002133160772958272,0.0008397006313316,0.0016228836029767,0.00133827171521255,8.932041237130002e-05,0.9999681413173676,1.0271360790962065e-05,0.9999486207962036,0.9999892115592957,0.9999700486660004,5.573034286388001e-06,0.9999670565128327,1.0229103518628502e-05,0.9999496340751648,0.9999882578849792,0.999968558549881,6.705522537175934e-06,1843.4,137.8420835594123,1687,2064,1797.5,110.0,44.672999999999995,3.7849809774951306,40.44,51.76,43.79,2.854999999999997,0.00296675680205223,0.0011019679762003592,0.0010180064360611,0.0045771781355142,0.0029149954440071497,0.0009796047233975999,0.00356353276874865,0.0014460636475686606,0.0010579542722553,0.0056485799141228,0.00329260283615435,0.0008419867372140501,0.0031517994473687903,0.001164135927167958,0.0010414480930194,0.00480040255934,0.0030370084568858,0.0009262842359021998
1,rnn,layers_1,lorenz_1000,0.001,,8,4,13,64,131,0.030625122447963747,0.014163459000583415,0.001225407118909,0.0388081669807434,0.03821392916142935,0.0005286894738674511,0.03296766973799091,0.015311984412230528,0.0013139055809006,0.0418192334473133,0.0404155254364013,0.0007093772292137528,0.12815468218177553,0.04784747059767991,0.0259120929986238,0.1557228118181228,0.15403185784816742,0.0015069842338561318,0.13224976900964974,0.04938549015822919,0.0275133904069662,0.159929096698761,0.15684973448514936,0.0028362870216369906,0.5423846751451492,0.21770359473401454,0.406777948141098,0.9868192076683044,0.42171111702919006,0.012907803058624295,0.5486793458461762,0.21325363692398544,0.4214580357074737,0.9858827590942384,0.45067039132118225,0.019032999873161288,1325.1,1791.501909013775,406,5594,463.0,31.5,29.195999999999998,39.882295620989524,8.29,112.18,9.469999999999999,0.8999999999999986,0.03797116886824366,0.0008221610179130842,0.0360550915822386,0.0393339095637202,0.03805277822539205,0.0003894126042723531,0.04433621503412719,0.001927313171890325,0.0422633476555347,0.0487583056092262,0.043853305280208546,0.001314342021942149,0.039810911193489965,0.0014156399249026024,0.0382715091109275,0.0436310023069381,0.03958015888929365,0.00046985596418380043
1,rnn,layers_1,lorenz_1000,0.001,,8,4,25,64,131,0.03156988006085152,0.010921867832857037,0.0193142630159854,0.0432198345661163,0.03152140043675895,0.011193765327334446,0.033229680731892544,0.01158355298599976,0.0196701623499393,0.0451915226876735,0.03439545817673205,0.0107582341879606,0.13040519207715984,0.027159700918253826,0.0989516228437423,0.1588887274265289,0.1327128075063228,0.025739546865224852,0.1360456176102161,0.027838812450610893,0.1043354272842407,0.1659368723630905,0.13928346335887903,0.02594806253910066,0.5358856737613678,0.2230892749831817,0.2890017032623291,0.7800912857055664,0.5515792369842529,0.22309237718582153,0.5361077517271042,0.2022484689902611,0.3131814301013946,0.7668874859809875,0.5401093363761902,0.20347982645034793,1964.6,1613.700666170774,404,4505,1565.5,1161.0,39.904,32.8158227689022,7.96,90.24,31.784999999999997,23.809999999999995,0.03935522247571492,0.001521188656279918,0.0373059861827641,0.0430358117446303,0.03909130897372955,0.0004499247297644997,0.047214455902576384,0.0010616032921364005,0.0455513671040535,0.049233105033636,0.04701219685375685,0.0006682593375444516,0.0427705511450767,0.001097654369763357,0.0403555445373058,0.0444867201149463,0.04292189143598075,0.0007524117827415536
1,rnn,layers_1,lorenz_1000,0.001,,8,8,13,64,131,0.027601361833512722,0.015517627087213352,0.0036224962677806,0.0388846918940544,0.037589326500892556,0.001096937805414245,0.029340030974708442,0.016813090865139792,0.0025352106895297,0.0407762601971626,0.0402160491794347,0.0005600377917290011,0.11983534134924409,0.050254758608911314,0.0399014689028263,0.1551878601312637,0.1532158479094505,0.001612164080142947,0.12246880233287807,0.05184814779139432,0.0363282561302185,0.157773956656456,0.1564029604196548,0.001271463930606856,0.5932079881429673,0.23951698282243022,0.4106302261352539,0.960577666759491,0.44131726026535034,0.026719793677330045,0.5987340062856674,0.2372094309415941,0.4312871694564819,0.9728490114212036,0.44736775755882263,0.014395177364349337,1058.6,971.0337996177063,427,2987,481.5,37.5,26.054000000000002,22.94250605317562,10.64,72.12,12.98,1.8050000000000006,0.03766829190775748,0.0012431553437485684,0.0362681547179818,0.0407344963401556,0.03748563341796395,0.0005759345367551023,0.04387833774089809,0.001960248244437924,0.0421747379004955,0.0493662357330322,0.04348169453442095,0.0007364396005868461,0.03974603116512295,0.0016729977545832738,0.0383130498230457,0.0444916225969791,0.03932900354266165,0.0006453506648540497
1,rnn,layers_1,lorenz_1000,0.001,,8,16,25,64,131,0.01772269792854783,0.013123562370964483,0.0080456733703613,0.0437572933733463,0.0111526041291654,0.0026043262332678006,0.01761509897187347,0.0131527271381637,0.0083597376942634,0.0436906665563583,0.011029265820980051,0.002587973605841451,0.09624751880764958,0.03276180475260608,0.0704656913876533,0.1605222970247268,0.08039579540491101,0.009296111762523665,0.09701778218150137,0.032623440789891316,0.0700396373867988,0.161119744181633,0.08162817731499669,0.01057258248329164,0.7614055573940277,0.23270284780873726,0.294390320777893,0.9145488142967224,0.8801919221878052,0.027392148971557617,0.767212200164795,0.21704674107225885,0.3256912231445312,0.90921550989151,0.8761438727378845,0.029824554920196478,1679.2,900.9328276847282,404,3779,1529.0,295.0,49.214,26.46904841508285,11.96,111.41,45.35,7.954999999999998,0.04002392904625994,0.0005335757539149041,0.0394853465259075,0.0410518969098726,0.039788406756189096,0.00022851696444880013,0.04524125456809994,0.0013874302544911329,0.0435288064181804,0.0480123050510883,0.0447318386286497,0.0006235074251890009,0.04389906525611873,0.0010129762938713457,0.0416489765048027,0.0450262241065502,0.044090960174798896,0.000747909769415897
1,rnn,layers_1,lorenz_1000,0.001,,8,16,1,64,131,2.7312489692121744e-06,1.132510870353896e-06,1.2119483017158927e-06,5.46085175301414e-06,2.5491218593742815e-06,5.181320830160985e-07,2.735884311277914e-06,1.0544138930159883e-06,1.127909058595833e-06,4.982551217835862e-06,2.4775970359769417e-06,5.605963906418763e-07,0.00120382079039695,0.00024424025014544245,0.0008350273710675,0.0017681777244433,0.0011657243594527,0.0001498307101429,0.0011996729881502198,0.00023092437217468725,0.0007966597331687,0.0016505820676684,0.0011524219298735,0.00011081877164545006,0.999971228837967,1.231928806620131e-05,0.9999412894248962,0.9999874830245972,0.9999737739562988,5.5730342864990234e-06,0.9999713897705078,1.1139755705274785e-05,0.9999471306800842,0.9999885559082032,0.9999738037586212,5.990266799982269e-06,1791.1,240.69792271642063,1529,2231,1723.5,143.5,60.333000000000006,10.762681868382062,49.4,81.21,57.05,6.294999999999995,0.00300593608466439,0.0010749843759282438,0.0009782490262296,0.0044269397156313,0.00308527144370595,0.00098430118523535,0.0036904134321957306,0.0014822345967896316,0.0011231028474867,0.0058299927040934,0.00350663543213155,0.0009671525331214497,0.0032001469982787497,0.0011721643388350434,0.0010987413115799,0.0048815854825079,0.0031009878730400998,0.0009846041211858498
1,rnn,layers_1,lorenz_1000,0.001,,16,16,25,64,387,0.00888105556368822,0.0024409876215517453,0.0050716744735836,0.0143527369946241,0.0082044675946235,0.0012758346274495,0.00926069314591584,0.0027347040019344102,0.0054568378254771,0.0152924740687012,0.00801019743084905,0.0017513544298708495,0.06980149820446964,0.008852186487537203,0.0551238879561424,0.0850041583180427,0.06865121796727175,0.007428754121065147,0.07316329218447203,0.010339898812441725,0.0574605613946914,0.0911768898367881,0.07028681412339205,0.009768726304173449,0.9067658901214599,0.023737615178500635,0.8589602112770081,0.9465842843055724,0.9146677851676941,0.015810787677764837,0.8981709063053132,0.03130470223001542,0.8301958441734314,0.9399074912071228,0.912477970123291,0.01858842372894287,1129.8,376.6674395272307,662,1982,989.5,102.5,34.126999999999995,11.16903939468386,19.92,59.74,29.75,2.8599999999999994,0.03809936481217539,0.0034454421408755976,0.0277867159909672,0.0396158558626969,0.03920282847765415,0.0002557293822368009,0.043737423978745894,0.0045275359314690755,0.0305014718323946,0.0468777157366275,0.0450271368026733,0.0009061116725206514,0.042815875634551,0.003906936314483941,0.0311276912689209,0.0447015613317489,0.04408200643956655,0.0001989565789699485
1,rnn,layers_1,lorenz_1000,0.001,,16,16,13,64,387,0.005258257244713541,0.0059785677967940315,0.0017350132111459,0.0228249095380306,0.0032689962536096,0.0009988585952669501,0.005952729284763281,0.005902221844454175,0.0018326574936509,0.0230254363268613,0.0041931523010134,0.0009896242991089498,0.04989098682999608,0.024206010418088324,0.0324187390506267,0.1200414448976516,0.0438540801405906,0.0068016815930605,0.052957105636596634,0.022925902855564822,0.0329383425414562,0.1173391565680503,0.04734014160931105,0.007027689367532699,0.9399430811405182,0.07485801815157875,0.7190186977386475,0.9818789958953856,0.9650853276252747,0.010938137769699097,0.9335285782814026,0.0725439550783714,0.7220119833946228,0.9807813763618468,0.9554471373558044,0.01110380887985235,1212.2,318.5670416097685,534,1712,1220.0,221.0,40.70700000000001,10.656639292009464,17.94,56.41,40.790000000000006,7.470000000000006,0.037654835921712176,0.0013197032008647686,0.035025996947661,0.0401282440871,0.0377789622172713,0.0006789201870560056,0.042301164939999525,0.0007736831197611454,0.0405153110623359,0.0435245297849178,0.04248827882111065,0.00022468343377115077,0.038998711109161324,0.00012976306578642944,0.0387993045151233,0.0392030254006385,0.038972001522779395,9.83122736215522e-05
1,rnn,layers_1,lorenz_1000,0.001,,16,16,1,64,387,1.7533831510263554e-06,7.703135317274441e-07,9.55588006945618e-07,3.5639334328152472e-06,1.5203975749500387e-06,4.064984864271537e-07,1.9127422774545266e-06,8.078307343396828e-07,1.019102342070255e-06,3.747216169358581e-06,1.5838077729313227e-06,1.966639047168428e-07,0.0009882440965156597,0.00020195014919177583,0.0007804400520399,0.0014413916505873,0.00095108358073045,0.00014599511632695003,0.0010336315783205801,0.00020222307925127635,0.0007956137997098,0.0014691799879074,0.0009539894817862,7.966335397214998e-05,0.9999818205833435,8.251315346077558e-06,0.9999616742134094,0.9999895691871644,0.9999847412109374,3.6656856537420346e-06,0.99998037815094,8.482551418717786e-06,0.9999599456787108,0.9999892711639404,0.9999837875366211,2.1457672118585513e-06,1115.3,154.68551968429364,830,1330,1093.5,108.0,36.909,5.393092711978906,27.67,46.05,36.07,3.59,0.0008021519146859099,0.0003148095629054249,0.0003071436454774,0.0015169535065069,0.0008380911196581499,0.00011638918658720001,0.0009270254406146198,0.0003916571536915783,0.000343564664945,0.001857184106484,0.0009352622146252001,0.0001656209060457,0.0008282791095552501,0.0003346283977865089,0.0003189468407072,0.0015777454245835,0.00082364582340225,0.00015624082880094994
1,rnn,layers_1,lorenz_1000,0.001,,16,8,25,64,387,0.01154639585874969,0.002134025226169405,0.0076676937751472,0.0156514719128608,0.011684369761496699,0.00120686879381535,0.01300762649625535,0.0022981698397114276,0.0081552164629101,0.0165522173047065,0.013615876436233451,0.0016172169707715503,0.07328764162957663,0.008795931603244204,0.0578984208405017,0.0902827084064483,0.07322496175765986,0.0065399929881096025,0.0803066067397594,0.009413257515634078,0.0605430752038955,0.094434916973114,0.0818664170801639,0.005934875458478955,0.8720504581928253,0.02644114981939733,0.8197082877159119,0.9178450107574464,0.8704491555690765,0.013346821069717407,0.8519047796726227,0.028847418689027904,0.8055570721626282,0.9121962189674376,0.8438500761985779,0.019064128398895264,1880.6,490.09513362203467,1267,2708,1801.5,444.5,47.733999999999995,10.764771432780169,31.19,66.17,45.94499999999999,8.089999999999993,0.038092211550101576,0.001290280983844874,0.0366065004840493,0.0411982744932174,0.0377697139978408,0.0006821528542786462,0.047085715830326016,0.0007071067619477785,0.0460183806717395,0.0484574325382709,0.04711852408945555,0.00052280351519585,0.04350168891251082,0.0004051802079006776,0.0426107868552207,0.0439953133463859,0.0436130911111831,0.00016030296683309728
1,rnn,layers_1,lorenz_1000,0.001,,16,8,13,64,387,0.00131459371768865,0.0004318975271692592,0.0007117823115549,0.0020128195174038,0.00121820205822585,0.00031422681058754996,0.00142666337196711,0.0004726646414939455,0.000866811198648,0.0025928777176886,0.00137208000523965,0.00023136317031460004,0.026210611872374962,0.0035342446014020447,0.0204310286790132,0.0318183526396751,0.02598797716200345,0.002582893706858151,0.027542196400463542,0.003824742409295016,0.0221271067857742,0.0359359607100486,0.0272349929437041,0.0022624824196100495,0.9860170125961304,0.004677266840230722,0.978537142276764,0.9925575852394104,0.9870618283748627,0.00357061624526972,0.9848783850669861,0.005088564997627855,0.9722627401351928,0.990827739238739,0.985504537820816,0.002463251352310125,1509.4,309.78967058312327,1086,2182,1453.0,203.5,39.123,7.995556328361398,26.85,52.53,40.78,6.065000000000001,0.03691263740882272,0.0007692281930939128,0.0357601836323738,0.0386086704209446,0.03692821534350505,0.0005060147494077502,0.04367412850260731,0.0009228842294878332,0.0418983250856399,0.045297734439373,0.04382325708866115,0.0005672220140695503,0.03921037055552,0.00029783326446641964,0.0388879179954528,0.0398952513933181,0.0391256473958492,0.00015270896255974858
1,rnn,layers_1,lorenz_1000,0.001,,16,8,1,64,387,1.4941135589197074e-06,3.3254301389365413e-07,9.26703989989619e-07,1.9728422557818703e-06,1.5570842037959665e-06,2.2663272147838143e-07,1.624303592961951e-06,3.614668266551107e-07,1.03260549622064e-06,2.0399352251843084e-06,1.7745496165844086e-06,2.375789449615695e-07,0.0009049548185429999,0.00010892449431462271,0.0007249250193126,0.0010235006920993,0.0009517365542705499,6.51454029139501e-05,0.0009388056991155699,0.00012082247857779442,0.0007232515490613,0.0010591287864372,0.0010079212370327998,4.7160894610000204e-05,0.9999843657016754,3.6329556622750952e-06,0.99997878074646,0.9999905824661256,0.9999836683273315,2.264976501520355e-06,0.9999830543994903,4.10719254681887e-06,0.9999781847000122,0.9999892115592957,0.9999812543392181,2.5331974029541016e-06,1197.1,142.26907604957586,1031,1422,1186.5,127.5,30.762,3.6502295818208483,25.36,36.18,31.775,3.3099999999999987,0.0007559084857347799,0.0003040531287624459,0.0002634393225889,0.001438685785979,0.00074925820372295,0.0001167972382973,0.00087517362262584,0.0003862031299033272,0.0002832956379279,0.0017777415923774,0.0008857684733811,0.00017314881552005,0.0008014040853594701,0.00034248191906442884,0.0002510363410692,0.0015560262836515,0.0008007638389243999,0.00018175502191299998
1,rnn,layers_1,lorenz_1000,0.001,,16,4,25,64,387,0.018428536877036043,0.012283663149624247,0.0078878635540604,0.0433908104896545,0.01277288002893325,0.0028057815507054494,0.01996316937729713,0.01236265839939897,0.0095140896737575,0.044751014560461,0.01431151945143935,0.0024483259767294,0.08752318397164342,0.036451346162806327,0.0538621805608272,0.1585269421339035,0.06950403377413744,0.013401102274656292,0.09393343329429622,0.03545645917107636,0.0598419085144996,0.1631676703691482,0.0773011930286884,0.013225756585597999,0.7526042759418488,0.21973171888536394,0.2952287197113037,0.9125607013702391,0.8595165908336639,0.03246641159057617,0.7394909560680389,0.20255784134419288,0.3237663507461548,0.8933614492416382,0.834558755159378,0.029814422130584717,3114.2,1659.535284349206,415,5760,3627.5,984.5,64.93199999999999,33.62480090647378,8.42,116.4,72.855,17.695,0.038986476529389566,0.0017041655500243148,0.036284745298326,0.0428576182574033,0.038579270057380155,0.0007984260097146506,0.04771461524069305,0.001341829579877203,0.0455827489495277,0.0503648333251476,0.047460692003369304,0.0007158834487200026,0.04352060593664642,0.0005783329199191802,0.0429211035370826,0.0448808446526527,0.0434042029082775,0.0003741420805454497
1,rnn,layers_1,lorenz_1000,0.001,,16,4,13,64,387,0.008045194557052989,0.014756905692097583,0.0002526627795305,0.0385427437722682,0.0007627805462106501,0.0003508174850139501,0.00867947636870663,0.015954403891110924,0.0002808799908962,0.0411540865898132,0.0008297719759866,0.00039853264752309997,0.04436811655759805,0.053352434663068084,0.0115076042711734,0.1539316773414611,0.01970327179878945,0.0044688959605992,0.045921087637543614,0.0552213839485525,0.0119957411661744,0.1587563753128051,0.020853440277278402,0.0040988456457853,0.8819513976573944,0.22219080460326104,0.4138261675834656,0.9973196387290956,0.9919609427452087,0.003669053316116333,0.8822483211755753,0.2207457273249657,0.425548255443573,0.9970070123672484,0.9912065267562866,0.004178881645202637,2098.1,913.5801497405688,407,3179,2345.0,429.0,43.11,18.85857947990781,8.31,65.07,47.67,8.545000000000002,0.037306887246668294,0.0009100847455614713,0.0358033111318945,0.0383285442367196,0.037591045070439505,0.0006547405384481481,0.04381314590573304,0.0008172510794561212,0.0425744540989398,0.0453519448637962,0.0437062177807092,0.00036737322807309583,0.039137362316250764,0.0002932783816325078,0.0388087928295135,0.0397009849548339,0.03903220966458315,0.0001932270824909002
1,rnn,layers_1,lorenz_1000,0.001,,16,4,1,64,387,1.25283986562863e-06,2.456565512465112e-07,9.223223287335712e-07,1.787984501788742e-06,1.1738040370801173e-06,1.3030023637838905e-07,1.4151429809317052e-06,2.4119810648790255e-07,1.086413817574794e-06,1.780631578185421e-06,1.4916124086994387e-06,2.291446890012594e-07,0.00083390134386714,6.515158424545936e-05,0.0007347576320171,0.000945558422245,0.0008250944665633,5.385495023805002e-05,0.0008853275154250999,7.114531101421313e-05,0.0007712912047281,0.0010100527433678,0.00088652464910405,6.021876470190001e-05,0.9999868690967559,2.196016638082017e-06,0.9999822974205016,0.999990165233612,0.9999875426292419,1.549720764104645e-06,0.9999851644039154,2.4499539246950134e-06,0.9999822378158568,0.9999881982803344,0.9999841451644897,1.8477439881481317e-06,1234.9,113.92229808075325,1060,1439,1221.0,81.0,25.356,2.2787461464586176,22.01,29.41,25.0,1.8849999999999998,0.0009019260675995099,0.0002222386579415169,0.0005652012856444,0.0013925883104093,0.0008774645568336999,0.00010735403629954994,0.00100777635234403,0.000260109242525854,0.0006366634042933,0.0015914659015834,0.00097336439648635,0.00014937075320630003,0.0009043000638484398,0.00022240765117609114,0.0005853803013451,0.0014050076715648,0.00087170899496405,0.00012724119005724994
1,rnn,layers_1,lorenz_1000,0.001,,32,4,1,64,1283,2.001687118990958e-06,9.784368274022524e-07,1.0301874908691389e-06,4.108464054297656e-06,1.639400636577193e-06,5.160846967555703e-07,2.103287215504679e-06,9.513852496323612e-07,1.081457298823807e-06,4.094645646546269e-06,1.702426914107491e-06,4.3957163597951876e-07,0.00101111489930186,0.00021924178705300416,0.0007611005567014,0.001407049363479,0.0009318226075264999,0.00014999220729805003,0.00103990818606684,0.00022182143911294382,0.0007627562736161,0.0014454955235123,0.0009602048085071,9.550881804900002e-05,0.9999791085720062,1.0082958561565907e-05,0.9999580979347228,0.9999892711639404,0.9999829232692719,5.066394805908203e-06,0.9999779284000396,9.88546402863838e-06,0.99995756149292,0.999988317489624,0.999982088804245,4.64916229253598e-06,877.0,69.45646118252786,704,949,885.5,46.0,19.212,2.2274146448292913,14.73,23.72,19.375,1.004999999999999,0.0006508409336674599,0.0001263801891766916,0.0004568655771436,0.0008369679620955,0.0006646002497291,0.00010172447218789998,0.00071522726793769,0.00012610411945650714,0.0004829355166293,0.0009007467888295,0.00071623828262085,0.00010019345791079998,0.00066544637666079,0.00012659842977332198,0.00044553168118,0.0008362242369912,0.0006917100108694,9.746395517139998e-05
1,rnn,layers_1,lorenz_1000,0.001,,32,4,13,64,1283,0.0004594440979417,0.00010760033727003953,0.0002391086018178,0.0006208216655068,0.0004624165303539,8.020423410925e-05,0.00049817847320805,0.00010869875226614554,0.000300957908621,0.0007062434451654,0.00051448849262665,8.909433381635001e-05,0.01486534131690855,0.0018698374388306568,0.0106563316658139,0.0173805989325046,0.0153960832394659,0.0015730760060251002,0.01538998065516349,0.0016395098070581423,0.0117289517074823,0.0174852833151817,0.0160607025027275,0.001277165487408598,0.9951076149940491,0.0011827288037010194,0.9933089017868042,0.9974528551101683,0.995145857334137,0.0009505748748778742,0.994703882932663,0.0011682841303119755,0.9924432039260864,0.9967870116233826,0.9945730268955231,0.0009718835353851318,1642.5,283.1255022070601,1089,2083,1686.5,235.0,37.535,7.399473292066131,22.92,51.68,36.325,5.334999999999997,0.03715038079768415,0.000914887722497426,0.0357041178271174,0.0382490897551178,0.0375486059114337,0.0006815934553742499,0.04433018565177913,0.000975114409921187,0.0429252535104751,0.0458496771752834,0.04420097731053825,0.00078192725777625,0.039206476137041986,0.000310748019985974,0.0388754345476627,0.0400168783962726,0.039164640009403145,0.0001429263502358974
1,rnn,layers_1,lorenz_1000,0.001,,32,4,25,64,1283,0.01598439691588279,0.012063251561886047,0.0088062323629856,0.0403898432850837,0.010272998362779551,0.0009264773689210007,0.01743718497455115,0.012427990881627254,0.0101882861927151,0.0425241105258464,0.011387869250029301,0.0007993229664862512,0.07737715840339657,0.037228222901147925,0.0548779219388961,0.1538985669612884,0.05956441350281235,0.0018901489675044979,0.08331574536859986,0.036869993036224534,0.0607721917331218,0.1586912125349044,0.0659886188805103,0.0021027065813540996,0.7886657595634461,0.20195213034684378,0.3733949959278106,0.906510293483734,0.8858501017093658,0.010453879833221436,0.7749209642410279,0.19705981831425443,0.3760061264038086,0.8851534724235535,0.8720983862876892,0.00940018892288208,2094.2,884.8912701569611,401,3072,2419.5,223.5,44.302,18.784208687086075,8.34,63.83,50.71,6.379999999999999,0.03923220103140917,0.001797782435584287,0.0362269384320825,0.0431900462135672,0.038795676268637155,0.0007217443548142993,0.047476346418261484,0.0012664290569549827,0.0458816140890121,0.049380175769329,0.0473148971796035,0.001300647854804951,0.043615270406007725,0.0005316689091379199,0.0426693856716156,0.0442988649010658,0.0436502024531364,0.0003924462944269007
1,rnn,layers_1,lorenz_1000,0.001,,32,8,1,64,1283,1.5026373148430138e-06,5.346083642023876e-07,6.418399038921052e-07,2.3719901491858764e-06,1.3837628785040579e-06,5.125250197579589e-07,1.5879378622685181e-06,5.313242360540719e-07,7.281502689693298e-07,2.331019913981436e-06,1.5719394355073746e-06,4.841481882067454e-07,0.00091082019498567,0.00016030957578863663,0.0006018092972226,0.0011440902017056,0.0009121694311033501,0.00012973076081835005,0.0009184992348309102,0.00014999492323376532,0.0006340316613204,0.0011023110710084,0.0009571977134327999,0.00014190407819115005,0.9999846637248992,5.368393511053721e-06,0.9999772310256958,0.999993085861206,0.9999865293502808,5.453824996948242e-06,0.9999835431575775,5.455791921223413e-06,0.9999759197235109,0.9999922513961792,0.9999837875366212,5.245208740289886e-06,873.6,119.20755009645993,667,1051,888.0,61.5,23.651,2.7410744243817966,17.59,28.56,23.405,1.545,0.00036856847422309,9.733918030952503e-05,0.0002286949253175,0.0005318642477504,0.00037374885068850003,7.394542190009999e-05,0.00039291096763913993,0.0001342374746125962,0.0002291831478942,0.0006245140684768,0.0003894911642419,0.00010008559183915001,0.00036057217075717,0.00012697744674046552,0.0002116993709933,0.0005860337405465,0.00035381421912455003,7.956291665320001e-05
1,rnn,layers_1,lorenz_1000,0.001,,32,8,13,64,1283,0.0008366905822185201,0.00045284481663782674,0.0003624104720074,0.0016663325950503,0.0006678279023617,0.00022438290761784998,0.00097117278492074,0.0005137404257928092,0.0004876146558672,0.001929676043801,0.0007559625955764,0.00022342367446985003,0.020232577715069,0.005208030814110934,0.0145513769239187,0.0287403706461191,0.018689896911382647,0.003271979745477498,0.021633641794323873,0.005404166978666657,0.0159813333302736,0.0306715667247772,0.0200277101248502,0.0036084018647670503,0.9913890540599823,0.004707506887182703,0.9820401668548584,0.9963274598121644,0.993114709854126,0.0023035109043120228,0.9898307383060455,0.005397161683959879,0.9795223474502563,0.9950143098831176,0.9920042157173156,0.0024633109569550116,874.8,151.48914152506111,653,1090,859.5,129.5,22.907000000000004,3.9297380319812665,17.33,28.46,22.36,3.584999999999999,0.03522335704416033,0.0026878637375039247,0.0295572485774755,0.0381704375147819,0.0363733202219009,0.0010686195455491508,0.0422887530177831,0.0033580016319549387,0.0344590209424495,0.0466267727315425,0.043217172846198,0.0009538531303406005,0.037889600545167865,0.0022600410785259344,0.0318744294345378,0.0397145226597785,0.038871344178914996,0.0007951688021421016
1,rnn,layers_1,lorenz_1000,0.001,,32,8,25,64,1283,0.007745366217568479,0.001116222879435724,0.0064236451871693,0.009589453227818,0.0073702880181372,0.0007794955745339498,0.00857491707429285,0.0011776539605799254,0.0073709841817617,0.0110189020633697,0.0080789171624928,0.0006161760538816001,0.05469208434224123,0.005457990642574392,0.0485483407974243,0.0633974522352218,0.052842034026980345,0.003661030903458602,0.05988886505365365,0.005914726662466621,0.0520659126341342,0.0712424516677856,0.0586951151490211,0.0040156729519367496,0.9159449696540832,0.012111509718581081,0.8964752554893494,0.9312705993652344,0.919387698173523,0.008869409561157282,0.9050204694271088,0.012922983976191162,0.8797284364700317,0.918096959590912,0.9106062054634094,0.007049202919006348,1218.9,152.38008400050185,1004,1535,1206.5,102.5,31.886999999999993,4.253643261957919,25.59,40.71,31.924999999999997,2.625,0.0376696083694696,0.002089950457184947,0.0328557966277003,0.0414654582738876,0.037395589239895305,0.0005557667464017486,0.04631989151239391,0.00239798170014582,0.0410353578627109,0.0499546416103839,0.047216195613145745,0.0015904661267996008,0.04317896254360668,0.001578503599509503,0.0387523137032985,0.0444377586245536,0.043527171015739344,0.0006867758929729496
1,rnn,layers_1,lorenz_1000,0.001,,32,16,1,64,1283,2.183002584388305e-06,7.547569153559953e-07,1.0225014648312936e-06,3.4541706099844305e-06,2.242912501060346e-06,6.637274623244596e-07,2.2292477297014555e-06,7.412422218465374e-07,1.0865962849493371e-06,3.2161790386453504e-06,2.3918921669974225e-06,5.798516440336243e-07,0.0011179865396115601,0.0002154077626250584,0.0007112097227945,0.0014307703822851,0.00116977549623695,0.00015026383334769996,0.0011103226512204402,0.00020093847747296493,0.0007392937550321,0.0013149456353858,0.0011869419831782,0.00011680647730829999,0.9999773800373077,8.28587104266569e-06,0.9999635815620422,0.9999892711639404,0.999976396560669,7.4803829193115234e-06,0.9999767720699311,7.873412599757124e-06,0.9999661445617676,0.999988317489624,0.999975025653839,5.692243576105316e-06,760.9,112.81529151670885,655,1029,725.5,58.5,28.319000000000006,4.777724249054145,23.36,36.81,26.39,2.7250000000000014,0.00032907070948564,0.00014006950702841656,0.0001534879025712,0.0005615906935418,0.00034710337204155,0.00015515104241785001,0.00034556238970247,0.0001636281658719429,0.0001222934224642,0.0005915315705351,0.00037546946259675,0.00016909012629184997,0.00032121438780446,0.00015436474330236312,0.0001158257437054,0.000541799061466,0.000347592489561,0.00016859681636565002
1,rnn,layers_1,lorenz_1000,0.001,,32,16,13,64,1283,0.0032698263181372804,0.0019694247652444507,0.0010419549653306,0.0070930449292063,0.0026425949763506503,0.0014303388306871,0.00410144550260152,0.0022202754028019596,0.0014372487785294,0.0077821612358093,0.0035034593893214496,0.0017653607064857997,0.037735972739756075,0.009673336617228901,0.0246419366449117,0.0531971156597137,0.03636570461094375,0.009675461798906299,0.041841361112892564,0.009772975848242518,0.0277779903262853,0.0564050711691379,0.04055543616414065,0.0094046788290143,0.9660475850105286,0.020589623998882443,0.9250239729881288,0.9889200925827026,0.9725852310657502,0.014362961053848211,0.9567915797233582,0.023962729076812263,0.9165038466453552,0.9847828149795532,0.9640958905220032,0.0177642703056336,782.2,98.0803752031975,692,1024,762.0,63.0,28.267000000000003,3.643089485587748,24.68,37.39,27.175,2.3900000000000006,0.034984137844294265,0.0021822513489991708,0.0308382522314786,0.0374355934560298,0.035127661842852806,0.0017853522673248953,0.04168483763933176,0.0026771661202157466,0.0382857136428356,0.0468435287475585,0.041012486442923504,0.0015100669115781472,0.03856105841696257,0.001309282691679738,0.0359908826649189,0.0409123338758945,0.038689838722348144,0.0008529368788003991
1,rnn,layers_1,lorenz_1000,0.001,,8,16,13,64,131,0.031215236126445202,0.013053796055497927,0.0037368962075561,0.0389052741229534,0.03806617669761175,0.0005264263600111459,0.032491633272729775,0.013777972682508867,0.0028431930113583,0.0401710644364357,0.0394025053828954,0.0004893150180578509,0.13290507942438123,0.04015309715598115,0.0458427295088768,0.1571909338235855,0.15426664799451825,0.001896768808364896,0.13387063704431057,0.041388423045741966,0.040804099291563,0.158510148525238,0.15533801168203348,0.0020885244011879245,0.54300577044487,0.202900512488696,0.4167907238006592,0.9598513841629028,0.43363785743713373,0.010506972670555087,0.5495727598667145,0.19980640285936796,0.411443680524826,0.969786524772644,0.45357292890548706,0.008877798914909363,849.9,760.2610670026447,432,2498,472.5,29.5,27.115,24.258894142149185,13.63,78.57,15.08,1.1700000000000008,0.03835986161604518,0.001843379916902316,0.0360545529052615,0.0426483213901519,0.0380820148624479,0.000777777284383753,0.04344801194965835,0.0022323854620733617,0.0413267575204372,0.0494005344808101,0.0426022000610828,0.0007203686982393022,0.039958345144987056,0.0017627115642830369,0.0382441654801368,0.0449394471943378,0.0395943354815244,0.0004588793963193512
1,rnn,layers_1,lorenz_1000,0.001,,8,8,25,64,131,0.028264507185667705,0.011499294527433465,0.0143902180716395,0.0434818938374519,0.023123485036194248,0.007385611999779898,0.02911735866218802,0.011872429956592554,0.0143786072731018,0.0440949760377407,0.023502666503190953,0.007622092030942404,0.12250910997390743,0.0286846831507989,0.0863136649131774,0.1592827439308166,0.10881822183728215,0.01693774759769446,0.12586558535695075,0.02908381099588532,0.0871145203709602,0.1614274233579635,0.1121815405786037,0.018723927438259104,0.598945614695549,0.2195075390350787,0.2904310226440429,0.8417194485664368,0.717934638261795,0.1036464273929596,0.6050798624753952,0.19951181267713625,0.3163674473762512,0.8385245203971863,0.7096142172813416,0.11000537872314453,1547.8,1027.9304256611922,403,3002,1608.0,1157.5,41.784000000000006,31.06301537198216,9.62,95.87,39.394999999999996,29.389999999999993,0.03880106979049737,0.001313730074431311,0.0372055609710514,0.0421073332428932,0.03855251790955655,0.0004255706444382494,0.04675863981246946,0.0018820971640655065,0.0436970479786396,0.0504880361258983,0.04677684046328065,0.0012602992355823517,0.04283504448831077,0.0015560152624664431,0.039562951773405,0.0449286065995693,0.04326219297945495,0.0008812006562947984
1,rnn,layers_1,lorenz_1000,0.001,,32,16,25,64,1283,0.0061902553075924,0.0018980581667078565,0.0036691667046397,0.0105830719694495,0.00594803481362755,0.0010467364918440502,0.006515622232109271,0.0016557266676081011,0.0042690467089414,0.0101086134091019,0.006332566495984749,0.0009344830177724001,0.0566037349402904,0.01074534019360934,0.040126547217369,0.0792361721396446,0.0540767386555671,0.006305573508143401,0.059379963204264606,0.009446688366183648,0.0449474900960922,0.0783080458641052,0.0579264927655458,0.00577654130756855,0.9357498705387115,0.020905866247206924,0.8862582445144653,0.9641233086586,0.9372674822807312,0.010598033666610607,0.9297315001487731,0.017038754777591973,0.8909792900085449,0.9538320302963256,0.9292920827865601,0.009758383035659735,859.9,135.37758307784935,680,1047,861.5,147.0,28.45,4.593993905089557,22.49,35.12,28.549999999999997,4.955000000000002,0.03418771293428205,0.005345677045508576,0.026410403350989,0.039523626367251,0.03683869302686715,0.0025298116314741957,0.039657959155738304,0.005816206821080001,0.0300494637340307,0.0465466529130935,0.0417240913957357,0.00267084315419195,0.03958659339696163,0.006308408059188149,0.0295988619327545,0.0459978580474853,0.04367308318614955,0.0015562362968921523
1,rnn,layers_1,mackey_1000,0.001,,32,16,140,64,1153,0.02577965762466187,0.00395078319632839,0.0194891076534986,0.0304204858839511,0.02667415421456095,0.0032753981649875485,0.01887684296816583,0.001018029518831876,0.0168828405439853,0.0205801725387573,0.01905015204101795,0.0006220974028110487,0.12956034913659095,0.0128130298677693,0.1096963286399841,0.1496010571718216,0.13133495301008224,0.008906472474336638,0.11197851598262784,0.0031063025127923633,0.1064818650484085,0.1159452721476554,0.1122796609997749,0.002759668976068455,0.7253128468990326,0.04626784717017805,0.6682255864143372,0.7973052263259888,0.7194220721721649,0.04575362801551819,0.8526217877864838,0.011768148864574465,0.8378136157989502,0.8779506683349609,0.8526666760444641,0.007623046636581421,586.0,86.84008291106129,472,761,574.0,51.5,17.475,2.78575034775193,13.71,22.78,17.295,1.9650000000000016,0.03661625918466592,0.000986476599152517,0.0352771098259836,0.0378690147772431,0.03621787042357025,0.0008016683859750975,0.04032233171164985,0.001427449469329254,0.0374918803572654,0.0423424169421196,0.040633317083120304,0.0005644261837005511,0.02951404899358744,0.001193545000986939,0.0274182390421628,0.0316341407597065,0.02940929867327205,0.0007568625733256513
1,rnn,layers_1,mackey_1000,0.001,,8,4,1,64,97,1.421201704943087e-05,3.0339371832279414e-06,8.052902558119968e-06,1.945068288478069e-05,1.379765444653458e-05,1.9872609300364266e-06,1.499379350207164e-05,2.890346229054939e-06,8.965053893916775e-06,2.0167188267805614e-05,1.541110532343737e-05,1.8706427908909981e-06,0.0029391298769041304,0.0003840495157464727,0.002163479104638,0.0035527136642485,0.0029214245732873,0.00025906704831870015,0.00306699678767469,0.0003384835560564023,0.0023445039987564,0.0036173260305076,0.00309652334544805,0.00022418051958084995,0.9998666763305664,3.172548471592897e-05,0.9998126029968262,0.9999300837516784,0.999870091676712,2.014636993408203e-05,0.9998849034309387,2.2321076019957116e-05,0.9998446702957152,0.9999315142631532,0.9998818635940552,1.4513731002807617e-05,1499.0,221.32871481125082,1114,1943,1471.5,132.0,30.413999999999998,4.796991140287836,22.39,39.62,30.305,2.8949999999999996,0.0034614143526413995,0.0018449058715095561,0.0003337751200888,0.0066309054382145,0.00351850449806075,0.0016806736937724,0.0035032887331908095,0.0018823046451289772,0.0003646477998699,0.0068247597664594,0.0035606923047453,0.00169076817110175,0.00295029639964919,0.0015678058509278532,0.0002996588591486,0.0057166209444403,0.0030227018287405,0.00135502766352145
1,rnn,layers_1,mackey_1000,0.001,,32,16,70,64,1153,0.004503729107091151,0.007437871785311805,0.0006679356447421,0.0264663286507129,0.00159863661974665,0.0009116068831644999,0.00333728211699047,0.0045615665008791806,0.0007862281054258,0.0167338624596595,0.00152652460383245,0.0007200260297395001,0.04073276799172158,0.027216040175653117,0.0201689377427101,0.1168016642332077,0.03028966393321745,0.009657423011958549,0.03959495685994619,0.02167330657450369,0.0222026985138654,0.0999100655317306,0.0304460255429148,0.00781832728534935,0.9559391498565674,0.07782782285970402,0.7252106666564941,0.9937610626220704,0.9855810701847076,0.008171558380126953,0.9749948084354401,0.03532126649346479,0.8709421157836914,0.994208574295044,0.9889563024044037,0.00508719682693487,1670.1,619.8482798233774,500,2846,1692.5,347.0,59.730999999999995,23.504234278104022,17.31,103.62,55.845,9.655000000000001,0.02601108178496358,0.001370212020918041,0.0236497219238016,0.0273666183153788,0.026532233175304197,0.0006791261128253033,0.024221968464553306,0.00233841147755692,0.0204284954816102,0.026908379048109,0.0253210328519344,0.0005032513290643519,0.03577118143439289,0.001084268189135544,0.0342294201254844,0.0382661931216716,0.035426665097474996,0.00020608492195604497
1,rnn,layers_1,mackey_1000,0.001,,32,8,140,64,1153,0.019400341622531358,0.003605899645581737,0.0138311693444848,0.0251259561628103,0.01915788836777205,0.0030154148116707993,0.02567722480744118,0.0015088342990182424,0.0236682333052158,0.0285996831953525,0.02513621933758255,0.0011667711660265992,0.11316992044448848,0.011372961971928518,0.0941613093018531,0.1312365680932998,0.11282032355666155,0.01025835424661635,0.13077770471572872,0.002114753028579479,0.1282832026481628,0.1355719864368438,0.13037236034870145,0.0016602650284767428,0.79569690823555,0.04191832604338663,0.7319860458374023,0.8581385016441345,0.7997261881828308,0.03717491030693054,0.7844737231731415,0.014525656692097754,0.7559285759925842,0.8034604787826538,0.7883503437042236,0.012736499309539795,1273.4,219.01698564266655,990,1643,1186.0,176.0,27.932,4.793983312444882,21.58,34.56,28.295,4.384999999999998,0.039638150855898814,0.0009424684095980151,0.0379572557285428,0.0411190488375723,0.03967530070804055,0.0007763565517962014,0.04189525991678232,0.0008902104227199082,0.0403866358101367,0.0439312979578971,0.04192782193422315,0.0003801379352807513,0.035969175770878735,0.0010742366714444557,0.0345285534858703,0.0381793454289436,0.0360397901386022,0.0007951371371745994
1,rnn,layers_1,mackey_1000,0.001,,32,16,1,64,1153,2.8469669075548154e-06,1.2873257475903223e-06,6.091906357141852e-07,5.637681624648394e-06,2.5817495270530344e-06,5.979056822980056e-07,3.6687219903797084e-06,1.5663987653314158e-06,7.946981668283115e-07,7.0918986239121296e-06,3.433494839555351e-06,4.303896048440947e-07,0.00133427677792494,0.00033198102317794884,0.0006220762734301,0.0019301439169794,0.00130392750725145,0.00013846019282935,0.0014996589685324102,0.00035565512725785944,0.0006701214588247,0.002128176158294,0.0014938269741833,9.825808228929999e-05,0.9999735116958618,1.2029487317883391e-05,0.9999473690986632,0.9999939799308776,0.9999755024909973,6.1690807341974185e-06,0.9999722242355347,1.192468345643697e-05,0.9999459385871888,0.999994158744812,0.9999741911888123,3.516674041748047e-06,1252.6,244.68150727016538,991,1830,1196.5,152.5,44.645,8.807838838216785,35.39,65.25,41.985,4.684999999999999,0.0004780337621923,8.518893425289939e-05,0.000325163337402,0.0006090397306252,0.00047531888121735003,6.876099942020004e-05,0.00045887586311432,9.650775083662062e-05,0.0002975547977257,0.0006129308021627,0.0004417944728629,6.183309596960001e-05,0.00042619549203659,7.77902515526284e-05,0.0002934867225121,0.0005554295494221,0.0004120775702176,4.7241803258649974e-05
1,rnn,layers_1,mackey_1000,0.001,,32,8,1,64,1153,4.426756527209364e-06,8.924945412817628e-07,3.384594947419828e-06,6.6531924858281855e-06,4.11182895732054e-06,3.319465804452197e-07,5.1021145281993086e-06,9.493924404146515e-07,3.685266619868344e-06,7.299164735741215e-06,4.905191644866136e-06,4.1390740079805255e-07,0.00168169960379594,0.00016904676899959386,0.0014852557796984,0.0021092519164085,0.0016399080632254,8.038140367719999e-05,0.0018107691896147502,0.00016959318947263197,0.0015583987114951,0.002201173454523,0.0017477377550676,9.88153042272e-05,0.9999585926532746,8.296874490472946e-06,0.9999376535415648,0.9999690055847168,0.9999605417251587,3.8146972655139777e-06,0.9999613881111145,7.2224401897014564e-06,0.9999439716339112,0.9999715089797974,0.9999634623527527,3.2782554627019955e-06,1500.2,119.9564921127656,1331,1732,1461.5,67.0,39.353,2.99007374490998,35.34,44.94,38.425,1.8599999999999994,0.00055368354340312,7.293472904371188e-05,0.0004129256412852,0.0006728648470016,0.0005405633637564501,3.645097312980004e-05,0.0005384142074035,7.150753669184787e-05,0.000435012858361,0.0006730438326485,0.00051432749023655,3.602540527934998e-05,0.0005006968596716901,6.376001402410914e-05,0.0004219714319333,0.0006367657333612,0.0004873583820881,4.4184169382800005e-05
1,rnn,layers_1,mackey_1000,0.001,,16,16,1,64,321,3.2699970915928135e-06,1.8204252762600965e-06,1.554293476146995e-06,8.143278137140442e-06,2.797655611175287e-06,9.55623931986338e-07,4.723209076473722e-06,2.789213264433352e-06,2.050472176051698e-06,1.214318399433978e-05,4.030597096971178e-06,1.449872456760204e-06,0.0014114987105130698,0.0003502907847732803,0.0010330429067835,0.0023082375992089,0.00135445338673885,0.00021644652588290007,0.00166414583800354,0.00045463360401094686,0.001144592417404,0.0028088698163628,0.0015659378841519,0.00026377901667730007,0.9999692559242248,1.7040941881191614e-05,0.9999239444732666,0.999987006187439,0.9999729096889496,8.523464202991882e-06,0.9999646186828614,2.0789331101464934e-05,0.9999091625213624,0.9999851584434508,0.999969869852066,1.0460615158136566e-05,1567.2,223.7377035727327,1082,1777,1638.5,74.0,52.133,7.965688984639057,35.52,63.49,53.655,2.7699999999999996,0.00091658620294761,0.0004035691037468056,0.0003034150591702,0.0017162810778245,0.0008418540150158999,0.00025230820174335013,0.0009535789577057001,0.00041564177816067106,0.0002799346111714,0.0016916979802772,0.0008540181734133,0.0003602787910494999,0.0008315072453114602,0.0003818464870323178,0.0002797965425997,0.0015079224249348,0.0007525847759097,0.00030875951051714996
1,rnn,layers_1,mackey_1000,0.001,,16,8,140,64,321,0.02791561279445882,0.004487101542575102,0.0190186612308025,0.0353657789528369,0.02712421212345355,0.001994259655475601,0.03334011472761625,0.005790514143824018,0.0252483673393726,0.0405706837773323,0.0364113245159387,0.0038551706820726464,0.13451915383338925,0.010115994445679838,0.1133421063423156,0.1497586071491241,0.13535888493061066,0.007557600736618042,0.1483101904392242,0.01399292972296793,0.1292418092489242,0.1671478152275085,0.15454823523759836,0.011569611728191376,0.6819717884063721,0.06374889656918259,0.5685415267944336,0.7964022755622864,0.6960329711437225,0.026363283395767212,0.7088266909122467,0.05847758952572477,0.6290194392204285,0.7902430891990662,0.6853780150413513,0.052014052867889404,1102.2,399.38197255259286,472,1852,1056.0,256.0,22.269,7.8727853393827525,10.37,37.34,21.79,5.130000000000001,0.04768530186265702,0.006572365552284287,0.0399306043982505,0.0567831695079803,0.0461692200042307,0.00592462625354525,0.05028142631053919,0.008117808008950789,0.0414156839251518,0.062449611723423,0.0470155999064445,0.005082160234451301,0.04178384318947786,0.006794321357431082,0.0346478819847106,0.0514330267906188,0.03978070430457585,0.005056554451584799
1,rnn,layers_1,mackey_1000,0.001,,16,8,70,64,321,0.02847555540502065,0.006298012183004772,0.0164109580218791,0.0344430468976497,0.0313314860686659,0.0029030749574304043,0.02078487984836097,0.003319893051402705,0.0139111503958702,0.0247754659503698,0.022483342327177448,0.0019092010334134518,0.13010389283299442,0.014851446621998115,0.0998759716749191,0.1431183964014053,0.13674698770046229,0.005331099033355768,0.11459090486168859,0.010046269129949482,0.0915139839053154,0.125437781214714,0.11844849959015845,0.0046743378043174535,0.6956555128097535,0.07647280184799049,0.620390772819519,0.8400964736938477,0.6651620268821716,0.036778420209884644,0.835455060005188,0.02825023443815428,0.8040323853492737,0.8935499787330627,0.8207966983318329,0.014089494943618774,1022.9,529.5597133468519,584,2295,822.0,220.0,23.238999999999997,12.609683937355449,13.12,54.02,18.23,4.989999999999999,0.03146037931243573,0.0005831792342957997,0.0308222091860241,0.0328749755604399,0.0311734679465492,0.0003025104395217009,0.028538254089653454,0.000374822290413141,0.0280549973249435,0.0291854757815599,0.028380058705806697,0.00024753529578449944,0.036326221004128405,0.0013274163532462123,0.0346193350851535,0.0388151481747627,0.036007324233651106,0.0006489679217338493
1,rnn,layers_1,mackey_1000,0.001,,16,8,1,64,321,5.833660952703212e-06,1.6605021770404778e-06,3.742151875485433e-06,9.303766091761643e-06,5.688196779374266e-06,6.621914963034214e-07,6.701221855109906e-06,1.9165497494802005e-06,4.381600774649996e-06,1.0328442840545904e-05,6.28996963314421e-06,9.299426437792131e-07,0.0019105071667581397,0.00026254717786953,0.0015762209659442,0.0024306261911988,0.00189570261863985,0.0001042793155647501,0.00206387196667487,0.0002892766789048586,0.0016604482661932,0.0025630523450672,0.00201603595633055,0.00017949414905159993,0.9999449729919434,1.63167821217336e-05,0.999912977218628,0.9999646544456482,0.9999467432498932,7.003545760997376e-06,0.9999491333961487,1.4158536049391676e-05,0.9999216794967652,0.9999667406082152,0.9999515116214752,7.003545760997376e-06,1681.5,204.18974019279224,1322,1966,1706.0,179.5,41.432,4.893579058317133,32.16,48.57,42.08,3.914999999999999,0.00073434121964959,0.00024348200582066207,0.0003987827600212,0.0012059184315148,0.0006488861123215501,0.00016106505499919997,0.00078767378872721,0.00028059769529458183,0.0003875886031892,0.0013248401228338,0.0007142577960621,0.00021089075016785,0.0006648019509156701,0.0002110854164533097,0.0003592204302549,0.0010643844725564,0.0006172061839605999,0.00016086695541165
1,rnn,layers_1,mackey_1000,0.001,,16,4,140,64,321,0.039261174201965295,0.00086398762353652,0.0374462381005287,0.0402837507426738,0.03923611342906945,0.0006666872650385007,0.04250436946749682,0.0002464940640025837,0.0421125553548336,0.0430088751018047,0.042525187134742654,0.00015197880566124658,0.15776708573102946,0.001579523216854992,0.1551419794559478,0.1606160998344421,0.1578028574585914,0.0012101158499717435,0.1650636181235313,0.0009667360946223521,0.1633893549442291,0.1662404537200927,0.16505169123411176,0.0008221790194510997,0.49708491563796997,0.011165289387388573,0.4846532940864563,0.5245546698570251,0.494488924741745,0.005567342042922946,0.6128359138965607,0.0041938153932414715,0.6066710948944092,0.6189723610877991,0.6122369170188904,0.00385090708732605,697.5,51.40671162406714,624,781,696.0,48.5,13.600999999999999,0.9290581251999251,11.66,14.69,13.935,0.3649999999999993,0.05444181780379338,0.005753188021451438,0.0474891956740369,0.0670945321520169,0.05276246958722665,0.0017220474134471003,0.0636595226824283,0.0015270665043378563,0.0598800554871559,0.0656841695308685,0.06404691562056536,0.0008763149380684038,0.05064450763165949,0.002299462003773521,0.0461183227598667,0.0545077547430992,0.050219831988215405,0.001117128878831853
1,rnn,layers_1,mackey_1000,0.001,,32,8,70,64,1153,0.019767124205827664,0.003959168020280532,0.0150626040995121,0.0268560238182544,0.01797677949070925,0.0021722121164203002,0.01600553505122656,0.0022305164861991414,0.0137041471898555,0.0196995921432971,0.01515120035037395,0.0013194591738284007,0.11016430929303167,0.010978078660901535,0.0986290425062179,0.1302391290664672,0.10638167709112165,0.006460387259721749,0.10036743208765979,0.008338821471491394,0.0900210216641426,0.1140044704079628,0.0985983684659004,0.006931312382221243,0.8058617889881134,0.03672513995494759,0.7309629321098328,0.8491014242172241,0.8206546902656555,0.013509243726730347,0.8757466852664948,0.020281939803012065,0.8427304625511169,0.8944699764251709,0.8855794668197632,0.006320267915725708,1177.8,339.51194382525046,672,1638,1226.5,260.0,28.044,8.048702007156184,15.58,38.93,28.98,6.539999999999999,0.03082801060130195,0.0004358927512534999,0.0298747892181078,0.0313380859378311,0.03094143368717695,0.00022709866364799963,0.02810826413333411,0.0010857844702363518,0.0263410154730081,0.0297191143035888,0.02792790532112115,0.0009712036699057007,0.035562186688184685,0.0013413645001663368,0.0338241308927536,0.0380716323852539,0.0352769568562507,0.0008275136351585527
1,rnn,layers_1,mackey_1000,0.001,,16,4,1,64,321,1.6480194699397543e-05,1.393477913620863e-06,1.3513677913579158e-05,1.797993536456488e-05,1.6982269698928576e-05,6.550662874360569e-07,1.66104551681201e-05,1.3458172105252566e-06,1.3337645214051008e-05,1.856758535723202e-05,1.685936513240449e-05,5.158908606972545e-07,0.00318988796789193,0.00014557517986361248,0.0028807090129703,0.0033555175177752,0.00320574326906345,0.00010532629676160009,0.0032569819130003003,0.00013782991342343353,0.0028963712975382,0.003427148098126,0.0032852118602022,4.9214111641050036e-05,0.9998469650745392,1.2350083835770783e-05,0.999830722808838,0.9998746514320374,0.9998429119586945,5.781650543212891e-06,0.9998727202415466,1.0292229339824284e-05,0.9998570680618286,0.9998971223831176,0.9998727440834045,5.781650543268402e-06,1217.8,139.31819694497915,997,1464,1206.5,110.5,25.062000000000005,2.6008798511273064,21.01,29.68,25.315,1.545,0.00062369129169379,0.0004717230151079844,0.0002929921101895,0.0019181086565367,0.00044654579833145,0.00012144645297665,0.00063841880764808,0.00045714950497397844,0.0003121793561149,0.0018935311818495,0.0004668050969485,0.0001107441639761,0.00054272515990301,0.0003876425241032542,0.0002623843029141,0.0016073898877948,0.0003973555285483,9.014537499749998e-05
1,rnn,layers_1,mackey_1000,0.001,,8,16,140,64,97,0.02948298230767245,0.0025299084924636766,0.0265365857630968,0.0356655456125736,0.0288989525288343,0.0012133549898863012,0.02034216634929175,0.0027648442642825522,0.0174399558454751,0.0258883889764547,0.019343625754117952,0.0012130234390498023,0.1421017378568649,0.005447700542196966,0.1299522966146469,0.1511125713586807,0.1435514241456985,0.0019390434026718,0.1173565551638603,0.0048001803204307456,0.1097229421138763,0.1277024149894714,0.11633936688303945,0.001525226980447797,0.6809206128120422,0.027223464130596554,0.6335591077804565,0.7231249809265137,0.6802037954330444,0.01621425151824951,0.8398422598838806,0.026060706269673165,0.7865250706672668,0.8660079836845398,0.8517683744430542,0.011486172676086426,1578.3,267.72786556501734,1120,2121,1547.5,199.0,42.779999999999994,8.233675971277956,29.33,56.05,42.935,6.075000000000003,0.049969866289757164,0.009686382286225302,0.0378562728874385,0.0592306856997311,0.0559256398119032,0.003242291742935801,0.05446648746728894,0.009991830001939695,0.042121022939682,0.0643312707543373,0.059689268469810444,0.004475869238376652,0.04286043625324962,0.012225696696085546,0.0274361409246921,0.0550721064209938,0.050323639065027195,0.004377085715532303
1,rnn,layers_1,mackey_1000,0.001,,8,16,70,64,97,0.02386024692095811,0.006789297028729197,0.0051771705038845,0.0300673898309469,0.024964727461338,0.002619107253849501,0.014956718450412122,0.0030875329952508167,0.0064332387410104,0.0176117308437824,0.0154859698377549,0.001209056004881851,0.11654935739934442,0.021564202874065224,0.0547058917582035,0.1334466189146042,0.12319513410329816,0.006401468068361296,0.09875419773161406,0.013278140333377536,0.0623705498874187,0.1113008186221122,0.10178847238421435,0.004740972071886049,0.7503709614276886,0.074358237328953,0.6722034215927124,0.9526495933532716,0.7392952740192413,0.029170602560043335,0.8806144535541535,0.02558822431079465,0.8554796576499939,0.9506587386131288,0.8768855631351471,0.009106308221817017,1493.1,534.2917648626077,1040,2965,1274.0,183.0,45.364999999999995,15.665413655566201,29.7,85.44,37.595,6.01,0.02955065543452893,0.004777237867930451,0.026245553460386,0.0422753194967905,0.02751735452976485,0.0006757598991195008,0.027881196700036498,0.004280188107187578,0.0248552933335304,0.0396403707563877,0.026281159371137598,0.0007474021986126501,0.03693911656737324,0.0031274129491106863,0.0342944525182247,0.0442837066948413,0.035512560978531796,0.0008811950683593472
1,rnn,layers_1,mackey_1000,0.001,,8,16,1,64,97,4.104942252070032e-06,1.6817660516256176e-06,1.6048926454459431e-06,7.271929007401923e-06,4.0760170350040426e-06,7.516886171288206e-07,5.357281384021917e-06,2.295328718120931e-06,2.351835973968264e-06,1.0352625395171344e-05,5.128510565555189e-06,1.1717504548869333e-06,0.00160910631529982,0.0003541197150833088,0.0010168857406824,0.0022397050634026,0.00165866076713425,0.00017493258928884996,0.00182107245782384,0.0004052961351311615,0.0012488238280639,0.0026963334530591,0.00177661975612855,0.00018381408881394993,0.9999613165855408,1.5758706094591244e-05,0.9999298453330994,0.9999852776527404,0.9999610483646392,6.6161155701238705e-06,0.999959123134613,1.7676727929266352e-05,0.99992036819458,0.9999818801879884,0.9999612271785736,9.208917617797852e-06,1904.9,292.2729717233531,1439,2450,1971.0,139.5,63.88600000000001,13.800900115572173,46.11,92.5,63.394999999999996,8.985000000000003,0.0018222817005880399,0.0011117226947872112,0.0003052259140531,0.0043633549241349,0.0016101001761853499,0.00077316423121375,0.00202044454345009,0.0011992064280943828,0.0002980837307404,0.0045584943145513,0.0018045390024780499,0.0009838350815699003,0.0016422235174104003,0.0009924399474649413,0.0002832213067449,0.0038345505017787,0.00152329186676065,0.0008123533916659499
1,rnn,layers_1,mackey_1000,0.001,,8,8,140,64,97,0.03233659714460367,0.0035744278044507207,0.0250890683382749,0.0371134616434574,0.0326780434697866,0.002896504476666447,0.03709206655621525,0.003643603566478251,0.0287169180810451,0.0404246039688587,0.038299199193715994,0.00153780542314055,0.14459564983844753,0.00927556904358113,0.1279735267162323,0.1572147458791732,0.14395333826541895,0.00832024961709979,0.15831976532936096,0.010035461384727462,0.1338876187801361,0.166332870721817,0.1627300530672073,0.003328159451484694,0.6168565392494202,0.05497411222489833,0.5441500544548035,0.7285783886909485,0.6130983233451843,0.045553624629974365,0.6700516223907471,0.04112597801217446,0.624923825263977,0.7555492520332336,0.6577683389186859,0.019718855619430542,1142.1,698.6345897534706,475,2632,877.5,329.0,23.110999999999997,13.972867601176217,10.28,51.39,17.695,6.325,0.05059611303731794,0.007929033501681514,0.0390854976139962,0.0587476496584713,0.053044535685330546,0.005654501961544201,0.05480183176696295,0.010461616419939146,0.0405792631208896,0.0657965242862701,0.05740433745086185,0.008246669545769754,0.04491330720484253,0.007873257285740485,0.034254714846611,0.0543162822723388,0.046250687912106445,0.007494447752833398
1,rnn,layers_1,mackey_1000,0.001,,8,8,70,64,97,0.032965136505663344,0.004415957343277809,0.0212112218141555,0.0378117635846138,0.03355785645544525,0.0012347716838121518,0.02387021761387581,0.0025751054489122267,0.01903086155653,0.028434632346034,0.02378691546618935,0.0010371757671236992,0.13945603966712947,0.009812367536706262,0.1131017953157424,0.1525867879390716,0.14195553213357925,0.0019337758421897472,0.1235495842993259,0.007329272725445259,0.1125280037522316,0.1354128122329712,0.1221231557428836,0.003912284970283543,0.6448352575302124,0.053161164173605197,0.5865733623504639,0.7817987203598022,0.6300420761108398,0.014900356531143188,0.8061604857444763,0.022810002610091435,0.7636839151382446,0.8450546860694885,0.8059565126895905,0.00923272967338562,1057.3,443.69720531010785,435,1814,935.5,332.5,23.924,9.627603232373051,10.58,38.66,23.48,8.935,0.033320594848030086,0.0027379792590482696,0.0304332174774673,0.0389914866536855,0.0321041121044092,0.0012380433165365013,0.02891769744455811,0.0018448428978502678,0.0271337646991014,0.0333077386021614,0.0282773124054074,0.0006733173504472004,0.03905272968113417,0.003202048924967856,0.035297617316246,0.0444339923560619,0.038278970867395345,0.002323744818568195
1,rnn,layers_1,mackey_1000,0.001,,8,8,1,64,97,7.153332444431726e-06,5.1327669924297726e-06,3.904279310518177e-06,2.212887557107024e-05,5.443265081339632e-06,1.171856183646014e-06,8.614863645561854e-06,6.105968127525411e-06,4.647857167583425e-06,2.63014662778005e-05,6.53433517072699e-06,1.2772272839356447e-06,0.00205984550993886,0.0006185660410940902,0.0015707608545199,0.003814096795395,0.00187583017395805,0.00017763319192455,0.0022719852509907905,0.0006912787028249855,0.001718699815683,0.004219994880259,0.00205467850901185,0.0002137382980436,0.99993194937706,4.795108320832497e-05,0.999792456626892,0.9999628067016602,0.9999479949474335,1.1086463928222656e-05,0.9999341845512391,4.681792740864165e-05,0.9997987151145936,0.9999642968177797,0.9999498724937439,1.0609626770019531e-05,2066.3,374.68254563029757,1592,2658,1996.5,300.5,49.74199999999999,9.214226825946929,38.31,65.51,47.730000000000004,7.2350000000000065,0.0018398255563806198,0.0010970612226944387,0.0005762814776971,0.0046042521484196,0.00136062733654395,0.0005394514475483999,0.0019985113758593303,0.0011313723348918194,0.0005762258078902,0.0048055732622742,0.0015023645246401,0.0005862457328475999,0.00163112498121332,0.0009598985456197118,0.0004978619981557,0.0040471707470715,0.0012206399114801998,0.00045328558189794996
1,rnn,layers_1,mackey_1000,0.001,,8,4,140,64,97,0.0379636641591787,0.0005065706595198045,0.0372109003365039,0.0387844331562519,0.0377779249101877,0.0002891365438699514,0.04287041202187532,0.0004285489857124202,0.0418218113481998,0.0434599444270134,0.04289011470973485,0.00019959174096584667,0.15599622279405595,0.0019102225014030131,0.15203857421875,0.1574356108903885,0.1568658500909805,0.000538274645805345,0.16602770090103144,0.0012661507046014269,0.1638582348823547,0.1683993488550186,0.16619653254747385,0.0008036941289902011,0.5174730122089386,0.008605049059772244,0.5004966259002686,0.5283034443855286,0.5210549831390381,0.002173185348510742,0.6107333600521088,0.00550086088529273,0.6004236340522766,0.6232686042785645,0.6102148294448853,0.00220528244972229,808.3,175.3539563283361,587,1095,722.0,110.5,15.405000000000001,3.7223359601196666,11.12,22.13,13.675,2.4400000000000013,0.053857929908554036,0.004693492439840904,0.0486404394420484,0.0650048442184925,0.0529655528047846,0.0025705453008413003,0.06406737826764577,0.003062272019454453,0.0577482134103775,0.0669651478528976,0.06505889818072315,0.0016598179936408997,0.051420413702726334,0.0020702223113862376,0.0485471114516258,0.0542302578687667,0.051641743630170794,0.0017812810838222538
1,rnn,layers_1,mackey_1000,0.001,,8,4,70,64,97,0.03360266759991642,0.0007237342222823552,0.0327011831104755,0.0355522222816944,0.033507551997899995,0.00020654127001759962,0.025625546835362868,0.0014737063083207823,0.0244865398854017,0.0299256946891546,0.0252759428694844,0.00016392860561609962,0.14042989462614056,0.001578635505957797,0.1367730945348739,0.1426019221544265,0.14050427079200745,0.0010698065161705017,0.12505058273673056,0.004843276160043331,0.1208852082490921,0.1390607357025146,0.12392164394259444,0.0009704083204269062,0.6329240262508392,0.009717503096313232,0.6067456007003784,0.6472557783126831,0.6344891786575317,0.0019036531448364258,0.7914704799652099,0.015799685839570254,0.7455171942710876,0.8062559366226196,0.7952247262001038,0.0009331405162811279,990.0,204.5448606051983,628,1259,1060.0,119.5,18.490000000000002,3.9001846110152276,11.53,22.67,20.055,1.9050000000000011,0.04022720191213815,0.001428868806110786,0.0373629368841648,0.0422870783756176,0.040664916133715,0.000770276412367852,0.03410605546087021,0.001584348078341378,0.0311130005866289,0.0363078974187374,0.0342310387641191,0.0007074698805809507,0.044071855396032276,0.0012889225362112048,0.0412602536380291,0.0458010770380497,0.044262472540140096,0.0009519923478364979
1,rnn,layers_1,mackey_1000,0.001,,16,16,70,64,321,0.01832454092800611,0.009559114846176978,0.0020235471893101,0.0291073750704526,0.0217556478455662,0.0054268389940262,0.012751037266571019,0.0058852072866882365,0.0018006094032898,0.0181509330868721,0.01598436757922165,0.0008031236939132491,0.09888298697769639,0.03461786688616246,0.0340934880077838,0.1319189667701721,0.11465704813599585,0.010445393621921498,0.08764786086976523,0.026661403805846935,0.0354760959744453,0.1146177873015403,0.10122330114245409,0.0031046047806740085,0.8101955473423004,0.10421137241879302,0.684413731098175,0.983568012714386,0.7727908194065094,0.0583818256855011,0.8988021016120911,0.0478872069134135,0.8531563878059387,0.987070620059967,0.8721199333667755,0.0064490437507629395,1309.1,887.5652595725004,543,3400,853.5,194.5,41.753,29.97957739862255,16.23,103.03,25.36,5.865,0.02698241601594616,0.00030103008535162083,0.0264412442015277,0.0276165625287426,0.02693757435513865,0.00018652005948950091,0.02610739339143034,0.0005541290281847212,0.0252444837242364,0.027086429297924,0.0261743506416678,0.00048683490604160135,0.03470510691404339,0.0004423820741410535,0.0340432561933994,0.0353357046842575,0.0346086379140615,0.0003260299563408002
1,rnn,layers_1,mackey_1000,0.001,,16,16,140,64,321,0.02548657683655614,0.00469993110924123,0.0145694436505436,0.0302903745323419,0.027535545639693702,0.0025894641876220478,0.019534242898225744,0.001885090252550608,0.0171304289251565,0.024362264201045,0.01923248823732135,0.0008700517937541025,0.128766892850399,0.014605384431459503,0.0969960391521453,0.1451504230499267,0.13276917487382883,0.010551247745752355,0.1143375419080257,0.004667327383540334,0.106680579483509,0.1230144724249839,0.1140842884778976,0.0034126937389373987,0.727671879529953,0.05599801787507005,0.6675927042961121,0.8570104837417603,0.7027725279331207,0.03055936098098755,0.8448056936264038,0.01679179494521688,0.8023346662521362,0.8629958033561707,0.8470520675182343,0.008665800094604492,941.9,168.8303586444097,721,1204,921.5,155.5,25.617,4.0912762067599395,19.88,31.93,25.32,3.41,0.04548102691769592,0.008331855005634015,0.0381790902465581,0.0570340827107429,0.0392370278714224,0.0009668838465586513,0.04937521703541274,0.007923974154956303,0.0427350364625453,0.0614332631230354,0.04373216256499285,0.000882539898157151,0.03614835999906059,0.011499242762679506,0.0259696692228317,0.0522924289107322,0.028119655326008748,0.002039238810539249
1,rnn,layers_1,mackey_1000,0.001,,16,4,70,64,321,0.03386706486344332,0.0003923670320265205,0.0332945249974727,0.0347811542451381,0.033836536109447396,0.0001661870628595491,0.024918714165687507,0.0002477462162725694,0.0245539862662553,0.0252810306847095,0.02494795434176915,0.0002289852127433014,0.14063304662704465,0.0009920004201713333,0.1390311568975448,0.1420475542545318,0.14083410799503326,0.0009349584579468051,0.1226537093520164,0.0008874035349963345,0.1210578307509422,0.1242107078433036,0.12263190373778335,0.0006526224315165988,0.6323236465454102,0.001981816252577177,0.6286283731460571,0.6347290873527527,0.6324194669723511,0.001803576946258545,0.7980354487895965,0.002189509344061856,0.7949044704437256,0.8014925122261047,0.7981512546539307,0.0019582808017730713,755.4,94.30291617972374,587,890,750.5,74.5,14.065999999999999,1.8796499674141456,10.72,17.02,13.795,1.1600000000000001,0.036315367081099045,0.0016359412530982404,0.0335165104932255,0.0389925195939011,0.0365038802847266,0.0011115744709969018,0.03152686934918161,0.0007734078800761896,0.0301445629447698,0.0326524972915649,0.03146922215819355,0.0006899777799844499,0.039560697972774436,0.0019187089311059318,0.0362292528152465,0.042933166027069,0.03960417024791235,0.001001344993710549
1,rnn,layers_1,mackey_1000,0.001,,32,4,140,64,1153,0.04006591178476805,0.0008323248903546036,0.0384759120643138,0.0412192232906818,0.040195748209953294,0.0006426833570003058,0.04247721135616296,0.00035528069117003063,0.0416694320738315,0.0429845079779624,0.042545946314930846,0.0002351794391870464,0.15688584744930262,0.0031118122952307897,0.1519733071327209,0.1629165709018707,0.15604704618453974,0.0014518573880195479,0.16414549201726908,0.001194986201211446,0.1619199812412262,0.1660273671150207,0.16410338878631586,0.0008894056081771989,0.4877671331167221,0.01171818452922083,0.4732111990451813,0.5109689235687256,0.48490695655345917,0.00794433057308197,0.6147300958633423,0.004112080252197487,0.6095212697982788,0.6225643754005432,0.6145316362380981,0.0031599700450897217,621.0,62.31051275667694,513,754,623.0,33.5,12.565000000000001,2.551083103311219,9.56,19.43,11.99,0.8700000000000001,0.04939202530141398,0.006966952313424841,0.042209484666172,0.0671914265387588,0.046735290926234296,0.0017421373858167964,0.05527019910514349,0.002358173651181285,0.0502091012895107,0.0582646988332271,0.055999971926212255,0.0013838093727827037,0.04394347071647638,0.0031634412848241047,0.0379481464624404,0.0509310886263847,0.043943243101239204,0.0014699697494505969
1,rnn,layers_1,mackey_1000,0.001,,32,4,70,64,1153,0.034302913025021496,0.0005154002183909519,0.0334332101047039,0.0351330414414405,0.034269798547029454,0.0002872291952371493,0.0243243474513292,0.00026794735689653895,0.0240321960300207,0.0248939637094736,0.024181213229894548,0.00010970141738644856,0.14032108932733536,0.0012817091287107016,0.1374183595180511,0.1425197422504425,0.14030149579048157,0.0005346909165382385,0.12045333534479137,0.0008715514062835152,0.1194550395011901,0.1224375888705253,0.12042938917875284,0.0006720200181007455,0.6319985926151276,0.0034993180777701054,0.6274029612541199,0.6407358646392822,0.6322110891342163,0.0015909373760223389,0.8025918304920197,0.0022841810783576855,0.7970797419548035,0.8057547807693481,0.8028356730937958,0.0009230077266693115,753.2,108.1025439108627,601,974,729.5,68.5,15.053999999999998,3.6395060104360315,11.28,24.59,13.855,1.4000000000000004,0.03427265700366757,0.0004317980285258611,0.0334708611998293,0.0350441634654998,0.0343656707555055,0.0001872998351852527,0.031023770384490452,0.0010978820619806458,0.0300804041326046,0.0338376984000206,0.0306921331211924,0.0004622526466846501,0.036850488558411554,0.0012636273200984226,0.0351007170975208,0.0392234846949577,0.03698323667049405,0.0010060220956802472
1,rnn,layers_1,mackey_1000,0.001,,32,4,1,64,1153,1.7033866515703267e-05,2.2516445473057485e-06,1.2171813978056887e-05,1.993841760850045e-05,1.7198229215864558e-05,1.6002140910131857e-06,1.7440796091250378e-05,2.2642312765334468e-06,1.220899048348656e-05,2.1601268599624746e-05,1.756791607476771e-05,9.529376256978156e-07,0.0032553947530686396,0.0002437218244477881,0.0027133228722959,0.0035284601617604,0.0032833026489242504,0.00018673285376280004,0.0033457936951890197,0.0002435989446465546,0.0027495699469,0.0037163055967539,0.00337192462757225,0.00012378138490025002,0.9998410999774933,2.1280869120447075e-05,0.9998100399971008,0.9998899698257446,0.9998414218425751,9.328126907348633e-06,0.9998679459095001,1.66589650698312e-05,0.9998379945755004,0.99990576505661,0.9998657405376434,8.285045623779297e-06,1050.6,138.78414895080778,828,1357,1011.5,38.5,22.229000000000003,2.8115065356495257,17.14,28.29,21.725,1.0950000000000006,0.00037750301897171,6.303857405810731e-05,0.0003191921481629,0.0005434059508843,0.00036461571726245,2.8655061760199998e-05,0.00039082781295288004,6.15975213274444e-05,0.0003227168926969,0.0005433676415123,0.00037047902878835,2.525850140955001e-05,0.00035361803020346006,6.934103029467641e-05,0.0002937262179329,0.000516909873113,0.00031649996526535,2.0470557501549996e-05
1,rnn,layers_2,henon_1000,0.001,,16,8,4,64,898,0.04634202867746348,0.010640482075294791,0.0304424650967121,0.0644210204482078,0.0458882953971624,0.007517464458942403,0.038358050957322073,0.010012659513544507,0.0233557876199483,0.0565256550908088,0.037709144875407205,0.0045491382479668045,0.15782333761453624,0.028208384113158114,0.1170904338359832,0.2084709256887436,0.152967631816864,0.012475527822971358,0.1431039415299892,0.027263391513085534,0.1082115247845649,0.194089651107788,0.1409145668148994,0.013203259557485539,0.6698987007141113,0.10836128638984183,0.4635419845581054,0.8062623143196106,0.6959128081798553,0.04700329899787903,0.7209541976451874,0.09373441996626927,0.5429302453994751,0.8472177386283875,0.7333813309669495,0.03920638561248779,1835.2,768.1740427793691,631,3327,1867.0,453.5,68.24600000000001,27.665074444143468,23.59,117.85,70.52000000000001,18.145,0.06897623877972361,0.0009409855005646908,0.0678621999919414,0.0705285508185625,0.06894440408796071,0.0009663620963692998,0.0695164635777473,0.0007891871479346654,0.0683869123458862,0.0712155848741531,0.06958605349063865,0.00047462806105615096,0.07248654067516323,0.0006918869732147672,0.0717610046267509,0.0742916688323021,0.072432916611433,0.0003684498369693964
1,rnn,layers_2,henon_1000,0.001,,32,4,2,64,3330,3.216057939425809e-05,1.1081273587054747e-05,1.3712065992876887e-05,4.85395903524477e-05,3.427885712881107e-05,8.170074579538777e-06,3.217761832274846e-05,1.2381510269752918e-05,1.1233445547986776e-05,4.9470134399598464e-05,3.5626069802674465e-05,1.101124053093372e-05,0.0040433753514662,0.0008503005383460724,0.0027079207357019,0.0052436352707445,0.004200511844828701,0.0006719477241858502,0.00399442415218796,0.0008552060542768048,0.0025165318511426,0.0052175754681229,0.004225286189466699,0.0007397547597065991,0.9998060822486877,6.895868027456635e-05,0.9996985793113708,0.9999200105667114,0.9998005330562592,4.8488378524780273e-05,0.9998051524162292,7.710745834941247e-05,0.9996901154518129,0.9999328851699828,0.9997886717319489,6.255507469177246e-05,1242.0,80.18104514160439,1116,1382,1219.0,53.0,39.480000000000004,3.5394039046144483,34.87,45.32,38.525,2.2250000000000014,0.045648320876061875,0.0064805658749202055,0.035815055295825,0.0557442583143711,0.044647489115595754,0.005380982160568246,0.04388609305024142,0.00629003638771081,0.0348794870078563,0.053610872477293,0.04264118336141105,0.0059971716254949466,0.04669945575296876,0.006509897300720861,0.0373019278049469,0.0563555285334587,0.0452592950314283,0.006400246173143352
1,rnn,layers_2,henon_1000,0.001,,32,4,4,64,3330,0.0007940339070045901,0.0002728272670008224,0.0003697643114719,0.001406249590218,0.0007741769368294501,0.00014254584675654997,0.0006989698420511001,0.00020635125849353817,0.0003359449037816,0.0011234290432184,0.00065476947929705,0.00011396955233065003,0.01739519853144879,0.002407488881956086,0.0132497316226363,0.0209918711334466,0.017382625490427,0.0013600764796137498,0.01750595476478333,0.0026189253672386104,0.0131308771669864,0.0224098172038793,0.017613895237445748,0.002067994326353049,0.9950814962387085,0.0016915401962524265,0.991300106048584,0.9977152943611144,0.9952141642570496,0.0008830428123474121,0.9956340610980987,0.0012986980770106223,0.9929365515708924,0.9978945851325988,0.9959235489368439,0.0006676912307739813,2447.5,364.34605802725514,1944,3177,2401.0,267.5,78.42299999999999,16.618174418389042,59.9,116.82,73.30000000000001,8.594999999999992,0.06993342395871874,0.0010213375186843585,0.0684381499886512,0.0719072829931974,0.06996903568506235,0.0005443541333079033,0.06995860114693637,0.0006028090889781775,0.0686490386724472,0.0711481422185897,0.06989981234073636,0.00016403943300250662,0.07251337021589274,0.0006445850863760547,0.0713266655802726,0.0740587562322616,0.0724309012293815,0.00014437362551684985
1,rnn,layers_2,henon_1000,0.001,,32,8,1,64,3330,7.504785116907442e-06,2.2550512595032953e-06,4.33503873864538e-06,1.1941642696911003e-05,7.0889068410906475e-06,1.4992854175943648e-06,6.956989182071993e-06,2.107011378665242e-06,3.930759703507647e-06,1.11469171315548e-05,6.519897851831047e-06,1.240817482539569e-06,0.0019181771087459804,0.00027805055880850875,0.0015234377933666,0.0024998518638312,0.00187852833187205,0.00019541179062799996,0.0018972664256579602,0.000265441556504421,0.0015023130690678,0.0024685200769454,0.0018666327232494,0.00017046154243875007,0.9999552011489868,1.4397728653546364e-05,0.9999266266822816,0.9999739527702332,0.9999579787254333,1.060962676996402e-05,0.9999579668045044,1.37493795162792e-05,0.9999303221702576,0.9999768137931824,0.9999609589576721,7.4803829193115234e-06,717.7,38.66535917329619,641,770,729.0,20.5,29.221999999999998,1.6763877833007492,25.52,30.74,29.725,0.5399999999999974,0.00683152097742999,0.0033896639804342227,0.0031098029576241,0.0153250928036868,0.00610604671528555,0.0017804644536227,0.0071313404012471006,0.003070272106878004,0.0034634200856089,0.0144932586699724,0.00664453417994075,0.0016427095979451999,0.00802106689661736,0.0037159546613251327,0.003606520127505,0.0172145683318376,0.007561661768704601,0.0018887768965214504
1,rnn,layers_2,henon_1000,0.001,,32,8,2,64,3330,4.515677810558925e-05,2.1593901348168003e-05,2.2859041564515792e-05,0.0001042964722728,3.911364183295518e-05,7.587039362988435e-06,4.346784608059599e-05,2.5793244086444977e-05,2.4064405806711875e-05,0.0001174253993667,3.6249044569558464e-05,8.938961400417611e-06,0.004438153840601389,0.000750611711496865,0.0034157470799982,0.0063947765156626,0.00430654920637605,0.00020694895647464968,0.00442455022130157,0.0008024855673176308,0.0034203238319605,0.0064938175491988,0.00438233744353055,0.0003268299624324001,0.9997267782688141,0.00013524565900457163,0.9993542432785034,0.9998593926429749,0.9997700154781342,4.392862319946289e-05,0.999732518196106,0.00016255231415605477,0.9992653727531432,0.999849498271942,0.9997781217098236,6.014108657831363e-05,1328.8,150.84018032341385,1080,1540,1340.5,121.0,57.479,8.229937363066622,43.65,71.47,57.69,5.9999999999999964,0.04404800659045572,0.005670811545969769,0.0297772420570254,0.0523184843361377,0.04591533374041315,0.0027972299605607993,0.042825382389128155,0.005682597808987648,0.028699355199933,0.0513135008513927,0.0441987924277782,0.0030691158026457006,0.04892453290522093,0.006543789354066754,0.031947087496519,0.0567036122083663,0.05092481337487695,0.003678845241665847
1,rnn,layers_2,henon_1000,0.001,,32,8,4,64,3330,0.042937308177351925,0.011202376963053547,0.025985037907958,0.0623512752354145,0.04564905911684035,0.004815343767404553,0.03532229140400882,0.010531515834943554,0.0190554372966289,0.0537323467433452,0.03907960094511505,0.004215124994516352,0.1398260287940502,0.03319492188309619,0.086916483938694,0.1992831379175186,0.14902767539024347,0.01342858374118805,0.1299173235893249,0.02915179462724056,0.0829726830124855,0.1782938688993454,0.14130224287509913,0.008896604180335999,0.7115047037601471,0.09421482537780287,0.5295727252960205,0.8490878939628601,0.69071826338768,0.03718602657318115,0.7530832350254059,0.08562740856342789,0.5882958769798279,0.8754168152809143,0.7222114503383636,0.030935436487197876,1351.2,623.3292548886183,688,2875,1126.0,164.5,54.99699999999999,26.221207847847133,28.34,120.47,46.04,8.25,0.06903990812599656,0.0010584145744224516,0.0673607572913169,0.0704971008002758,0.06886943131685255,0.0010052749887108497,0.06937671825289722,0.0007729390857765893,0.0685886889696121,0.0707834959030151,0.0690708644688129,0.0003438368439674516,0.0725639589130878,0.0008085917915141462,0.0717961713671684,0.0742467269301414,0.0722216665744781,0.0003880485892295976
1,rnn,layers_2,henon_1000,0.001,,32,16,1,64,3330,6.7189202354711595e-06,2.4337201703544462e-06,3.420930624997709e-06,1.1374896530469414e-05,6.9567051923513645e-06,1.8612738585943597e-06,6.286660391197074e-06,1.8975737720493348e-06,3.3612327570153866e-06,8.763427103986032e-06,6.73574254506093e-06,1.3995947938383324e-06,0.00187009542714798,0.0003355878898538088,0.0013705795863643,0.0023219930008053,0.0019110742723568502,0.00034731056075544965,0.0018560125841758698,0.0003031617128557512,0.0013686589663848,0.0022616907954216,0.0019555704202502498,0.00015221419744195007,0.9999610126018524,1.4351913523464215e-05,0.9999333024024964,0.9999807476997375,0.9999609887599945,1.0520219802800934e-05,0.9999634623527527,1.1104362918317615e-05,0.9999475479125975,0.9999812245368958,0.9999613761901855,8.52346420293637e-06,737.3,71.48433394807564,666,929,727.5,32.0,46.506,7.378451328022705,39.91,64.12,44.625,3.1099999999999994,0.007134618845302561,0.003292895430737471,0.0037116883089765,0.0155172746628522,0.00628520317841315,0.0016318110516294997,0.00737741764169182,0.003262693256690833,0.0038387712556868,0.0155236469581723,0.0067172958515584,0.0015628288965672502,0.008383747516199889,0.0038552000016677506,0.0039572194218635,0.0179896913468837,0.007908385945484,0.0018170231487602
1,rnn,layers_2,henon_1000,0.001,,32,16,4,64,3330,0.0697040274739265,0.003265310593845991,0.0654045641422271,0.0748730897903442,0.07066861540079114,0.003337569534778595,0.0622219212353229,0.0014385662245484758,0.0594925098121166,0.0644285455346107,0.062080908566713305,0.0008718073368073065,0.21622247695922847,0.003892275000247577,0.2087778896093368,0.2212806195020675,0.21721573173999786,0.0033127143979072987,0.20583177506923672,0.004512340975584956,0.1981421262025833,0.2121191620826721,0.2049610167741775,0.0038794204592704495,0.39265612363815305,0.02912761728214317,0.3552039563655853,0.4353186786174774,0.3837547600269317,0.02626302838325495,0.4728546589612961,0.019147863332361834,0.4442918002605438,0.5077914595603943,0.4770394563674927,0.009269908070564215,1274.3,906.3824854883285,400,2622,1043.0,643.0,75.53900000000002,52.2164773706538,23.82,156.32,66.42500000000001,42.08000000000001,0.06884979721158739,0.0011831103936300127,0.0662348505109548,0.0700205668807029,0.0693490015342831,0.0004805093631149032,0.06824445128440854,0.0007530705683846617,0.0673081949353218,0.0697365030646324,0.06845217570662496,0.0005674250423907956,0.06966827809810634,0.0006244712319344786,0.0688193812966346,0.0707653313875198,0.0696640573441982,0.0005489066243171484
1,rnn,layers_2,henon_1000,0.001,,32,4,1,64,3330,4.983893109056225e-06,2.133882642045487e-06,2.5692415874800645e-06,8.993229130282998e-06,4.008589939985541e-06,8.455016313746453e-07,4.649046968552284e-06,1.656534686409676e-06,2.9999605430930387e-06,7.761795131955296e-06,3.824822329079325e-06,7.220891120596207e-07,0.0016007836326024799,0.00034424341245649923,0.0011603409657254,0.0022535796742886,0.0014699472230858498,0.00017833145102484995,0.0015780524234286798,0.00029094733601998024,0.0012632792349904,0.0021168668754398,0.00147749629104505,0.00016064645024015014,0.9999711036682128,1.2770225244830577e-05,0.9999456405639648,0.9999860525131226,0.999975711107254,4.470348358209808e-06,0.9999723613262177,1.0400867051280944e-05,0.999953031539917,0.9999839067459106,0.9999762177467346,4.738569259699066e-06,692.2,44.7097304845377,618,779,688.5,28.0,21.434000000000005,1.5155738187234562,19.02,24.45,21.189999999999998,1.0050000000000026,0.00669812929816539,0.002981720165716229,0.0036647749599069,0.0146726965904235,0.0057125084800645504,0.00138984814984725,0.00678148227743801,0.0026481263240609627,0.0039777988567948,0.0138108655810356,0.0058762421831488,0.0012481871526688498,0.00758756827563042,0.003021957601176413,0.0044809994287788,0.0155852399766445,0.00642229267396025,0.0014759884215891496
1,rnn,layers_2,henon_1000,0.001,,8,8,2,64,258,0.00010989997063005348,8.470244049025118e-05,4.472677028388716e-05,0.0002829981676768,6.871978803246748e-05,1.8449245544616133e-05,0.00010188423148063393,7.624823062194203e-05,3.620861753006466e-05,0.0002547794720157,6.517610017908737e-05,2.137625961040613e-05,0.007327271858230179,0.0023600441467030546,0.0050319526344537,0.0119651518762111,0.0063328046817332,0.0007935164030641504,0.007235230458900299,0.0023361878899988285,0.0047014588490128,0.0120851611718535,0.0062292800284922,0.0006913815159350504,0.9993231177330018,0.0005215978317239883,0.9982613921165466,0.999725103378296,0.9995773434638977,0.00011360645294189453,0.9993635714054108,0.00047774291756723337,0.9984061121940612,0.9997737407684326,0.9995931386947632,0.00013366341590875797,2704.8,897.1431101000553,1596,4907,2568.5,490.5,96.498,28.56953300283363,57.26,160.94,93.755,18.245000000000005,0.05787486564368005,0.003144935456319461,0.0538375027477741,0.0649547029286623,0.0580867344513535,0.0020291727036237973,0.055987733975052766,0.0029127664247894725,0.0520289652049541,0.0625522658228874,0.05550721846520895,0.0020675230771303003,0.058906403183937014,0.0028019941567399725,0.0549735315144062,0.0648752599954605,0.05868311598896975,0.0019730869680643012
1,rnn,layers_2,henon_1000,0.001,,8,8,4,64,258,0.04473556391894812,0.011648547053477685,0.0248477272689342,0.0634817853569984,0.04480162821710105,0.00916867330670355,0.03673871699720616,0.011218717806102793,0.0185125786811113,0.0549918413162231,0.03843120299279685,0.00927299074828625,0.1580507323145866,0.027342537144791842,0.1165618672966957,0.2024847120046615,0.15983268618583674,0.024711377918720245,0.14412742778658863,0.026366411041087754,0.1026529818773269,0.1848774403333664,0.14429683983325953,0.025949049741029746,0.6803630471229554,0.10447902336994543,0.4900550246238708,0.8352810740470886,0.6801751852035522,0.08412298560142517,0.7314960837364197,0.0959373805774954,0.5635651350021362,0.877758264541626,0.7220105230808258,0.08648231625556946,3674.7,1210.4292668305736,1253,5058,3933.0,798.5,132.684,40.45214585161089,60.31,180.58,136.66000000000003,32.28,0.07012757867574686,0.0017295691865102205,0.0677421025931835,0.0731990847736597,0.07053947616368525,0.0010142380371689491,0.0702677898108959,0.0012356645280401325,0.0677880346775055,0.0724614262580871,0.07003962621092795,0.0004770010709762504,0.07273344323039052,0.0009710709806115547,0.0708546563982963,0.0744266882538795,0.0725680552423,0.00015646964311599731
1,rnn,layers_2,henon_1000,0.001,,8,16,1,64,258,6.130649717306369e-06,2.7315079389844965e-06,2.8033866783516714e-06,1.1518021892698016e-05,5.795712922918028e-06,2.310987042619672e-06,5.831328826388926e-06,2.70404469654593e-06,2.6410807549837045e-06,1.1638165233307518e-05,5.697349706679233e-06,2.152172100977623e-06,0.00179818469332527,0.00041945025783385434,0.0012291297316551,0.0025421932805329,0.0018219327321276,0.00029971869662400005,0.0017551722237839698,0.0004130518598632506,0.0011909191962331,0.0024906382896006,0.0017932510818354,0.0002768849371932499,0.9999624907970428,1.670389835523179e-05,0.9999299645423888,0.999983012676239,0.9999643862247467,1.4156103134155273e-05,0.9999641358852387,1.6716739756127595e-05,0.9999284744262696,0.999983847141266,0.9999650120735168,1.3619661331176758e-05,1359.4,211.04037528397262,1000,1675,1417.5,110.0,76.944,16.773962680297103,52.78,108.49,78.805,11.985,0.01914627356454725,0.005816203432690462,0.008128923876211,0.0261997045949101,0.01962974602356545,0.003683006949722749,0.01886413721367711,0.005688055084004078,0.0085598807781934,0.0251992773264646,0.0188998151570558,0.004610331729054449,0.019874981790780972,0.005805540119450475,0.0088816601783037,0.0261902511119842,0.020307880826294353,0.004017001017928148
1,rnn,layers_2,henon_1000,0.001,,8,16,2,64,258,0.00012743155421046258,0.00010139118051915485,5.650282037095167e-05,0.0004080182989127,9.13996991584513e-05,2.4445864255538128e-05,0.00011015045383827491,7.748682932883387e-05,4.848583193961531e-05,0.0003222193627152,8.809770224615932e-05,2.0286413928261027e-05,0.007408723002299611,0.0017805215009257585,0.005695910193026,0.0118686500936746,0.00689048925414675,0.0009190412238240003,0.007107456028461409,0.0014764557746521129,0.0055180080235004,0.0107812611386179,0.0066735770087689,0.0006879183929413002,0.9992150068283081,0.000629392421777131,0.9974725246429444,0.9996550679206848,0.999441534280777,0.0001532137393951971,0.9993191242218018,0.00047975679186694253,0.99800843000412,0.9997044801712036,0.9994585812091829,0.00012278556823724918,2545.5,587.5677407754786,1745,3955,2388.5,204.0,136.713,27.305747398670487,88.86,189.5,132.15,13.950000000000003,0.057341498360037754,0.0035622780458386574,0.0520057328045368,0.0654576960951089,0.05735750440508125,0.0017919255420565487,0.05680376179516313,0.0027994160796332708,0.0531361624598503,0.0632625371217727,0.05610184744000435,0.0017787385731935015,0.05876301303505892,0.002826118566498529,0.0554615259170532,0.0650754272937774,0.05824556015431875,0.0017259307205676998
1,rnn,layers_2,henon_1000,0.001,,8,16,4,64,258,0.06498138494789597,0.0032586402549039297,0.0576092712581157,0.0687473863363266,0.0657435469329357,0.001607019454240799,0.05934231095016,0.005417516412839496,0.052403274923563,0.0674857348203659,0.05990207381546495,0.005519507452845546,0.20829817205667495,0.0068611417865934885,0.1925701200962066,0.2145817875862121,0.20969538390636439,0.003742739558219965,0.20111596733331677,0.010750409477945701,0.1861513704061508,0.2150179147720337,0.20275710523128504,0.011699825525283841,0.45624287724494933,0.04414658806548111,0.4007041454315185,0.5489850640296936,0.4492752254009247,0.017549782991409302,0.507587268948555,0.06744821949055992,0.4113276898860931,0.5890700817108154,0.5004298985004425,0.0737361162900925,905.0,358.18123903967944,422,1525,837.5,349.0,48.991,17.360591838989823,26.72,82.12,45.615,16.525,0.07028160192072387,0.0017452312157701043,0.067589708790183,0.0745066378265619,0.06987211462110275,0.000615623407065849,0.07065661549568172,0.0011381032179468495,0.0683036893606185,0.0724774971604347,0.07046437263488765,0.0005212090909480979,0.0717289380729198,0.0011619936798866384,0.0692227706313133,0.0738906487822532,0.07168939337134356,0.0006316304206848491
1,rnn,layers_2,henon_1000,0.001,,32,16,2,64,3330,4.25358603024506e-05,1.3145472677671626e-05,2.623130239953753e-05,6.573264545295388e-05,4.082902705704328e-05,8.328488547704183e-06,3.7479694401554295e-05,1.1265665009980502e-05,2.3300743123400025e-05,5.950064587523229e-05,3.3153528420371003e-05,5.04059244121891e-06,0.00436230378691102,0.0005562422776191825,0.0034277995582669,0.0053073335438966,0.0043661233503371,0.0003265666309743998,0.00423411983065301,0.0005308161571667185,0.003364426549524,0.0052296286448836,0.00407948717474935,0.00022613909095519974,0.9997419059276581,7.943028862018944e-05,0.9995959997177124,0.9998387098312378,0.9997548162937164,5.1468610763494294e-05,0.9997699022293091,7.066198990821526e-05,0.9996333122253418,0.9998616576194764,0.9997968077659607,3.17692756652832e-05,1285.6,153.51234478047687,999,1516,1257.5,83.5,79.05799999999999,6.396456519042399,70.89,91.12,77.075,4.884999999999998,0.044703364446759174,0.006529403301582676,0.0285653667524456,0.0520413402467966,0.0451523440890014,0.0032240957953036005,0.04447388108819719,0.006554012716582736,0.0281425062566995,0.0524931252002716,0.044902905821800204,0.0030774902552366534,0.04921199083328243,0.007110328083000727,0.031572587788105,0.0582261681556701,0.049752591177821145,0.0038804281502962043
1,rnn,layers_2,henon_1000,0.001,,16,8,2,64,898,5.3816992840431025e-05,3.600929215152724e-05,2.2242593331611715e-05,0.0001409721298841,4.268538032192737e-05,1.9721887838386465e-05,4.4183965292177164e-05,2.5934598740019098e-05,2.005694841500372e-05,9.030947694554924e-05,3.122768612229265e-05,1.0568846846581435e-05,0.004790077009238241,0.0016224880680116795,0.0030853287316858,0.0079236347228288,0.0042268965626135,0.00109486712608485,0.00455967544112351,0.0013588741668335495,0.003171291667968,0.0066676707938313,0.0038265933981164995,0.0005872055189683994,0.999672818183899,0.00022165560940573084,0.999131202697754,0.9998703002929688,0.9997372627258301,0.00012195110321039371,0.9997296154499054,0.00015987744446195932,0.9994430541992188,0.999877393245697,0.9998111426830292,6.404519081115723e-05,1757.2,234.9560810023865,1392,2067,1823.5,196.0,66.887,8.591267717863293,52.89,77.71,69.50999999999999,7.044999999999998,0.05167867016047234,0.007873077041979691,0.0380166128277778,0.0638191077858209,0.0521824093535542,0.006722067296504951,0.05024194270372386,0.007798099008122401,0.0370935946702957,0.0628552064299583,0.05053502134978766,0.0063927192240953445,0.053865933790802914,0.007218717584884688,0.041456002742052,0.0655291751027107,0.054278330877423245,0.005803169682621956
1,rnn,layers_2,henon_1000,0.001,,8,8,1,64,258,6.6215420929438554e-06,2.3595809523047576e-06,2.470831304890453e-06,1.0600143468764143e-05,6.889242513352656e-06,1.6378273812733823e-06,6.272420228015107e-06,2.1523715105370957e-06,2.405930217719288e-06,1.0275630302203352e-05,6.545878932229243e-06,1.1085478490713285e-06,0.00190439083380621,0.0003718999118952248,0.0011998473200947,0.0024392483755946,0.00201231578830625,0.00018247554544359988,0.0018532042158767297,0.0003286535109820857,0.001193766365759,0.0023130690678954,0.0019259786349721001,0.00015547027578574992,0.9999598085880279,1.4132110441241338e-05,0.9999364018440248,0.9999850988388062,0.9999584555625916,9.447336197010436e-06,0.9999615252017975,1.3003057561709392e-05,0.9999378323554992,0.9999858736991882,0.9999594986438751,6.675720214899261e-06,1415.8,234.05674525635874,1057,1835,1464.0,168.5,51.47600000000001,8.40584463334887,38.5,65.91,53.525,6.004999999999999,0.018617707514204045,0.005746408906881425,0.0081503836438059,0.0250785106793046,0.0186735349707305,0.004785396810620998,0.01809404809027907,0.005375239393551762,0.0087728714570403,0.0244652889668941,0.0178482551127672,0.004908452741801751,0.01931897560134525,0.005683513176989248,0.0091088227927684,0.0263553746044635,0.019164248369634103,0.004852045327424998
1,rnn,layers_2,henon_1000,0.001,,16,4,1,64,898,4.550299172478844e-06,1.689874522263564e-06,1.7836398455983726e-06,8.03062448540004e-06,4.590729304254637e-06,8.579345376347192e-07,4.399525005283067e-06,1.6053609441682609e-06,1.9145466012560064e-06,8.252634870586917e-06,4.3450575049064355e-06,7.115777407307178e-07,0.00153811182826754,0.00026537403589580344,0.0010236840462312,0.0020691941026598,0.0015984660713002,0.0001456395839341,0.00156145861838008,0.00028002640847863883,0.0010837581939995,0.0021813916973769,0.0015895523829385,0.00015240989159789995,0.9999728441238404,1.0896315965774637e-05,0.9999502301216124,0.999990165233612,0.9999725520610808,4.827976226917663e-06,0.999973464012146,1.0542671692615472e-05,0.999948501586914,0.9999890327453612,0.9999744594097137,5.1558017731268e-06,1072.8,134.48107673572517,836,1292,1123.0,97.0,31.687,3.9912280065162897,24.59,37.75,32.855000000000004,3.349999999999998,0.01286123228259382,0.004640387942178975,0.0039910714374855,0.0196337747387588,0.013765581184998099,0.0025059477426111493,0.0123486152850091,0.004290004962095939,0.0040821656584739,0.018836161121726,0.0129763190634548,0.0018311683088540996,0.013774358062073552,0.0047690018217940115,0.0045270114205777,0.0208242032676935,0.01448800228536125,0.0021803518757224005
1,rnn,layers_2,henon_1000,0.001,,16,16,1,64,898,5.3713746865469146e-06,1.8966872462060968e-06,3.016374876096961e-06,8.117937795759644e-06,5.168284815226798e-06,1.6145863810379524e-06,5.091503749099502e-06,1.6231736059578696e-06,3.078846702919691e-06,7.365376859524986e-06,4.64785989606753e-06,1.4538077266479377e-06,0.0017212031292728601,0.0002773201617593414,0.0013721983414143,0.0021685592364519,0.0017267491202801,0.00024974381085485003,0.0017072451417334,0.0002398144164531818,0.0014024080010131,0.0020500079263001,0.00167415867326775,0.00022942543728274995,0.999967885017395,1.1609258954310382e-05,0.9999500513076782,0.9999825954437256,0.9999694526195526,9.298324584905426e-06,0.9999694347381591,9.739362478473526e-06,0.999954640865326,0.9999825358390808,0.9999716877937318,9.238719940185547e-06,1112.7,134.92371918977034,889,1304,1124.0,122.5,62.659000000000006,7.487040069346498,47.86,73.86,63.965,5.835000000000004,0.014818807370029339,0.005879096711200956,0.0048646599985659,0.0226821695454418,0.01605541473254555,0.004199568973854201,0.01468954095616932,0.005888657520972724,0.0046521481126546,0.0232234485447406,0.015474623069167099,0.004814971238374701,0.015771483397111243,0.005974349829033695,0.0051482189446687,0.0239245910197496,0.0170229175128042,0.004193197470158349
1,rnn,layers_2,henon_1000,0.001,,16,16,2,64,898,3.699149838212179e-05,1.089087882420785e-05,1.8835124137694947e-05,5.5340296967187896e-05,3.640547765826341e-05,9.14065822144039e-06,3.211662915418856e-05,1.1654901687819632e-05,1.6388905351050198e-05,5.29594617546536e-05,3.1873722036834806e-05,9.960398529074155e-06,0.004276286554522739,0.0006115114157917961,0.0031145357061177,0.00519644562155,0.004398527089506299,0.00047383178025484996,0.004121156246401329,0.0007050441867327195,0.0030146108474582,0.0052171186544001,0.00420828536152835,0.00055352912750095,0.9997747898101806,6.686630232117609e-05,0.999660074710846,0.9998835325241088,0.9997783601284026,5.4031610489002624e-05,0.9998027205467224,7.26709244931503e-05,0.9996709227561952,0.999898076057434,0.9998020529747009,6.29723072052002e-05,1880.0,353.32477977068066,1308,2428,1915.5,328.0,102.123,19.662921985300148,71.95,130.75,104.65,17.42000000000001,0.05162434071302409,0.007357577202684733,0.0382493790239095,0.0650870747864246,0.0525165534578263,0.0047240240499377,0.051508636772632566,0.006911091284382913,0.0382237061858177,0.0634089559316635,0.05226507410407065,0.004224343225359899,0.053891813755035364,0.006587293075984613,0.0413118079304695,0.0651182010769844,0.05456774495542045,0.004121748730540251
1,rnn,layers_2,henon_1000,0.001,,16,16,4,64,898,0.06746614575386044,0.0027948428564499284,0.0626951977610588,0.0705699995160102,0.06811792775988576,0.002146959304809591,0.0614621270447969,0.002940386523517796,0.0562790520489215,0.0649900659918785,0.06176099553704255,0.002650585025548949,0.2125776842236519,0.0041532648509518275,0.2064758986234665,0.2177212983369827,0.2139502465724945,0.0026567205786705017,0.20514375120401382,0.005521924414451474,0.1957786381244659,0.2128535658121109,0.2046855017542839,0.0038994774222374518,0.424678760766983,0.029485993913650522,0.3818899095058441,0.4774402379989624,0.41830976307392115,0.02714565396308899,0.4847251921892166,0.03811083983202628,0.4324683547019958,0.552395761013031,0.4841599315404892,0.03495712578296664,537.8,79.51452697463527,400,708,543.0,39.0,30.636000000000003,8.124539617726041,21.62,53.09,29.71,1.7449999999999992,0.0693310590460896,0.0012619556953957396,0.0664380136877298,0.0705745112150907,0.069636501930654,0.000592089444398855,0.06957634240388869,0.0006370228617591719,0.068630151450634,0.0706527754664421,0.06938666477799416,0.00036755949258810566,0.07070800811052316,0.0007129173895642311,0.0693553537130355,0.071849413216114,0.0706093572080135,0.0004435703158379087
1,rnn,layers_2,henon_1000,0.001,,16,8,1,64,898,4.44444904132979e-06,1.828924672567231e-06,1.831594090617728e-06,7.884623300924432e-06,3.929820081793878e-06,1.2490478411564254e-06,4.160273954312288e-06,1.6301409296942168e-06,1.6565724081374356e-06,7.251037459354848e-06,3.952949896302016e-06,1.0885734127441538e-06,0.00157311320072035,0.0003387600048282391,0.0009924019686877,0.0021067082416266,0.00155378424096845,0.0002458732924424,0.0015411011001560501,0.0003239393944166968,0.000935690884944,0.0020943810231983,0.00151323532918465,0.00022448896197605004,0.9999738991260528,1.0835476880651864e-05,0.9999552965164183,0.9999896287918092,0.9999760687351226,7.987022400013366e-06,0.9999750792980194,9.620287530181054e-06,0.999959111213684,0.9999905228614808,0.9999753832817078,8.255243301447113e-06,1133.7,143.29064868301768,867,1327,1184.5,66.5,42.8,5.497455775174549,32.28,49.42,44.385000000000005,3.234999999999996,0.015128073578234699,0.006799390107780027,0.0043849082896485,0.0243263326585292,0.01549183009192345,0.0062633946537971495,0.01508894953876728,0.006474188519162186,0.004614086356014,0.0235488563776016,0.01569919101893895,0.0062137311324477005,0.016385524859651873,0.006770868652325511,0.005103335250169,0.0249197427183389,0.01747550629079335,0.006136618554592152
1,rnn,layers_2,henon_1000,0.001,,8,4,4,64,258,0.016473776102065997,0.007255069743556589,0.0030242633074522,0.0307013541460037,0.01660088449716565,0.004116759635508049,0.01327378358691926,0.005699501595032759,0.0025699948891997,0.0254913121461868,0.01321040559560055,0.00295965559780595,0.08769717663526529,0.024705056815801422,0.0356796607375144,0.1278439164161682,0.08885234594345084,0.0169677585363388,0.08025816977024074,0.021620391307958457,0.0327141880989074,0.1189386993646621,0.0833487212657928,0.01190988346934315,0.8911250770092011,0.05063895395097806,0.7871915698051453,0.981204092502594,0.8911024332046509,0.02656710147857666,0.9123055517673493,0.03953560652024132,0.824891209602356,0.9837781190872192,0.9138212203979492,0.020197421312332153,6856.4,2363.5584697654513,3857,12321,6750.0,1455.5,193.976,67.69162462225295,109.29,334.45,180.875,46.68000000000001,0.07032222986221308,0.0017244876995305006,0.0672126844525337,0.0739274598658084,0.0703904151916503,0.0010020282119512502,0.07019529864192003,0.0012175882867368,0.0682773664593696,0.0726468712091445,0.0698580555617809,0.0005186535418033461,0.07256970256566997,0.0011098770057274016,0.0710800662636756,0.0748905465006828,0.0725384689867496,0.0006255730986594946
1,rnn,layers_2,henon_1000,0.001,,8,4,2,64,258,9.191180288325106e-05,0.00010032672982419346,3.99842974729836e-05,0.0003885223704855,5.192370917939115e-05,1.1404861652408727e-05,8.521850613760516e-05,8.336353362976771e-05,3.787532477872446e-05,0.0003303015255369,5.41370300197741e-05,1.5051311493152753e-05,0.006480097910389249,0.0022482606741772086,0.0049063242040574,0.0127673698589205,0.0054910778999328,0.00047255749814210024,0.006366768293082671,0.002053973954025518,0.0048558614216744,0.0121362656354904,0.0055115837603807,0.0005992343649268502,0.999431848526001,0.0006209791459251575,0.9975959062576294,0.9997519254684448,0.9996788799762726,7.000565528864078e-05,0.9994677007198334,0.0005222842019885558,0.9979324340820312,0.9997627139091492,0.9996640980243684,9.471178054798468e-05,2873.7,531.6053141194133,1840,3463,3081.5,257.0,82.80099999999999,15.820201294547426,52.33,99.06,88.055,10.329999999999991,0.05816661696881052,0.0029355599480847604,0.0540035512298345,0.0645137906074524,0.05742763038724655,0.0014863403514027498,0.05628499127924438,0.002956616097782419,0.052227709442377,0.0626525431871414,0.05596780404448505,0.002123981714248699,0.059064919874072044,0.002789870070706686,0.0550380162894725,0.0648809820413589,0.058973241597414,0.0019736047834158013
1,rnn,layers_2,henon_1000,0.001,,8,4,1,64,258,6.360543852679257e-06,2.446384376416473e-06,2.525943727960112e-06,9.877113370748702e-06,6.700079666188685e-06,2.113518348778598e-06,6.195626065164106e-06,2.5589609617894645e-06,2.496494289516704e-06,9.983915333577896e-06,6.18307512922911e-06,2.424853619231726e-06,0.00186398123623798,0.0003638258725344791,0.0012748664012178,0.0024315863847732,0.00189947523176665,0.00025005044881255,0.0018540519522502498,0.0003828097036436955,0.0012425072491168,0.0024815313518047,0.0018666400574147502,0.00030495214741680006,0.9999614417552948,1.5118808323578397e-05,0.9999396800994872,0.9999858140945436,0.9999597072601318,1.2606382369995117e-05,0.999962317943573,1.5979577287861053e-05,0.9999381303787231,0.9999857544898988,0.9999628067016602,1.4126300811712067e-05,1417.7,178.464590325364,1109,1673,1431.0,148.0,41.35,5.22719810223412,32.46,47.82,42.855000000000004,4.184999999999999,0.018384470865130377,0.0056862792880473705,0.0097210459411144,0.0271844996139407,0.01907302103936665,0.00484953736886385,0.01759667517617341,0.005337835174903611,0.0098808007314801,0.0261856578290462,0.01795572135597465,0.004662234336137751,0.01918498659506434,0.005585834166184751,0.0106702744960784,0.0278043802827596,0.019705316051840747,0.004689653404057002
1,rnn,layers_2,henon_1000,0.001,,16,4,4,64,898,0.00329157577361906,0.0018432837410772122,0.0010439339093863,0.0080366730690002,0.0027679732302203497,0.0008496373193338499,0.00269485117751169,0.0017312235297218832,0.0009361649281345,0.0074617136269807,0.0022425277857109002,0.00032870878931135004,0.0343466309830546,0.010365412149396534,0.0193561315536499,0.0613493882119655,0.032714644446969,0.00348659977316855,0.033066959306597664,0.009120385773822489,0.0193244889378547,0.0556080788373947,0.0327392574399709,0.0017498806118964993,0.9793959617614746,0.011755769106868994,0.948869287967682,0.9935163855552672,0.982800155878067,0.005284279584884699,0.9829433023929596,0.01113621002634449,0.9521905779838562,0.9941302537918092,0.9858651161193848,0.0020703673362731934,4248.5,1074.361414981011,3155,6136,3778.0,553.5,121.93100000000001,30.151090345126825,91.35,179.55,110.02000000000001,12.415000000000006,0.0698841447383165,0.0011158114755069168,0.068296168744564,0.0720831662416458,0.069575554318726,0.0005039993673563031,0.06990714669227596,0.000531695215965487,0.0691369697451591,0.0711484849452972,0.0698052011430263,0.0003537014126777996,0.07245438769459722,0.000500559465845657,0.0718269795179367,0.0736110359430313,0.07226802781224245,0.00032689794898030367
1,rnn,layers_2,henon_1000,0.001,,16,4,2,64,898,3.2351077788916885e-05,4.0374729686145996e-06,2.5758601623238064e-05,3.955601277993992e-05,3.396413922018837e-05,1.699198037385944e-06,3.137473831884563e-05,5.3937646729835515e-06,2.3488282749895006e-05,3.931972605641931e-05,3.1882431358098984e-05,5.555727511818986e-06,0.00400688487570728,0.00029325271876835183,0.0035060313530266,0.0046375771053135,0.00399734079837795,0.00017863314133140002,0.004011279786936899,0.0002490577282789212,0.0036768179852515,0.0044966065324842,0.0039056597743183,7.717439439149988e-05,0.9998022735118866,2.589687101373896e-05,0.9997560381889344,0.9998461604118348,0.999793291091919,1.2129545211847503e-05,0.999808156490326,3.416745163944981e-05,0.999759316444397,0.9998562932014464,0.9998058676719666,3.555417060852051e-05,1739.5,254.29638219998333,1465,2398,1694.0,121.5,53.009,10.200362199451545,43.62,75.44,49.285,3.705000000000002,0.04984059862792488,0.007716109675146157,0.0377744503319263,0.0603658348321914,0.0506499400362372,0.006351768411695949,0.04812757335603231,0.007643259525013277,0.0363698787987232,0.0590981245040893,0.049103993922471945,0.006427068263292299,0.05089962668716902,0.007607430112405542,0.0395297706127166,0.0616359189152717,0.0520740151405334,0.006666827946901297
1,rnn,layers_2,lorenz_1000,0.001,,16,16,13,64,931,0.0017928344896062597,0.0009227457275666716,0.0005058420356363,0.0034928347449749,0.0016652393969706501,0.0004128531436436002,0.0022143956681247405,0.0011502331629245951,0.0007210421026684,0.0042000510729849,0.0017757892492227,0.0004209462204017001,0.030201252363622134,0.0079801493456896,0.017565906047821,0.0446505285799503,0.02952408418059345,0.004080634564161299,0.033276364021003195,0.009288108256658047,0.0205244719982147,0.0494962409138679,0.030081745237112,0.0036353282630443504,0.9813646912574768,0.009309723582478939,0.9631363749504088,0.994738519191742,0.9823391437530518,0.004531502723693848,0.9768262326717376,0.01179225709496615,0.9562376141548156,0.992492139339447,0.9813215732574462,0.004413694143295399,772.4,145.89393407540973,499,1068,760.0,67.5,44.602,10.008338323617963,26.86,63.24,44.16,6.585000000000001,0.03299127352889623,0.0034740471432461763,0.0280981993768364,0.0384103387594223,0.03312564259395,0.003136419318616402,0.03914266973733897,0.004314072496592399,0.0325700342655181,0.0455932281911373,0.0383660942316055,0.0040149223059415505,0.03695061169564719,0.0019725772706294838,0.0333085469901561,0.0394455008208751,0.037422055378556196,0.0014875121414661477
1,rnn,layers_2,lorenz_1000,0.001,,16,16,25,64,931,0.00605797909665847,0.003540361433150645,0.0024081082083284,0.0151511002331972,0.0047966183628886504,0.0018695911858231,0.0065393718658014605,0.003537551013993943,0.0031105035450309,0.0159165114164352,0.00525841047056015,0.001856337999925,0.054425317421555465,0.013260125462311088,0.0373521223664283,0.0857551768422126,0.051900058984756456,0.0083595085889101,0.0585031028836965,0.014085480626692928,0.0432022400200367,0.0940066277980804,0.05598670989274975,0.007332017645239799,0.9375579118728637,0.03680271830067336,0.8452591896057129,0.9768468737602234,0.9503140449523926,0.02040702104568487,0.9281350910663605,0.041631726665237415,0.8163502812385559,0.966385006904602,0.9447045028209686,0.020937353372573797,914.1,230.28306494399453,537,1296,891.0,195.5,47.737,12.780652604620784,26.79,63.67,44.870000000000005,12.29,0.03382266497032506,0.004856229644996314,0.0253432877361774,0.0394901432510879,0.0347882308479812,0.0038335747602912997,0.03816610015928742,0.0052792959019685925,0.0287312939763069,0.0452141351997852,0.03861806169152255,0.004336878657341,0.03876007720828051,0.005609149521970433,0.0277950540184974,0.0443170368671417,0.040009083226323044,0.004234986379742657
1,rnn,layers_2,lorenz_1000,0.001,,16,16,1,64,931,1.8733548529326073e-06,5.666726716267003e-07,9.374996920996636e-07,2.7803248485724907e-06,1.9596881202232908e-06,3.952326323997117e-07,1.9840719573949173e-06,5.728892896439944e-07,1.0132331453860388e-06,2.62487810687162e-06,2.154111939489667e-06,4.187605782135506e-07,0.00104428783524777,0.0001849266737243445,0.0007212401833385,0.0013196618529036,0.00106608890928325,0.00015533331315965002,0.0010618189640808498,0.0001876258718919823,0.0007387367659248,0.0012816548114642,0.0010694073862395998,0.00016912992578000004,0.9999813675880432,5.262465699158506e-06,0.9999733567237854,0.9999898672103882,0.9999797940254211,3.0696392059881283e-06,0.9999798774719239,5.618615960867872e-06,0.9999731183052064,0.9999892115592957,0.9999772608280182,3.3080577850341797e-06,823.9,81.39219864335894,701,984,823.5,47.5,48.076,9.191850956145885,38.8,64.97,44.105000000000004,3.530000000000001,0.0001893090165685398,9.050596573651054e-05,7.330750449909828e-05,0.0003574312111595,0.0001736616144626,4.8395930207299995e-05,0.0001902683125080786,0.00010644441224106575,5.586268162005581e-05,0.0004141524550504,0.0001660379348322,5.327413236955e-05,0.000172973997905449,8.617112535771891e-05,5.704601426259615e-05,0.0003421259170863,0.0001591282853041,4.5003835111849996e-05
1,rnn,layers_2,lorenz_1000,0.001,,32,4,1,64,3395,2.4858112169567902e-06,8.577137666711743e-07,1.0614958227961324e-06,4.2591777855705e-06,2.491733880560787e-06,5.041677013650765e-07,2.5517987751300096e-06,6.307784255414412e-07,1.479634079259995e-06,3.4448460155545035e-06,2.5632186861912487e-06,5.431155614132879e-07,0.0011549952672793898,0.00020713108132535662,0.0007509485585615,0.0014887528959661,0.0011866842978633,0.00014838785864414996,0.0011537802929523799,0.0001654169002831145,0.0008582481532357,0.0013827895745635,0.00117700884584335,0.00014034775085744998,0.9999753415584565,7.429524709674187e-06,0.9999628067016602,0.999988615512848,0.999974250793457,5.245208740178864e-06,0.9999740839004516,5.575108906958681e-06,0.9999664425849916,0.9999839663505554,0.9999728500843048,3.784894943292816e-06,557.3,29.127478435319457,516,603,565.0,28.5,17.84,1.957743599146732,15.78,23.01,17.485,0.8149999999999995,0.00020312574510166726,8.784621663930049e-05,9.298960358137264e-05,0.0003928405174519,0.00018471991934345002,6.0985287564149996e-05,0.00021562386464206795,0.00011225104065103396,7.415557774947956e-05,0.0004674093797802,0.00019075757882084998,7.062843360475002e-05,0.00020880075389863653,9.768874231823546e-05,8.395665645366535e-05,0.0004198189126327,0.0001873488145065,7.08272200427e-05
1,rnn,layers_2,lorenz_1000,0.001,,32,16,25,64,3395,0.0033388448995537597,0.0007569985880759823,0.0017806129762902,0.0045674694702029,0.0032695672707632,0.0004073509480804502,0.0035900952061637703,0.0005881205058679419,0.0022680338006466,0.0046288617886602,0.0036283367080613502,0.0001761413877829996,0.039456546306610066,0.005136560174756902,0.0299705527722835,0.0479597821831703,0.03848585486412045,0.0037304088473320007,0.042052214220166154,0.003968090375685621,0.0339603088796138,0.0473504066467285,0.04152501374483105,0.0025912038981914486,0.9656431615352631,0.007744181565750071,0.9527730345726012,0.9814151525497437,0.96638622879982,0.004191696643829457,0.9611462175846099,0.0064176740079367285,0.9498511552810668,0.9753077030181884,0.9604337215423584,0.0010676681995391846,707.9,96.33841393753585,578,902,720.0,72.0,42.038,9.131141002087308,33.22,64.45,40.43,6.224999999999998,0.025304307995570978,0.0054461352411242885,0.0180582563496298,0.0393443591892719,0.0245348815288808,0.0025034913172324487,0.02832943201065059,0.007096356893635581,0.0185184963047504,0.0429827906191349,0.027560225687921,0.0040250485762954,0.02867640666663641,0.007899865497263505,0.0180312227457761,0.0437245145440101,0.02743362169712775,0.005922483280301099
1,rnn,layers_2,lorenz_1000,0.001,,32,16,13,64,3395,0.00059712797810785,0.0002085794869312878,0.0003560993936844,0.001072343555279,0.0005327947728801,0.00011733053543135004,0.00067606084630821,0.00019947746974162056,0.0004972968599759,0.0011597999837249,0.00057789147831495,8.05389427114e-05,0.01747744483873244,0.002951500685955973,0.0143301617354154,0.0245856549590826,0.01673014927655455,0.0016484935767949,0.01866829041391607,0.0027857206526987793,0.015824694186449,0.0253198556602001,0.017546305432915653,0.0016119079664349539,0.9937340438365936,0.0022037551931003655,0.9886230826377868,0.9962191581726074,0.9944210350513458,0.001213312149047907,0.9930104851722718,0.00185452336521185,0.9886675477027892,0.9948336482048036,0.9938815534114838,0.0008877217769623358,686.6,84.94610055794205,520,825,705.5,49.5,41.986000000000004,5.135397160882496,32.61,50.87,42.709999999999994,3.3850000000000087,0.026100426816847128,0.004610295841646686,0.0174185453914105,0.0321401884779334,0.027185833081603,0.003646375238895447,0.03006218634545797,0.004835369659555201,0.0239150933921337,0.0394169390201568,0.02970044128596775,0.004521454684436299,0.029542339034378483,0.004119114058621711,0.0237980261445045,0.035018291324377,0.02876062318682665,0.0038222298026085004
1,rnn,layers_2,lorenz_1000,0.001,,32,16,1,64,3395,2.236515047115972e-06,7.17722394965374e-07,1.3319103118192288e-06,3.3997791888396023e-06,2.077632188957068e-06,5.365288870962103e-07,2.364934880461078e-06,6.578217725016926e-07,1.6304127257171783e-06,3.685152705656946e-06,2.2225879092729883e-06,4.899154077975254e-07,0.00111741492291908,0.00018928210889454912,0.0008580157300457,0.001483830390498,0.0010484975646249499,0.00013583299005404998,0.0011409309227018902,0.0001573357130072789,0.0009449631907045,0.0014184897299855,0.0011018741060979,0.00012173486175015005,0.9999776363372803,7.338045927597596e-06,0.9999645948410034,0.9999862313270568,0.99997878074646,5.245208740234375e-06,0.999976372718811,6.513683285693089e-06,0.9999616742134094,0.999983012676239,0.9999783635139465,3.516674041859069e-06,514.9,17.026156348395254,490,549,513.0,9.5,33.332,5.2681340149999984,30.23,48.85,31.814999999999998,1.254999999999999,6.763935305570913e-05,4.243286749596402e-05,3.0405701181734912e-05,0.0001880600771983,6.09795555646997e-05,1.1669464311125924e-05,6.962464431125304e-05,5.5768781918878284e-05,2.2496373276226223e-05,0.0002297617174917,5.480357322085183e-05,1.5743793483125046e-05,6.911500840941888e-05,5.134322158354398e-05,1.999534470087383e-05,0.0002147418126696,5.585456528933719e-05,1.5153385902522132e-05
1,rnn,layers_2,lorenz_1000,0.001,,32,8,25,64,3395,0.006485855625942309,0.0008167144536308056,0.0050565069541335,0.0078878756612539,0.006302994210273,0.0004463836085051502,0.0073417174629866605,0.0008212536442915854,0.0058132275007665,0.0086512947455048,0.0073247626423835,0.0003385148011148002,0.04894406273961063,0.0042007812698679255,0.039427500218153,0.0544074438512325,0.049461528658866855,0.0019705891609192,0.053459984809160165,0.004484341741369044,0.0432425551116466,0.0603583194315433,0.054259097203612244,0.0010956320911645438,0.9303497314453125,0.008909127091463008,0.91571307182312,0.9451600313186646,0.9324809312820435,0.0054190754890441895,0.9193951070308686,0.00955949736938893,0.9038177728652954,0.9362717866897584,0.9199345707893372,0.0037958025932312567,795.7,50.93142448430046,709,902,803.0,26.5,32.937999999999995,2.5805573041496284,29.63,38.8,32.93,1.3199999999999985,0.03271791078150267,0.00455042840363,0.0267491043545305,0.0386061862111091,0.0338989305775612,0.004223270295187851,0.04052828736603255,0.005345354294018031,0.0319696106016635,0.0455573014914989,0.04315524920821185,0.0022407621145248482,0.03774926029145713,0.004846991823411676,0.0300754606723785,0.0429650656878948,0.0392948798835277,0.0036143846809864495
1,rnn,layers_2,lorenz_1000,0.001,,32,8,13,64,3395,0.00027805935387727,0.00010759357949707779,0.0001843397621996,0.0005721870111301,0.00024001394922375,3.8753889384650006e-05,0.00032680021977280003,0.00011164120244419858,0.0002182995522161,0.0006141648627817,0.00029272804385980004,5.367964331525e-05,0.011878102179616639,0.0020352176939132365,0.0102600771933794,0.0173609498888254,0.011047818232327651,0.0007838332094252005,0.012832667119801,0.002049284436737123,0.0109157469123601,0.0178943462669849,0.01232625357806675,0.0012931977398694004,0.9971010446548462,0.0011515757212989235,0.9939245581626892,0.9980566501617432,0.9974591135978699,0.000436633825302124,0.9965708255767822,0.0011813807859208543,0.9935563206672668,0.997749388217926,0.9968818128108978,0.000625759363174383,662.7,64.8876721727633,541,796,652.0,37.5,27.056,2.57613353691147,22.55,31.86,26.84,1.4649999999999999,0.0251562206074595,0.006688919297223984,0.016256795451045,0.0365082221105694,0.0254482786171138,0.005952075403183699,0.028284469060599744,0.009419486168987216,0.0165172889828681,0.0447954572737216,0.0296477787196636,0.01043207570910455,0.02601220952346916,0.009103386042673037,0.013716765679419,0.0399493314325809,0.02694539353251455,0.008642815984785602
1,rnn,layers_2,lorenz_1000,0.001,,32,8,1,64,3395,2.3712334609626852e-06,8.178158819095412e-07,1.3898968518333277e-06,4.205724508210551e-06,2.148513431166066e-06,2.92446827643289e-07,2.5094546685977547e-06,7.303332733112325e-07,1.5078818478286848e-06,4.10731217925786e-06,2.4524670152459294e-06,2.352364845137349e-07,0.0011544242559465999,0.00017472464550954338,0.0008467613370157,0.0015442235162481,0.0011377185001037499,7.099460344760005e-05,0.00119766886928113,0.00016343198929474767,0.0008927783346734,0.0015485474141314,0.0011804244131780502,8.080282714219983e-05,0.9999760806560516,8.701749436063858e-06,0.9999567270278932,0.999986171722412,0.999978631734848,3.635883331187806e-06,0.9999747097492218,7.546242279547095e-06,0.999958634376526,0.9999849796295166,0.9999757409095764,2.5033950806219174e-06,538.7,25.09203060734623,486,586,541.5,11.0,23.506,3.1675264797630343,19.78,30.02,22.475,0.9800000000000004,7.146358117097009e-05,4.310622994722399e-05,3.468838476692326e-05,0.0001914851745823,6.442798003263305e-05,1.3095385111228107e-05,6.601325621885942e-05,4.666101038858716e-05,2.649348425620701e-05,0.0001970624434761,5.8042031014338136e-05,1.2453227100195363e-05,6.682699095108214e-05,4.5303336946409904e-05,2.8963888325961307e-05,0.0001946960110217,5.736441016779281e-05,1.5786488802405074e-05
1,rnn,layers_2,lorenz_1000,0.001,,32,4,25,64,3395,0.008410456730052791,0.0006181222386346989,0.0074241776019334,0.0095202438533306,0.00824000313878055,0.0003699448425323005,0.00961333010345693,0.0007124113681893437,0.0086762923747301,0.0107374833896756,0.0094214733690023,0.0007205130532384005,0.05273309834301467,0.002783602883883693,0.0468543879687786,0.0571387708187103,0.053359474986791555,0.0018516629934311017,0.05883083604276175,0.003033238647258567,0.0551666170358657,0.0662210062146186,0.058825271204113905,0.001302944496273998,0.9078859269618988,0.00734372297828884,0.895095705986023,0.9183611273765564,0.9094484150409698,0.005049377679824829,0.8930205821990966,0.008758469331814806,0.878648042678833,0.9055294394493104,0.8949010074138641,0.008428961038589478,1338.7,113.32700472526395,1078,1502,1340.0,60.5,41.277,3.404232806375029,33.21,45.85,41.235,1.9299999999999997,0.039062058348208625,0.0019830168063048755,0.0361196791753172,0.0434611976146698,0.038844438269734355,0.0013864454813301494,0.0478531505912542,0.001360810001825913,0.0459167249500751,0.0496295727789402,0.047555224969983045,0.0014921613037586004,0.04364733956754201,0.0006238977210991241,0.0424003116786479,0.0448599122464656,0.043655605986714294,0.0002720057964324986
1,rnn,layers_2,lorenz_1000,0.001,,32,4,13,64,3395,0.00030457602115344996,0.00010886110116180991,0.0001622771815164,0.000528963166289,0.0002836565545294,6.960115570110002e-05,0.00033802729885788003,0.00013359349168606214,0.0001661360292928,0.0006207427941262,0.00031744340958535,7.798332808305e-05,0.01210371069610113,0.0021130297560023694,0.0089710121974349,0.0160371679812669,0.011717917397618249,0.0013359491713345007,0.012680673506110861,0.0023029810660832317,0.0093906074762344,0.0167045276612043,0.0126864206977188,0.0016776202246546502,0.9967616140842438,0.0011705967405680154,0.9943035244941713,0.9983097910881042,0.9969928562641144,0.0007296204566955011,0.9964237451553345,0.0014187077448821203,0.9933767318725586,0.9982572793960572,0.9966428875923157,0.0008194148540496826,1039.8,122.76139458315062,806,1266,1038.5,66.5,33.608999999999995,5.049818709617207,25.68,44.0,33.4,3.795,0.03674201866611833,0.0009717176963003664,0.0350681396201252,0.0384045526385307,0.03701574299484485,0.0005310559645295004,0.04343942478299136,0.0012431840093545528,0.0413494072854518,0.0449964106082916,0.04345945641398425,0.0011866036802530011,0.03905364833772178,0.0004089767478084655,0.0384906008839607,0.0398589633405208,0.039070125669240896,0.0003254152834415505
1,rnn,layers_2,lorenz_1000,0.001,,16,8,25,64,931,0.00801976607181126,0.0018566716193350128,0.0061116721481084,0.0119086513295769,0.0071617532521486005,0.0009451108053327006,0.009082593396305991,0.0020485479246043843,0.007181609980762,0.0132106496021151,0.00812842231243845,0.0009126600343734,0.05948607772588725,0.007404502300837452,0.0514693781733512,0.0740504190325737,0.05779010802507395,0.0058660451322793995,0.06448741070926185,0.008348220068732738,0.0552942678332328,0.0817096978425979,0.061599550768732955,0.005656089633703253,0.9134521186351776,0.021437943417851605,0.8665997982025146,0.9343364238739014,0.9240784347057343,0.010048240423202515,0.8990501523017883,0.02388419261291405,0.8504109382629395,0.9214845299720764,0.9108395278453828,0.0098369121551512,1286.6,321.5842657842575,772,1942,1314.0,190.5,48.76199999999999,11.874211384340436,29.12,70.87,50.51,6.785,0.03768779268488282,0.0008259675897168738,0.0365561608225107,0.0392299283295869,0.037528905365616,0.0006851359270513002,0.04618942923843855,0.001171502288642618,0.044189553707838,0.0481669716536998,0.04640229605138295,0.0007289219647645499,0.04350531846284861,0.00043841554450902115,0.0429357253015041,0.0441971234977245,0.043387701734900405,0.00034562498331069946
1,rnn,layers_2,lorenz_1000,0.001,,16,8,13,64,931,0.00051274143334007,0.00010926170882559431,0.0003711543686222,0.0007450389093719,0.000490610837005,6.62227539578e-05,0.0006006664712912799,0.00013533247972921642,0.000447330327006,0.0009332898189313,0.0005707370291929,7.667706813665e-05,0.016614316310733502,0.0018171022019755785,0.0145209822803735,0.0197614803910255,0.01633130246773355,0.0014788061380385988,0.01790513582527633,0.0019410702827002645,0.0156433228403329,0.0219224952161312,0.0172270098701119,0.0008892966434359498,0.9945876777172089,0.001216706584961685,0.9919919967651368,0.9961519241333008,0.9948630034923553,0.0007440447807311457,0.9936730861663818,0.0014596425990591536,0.9900127053260804,0.9952861070632936,0.9940360188484192,0.0007842183113097589,861.1,88.44258024277673,671,982,879.5,42.5,34.759,6.215222361267535,25.11,46.03,33.29,3.280000000000001,0.03390958599746222,0.002383159976014568,0.0303056122735142,0.0379729084670543,0.0342714259400963,0.0020863766781985503,0.041998364403843844,0.0029029534877102994,0.0364269129931926,0.0446731224656105,0.043525842949748,0.0009706579148769517,0.03730407319962973,0.0020527749380454987,0.0338109545409679,0.0395628921687603,0.03807694464921945,0.0013703927397728487
1,rnn,layers_2,lorenz_1000,0.001,,16,8,1,64,931,1.5990355109352094e-06,4.71845439132154e-07,1.0511495247556013e-06,2.683302227524109e-06,1.4922406421646883e-06,3.082619741689996e-07,1.6951477277871163e-06,4.176596212554697e-07,1.12865916435112e-06,2.659344090716332e-06,1.6962000586318027e-06,2.282143896081834e-07,0.00095796395326028,0.00014959277189140676,0.000762487470638,0.0012900618603453,0.0009368493629153499,0.0001056999899447,0.0009818691876716402,0.00013969455501117352,0.000821434368845,0.0012891280930489,0.0009832750365603,0.00010949760326179996,0.9999836981296539,4.1100633371736554e-06,0.9999749064445496,0.9999892711639404,0.9999841749668121,2.4139881134033203e-06,0.9999829173088074,3.242207788154753e-06,0.9999773502349854,0.9999886751174928,0.9999819099903107,1.9967555999200748e-06,897.4,73.70644476570553,730,985,911.0,51.5,33.9,2.6685988833093672,28.03,37.6,34.379999999999995,1.6600000000000072,0.0001678301333958632,6.321530405264706e-05,7.358188886428252e-05,0.000283860960917,0.00016748210837245,4.005506380050001e-05,0.0001647518616664237,7.802495106609262e-05,6.061064414097928e-05,0.0003086522920057,0.00015188397082965,4.957475539411986e-05,0.00014718402089779778,6.415936442385473e-05,5.64023430342786e-05,0.0002620549348648,0.00014295395521905,4.292723679098148e-05
1,rnn,layers_2,lorenz_1000,0.001,,8,4,13,64,275,0.004122938399086661,0.010574286364293545,0.0004014387086499,0.0358374752104282,0.0005223954940447,0.00011000137601510006,0.0045703131560002695,0.011832466493151983,0.0004292810335755,0.0400609448552131,0.0005402479146140999,7.858299068174993e-05,0.030433065444230988,0.03802886486359732,0.0145276514813303,0.1440533399581909,0.0168509539216756,0.001800734549760749,0.03162350011989472,0.04030544272497328,0.0149938883259892,0.1521640419960022,0.01681828126311295,0.0013070926070212988,0.9422770708799362,0.15404184740010501,0.4802161157131195,0.9957058429718018,0.9944486618041992,0.0011194348335266113,0.9373443692922592,0.16799355668827853,0.4334182441234588,0.995409905910492,0.994322657585144,0.0007681548595427357,2391.4,825.3959292363877,446,3289,2593.0,518.5,68.85900000000001,23.844781588431456,12.67,95.52,74.17500000000001,15.800000000000004,0.037569372300058565,0.0010419578425028006,0.035859303176403,0.0388977689668536,0.038038774952292395,0.0007671060971916055,0.043857449665665585,0.0011892393006325795,0.0416682623326778,0.0454971864819526,0.0440212059766054,0.0008997991681098487,0.039545965194702104,0.0004440711352503302,0.0385838560760021,0.0402690395712852,0.039552934467792455,0.0002763401716947521
1,rnn,layers_2,lorenz_1000,0.001,,8,4,25,64,275,0.01596487620845432,0.009243515624066476,0.0094405300915241,0.0430705323815345,0.013776923995464999,0.001557558774948101,0.01754884291440243,0.009170873110331311,0.0106223113834857,0.0445000305771827,0.01550889853388065,0.0013173692859709497,0.08276730515062804,0.02650987259876667,0.0606516636908054,0.158379390835762,0.07694306597113605,0.008368838578462594,0.08959267213940617,0.025622308843916017,0.0661757960915565,0.1624195277690887,0.08449013531208036,0.007657766342163044,0.7993561506271363,0.16940616095880381,0.2959603667259216,0.8959920406341553,0.8431678414344788,0.017343133687973022,0.7826679974794388,0.14989944028981786,0.338366836309433,0.8806816339492798,0.8193840384483337,0.016447126865386963,3091.6,1203.0830561519847,421,4274,3398.0,775.0,90.10099999999998,34.18986968386981,12.1,126.49,96.375,23.645000000000003,0.039010413195937836,0.001923362582790671,0.0360185172408819,0.043376625329256,0.03880299311131235,0.0008440830744802993,0.0471091296523809,0.0011139264241625333,0.0450832769274711,0.0489346273243427,0.046933764591813046,0.0006729606539011002,0.04315192103385921,0.0009331834428325508,0.0415307991206646,0.0450666211545467,0.043268606066703755,0.0004018358886242017
1,rnn,layers_2,lorenz_1000,0.001,,8,8,1,64,275,2.314387438673293e-06,1.8148874953282755e-06,1.0427555707792635e-06,7.672118044865783e-06,1.7586250464773912e-06,3.034629116882568e-07,2.538944238494878e-06,2.2024265811842797e-06,1.2369420119284769e-06,9.061102900886908e-06,1.7936113181349356e-06,2.0826405489060562e-07,0.00111487217945971,0.0003822254338430173,0.0007746840710751,0.0022282295394688,0.0009920235897879501,5.913933273404999e-05,0.0011450497724581,0.00044496036698687963,0.0008307273965328,0.002458703238517,0.0009911393863148502,1.7333921277900178e-05,0.9999764859676361,1.763736085395709e-05,0.9999247789382936,0.999989926815033,0.999982088804245,2.9206275939941406e-06,0.9999743044376374,2.1084471420560906e-05,0.9999121427536012,0.9999871850013732,0.9999814629554749,2.473592758234222e-06,1330.4,188.09476335081737,872,1653,1330.0,34.5,50.199999999999996,8.353418461923237,31.48,63.62,49.015,2.0450000000000017,0.00116458964766928,0.0003679802798471114,0.0005332801199983,0.0016728098737075,0.00120285097800655,0.00027812076441480004,0.00134423165000039,0.00047715155518618244,0.0005273901624605,0.0020589109044522,0.00140940531855445,0.00032842106884345,0.00119096400449047,0.00043222471031173325,0.0004452702705748,0.0017743535572662,0.0012438496341928,0.00031639021472074997
1,rnn,layers_2,lorenz_1000,0.001,,8,8,13,64,275,0.0010640009975758798,0.000491786761008365,0.00029627312324,0.0019553990568965,0.00094395753694695,0.0003159395128023,0.0011914084578165298,0.0005102600449233904,0.0003617300244513,0.0019594139885157,0.0010692426003515,0.0003627352998592,0.02364200996235006,0.005512246400858406,0.0128004187718033,0.0320771820843219,0.0232853349298238,0.004286083392798899,0.025184587575495177,0.005788273008242271,0.0141704976558685,0.0335221365094184,0.0249363956972956,0.00439833104610445,0.9886823475360871,0.005277384554037134,0.9794591665267944,0.9969203472137452,0.9900112748146058,0.003434985876083152,0.9873201847076416,0.0054469764367615706,0.9791918396949768,0.9962303042411804,0.9886011481285094,0.0038969814777374823,1720.2,437.4946399671658,1113,2518,1645.5,306.0,66.482,21.271108950875128,40.25,114.86,62.235,10.165000000000003,0.03683085691183801,0.0014585363720271936,0.0327108491212129,0.0380106143653392,0.0369609161280095,0.0003165991976856984,0.04390959739685054,0.0012248997313185574,0.0416955612599849,0.0455980747938156,0.0441413559019565,0.0010017435997724498,0.03961711488664146,0.0012842305480647307,0.0361955240368843,0.0409120470285415,0.03987067937850945,0.0005822125822305506
1,rnn,layers_2,lorenz_1000,0.001,,8,8,25,64,275,0.011707354243844708,0.002107388899696392,0.0092795044183731,0.0161561742424964,0.01127305626869195,0.0012833890505134999,0.01303656818345183,0.001698620983449895,0.0112829161807894,0.0169921498745679,0.0125718717463314,0.0010383632034063495,0.0744174018502235,0.008171240613785751,0.0635859966278076,0.092544175684452,0.0725818425416946,0.0034826993942260465,0.08078948780894274,0.00660081276610319,0.0737945735454559,0.0956525951623916,0.07944313809275619,0.003847062587738051,0.8701923847198486,0.025136376392785056,0.8162853121757507,0.898288369178772,0.8744035363197327,0.014349251985549927,0.8509481549263,0.021903779997220853,0.7996859550476074,0.8734767436981201,0.857140451669693,0.011417090892791748,1883.7,527.4125614734636,1367,2902,1675.0,277.0,68.633,19.47706962045369,50.33,106.37,60.95,10.465000000000003,0.038229345977306324,0.0011031981250388123,0.0364308383315801,0.0405009597539901,0.03842747872695325,0.00029543880373235007,0.04641298539936538,0.0010691361966918445,0.0450165942311286,0.0482217445969581,0.0464285127818584,0.0008886773139238462,0.04335364699363704,0.0009815933873463575,0.0415292866528034,0.0446752645075321,0.04334660992026325,0.0008277688175439488
1,rnn,layers_2,lorenz_1000,0.001,,8,16,1,64,275,2.136178841283254e-06,1.0114247487771374e-06,9.460238743486116e-07,3.820159236056497e-06,1.7991691834140513e-06,5.810334187117405e-07,2.3927165671011608e-06,1.2211994061558045e-06,1.1536531019373797e-06,4.691863068728708e-06,1.9332674696670438e-06,5.27694112406607e-07,0.00108297455590213,0.00026505785528234177,0.0007180373650044,0.0015182320494204,0.0010273701045661501,0.0001847067032940501,0.00112602092558513,0.00028366168804876347,0.0007928400882519,0.0016438451129943,0.0010217087692580501,0.00014723135973325013,0.9999774038791657,1.0581946495960991e-05,0.9999593496322632,0.9999898672103882,0.99998077750206,6.288290023803711e-06,0.999975049495697,1.265445212039089e-05,0.9999520778656006,0.9999876618385316,0.9999797940254211,5.751848220769684e-06,1324.0,159.97937367048291,1060,1590,1321.5,151.0,72.601,14.778448125564466,55.27,108.1,69.185,6.68,0.00122267447382906,0.00036310342542889094,0.0006074697244912,0.0017683271784335,0.001260559289949,0.0002554106584284,0.00142896093893791,0.000433183865694814,0.0007068384438753,0.0020186230540275,0.00149014225462445,0.0003751980839297,0.0012329205696004898,0.00040091502685786896,0.0005801744991913,0.0018423785222694,0.0012568806414492,0.00031866400968285003
1,rnn,layers_2,lorenz_1000,0.001,,8,16,13,64,275,0.0053480874514206895,0.003892725866660338,0.0016261254204437,0.0139543581753969,0.0035444878740236,0.00185113842599095,0.00594381390837949,0.004056730593514473,0.001584323705174,0.0133816339075565,0.00388415472116315,0.0021588540985248497,0.05004685167223211,0.01824690229173083,0.0301356744021177,0.0874717682600021,0.04438652843236915,0.013101542368531251,0.053164515830576374,0.019095597546192628,0.0297906678169965,0.0857839733362197,0.04719884693622585,0.0157361263409257,0.9439351081848144,0.03940119093621515,0.8622678518295288,0.9827638864517212,0.9615652561187744,0.020348876714706365,0.9375239253044129,0.041474363372787044,0.8693386316299438,0.9832544326782228,0.9580997824668884,0.023576229810714777,1162.3,234.13673355541627,721,1551,1199.5,117.5,63.05799999999999,17.201444590498788,39.43,105.86,61.695,5.105,0.03749132625758643,0.0018777176012044715,0.0338619964197278,0.0406982773914933,0.037629614304751105,0.0008767722174525469,0.04267246276140209,0.001069154825137638,0.0408626236021518,0.0443394668400287,0.04268276691436765,0.0009630378335713993,0.03942345827817912,0.0014437765767962372,0.0356303341686725,0.0411743409931659,0.03932969830930225,0.0005938503891230011
1,rnn,layers_2,lorenz_1000,0.001,,8,16,25,64,275,0.007308488106355021,0.0025924302285322406,0.0046949060633778,0.0144694661721587,0.0069597556721419,0.0010144037660210995,0.007992623327299891,0.0028354309205339224,0.0046677449718117,0.0156951546669006,0.007204540306702201,0.0008561122231185501,0.062444060295820183,0.010077047621245805,0.0499774552881717,0.0893227234482765,0.0612251162528991,0.0031652953475713487,0.06658601537346835,0.010700836867138123,0.0519832670688629,0.094190627336502,0.06525793671607966,0.0027040280401706487,0.9213176429271698,0.030599090834147042,0.8351798057556152,0.950655460357666,0.9261249005794525,0.009710371494293268,0.9104672968387604,0.03485518060711754,0.814435601234436,0.949353814125061,0.921424388885498,0.008944302797317505,1657.4,518.2505571632316,654,2560,1589.0,288.5,81.28999999999999,25.84771092379362,30.87,123.89,80.065,18.025000000000002,0.038965640548202694,0.0009916197995463278,0.037396646829115,0.0403770903746287,0.03923652279708115,0.0008701763840185499,0.04446178860962385,0.0021008770066675672,0.0407446324825286,0.0476216487586498,0.04440195299684995,0.0019202195107936963,0.04448897950351232,0.0010116961487192226,0.0430607981979846,0.0463097356259822,0.04423164203763005,0.0006565414369106536
1,rnn,layers_2,lorenz_1000,0.001,,8,4,1,64,275,1.9113807752546565e-06,6.676708596297681e-07,1.004842829388508e-06,3.488363063297584e-06,1.7634820324019529e-06,4.706009804067435e-07,2.105438068156218e-06,7.379867171016107e-07,1.285447069676593e-06,3.894366727763554e-06,1.7423079725631396e-06,2.946457584585006e-07,0.0010541470488532802,0.00018153675628548388,0.0007454975275322,0.0014338108012452,0.001054712338373,0.00012844608863814993,0.0010883423208724098,0.00019787048070720503,0.0007970563019625,0.0015073457034304,0.0010191528708673502,0.00010771973757075002,0.999980115890503,7.126841410435006e-06,0.9999629259109496,0.9999896287918092,0.9999825060367584,4.738569259643555e-06,0.9999780297279358,7.834290847342472e-06,0.9999588131904602,0.999986469745636,0.9999822974205016,2.562999725397308e-06,1327.4,139.9408446451571,1155,1557,1306.0,123.0,38.292,4.279438748247251,33.06,44.9,37.625,3.7749999999999986,0.00134399223461511,0.0004560605358776358,0.0005363092786865,0.0019394685514271,0.0013423864351352,0.00035205186868554985,0.0015740573115180703,0.0005593792774430535,0.0006261721719056,0.0022448664531111,0.00159464072203255,0.00045639392919835,0.00137935610837298,0.0004938632726116883,0.0005724671646021,0.0019932540599256,0.00137035374063995,0.0004307712661102001
1,rnn,layers_2,lorenz_1000,0.001,,16,4,25,64,931,0.00987811242230231,0.0017556363036071768,0.0074882279150187,0.0146482186391949,0.009635841473937,0.00030173268169165005,0.011331635341048191,0.0016721884467372553,0.0097997058182954,0.015756532549858,0.0110179516486823,0.0009062872268259499,0.06047346964478488,0.00660688533628437,0.0536868833005428,0.0782516077160835,0.059360241517424556,0.002455264329910299,0.06718328781425947,0.0070709646181137805,0.0596916936337947,0.0867329612374305,0.06625016778707499,0.0023478865623473982,0.8910665273666382,0.021171147810707235,0.8325847387313843,0.9171819686889648,0.8944309651851654,0.0055045485496521,0.8721901595592498,0.02098953502657802,0.8164641261100769,0.8934108018875122,0.8761904835700989,0.011564463376998901,2158.6,435.35668135449583,1099,2774,2215.5,261.0,63.637,13.213008022399743,33.78,85.88,64.625,8.555,0.03908477485179898,0.0018210793095856687,0.0359844587743282,0.0430956397205591,0.038576941844075896,0.0008784515783190998,0.04750160649418827,0.0013086061708807043,0.0457938201725482,0.0502191968262195,0.0469766017049551,0.0008481834083795478,0.04362711012363428,0.0006353677811761513,0.0423940233886241,0.0446182899177074,0.043756365776062,0.000472292304038998
1,rnn,layers_2,lorenz_1000,0.001,,16,4,13,64,931,0.00036438026727404,0.00012346996450738885,0.0001910295395646,0.0006543155177496,0.0003767212183447,5.064805736765e-05,0.00037986915704091,0.00011543153708423024,0.0002060072001768,0.0006476179114542,0.00036316103069105,7.114927575459999e-05,0.01341275013983247,0.0020857299372025037,0.0104474984109401,0.0181433968245983,0.0136812264099717,0.0006725783459841997,0.01377635374665255,0.0018199299491708293,0.0109056252986192,0.0180047694593668,0.013459008652716799,0.0010822778567671498,0.9961756825447082,0.0013431175237726353,0.992962658405304,0.9979995489120485,0.99614617228508,0.0005429685115814764,0.9960233986377716,0.001261539789559429,0.9930766224861144,0.9979170560836792,0.9961518347263336,0.0006918013095855713,1450.7,222.3492972779541,1026,1946,1442.5,84.0,43.949,7.384706426121488,30.3,59.76,42.53,2.585000000000001,0.03707225456833835,0.0009716310849220436,0.0352684428915381,0.0381519112735986,0.03752216203138225,0.0005937263369560491,0.04397536106407638,0.0009376533967193158,0.0428583659231662,0.0457283705472946,0.0435808636248111,0.00044251047074795116,0.03908439427614207,0.00047036364598096074,0.0384901128709316,0.0400285832583904,0.03897861018776885,0.000288153067231154
1,rnn,layers_2,lorenz_1000,0.001,,16,4,1,64,931,1.8697778500609275e-06,5.141921157588662e-07,1.0308505125067311e-06,2.4890480290196138e-06,1.8842411009245552e-06,4.781122129315917e-07,1.9447198155830845e-06,4.7307589089106375e-07,1.135702973442676e-06,2.610295723570744e-06,1.983497554647329e-06,3.454114789747109e-07,0.0010065631591714302,0.0001532838715770499,0.0007713477243669,0.0012028116034343,0.00100646039936685,0.00014858593931424999,0.0010165589919778999,0.00013957595822329386,0.0007980931550264,0.00121857074555,0.00102560876985075,0.0001219535188283999,0.999980491399765,5.478704487080294e-06,0.9999732971191406,0.999989688396454,0.9999801218509674,4.947185516301911e-06,0.999979704618454,5.2474603642476665e-06,0.9999720454216005,0.9999881982803344,0.9999793171882629,3.933906555231292e-06,833.7,95.06844902489995,731,1079,817.5,27.5,24.548000000000002,2.560577278661982,21.27,31.03,23.884999999999998,0.6450000000000014,0.00030690186897115,9.499611447050051e-05,0.0001667981181526,0.0004936033277772,0.00033431789997845004,3.554083014020002e-05,0.00032590876216995006,0.00011867004122402268,0.0001462035579606,0.000595279620029,0.00033545684709675,5.6165546993699984e-05,0.00029442011582428006,9.718038429517022e-05,0.0001364988856948,0.0005090073100291,0.00030466305906880003,3.593586734495e-05
1,rnn,layers_2,mackey_1000,0.001,,32,8,140,64,3265,0.01656473409384484,0.002753384994093984,0.0131883006542921,0.0227483212947845,0.0169452112168073,0.001597763039171701,0.02428907807916398,0.0013075325352095762,0.0225246176123619,0.026690449565649,0.02424705214798445,0.00109156500548125,0.10213600620627397,0.007934861849291269,0.0908427685499191,0.116000011563301,0.1041183695197105,0.0055207200348377505,0.1257632620632648,0.0037119712367345192,0.118564449250698,0.1315006762742996,0.1250457428395748,0.0020381659269333025,0.8312012314796448,0.03303645827914715,0.7612124681472778,0.8809223175048828,0.8269892930984497,0.02065834403038025,0.7994952857494354,0.011688705536126755,0.7807397246360779,0.8165658116340637,0.8011824190616608,0.009854316711425781,805.6,49.9763944277696,715,866,812.5,40.5,28.353999999999996,3.9767604906506504,23.72,39.18,27.47,1.4000000000000004,0.03902338154148306,0.0011302097074737216,0.0378550393506884,0.0418687756173312,0.038590846932493095,0.0004583846312016006,0.04415875561535351,0.0024553369669373325,0.0418916270136833,0.0491811297833919,0.043268147855997,0.0009912140667438542,0.03420902825891967,0.0014536277294619937,0.0318044573068618,0.0375133231282234,0.03437437489628785,0.0005363002419471498
1,rnn,layers_2,mackey_1000,0.001,,16,8,1,64,865,4.176743368589087e-06,6.219059959054292e-07,3.304989149910398e-06,5.369713562686229e-06,4.08616642744164e-06,3.249152769058128e-07,5.004255899621057e-06,7.910773369704993e-07,3.980622750532348e-06,6.635269983235048e-06,4.716522653325228e-06,4.4225225792615674e-07,0.00161790860584001,0.00011463185329633618,0.0014486789004877,0.0018155670259147,0.00161451176973055,7.144740084190002e-05,0.0017978727351873499,0.00014092450137090682,0.0016123539535328,0.00205381331034,0.00175469415262335,8.884450653564994e-05,0.999964052438736,4.776816787113215e-06,0.9999545812606812,0.9999709725379944,0.9999647438526154,2.9206275939941406e-06,0.9999620497226716,5.791170231942925e-06,0.999950647354126,0.9999693036079408,0.9999640583992004,3.635883331298828e-06,1127.3,74.38286092911457,963,1211,1130.0,51.5,46.061,5.855186504288314,41.2,61.03,44.525,3.1499999999999986,0.00042274575520418996,0.00015692093672928795,0.0002611497897305,0.0008348303323145,0.00036847674637095003,7.693862207815e-05,0.00042159970907953997,0.0001643429702181941,0.0002981839061249,0.0008849201840348,0.00037711624463545,6.265404226720001e-05,0.00036464827426239,0.00012442760058391068,0.000260604545474,0.0007088977145031,0.0003312221524538,4.843866918235001e-05
1,rnn,layers_2,mackey_1000,0.001,,16,4,140,64,865,0.039288549497723514,0.0017264005391677828,0.0374734289944171,0.0426968857645988,0.03880420513451095,0.0012432131916285012,0.04300774782896037,0.0004769366187802637,0.0417411178350448,0.0435451120138168,0.043093083426356246,0.00021065212786194887,0.15924931913614268,0.003640237437175697,0.155571699142456,0.1668318808078766,0.15766721963882446,0.0014356821775437095,0.16676094532012936,0.001223860540524278,0.1637824177742004,0.1681361645460128,0.1669831797480583,0.0007918477058410922,0.49928669035434725,0.023804441810852384,0.4544685184955597,0.529079794883728,0.5059429258108139,0.018993988633155823,0.6048599779605865,0.006018072478052752,0.5961863398551941,0.6192272901535034,0.6048917770385742,0.0017847120761871338,509.3,31.407164787672258,456,559,516.0,16.5,14.414999999999997,1.2058793471985492,13.04,17.38,13.955,0.40000000000000036,0.050033528824092635,0.007359967888387407,0.0401934026999192,0.0670088513029946,0.0492334196096635,0.003816772700803151,0.05697734951972956,0.006101673576683792,0.0444314815104007,0.0643695145845413,0.05874501354992385,0.0018048267811536997,0.04568620324134822,0.005001783830012783,0.0356938056647777,0.0530189126729965,0.0470910239964723,0.002106186002492901
1,rnn,layers_2,mackey_1000,0.001,,16,4,70,64,865,0.033212272077798796,0.000888506379230602,0.0318003520369529,0.0345211140811443,0.03321323357522485,0.0008752644062042479,0.02410766128450629,0.00020651570096940215,0.0237935241311788,0.024565340951085,0.024072876200079897,0.00012300629168749723,0.13927142471075055,0.001218187190810812,0.1373040974140167,0.1410761773586273,0.13922949135303497,0.0010385364294051985,0.12044160589575763,0.0011217242165755452,0.1186280399560928,0.1222849860787391,0.12041174620389936,0.000749666243791608,0.6418496370315552,0.009066166205188308,0.6268376708030701,0.655991792678833,0.6407497525215149,0.00542372465133667,0.805906105041504,0.0022162413358177693,0.8013318777084351,0.8094512820243835,0.8061195611953735,0.0010287761688232422,610.4,73.3596619403334,495,754,605.0,20.0,17.642999999999997,3.127468784816245,13.35,24.58,16.725,1.3100000000000023,0.033552813385095824,0.0018668108550542269,0.030985906927122,0.0381524873276551,0.0333925049958957,0.0006764026151762983,0.03019517101347441,0.0012377210337222889,0.0280289985239505,0.0319562591612339,0.030449138022959198,0.0007800934836268477,0.03644294030964371,0.001895335623823319,0.0346832238137722,0.0414140857756137,0.03585213795304295,0.0008431281894445489
1,rnn,layers_2,mackey_1000,0.001,,16,4,1,64,865,1.1707417797879316e-05,1.476073049495078e-06,9.674223292677198e-06,1.4569321137969382e-05,1.225091682499624e-05,1.0486228347872392e-06,1.3135925746610155e-05,1.895356547222796e-06,1.0198050404142124e-05,1.572163455421105e-05,1.3682870758202625e-05,1.6187445908144574e-06,0.0026174152269958896,0.00017394868061943207,0.0023767666425555,0.0029673224780708,0.0026368167018517496,0.00012132304254914997,0.0028209675103425496,0.00022084471400764637,0.0025065194349735,0.0031478977762162,0.00290958571713415,0.0001882982905954001,0.9998937010765075,1.6006531880919776e-05,0.9998640418052672,0.9999181628227234,0.9998883903026581,1.1056661605834961e-05,0.9998994886875152,1.4324871219049272e-05,0.9998787641525269,0.9999213218688964,0.9998953640460968,1.296401023859195e-05,841.7,84.63574894806568,739,1072,825.5,21.0,25.384000000000004,2.834463617688539,22.62,32.89,24.545,1.1050000000000004,0.00031108242867043006,4.8657259728110166e-05,0.0002554812759626,0.0004038165381643,0.00029153600989955,3.270477754999999e-05,0.00033699282794254,6.678169509902342e-05,0.0002799999492708,0.0005115030216984,0.00031575940374745,2.9440459911699994e-05,0.00027631279954217,6.127841294015851e-05,0.0002259381435578,0.0004464641097001,0.00025954843295035,2.376701741010002e-05
1,rnn,layers_2,mackey_1000,0.001,,16,16,1,64,865,2.9600628863590828e-06,1.411761060993372e-06,1.4076284742259304e-06,6.465525075327605e-06,2.5009372848217026e-06,5.543928409679214e-07,4.13585476053413e-06,2.0027168430603173e-06,1.954822437255644e-06,9.130483704211656e-06,3.3747312500054254e-06,6.753003845005878e-07,0.0013599773286841403,0.0003209018931291116,0.00091268052347,0.0020953204948455,0.00129819213179865,0.0001859079347923,0.00157177794026205,0.00035717315018590095,0.0011147668119519,0.0023805757518857,0.0014338184846564499,0.00013479922199624995,0.9999737918376923,1.2177771571627114e-05,0.9999445676803588,0.9999892115592957,0.9999767243862152,5.6922435759942935e-06,0.9999690473079681,1.536094034568939e-05,0.9999310970306396,0.9999855160713196,0.9999754726886749,5.185604095403473e-06,1064.4,167.25740641298967,819,1414,1047.5,126.0,60.342,12.550498635512456,44.46,87.23,57.57,8.099999999999998,0.00040896080507076004,0.00023892724343424525,0.0002294596095453,0.0010991829738486,0.00033076943291224996,6.10540366324e-05,0.00039654957799935,0.00024282779499078467,0.0002042295236606,0.0010985203552991,0.0003269907610956,6.483122706415001e-05,0.00035195655073033997,0.00021464278811003743,0.0001869785191956,0.0009733689366839,0.00028785572794724995,5.250696267470006e-05
1,rnn,layers_2,mackey_1000,0.001,,16,16,70,64,865,0.004818663932383,0.00920383624627442,0.000536058214493,0.0323148220777511,0.00189900078112255,0.00082615617429835,0.0031627788557670503,0.004743917552738392,0.0006450908840633,0.0172844436019659,0.00185374083230265,0.00045117334229875013,0.03997591696679588,0.03319926937586787,0.0171884167939424,0.1373182982206344,0.0317833106964826,0.005386659875512147,0.03785001859068865,0.023272310201639772,0.0199804939329624,0.1049906611442565,0.03402727283537385,0.002964243292808498,0.9510190546512604,0.10057824063686716,0.6500805616378784,0.9951379299163818,0.9828727841377258,0.006733059883117787,0.9763178765773773,0.03726143449970442,0.8652433156967163,0.9955410361289978,0.9868970215320587,0.003415822982788086,1867.9,618.0845330535299,432,2755,1910.5,231.0,95.072,27.432608625502606,33.26,136.15,95.92,10.244999999999997,0.026094373605317488,0.001114230557508985,0.0235408561097251,0.0275073109401596,0.0263134414951006,0.00043243583705690133,0.02466450929641718,0.001647258958589328,0.0206266213208436,0.0260114409029483,0.0252816472202539,0.0005898838862776496,0.03477778621017929,0.0007804181106169791,0.0332406684756279,0.0362457931041717,0.03463901206851005,0.00026689842343334894
1,rnn,layers_2,mackey_1000,0.001,,16,16,140,64,865,0.02724862731993194,0.002924613739448847,0.021784333512187,0.0316171050071716,0.026398937217891202,0.0010960027575492998,0.019479314424097487,0.0011888246298882646,0.0177353974431753,0.0213600099086761,0.0195250296965241,0.0010359035804868005,0.1360320642590523,0.007088175115689394,0.1208575069904327,0.1489523947238922,0.1367332488298416,0.0019039139151573459,0.11210878342390058,0.004074955325824178,0.1063811406493187,0.120210975408554,0.1105623953044414,0.0009713955223559917,0.7033895134925843,0.03404662119140367,0.6488492488861084,0.7706552743911743,0.7097111344337463,0.015645325183868408,0.847488135099411,0.009523917992008421,0.8297953605651855,0.8598373532295227,0.8473001718521118,0.007241666316986084,598.8,59.17567067638524,512,706,578.5,17.5,26.616000000000003,2.8939080842348806,22.37,32.3,25.575,0.8849999999999998,0.037810131534934004,0.0010645660658783866,0.0355962668545544,0.0397267746739089,0.037782997940666946,0.0007072391454129995,0.041805453598499236,0.0015347542338683155,0.0390705168247222,0.0443589016795158,0.0421773381531238,0.0010240152478217975,0.028366446495056104,0.0009634819389750777,0.0267859064042568,0.0299548022449016,0.0283825891092419,0.0007331306114792997
1,rnn,layers_2,mackey_1000,0.001,,32,16,140,64,3265,0.021383683523163142,0.005783912370871038,0.0071955895982682,0.0278347004204988,0.0218197098001837,0.003214070573449102,0.01868987996131178,0.0028646493749247765,0.0124644786119461,0.0230254866182804,0.0190536975860595,0.002075952477753199,0.11871555298566816,0.019994511018926908,0.0694714337587356,0.1415419727563858,0.1208338737487793,0.011656429618597051,0.10920646935701366,0.008421983943117006,0.0878247544169426,0.1175666749477386,0.11077931895852085,0.005192182958126054,0.7757786273956299,0.06264243173963999,0.7063072919845581,0.9284268021583556,0.7723444104194641,0.032809287309646606,0.8499311685562134,0.025345822131179817,0.8037301301956177,0.8999422788619995,0.8479734659194946,0.01774457097053528,536.5,158.549203719224,464,1007,478.5,13.5,30.494,8.500877837023658,23.38,49.45,26.09,2.5649999999999995,0.034029041300527696,0.0022964248853798133,0.0293233799748122,0.0368844917975366,0.034278237493708646,0.002089484012685699,0.03664325363934035,0.004272743710838566,0.0284255240112543,0.042579099535942,0.03786110319197175,0.002007935196161246,0.029508318752050344,0.0018024987151050592,0.0271994993090629,0.0332731567323207,0.0287523483857512,0.0009296583011746493
1,rnn,layers_2,mackey_1000,0.001,,32,16,70,64,3265,0.00179291065433057,0.002832050614728872,0.0003493856929708,0.0102118132635951,0.00099827031954185,0.0004720927972812499,0.0016355026105883898,0.002303672993572071,0.0005453514168038,0.0085147097706794,0.00087554092169735,0.00019810470985250002,0.02709829201921815,0.01694874337168724,0.0145582230761647,0.076354369521141,0.0239740824326872,0.003963443450629701,0.02783299665898078,0.015115791742345822,0.0180446580052375,0.072246141731739,0.023161813616752548,0.0024303635582328016,0.9831212043762207,0.02763665342198661,0.900808572769165,0.9969095587730408,0.9908522963523865,0.004190117120742798,0.9877547264099121,0.018325680454161886,0.9329712390899658,0.9959698915481568,0.9935919642448424,0.001649767160415594,1277.7,307.28815466919644,512,1672,1395.5,100.5,77.297,19.531971764263844,28.25,98.93,79.87,8.895000000000003,0.02412208323884336,0.0035278650135203773,0.0146666929746667,0.0279736129773987,0.02518026251345865,0.0009749834943149002,0.022535091824829538,0.0029088891180591363,0.0170440953224897,0.0269345566630363,0.0228237388655543,0.0020014476031064987,0.03393989615142341,0.005545868438405101,0.019166000187397,0.0403929315507411,0.0347789134830236,0.0017737224698067024
1,rnn,layers_2,mackey_1000,0.001,,32,16,1,64,3265,3.3865494742713053e-06,1.656027077484183e-06,1.415643964719493e-06,7.0851015152584296e-06,2.890646555897547e-06,1.0297869721398456e-06,4.7852023726591145e-06,2.4282671102126083e-06,2.2840893052489264e-06,9.546413821226452e-06,3.7490020758923492e-06,1.4193694823916303e-06,0.0014683143002912002,0.00036091972813035795,0.0009524165652692,0.0021702777594327,0.0014215834671631,0.00025804538745435,0.0017015501623972701,0.00044558615185979946,0.0011422974057495,0.002541618887335,0.0015608953544869499,0.00032619090052325,0.9999701082706451,1.288084506898207e-05,0.9999487400054932,0.999987244606018,0.9999731481075288,1.0073184966985504e-05,0.999964314699173,1.7963915386893615e-05,0.9999304413795472,0.9999829530715942,0.9999725818634033,1.0371208190917969e-05,780.1,147.08939458710137,639,1117,706.5,50.0,51.623000000000005,10.460664462642898,39.19,69.93,49.93,8.455000000000002,0.00024754793477764004,6.938537259766826e-05,0.0001447460977942,0.0003653993931948,0.00024024837839525,6.021331391815001e-05,0.00022505127126345,6.843314266407625e-05,0.0001163763226941,0.0003236807242501,0.0002196577988797,5.641271854984999e-05,0.00020306243241061,6.836109038031013e-05,0.0001025802775984,0.0003079026937484,0.0001960118679562,5.1710070692950007e-05
1,rnn,layers_2,mackey_1000,0.001,,16,8,70,64,865,0.0142292595468461,0.0060730665644533905,0.0038126655854284,0.0249007325619459,0.014759378042071999,0.0036371424794197004,0.01221957993693644,0.0038103670520528827,0.0045638987794518,0.0184045284986495,0.0130881639197468,0.0014168811030686006,0.09128943309187884,0.022164059235364585,0.0491319485008716,0.1262454837560653,0.09474600851535789,0.009371917694807053,0.08498081639409064,0.015198690188179133,0.0533707439899444,0.1101352348923683,0.0887707285583019,0.0051571503281593045,0.8633040249347687,0.06119670274741345,0.751919150352478,0.97042715549469,0.8539720475673676,0.035641223192214966,0.9045133292675018,0.03079277557126839,0.8534767031669617,0.9649953246116638,0.8967226147651672,0.009728610515594482,1541.1,591.8240363486432,771,2993,1335.5,243.0,57.95,23.50465996350511,26.44,102.86,49.254999999999995,12.915,0.03039403561916611,0.0006747177467523175,0.0292290747165679,0.0317402293698655,0.03050526966237355,0.00026578052590289954,0.027636421844363167,0.0012081287824575123,0.0254311319440603,0.0295104719698429,0.02783819474279875,0.0006321361288427994,0.034858215227723074,0.0007804744568198397,0.0336687713861465,0.036255195736885,0.035099294036626746,0.0006832145154476513
1,rnn,layers_2,mackey_1000,0.001,,16,8,140,64,865,0.0225732253864407,0.007399536285235191,0.0118595268577337,0.0352071784436702,0.0227038720622658,0.005886471830308399,0.02863240670412775,0.006030446496601728,0.0218828450888395,0.0376463681459426,0.0261905966326594,0.002849824726581551,0.11838975846767423,0.02109938386001789,0.0830429568886756,0.1452708691358566,0.12213879823684684,0.017368428409099648,0.13537413775920865,0.015245376504038495,0.1177009716629982,0.1593526154756546,0.1307406350970268,0.008054327219724641,0.7521361470222473,0.09478060701245888,0.584105372428894,0.8815399408340454,0.7555649876594543,0.07806101441383362,0.7563557326793671,0.0618112717210918,0.6627316474914551,0.8186501264572144,0.7898889183998108,0.024644076824188232,1081.5,525.5428146212257,533,2282,907.0,262.0,34.152,15.964506757178563,16.18,69.98,32.18,11.520000000000001,0.04021624242886897,0.001524298210180417,0.0385299040935933,0.0437435009516775,0.0398505099583417,0.0005612070672214482,0.04289450347423547,0.0006907651282499643,0.0415830314159393,0.0436848141252994,0.04306667111814015,0.0003217272460460524,0.034992466121911966,0.0008197417932226001,0.0334683395922184,0.0363391600549221,0.0351647157222032,0.0006099753081798519
1,rnn,layers_2,mackey_1000,0.001,,32,8,1,64,3265,3.959840978495777e-06,3.5731881001896067e-07,3.6340870792628266e-06,4.8085908019857015e-06,3.856882358377334e-06,1.9764786429732297e-07,4.6543088046746565e-06,4.0766320272569654e-07,4.104786967218388e-06,5.632799002341926e-06,4.623842642104137e-06,1.7897491488838568e-07,0.0015838928520679,6.69247410784675e-05,0.0014914441853761,0.0017229957738891,0.00157999031944195,4.283071029929995e-05,0.0017264005262404198,6.429272691935107e-05,0.0016362939495593,0.0018706746632233,0.0017158261616714,3.7176825571800035e-05,0.999964463710785,3.2004752725098577e-06,0.9999576807022096,0.9999679327011108,0.9999656677246094,1.6689300537109375e-06,0.9999650180339813,3.07151357588775e-06,0.9999578595161438,0.9999688267707824,0.9999650120735168,1.9669532775878906e-06,905.6,102.42968319779185,768,1092,904.5,92.0,38.661,4.778425368256785,31.18,47.7,37.92,3.3550000000000004,0.00032548023154953005,8.600217085673972e-05,0.000178995222086,0.0004465504200197,0.0003385891584912,7.415376458079996e-05,0.00029561109840867,7.900661618543503e-05,0.0001489076967118,0.0003966151853092,0.00032130096224135,4.960903606839997e-05,0.00027371024625605004,7.172491045758882e-05,0.0001381013571517,0.0003647627600003,0.0002981949219247,4.1454986785500005e-05
1,rnn,layers_2,mackey_1000,0.001,,32,4,140,64,3265,0.04020400866866107,0.0017943859769279054,0.0372865572571754,0.0426997803151607,0.04024130105972285,0.00163201428949835,0.04296262040734286,0.00040630803684209586,0.0419345572590827,0.0434498451650142,0.04306794516742225,0.00017599016427994815,0.15718700289726256,0.002860382549277636,0.1536106467247009,0.1637154221534729,0.15674642473459238,0.0015102997422218045,0.16456729620695112,0.001143667234928516,0.1635027974843979,0.1673368662595749,0.1641283184289932,0.0005177333950996399,0.48665049076080324,0.027945979956872008,0.4369866251945495,0.5254923105239868,0.48606002330780024,0.02373185753822324,0.6067842900753021,0.005717413804891549,0.5978426933288574,0.6175788640975952,0.6052380204200745,0.004472792148590088,453.5,17.7214559221301,416,479,457.0,11.0,13.895000000000001,1.6349021377440305,12.56,17.64,12.97,0.22999999999999954,0.04655663379667705,0.007688329759817824,0.0402340434698594,0.061866102533208,0.04213842931878585,0.0018407057365645019,0.04991988465189929,0.004098884972645732,0.0446122139692306,0.0573930032551288,0.048903878778219195,0.002601562067866346,0.03837607242166992,0.0026749236330663676,0.0342184193432331,0.0434479974210262,0.037863021716475445,0.0016885884106159488
1,rnn,layers_2,mackey_1000,0.001,,32,4,70,64,3265,0.03460917733609671,0.0010595760471961376,0.0328087136149406,0.0365176424384117,0.034561466425657245,0.0006871297955512931,0.02351456321775909,0.00028862740092945794,0.0229115597903728,0.0239458233118057,0.0235260901972651,0.00015719886869190042,0.14144040644168848,0.0014336719580533503,0.1391608566045761,0.1433289796113968,0.14136515557765955,0.001457206904888153,0.11834614276885984,0.001254137895719017,0.1161013543605804,0.119949884712696,0.11882948502898211,0.0010248422622680525,0.6364804029464721,0.01257210478646916,0.6235259175300598,0.6663947105407715,0.6321890652179718,0.004725903272628784,0.8084025323390961,0.0015220349230308575,0.8057974576950073,0.8105568885803223,0.8082827031612396,0.0013973712921142578,496.7,29.759200258071452,450,547,497.0,12.5,14.398999999999997,0.94037705203817,13.47,16.33,14.004999999999999,0.27999999999999936,0.03224969698737059,0.002010365055201938,0.0289483614679839,0.0354652715226014,0.03277697590076255,0.0013765383304821018,0.029799394309520673,0.001422575129610172,0.0275734979659318,0.0318856090307235,0.02990436833351845,0.0011731581762433,0.034522438049316345,0.0012279569032007634,0.0331685915589332,0.0369778908789157,0.03418574109673495,0.0008616764098405977
1,rnn,layers_2,mackey_1000,0.001,,32,4,1,64,3265,1.1345995426381706e-05,1.3759004375893924e-06,9.582227903592866e-06,1.4340329471451696e-05,1.1191380053787725e-05,8.919473657442722e-07,1.2261696247151121e-05,1.0795355653438667e-06,1.116903695219662e-05,1.4232436114980374e-05,1.1793875728471903e-05,5.564338607655372e-07,0.00260843692813063,0.00016802962889267092,0.0023754891008138,0.0029348011594265,0.00260675279423585,0.00012125109788025008,0.0027570053236558602,0.00014208728208337854,0.0025664954446256,0.0029811235144734,0.00271244882605965,0.00011089909821750013,0.9998984158039093,1.0892234720321992e-05,0.9998754858970642,0.9999114871025084,0.9998988211154938,7.68899917602539e-06,0.999907648563385,8.27127794710824e-06,0.9998915195465088,0.9999161958694458,0.9999114573001862,4.14252281194516e-06,726.8,77.76863120821916,619,879,691.0,59.0,23.54,4.06230476453946,19.89,33.82,21.785,1.8249999999999993,0.00031783915532281997,3.8078240192025696e-05,0.0002652683557244,0.0004086002445546,0.00031633003891325,2.5997543707499964e-05,0.00031685137655580004,5.2163491539316176e-05,0.000257522566244,0.0004596303915604,0.00030348959262475,1.8397448002349973e-05,0.00028296227828829,4.6676471207599054e-05,0.0002151217922801,0.0003835374955087,0.00027302018133919996,2.320573548784995e-05
1,rnn,layers_2,mackey_1000,0.001,,8,4,1,64,241,1.1624686794675654e-05,1.2335033089438906e-06,9.41996131587075e-06,1.3942258192400914e-05,1.1960866686422378e-05,5.099236659589224e-07,1.3577298159361816e-05,1.1683340521066835e-06,1.1147425539093092e-05,1.492705905548064e-05,1.410774211763055e-05,6.928689799678978e-07,0.0026182747678830595,0.00015027646079866083,0.0023308403324335,0.0028315801173448,0.0026341063203289498,0.00010979850776495002,0.0028700580820440495,0.00013536990420475,0.0025659687817096,0.0030126082710921,0.0029182372381909997,7.268786430359993e-05,0.9998967409133911,1.114846525079769e-05,0.9998778104782104,0.9999166131019592,0.999896764755249,7.152557373102386e-06,0.9998967170715332,9.75561805051198e-06,0.9998857975006104,0.9999180436134338,0.9998916983604432,5.096197128462432e-06,996.8,102.53272648281622,819,1134,1006.0,90.0,29.227999999999998,2.9907617758691516,23.43,33.9,29.259999999999998,2.3949999999999996,0.0012576492287916497,0.001445202245391189,0.0002253167287562,0.0048414044082164,0.0006528531506773499,0.0003783272994041999,0.0012879132176749,0.0014268330053551805,0.0002468020829837,0.004797370173037,0.000703904297552,0.00039964595634949993,0.0010448900531627799,0.0011961986813155206,0.0001983849797397,0.0040271119214594,0.0005456771323224,0.00031315891101255
1,rnn,layers_2,mackey_1000,0.001,,8,16,140,64,241,0.0268449734896421,0.004419634701833366,0.0212089605629444,0.0348202735185623,0.025411661714315352,0.004067282192409002,0.01881099864840501,0.0021622244494509404,0.0157062578946352,0.0234184805303812,0.0185720855370163,0.0009819949045776991,0.1316162161529064,0.01128379131940568,0.1145052686333656,0.1464871168136596,0.12796428799629211,0.0105690620839596,0.11123259663581844,0.005472779551138086,0.1024918183684349,0.1219744682312011,0.11111252382397646,0.0024125985801219524,0.7153966128826141,0.04768139789993144,0.6337982416152954,0.7828435897827148,0.7303655445575714,0.042713463306427,0.8517770648002625,0.016491646395010624,0.8216728568077087,0.8745802044868469,0.8524596095085144,0.011636137962341309,1124.9,134.29776617650793,944,1364,1101.5,72.0,47.863,6.6418793274193115,39.14,60.96,45.915,3.0650000000000013,0.04728937628678972,0.010307601104837014,0.0361027461476624,0.0592731367796659,0.046259147813543594,0.010073666344396798,0.05122932270169254,0.010720381015649571,0.0393252372741699,0.0648153498768806,0.048826042562723104,0.009133908897638304,0.04022860582917925,0.012122873634234086,0.0268702339380979,0.0548266917467117,0.03860291652381415,0.011183990165591254
1,rnn,layers_2,mackey_1000,0.001,,8,16,70,64,241,0.012083188910037252,0.00962210318790391,0.0047084121033549,0.0276430919766426,0.006673210998997051,0.0016777049750089507,0.009118822822347229,0.004796983275902162,0.0044916640035808,0.0169843211770057,0.006606989307329,0.0018712889868765996,0.07644076682627196,0.029544005247769,0.0489007495343685,0.1268057227134704,0.06124383024871345,0.008839903399348252,0.07237070873379703,0.019555344969399414,0.0508458390831947,0.1057715415954589,0.0637546647340059,0.01220422983169555,0.8801378846168518,0.10365776090867584,0.7109905481338501,0.9604066014289856,0.9383769929409027,0.01828578114509577,0.9302976429462433,0.03713100357699978,0.8683469295501709,0.9654167294502258,0.9494599103927612,0.015132397413253784,1771.0,727.2358627020535,703,2840,1789.5,665.5,85.467,32.54813329516764,34.01,133.15,84.84,31.065000000000005,0.027641235229869655,0.002358007774955977,0.0260930365572373,0.0345391157186693,0.02687316025710765,0.00041262319104540084,0.026344242133200114,0.001925709674307015,0.0249285325407981,0.0318221822381019,0.0259247431531548,0.0006680376827716515,0.03552652299404139,0.001868625593662356,0.0339850783348083,0.0408869124948978,0.034876137971877996,0.00029687210917469717
1,rnn,layers_2,mackey_1000,0.001,,8,4,70,64,241,0.0338455077260732,0.00045624288502855683,0.0331167578697204,0.0344685465097427,0.0338926743716001,0.0004461202770471469,0.024317154288291884,0.0003176874794847781,0.0238942019641399,0.0249246079474687,0.0242973370477557,0.0002752067521215023,0.14064361751079554,0.0015193041423185584,0.1380279958248138,0.1436272859573364,0.14065799862146375,0.0010288506746291975,0.12097364515066142,0.001210001891406291,0.1192282885313034,0.1227559670805931,0.1213142946362495,0.0012796297669410983,0.6347363889217377,0.006204731988903599,0.6231703758239746,0.6468411087989807,0.634497880935669,0.003143787384033203,0.8038354337215423,0.002710005475728657,0.7987295985221863,0.8083505034446716,0.8039488196372986,0.0021165013313293457,819.6,192.63291515210997,580,1240,796.0,103.0,21.996999999999996,4.528774779120728,15.15,32.11,21.13,2.24,0.03675258060296373,0.0027489463348207756,0.0334181791792313,0.0422173829542266,0.0360743557620379,0.0025270469486712993,0.03226058986037965,0.0017407286651601546,0.0294308178126811,0.0351695902645587,0.032308856025338145,0.0012944946065545464,0.03999775201082225,0.0032958057070264202,0.0360632538795471,0.0465297289192676,0.039391892030835096,0.0028955414891243016
1,rnn,layers_2,mackey_1000,0.001,,32,8,70,64,3265,0.004632811946794329,0.003708618487852298,0.0017714165151119,0.0154057713225483,0.00339000287931405,0.00060648296494035,0.00531224110163742,0.002596596004894442,0.0031343484297394,0.0128016835078597,0.0045572537928819,0.0007425444200635004,0.04913655929267403,0.017032247309526696,0.0331125222146511,0.09733697026968,0.0445377584546804,0.0018675494939088995,0.05618833638727659,0.011805726860095553,0.0442491769790649,0.089087463915348,0.05421270802617065,0.0032789018005132987,0.9579988658428192,0.03468111574785467,0.8569387197494507,0.9836533069610596,0.9692702293395996,0.005384564399719294,0.9591434717178344,0.02086861179063416,0.8987385034561157,0.9760697484016418,0.9652824401855469,0.005712538957595936,2159.2,601.8290122617885,801,2852,2413.5,347.5,84.501,21.464940927009327,29.97,106.19,92.375,8.165,0.029121195111009746,0.0023107449106838374,0.0235563262055317,0.0311905834823846,0.02977525473882745,0.0007931513504849975,0.02665068898349996,0.0016766783553118698,0.0228872913867235,0.0289734192192554,0.02674422226846215,0.001057612709701049,0.03437961041927333,0.002517986266670465,0.028364147990942,0.037968136370182,0.03466835431754585,0.0011271201074123
1,rnn,layers_2,mackey_1000,0.001,,8,16,1,64,241,2.169398197793271e-06,6.656184522976012e-07,8.626279281997995e-07,3.437186705923523e-06,2.260641849716194e-06,3.297677722002845e-07,3.2180578955376406e-06,1.1380247429131791e-06,9.93845560515183e-07,5.4869719861017074e-06,3.2081677545647835e-06,6.284160463110311e-07,0.0011677394271827801,0.0001975619546692106,0.0007324285106733,0.0014893498737365,0.00122074061073355,5.334109300754995e-05,0.00138153838925058,0.00027320228475608916,0.000758466660045,0.0017840954242274,0.0014434596523642,0.00012022122973574995,0.9999811708927154,6.291069076568793e-06,0.9999675154685974,0.9999916553497314,0.9999813139438629,2.7120113373357846e-06,0.9999757647514343,8.64974916144547e-06,0.9999586939811708,0.9999925494194032,0.9999757707118988,5.036592483520508e-06,1428.6,208.5814948647171,1107,1737,1447.5,170.5,74.673,11.294766974134529,56.91,91.73,75.66499999999999,9.190000000000012,0.0008634773708762899,0.0008958803472945106,0.0002158389135729,0.003250052826479,0.0004714755705208,0.00018904628232125,0.0009323810751083799,0.0009272472225238901,0.000224853050895,0.0033357969950884,0.00050487670523575,0.00018790652393365002,0.0007466122231561999,0.0007671619387702504,0.0001830893597798,0.0027672848664224,0.00039432769699479996,0.00015638982586094994
1,rnn,layers_2,mackey_1000,0.001,,8,8,140,64,241,0.028490693680942,0.0033389815776296012,0.0240008868277072,0.0346071645617485,0.028847601264715153,0.003329686820507053,0.03467293512076135,0.005192118033789289,0.0264956504106521,0.0407559014856815,0.03683189488947385,0.002586394548416148,0.13780446946620936,0.007726998929221,0.126183733344078,0.1519185900688171,0.13704889267683024,0.005056008696556105,0.151031731069088,0.01384290175153008,0.1287872940301895,0.1670810282230377,0.15593618899583817,0.007068656384944888,0.6724687933921814,0.05038058839721779,0.5772497653961182,0.73248690366745,0.6678765118122101,0.04865586757659912,0.6963890373706818,0.05271418120246655,0.6237459182739258,0.7740057110786438,0.6788377463817596,0.03322383761405945,998.5,306.36554962984985,583,1774,942.5,117.5,30.294,9.330276737589298,17.53,53.47,28.435,4.185000000000002,0.047965193144045744,0.009072857698306389,0.0363492183387279,0.0586773669347167,0.04816410806961355,0.00993843958713115,0.052320817485451664,0.010534931600324478,0.0409641079604625,0.0663782134652137,0.0489095728844404,0.0076914727687836006,0.04324732199311253,0.008344478093594189,0.0323836989700794,0.0536380559206008,0.04328413307666775,0.008355904370546348
1,rnn,layers_2,mackey_1000,0.001,,8,8,70,64,241,0.023616637336090172,0.008539726635074118,0.0062740338034927,0.0349370427429676,0.02233524620532985,0.00552069302648305,0.019005372747778842,0.0042636625802694094,0.0082514435052871,0.0246071871370077,0.0189667539671063,0.0011288011446595001,0.11748236641287799,0.02257344105454695,0.0645300969481468,0.1432285755872726,0.11835027113556855,0.014434292912483201,0.10952665135264394,0.013625670224610606,0.0729735791683197,0.1243314519524574,0.1114624738693237,0.005652785301208503,0.7565284729003906,0.09753849877231396,0.6289441585540771,0.941127598285675,0.774226039648056,0.06056752800941467,0.8476473748683929,0.03542656044130194,0.8019012808799744,0.9381704926490784,0.848673015832901,0.007845520973205566,1193.3,759.1861497682896,543,3366,1096.5,224.0,40.584,24.489610940151746,19.23,110.76,36.59,4.489999999999995,0.03182970068107045,0.0021474687055531116,0.0293639233956734,0.0379490498453378,0.031428586795098204,0.0004158097629745547,0.028386172279715488,0.0018723818216743546,0.0251334123313426,0.0332279205322265,0.028126660734415,0.0003388114273548005,0.036907696723937934,0.0023781135442836445,0.035155065357685,0.0437254048883914,0.03619604557752605,0.0007043555378913983
1,rnn,layers_2,mackey_1000,0.001,,8,8,1,64,241,5.657309316120518e-06,3.647329024689451e-06,3.258679043938173e-06,1.6078058251878247e-05,4.0951636037789285e-06,7.053973831716576e-07,7.2080834343069e-06,4.612318564175061e-06,4.085716227564262e-06,2.0424586182343774e-05,5.352266271074768e-06,1.068781102731009e-06,0.0018415682017802603,0.0005238119346399798,0.0014456360368058,0.0032838732004165,0.001601441996172,0.00013710802886630002,0.0020940240006893304,0.0005972903576371906,0.0016030711121857,0.0037283627316355,0.0018538006697781,0.00021372898481785004,0.9999516487121582,3.4967142963670246e-05,0.9998499751091005,0.9999723434448242,0.999965637922287,6.288290023803711e-06,0.9999453365802765,3.562983446080692e-05,0.999843418598175,0.9999685883522034,0.9999603033065796,7.241964340209961e-06,1348.9,239.49632565031138,1073,1762,1288.5,195.0,49.415,8.606973045153563,38.45,63.24,47.834999999999994,7.615000000000002,0.00085176077438514,0.0007426103791210351,0.0002523041155654,0.0029025769094005,0.00054330366692735,0.0002419639044092,0.0009553747309836999,0.0007954355577012047,0.000280181877315,0.0030589960515499,0.0006063003384042,0.00031418327125719997,0.0007417544038616599,0.0006395890197031142,0.0002302393404534,0.0025016355793923,0.00047413389256685003,0.00022818428988100002
1,rnn,layers_2,mackey_1000,0.001,,8,4,140,64,241,0.04084094054996962,0.004655738237816302,0.0373688638210296,0.0542928129434585,0.039909206330776145,0.001530220732092899,0.04483703747391697,0.007126214353925447,0.0417897514998912,0.0661562606692314,0.042701996862888295,0.0006098505109548499,0.1612362205982208,0.01197310698754213,0.1549553722143173,0.1968122124671936,0.15717043727636335,0.0013987571001052995,0.16987303644418714,0.014003800700903707,0.1631159037351608,0.2117965668439865,0.16571305692195892,0.00043296068906785445,0.4284363940358162,0.21027537876994154,-0.1997325271368026,0.5311359167098999,0.48769973218441004,0.019642531871795654,0.5667084351181984,0.14109782361401735,0.1438656598329544,0.6241300106048584,0.6091489791870117,0.00647011399269104,629.5,153.94106014965598,407,921,610.5,94.5,16.483,3.8034459375676675,11.13,23.34,16.215,2.6849999999999996,0.053323556823306674,0.00469644671697879,0.0457084083205295,0.0609397975107034,0.0545721002337005,0.0030931498493171478,0.062259685248136465,0.0058305228344838,0.0496060848236084,0.0685360431671142,0.06518233567476264,0.0021728724241256957,0.04932379797101016,0.005019099629787909,0.0378744266927242,0.0544729121029377,0.05114877596497535,0.0023918040096759
1,rnn,layers_3,henon_1000,0.001,,8,16,4,64,402,0.05388251733966167,0.020737179422572073,0.0006615375168621,0.073701873421669,0.062293002381920745,0.004417518153786649,0.04647782940883182,0.019515672433043096,0.0004878763575106,0.0650484785437583,0.05349481478333465,0.005765086039900752,0.1758232209831476,0.058522827789598816,0.0185325257480144,0.2147073149681091,0.19759042561054224,0.01583991199731831,0.16276831384748217,0.0566473722042905,0.0166074093431234,0.2132583558559417,0.18591169267892835,0.010501861572265653,0.5742729485034943,0.1738613797511078,0.4309044182300567,0.9959153532981871,0.5100924372673035,0.06864304840564728,0.6326355457305908,0.16540934778278904,0.4315047264099121,0.9969583749771118,0.57864710688591,0.060665398836135864,1413.1,1025.8715757832458,458,4073,1058.5,370.0,98.67800000000001,65.94681960489073,33.13,258.94,74.59,24.450000000000003,0.07085082385689015,0.0029871864328683637,0.0668770052492618,0.0761846415698528,0.06980169508606195,0.0012716295197606475,0.07098305746912952,0.002492963220888412,0.0688113942742347,0.0772134512662887,0.0700023584067821,0.0008866004645824502,0.07190785557031625,0.0024482949229090454,0.0696569979190826,0.0779625624418258,0.0711514018476009,0.0012540705502033442
1,rnn,layers_3,henon_1000,0.001,,8,16,1,64,402,4.804540935765544e-06,2.3490194447082878e-06,2.1436112547235098e-06,9.632598448661156e-06,3.946923698094906e-06,1.0402154657640494e-06,4.50407396783703e-06,2.3454791194141944e-06,2.0460679479583632e-06,9.439321729587393e-06,3.815736249634938e-06,1.266550157197344e-06,0.0015909799374639502,0.0004038730447948516,0.0011299222242087,0.0024220610503107,0.00150579778710375,0.00023208506172524995,0.0015572358155622598,0.0004033410568677921,0.0011123638832941,0.0023991377092897,0.0014875130727887,0.0002511410275474,0.9999716579914093,1.3768808407508818e-05,0.9999446868896484,0.999987244606018,0.9999769628047943,6.228685378972809e-06,0.9999733686447143,1.3497071390262206e-05,0.9999477863311768,0.9999874830245972,0.9999769926071167,8.285045623779297e-06,1222.6,207.86399399607427,915,1553,1155.0,147.5,95.951,18.17091051653714,63.94,115.28,104.225,10.225000000000009,0.0074582423712126495,0.00583562937562027,0.0014384024310857,0.0206003993749618,0.00525600960245355,0.0027095275581814505,0.007432021317072159,0.00573154164607682,0.0014865903649479,0.0200178511440753,0.00527215562760825,0.0027592593105509504,0.00796533272368829,0.006111145662346873,0.0015465723117813,0.0210592355579137,0.00568146933801465,0.0029516086215153
1,rnn,layers_3,henon_1000,0.001,,8,16,2,64,402,5.6884472814995306e-05,4.0758072912079435e-05,9.423015399079304e-06,0.0001439710904378,4.817922308575362e-05,3.049222596018808e-05,4.921497620671038e-05,3.34198399166795e-05,9.98153609543806e-06,0.0001156027356046,4.134484152018558e-05,2.5780825581023237e-05,0.004476187517866439,0.0014143285624262094,0.0022906439844518,0.007060803938657,0.00455946684814985,0.0010318190325051503,0.00444656368345016,0.0013329385403862714,0.0023404641542583,0.0067196167074143,0.00455985462758685,0.0009767410811036999,0.9996531784534455,0.0002495108596833248,0.9991168975830078,0.9999420642852784,0.9997082352638245,0.0001804828643798828,0.999697458744049,0.0002081900326293504,0.999282717704773,0.9999407529830932,0.9997448623180389,0.00015771389007557257,1642.4,253.19131106734292,1222,2082,1622.5,88.5,117.09499999999998,18.411178262131944,87.67,150.29,116.235,10.149999999999999,0.042395002376288134,0.009761102559720408,0.0260144071653485,0.056834527105093,0.042256867699325046,0.0087578638456762,0.04157195147126908,0.009494495425075546,0.0259282756596803,0.0546146854758262,0.041627537459135,0.009038610383868249,0.04408566709607834,0.00876372116347356,0.0302211213856935,0.0567733943462371,0.04477102495729915,0.008095400407910399
1,rnn,layers_3,henon_1000,0.001,,32,4,1,64,5442,4.788884211848199e-06,1.993744409520077e-06,2.389032488281373e-06,8.328514013555832e-06,4.098637873539701e-06,1.166619881587394e-06,4.4254249360164975e-06,1.7666753934556713e-06,2.2256629108596826e-06,7.4790486905840226e-06,3.939093062399479e-06,1.0002760291172306e-06,0.0015938693890347698,0.00036681014505225674,0.0011637612478807,0.0022027518134564,0.00147463782923295,0.00024665723321959994,0.0015602203668094697,0.00034982672533162616,0.0011280144099146,0.0021445304155349,0.00149553897790605,0.00028036814182994993,0.9999733805656433,9.888056670573471e-06,0.9999525547027588,0.999986469745636,0.999975323677063,6.675720214899261e-06,0.9999747693538665,9.34109761023991e-06,0.9999552369117736,0.9999870657920836,0.9999771118164062,5.6922435759942935e-06,544.3,25.080071770232237,510,598,539.0,10.0,23.944,3.83615484567555,20.51,32.95,22.05,1.4499999999999993,0.00028490318261895,0.00017993237928370183,0.0001292688182729,0.0007507729693315,0.000234344312048,6.536860200870001e-05,0.00027222502103536,0.00015180332142419528,0.0001558993681101,0.0006531201652251,0.00021176514565005,5.323589721225001e-05,0.0003028229461051,0.0001812193663735465,0.0001587860606377,0.0007682818686589,0.00024506959744025,6.357063830365e-05
1,rnn,layers_3,henon_1000,0.001,,16,4,4,64,1442,0.00096136203501369,0.00022605199206834342,0.0005713274586014,0.0013291704235598,0.00100892691989425,0.00014527517487295,0.0009054187277797099,0.0002788666692014563,0.000551541976165,0.0015640745405107,0.00088172074174505,0.00010369039955550005,0.01918061040341849,0.002730140173687126,0.0144628379493951,0.0231933984905481,0.01919693872332565,0.002512843348085851,0.01902840360999104,0.002327732474547355,0.0153833944350481,0.0234700758010149,0.01851979456841945,0.0021279957145452014,0.9940601587295532,0.0014095430328634737,0.991733729839325,0.996446967124939,0.9938112199306488,0.0009286105632781982,0.9943391561508179,0.0017304474583386225,0.9902850389480592,0.9965521693229676,0.9945007860660552,0.0006254315376282293,2178.8,414.50037394434275,1587,3117,2061.0,163.0,84.51700000000001,13.285350616374414,62.71,106.99,83.69,9.525000000000006,0.06752812393009658,0.002292242453860906,0.0637765932828187,0.0713021721690893,0.0680125620216131,0.0015958234667778001,0.06770619153976436,0.0018265734982104032,0.0646300017833709,0.0702666863799095,0.06797499209642405,0.00131301954388615,0.07063807994127269,0.0014721405663200202,0.0682320669293403,0.0729499384760856,0.0707298889756202,0.0011072829365730494
1,rnn,layers_3,henon_1000,0.001,,16,4,2,64,1442,2.2041899956093403e-05,8.963740522212766e-06,1.083128427126212e-05,3.713363184942864e-05,1.9329872884554792e-05,7.896442639321325e-06,2.079703099298058e-05,9.227664903606205e-06,1.1262250154686626e-05,3.954062049160712e-05,1.6890858205442782e-05,5.532300747290719e-06,0.0032911507179960104,0.0006231202966121282,0.0024421685375273,0.0043313195928931,0.0032421090872958,0.00046831951476630014,0.0032510946970432503,0.0006430273873143374,0.0024531919043511,0.004420886747539,0.0031150273280217498,0.00036406132858245004,0.9998653054237365,5.539892328895494e-05,0.9997698664665222,0.999933123588562,0.9998825192451476,4.824995994578973e-05,0.9998725414276123,5.662376754795386e-05,0.9997531175613404,0.9999315142631532,0.9998967945575714,3.370642662059442e-05,1063.2,147.28733822022855,906,1412,1048.5,92.5,42.311,6.045091314446789,34.99,54.99,41.095,4.775000000000002,0.024507897896692107,0.009990665279358943,0.014637258183211,0.0487590115517377,0.0204891861416399,0.00446516354568305,0.024403586052358112,0.009345777764792163,0.0148481279611587,0.0471306890249252,0.02054512128233905,0.004057565703988051,0.02641092780977483,0.00972927045100055,0.0163369067013263,0.0499124303460121,0.02246737293899055,0.004458177834749201
1,rnn,layers_3,henon_1000,0.001,,32,4,2,64,5442,2.58916388702346e-05,6.86212011453546e-06,1.8055126929539256e-05,3.914604894816876e-05,2.603182838356588e-05,5.719518412661273e-06,2.4017213581828402e-05,6.303266541462759e-06,1.557771975058131e-05,3.4799293644027784e-05,2.433975623716833e-05,4.717930096376222e-06,0.00373851938638832,0.00042327458481955244,0.0030851967167109,0.0045593283139169,0.00382697675377125,0.00022865238133814984,0.00360946913715448,0.000407116198259064,0.0030234099831432,0.0043083452619612,0.003720749518834,0.0002165990881621998,0.9998454630374909,4.288351887245752e-05,0.9997588396072388,0.9998972415924072,0.9998418986797333,3.802776336675473e-05,0.999855101108551,3.962892254621499e-05,0.9997871518135072,0.9999090433120728,0.999852865934372,2.9385089874267578e-05,749.6,66.91367573224476,644,863,757.0,48.0,31.598000000000003,3.497784441614434,26.94,38.92,32.07,2.3549999999999986,0.012984521128237201,0.002076361312641348,0.0098451012745499,0.0156505387276411,0.01349096894264215,0.0017275978811085507,0.01331486999988552,0.002106242526092455,0.0099803069606423,0.0162645541131496,0.01359461247920985,0.0018349955789745001,0.01432131640613073,0.0023307682393320798,0.01085408590734,0.0178330820053815,0.01457337616011495,0.0019871853291988
1,rnn,layers_3,henon_1000,0.001,,16,8,1,64,1442,5.4904783155507175e-06,2.6738149834313794e-06,1.912562765937764e-06,1.2405079360178206e-05,5.0391311106068315e-06,8.040724424063228e-07,5.1579680530267066e-06,2.14416483636521e-06,2.163893441320397e-06,1.0787630344566423e-05,4.60686419501144e-06,6.523425781779224e-07,0.00171420722035686,0.0003768583734300757,0.0010684357257559,0.0025478496681898,0.0016925681848078502,0.00017523032147434992,0.0016902996576390501,0.00031096988060537066,0.00115267932415,0.0024178705643862,0.00163585052359845,0.00010973139433195008,0.9999680042266845,1.5945569321862322e-05,0.9999266266822816,0.9999885559082032,0.9999712407588959,6.765127182006836e-06,0.9999690175056457,1.3889974632936506e-05,0.9999324679374696,0.9999869465827942,0.9999724924564362,5.543231964111328e-06,745.0,81.91703119620486,616,869,731.5,69.0,38.283,4.675688291578043,30.94,44.78,37.675,3.679999999999996,0.0017634612756955402,0.0017139365460795658,0.0003212152296327,0.0055251549696549,0.00097803270036815,0.0003484554603347,0.00182707950880279,0.0018442760228481333,0.0003502214967738,0.0059785386547446,0.00099253130611025,0.00034842282184400006,0.00195404245168897,0.001978884799068588,0.0003764203283935,0.0064613963477313,0.0010424482170491999,0.00044472928857434995
1,rnn,layers_3,henon_1000,0.001,,16,8,2,64,1442,2.814796371239936e-05,1.1038077781660194e-05,1.6135631085489877e-05,5.258953387965448e-05,2.5364123757753987e-05,7.040383025014306e-06,2.707948651732295e-05,1.1599122778906706e-05,1.4117934370005967e-05,5.031918772147037e-05,2.4625025616842322e-05,8.135159077937715e-06,0.00362316062673922,0.0006213989767280128,0.0028669673483818,0.0044780308380723,0.0035061676753684497,0.0005013459594920497,0.00368930299300696,0.0007952557164996047,0.0026874339673668,0.0048704920336604,0.0036160486051812,0.0007518089842050999,0.9998332858085632,6.831070921090862e-05,0.9996747970581056,0.9999004602432252,0.999847412109375,4.634261131292172e-05,0.9998364984989166,7.276756814957588e-05,0.9996857047080994,0.999912977218628,0.999857485294342,4.214048385614566e-05,1153.9,178.56116599081673,841,1428,1153.5,120.5,58.48900000000001,9.28735209841858,42.82,73.25,58.685,7.805,0.02424824095331127,0.00928650365937317,0.0154894048348069,0.0473117023706436,0.0195396299939602,0.0030569206923246007,0.023764921631663993,0.008715292628802548,0.0144446482881903,0.0451791323721408,0.01910044532269235,0.003049483988434098,0.026213641650974707,0.009207207639174776,0.0158128961920738,0.0479920804500579,0.021987039595842348,0.00417038053274155
1,rnn,layers_3,henon_1000,0.001,,16,8,4,64,1442,0.02139196768403049,0.009473539586234725,0.0125208273530006,0.0395100302994251,0.01741073653101915,0.003624596167355749,0.01658142472151661,0.010469401167310882,0.0037569475825875,0.0368755161762237,0.0138635952025651,0.0071870081592350496,0.08767648413777347,0.029141366713392458,0.0512477234005928,0.1401324570178985,0.0767175480723381,0.016177281737327597,0.07911480665206905,0.031808992444812424,0.0346723459661006,0.1298641115427017,0.0719676353037357,0.023131323978304905,0.8664707839488983,0.06238352022297927,0.7446279525756836,0.9244382381439208,0.8966127038002014,0.023431807756423895,0.891163682937622,0.07113847237162682,0.7563791871070862,0.9763327240943908,0.9112688601016998,0.04671397805213917,2113.1,640.7635211214821,1420,3276,1933.5,506.5,106.373,33.12811647226567,72.27,169.69,95.17,22.480000000000004,0.06713330280035727,0.0021697650343525314,0.0623682413250207,0.0702040776610374,0.0675430200994014,0.0014415783807635515,0.06768518760800354,0.0017094372198910523,0.0638675466179847,0.0703529715538024,0.06800998374819756,0.0008566901087760995,0.07128489613533018,0.0013847811492000647,0.0683550462126731,0.0738948583602905,0.07127899676561356,0.0006905198097228935
1,rnn,layers_3,henon_1000,0.001,,16,16,1,64,1442,5.429641964838083e-06,2.5512530215663573e-06,2.2576195988222025e-06,1.230751513503492e-05,4.961460717822774e-06,1.0386941085016588e-06,5.0917860789923e-06,2.3357831248889826e-06,2.2911629002919653e-06,1.1531722520885523e-05,4.656006012737635e-06,6.822324394306634e-07,0.00171676825266326,0.00039799575736119833,0.0011285449145361,0.0027742336969822,0.0016737196128815,0.00012180558405815005,0.001669740921352,0.0003712704465473448,0.001167579786852,0.0026836125180125,0.0015951095847412501,8.703756611789983e-05,0.9999679148197174,1.4989899815720022e-05,0.99992698431015,0.9999864101409912,0.9999714195728302,5.006790161077301e-06,0.9999696850776673,1.382848825786888e-05,0.999931275844574,0.9999860525131226,0.9999728500843048,3.635883331187806e-06,719.9,74.92723136483825,611,827,706.0,53.0,53.635000000000005,5.5599464925482875,46.96,61.52,52.955,5.154999999999998,0.00189084871904921,0.001960787582342883,0.0003903723321855,0.0068997534457594,0.0010252756765112001,0.00026314495189579996,0.00193594306765585,0.0020138774557260284,0.0003541161131579,0.0071254628710448,0.0010216613882221,0.00023588747717439998,0.0020642488758312,0.002159913994414686,0.0003814621304627,0.0076401927508413,0.0010719965212046502,0.00032124554854820003
1,rnn,layers_3,henon_1000,0.001,,8,8,4,64,402,0.02140293823322275,0.014231450063732744,0.0008338832994922,0.0509514138102531,0.02078913990408175,0.008520658593624799,0.015231132064945951,0.01159483290519318,0.0009734099730849,0.0423927269876003,0.0142515487968921,0.006918967003002749,0.09182040318846699,0.04298438160410403,0.0199225470423698,0.1781870573759079,0.09400976821780199,0.02705369517207145,0.07993099447339769,0.03856760575344022,0.0202907789498567,0.1590747833251953,0.07914030924439425,0.02470052242279055,0.8602859914302826,0.09834355594349557,0.6443215608596802,0.994832158088684,0.8696659505367279,0.06282860040664673,0.8964262187480927,0.08433504756986192,0.6908122301101685,0.99389910697937,0.9071454703807831,0.047457814216613714,3662.8,1355.0833037123587,1817,6917,3470.0,669.0,179.622,64.21869164036278,85.51,317.3,167.78,37.97500000000001,0.07034964513033623,0.0026394952457985876,0.067240035533905,0.0770924121141433,0.0700757903978228,0.0013052832335233508,0.07048926651477808,0.0024156913156911635,0.0682438760995864,0.0766982361674308,0.0695227868854999,0.0007281117141247004,0.07289823889732355,0.00199261844005401,0.0705993846058845,0.0780574083328247,0.07245252653956405,0.0011587664484977445
1,rnn,layers_3,henon_1000,0.001,,32,16,1,64,5442,5.5698174264762205e-06,1.7584392188304941e-06,3.1591418974130647e-06,8.743822945689317e-06,5.304817250362248e-06,1.4464526429947e-06,5.427300675364677e-06,1.5843296655543195e-06,2.9203417852841085e-06,8.088624781521503e-06,5.294914444675669e-06,1.262053842765454e-06,0.00176471018930893,0.0002771188974375544,0.0013478146865963,0.0022929680999368,0.001767608046066,0.00022595014888795008,0.00174434710061172,0.0002538867710644164,0.0013263497967272,0.0022003462072461,0.0017572029610164,0.00018164201173930005,0.9999670386314392,1.0793741251810871e-05,0.999948501586914,0.9999812841415404,0.9999693632125854,8.64267349237613e-06,0.9999679803848267,9.562219922285404e-06,0.9999528527259828,0.9999821186065674,0.9999696910381317,7.390975952203949e-06,564.6,30.669854906732116,522,626,553.5,7.5,55.534000000000006,18.4159632927523,42.23,107.16,48.115,1.7800000000000011,0.00034448621081531,0.00014750129869877074,0.0001620156472199,0.0007125322445062,0.00028852965406255,6.265284609985e-05,0.00034239628294013,0.0001428899888951175,0.000172227184521,0.0006629112758673,0.00027815543580795004,5.28827076778e-05,0.00038487064739451,0.00016319716265057374,0.0001864336809376,0.0007433045539073,0.00031292276980815004,6.571630365215e-05
1,rnn,layers_3,henon_1000,0.001,,32,8,4,64,5442,0.02057961840182538,0.0055519904184115065,0.0140260281041264,0.0314478762447834,0.0202325396239757,0.00478154374286535,0.014264380838721941,0.004705350725217606,0.0090145785361528,0.0213929396122694,0.01226346800103775,0.0030771489255129996,0.08037138730287548,0.01674511422497266,0.0628381520509719,0.1097030267119407,0.07407636195421215,0.010628819465637249,0.06975582540035243,0.01551170378295904,0.0506237260997295,0.096106618642807,0.06083011068403715,0.007217647507786751,0.8727243840694427,0.03633027996729225,0.8016123175621033,0.9135114550590516,0.8789098560810089,0.03178808093070984,0.9081085681915283,0.031064341793524783,0.8627605438232422,0.9423311352729796,0.9223493039608002,0.019213914871215765,1892.7,1131.5482358255877,815,4770,1385.5,176.5,105.748,60.308082343911416,45.43,259.87,78.8,10.075000000000003,0.06503069724887604,0.0011499190275155188,0.063105633482337,0.0667798973619937,0.06519861612468955,0.000904060341417802,0.0656670436263084,0.0013552337193586893,0.0631415247917175,0.0683051198720932,0.06566320359706876,0.0007614009082317005,0.06998831853270529,0.0009847524141668278,0.0682191103696823,0.0719207301735878,0.06988293305039406,0.0005080550909042497
1,rnn,layers_3,henon_1000,0.001,,32,8,2,64,5442,2.7611890800471883e-05,5.667328050124589e-06,2.139149364666082e-05,4.023480505566113e-05,2.5514568733342458e-05,3.5016346373595297e-06,2.4146113901224453e-05,4.386205098288843e-06,1.6866519217728637e-05,3.285253478679806e-05,2.355127980990801e-05,2.8489776013884693e-06,0.0036414041416719,0.00035516113505586834,0.0031897504813969,0.0042428830638527,0.00350552448071535,0.00023383705411105004,0.00354745776858175,0.00034040771639584644,0.0029470445588231,0.004031385295093,0.0035751574905588503,0.0003018554998562,0.9998385965824127,3.3459824804047015e-05,0.9997674226760864,0.9998769164085388,0.9998473525047302,2.2262334823552887e-05,0.9998575329780579,2.3923849148032428e-05,0.9998171329498292,0.9998974204063416,0.9998584985733032,1.8060207366887848e-05,874.3,93.32314825379608,754,1046,865.5,78.0,52.521,8.47582261494423,41.26,71.43,51.54,5.879999999999999,0.01217546784784641,0.001944835743605026,0.0087418006267398,0.0163002219051122,0.01171990029979495,0.0010465153725818,0.01256783474236722,0.0018119482342190954,0.0093919830396771,0.0154898259788751,0.0122839026153087,0.0012127431109547502,0.01338973557576532,0.0019615314300461444,0.0100261243060231,0.017094088718295,0.012789453379809801,0.0013104900717735507
1,rnn,layers_3,henon_1000,0.001,,32,8,1,64,5442,5.9063641174361695e-06,1.646308775066716e-06,3.161859922329313e-06,9.559508725942578e-06,5.847489546795259e-06,9.696389042801457e-07,5.5156636335595975e-06,1.4537055697493037e-06,2.8349381864245515e-06,8.351857104571536e-06,5.602009650829132e-06,8.548224741389276e-07,0.0018272861023433,0.0002555183893144811,0.0013990063453093,0.0023370888084173,0.00185964728007085,0.00013296131510284997,0.0017711099586449203,0.00022982978709629794,0.0013313920935615,0.0020926443394273,0.00182558113010595,0.00015428656479345008,0.9999652624130249,1.0606873883758528e-05,0.9999420642852784,0.9999828934669496,0.9999657273292542,6.347894668634613e-06,0.999967223405838,9.210275500525852e-06,0.9999490976333618,0.999984622001648,0.9999668002128601,5.304813384898743e-06,562.5,29.36749904230866,510,613,561.5,18.0,31.237000000000002,1.8225698889205866,28.35,34.85,30.775,1.0350000000000001,0.0003039005765458,0.00011725898313810351,0.000155636560521,0.0005068319616839,0.00026129277102875,4.66415658593e-05,0.00028745713352685995,0.0001060371688494755,0.0001630717015359,0.000458541966509,0.00024928546918085,4.823871859120001e-05,0.00031897232111072996,0.00012109797763182472,0.000174833665369,0.0005268827080726,0.00026752210396805,4.1026258259100015e-05
1,rnn,layers_3,henon_1000,0.001,,32,4,4,64,5442,0.00033814645721573,0.00014252910681638456,0.0001793032424757,0.0005964178126305,0.00027714077441485,6.862056034155e-05,0.00032612553623034,0.00018147618234786526,0.0001647925091674,0.0006735309725627,0.00025174718030025,6.832149665570002e-05,0.01155378231778734,0.002463866415432793,0.0093874791637063,0.0160620287060737,0.01022084895521395,0.0007909862324595009,0.01169151253998274,0.002596563825384837,0.0094096502289175,0.0170556120574474,0.010391034651547601,0.0008654687553644007,0.9979253292083741,0.0008845382441890861,0.9963165521621704,0.9988937973976136,0.9983065724372864,0.0004368126392365057,0.9979777038097382,0.0011398865083922004,0.9957802891731262,0.998972713947296,0.998441755771637,0.00044539570808405093,1635.1,196.47414588184373,1276,1942,1666.5,166.5,68.51299999999999,10.66336443154786,51.93,91.09,68.78,6.765000000000001,0.06637980073690411,0.0012861664703447146,0.0632674857974052,0.0677995435893535,0.0669049814343452,0.0005991885438561481,0.06609822884202,0.001306128447256168,0.0634287074208259,0.0683031305670738,0.0661476776003837,0.000857483595609651,0.06912011206150052,0.0011209195012530635,0.0669376105070114,0.0708646178245544,0.06914981827139849,0.0008262619376182487
1,rnn,layers_3,henon_1000,0.001,,16,16,2,64,1442,2.549587679823162e-05,9.247247285001927e-06,1.3004458196519408e-05,4.133165202802047e-05,2.551895522628911e-05,7.163504960772116e-06,2.152507568098372e-05,6.402982122405745e-06,1.3001112165511586e-05,3.254695548093878e-05,2.001227949222084e-05,5.811722076032307e-06,0.00350178321823472,0.0005859113826351013,0.0026331294793635,0.0042419582605361,0.0035229554632678,0.0005584639729932,0.00341451137792314,0.00047228968599454354,0.0027358673978596,0.0040872148238122,0.0033903921721503,0.0004352271789685,0.9998452067375183,5.706646557619078e-05,0.9997454285621644,0.999921441078186,0.9998470842838287,4.4405460357610504e-05,0.9998686671257019,4.0414711272666866e-05,0.9997974634170532,0.9999202489852904,0.9998781979084016,3.391504287725278e-05,1143.9,118.83976607179939,946,1344,1137.5,92.0,88.96300000000001,12.659403658940654,70.75,113.75,86.065,6.925000000000004,0.025417553409934002,0.008366201566159573,0.0145091688260436,0.0421178821474313,0.02441875217482445,0.0050018461421132004,0.025384884420782287,0.007722621077487272,0.0147082461044192,0.0411860309541225,0.024423005990683998,0.0047268159687519,0.02810837142169471,0.008396395340745025,0.0157839301973581,0.0434025563299655,0.027287160046398598,0.007121250033378598
1,rnn,layers_3,henon_1000,0.001,,16,16,4,64,1442,0.06339117027819152,0.010614447494756936,0.0334011130034923,0.0746201127767562,0.0648305974900722,0.0016633495688438485,0.05815815217792982,0.00937076041430776,0.0312772803008556,0.0654727220535278,0.0614146087318658,0.0022929012775421004,0.20484955906867977,0.023126890452607907,0.1366398483514785,0.2199501097202301,0.21056985110044474,0.003565654158592238,0.1979740351438522,0.023315575169970217,0.1305364519357681,0.2158613353967666,0.2026456147432327,0.006861321628093692,0.4666275054216385,0.10800712392798542,0.3491158187389374,0.7747955918312073,0.44739143550395966,0.01565821468830106,0.5157074064016343,0.09664811638698725,0.4250935316085815,0.7845978736877441,0.4866928309202194,0.034059897065162714,823.8,678.5364839122507,400,2496,456.5,28.5,64.63900000000001,50.062075556253156,30.29,186.88,36.605,5.529999999999998,0.06734874479472633,0.002113263040735916,0.0627236317843198,0.0698259018361568,0.0679399000480771,0.0013838924467564004,0.06741721555590621,0.0013807176289139076,0.0643231719732284,0.069528542459011,0.067445121705532,0.0008799172937870026,0.06891079694032665,0.0012177658232317985,0.0663047060370445,0.0707261487841606,0.06931706145405765,0.0006880164146422993
1,rnn,layers_3,henon_1000,0.001,,16,4,1,64,1442,5.340442021406488e-06,2.5247884426269413e-06,2.0754603156092344e-06,9.496922757534776e-06,5.2164184580760775e-06,2.2055056660974515e-06,5.183657412999309e-06,2.35044362739545e-06,2.1042908429080853e-06,8.94442382559646e-06,5.0800713324861135e-06,2.2844576506031444e-06,0.0017273898818529702,0.0004329122921329316,0.0011206237832084,0.0023904396221041,0.0017631210503168,0.00039722077781334996,0.0017222881200722802,0.0004232233173557003,0.0011215530103072,0.0023623283486813,0.0017846268601715,0.0003857986303046001,0.9999678671360016,1.5400494202632717e-05,0.999941349029541,0.999988853931427,0.9999687373638153,1.3619661331176758e-05,0.9999682307243347,1.4748458448701153e-05,0.9999438524246216,0.9999879002571106,0.9999691843986511,1.4156103134210785e-05,719.2,80.00224996836027,622,892,710.5,59.5,28.440999999999995,3.9396508728566295,23.56,35.81,27.535,2.780000000000001,0.00147438034400687,0.0013447587906868196,0.0002981509300298,0.0046168685192242,0.00075339103932485,0.00028724882577080003,0.00143321982468474,0.0012860914828087386,0.0002754060551524,0.0044044842943549,0.0007808584196027,0.0002725118829403,0.0015891527727944302,0.0014358914386234597,0.0003008465573657,0.0048302146606147,0.0008165771432686001,0.0003237755445298
1,rnn,layers_3,henon_1000,0.001,,8,8,2,64,402,4.3970475417145275e-05,3.3026108510248135e-05,1.1286392691545188e-05,0.0001333223481196,3.507342808006797e-05,1.4517907402478158e-05,4.24288801696067e-05,2.821916356089371e-05,1.0428204404888676e-05,0.0001139670712291,3.670889236673247e-05,1.3675980881089348e-05,0.004287751996889651,0.0013116247967625838,0.0025206711143255,0.0073212548159062,0.0042687113163992,0.00066547992173585,0.00436347578652198,0.0012640076367740746,0.0024465853348374,0.0070204809308052,0.0043836056720465005,0.0007067902479320502,0.9997355878353119,0.0001902525089721548,0.9992282390594482,0.9999321103096008,0.9997860193252563,8.547306060791016e-05,0.9997378468513489,0.00017338642795152243,0.9993016123771667,0.9999374151229858,0.9997714459896088,8.600950241088867e-05,1731.5,254.01112180375094,1253,2097,1756.0,165.5,84.26700000000001,12.55605754207904,61.28,102.99,83.775,7.590000000000003,0.041292391009628726,0.010186772369308627,0.0221132395789027,0.0561623241752386,0.041638183500617695,0.008289591874927255,0.03982882257550951,0.009539389615562789,0.0220110528171062,0.0523012578487396,0.039798837155103656,0.0085742557421327,0.04320985507220026,0.00965744198821259,0.0251208338886499,0.0552218072116375,0.04345148429274555,0.00946423783898355
1,rnn,layers_3,henon_1000,0.001,,8,4,4,64,402,0.0031372424098662496,0.0022992073613651155,0.0011279399041086,0.0094608450308442,0.0021994842682033,0.0009281919919885501,0.00252049160189921,0.0011819947701306732,0.0010130422888323,0.0052909422665834,0.00234751170501105,0.0006249638390727,0.03489559330046173,0.008687654300382881,0.0241367295384407,0.055055771023035,0.03301551751792425,0.005844104103744051,0.03364119306206697,0.0068499344586483045,0.0233916155993938,0.0459824204444885,0.03296459279954425,0.00555185880512,0.9803371131420135,0.014715858661792801,0.9396597146987916,0.9929949045181274,0.9862625896930695,0.0058659315109252375,0.9840791702270508,0.007547632442394779,0.9663519859313964,0.993636667728424,0.9851933717727661,0.003975301980972179,4763.7,1208.2700898391881,3133,7596,4763.0,659.5,175.352,40.27278281916957,115.14,274.96,171.03,12.02000000000001,0.07079524397850032,0.002569566699228371,0.0689175393432378,0.0781998947262763,0.07010797876864669,0.0008220728486776074,0.07045942991971962,0.0025254913919189903,0.0684006586670875,0.0775841921567916,0.06969960033893585,0.0008351206779480536,0.07272829487919803,0.0021101389076477843,0.0708607211709022,0.0787377208471298,0.0722187794744968,0.0006826892495155473
1,rnn,layers_3,henon_1000,0.001,,32,16,2,64,5442,2.863037971110316e-05,3.996518189123619e-06,1.9957540644099936e-05,3.469422517810017e-05,2.9144743166398257e-05,2.4491791918990202e-06,2.453649703966221e-05,3.581337811400435e-06,1.922475530591328e-05,3.052935426239856e-05,2.402706195425708e-05,2.723748366406653e-06,0.0036846871487795896,0.00041134820440305765,0.0030852346681058,0.0043443110771477,0.0036505933385342,0.0003850341308861997,0.00357715808786446,0.00038496060107565344,0.0030216448940336,0.004289302509278,0.00365898001473395,0.0003474082332104501,0.9998313367366791,2.4346130599246445e-05,0.9997950792312622,0.9998785257339478,0.9998236000537872,1.2278556823730469e-05,0.999854564666748,2.1389681333677212e-05,0.9998244643211364,0.9998905062675476,0.9998571574687958,1.6808509826604645e-05,830.0,95.32575727472612,716,1042,806.0,45.5,76.919,18.838753382323368,62.3,128.05,70.985,7.200000000000003,0.01309676625300194,0.0019873396256255412,0.0085293899755924,0.016017978079617,0.0133370939176529,0.0012031729798764003,0.01378560774028297,0.0020312196763900524,0.0091868573799729,0.0168167725205421,0.014168702065944599,0.0012172190472484008,0.014522401988506281,0.0020946828126582645,0.0097406329587101,0.0174507442861795,0.0147773642092943,0.0014718668535351502
1,rnn,layers_3,henon_1000,0.001,,8,8,1,64,402,5.1003388080062e-06,2.034837023308656e-06,2.155673428205773e-06,8.735935807635542e-06,4.698653810919495e-06,1.4073960983296274e-06,4.795692689185671e-06,1.739034239052728e-06,2.467053263899288e-06,7.757799721730407e-06,4.67577183371759e-06,1.609496848686831e-06,0.0016462511732242603,0.0003258749217270275,0.0011240133317187,0.0021809104364365,0.0016211246256716,0.0002800192451104501,0.00160553158493707,0.0002968515287089462,0.0011775612365454,0.0020333840511739,0.0016488736728206,0.0002936198143288001,0.9999691724777222,1.2368841312511594e-05,0.9999461770057678,0.9999866485595704,0.999971479177475,8.881092071588714e-06,0.9999707400798797,1.058177862789272e-05,0.9999516010284424,0.9999849200248718,0.999970942735672,9.745359420776367e-06,1240.5,213.76728000327833,908,1655,1217.5,140.5,60.30999999999999,10.383065058064501,44.17,79.95,59.035,7.425000000000004,0.00712959667434912,0.005738249376218241,0.0014550640597008,0.0200237089768052,0.00482667998876415,0.0022152081422973,0.00702884909696871,0.005505094169311097,0.0014440559316426,0.0190177094191312,0.0050289311911910495,0.0024170379620045493,0.007571327406913001,0.006053097565524378,0.0014706118963658,0.0208031758666038,0.0053022503852843995,0.0025156220654025995
1,rnn,layers_3,henon_1000,0.001,,32,16,4,64,5442,0.06818646788597102,0.0025114328509284354,0.0640152692794799,0.0712862312793731,0.06824843212962145,0.0023619905114173542,0.062396197021007495,0.001829962987019676,0.0600469373166561,0.066526211798191,0.06174659729003905,0.00081972777843475,0.21407292187213894,0.00448661374071484,0.205536350607872,0.2191265970468521,0.21519596874713895,0.0020183548331260542,0.20565381646156305,0.0029957488991083025,0.2007185220718383,0.2107909470796585,0.20501725375652308,0.0017728284001350542,0.4115162491798401,0.03188425392312365,0.3683276176452636,0.4759855270385742,0.41590614616870875,0.019909605383873014,0.47364890277385713,0.024758686038880377,0.4235894978046417,0.510974645614624,0.4829196333885193,0.014443427324295044,1143.2,272.4165193228927,621,1560,1148.5,207.0,100.86600000000001,21.305440713583,54.32,133.96,98.26,16.28,0.06409397851675745,0.0031403248782474716,0.056971363723278,0.0692117590457201,0.06434648316353556,0.0017164325341582493,0.06600731909275052,0.00152780984478031,0.0640785321593284,0.0689930990338325,0.06571118906140325,0.0010964907705783983,0.06852959468960756,0.001311767275444586,0.0663916170597076,0.0706587508320808,0.06829086318612096,0.0008516311645507466
1,rnn,layers_3,henon_1000,0.001,,8,4,2,64,402,7.108151021383134e-05,9.155564104363194e-05,1.8072110833600163e-05,0.0003249827132094,3.203841333743185e-05,1.0126937922905196e-05,6.52744496619477e-05,7.758114894850506e-05,1.7318676327704452e-05,0.0002802165690809,3.311104683234589e-05,1.0483247933734674e-05,0.00508097482379523,0.002248219230779437,0.0033112671226263,0.0105879865586757,0.0042013460770249,0.0008002718677744003,0.005048163142055241,0.002091151353811678,0.0032795998267829,0.0102156465873122,0.0042897167149931,0.0007591877365485003,0.9995617270469666,0.0005678715802579428,0.9979842901229858,0.9998910427093506,0.9998055398464203,6.05285167695202e-05,0.9995935618877411,0.00048682484648549163,0.9982437491416932,0.9998940229415894,0.9997987747192383,6.562471389770508e-05,1789.7,307.13809597638647,1332,2329,1823.0,278.0,69.641,12.54563944165462,50.29,85.64,71.325,11.340000000000003,0.04145306687802071,0.008430435345495521,0.0297537086531519,0.0542358137667179,0.040606077015399894,0.008399643097072852,0.04019935335963958,0.007855257649727809,0.0297291744500398,0.0511381067335605,0.039869774132966954,0.008455222472548502,0.042506294324994046,0.008299179033889503,0.0316226966679096,0.0542638301849365,0.0423106253147125,0.00926842913031575
1,rnn,layers_3,henon_1000,0.001,,8,4,1,64,402,5.436228184407809e-06,3.0202835427936914e-06,2.3598242933076108e-06,1.2822673852497246e-05,4.994150913262274e-06,1.9929324253098457e-06,5.151033201400424e-06,2.8091656526701895e-06,2.2752963104721857e-06,1.1777438885474112e-05,4.840321480514831e-06,2.064399382106785e-06,0.00168992334511127,0.00041773928721237593,0.0011650249361991,0.0025320029817521,0.00170728657394645,0.0003243744722567501,0.0016601398936472197,0.0004212982655641885,0.0011070959735661,0.0024471960496157,0.0017167273908853002,0.0003601290518418001,0.9999665915966034,1.8727989008944462e-05,0.9999209642410278,0.9999856352806092,0.9999693334102631,1.2576580047607422e-05,0.9999680101871491,1.7466216446480647e-05,0.99992698431015,0.9999858736991882,0.9999697506427765,1.3351440429631989e-05,1290.0,179.91497992107273,988,1505,1324.5,157.0,49.065000000000005,8.16925241377692,37.23,64.43,49.535,6.170000000000002,0.007908213258488039,0.005607455063292374,0.0025536903529427,0.0167782437987625,0.00535069222096345,0.0024885337217710997,0.00759611150715495,0.00545883173405096,0.0023497026413679,0.0161448307335376,0.0049624119419604,0.00239506899379195,0.00832210008520628,0.006017458935967928,0.002608273178339,0.0177203770726919,0.0053705899044871,0.0024507291382178994
1,rnn,layers_3,lorenz_1000,0.001,,8,4,1,64,419,2.947643861261895e-06,9.495991993054858e-07,1.3179118241168908e-06,4.465550773602445e-06,2.971274852825445e-06,4.579831056616972e-07,3.108008479557611e-06,1.0184655605190883e-06,1.3880689948564395e-06,4.533837000053609e-06,3.0540161333192373e-06,7.457636002072832e-07,0.0013043548853601899,0.000219460923761784,0.0009012168156914,0.0015744260745123,0.0013481322675943002,0.00011725228978325,0.0013302219507749802,0.00023333591951435047,0.0008757005562074,0.001610639039427,0.0013867761008441002,0.00017892313189804999,0.999970531463623,9.059286410132867e-06,0.9999572038650512,0.9999858140945436,0.999970555305481,3.2484531403143002e-06,0.9999690175056457,9.455739159118719e-06,0.9999538064002992,0.9999855756759644,0.9999688863754272,5.9604644775390625e-06,1127.9,125.7365897422067,915,1276,1149.5,121.0,42.097,4.862814102965483,33.48,48.62,42.71,4.344999999999999,0.0013841512519865797,0.0009726251766480228,0.0003596498718252,0.0030070376349613,0.0010480615412234,0.0006083046362619,0.00167532238992859,0.0013006567111023565,0.000362267717719,0.0038765268400311,0.001186165085528,0.0007314249523915499,0.00137510048516555,0.0009651477954762661,0.0003873449168168,0.0028774100355803,0.00107250825385555,0.0006634641467826001
1,rnn,layers_3,lorenz_1000,0.001,,32,4,13,64,5507,0.00016040201517165,3.198405001045707e-05,0.000104408354673,0.0001983410329557,0.00016969488933675,2.3763743229250018e-05,0.00016553985042260002,4.048690208913763e-05,0.0001057219706126,0.0002335229510208,0.00016936285101105,2.7798865630750003e-05,0.008830590406432689,0.0007519654855880705,0.007437587250024,0.0097172707319259,0.009159787092357801,0.00031743664294485007,0.00916927061043675,0.0010142507654962503,0.0074460702016949,0.0105867097154259,0.0093078641220927,0.0007382789626717498,0.9983020484447479,0.00033408827320654036,0.9978798031806946,0.9988921284675598,0.9981916546821594,0.00021287798881530762,0.9982576906681061,0.00041901100353267817,0.9975453019142152,0.9988788366317748,0.9982174932956696,0.0002792179584504284,735.4,102.32028146951122,576,902,695.0,86.0,29.814999999999998,4.3654490032527,23.19,37.51,28.105,3.5700000000000003,0.028410879746079386,0.006032170768863299,0.0196810869500041,0.0359071936458349,0.02691610632464285,0.005635097064077849,0.03313010316342112,0.008812456798296998,0.0163262467831373,0.0447857342660427,0.03120546415448185,0.006196539849042899,0.030657641030847983,0.007715616103796394,0.0163733959197998,0.0393408052623271,0.032330652698874404,0.006188904866576198
1,rnn,layers_3,lorenz_1000,0.001,,8,4,13,64,419,0.00041485331894359004,0.00023263303821656418,0.0002251155674457,0.0008656265563331,0.00028512017161115,5.741893255620001e-05,0.00045211753604231994,0.000253229126933311,0.0002246973890578,0.0009851640788838,0.00031581903749610004,6.759103416700004e-05,0.014423271548002908,0.003771758351287076,0.0106251733377575,0.0219680275768041,0.012481919024139601,0.001390854828059701,0.015155344828963219,0.0038576792133854136,0.0110502829775214,0.0231800526380538,0.0133115220814943,0.0017606997862458498,0.9955916106700897,0.0025023856225648592,0.9906510710716248,0.9975780844688416,0.9969938397407532,0.0005657076835631769,0.9952085852622986,0.0026989178131337655,0.9895500540733336,0.9976016879081726,0.9966689944267272,0.0006918013095857378,1863.4,369.0745724105089,1330,2391,1800.5,373.5,69.172,13.775157930129149,50.31,90.76,67.02,13.535,0.037489069011062325,0.0010871895720083683,0.0352041669189929,0.038974162004888,0.037594481371343094,0.0006410941481590042,0.04451953284442419,0.0016215183408086328,0.0422759763896465,0.0477315634489059,0.04425258934497825,0.0012828726321459025,0.03957410715520377,0.0006515741991608354,0.038356926292181,0.040464773774147,0.03961388953030105,0.00045083835721019747
1,rnn,layers_3,lorenz_1000,0.001,,8,4,25,64,419,0.010860852617770377,0.0018611775111964106,0.008295121602714,0.0142993303015828,0.01042843377217645,0.0011057001538575,0.012279528286308,0.0021724310269940514,0.0085456734523177,0.0156863648444414,0.0122587517835199,0.0009390525519847497,0.0668381698429584,0.008018894905283349,0.0579169765114784,0.0822900235652923,0.06675523519515986,0.006107289344072307,0.07356095314025875,0.009112137820851138,0.0606199689209461,0.0901648104190826,0.07263761386275286,0.004291411489248255,0.8802584528923034,0.020839180735047935,0.8445813059806824,0.9094026684761048,0.8866895139217377,0.013902425765991155,0.8605028212070465,0.026517537415755448,0.8167328238487244,0.9057446122169496,0.8605605959892273,0.013122588396072388,2665.1,591.2205087782392,1987,3838,2523.0,510.5,98.269,21.53257878192949,72.55,140.25,94.75999999999999,18.5,0.039190399004146406,0.0020910911640193647,0.0356547216884791,0.04350456148386,0.0388497939333319,0.0016234859824180992,0.0476415246725082,0.0018942718871118346,0.0437163300812244,0.0504248850047588,0.047569815069437,0.0011361185461283008,0.04311644844710822,0.0018651287755571712,0.0405819453299045,0.0468599535524845,0.0431490279734134,0.001500934362411499
1,rnn,layers_3,lorenz_1000,0.001,,8,8,1,64,419,2.7222281119065882e-06,9.66064871330052e-07,1.1177825172126177e-06,4.095203166798456e-06,3.0464066185231786e-06,7.945035349621321e-07,2.9924311434115224e-06,1.0402331544319368e-06,1.157880092250707e-06,4.295492544770241e-06,3.34991671024909e-06,8.376815685551264e-07,0.00127102342084976,0.0002463090019737453,0.0008109070477075,0.0015577806625515,0.00134992966195565,0.00018425128655510004,0.0013215405866503398,0.00025428032987402985,0.000831086654216,0.0016042076749727,0.0014042038819752,0.00019215652719144997,0.9999715387821198,1.0488563137966175e-05,0.9999558329582214,0.9999879002571106,0.9999675452709198,8.046627044677734e-06,0.9999691724777222,1.0982980286399673e-05,0.999954104423523,0.999987542629242,0.9999648034572601,8.791685104370117e-06,1127.6,119.93765046889988,968,1398,1117.0,89.0,54.801,5.711431431786604,46.38,67.6,53.955,3.3249999999999993,0.00112248964142049,0.0005686347033310674,0.0003315754423965,0.0019028692157007,0.0010394015553174501,0.0005675898573827001,0.00122299547365396,0.0006379100187140475,0.0003333871427457,0.0020928108133375,0.00114189268788315,0.0006299119559116499,0.0011264729691901798,0.0005906479021256711,0.0002966377942357,0.0020249516237527,0.0010277859983033998,0.0005755227757618001
1,rnn,layers_3,lorenz_1000,0.001,,8,8,13,64,419,0.00058557609154372,0.00021890900717482233,0.0002950836496893,0.0009210864664055,0.00048767635598775,0.00014793922309765,0.00062424362695305,0.00022963748139204492,0.0003457338898442,0.0010114152682945,0.0005411554157035,0.00016526380204595002,0.01774756377562876,0.0033993803294671042,0.0127982608973979,0.0231110714375972,0.0161963757127523,0.0022580125369132007,0.01832340648397798,0.00338945183445865,0.0139352679252624,0.0233630519360303,0.0175242824479937,0.0033441297709941994,0.9938164591789246,0.00232346933721225,0.9901953935623168,0.9968957304954528,0.9948124885559082,0.0016597211360930841,0.993461686372757,0.002399335167473181,0.9892455339431764,0.9963781237602234,0.9942842423915863,0.0016718804836272083,1224.9,208.94614138576478,878,1580,1181.0,182.0,61.18499999999999,11.904195268895753,46.18,83.98,57.44,7.995000000000001,0.035486291293054764,0.0017965467620679454,0.0329684600234031,0.0380552638322114,0.03491456452757115,0.0016158767975866517,0.04353634230792518,0.0022902781470014195,0.0380362905561924,0.0466843545436859,0.0438612196594476,0.0012284927070140492,0.03858016654849049,0.0012337664193083193,0.0359769091010093,0.0400846414268016,0.0387322902679443,0.0007616672664880995
1,rnn,layers_3,lorenz_1000,0.001,,8,8,25,64,419,0.011706806626170829,0.002753935687547555,0.0080776698887348,0.0186805501580238,0.011135209351778,0.0012678317725658495,0.01251220209524031,0.0021805724455136975,0.0092627080157399,0.0176683962345123,0.011951183434575751,0.0010266443714499508,0.07296276018023487,0.010773455389577004,0.0518261045217514,0.0946483463048935,0.0733919702470302,0.006119403988122947,0.07782181650400158,0.009616223261682615,0.0587193071842193,0.0953562408685684,0.07837549969553939,0.005890086293220499,0.8706015288829804,0.03373020215951316,0.7832350730895996,0.9109156727790833,0.8810713887214661,0.014017343521118164,0.8582992196083069,0.027389128424016196,0.7925341129302979,0.8955976366996765,0.8655154407024384,0.013056427240371704,1346.8,406.11520532971923,780,1943,1221.0,253.5,65.04299999999999,19.474896687787588,38.47,94.07,58.525,12.454999999999998,0.038127517197281066,0.0018271380007329912,0.0339365726336836,0.0399143233895301,0.03890231978148215,0.0005680844187736477,0.04721380621194836,0.0021220529965417746,0.0424932688474655,0.0508639626204967,0.04692413099110125,0.0007249098271131481,0.04348158687353129,0.0020872259691576927,0.0410636365413665,0.0472581461071968,0.04322684556245795,0.0014262571930884482
1,rnn,layers_3,lorenz_1000,0.001,,8,16,1,64,419,2.7450501647763305e-06,1.1439694742741447e-06,1.2449704627215397e-06,5.631997737509664e-06,2.557756488386076e-06,3.3483217976026936e-07,2.8748616500706703e-06,1.0993451837183128e-06,1.1619421229625004e-06,5.197045538807288e-06,2.663149530235387e-06,3.9624433156859595e-07,0.00123808006173925,0.00023566280769859058,0.0008956856327131,0.0017894804477691,0.00122082402231165,7.276498945429997e-05,0.00126080543850543,0.00023471082606467213,0.0008260295144282,0.0016983529785647,0.0012408740003593,7.765297777955003e-05,0.9999713897705078,1.2063367549172993e-05,0.9999407529830932,0.999987006187439,0.9999732375144958,3.69548797612973e-06,0.9999703109264374,1.1482628680776591e-05,0.9999447464942932,0.9999879002571106,0.9999722242355347,2.384185791071136e-06,1091.4,159.27724256779436,798,1361,1075.0,118.5,83.888,21.0606656115138,58.05,139.78,79.045,7.954999999999998,0.00119500998058352,0.0005995592867225613,0.0003644042037194,0.0020514456089586,0.0010975337150739,0.0006222613126738001,0.00137770040018946,0.0007642085482731603,0.0003226610424462,0.0025572483427822,0.0011623014579527,0.00079563249892095,0.0011852211464428801,0.0006473335340505901,0.0003135962761007,0.0021692106965929,0.001016930793412,0.0006715340568917
1,rnn,layers_3,lorenz_1000,0.001,,32,4,25,64,5507,0.008262040512636251,0.0008410951858230596,0.0066362293437123,0.0092737600207328,0.0085139400325715,0.0004113372415303993,0.00907534789293999,0.0009539409496854281,0.007156983949244,0.010343063622713,0.0091818142682313,0.0003751320764422998,0.052020300924777926,0.0027431797524554596,0.0464165955781936,0.0574411824345588,0.0526347048580646,0.0011599659919738527,0.0566192783415317,0.0032758414619652775,0.05091018602252,0.0634504482150077,0.056879404932260444,0.0009471159428357974,0.9099283218383789,0.009309091362211504,0.8999250531196594,0.9286509156227112,0.9078508019447328,0.007289826869964766,0.9000596582889557,0.011575443484940972,0.883499026298523,0.92317533493042,0.8990216553211212,0.004709690809249878,906.4,85.81048886936841,811,1103,873.0,30.5,36.836,3.4430864061187894,32.94,44.3,35.905,1.745000000000001,0.03524667943827803,0.0019893882233460074,0.0322505516931414,0.0383658703416585,0.03527819514274595,0.0017282592598348995,0.04442968703806397,0.002952198051394202,0.040056437253952,0.0496075339615345,0.04415600188076495,0.0021314546465873475,0.04092169478535649,0.0022606012222821078,0.0367614105343818,0.0445372425019741,0.04095198586583135,0.0017643850296736006
1,rnn,layers_3,lorenz_1000,0.001,,8,16,13,64,419,0.00174127277277871,0.0012881213218534431,0.0003990934055764,0.0048340442590415,0.0012558956514112,0.0004891355347354,0.00209811500681095,0.0017685865744916957,0.0004780746239703,0.0066655501723289,0.0014366820687428,0.00072164143784905,0.029915789607912264,0.01072051270706618,0.0153082041069865,0.0526902116835117,0.02735931333154435,0.0057458644732832995,0.03201069086790079,0.01224603328777792,0.0164601281285285,0.0585989020764827,0.0281845415011048,0.007822615094482899,0.9813480079174042,0.01405586762264545,0.9471288919448853,0.9957450032234192,0.986711710691452,0.005240082740783802,0.9774134814739227,0.01948998982881707,0.9264357686042786,0.9948902130126952,0.9846053421497344,0.007752597332000677,990.9,148.04083896006534,771,1236,1002.5,121.0,75.952,23.032741391332475,54.83,139.18,72.28,10.64,0.03640642228536302,0.0033137307519253948,0.0312367399223148,0.0411302343010902,0.03748995745554565,0.0017566809430718013,0.04278634078800673,0.002531782004611719,0.0380711890757083,0.0471562035381794,0.042406041175127,0.0019104685634373994,0.03897891789674755,0.0017143376787055102,0.0368492491543293,0.0430550463497638,0.0389883909374475,0.0011266320943832502
1,rnn,layers_3,lorenz_1000,0.001,,16,16,25,64,1475,0.00373550893273199,0.0012937743521328972,0.0023085314314812,0.0068512796424329,0.0030679109040647,0.0005251395050435998,0.00413531586527819,0.0012030291264455548,0.0026141465641558,0.0064570223912596,0.003627722733654,0.0005782939260826003,0.04311854206025596,0.0062335569022845426,0.036209087818861,0.0565333552658557,0.03990164026618,0.0026375483721494467,0.046859669685363745,0.006473997432598412,0.0389921814203262,0.0597914196550846,0.044147903099656105,0.0035704392939805984,0.9616701543331146,0.013764364831370609,0.9290752410888672,0.9756841659545898,0.9691175818443298,0.0052689909934997,0.9549704968929291,0.013144463352891034,0.9301732778549194,0.9710677266120912,0.9605990052223206,0.007837474346160778,821.7,88.01141971358035,665,940,840.5,54.0,58.291,4.624563655092229,48.18,64.21,58.254999999999995,3.8249999999999993,0.022480187306387518,0.0015175358306882686,0.0207239834384785,0.0259992194672425,0.0223325058403942,0.0010748062696722006,0.02423457000404591,0.0038305176028768165,0.0177547298371791,0.0302995946258306,0.0254090195521712,0.0028618695214390998,0.02399303913116451,0.0041573931063975875,0.0182850454002618,0.0299221314489841,0.0253500612452626,0.0041220569983124525
1,rnn,layers_3,lorenz_1000,0.001,,16,16,13,64,1475,0.00033427077578375,0.00013856843046311084,0.0002116976247634,0.0006936094723641,0.0002836458734236,3.6078447010399984e-05,0.00038326779322228003,0.00013621803856266209,0.0002593895478639,0.0007645857403986,0.00033293222077185,2.8595051844650012e-05,0.013398388586938332,0.0022160284748127864,0.0110386740416288,0.0191332772374153,0.012531403452157901,0.00041706580668690076,0.014248644560575438,0.0021397861874088635,0.0116322403773665,0.0199815481901168,0.013573860283941,0.0008625276386737503,0.9965047717094422,0.001479493222777618,0.9926831126213074,0.9977583289146424,0.9971355497837067,0.00034105777740478516,0.9960015952587128,0.0014511370761802588,0.991931974887848,0.9972344040870668,0.9965136349201202,0.00029852986335748843,744.3,59.602097278535425,658,847,750.5,50.0,56.588,4.0342330126059895,50.6,63.22,56.18,2.2950000000000017,0.027558669964782838,0.00476898499245006,0.0211061761248856,0.0366663975641131,0.0278046833351254,0.0037572305649519,0.03157902155071491,0.006212684781057986,0.0227535367012023,0.0417742505669593,0.0294415615499019,0.00418289192020895,0.030025039613246866,0.005596299086856163,0.0227358285337686,0.0384023487567901,0.029677262529730748,0.005917593836784349
1,rnn,layers_3,lorenz_1000,0.001,,16,16,1,64,1475,2.1504963456209223e-06,5.264014914893678e-07,1.533935687803023e-06,3.082792773057008e-06,2.0542827314784518e-06,3.431267145970196e-07,2.4921034537328524e-06,5.682907236859024e-07,1.7365364328725263e-06,3.8076973396528047e-06,2.287359734509664e-06,2.175814870497561e-07,0.00111203428823495,0.00010121520827291591,0.0009707325370982,0.0012884931638836,0.0010733204544521,6.397900870069992e-05,0.00118918778607617,0.00010187412579550924,0.0010585042182356,0.0013574709882959,0.00116050359793005,7.136474596334999e-05,0.9999781310558319,5.606414915402334e-06,0.9999669194221495,0.9999839663505554,0.9999797344207764,3.129243850708008e-06,0.9999748408794403,6.4325232122153934e-06,0.999959409236908,0.999983012676239,0.9999774396419525,2.3543834686279297e-06,700.2,92.86850919445192,623,963,682.0,28.0,55.70700000000001,10.150089704037104,47.08,78.16,51.775,2.884999999999998,0.00013112677646856945,4.136072880308981e-05,7.600103926961311e-05,0.0002051384406513,0.0001231440794072,3.5134873360209415e-05,0.00010586464632066271,2.7872732597359777e-05,6.726319406880066e-05,0.0001548850559629,0.00010149060835826408,2.045422297663592e-05,0.00010200041433560665,3.0243597391537678e-05,5.985891039017588e-05,0.0001651900238357,0.00010420216858616075,1.652676291992157e-05
1,rnn,layers_3,lorenz_1000,0.001,,16,8,25,64,1475,0.0070071261376142,0.0014350868743801429,0.0043579749763011,0.00954111199826,0.0068726721219718,0.0010550937149673995,0.00802670218981798,0.0015166083820012746,0.0055322512052953,0.0107434345409274,0.00765370926819735,0.00113897142000495,0.05334625132381911,0.006634566576431684,0.0422545373439788,0.0657290518283844,0.05257377400994295,0.004873249679803848,0.058347719535231546,0.00776890035936234,0.0476309992372989,0.0731011778116226,0.058197457343339906,0.006659705191850697,0.9245886623859405,0.015497215554965535,0.8977887630462646,0.9532085061073304,0.9265030026435852,0.011598318815231323,0.911489725112915,0.017171638970039232,0.8823708295822144,0.938974380493164,0.9165169596672058,0.013657391071319636,981.9,156.2616075688459,736,1252,931.0,76.0,51.73499999999999,9.604163940708217,37.65,66.52,49.11,5.944999999999997,0.03042100896127518,0.0019883858755091006,0.0267388598062098,0.0337735652923584,0.030222344584763,0.0009323352947831001,0.03683702535927293,0.002359433210991029,0.0324794165790081,0.0400549583137035,0.0372803211212158,0.0017225723713636502,0.03583174012601371,0.0016972130178610136,0.0329091101884841,0.0380024351179599,0.03624724410474295,0.0014071799814700976
1,rnn,layers_3,lorenz_1000,0.001,,16,8,13,64,1475,0.00028250521281727997,4.684020837360314e-05,0.0002088794281007,0.0003433489473536,0.000284746318357,4.07665284001e-05,0.00031717426463725,5.149125115819085e-05,0.000242861235165,0.0004164375714026,0.0003119816537946,4.0389859350400026e-05,0.01205393439158793,0.0010948689389803164,0.0105628678575158,0.0141295911744236,0.0121981701813638,0.0009998660534619999,0.01291965749114746,0.0011028339590450982,0.0117640532553195,0.0156745798885822,0.012538410723209301,0.0005752658471464998,0.9970235705375672,0.00047074777522376586,0.996426522731781,0.9977656006813048,0.9969984889030457,0.00044229626655578613,0.9966513395309449,0.0005441740827159151,0.9955739974975586,0.9974150657653807,0.9967361688613892,0.0003966093063354492,672.6,89.0103364784113,558,850,659.5,45.0,35.428,7.093584143435531,27.96,53.93,34.32,2.4300000000000015,0.027023852542042693,0.004145056518365384,0.0187372566200792,0.0352165466174483,0.025874726148322202,0.0016978437080979493,0.0309021463617682,0.006477059408107409,0.0184453725814819,0.0425636619329452,0.03043296374380585,0.004006644710898401,0.02870665797963734,0.005573509300396233,0.0152477556839585,0.0366038642823696,0.0284678097814321,0.0028796605765819515
1,rnn,layers_3,lorenz_1000,0.001,,16,8,1,64,1475,2.261683016513416e-06,5.996009155802337e-07,1.4435120192501929e-06,3.275438530181418e-06,2.1719935148212244e-06,5.458310852191062e-07,2.3978323383744283e-06,6.342924202151869e-07,1.6064012697825092e-06,3.757477315957658e-06,2.3247470153364702e-06,4.1762518776522484e-07,0.00112586356699463,0.00014514813306288956,0.0009441273869015,0.0013877396704629,0.0010937856277450498,0.00010393947013654986,0.0011566053843125302,0.00015562566008469808,0.000994068570435,0.0014900988899171,0.00115010363515465,0.0001371901598759001,0.9999765515327453,6.4087162414735084e-06,0.9999650120735168,0.9999849200248718,0.9999774098396302,5.513429641723633e-06,0.9999751269817352,6.8208160577425515e-06,0.9999606609344482,0.9999834299087524,0.9999760985374451,4.6491622923694464e-06,748.1,77.54927465811657,643,904,735.5,49.0,39.89,4.587988666071442,34.8,49.58,39.739999999999995,3.999999999999993,0.0001282831646676373,3.59228036080655e-05,8.170898981916253e-05,0.0001861573116912,0.00013169349695085,3.669608631748158e-05,0.00010107032721859436,1.7515462648705957e-05,7.276712130988017e-05,0.0001286284968955,0.00010616705912975001,1.241177233167374e-05,9.280967424272366e-05,1.9006769100484475e-05,6.320827378658578e-05,0.0001280605065403,9.362530181533657e-05,1.2703760148724541e-05
1,rnn,layers_3,lorenz_1000,0.001,,16,4,25,64,1475,0.00870240922085935,0.0014254366073945142,0.006368116941303,0.0120991449803113,0.0086079868488013,0.0006183306686579999,0.00970018072985108,0.001293479334043077,0.0074717202223837,0.0125861875712871,0.009768521413207,0.0005297311581671004,0.05490467064082618,0.00625860162548055,0.0469207167625427,0.0698321163654327,0.0543417632579803,0.0041400752961635486,0.06098426282405848,0.006660815542817307,0.0521708019077777,0.0760801136493682,0.0605626311153173,0.003748286515474302,0.9053468525409698,0.014958894960552067,0.8702493906021118,0.9305654764175416,0.9057896435260773,0.005860090255737305,0.8927066564559937,0.014656337392548536,0.859946608543396,0.9174536466598512,0.8922243118286133,0.006453007459640503,1481.5,227.30695105957494,1054,2003,1478.0,86.0,59.927,10.274119962313074,51.71,82.86,55.01,2.849999999999998,0.0373047465132549,0.002698893334006977,0.0340982669964432,0.043156667239964,0.0367213278077542,0.001939292042516201,0.045840995758771846,0.0019418612132636888,0.0417527593672275,0.049170084297657,0.04597137495875355,0.0010837279260158504,0.041961964964866594,0.0016922356480291963,0.037949975579977,0.0436883494257926,0.0426556002348661,0.0010014101862906993
1,rnn,layers_3,lorenz_1000,0.001,,16,4,13,64,1475,0.00023085170396366,7.305748203470294e-05,0.0001354456326225,0.0004026381357107,0.00021470597130239999,4.1998115193549984e-05,0.00023242330280477002,8.273992301415291e-05,0.0001171489202533,0.0004255267849657,0.0002065983280772,2.8223701519899995e-05,0.010654809139668892,0.0017247887821701922,0.0081216786056756,0.014313455671072,0.01033185794949525,0.0009824670851231003,0.0107564927078783,0.00190499359216935,0.0078161815181374,0.0146538661792874,0.01031531114131205,0.0009411443024873499,0.9975527346134185,0.0007902167214357888,0.9956904053688048,0.998548686504364,0.9977134466171265,0.0004582703113555908,0.9975497007369996,0.0008827634751629595,0.995496153831482,0.9987837076187134,0.9978158473968506,0.0003020167350769043,1093.6,125.92712178081416,914,1306,1076.0,122.5,41.799,4.697649305769855,35.06,49.42,40.91,4.310000000000002,0.033708420163020454,0.006314078106403623,0.0188200027681887,0.0379020372405648,0.03676985939964645,0.0006960962899029005,0.03919547218829389,0.008735076941810247,0.0193405803292989,0.0454432591795921,0.043321151286363546,0.0017087552696465995,0.03549992926418778,0.006903871667110796,0.0189047791063785,0.0397358238697052,0.038840224966406794,0.00023608282208445117
1,rnn,layers_3,lorenz_1000,0.001,,16,4,1,64,1475,2.2810186237620655e-06,6.151598955614482e-07,1.2437888017302612e-06,3.293249164926237e-06,2.2715004206474987e-06,4.4301663137957803e-07,2.485228185378219e-06,6.954334837407486e-07,1.388588316331152e-06,3.8727935134375e-06,2.4195902597057284e-06,4.2850103909586323e-07,0.00112463063560421,0.00016496566685874058,0.0008407551795244,0.0013838252052664,0.00116816232912235,7.612805347890009e-05,0.00117497077444562,0.00016943277516960297,0.0009084880002774,0.0014940700493752,0.00118600117275485,6.478809518740004e-05,0.9999764919281006,6.352982810035586e-06,0.9999653100967408,0.9999870657920836,0.9999769032001495,5.1558017731268e-06,0.9999739110469819,7.449676935699815e-06,0.9999583959579468,0.9999852776527404,0.999974936246872,4.76837158203125e-06,765.4,127.57601655483684,644,1041,714.0,49.0,32.303999999999995,7.413017199494414,24.48,49.03,30.949999999999996,5.385000000000002,0.0001852667990533041,8.743697389244196e-05,8.962172178144101e-05,0.0004286731011234,0.00016884862234285,1.4370105054699992e-05,0.0001698195621428908,6.67460655810047e-05,7.754294347250834e-05,0.000343290681485,0.0001715544931357,2.881576074285001e-05,0.00016006240475684614,7.592714199947001e-05,7.316180563066155e-05,0.000371922069462,0.000151795320562,1.676437386779999e-05
1,rnn,layers_3,lorenz_1000,0.001,,8,16,25,64,419,0.00657392903231078,0.001968640995966645,0.0043961843475699,0.0108309900388121,0.0062011508271097495,0.0017080502584576494,0.007350388681515991,0.0017692670133055612,0.0048409951850771,0.010519073344767,0.00701537728309625,0.0013974639587104004,0.06009084023535247,0.007736876031938264,0.0489880666136741,0.0724915191531181,0.0607109665870666,0.007588975131511702,0.06493724063038821,0.007414246440171281,0.0526637285947799,0.0750482976436615,0.06569106504321096,0.0074492841958999495,0.9310799658298492,0.02072423250165858,0.886625349521637,0.9539243578910828,0.9370930194854736,0.014777123928070068,0.9203938841819763,0.019084079428783457,0.8853079676628113,0.946799635887146,0.9240927994251251,0.012440651655197088,1169.3,296.6907649388501,808,1866,1088.5,87.5,82.18499999999999,19.152439139702285,51.34,121.48,76.945,9.004999999999995,0.03676885767943324,0.004068068285950931,0.029844589324461,0.0410712326152457,0.0394024722692039,0.0011626367146769963,0.04255672432482238,0.005521565673106233,0.0315192565321922,0.0492780804634094,0.04495505988597865,0.002379892393946651,0.04153270646929734,0.003996998925564167,0.0326363891363143,0.0470474921166896,0.0426052436232566,0.001987950876355199
1,rnn,layers_3,lorenz_1000,0.001,,32,8,1,64,5507,2.0977435042368597e-06,6.66229548987339e-07,1.1574177278816933e-06,3.3820194857980823e-06,2.0077160343134896e-06,3.746104084711992e-07,2.393381294041319e-06,8.337947551766711e-07,1.1948245628445877e-06,4.138480107940268e-06,2.144949462490331e-06,3.8565264048884274e-07,0.00108752166270272,0.00016555012552911758,0.0008207744685932,0.0013832587283104,0.00107033102540295,7.828965317460007e-05,0.0011474774335510601,0.0001983934546121347,0.0008339111227542,0.0015023648738861,0.0010984187247231,9.679590584710002e-05,0.9999792873859406,6.810662080067994e-06,0.9999637007713318,0.9999878406524658,0.9999795258045197,4.410743713378906e-06,0.9999761044979095,8.023256784681157e-06,0.9999564290046692,0.999987244606018,0.9999773800373077,4.500150680486481e-06,493.0,45.19513248127502,442,610,475.0,19.5,29.934999999999995,4.652649245322498,24.89,39.2,29.025,3.3299999999999983,3.801291191848577e-05,1.029662911468548e-05,2.505067241145298e-05,6.14102838881081e-05,3.8516468612215243e-05,6.623653462156653e-06,3.223970161343459e-05,9.840088123347453e-06,2.270157528982964e-05,5.106777825858444e-05,2.932625648099929e-05,6.171165296109393e-06,3.092868428211659e-05,9.322177486482645e-06,2.057251003861893e-05,4.6762546844547614e-05,2.6959501155943144e-05,6.086823304940479e-06
1,rnn,layers_3,lorenz_1000,0.001,,32,4,1,64,5507,3.151696341774368e-06,6.391596586133599e-07,2.2636349967797287e-06,4.386084128782386e-06,2.900407707784325e-06,2.71274302576785e-07,3.2405609545094196e-06,5.157857399453573e-07,2.747550297499401e-06,4.420701316121267e-06,3.0550895644410048e-06,2.462883230691657e-07,0.0013591124094091,0.00012916405699837415,0.0012221608776599,0.0016037923051044,0.0013054692535661,4.1632680222400105e-05,0.00137748863780866,0.00010786608009128522,0.0012356572551652,0.001618766458705,0.0013404916389845,4.7587265726149936e-05,0.9999683856964111,7.369082079107705e-06,0.9999538064002992,0.99997878074646,0.9999694526195526,2.5629997252862857e-06,0.9999670028686524,6.250376213158315e-06,0.999952793121338,0.9999762773513794,0.9999683499336243,2.115964889415345e-06,507.5,29.54064995899718,468,568,506.0,19.5,22.087,3.4164163973380064,18.85,28.98,20.705,1.3149999999999995,5.9579129483608995e-05,1.5700775720008443e-05,2.628132515383186e-05,8.018552798603196e-05,5.7934721189667465e-05,1.2803981098841179e-05,4.7525619265798014e-05,1.5103007347981337e-05,2.4937406124081463e-05,6.802869029343128e-05,4.839479697693605e-05,1.4360812201630324e-05,4.691289195761783e-05,1.3937961469627373e-05,2.407859756203834e-05,6.80904122418724e-05,5.051250263932161e-05,9.143706847680733e-06
1,rnn,layers_3,lorenz_1000,0.001,,32,8,25,64,5507,0.005927856639027529,0.0006130297162521941,0.0046743745915591,0.0070576150901615,0.0059473274741321,0.00030680885538459995,0.00651463349349791,0.0005608276545335513,0.0056671891361474,0.0073761395178735,0.0064803042914717505,0.00055212597362695,0.04520888850092882,0.0020519705385670353,0.0429515838623046,0.0499124005436897,0.04451306164264675,0.0006855465471744503,0.04857906959950919,0.002272172586355979,0.0455165468156337,0.0540923625230789,0.04838799312710755,0.000831762328743952,0.9367351531982422,0.006906706647529431,0.9234818816184998,0.9510238766670228,0.9369994401931764,0.003029793500900213,0.9287595987319947,0.006759160325017504,0.9180121421813964,0.9395336508750916,0.9299109280109406,0.006159752607345581,644.1,72.75912313930124,556,792,622.5,38.0,35.88100000000001,4.543688919809542,30.56,45.44,34.6,2.085000000000001,0.02199614937882864,0.0017772997224851169,0.0185349239502102,0.0252721216529607,0.0223162075970321,0.0007859721314162002,0.02587309516966338,0.004065423826139307,0.0214074477553367,0.0335924625396728,0.024434519931673948,0.002226073294877999,0.024124890565872154,0.0032397920691983667,0.0205295756459236,0.0306293442845344,0.023721466772258247,0.002494746819138501
1,rnn,layers_3,lorenz_1000,0.001,,32,16,1,64,5507,2.3061665729073865e-06,5.624133930121693e-07,1.4470198266280931e-06,3.1402134936797665e-06,2.17534989133128e-06,5.35848698746122e-07,2.4459454721181826e-06,6.372884512475972e-07,1.564777903695358e-06,3.638157295426936e-06,2.309238084308163e-06,5.961433657830639e-07,0.00115865112165914,0.00014951910008083772,0.0008681314648129,0.0013498835032805,0.00114371516974635,0.00013206369476389992,0.00118353126454162,0.0001648652125486783,0.0009087011567316,0.001440368941985,0.00119218049803745,0.00013872818090020006,0.9999780595302582,5.533638851796371e-06,0.9999690055847168,0.9999847412109376,0.9999793171882629,5.006790161188324e-06,0.9999760806560516,6.440559750354572e-06,0.9999641180038452,0.999983549118042,0.9999781250953674,5.21540641784668e-06,487.2,47.0612367028322,446,618,475.5,13.5,43.672000000000004,6.637734251986894,38.31,59.35,40.985,1.5999999999999979,3.3271048587266704e-05,1.3390786892962445e-05,1.4654049755336018e-05,5.91246694966685e-05,3.106575309175241e-05,9.759269960341044e-06,2.812633210851345e-05,1.1645837758593533e-05,1.636440538277384e-05,4.975838601239957e-05,2.505366319383029e-05,7.052124601614196e-06,2.782450819722726e-05,1.2519430990848262e-05,1.3871533155906944e-05,5.262429112917744e-05,2.6450789846421685e-05,8.16851115814643e-06
1,rnn,layers_3,lorenz_1000,0.001,,32,16,13,64,5507,0.0003237151366192327,0.00025674710527520466,8.846461423672736e-05,0.0010134861804544,0.00023071417672319998,6.57761847833e-05,0.00037435887061288006,0.0003512709436604452,0.0001329486549366,0.0013430063845589,0.00023109635367284998,7.940473005875001e-05,0.01212094933725889,0.004279435399387306,0.0073120272718369,0.0228638909757137,0.01072355825453995,0.0014611058868467999,0.01279360521584742,0.004953783758734126,0.0084085762500762,0.0255543645471334,0.01103302417322985,0.0016630683094262999,0.9967065393924713,0.002523570488268288,0.9899570941925048,0.999083936214447,0.9976702928543091,0.0007364451885222834,0.9961993753910064,0.0033886397145588922,0.9869741797447203,0.9985924363136292,0.9975696504116058,0.0008980035781860352,612.7,102.48907258825206,415,771,642.0,42.0,56.129000000000005,10.8275910986701,35.95,78.27,55.815,3.0650000000000013,0.01648213041946286,0.0021499759879151713,0.0132830891758203,0.020444931089878,0.01623200243338935,0.0015580622944981002,0.01997687695547934,0.0045115649376518034,0.0143776088953018,0.0276046246290206,0.0192553754895925,0.003858286421746,0.01950184525921936,0.005900570043475446,0.0131518868729472,0.0335703454911708,0.017512270249426302,0.0032069608569145003
1,rnn,layers_3,lorenz_1000,0.001,,32,16,25,64,5507,0.0020089628756977096,0.0003644722803963377,0.0013844417408108,0.00244413735345,0.0019900830229744,0.0003894388210028,0.00246847637463357,0.00043058871917878524,0.0018626418896019,0.0031038178130984,0.0023770362604409,0.00045205175410954995,0.030947942845523307,0.0030962499476998064,0.0267041400074958,0.0357981361448764,0.03131160512566565,0.0026253815740346492,0.034467434883117626,0.003926848251054045,0.0286969766020774,0.0412727743387222,0.03401934355497355,0.003459440544247596,0.9794123768806458,0.00391537785678007,0.9741687774658204,0.9859784841537476,0.9791406989097595,0.003365814685821422,0.9733620047569275,0.004701142511251862,0.9669198393821716,0.9798203110694884,0.9745969176292419,0.004863590002059881,562.5,55.93791200965585,456,664,564.0,39.0,44.507000000000005,4.533018971943533,36.76,52.85,44.83,3.544999999999998,0.01524232198070316,0.001739008834298171,0.0124916595717271,0.018212790807916,0.0152304365506602,0.0013101473450660497,0.01666141096502538,0.0019251692400011618,0.0136112868785858,0.0203458350151777,0.016299076378345448,0.0013804505579173504,0.01541190929710859,0.0024221406109442584,0.0120678814128041,0.0196898337453603,0.0152307050302624,0.0008828197605908004
1,rnn,layers_3,lorenz_1000,0.001,,32,8,13,64,5507,0.00015286159323291262,3.760116292612504e-05,9.944441262632608e-05,0.0002415867784293,0.00014313284918895,6.090762326499999e-06,0.00018134874699166,4.521703716152929e-05,0.0001297607086598,0.0002882428816519,0.00017503423441665,2.9141170671200003e-05,0.00875523774884638,0.0009421510411841605,0.0070175402797758,0.010669132694602,0.0086590368300676,0.0004777824506163996,0.009574317652732079,0.0010374548117777817,0.0082131400704383,0.0119739081710577,0.009668692480772699,0.0005493080243468501,0.998401427268982,0.00040088094298376307,0.997431755065918,0.9989643096923828,0.9985010921955109,6.002187728887387e-05,0.9980860888957978,0.0004888656947332381,0.9969292283058168,0.998625636100769,0.9981831908226014,0.00033545494079589844,582.9,56.90246040374704,520,725,571.0,33.5,34.980000000000004,9.794883358162057,28.71,63.78,31.53,1.1799999999999997,0.01202390918740997,0.003530642453897626,0.0074438906274735,0.0167483064346015,0.01218730644322925,0.0038337474572472507,0.01155906217172736,0.00383632687175599,0.0058223684318363,0.0172756239771842,0.011266503483057001,0.0033432305790483995,0.01001331708393985,0.00396339892838924,0.0048243859782814,0.0166712682694196,0.0092132440768182,0.0030366552527994
1,rnn,layers_3,mackey_1000,0.001,,32,4,140,64,5377,0.03730306364595885,0.003437490738246157,0.0315909124910831,0.0420767776668071,0.037965016439557006,0.002558711916208295,0.042769470438361115,0.0003795381088043047,0.0420306958258152,0.0433464720845222,0.042855482548475196,0.0002543553709984034,0.1532058030366897,0.007648569358421998,0.1389555782079696,0.1627912372350692,0.15490838885307306,0.005814395844936385,0.1649840757250786,0.0016791188924339404,0.1622907072305679,0.1675455868244171,0.16505378484725952,0.0015486106276512007,0.5370509266853333,0.05833492697267175,0.4463742673397064,0.6231462359428406,0.5228723883628845,0.04947143793106082,0.6079906404018403,0.0035996355611779738,0.6025238633155823,0.6144425272941589,0.608037680387497,0.0027994513511657715,450.4,15.357083056361972,420,478,450.5,6.5,16.609,0.6066539375953968,15.88,17.86,16.46,0.3099999999999987,0.04571709830772504,0.005944490011952677,0.039097887734796,0.0560086261894967,0.0429791626649805,0.0016179464162431045,0.04924962967634198,0.0032043148489086645,0.0447094328701496,0.0547958277165889,0.04805900342762465,0.0017758812755346506,0.03715558387339111,0.002477382820591388,0.0340998731553554,0.0417380593717098,0.03645529039204115,0.0015410892665385992
1,rnn,layers_3,mackey_1000,0.001,,16,4,1,64,1409,1.1076654845965096e-05,1.376605269701693e-06,8.592974154453259e-06,1.3257617865747306e-05,1.1142649782414082e-05,1.0243415999866548e-06,1.3771766316494904e-05,1.2010783660341156e-06,1.1424958756833805e-05,1.5156464542087631e-05,1.4054577150091063e-05,9.157338354270905e-07,0.0025105560896917503,0.0001646154719773023,0.0021971776150166,0.0027215494774281,0.00252360349986695,0.00012842367868869998,0.00286250670906151,0.00014534348739340096,0.002552097197622,0.0030420743860304,0.0028955732705071,6.130326073619996e-05,0.9999042510986328,1.0497195319237876e-05,0.999889314174652,0.9999213218688964,0.9999047219753265,9.328126907348633e-06,0.9998954772949219,9.735728602938915e-06,0.9998837113380432,0.9999125599861144,0.9998930990695953,7.24196434015445e-06,718.3,60.37723080764801,620,824,727.0,55.5,28.279999999999994,2.511274576783669,24.77,32.41,28.9,2.244999999999999,0.00032790864584962,7.749824739752733e-05,0.0002379501936957,0.0004926583584165,0.0003177910904923,6.9601686846e-05,0.00033939925051521,5.720854959749405e-05,0.0002424475824227,0.0004225530428811,0.00034618363133625,4.3336985982000005e-05,0.00028126225806768,5.1893880895599045e-05,0.0002061866543954,0.0003831783542409,0.00028680075774895,4.523644747680001e-05
1,rnn,layers_3,mackey_1000,0.001,,16,4,70,64,1409,0.03348532579839227,0.0017406522240885087,0.0304733272641897,0.0356157012283802,0.0339830610901117,0.0014996025711297989,0.023545836843550157,0.00066612523322051,0.0219021588563919,0.0242499839514493,0.023806978017091703,0.00017293356359004627,0.14012986570596692,0.0029426159350005696,0.1347200274467468,0.1447938531637191,0.1409370824694633,0.001527830958366394,0.11923511549830432,0.0010720846053881145,0.1180146113038063,0.1209042221307754,0.11894113942980761,0.0007681176066398551,0.6548881709575654,0.028511649244952305,0.6258465051651001,0.7116221785545349,0.6471533179283142,0.018915683031082153,0.8080158114433289,0.005100254603856865,0.8013324737548828,0.819013774394989,0.806983232498169,0.0030494630336761475,518.0,58.228858824469505,447,656,503.5,37.5,18.645000000000003,2.454441891754621,15.43,23.28,18.225,1.7700000000000014,0.03163783535775208,0.0026339536239859867,0.0280593201104137,0.0360863639248742,0.0316745546749896,0.0025162735126085037,0.028504466824233483,0.0022360922622475837,0.0251933503895998,0.0309285912662744,0.029222924262285198,0.0016803462058305497,0.03593092299997802,0.002036113831881252,0.0335215963423252,0.0402202643454074,0.03511570580303665,0.0010195244103670016
1,rnn,layers_3,mackey_1000,0.001,,16,4,140,64,1409,0.03960336968302723,0.0025987824283460626,0.0352981425821781,0.04319803789258,0.039478633552789646,0.001975815743207956,0.04301136955618854,0.00034620804027833284,0.0424021854996681,0.0436727851629257,0.04302205890417095,0.00024733133614065,0.15799948722124096,0.007108851860909461,0.1432279050350189,0.1669926792383194,0.1586776822805404,0.003840401768684401,0.16619049459695814,0.0017199704032906916,0.1633802652359008,0.1690465062856674,0.16572814434766764,0.0010659694671630443,0.501717820763588,0.04027613582117293,0.4521509408950805,0.5721935033798218,0.4934381544589996,0.033317774534225464,0.6045015513896942,0.00396003866298232,0.5970590710639954,0.6113071441650391,0.6047129333019257,0.00273972749710083,482.9,24.390366950909122,445,515,481.5,27.0,16.653,0.9588852903241347,15.04,17.93,16.775,0.7599999999999989,0.0486343986789361,0.008054302193073086,0.0398780248231358,0.0685588336653179,0.0474837261717766,0.004725497128039997,0.05424469411373134,0.004862191260919033,0.045603048056364,0.0611223094165325,0.0546688102185726,0.0020164679735899006,0.04257644191384312,0.004507092051125931,0.0349034778773784,0.0478557981550693,0.043064778670668546,0.004599073901772506
1,rnn,layers_3,mackey_1000,0.001,,16,8,1,64,1409,4.907489960714884e-06,1.6085389394146436e-06,3.39902885571064e-06,9.380396477354225e-06,4.490676019486273e-06,6.34326397630502e-07,6.7137933910998985e-06,1.6343778256006284e-06,5.042907105234917e-06,1.0862598173844162e-05,6.144147391751176e-06,6.321390628727382e-07,0.0017516695312223903,0.000282142556014019,0.0014626641059294,0.0025200480595231,0.00168205576483155,0.00011203560279685011,0.00206079732161011,0.0002462616034992488,0.0018129837699234,0.0026586784515529,0.0019904691725969002,0.00010917463805530008,0.999959260225296,1.4116973503718325e-05,0.9999199509620668,0.9999712109565736,0.9999630153179169,4.202127456665039e-06,0.9999490678310394,1.2821241732176236e-05,0.9999164342880248,0.9999611377716064,0.9999543130397797,4.827976226806641e-06,875.3,86.18242280186836,752,1009,900.5,71.0,45.474000000000004,4.392498605577467,38.29,52.12,46.61,4.079999999999998,0.00031332715756428,0.00010312048219070707,0.0001247487154614,0.0004917353362543,0.0003010644897585,6.834093801445e-05,0.0003148321062326,0.00010013909828863461,0.0001160473475465,0.0004846880037803,0.0003278473013779,7.527382695119999e-05,0.00026668638311089,8.59011031784263e-05,0.0001016721216728,0.0004250810889061,0.00027646371745500004,6.720821693305005e-05
1,rnn,layers_3,mackey_1000,0.001,,16,8,140,64,1409,0.017855173908173972,0.0015662456894546119,0.0157223548740148,0.0209516640752553,0.017511318437755052,0.0010577738285065027,0.02533361017704005,0.00328047846676133,0.0205049347132444,0.0334545709192752,0.024608991108834702,0.001163395121693599,0.10862559452652927,0.006481342336361015,0.0993833243846893,0.1226400509476661,0.10780419781804079,0.0046221911907196045,0.1282120361924171,0.009236954813007053,0.1144190207123756,0.1506675481796264,0.12670363485813135,0.005370754748582847,0.8183546543121338,0.023226985311682918,0.775097668170929,0.8494264483451843,0.8227741718292236,0.015554279088973999,0.7871764719486236,0.03247770542728694,0.7062294483184814,0.8340597152709961,0.793116956949234,0.010089308023452759,886.7,130.92749902140497,722,1078,898.5,135.5,37.394,5.7095064585303685,30.41,45.94,36.695,5.0699999999999985,0.03906834772787986,0.002187413084769539,0.0362831242382526,0.0451042870990932,0.03864470426924525,0.000336750410497199,0.043519678339362114,0.0020720343621005223,0.0398497432470321,0.0473279878497123,0.0430255718529224,0.0014250408858061045,0.03476157560944551,0.0013727005844163024,0.0320316925644874,0.0371133796870708,0.03504872694611545,0.0007974263280630528
1,rnn,layers_3,mackey_1000,0.001,,16,16,1,64,1409,3.314167781809374e-06,2.0598829114511394e-06,1.8227702867079645e-06,9.235424840881024e-06,2.641859737195773e-06,6.541929451486795e-07,5.458891473608674e-06,2.818852978823936e-06,3.12138081426383e-06,1.342128962278366e-05,4.459726824279642e-06,7.599455784657039e-07,0.00140367342391977,0.0003997387216616245,0.0010699508711695,0.0025301498826593,0.0012857201509177,0.00012906157644465002,0.0017546602874062597,0.0004252178014379271,0.0013916966272518,0.0029378221370279,0.0016696323291398,0.00018806173466145006,0.9999704778194427,1.993145900338883e-05,0.9999130368232728,0.9999833703041076,0.9999787211418152,4.380941390991211e-06,0.9999599158763885,2.083871213170391e-05,0.99990051984787,0.9999761581420898,0.9999679923057556,6.437301635797699e-06,849.4,102.42773062017922,706,993,873.0,103.5,64.87899999999999,7.804440338679001,54.09,75.14,66.29,7.514999999999997,0.00030085618738662,0.00010534641471365128,0.0001409332689945,0.000437577618868,0.0002979916687763,9.763888301675e-05,0.00029296530410643,9.563865151344616e-05,0.0001402931666234,0.000417022005422,0.00029501124663505,8.422629616684997e-05,0.00025067601745826,8.942016668636924e-05,0.0001121312743634,0.0003571172710508,0.00025566931435600003,7.654802902835004e-05
1,rnn,layers_3,mackey_1000,0.001,,16,16,70,64,1409,0.0011636348732281,0.0007019400175217212,0.0003874167450703,0.0029256113339215,0.0008767866238485499,0.00022899307077749994,0.0010552178689976802,0.0004655058679600508,0.000400655757403,0.0020860019139945,0.0009626096871215499,0.00019460573093965005,0.02470222935080523,0.006934181437191245,0.0152616240084171,0.0397726967930793,0.02230136469006535,0.003067801706492899,0.0245311901904642,0.00542923421114803,0.0149069903418421,0.0358068533241748,0.0247428314760327,0.0029688132926821986,0.9896433115005493,0.0059938587722419764,0.9748353958129884,0.996351957321167,0.9918733239173889,0.002102285623550415,0.992530906200409,0.003742624019367718,0.9840080738067628,0.9972898960113524,0.9937471449375154,0.0014287829399108332,1470.8,344.3442463582047,913,2070,1534.0,224.0,101.739,23.35023830713511,63.43,141.46,106.78,13.625,0.02439876968661941,0.0023007687093505474,0.0213733603143029,0.0275207176390621,0.024294855176574648,0.002210543490946298,0.02251801360398526,0.0031396174544930273,0.0184105038642883,0.0262942034751176,0.023555824533104848,0.002439974807202802,0.03323758654296395,0.001947477543935086,0.0298131834715604,0.0361047238111496,0.03366417996585365,0.0013256520032883003
1,rnn,layers_3,mackey_1000,0.001,,16,16,140,64,1409,0.022262785769998978,0.0038098887528892665,0.0128362569957971,0.0267230384051799,0.022509094327688148,0.002178259193897249,0.01816819841042156,0.0021229891081754357,0.0144010270014405,0.0209347587078809,0.0176628595218062,0.00215378869324925,0.12210941463708876,0.013486590724096035,0.0900614932179451,0.1394974291324615,0.12458705157041544,0.00858986750245095,0.10956823751330372,0.007416857267267489,0.0977047458291053,0.1186008006334304,0.11003525182604784,0.0064474269747734556,0.7639509379863739,0.042918322652807615,0.710804283618927,0.8686970472335815,0.759784609079361,0.022846102714538574,0.8545927762985229,0.017781479994132512,0.8248431086540222,0.8825586438179016,0.8557552993297577,0.014387756586074829,517.5,62.85419635951127,436,660,515.5,35.5,32.576,3.745571251491552,26.17,40.4,31.735,1.6999999999999993,0.036711406102403976,0.0012871575189085018,0.0335001740604639,0.0383536992594599,0.036754731088876696,0.0004591142060235004,0.04039348363876338,0.0028814938065042394,0.032816469669342,0.043193157762289,0.04102236591279505,0.0017059072852134462,0.02838010061532255,0.0014427895292394273,0.0262928009033203,0.0307953432202339,0.028645901940762948,0.0013210056349634985
1,rnn,layers_3,mackey_1000,0.001,,32,4,70,64,5377,0.03334861509501928,0.003031737136653007,0.027407020330429,0.0378139913082122,0.03285039775073525,0.0023304484784602997,0.02231597825884814,0.0009143557692444745,0.0205199159681797,0.0232003387063741,0.02257172204554075,0.0005533453077077987,0.13786825388669965,0.006892016346475728,0.1252790689468383,0.1495898514986038,0.137067899107933,0.005171060562133803,0.1147694773972034,0.003034114026429828,0.1082017868757247,0.1180837601423263,0.11546832323074341,0.0016055628657341003,0.666728800535202,0.03791371771944703,0.6125538945198059,0.7161039113998413,0.6674919724464417,0.035419464111328125,0.8170576989650726,0.008634284185563475,0.8086613416671753,0.8353005647659302,0.8132391273975372,0.0033829212188720703,444.7,19.509228585466932,421,475,443.5,18.5,17.187999999999995,2.1979708824276996,15.55,23.54,16.65,0.4299999999999997,0.03036957803285779,0.001629930224226154,0.0280463068435589,0.0331349772297673,0.02977605722844595,0.0009906498922242005,0.02817546576261517,0.0019305011220606101,0.0245684590190649,0.0312384404242038,0.02861209027469155,0.0008732033893465996,0.03415183238685125,0.0017743774078829932,0.0314019434154033,0.0367459990084171,0.03463055752217765,0.001007238402962702
1,rnn,layers_3,mackey_1000,0.001,,16,8,70,64,1409,0.00608467133715745,0.006204965679664946,0.0025214802008122,0.024051483720541,0.00392987451050425,0.0012803858844562999,0.00617168901953843,0.004156480986372539,0.0032104889396578,0.0182719714939594,0.0048966438043862,0.0007434259168804,0.05541336871683593,0.02371830459356161,0.0380282998085022,0.1216995567083358,0.048534460365772206,0.009493391960859309,0.05938460640609261,0.016838338229152018,0.043195080012083,0.1072859466075897,0.05578062310814855,0.004673339426517455,0.9439306557178497,0.05880798915681188,0.7729324102401733,0.9772749543190002,0.9644409418106078,0.011268615722656417,0.9519286334514618,0.03449906019893832,0.8511240482330322,0.9757054448127748,0.9625323712825774,0.005418419837951605,1966.1,660.4493091827713,686,3291,1852.0,295.5,101.26599999999999,35.55823623297421,31.33,156.03,93.965,19.854999999999997,0.029386158949798957,0.0012824726820878987,0.0269518124146593,0.031454027733869,0.0292374102605713,0.0008690126447214001,0.026910126768052517,0.0022252355198392254,0.0245889741927385,0.0318441092967987,0.0259855911135673,0.0012136464938521507,0.03433711975812905,0.0009464536701524616,0.0331023372709751,0.036501720547676,0.0342291556298732,0.00039135664701464914
1,rnn,layers_3,mackey_1000,0.001,,32,8,1,64,5377,4.2348177885287445e-06,7.43074909231644e-07,3.273980837548152e-06,5.40103201274178e-06,4.152363317189156e-06,6.912106300660525e-07,5.559250075748423e-06,8.105799134822925e-07,4.495444045460317e-06,7.690468009968754e-06,5.449296168080764e-06,2.816823325701989e-07,0.0016240635886787698,0.0001451501929334445,0.0014260926982387,0.0018558151787146,0.00162049400387325,0.00011698907474060006,0.0018589113838970099,0.0001407160863917063,0.0016604773700237,0.0021973424591124,0.0018363072886131,6.427516927944997e-05,0.9999659061431885,3.99671255444518e-06,0.9999571442604064,0.9999722838401794,0.9999655187129974,2.7716159821111752e-06,0.9999586403369903,5.8375104510539004e-06,0.9999444484710692,0.9999679327011108,0.999958872795105,2.0563602448064877e-06,690.4,64.38664457789363,586,802,675.5,45.0,40.146,3.7016812396531384,35.2,47.79,39.114999999999995,2.7950000000000053,0.00019714492369526005,6.485410883411582e-05,8.420411577390042e-05,0.0002787328514386,0.00019639954516604999,4.984211373080001e-05,0.00022713190337522257,0.00010823148883373967,6.850738282082602e-05,0.0004439688927959,0.00020641686569425002,7.176068174880002e-05,0.00020660256996048783,0.00010329389034653367,6.234437751118094e-05,0.0004137582145631,0.0001842116762418,7.231454219435122e-05
1,rnn,layers_3,mackey_1000,0.001,,32,16,1,64,5377,2.6833928473024573e-06,1.1556217461208584e-06,1.0944389714495628e-06,5.45197690371424e-06,2.6853808776650112e-06,5.481235803017626e-07,3.8086946688054015e-06,1.276655589060442e-06,1.8954901861434337e-06,6.475225291069364e-06,3.948413905163761e-06,7.200585514510749e-07,0.00129033621051344,0.0002814471633192056,0.0008025454590097,0.0018736191559582,0.00130620627896855,0.00015346106374635002,0.00151601362740616,0.0002808796570428686,0.0010161119280382,0.0020237497519701,0.00157266884343695,0.0001510143629275501,0.9999788403511047,8.284959861300608e-06,0.9999581575393676,0.9999896287918092,0.9999798834323883,2.8014183044988705e-06,0.9999717891216278,9.43513663188029e-06,0.9999518990516664,0.9999857544898988,0.9999710321426392,4.976987838745117e-06,684.3,63.40828021638815,565,784,689.0,50.5,61.487,7.089382272102417,49.3,74.15,61.425,2.7950000000000017,0.00017155360788815674,5.296775818552293e-05,8.052748617046746e-05,0.0002528827666537,0.00016270017549679998,3.4491715632599985e-05,0.00018141889740943038,7.786348613266236e-05,8.10985075077042e-05,0.000368886947399,0.00015400671691165,4.1474246245349994e-05,0.00015641542777298693,7.404237570828799e-05,5.567423067986965e-05,0.0003424443711992,0.000136462120281,3.41582854162e-05
1,rnn,layers_3,mackey_1000,0.001,,32,8,140,64,5377,0.016499122697859938,0.002153113005256837,0.0135340243577957,0.0207266472280025,0.0161599721759557,0.0013951677829027002,0.02326502036303277,0.000841119423126307,0.0221275221556425,0.0250961743295192,0.0229669278487563,0.0004785461351275496,0.10304930657148356,0.00740835263138862,0.0917604714632034,0.1153168454766273,0.1034263744950294,0.006473630666732802,0.12266410887241361,0.004026264533160768,0.1174904331564903,0.130334734916687,0.12170928344130515,0.0017989277839660506,0.8334553122520447,0.026156950044766064,0.7779156565666199,0.8677841424942017,0.8393904864788055,0.01761186122894287,0.8066558480262757,0.008653514904633806,0.7880074381828308,0.8166184425354004,0.8107188045978546,0.005035221576690674,635.2,65.80851008798179,560,794,622.5,44.0,29.279000000000003,2.928683834079738,26.03,35.87,28.259999999999998,1.5549999999999997,0.03548204291146244,0.0019314578902721953,0.0330009376630187,0.038761684205383,0.035457660560496096,0.0017746686935424943,0.04329990930855269,0.004618075669129641,0.039311658591032,0.0550278052687644,0.041986484080553,0.002234809100627899,0.03130042739212507,0.0031355815549273056,0.0273232161998748,0.0356509760022163,0.0322749037295579,0.002925943583250098
1,rnn,layers_3,mackey_1000,0.001,,32,16,70,64,5377,0.00074301082058804,0.00032593982795801955,0.0004343477485235,0.0016511066351085,0.00065995749901045,0.0001047144178301,0.00077557158656414,0.00020016376512873446,0.0005723617505282,0.0011909648310393,0.00072403674130325,0.00012708152644339997,0.02039820104837413,0.0034934305447300047,0.0157220475375652,0.0293775182217359,0.0204859599471092,0.0011186841875314504,0.021522996015846667,0.002560044302768966,0.0182785857468843,0.0266353022307157,0.02135304082185025,0.0018160259351134526,0.9933769583702088,0.0026532616847006686,0.9862333536148072,0.9962487816810608,0.9938160479068756,0.0009946823120118298,0.9944816887378692,0.001469213883032624,0.9917088150978088,0.996074914932251,0.9947079420089722,0.0009002387523650568,980.8,124.29867255928359,767,1167,988.5,107.0,87.414,24.884330491295117,63.94,152.85,82.285,11.365000000000002,0.020223842550896886,0.005822329324442405,0.0090636287091506,0.0272474552815159,0.02233591230793125,0.0029157918050057505,0.01826046127825971,0.004277161429306378,0.0110290730372071,0.0255575813353061,0.0183549784123897,0.0038782516494393505,0.02751503596082324,0.008847414291018804,0.0111754462122917,0.0377936922013759,0.029517279937863298,0.006318839266896251
1,rnn,layers_3,mackey_1000,0.001,,8,4,1,64,385,9.75130642473232e-06,2.345552780697535e-06,7.376409939752193e-06,1.4254530469770543e-05,9.071982276509516e-06,1.4595709671993981e-06,1.2185586820123718e-05,2.27555590462279e-06,9.504801710136236e-06,1.7045578715624288e-05,1.1256550806137966e-05,1.4923839444236356e-06,0.0023346328875049503,0.0002945461709240193,0.0019883210770785,0.0028467564843595,0.0022906233789399,0.00022521580103784995,0.00265666414052243,0.00023776192005229755,0.0023120564874261,0.0031392376404255,0.00261942786164575,0.00012336985673755017,0.9999184548854828,1.9008003457773298e-05,0.9998745918273926,0.9999426007270812,0.9999226927757263,1.1563301086481292e-05,0.999907499551773,1.7459856852097867e-05,0.9998696446418762,0.9999268054962158,0.9999153017997742,1.0758638381958008e-05,940.3,111.09369919126827,805,1136,910.5,79.5,36.145,5.680599000105534,30.72,49.16,33.88,2.705,0.0003689634430338,5.0500942786656565e-05,0.0002915745877544,0.0004755551635753,0.00035149293835270003,3.05312751152e-05,0.00041949601145455995,5.4396575033975405e-05,0.000291110103717,0.0004974856274202,0.0004312061355449,3.539369208740002e-05,0.00030640504555771997,3.535137095248655e-05,0.0002522584691178,0.0003603631048463,0.0003035497211385,3.0080496799199987e-05
1,rnn,layers_3,mackey_1000,0.001,,8,4,70,64,385,0.033700642734765966,0.001381641357464286,0.0314360819756984,0.0364856980741024,0.03394459560513495,0.00047992356121534865,0.02437859624624248,0.001988833600032335,0.0217344034463167,0.02992744743824,0.02408159058541055,0.00024256296455860138,0.14007997065782546,0.0032299652804108144,0.1359504461288452,0.1472063213586807,0.1403216049075126,0.0016069412231445451,0.12142642512917516,0.00541462332588209,0.1160084158182144,0.1369028389453888,0.12051923200488085,0.001201048493385301,0.6369990468025207,0.01967730549744339,0.592941403388977,0.6745631694793701,0.6340572834014893,0.002153933048248291,0.8019816100597381,0.019102229168751112,0.747449517250061,0.8241831064224243,0.8061801493167877,0.0029687881469726562,672.5,126.75744554068609,429,903,656.5,78.5,22.597,4.216183226568788,14.16,29.84,21.975,3.135,0.03592024646285502,0.001425950458648823,0.0329969906144671,0.03811635201176,0.0357600424645675,0.0007203071274691011,0.031304206512868346,0.0013430858277284402,0.0288609191775321,0.0335930809378623,0.0311002172529697,0.00055950507521625,0.03934986442327495,0.0018424978736597114,0.0352317243814468,0.0419840402901172,0.039249854162335354,0.0014836136251687934
1,rnn,layers_3,mackey_1000,0.001,,8,4,140,64,385,0.038935286179184875,0.0013625633847049246,0.0373485498130321,0.0410335399210453,0.0386458281427621,0.0012560989707708012,0.043141183629631964,0.000364048476992867,0.0424067787826061,0.0435293316841125,0.04323116876184935,0.00020803138613700173,0.15864579230546946,0.0034799346125065915,0.1548172086477279,0.1651533544063568,0.157350480556488,0.0016021579504013062,0.1674186408519745,0.0011084673721169739,0.1659363955259323,0.1694083958864212,0.16745689511299128,0.0008928626775741716,0.5036455124616623,0.01675609420586888,0.4812273383140564,0.525804877281189,0.5037104487419128,0.01713195443153384,0.6050260961055756,0.003312433491259822,0.5987542867660522,0.612049400806427,0.6047745645046234,0.0014757812023162842,572.0,79.10752176626443,475,703,550.0,56.0,19.746,3.0868793303269886,15.57,24.49,19.310000000000002,2.7650000000000032,0.05291744951425946,0.006938018090625469,0.0418001607694249,0.0643173770772086,0.05220481853444245,0.0029887169819428523,0.06210953854024406,0.005703712594905368,0.0490655675530433,0.0669456273317337,0.06365042924880975,0.0022950768470764507,0.04928248114883895,0.004088137412017296,0.0402966849505901,0.0528707951307296,0.05089205689728255,0.0012523084878921509
1,rnn,layers_3,mackey_1000,0.001,,8,8,1,64,385,5.082798702460423e-06,1.2685165209308795e-06,3.096612090303097e-06,7.733433449175209e-06,5.2790837798966095e-06,4.6413447307713795e-07,7.041004482744029e-06,1.5737346341380493e-06,4.274836555850925e-06,9.368453902425244e-06,6.915713356647757e-06,1.0726691925810883e-06,0.0017801268259062901,0.00025438318336950833,0.0013747478369623,0.0023051665630191,0.00180527823977165,9.977561421694995e-05,0.00209454731084401,0.00023189270999024065,0.0017007004935294,0.0025410342495888,0.00209229672327635,0.00010488345287739992,0.9999590933322906,1.0209461403504613e-05,0.9999389052391052,0.9999750256538392,0.999955952167511,6.407499313298981e-06,0.9999471604824066,1.1559313954400687e-05,0.9999281167984008,0.999967098236084,0.9999474883079529,6.198883056696136e-06,1166.8,100.65167658812246,1020,1321,1140.0,74.0,57.512,6.010909748116336,49.38,67.25,55.415000000000006,3.175000000000008,0.0005202699700020701,0.0001297356748790494,0.0003853421017993,0.0008397797500947,0.00048012227052815,6.23298925348e-05,0.00056635084911245,0.00016907667294472844,0.0003659880312625,0.0009737273794598,0.00050884281517935,7.345250924120002e-05,0.0004300585365853701,0.00011934819168937349,0.0002932446368504,0.0007175371283665,0.0004096121701877,5.306779348755001e-05
1,rnn,layers_3,mackey_1000,0.001,,8,8,70,64,385,0.01856147181242699,0.008263396897135825,0.0058826943859457,0.0343218557536602,0.017489482648670653,0.007079940289258896,0.01510893157683309,0.004814937133871272,0.0069721196778118,0.0226468294858932,0.0167362969368696,0.003111627418547899,0.10327812768518921,0.02384514309013994,0.0620481334626674,0.1424671411514282,0.1020810864865779,0.019717540591955247,0.09599324241280552,0.017268021943130825,0.066174030303955,0.1194290071725845,0.10178733244538304,0.011258736252784701,0.8155838310718536,0.09025142396098515,0.6262327432632446,0.9455794095993042,0.8289007246494293,0.06913325190544128,0.8818751633167267,0.03986123569318068,0.8208503127098083,0.9490559697151184,0.8693384230136871,0.02764230966567993,1432.0,732.1049105148796,579,2518,1086.5,475.0,67.64500000000001,38.0283121502914,25.95,132.74,48.175,20.869999999999997,0.03110418338328596,0.001670714825065681,0.0295868209666676,0.0351236071437597,0.030808488217492852,0.0011502358441551532,0.02808340862393375,0.001572811413558599,0.0259842202067375,0.0315708070993423,0.027574628591537448,0.0008645579218864493,0.03634590283036227,0.0018750713671351732,0.0343900360167026,0.0414459481835365,0.03586300089955325,0.0007366128265857488
1,rnn,layers_3,mackey_1000,0.001,,8,8,140,64,385,0.02186525259166952,0.003738557387584179,0.0156947765499353,0.0289686545729637,0.02216989081352945,0.0022136252373457007,0.027336564846336796,0.006153694369711194,0.0213118232786655,0.0382421128451824,0.0237916270270943,0.0016884831711649513,0.11833344548940654,0.009903778627339209,0.1016990467905998,0.1323812901973724,0.12101847678422925,0.006297387182712499,0.13322284445166582,0.014140629261789744,0.1194609925150871,0.1584688127040863,0.1258124485611915,0.0054757073521614005,0.7675417304039002,0.0513381622965009,0.6642546653747559,0.8392406702041626,0.76955246925354,0.03330543637275696,0.7691456079483032,0.0580827590798973,0.668449342250824,0.8279209136962891,0.8010153770446777,0.01912391185760498,1316.5,381.04100829175854,688,1765,1486.5,180.0,53.509,13.884098422295917,26.75,69.71,58.504999999999995,7.954999999999998,0.04614586092066014,0.00842152143133449,0.0384346605278551,0.0584859121590852,0.040776080917566945,0.0020139107946306432,0.05019423514604564,0.010061090706409094,0.0415404327213764,0.0653807744383812,0.04368356801569455,0.00198920816183085,0.04205045253038401,0.00767560717111153,0.0337811075150966,0.0532467477023601,0.03782894834876055,0.003540460020303747
1,rnn,layers_3,mackey_1000,0.001,,8,16,1,64,385,3.570796172880364e-06,1.9462613232140248e-06,1.3449097195916693e-06,8.207294740714133e-06,3.161838776577497e-06,1.2562893516587794e-06,5.463886111556349e-06,2.7423408042985636e-06,1.832568727877515e-06,1.1658517905743793e-05,4.850708364756429e-06,1.7153931821667356e-06,0.00146399721270423,0.0004023299820316535,0.0008897787192836,0.0023204020690172,0.00144536909647285,0.00030950194923210004,0.0017574321012943598,0.00045095392227846397,0.0010363992769271,0.0026669327635318,0.0017370659043081,0.0002933117793873,0.9999693989753723,1.7265361709439095e-05,0.999925136566162,0.9999879002571106,0.9999743103981018,1.0401010513305664e-05,0.9999587416648865,2.084354570846318e-05,0.9999110102653505,0.9999858736991882,0.9999635517597198,1.227855682378598e-05,1155.0,143.40083681764204,989,1437,1124.0,65.0,87.239,21.46015491556387,71.35,146.87,79.695,4.57,0.00050572397522041,0.00013262686717563325,0.0003296831157058,0.000772321462864,0.0004943092062603,0.00010570914746495003,0.00056864262442099,0.00017443547244030792,0.0003663618699647,0.0008692053961567,0.0005479486717376,0.00012998445890845,0.0004222375224343901,0.00012272933571120257,0.0002243044436909,0.0006406735628843,0.0003827861219178,0.00010733975796029999
1,rnn,layers_3,mackey_1000,0.001,,8,16,70,64,385,0.0061668016482144105,0.0054170352263791756,0.001526063773781,0.0201124567538499,0.00374030892271545,0.0014534231740981,0.00490417144028465,0.0034839705556473856,0.0010842172196134,0.013565270230174,0.0035365938674658,0.0014483188278972998,0.053857916966080624,0.021408872066972104,0.0266518779098987,0.1010237634181976,0.0455534607172012,0.008570229634642601,0.05212346967309708,0.017868912721212247,0.0238377507776021,0.0889420732855796,0.04835253953933715,0.0108256824314595,0.9430852055549621,0.053522727371458245,0.8022429943084717,0.9869354963302612,0.9675946235656738,0.011721611022949163,0.9628983616828919,0.028107580231909488,0.8927899599075317,0.9923200011253356,0.9748520255088806,0.012189745903015026,1800.7,481.08337115306745,1002,2571,1999.0,376.5,125.54400000000003,42.04159064545488,66.23,211.49,134.31,36.61,0.02623493503779168,0.0011699286860886375,0.02429192347659,0.0279864608827564,0.026483282239900652,0.0007316472215784988,0.025013106502592513,0.00207230233371846,0.0207958370447158,0.0288474857807159,0.025171389803290298,0.0011826306581497522,0.035064046829938834,0.001693235504365335,0.0332434251904487,0.0395758338272571,0.0346023384481668,0.0007682833820581506
1,rnn,layers_3,mackey_1000,0.001,,8,16,140,64,385,0.02669171523302789,0.003150788466020881,0.0191806219518184,0.0307620149105787,0.02714821137487885,0.0020329700782895,0.01899894904345269,0.002275498790491295,0.0161400102078914,0.0232282280921936,0.0182940931990742,0.0012121358886361486,0.13497126474976534,0.011022591210330595,0.1099721118807792,0.1498035937547683,0.13361254334449763,0.0031853094696998735,0.1125737868249416,0.006840116908468998,0.1034610420465469,0.1248829215764999,0.1104354821145534,0.003072001039981842,0.7130623459815979,0.03885381282381629,0.6640822887420654,0.8088314533233643,0.712614119052887,0.01800847053527832,0.8484419167041779,0.021704876647720785,0.8044310808181763,0.8721814751625061,0.8535565733909607,0.00971609354019165,720.0,142.96223277495355,526,942,746.0,119.5,44.467,11.603595175634144,31.39,69.25,44.019999999999996,9.29,0.04349399381317194,0.009733775526821866,0.0359096794854849,0.059050700161606,0.037473884876817395,0.0008303285576403488,0.04786169640719885,0.009765308920470804,0.039967019110918,0.0639058277010917,0.041860407218337004,0.0015841145068407024,0.036340142227709246,0.01118245778016407,0.0278418958187103,0.0540351122617721,0.029600960202515098,0.0013159643858671466
1,rnn,layers_3,mackey_1000,0.001,,32,16,140,64,5377,0.019824865460395764,0.0036690111667839254,0.0145744364708662,0.0244286321103572,0.0209147129207849,0.0028544943779706504,0.01962875295430418,0.0014706082049565242,0.0165105797350406,0.0223054327070713,0.0195293193683028,0.0006934897974133509,0.11129185631871222,0.012630911248474885,0.0937067419290542,0.1297344863414764,0.1124855875968933,0.011522598564624759,0.11252265572547908,0.005524681090277986,0.1044360250234603,0.1246048659086227,0.11133643239736554,0.003294035792350797,0.7916817784309387,0.04227305248030019,0.7316632270812988,0.852785050868988,0.7828828990459442,0.033252865076065063,0.8398244440555572,0.013506723917592414,0.8168423175811768,0.8714691400527954,0.837964653968811,0.00471341609954834,452.1,33.84804277945772,404,529,443.5,15.5,31.892999999999994,2.382893409282086,29.28,37.49,31.265,1.3050000000000015,0.02881950840819622,0.005551024233621892,0.0201129091437906,0.0355409672483801,0.0310257331002503,0.00400718220043925,0.02934318836778398,0.006490279318329214,0.0206763297319412,0.040387462824583,0.02971944957971565,0.0064927218481897996,0.02839736714959139,0.0028345508380035927,0.0239533502608537,0.0327088236808776,0.02856343984603875,0.0026882793754339496
1,rnn,layers_3,mackey_1000,0.001,,32,8,70,64,5377,0.0021366061875596,0.0003594667605419241,0.0017036899225786,0.0028703554999083,0.0020976171363144497,0.00026201660512014996,0.00298858741298314,0.00036843726028330044,0.0024839034304022,0.0037454969715327,0.0029056655475869497,8.429843001064993e-05,0.03481950163841243,0.0025026832663061923,0.0310228392481803,0.039827387779951,0.035071201622486045,0.0014368891716003487,0.042466768994927365,0.0029677774058411437,0.037682544440031,0.0479763485491275,0.0421198476105928,0.0015399102121591464,0.980718469619751,0.0031281112979700994,0.9743633270263672,0.9840723276138306,0.9807778000831604,0.0024692118167877197,0.9775512933731079,0.002589196039107271,0.9727805852890016,0.981188416481018,0.9780713319778442,0.0007537603378295898,1846.3,210.68035029399394,1623,2265,1743.5,111.5,94.205,9.42544773472327,83.41,114.36,90.225,5.859999999999999,0.02793784816231986,0.0018890998507306383,0.0240838049600521,0.0318188656949334,0.0280792984283632,0.0010547825238771003,0.02497900072485204,0.001628946800798922,0.0222633462399244,0.0269472617655992,0.0253058979287743,0.0013469653204083495,0.03427689373493191,0.0024685611765263384,0.0290978774428367,0.0392917357385158,0.03429987654089925,0.0007284674793481515
1,rnn,layers_3,mackey_1000,0.001,,32,4,1,64,5377,9.89988902801997e-06,8.192205874039417e-07,8.967921530711465e-06,1.1399803952372167e-05,9.721300102683017e-06,4.542280294117526e-07,1.1498400272103027e-05,8.490171776059511e-07,1.0384655979578383e-05,1.3225585462350864e-05,1.1262873613304691e-05,5.195315679884516e-07,0.00238920738920564,0.00011441331828137308,0.0022768217604607,0.002604546258226,0.00235019857063885,6.549991667274997e-05,0.00262143253348764,0.00011420140382591826,0.0025213670451194,0.0028825900517404,0.0025719864061102002,4.515703767540022e-05,0.9999158263206482,5.114467534924651e-06,0.999907374382019,0.999923050403595,0.999916672706604,3.933906555175781e-06,0.9999125123023986,6.744380787450624e-06,0.99989914894104,0.9999231100082396,0.9999143779277802,3.7848949431817935e-06,617.8,44.27369422128675,560,699,613.5,41.0,26.332,2.757258783647266,22.73,32.72,25.634999999999998,1.8450000000000006,0.00029246412581409,9.526023699514221e-05,0.0001709551623207,0.0005282724683638,0.0002691184956347,4.0671278839e-05,0.0003165622343658,0.00010368422108468252,0.0001696007238933,0.0004923671367578,0.00029925230774095,7.080157229214998e-05,0.00027850688929897,9.328384423593577e-05,0.0001522742386441,0.0004483546072151,0.00025589710276099995,5.2295683417449964e-05
